update,seconds,decisions,episodes,collect_s,update_s,decisions_per_s,policy_rows,acted_rows,entropy_coef,cut_episodes,tiebreak_unresolved,t_engine,t_encode,t_policy,t_other,t_transfer,t_compute,loss,policy_loss,value_loss,entropy
1,13.9,10897,376,6.725,7.154,785,10897,14535,0.02,0,0,0.0476,0.2351,6.3545,0.0882,0.13088,7.02269,0.08969,-0.00607,0.34262,3.77789
2,14.8,21796,864,0.775,0.121,12163,10899,14548,0.01999673,0,0,0.0626,0.3805,0.2201,0.1117,0.0107,0.11018,0.08637,-0.00704,0.33201,3.63035
3,15.3,32675,1359,0.442,0.124,19235,10879,14554,0.01999346,0,0,0.0641,0.1122,0.2302,0.0354,0.0116,0.11175,0.08886,-0.00583,0.33449,3.62896
4,15.9,43524,1858,0.461,0.12,18660,10849,14503,0.0199902,0,0,0.0651,0.1097,0.221,0.0651,0.01084,0.10927,0.08065,-0.00791,0.3223,3.63117
5,16.5,54377,2377,0.45,0.122,18963,10853,14556,0.01998694,0,0,0.0658,0.1073,0.2271,0.05,0.01135,0.11035,0.07347,-0.00934,0.30899,3.58665
6,17.2,65154,2913,0.541,0.127,16118,10777,14499,0.01998369,0,0,0.0673,0.159,0.2331,0.0818,0.01199,0.11509,0.07436,-0.00808,0.3052,3.51085
7,17.8,75961,3451,0.477,0.122,18044,10807,14520,0.01998045,0,0,0.0691,0.1267,0.2443,0.0372,0.012,0.10939,0.09023,-0.00709,0.33223,3.44287
8,18.3,86725,3993,0.418,0.122,19927,10764,14483,0.01997721,0,0,0.0628,0.1002,0.2192,0.0362,0.0107,0.11084,0.08268,-0.007,0.31582,3.41527
9,18.8,97434,4560,0.392,0.125,20703,10709,14458,0.01997398,0,0,0.0595,0.0956,0.2062,0.0306,0.01101,0.11407,0.07636,-0.00754,0.30455,3.42318
10,19.4,108168,5125,0.446,0.12,18956,10734,14445,0.01997077,0,0,0.0631,0.1164,0.2258,0.0405,0.01176,0.10835,0.09072,-0.00486,0.32456,3.33974
11,19.9,118922,5692,0.421,0.124,19719,10754,14510,0.01996755,0,0,0.0614,0.1036,0.2248,0.0311,0.01122,0.11295,0.09769,-0.00472,0.33671,3.30254
12,20.5,129638,6266,0.41,0.12,20214,10716,14414,0.01996432,0,0,0.0602,0.0964,0.2099,0.0431,0.01075,0.10938,0.0849,-0.00652,0.31305,3.26101
13,21.0,140342,6856,0.404,0.121,20388,10704,14431,0.01996111,0,0,0.0593,0.1018,0.2065,0.0365,0.01087,0.10973,0.08828,-0.00533,0.31621,3.23068
14,21.5,151064,7448,0.412,0.121,20107,10722,14444,0.0199579,0,0,0.0601,0.097,0.2208,0.0345,0.01108,0.10949,0.08942,-0.0051,0.31624,3.18676
15,22.1,161735,8029,0.445,0.121,18874,10671,14423,0.01995468,0,0,0.0662,0.1095,0.2302,0.0386,0.0109,0.10965,0.08682,-0.0052,0.30852,3.11913
16,22.6,172466,8632,0.426,0.121,19599,10731,14504,0.01995148,0,0,0.0631,0.1041,0.2281,0.031,0.01151,0.10943,0.08795,-0.00473,0.30922,3.10409
17,23.2,183179,9248,0.419,0.125,19718,10713,14467,0.01994826,0,0,0.0608,0.1059,0.2178,0.034,0.01164,0.11272,0.08558,-0.00539,0.3043,3.06688
18,23.7,193838,9845,0.408,0.121,20171,10659,14423,0.01994505,0,0,0.0613,0.0969,0.2202,0.0294,0.01122,0.10907,0.09631,-0.00602,0.32713,3.06976
19,24.3,204565,10453,0.442,0.122,19030,10727,14487,0.01994185,0,0,0.0618,0.0984,0.217,0.0645,0.01145,0.11018,0.0982,-0.00385,0.32543,3.04224
20,24.8,215262,11059,0.414,0.121,20013,10697,14443,0.01993863,0,0,0.063,0.1077,0.2155,0.0277,0.01173,0.10857,0.10056,-0.0034,0.32775,3.00513
21,25.3,225927,11678,0.416,0.12,19894,10665,14442,0.01993542,0,0,0.062,0.1039,0.2192,0.0311,0.01078,0.10872,0.08576,-0.00392,0.29835,2.9847
22,25.9,236602,12319,0.457,0.122,18432,10675,14446,0.01993222,0,0,0.0665,0.1169,0.2352,0.0385,0.01318,0.10855,0.08285,-0.00478,0.29418,2.98277
23,26.5,247296,12963,0.505,0.119,17144,10694,14455,0.01992902,0,0,0.0645,0.125,0.2378,0.0776,0.0115,0.10709,0.09606,-0.0042,0.31972,2.99035
24,27.1,257934,13603,0.446,0.12,18807,10638,14418,0.01992581,0,0,0.0661,0.115,0.2326,0.0322,0.01185,0.10759,0.09265,-0.00532,0.31398,2.96236
25,27.7,268601,14228,0.455,0.119,18575,10667,14432,0.01992262,0,0,0.0649,0.1185,0.2346,0.0371,0.01143,0.10737,0.09279,-0.00495,0.31426,2.98082
26,28.3,279273,14888,0.461,0.12,18355,10672,14453,0.01991942,0,0,0.0676,0.1175,0.2408,0.0351,0.01202,0.10803,0.09565,-0.00552,0.32045,2.96459
27,28.8,289915,15519,0.447,0.121,18731,10642,14408,0.01991622,0,0,0.061,0.1042,0.2282,0.0539,0.01139,0.10864,0.0914,-0.00543,0.31008,2.9229
28,29.5,300581,16162,0.58,0.129,15044,10666,14440,0.01991303,0,0,0.0795,0.1569,0.2727,0.0713,0.01326,0.11466,0.09742,-0.00428,0.31851,2.89048
29,30.2,311245,16812,0.502,0.118,17201,10664,14438,0.01990983,0,0,0.0642,0.1598,0.2313,0.047,0.01059,0.10669,0.11429,-0.00525,0.35453,2.8995
30,30.8,321878,17466,0.473,0.12,17934,10633,14405,0.01990663,0,0,0.064,0.1061,0.2284,0.0743,0.01176,0.10802,0.10705,-0.00409,0.33769,2.8991
31,31.4,332529,18134,0.513,0.119,16857,10651,14455,0.01990344,0,0,0.0691,0.164,0.2372,0.0425,0.0121,0.10657,0.09789,-0.0047,0.32008,2.88632
32,32.0,343204,18787,0.437,0.121,19116,10675,14452,0.01990024,0,0,0.0646,0.1093,0.2278,0.0354,0.0118,0.10928,0.09912,-0.00511,0.32258,2.86739
33,32.5,353810,19449,0.432,0.123,19085,10606,14401,0.01989704,0,0,0.0621,0.1063,0.2276,0.0362,0.01203,0.11114,0.09434,-0.00543,0.31399,2.87591
34,33.1,364471,20125,0.459,0.124,18294,10661,14461,0.01989386,0,0,0.0666,0.1117,0.2367,0.0437,0.01161,0.11207,0.09528,-0.00533,0.31533,2.86777
35,33.7,375101,20807,0.47,0.125,17870,10630,14422,0.01989066,0,0,0.0704,0.1166,0.2452,0.0381,0.01138,0.11278,0.09623,-0.00571,0.3165,2.8307
36,34.2,385713,21482,0.425,0.124,19338,10612,14402,0.01988747,0,0,0.0642,0.1074,0.2211,0.0321,0.0117,0.11188,0.10576,-0.0056,0.33454,2.81133
37,34.8,396358,22162,0.427,0.124,19323,10645,14441,0.01988429,0,0,0.0629,0.102,0.2253,0.0368,0.01129,0.11209,0.09764,-0.0042,0.31572,2.81723
38,35.4,406946,22849,0.454,0.122,18392,10588,14409,0.01988109,0,0,0.0649,0.1127,0.2343,0.0417,0.01159,0.11029,0.10549,-0.00606,0.33452,2.80213
39,36.0,417601,23532,0.556,0.123,15704,10655,14449,0.01987792,0,0,0.0663,0.1098,0.3275,0.0522,0.01176,0.11041,0.08481,-0.00575,0.29145,2.7752
40,36.6,428263,24218,0.451,0.124,18561,10662,14472,0.01987472,0,0,0.0643,0.1074,0.2296,0.0495,0.0109,0.11235,0.10483,-0.00529,0.33047,2.77315
41,37.2,438852,24903,0.444,0.123,18680,10589,14408,0.01987152,0,0,0.0658,0.1101,0.2266,0.0414,0.01176,0.11091,0.09591,-0.00499,0.31124,2.75361
42,37.8,449497,25600,0.464,0.121,18224,10645,14447,0.01986834,0,0,0.0691,0.1137,0.2305,0.0503,0.01059,0.1097,0.10282,-0.00465,0.32375,2.73814
43,38.4,460095,26290,0.468,0.124,17897,10598,14407,0.01986515,0,0,0.0676,0.113,0.2359,0.0515,0.01176,0.11207,0.09275,-0.00514,0.30353,2.71174
44,38.9,470709,26989,0.437,0.123,18959,10614,14428,0.01986197,0,0,0.0669,0.1131,0.2243,0.0322,0.01198,0.11094,0.09494,-0.0063,0.30953,2.69489
45,39.5,481311,27698,0.49,0.124,17275,10602,14436,0.01985879,0,0,0.0686,0.1248,0.2358,0.0606,0.01157,0.11196,0.09559,-0.00494,0.30797,2.69165
46,40.1,491865,28409,0.434,0.121,19025,10554,14382,0.01985561,0,0,0.0643,0.1027,0.2277,0.0388,0.01101,0.10982,0.09313,-0.0046,0.30134,2.66637
47,40.6,502456,29102,0.429,0.123,19190,10591,14420,0.01985244,0,0,0.0644,0.1085,0.2223,0.0338,0.01104,0.11144,0.10444,-0.00499,0.32448,2.6601
48,41.2,513100,29805,0.426,0.124,19336,10644,14461,0.01984926,0,0,0.0642,0.1048,0.2227,0.0348,0.01113,0.11233,0.1098,-0.0044,0.33279,2.62934
49,41.8,523695,30518,0.512,0.127,16583,10595,14408,0.01984607,0,0,0.0702,0.1187,0.2425,0.0802,0.01232,0.11455,0.09692,-0.00481,0.3079,2.63129
50,42.4,534292,31230,0.495,0.122,17149,10597,14404,0.01984289,0,0,0.0706,0.122,0.2379,0.0649,0.01091,0.1111,0.10024,-0.00587,0.31559,2.60465
51,43.0,544922,31938,0.465,0.121,18151,10630,14467,0.01983971,0,0,0.0652,0.1113,0.2224,0.0658,0.01122,0.10943,0.11318,-0.00473,0.33876,2.59391
52,43.8,555530,32669,0.484,0.123,17485,10608,14443,0.01983652,0,0,0.065,0.1233,0.231,0.0647,0.01181,0.11062,0.11139,-0.0047,0.33497,2.59079
53,44.4,566127,33375,0.442,0.122,18793,10597,14407,0.01983334,0,0,0.0652,0.1152,0.2223,0.0392,0.01111,0.11047,0.10678,-0.00471,0.32477,2.56577
54,45.0,576739,34106,0.441,0.122,18854,10612,14441,0.01983016,0,0,0.0644,0.1159,0.2223,0.0386,0.01159,0.10969,0.1037,-0.00378,0.31702,2.57321
55,45.6,587376,34817,0.491,0.124,17305,10637,14446,0.01982698,0,0,0.072,0.1309,0.2393,0.0486,0.01186,0.11178,0.1005,-0.00549,0.31423,2.57836
56,46.3,597994,35539,0.559,0.122,15577,10618,14415,0.01982379,0,0,0.0735,0.1444,0.2468,0.0947,0.01104,0.11083,0.10311,-0.0048,0.31719,2.55707
57,46.9,608568,36242,0.484,0.124,17383,10574,14377,0.0198206,0,0,0.0706,0.1293,0.2406,0.0436,0.01235,0.11158,0.10829,-0.00451,0.32574,2.52667
58,47.5,619155,36955,0.48,0.122,17568,10587,14433,0.01981743,0,0,0.0707,0.1254,0.2468,0.0373,0.01116,0.11086,0.10404,-0.00463,0.31725,2.52097
59,48.1,629798,37656,0.489,0.128,17229,10643,14451,0.01981425,0,0,0.0677,0.1261,0.2423,0.0534,0.0116,0.11583,0.10376,-0.00521,0.31777,2.51915
60,48.8,640386,38379,0.585,0.128,14861,10588,14409,0.01981106,0,0,0.0718,0.1508,0.2532,0.1091,0.01227,0.11499,0.10121,-0.00532,0.31372,2.54095
61,49.4,650977,39095,0.495,0.122,17155,10591,14397,0.01980788,0,0,0.0681,0.1294,0.2335,0.0643,0.01104,0.11065,0.10556,-0.00372,0.31838,2.51965
62,50.0,661604,39814,0.465,0.121,18124,10627,14431,0.01980471,0,0,0.0677,0.1244,0.2327,0.04,0.0114,0.10976,0.104,-0.00508,0.31722,2.50079
63,50.6,672155,40537,0.462,0.123,18040,10551,14383,0.01980152,0,0,0.0642,0.1235,0.2342,0.0401,0.01143,0.11109,0.10846,-0.00473,0.32441,2.475
64,51.2,682755,41258,0.518,0.122,16577,10600,14416,0.01979835,0,0,0.0694,0.1285,0.2349,0.085,0.01089,0.11047,0.11055,-0.00556,0.32934,2.45267
65,51.8,693321,41986,0.447,0.121,18595,10566,14400,0.01979517,0,0,0.0677,0.1134,0.2315,0.0346,0.01122,0.10945,0.10786,-0.00425,0.32138,2.45367
66,52.4,703948,42714,0.455,0.122,18421,10627,14462,0.019792,0,0,0.0668,0.1151,0.2299,0.043,0.01061,0.11115,0.10978,-0.00484,0.32607,2.44589
67,53.0,714578,43439,0.477,0.123,17734,10630,14462,0.01978882,0,0,0.0685,0.123,0.2453,0.0401,0.01147,0.11065,0.10512,-0.00447,0.31569,2.43869
68,53.6,725134,44173,0.507,0.122,16772,10556,14399,0.01978563,0,0,0.0705,0.1342,0.2307,0.0721,0.01151,0.11007,0.09544,-0.00475,0.29743,2.45255
69,54.2,735730,44888,0.439,0.121,18919,10596,14428,0.01978246,0,0,0.0645,0.1135,0.2255,0.0357,0.01147,0.10904,0.09795,-0.00534,0.30355,2.45118
70,54.7,746292,45609,0.442,0.124,18653,10562,14405,0.01977928,0,0,0.0637,0.1157,0.2295,0.0328,0.01153,0.11259,0.10043,-0.00482,0.30736,2.44888
71,55.3,756885,46330,0.448,0.121,18621,10593,14428,0.01977611,0,0,0.0666,0.1208,0.2247,0.0355,0.01105,0.10991,0.10016,-0.00515,0.30842,2.47247
72,55.9,767511,47045,0.515,0.126,16578,10626,14434,0.01977293,0,0,0.0707,0.1294,0.249,0.0658,0.01119,0.11451,0.10836,-0.00531,0.32477,2.46335
73,56.6,778135,47778,0.498,0.122,17146,10624,14467,0.01976975,0,0,0.0768,0.1363,0.2384,0.0462,0.01119,0.11041,0.09471,-0.00483,0.29722,2.48166
74,57.2,788658,48513,0.478,0.125,17454,10523,14376,0.01976656,0,0,0.0725,0.127,0.2356,0.0427,0.01227,0.11256,0.10105,-0.00527,0.31041,2.473
75,57.8,799225,49234,0.473,0.123,17722,10567,14406,0.0197634,0,0,0.0677,0.133,0.2345,0.0375,0.01181,0.11115,0.10402,-0.00404,0.31377,2.47012
76,58.4,809809,49962,0.518,0.125,16455,10584,14412,0.01976023,0,0,0.072,0.1358,0.2483,0.0619,0.01179,0.11301,0.09581,-0.00528,0.29947,2.46189
77,59.1,820365,50684,0.543,0.12,15924,10556,14378,0.01975706,0,0,0.0816,0.1574,0.2601,0.0435,0.01115,0.10886,0.10923,-0.00439,0.32467,2.4654
78,59.7,830944,51419,0.488,0.122,17358,10579,14385,0.01975389,0,0,0.0751,0.138,0.2363,0.0382,0.01211,0.1094,0.10153,-0.0048,0.30943,2.44931
79,60.3,841488,52151,0.478,0.122,17575,10544,14400,0.01975072,0,0,0.0698,0.1244,0.238,0.0461,0.01195,0.10909,0.10303,-0.00402,0.31113,2.45665
80,60.9,852062,52870,0.497,0.119,17175,10574,14380,0.01974755,0,0,0.0686,0.128,0.2322,0.068,0.01101,0.10746,0.10371,-0.00617,0.3162,2.44174
81,61.5,862670,53582,0.495,0.121,17229,10608,14432,0.01974438,0,0,0.0661,0.1225,0.2325,0.0741,0.01149,0.10852,0.10191,-0.00441,0.30799,2.41482
82,62.1,873251,54295,0.471,0.12,17918,10581,14422,0.0197412,0,0,0.0715,0.1265,0.2338,0.039,0.01126,0.1082,0.08883,-0.00626,0.28673,2.44575
83,62.7,883857,55018,0.498,0.12,17179,10606,14452,0.01973802,0,0,0.0714,0.1295,0.2444,0.0525,0.01111,0.10823,0.09387,-0.00668,0.29699,2.42916
84,63.4,894447,55725,0.531,0.122,16223,10590,14429,0.01973484,0,0,0.0715,0.1372,0.2458,0.0766,0.01076,0.1105,0.09743,-0.00645,0.3035,2.42565
85,64.0,905013,56434,0.52,0.122,16449,10566,14378,0.01973167,0,0,0.0724,0.1327,0.2459,0.0692,0.01204,0.1094,0.09845,-0.00512,0.30336,2.4384
86,64.7,915640,57155,0.564,0.12,15527,10627,14437,0.0197285,0,0,0.0742,0.1656,0.2618,0.0624,0.01098,0.10909,0.10575,-0.00493,0.31714,2.42744
87,65.4,926233,57843,0.528,0.126,16189,10593,14420,0.01972531,0,0,0.0692,0.1421,0.2364,0.0806,0.01128,0.11438,0.10358,-0.00507,0.31436,2.46046
88,66.0,936824,58555,0.49,0.126,17214,10591,14407,0.01972213,0,0,0.0698,0.1306,0.2329,0.0563,0.01251,0.1127,0.09364,-0.00609,0.29715,2.47693
89,66.6,947373,59283,0.478,0.122,17571,10549,14388,0.01971895,0,0,0.0652,0.1207,0.2267,0.0658,0.01135,0.11034,0.09444,-0.00535,0.29687,2.46702
90,67.1,958004,59982,0.434,0.122,19105,10631,14439,0.01971579,0,0,0.0649,0.1129,0.2225,0.0337,0.01097,0.11112,0.09956,-0.00504,0.30596,2.45414
91,67.7,968640,60695,0.435,0.122,19102,10636,14467,0.0197126,0,0,0.0647,0.1104,0.2288,0.0311,0.0114,0.11006,0.10576,-0.0052,0.31813,2.44015
92,68.3,979180,61426,0.503,0.125,16779,10540,14383,0.01970941,0,0,0.0666,0.1208,0.2229,0.0926,0.01091,0.11394,0.10812,-0.00662,0.3278,2.49466
93,68.9,989770,62136,0.44,0.122,18819,10590,14406,0.01970625,0,0,0.0642,0.1134,0.2229,0.0398,0.01106,0.11105,0.08865,-0.00502,0.28514,2.48155
94,69.5,1000356,62839,0.44,0.122,18812,10586,14395,0.01970307,0,0,0.0656,0.1151,0.2226,0.0369,0.0108,0.11138,0.10348,-0.00522,0.31571,2.49446
95,70.0,1010998,63547,0.447,0.129,18476,10642,14466,0.01969989,0,0,0.0666,0.115,0.2254,0.04,0.01054,0.11801,0.10634,-0.00555,0.32139,2.47726
96,70.7,1021587,64259,0.506,0.122,16863,10589,14417,0.0196967,0,0,0.0676,0.1336,0.2322,0.0723,0.01112,0.11076,0.09819,-0.00656,0.30716,2.47884
97,71.2,1032214,64990,0.453,0.123,18461,10627,14473,0.01969352,0,0,0.0634,0.1117,0.2244,0.0532,0.01103,0.11148,0.1011,-0.00597,0.31132,2.46748
98,71.8,1042810,65690,0.444,0.123,18673,10596,14428,0.01969034,0,0,0.0654,0.1154,0.2207,0.0429,0.01016,0.11261,0.08999,-0.00711,0.29066,2.44928
99,72.4,1053429,66408,0.47,0.129,17749,10619,14443,0.01968716,0,0,0.072,0.1264,0.2341,0.0372,0.01193,0.11631,0.09023,-0.00652,0.28846,2.41141
100,73.0,1064019,67125,0.505,0.125,16802,10590,14408,0.01968397,0,0,0.0689,0.125,0.2323,0.0792,0.01117,0.11325,0.08107,-0.00645,0.2716,2.45292
101,73.6,1074607,67833,0.442,0.122,18774,10588,14402,0.01968079,0,0,0.0667,0.1151,0.2226,0.0372,0.01136,0.11067,0.10363,-0.00809,0.3202,2.45848
102,74.2,1085235,68551,0.479,0.123,17665,10628,14448,0.01967762,0,0,0.0711,0.1343,0.2387,0.0349,0.0114,0.11084,0.09294,-0.00717,0.29627,2.44044
103,74.8,1095834,69263,0.485,0.12,17528,10599,14437,0.01967443,0,0,0.0697,0.1243,0.2303,0.0602,0.01079,0.10895,0.10222,-0.00649,0.31375,2.44776
104,75.4,1106410,69963,0.471,0.12,17893,10576,14394,0.01967125,0,0,0.067,0.1255,0.2383,0.0403,0.01065,0.109,0.10114,-0.00649,0.31272,2.47734
105,76.0,1117028,70673,0.476,0.121,17787,10618,14424,0.01966808,0,0,0.0691,0.1452,0.2239,0.0375,0.01107,0.10992,0.09611,-0.00691,0.30356,2.47952
106,76.6,1127674,71388,0.452,0.126,18430,10646,14483,0.01966489,0,0,0.0665,0.1189,0.2254,0.0413,0.01126,0.11397,0.09249,-0.00666,0.29471,2.45121
107,77.2,1138245,72103,0.489,0.126,17181,10571,14408,0.0196617,0,0,0.0707,0.1172,0.2207,0.0807,0.01103,0.1147,0.10934,-0.00671,0.32771,2.43145
108,77.9,1148859,72817,0.531,0.123,16248,10614,14463,0.01965853,0,0,0.0775,0.152,0.252,0.0491,0.01186,0.11042,0.09345,-0.00621,0.29603,2.45958
109,78.5,1159477,73514,0.507,0.122,16889,10618,14441,0.01965534,0,0,0.0756,0.1486,0.2433,0.0391,0.01132,0.11035,0.09345,-0.00637,0.29441,2.41063
110,79.1,1170100,74225,0.458,0.126,18187,10623,14433,0.01965216,0,0,0.0684,0.1166,0.2298,0.0431,0.01224,0.11353,0.10003,-0.00553,0.30754,2.45311
111,79.7,1180712,74940,0.485,0.12,17538,10612,14450,0.01964897,0,0,0.0681,0.1243,0.2293,0.0634,0.01003,0.10963,0.09282,-0.00771,0.29774,2.45992
112,80.3,1191347,75634,0.461,0.124,18164,10635,14458,0.01964579,0,0,0.0668,0.1204,0.2221,0.0519,0.01177,0.11206,0.09362,-0.00803,0.29854,2.42372
113,80.9,1201959,76353,0.5,0.122,17047,10612,14448,0.0196426,0,0,0.0749,0.1424,0.2375,0.0453,0.01117,0.11091,0.09731,-0.00749,0.30415,2.40683
114,81.5,1212562,77065,0.515,0.123,16611,10603,14425,0.01963941,0,0,0.075,0.1454,0.2496,0.0454,0.01187,0.11072,0.09755,-0.00725,0.30275,2.37168
115,82.3,1223166,77781,0.63,0.124,14053,10604,14439,0.01963623,0,0,0.0875,0.1651,0.27,0.1079,0.01223,0.11121,0.09528,-0.00636,0.29674,2.3794
116,83.0,1233795,78508,0.63,0.126,14063,10629,14441,0.01963305,0,0,0.0911,0.1757,0.2537,0.1092,0.01217,0.11356,0.10005,-0.00746,0.30846,2.37965
117,83.8,1244391,79217,0.628,0.127,14035,10596,14448,0.01962986,0,0,0.0795,0.171,0.2549,0.1221,0.01274,0.11425,0.0836,-0.00772,0.27617,2.3822
118,84.5,1255037,79933,0.599,0.123,14750,10646,14485,0.01962668,0,0,0.0877,0.1766,0.2714,0.0629,0.01217,0.11043,0.09443,-0.00828,0.29938,2.39408
119,85.2,1265646,80642,0.569,0.123,15341,10609,14458,0.01962349,0,0,0.079,0.1593,0.2589,0.0715,0.01205,0.11032,0.09461,-0.00737,0.29842,2.40675
120,85.8,1276294,81341,0.518,0.126,16532,10648,14457,0.01962031,0,0,0.0745,0.1482,0.2405,0.0553,0.01268,0.11248,0.09559,-0.00741,0.30068,2.41266
121,86.7,1286903,82052,0.732,0.127,12345,10609,14442,0.01961711,0,0,0.0976,0.2011,0.3098,0.1234,0.01338,0.1137,0.09625,-0.00772,0.30197,2.39658
122,87.4,1297527,82763,0.572,0.122,15313,10624,14428,0.01961393,0,0,0.0794,0.1572,0.2558,0.0791,0.01199,0.10983,0.09228,-0.00738,0.29332,2.39624
123,88.1,1308117,83465,0.539,0.124,15962,10590,14434,0.01961074,0,0,0.0786,0.1429,0.2496,0.0681,0.01108,0.11277,0.09256,-0.00748,0.29318,2.37353
124,88.7,1318773,84155,0.482,0.122,17650,10656,14490,0.01960756,0,0,0.0685,0.1267,0.2274,0.0593,0.01179,0.10972,0.10264,-0.00697,0.31134,2.34909
125,89.3,1329374,84860,0.512,0.123,16676,10601,14434,0.01960437,0,0,0.0707,0.1311,0.235,0.0755,0.01209,0.11078,0.0986,-0.00626,0.301,2.32807
126,89.9,1339969,85561,0.491,0.119,17370,10595,14431,0.01960119,0,0,0.0712,0.134,0.2483,0.0375,0.01145,0.10719,0.08953,-0.00889,0.28832,2.33366
127,90.5,1350585,86249,0.494,0.118,17341,10616,14433,0.01959801,0,0,0.0732,0.1403,0.2395,0.0409,0.01097,0.10679,0.09064,-0.00738,0.28699,2.32021
128,91.2,1361166,86974,0.527,0.12,16353,10581,14424,0.01959482,0,0,0.0777,0.1498,0.2498,0.0496,0.01105,0.10835,0.09851,-0.00646,0.30171,2.34176
129,91.9,1371747,87667,0.56,0.118,15619,10581,14418,0.01959165,0,0,0.0715,0.1545,0.2442,0.0894,0.011,0.10647,0.08705,-0.00741,0.28023,2.33048
130,92.4,1382347,88374,0.466,0.118,18159,10600,14425,0.01958848,0,0,0.0662,0.1257,0.2316,0.0424,0.01079,0.10682,0.09418,-0.00815,0.29506,2.30738
131,93.0,1393017,89075,0.47,0.119,18095,10670,14457,0.0195853,0,0,0.0682,0.1256,0.2377,0.039,0.01113,0.10772,0.09135,-0.00886,0.29065,2.3034
132,93.7,1403621,89784,0.547,0.117,15968,10604,14441,0.01958209,0,0,0.0727,0.1387,0.245,0.0904,0.01069,0.10633,0.09113,-0.00708,0.28701,2.31316
133,94.3,1414251,90488,0.495,0.12,17297,10630,14444,0.01957891,0,0,0.0722,0.1391,0.2449,0.0387,0.0119,0.10728,0.09545,-0.00543,0.29145,2.29008
134,95.0,1424902,91207,0.523,0.131,16280,10651,14498,0.01957572,0,0,0.0745,0.1485,0.2419,0.058,0.01447,0.11643,0.09677,-0.00584,0.29583,2.31422
135,95.7,1435536,91921,0.635,0.124,14018,10634,14449,0.01957253,0,0,0.0995,0.2162,0.2709,0.0483,0.01313,0.11025,0.09687,-0.00789,0.299,2.286
136,96.4,1446137,92631,0.602,0.118,14726,10601,14423,0.01956934,0,0,0.0853,0.1714,0.2659,0.0796,0.01072,0.10665,0.10169,-0.00704,0.30729,2.29524
137,97.1,1456773,93352,0.521,0.12,16599,10636,14460,0.01956616,0,0,0.0712,0.1578,0.25,0.0416,0.01138,0.1084,0.09697,-0.00589,0.29563,2.29744
138,97.7,1467425,94053,0.493,0.119,17402,10652,14485,0.01956297,0,0,0.0712,0.1357,0.2424,0.0436,0.01213,0.1068,0.0942,-0.00582,0.29032,2.30757
139,98.3,1478039,94741,0.49,0.123,17301,10614,14436,0.01955977,0,0,0.0708,0.1338,0.2503,0.0354,0.01079,0.11208,0.09181,-0.00745,0.28972,2.3314
140,99.0,1488652,95461,0.543,0.125,15864,10613,14440,0.01955659,0,0,0.0775,0.1486,0.2523,0.0651,0.0122,0.11288,0.09647,-0.00938,0.3029,2.33148
141,99.7,1499309,96159,0.611,0.124,14504,10657,14486,0.0195534,0,0,0.0871,0.1827,0.3049,0.0363,0.01024,0.11317,0.0933,-0.00822,0.29498,2.35111
142,100.3,1509956,96844,0.47,0.125,17900,10647,14486,0.01955021,0,0,0.0682,0.1265,0.2366,0.0383,0.01276,0.11208,0.09682,-0.00784,0.30152,2.35779
143,100.9,1520533,97560,0.49,0.124,17229,10577,14413,0.01954701,0,0,0.073,0.1305,0.2493,0.0372,0.01071,0.11299,0.09788,-0.00802,0.30364,2.34931
144,101.5,1531141,98257,0.505,0.122,16913,10608,14417,0.01954384,0,0,0.073,0.1307,0.2366,0.0648,0.01118,0.11055,0.08618,-0.00821,0.28016,2.33806
145,102.1,1541738,98967,0.473,0.124,17770,10597,14417,0.01954066,0,0,0.0719,0.1253,0.2322,0.0431,0.013,0.11031,0.0891,-0.00738,0.28349,2.31636
146,103.0,1552361,99666,0.683,0.124,13162,10623,14444,0.01953748,0,0,0.076,0.1523,0.2519,0.2027,0.01147,0.11188,0.09668,-0.00622,0.29576,2.30235
147,103.7,1562985,100363,0.623,0.125,14206,10624,14465,0.01953429,0,0,0.0739,0.1584,0.2394,0.1513,0.01167,0.1128,0.10963,-0.00463,0.31887,2.31289
148,104.3,1573621,101077,0.475,0.122,17829,10636,14473,0.0195311,0,0,0.0653,0.12,0.2199,0.0695,0.01152,0.11006,0.10073,-0.00768,0.30802,2.33455
149,104.8,1584243,101773,0.423,0.122,19511,10622,14446,0.01952791,0,0,0.0622,0.1084,0.2164,0.0357,0.01195,0.10939,0.09128,-0.00713,0.2889,2.35757
150,105.4,1594876,102470,0.474,0.123,17837,10633,14461,0.01952473,0,0,0.0673,0.137,0.225,0.0442,0.01129,0.11096,0.10212,-0.00587,0.30721,2.33605
151,106.0,1605447,103171,0.456,0.125,18221,10571,14413,0.01952154,0,0,0.0632,0.1103,0.2213,0.0607,0.01176,0.11246,0.08925,-0.00793,0.28572,2.33967
152,106.7,1616037,103866,0.533,0.128,16024,10590,14404,0.01951837,0,0,0.0715,0.1689,0.2469,0.0452,0.01248,0.11546,0.09965,-0.00672,0.30317,2.31688
153,107.3,1626665,104576,0.5,0.124,17020,10628,14451,0.01951519,0,0,0.0742,0.145,0.2403,0.0409,0.01129,0.11252,0.10377,-0.00672,0.31051,2.29366
154,108.0,1637288,105262,0.553,0.126,15666,10623,14447,0.019512,0,0,0.0781,0.1458,0.2492,0.0794,0.01212,0.11298,0.09034,-0.00886,0.28739,2.28024
155,108.7,1647892,105977,0.568,0.128,15233,10604,14418,0.01950881,0,0,0.0834,0.1632,0.2612,0.0606,0.01188,0.11555,0.0883,-0.00839,0.28296,2.29591
156,109.4,1658466,106667,0.575,0.128,15029,10574,14414,0.01950563,0,0,0.0829,0.1623,0.255,0.0752,0.01226,0.11551,0.09288,-0.00683,0.28946,2.30805
157,110.0,1669088,107351,0.49,0.127,17195,10622,14438,0.01950246,0,0,0.0746,0.1311,0.2387,0.046,0.01241,0.11449,0.09285,-0.00861,0.2911,2.26099
158,110.7,1679744,108047,0.549,0.126,15776,10656,14480,0.01949927,0,0,0.0679,0.1642,0.2484,0.0688,0.01204,0.11368,0.09479,-0.00845,0.29346,2.23041
159,111.3,1690355,108748,0.494,0.128,17058,10611,14449,0.01949608,0,0,0.0719,0.1359,0.2438,0.0423,0.01244,0.11528,0.09355,-0.00682,0.29014,2.29252
160,111.9,1700974,109466,0.481,0.129,17413,10619,14443,0.01949289,0,0,0.0696,0.133,0.241,0.0374,0.01175,0.11682,0.09589,-0.00583,0.29183,2.26681
161,112.6,1711615,110165,0.486,0.128,17330,10641,14463,0.01948971,0,0,0.0699,0.1272,0.2439,0.0446,0.01414,0.11384,0.09618,-0.00753,0.29506,2.24841
162,113.2,1722215,110861,0.507,0.129,16686,10600,14425,0.01948652,0,0,0.0669,0.1278,0.2438,0.0682,0.01231,0.11583,0.09219,-0.00729,0.28653,2.24715
163,113.8,1732868,111555,0.496,0.127,17108,10653,14499,0.01948334,0,0,0.0695,0.1329,0.2479,0.0453,0.01188,0.11454,0.08946,-0.00764,0.28094,2.22599
164,114.4,1743492,112252,0.479,0.126,17574,10624,14461,0.01948014,0,0,0.0713,0.1268,0.2381,0.0423,0.01184,0.11378,0.09649,-0.00788,0.29613,2.24308
165,115.0,1754127,112947,0.475,0.126,17679,10635,14449,0.01947695,0,0,0.0688,0.1205,0.2409,0.0452,0.01226,0.11348,0.09045,-0.00899,0.28546,2.22249
166,115.7,1764759,113649,0.531,0.127,16173,10632,14461,0.01947376,0,0,0.0686,0.1356,0.2454,0.0812,0.01222,0.11396,0.09151,-0.00848,0.28629,2.21592
167,116.3,1775395,114330,0.507,0.127,16769,10636,14448,0.01947057,0,0,0.0725,0.1394,0.2502,0.0446,0.01204,0.11498,0.09104,-0.00784,0.28393,2.21301
168,116.9,1786035,115040,0.497,0.128,17032,10640,14478,0.01946738,0,0,0.0737,0.1356,0.2463,0.0411,0.01225,0.1154,0.08646,-0.00832,0.27733,2.25403
169,117.5,1796685,115708,0.474,0.127,17724,10650,14452,0.01946419,0,0,0.0687,0.1265,0.2381,0.0407,0.01272,0.11386,0.09742,-0.00902,0.29903,2.2129
170,118.2,1807325,116411,0.527,0.126,16287,10640,14465,0.01946099,0,0,0.0708,0.1328,0.2519,0.0717,0.01127,0.11428,0.09617,-0.00704,0.29299,2.22391
171,118.8,1817962,117091,0.503,0.127,16896,10637,14448,0.0194578,0,0,0.0726,0.1365,0.2447,0.0491,0.01212,0.11402,0.08818,-0.00829,0.28023,2.24304
172,119.4,1828647,117778,0.466,0.124,18092,10685,14500,0.01945461,0,0,0.0694,0.1172,0.2402,0.0395,0.01031,0.11373,0.09796,-0.00736,0.29918,2.27588
173,120.0,1839298,118476,0.492,0.126,17250,10651,14482,0.01945141,0,0,0.071,0.1261,0.2407,0.0541,0.01262,0.11252,0.09313,-0.00469,0.28513,2.30023
174,120.8,1849907,119161,0.597,0.128,14635,10609,14450,0.01944821,0,0,0.0889,0.1639,0.2735,0.0707,0.01363,0.11403,0.09914,-0.00699,0.30115,2.28513
175,121.4,1860549,119824,0.511,0.124,16754,10642,14459,0.01944503,0,0,0.0711,0.1337,0.2497,0.0564,0.01113,0.1128,0.09854,-0.00666,0.29786,2.24909
176,122.0,1871206,120508,0.475,0.119,17939,10657,14493,0.01944184,0,0,0.0713,0.1277,0.2395,0.0363,0.01084,0.10816,0.08812,-0.00906,0.28299,2.2797
177,122.7,1881889,121186,0.552,0.122,15864,10683,14508,0.01943864,0,0,0.0689,0.1492,0.2504,0.0832,0.01289,0.10855,0.09218,-0.00711,0.2866,2.2641
178,123.3,1892500,121877,0.519,0.119,16627,10611,14460,0.01943543,0,0,0.0715,0.136,0.2405,0.071,0.01124,0.10725,0.08904,-0.00945,0.28591,2.28772
179,123.9,1903157,122586,0.446,0.121,18782,10657,14484,0.01943225,0,0,0.0645,0.1197,0.2291,0.0332,0.0108,0.10976,0.0932,-0.00782,0.291,2.28885
180,124.4,1913828,123269,0.452,0.118,18734,10671,14489,0.01942905,0,0,0.0678,0.12,0.2315,0.0325,0.01029,0.10725,0.08952,-0.00922,0.28374,2.21975
181,125.0,1924444,123964,0.488,0.119,17474,10616,14478,0.01942585,0,0,0.0755,0.1326,0.2459,0.0341,0.01106,0.10808,0.07705,-0.00893,0.26068,2.28376
182,125.7,1935125,124650,0.52,0.12,16680,10681,14509,0.01942267,0,0,0.0695,0.1215,0.2423,0.0868,0.01103,0.10879,0.09793,-0.00772,0.29937,2.26706
183,126.3,1945786,125325,0.533,0.118,16395,10661,14495,0.01941946,0,0,0.0782,0.156,0.2605,0.0379,0.0113,0.10604,0.08761,-0.00842,0.28006,2.26585
184,126.9,1956447,126001,0.463,0.119,18297,10661,14490,0.01941626,0,0,0.0676,0.1212,0.2326,0.0419,0.01177,0.10729,0.08389,-0.00887,0.27369,2.27011
185,127.5,1967130,126704,0.499,0.119,17267,10683,14508,0.01941307,0,0,0.0695,0.1263,0.2455,0.0581,0.01133,0.10757,0.09864,-0.00547,0.29654,2.27492
186,128.2,1977775,127386,0.494,0.12,17357,10645,14488,0.01940986,0,0,0.0726,0.1346,0.2392,0.0474,0.01158,0.10743,0.09498,-0.00869,0.29436,2.24182
187,128.7,1988430,128060,0.467,0.117,18227,10655,14468,0.01940667,0,0,0.0663,0.1226,0.236,0.0424,0.01151,0.10552,0.09093,-0.00847,0.28493,2.21959
188,129.3,1999045,128749,0.469,0.116,18142,10615,14423,0.01940347,0,0,0.0658,0.1222,0.2354,0.0455,0.01148,0.10437,0.09214,-0.00917,0.28886,2.222
189,130.0,2009673,129418,0.554,0.119,15793,10628,14436,0.01940029,0,0,0.0721,0.1627,0.244,0.075,0.01096,0.10781,0.10624,-0.00788,0.31371,2.20299
190,130.6,2020333,130117,0.454,0.12,18566,10660,14488,0.0193971,0,0,0.067,0.1131,0.226,0.0476,0.01105,0.10908,0.087,-0.00908,0.27789,2.20982
191,131.2,2030993,130803,0.481,0.123,17628,10660,14471,0.0193939,0,0,0.0658,0.1302,0.234,0.0513,0.01152,0.11064,0.09315,-0.00851,0.28722,2.163
192,131.8,2041639,131473,0.483,0.12,17643,10646,14474,0.0193907,0,0,0.0694,0.1358,0.2395,0.0383,0.01094,0.10921,0.09222,-0.00731,0.28418,2.19444
193,132.4,2052266,132152,0.491,0.12,17396,10627,14455,0.01938751,0,0,0.0655,0.1236,0.2385,0.063,0.01146,0.10849,0.09692,-0.00896,0.29691,2.1959
194,133.0,2062884,132832,0.486,0.125,17397,10618,14460,0.01938432,0,0,0.0709,0.1351,0.2406,0.0389,0.01136,0.11277,0.08892,-0.00795,0.28026,2.23168
195,133.6,2073560,133505,0.481,0.122,17707,10676,14524,0.01938113,0,0,0.0706,0.1329,0.2411,0.0362,0.01169,0.11004,0.08956,-0.00766,0.28039,2.21739
196,134.2,2084209,134179,0.492,0.121,17365,10649,14478,0.01937793,0,0,0.0753,0.1333,0.243,0.0406,0.01145,0.10926,0.09364,-0.00803,0.28854,2.19848
197,134.8,2094844,134853,0.503,0.121,17047,10635,14475,0.01937474,0,0,0.0673,0.1237,0.2436,0.0688,0.01173,0.10844,0.0892,-0.00704,0.27768,2.19883
198,135.4,2105494,135531,0.479,0.122,17722,10650,14504,0.01937155,0,0,0.0698,0.1227,0.2444,0.0423,0.01177,0.10936,0.08689,-0.0072,0.2726,2.17857
199,136.1,2116151,136216,0.53,0.121,16379,10657,14488,0.01936835,0,0,0.0745,0.1526,0.253,0.05,0.01113,0.1091,0.09208,-0.00838,0.28615,2.20045
200,136.8,2126815,136881,0.545,0.12,16030,10664,14502,0.01936515,0,0,0.0702,0.1533,0.2414,0.0805,0.01139,0.10804,0.10036,-0.00536,0.29774,2.22805
201,140.5,2137465,137550,0.495,0.183,15712,10650,14468,0.01936196,0,0,0.0678,0.1241,0.2486,0.0542,0.01121,0.17164,0.08654,-0.00662,0.27219,2.2178
202,141.2,2148218,138225,0.527,0.12,16619,10753,14537,0.01935876,0,0,0.0692,0.1377,0.234,0.0858,0.01188,0.10787,0.1015,-0.00777,0.30168,2.14762
203,141.7,2158944,138896,0.469,0.119,18251,10726,14468,0.01935553,0,0,0.0665,0.1128,0.2365,0.0529,0.01161,0.107,0.09901,-0.00797,0.29825,2.17711
204,142.3,2169700,139557,0.457,0.119,18652,10756,14546,0.01935232,0,0,0.0643,0.1311,0.2232,0.0387,0.01132,0.10767,0.10428,-0.0066,0.30581,2.17211
205,142.9,2180414,140238,0.43,0.121,19466,10714,14461,0.01934909,0,0,0.0643,0.1074,0.2235,0.0345,0.01102,0.10919,0.09976,-0.00881,0.29889,2.11279
206,143.5,2191099,140909,0.46,0.127,18206,10685,14476,0.01934588,0,0,0.068,0.1272,0.2233,0.0416,0.01119,0.11522,0.10675,-0.00795,0.31437,2.19605
207,144.0,2201817,141567,0.432,0.123,19311,10718,14515,0.01934267,0,0,0.0653,0.1117,0.2205,0.0341,0.01253,0.11055,0.09749,-0.00824,0.29628,2.19257
208,144.6,2212572,142234,0.456,0.123,18555,10755,14521,0.01933945,0,0,0.0691,0.1255,0.2249,0.037,0.0104,0.11249,0.10848,-0.00629,0.3138,2.17865
209,145.1,2223236,142913,0.438,0.122,19012,10664,14471,0.01933623,0,0,0.0598,0.1017,0.2172,0.0597,0.01093,0.11109,0.10665,-0.00923,0.31784,2.22606
210,145.7,2233975,143590,0.467,0.122,18247,10739,14515,0.01933303,0,0,0.0713,0.1358,0.2234,0.0361,0.01093,0.11065,0.09704,-0.00929,0.29761,2.19718
211,146.3,2244713,144260,0.421,0.123,19761,10738,14540,0.01932981,0,0,0.0619,0.1012,0.2231,0.0346,0.01169,0.1105,0.10805,-0.00857,0.31743,2.17764
212,146.9,2255420,144934,0.536,0.124,16219,10707,14498,0.01932659,0,0,0.0708,0.1605,0.2623,0.0424,0.01239,0.11141,0.10179,-0.00936,0.3071,2.19434
213,147.6,2266147,145602,0.483,0.125,17618,10727,14504,0.01932337,0,0,0.0659,0.1185,0.2445,0.0546,0.01273,0.1123,0.10195,-0.0045,0.29713,2.17935
214,148.2,2276860,146268,0.486,0.12,17689,10713,14474,0.01932016,0,0,0.0719,0.1372,0.2315,0.045,0.01037,0.10925,0.11462,-0.00686,0.32624,2.15528
215,148.8,2287560,146949,0.493,0.125,17314,10700,14481,0.01931694,0,0,0.0712,0.1293,0.2431,0.0489,0.01347,0.11155,0.10557,-0.00861,0.3135,2.20374
216,149.4,2298241,147622,0.477,0.123,17784,10681,14444,0.01931373,0,0,0.0693,0.1264,0.2425,0.0393,0.01144,0.11125,0.1197,-0.00758,0.3361,2.11149
217,150.0,2308983,148299,0.472,0.12,18128,10742,14524,0.01931053,0,0,0.0686,0.1252,0.2371,0.0413,0.01105,0.10888,0.10006,-0.00632,0.29502,2.12982
218,150.5,2319677,148965,0.386,0.12,21131,10694,14479,0.01930731,0,0,0.0538,0.0905,0.2057,0.0357,0.01059,0.10953,0.11003,-0.00917,0.32049,2.12613
219,151.0,2330410,149649,0.376,0.121,21606,10733,14526,0.0193041,0,0,0.0549,0.0888,0.2018,0.0301,0.01156,0.10939,0.1058,-0.00873,0.31143,2.13348
220,151.5,2341079,150341,0.409,0.119,20202,10669,14481,0.01930088,0,0,0.0564,0.1138,0.2059,0.0326,0.01029,0.1089,0.09735,-0.00893,0.29405,2.11078
221,152.0,2351734,151039,0.394,0.12,20758,10655,14458,0.01929768,0,0,0.056,0.093,0.2049,0.0397,0.01124,0.10807,0.09977,-0.00954,0.30169,2.15243
222,152.5,2362424,151709,0.375,0.121,21566,10690,14486,0.01929448,0,0,0.0543,0.0883,0.203,0.0293,0.01121,0.10924,0.12034,-0.00607,0.33604,2.15693
223,153.0,2373118,152402,0.399,0.121,20563,10694,14492,0.01929127,0,0,0.0559,0.0911,0.2079,0.0442,0.01086,0.10984,0.10983,-0.0078,0.31743,2.12973
224,153.6,2383846,153087,0.403,0.121,20493,10728,14513,0.01928806,0,0,0.0569,0.1052,0.2108,0.0299,0.01095,0.10956,0.10823,-0.00902,0.31678,2.1329
225,154.1,2394526,153757,0.402,0.117,20568,10680,14457,0.01928485,0,0,0.0572,0.0944,0.2062,0.0441,0.01041,0.10664,0.10851,-0.00687,0.313,2.13241
226,154.6,2405256,154448,0.45,0.12,18836,10730,14518,0.01928164,0,0,0.0606,0.1004,0.2208,0.068,0.0115,0.10811,0.1081,-0.00979,0.31807,2.13365
227,155.2,2415979,155133,0.421,0.119,19864,10723,14504,0.01927842,0,0,0.0604,0.1009,0.2224,0.0375,0.01165,0.10672,0.11156,-0.00703,0.3183,2.10363
228,155.7,2426653,155809,0.405,0.116,20460,10674,14466,0.01927521,0,0,0.0578,0.1056,0.2105,0.0315,0.01068,0.10538,0.10503,-0.00781,0.30793,2.13367
229,156.2,2437331,156501,0.39,0.116,21077,10678,14464,0.019272,0,0,0.0575,0.0942,0.2095,0.029,0.01056,0.10539,0.09725,-0.00831,0.29224,2.1046
230,156.7,2448040,157193,0.413,0.116,20228,10709,14503,0.0192688,0,0,0.0547,0.0925,0.2061,0.0597,0.01027,0.10587,0.10786,-0.00818,0.31409,2.12822
231,157.2,2458774,157860,0.381,0.116,21607,10734,14532,0.01926559,0,0,0.0546,0.0908,0.2069,0.0285,0.01051,0.10524,0.09572,-0.00973,0.29202,2.10557
232,157.7,2469549,158535,0.38,0.116,21734,10775,14578,0.01926237,0,0,0.0562,0.092,0.2029,0.0286,0.01019,0.10557,0.09775,-0.01054,0.2986,2.12912
233,158.2,2480266,159201,0.369,0.117,22062,10717,14509,0.01925914,0,0,0.0537,0.0897,0.1969,0.0289,0.01081,0.10544,0.0994,-0.0081,0.29555,2.0915
234,158.7,2491001,159879,0.384,0.118,21419,10735,14507,0.01925592,0,0,0.0558,0.0901,0.2077,0.03,0.01095,0.10631,0.10107,-0.00886,0.30084,2.10278
235,159.3,2501761,160568,0.418,0.119,20049,10760,14535,0.0192527,0,0,0.0544,0.1015,0.2023,0.0593,0.01067,0.1082,0.10124,-0.00734,0.29881,2.12032
236,159.8,2512431,161248,0.399,0.117,20686,10670,14451,0.01924947,0,0,0.0572,0.0932,0.2138,0.0349,0.01051,0.10595,0.11832,-0.00625,0.32879,2.06905
237,160.3,2523129,161926,0.36,0.116,22464,10698,14497,0.01924627,0,0,0.05,0.0841,0.195,0.0313,0.01059,0.10501,0.09806,-0.00769,0.29158,2.08012
238,160.8,2533871,162583,0.393,0.117,21061,10742,14547,0.01924306,0,0,0.0562,0.0949,0.207,0.0353,0.01076,0.10564,0.09994,-0.00547,0.29121,2.08877
239,161.3,2544675,163250,0.379,0.121,21587,10804,14597,0.01923984,0,0,0.0544,0.0935,0.2007,0.0307,0.0103,0.11055,0.09662,-0.00879,0.29008,2.05994
240,161.8,2555356,163926,0.393,0.121,20781,10681,14447,0.0192366,0,0,0.0556,0.0881,0.1968,0.0522,0.01032,0.11062,0.10897,-0.00842,0.31578,2.10539
241,162.3,2566052,164605,0.409,0.12,20217,10696,14484,0.01923339,0,0,0.0585,0.0988,0.2135,0.038,0.01104,0.10895,0.10692,-0.00844,0.31077,2.08082
242,162.8,2576846,165280,0.39,0.12,21138,10794,14570,0.01923018,0,0,0.056,0.0969,0.2062,0.0312,0.01122,0.10882,0.10646,-0.0095,0.31113,2.05985
243,163.3,2587558,165959,0.387,0.121,21061,10712,14478,0.01922695,0,0,0.0548,0.0967,0.206,0.0296,0.01149,0.10971,0.10984,-0.00717,0.313,2.05369
244,163.8,2598272,166634,0.391,0.121,20951,10714,14527,0.01922373,0,0,0.0516,0.0863,0.2018,0.051,0.01131,0.10906,0.11027,-0.0075,0.31473,2.0595
245,164.4,2608956,167306,0.409,0.123,20096,10684,14487,0.01922052,0,0,0.0588,0.1017,0.215,0.0336,0.0113,0.11098,0.1102,-0.00775,0.3142,2.03691
246,164.9,2619703,167972,0.376,0.12,21666,10747,14507,0.01921731,0,0,0.0538,0.0902,0.2025,0.0299,0.01059,0.10869,0.10447,-0.00767,0.30355,2.06283
247,165.4,2630375,168665,0.369,0.12,21827,10672,14454,0.01921409,0,0,0.0522,0.0929,0.1937,0.0302,0.01045,0.10927,0.1043,-0.00702,0.30393,2.11549
248,165.8,2641102,169335,0.37,0.121,21878,10727,14512,0.01921089,0,0,0.0496,0.0836,0.1882,0.0484,0.01063,0.10965,0.10246,-0.00856,0.30103,2.05574
249,166.3,2651845,170004,0.37,0.12,21919,10743,14538,0.01920767,0,0,0.0505,0.0858,0.1969,0.0372,0.00984,0.10952,0.11021,-0.00961,0.32005,2.0935
250,166.8,2662595,170676,0.38,0.123,21358,10750,14513,0.01920445,0,0,0.0529,0.0911,0.2017,0.0341,0.01128,0.11187,0.10645,-0.0068,0.30527,2.05097
251,167.3,2673344,171350,0.382,0.122,21338,10749,14525,0.01920122,0,0,0.0542,0.0982,0.1996,0.03,0.01119,0.11029,0.11641,-0.00509,0.32197,2.05646
252,167.9,2684100,172014,0.375,0.124,21568,10756,14486,0.019198,0,0,0.0496,0.0848,0.1963,0.0438,0.0111,0.10903,0.11511,-0.00887,0.32578,2.02662
253,168.4,2694875,172683,0.379,0.12,21595,10775,14496,0.01919477,0,0,0.0507,0.1057,0.1935,0.0291,0.01024,0.10938,0.12418,-0.00778,0.34115,2.01213
254,168.9,2705619,173360,0.378,0.121,21535,10744,14498,0.01919154,0,0,0.0535,0.0939,0.1985,0.0321,0.01125,0.10936,0.12125,-0.00899,0.33737,2.00354
255,169.3,2716391,174011,0.361,0.121,22342,10772,14511,0.01918831,0,0,0.0514,0.0837,0.1953,0.0311,0.01096,0.1094,0.11348,-0.0087,0.32242,2.0341
256,169.9,2727241,174662,0.481,0.12,18046,10850,14594,0.01918508,0,0,0.0566,0.1212,0.2077,0.0954,0.01075,0.1092,0.10735,-0.00823,0.3082,2.00764
257,170.6,2738018,175327,0.488,0.121,17669,10777,14491,0.01918183,0,0,0.0612,0.1138,0.2127,0.1007,0.01097,0.11007,0.10814,-0.00947,0.31232,2.00935
258,171.1,2748762,175987,0.438,0.12,19238,10744,14485,0.01917859,0,0,0.051,0.106,0.2037,0.0774,0.01069,0.10939,0.11767,-0.00737,0.32755,2.0201
259,171.6,2759493,176632,0.354,0.12,22625,10731,14434,0.01917537,0,0,0.0502,0.0829,0.1916,0.0293,0.01053,0.10933,0.11995,-0.00775,0.33334,2.03214
260,172.1,2770310,177303,0.389,0.119,21298,10817,14519,0.01917215,0,0,0.0514,0.0844,0.1975,0.0553,0.01104,0.1079,0.11914,-0.00653,0.32974,2.04422
261,172.6,2781060,177939,0.381,0.121,21442,10750,14481,0.01916891,0,0,0.0494,0.0853,0.1938,0.0522,0.01131,0.10901,0.10456,-0.00743,0.30249,2.04813
262,173.1,2791850,178601,0.356,0.12,22696,10790,14523,0.01916568,0,0,0.0508,0.0842,0.1939,0.0268,0.01058,0.10886,0.12164,-0.00746,0.33828,2.08896
263,173.6,2802644,179223,0.402,0.122,20597,10794,14493,0.01916245,0,0,0.0581,0.0957,0.2118,0.0365,0.01213,0.10959,0.11286,-0.00778,0.32028,2.06096
264,174.1,2813439,179849,0.361,0.121,22396,10795,14522,0.01915921,0,0,0.052,0.084,0.1963,0.0282,0.01092,0.11017,0.10544,-0.00681,0.30397,2.07397
265,174.6,2824247,180481,0.434,0.122,19448,10808,14498,0.01915597,0,0,0.0571,0.0983,0.2123,0.0663,0.01106,0.11028,0.11479,-0.009,0.32715,2.07688
266,175.2,2835007,181112,0.41,0.12,20295,10760,14505,0.01915273,0,0,0.0619,0.1059,0.2148,0.0277,0.01078,0.1088,0.11933,-0.00686,0.33117,2.05694
267,175.7,2845811,181764,0.384,0.121,21396,10804,14541,0.0191495,0,0,0.0566,0.0958,0.2048,0.0272,0.01108,0.10922,0.11118,-0.00755,0.31689,2.07388
268,176.2,2856593,182416,0.366,0.12,22168,10782,14490,0.01914626,0,0,0.0518,0.0838,0.195,0.0358,0.01051,0.10895,0.11526,-0.00889,0.3249,2.00046
269,176.7,2867337,183054,0.395,0.12,20879,10744,14471,0.01914302,0,0,0.051,0.0889,0.1985,0.0565,0.01017,0.10923,0.12059,-0.00842,0.33614,2.04055
270,177.2,2878153,183706,0.374,0.121,21857,10816,14527,0.0191398,0,0,0.0526,0.0836,0.2023,0.0352,0.01108,0.10975,0.11556,-0.00702,0.32335,2.04288
271,177.7,2888965,184339,0.37,0.123,21942,10812,14523,0.01913655,0,0,0.0526,0.087,0.2015,0.0289,0.01167,0.11092,0.1111,-0.00969,0.31851,2.01015
272,178.2,2899782,184989,0.388,0.122,21206,10817,14543,0.01913331,0,0,0.0555,0.0967,0.2025,0.0336,0.01059,0.11086,0.12184,-0.00751,0.33586,2.01648
273,178.7,2910587,185626,0.387,0.122,21249,10805,14536,0.01913007,0,0,0.057,0.0955,0.2035,0.0309,0.01176,0.10962,0.12238,-0.00743,0.33677,2.01645
274,179.3,2921353,186277,0.452,0.122,18770,10766,14513,0.01912682,0,0,0.0586,0.0965,0.21,0.0868,0.01171,0.10968,0.11676,-0.00707,0.325,2.02203
275,179.8,2932168,186914,0.409,0.123,20335,10815,14526,0.01912359,0,0,0.0581,0.0997,0.2187,0.0321,0.01172,0.11096,0.11393,-0.00913,0.32291,2.00807
276,180.3,2942933,187527,0.399,0.122,20670,10765,14490,0.01912035,0,0,0.0585,0.0963,0.2144,0.0301,0.0106,0.11065,0.1122,-0.00946,0.32087,2.02744
277,180.8,2953728,188173,0.381,0.121,21514,10795,14538,0.01911712,0,0,0.0561,0.0927,0.2062,0.0258,0.01115,0.10953,0.10899,-0.00899,0.31397,2.04044
278,181.3,2964524,188814,0.402,0.121,20646,10796,14517,0.01911388,0,0,0.0521,0.0857,0.1993,0.0646,0.0108,0.11011,0.1062,-0.00792,0.30797,2.08575
279,181.8,2975344,189443,0.382,0.123,21462,10820,14559,0.01911064,0,0,0.0569,0.0935,0.2026,0.0285,0.01164,0.11069,0.11775,-0.00839,0.33078,2.05389
280,182.3,2986143,190082,0.363,0.121,22301,10799,14538,0.0191074,0,0,0.0516,0.0843,0.1974,0.03,0.01085,0.10984,0.10423,-0.00868,0.30484,2.06765
281,182.8,2996997,190703,0.348,0.122,23098,10854,14571,0.01910416,0,0,0.0495,0.0837,0.1903,0.0248,0.01179,0.10948,0.10516,-0.00796,0.30516,2.06527
282,183.3,3007783,191350,0.404,0.121,20514,10786,14498,0.0191009,0,0,0.0623,0.0999,0.2122,0.0301,0.01061,0.11049,0.11908,-0.00625,0.32853,2.03836
283,183.9,3018535,191990,0.457,0.124,18512,10752,14460,0.01909767,0,0,0.0602,0.1032,0.2274,0.0664,0.01139,0.11194,0.10342,-0.00828,0.3013,2.03945
284,184.5,3029342,192619,0.434,0.121,19465,10807,14528,0.01909444,0,0,0.0641,0.1054,0.2248,0.0397,0.01067,0.11011,0.11567,-0.00718,0.32281,2.01918
285,185.1,3040122,193257,0.502,0.124,17219,10780,14509,0.0190912,0,0,0.0717,0.143,0.2522,0.0351,0.01159,0.11212,0.11239,-0.00725,0.31657,2.02398
286,185.7,3050914,193898,0.486,0.124,17681,10792,14502,0.01908796,0,0,0.0673,0.1226,0.2305,0.0656,0.01207,0.11192,0.10136,-0.00851,0.2952,1.9767
287,186.3,3061726,194557,0.445,0.119,19157,10812,14546,0.01908473,0,0,0.0657,0.1164,0.2301,0.033,0.01135,0.10753,0.12024,-0.0095,0.33537,1.98839
288,186.8,3072502,195181,0.439,0.12,19267,10776,14472,0.01908148,0,0,0.0658,0.1129,0.2282,0.0322,0.01135,0.10848,0.10186,-0.00893,0.297,1.97639
289,187.4,3083228,195841,0.464,0.122,18281,10726,14454,0.01907825,0,0,0.0672,0.1193,0.2397,0.0381,0.01354,0.10834,0.11327,-0.00922,0.31889,1.93678
290,188.1,3093993,196511,0.549,0.118,16134,10765,14483,0.01907503,0,0,0.0792,0.1417,0.2488,0.0792,0.01102,0.10692,0.10102,-0.00722,0.29111,1.95637
291,188.7,3104772,197174,0.464,0.12,18467,10779,14536,0.0190718,0,0,0.069,0.1234,0.2382,0.0336,0.01133,0.108,0.10714,-0.00719,0.30335,1.95797
292,189.2,3115562,197817,0.423,0.119,19887,10790,14489,0.01906857,0,0,0.0626,0.1068,0.2199,0.034,0.01131,0.10765,0.11182,-0.00646,0.31107,1.95368
293,189.8,3126348,198471,0.463,0.119,18552,10786,14502,0.01906533,0,0,0.0699,0.1262,0.2362,0.0303,0.01125,0.10712,0.10365,-0.0082,0.29868,1.96624
294,190.4,3137183,199116,0.488,0.118,17892,10835,14548,0.0190621,0,0,0.0669,0.1213,0.2367,0.063,0.01112,0.10636,0.1089,-0.00912,0.31053,1.95383
295,190.9,3147979,199762,0.437,0.118,19480,10796,14532,0.01905885,0,0,0.0628,0.1107,0.2287,0.0344,0.01113,0.10617,0.10246,-0.00874,0.29924,2.01636
296,191.5,3158739,200410,0.453,0.118,18834,10760,14513,0.01905561,0,0,0.0662,0.1171,0.2323,0.0373,0.01152,0.10656,0.10183,-0.00786,0.29768,2.05477
297,192.1,3169486,201081,0.46,0.118,18589,10747,14471,0.01905238,0,0,0.07,0.1192,0.2342,0.0364,0.01174,0.1062,0.10322,-0.00876,0.30246,2.05979
298,192.7,3180314,201716,0.457,0.117,18878,10828,14574,0.01904915,0,0,0.0615,0.1045,0.2261,0.065,0.01031,0.10596,0.10162,-0.00773,0.29685,2.05131
299,193.3,3191148,202350,0.471,0.121,18296,10834,14571,0.01904591,0,0,0.069,0.1185,0.2328,0.0509,0.01239,0.10811,0.10382,-0.00846,0.30087,2.00361
300,193.9,3201982,202980,0.522,0.121,16855,10834,14563,0.01904266,0,0,0.0799,0.1424,0.2476,0.0522,0.01229,0.10785,0.10842,-0.00759,0.30867,2.013
301,194.7,3212839,203635,0.68,0.122,13536,10857,14575,0.01903941,0,0,0.1159,0.1761,0.3429,0.0453,0.01196,0.10942,0.10012,-0.00878,0.29436,2.01075
302,195.5,3223675,204279,0.634,0.122,14334,10836,14520,0.01903615,0,0,0.0884,0.1955,0.2957,0.0548,0.01155,0.10924,0.10901,-0.00937,0.31421,2.03445
303,196.2,3234552,204899,0.595,0.122,15160,10877,14561,0.0190329,0,0,0.0966,0.1629,0.2858,0.0499,0.01237,0.10928,0.10142,-0.0082,0.29431,1.97196
304,196.9,3245437,205532,0.529,0.121,16754,10885,14559,0.01902963,0,0,0.0698,0.1296,0.2387,0.0905,0.01239,0.10826,0.10812,-0.01016,0.31244,1.99349
305,197.5,3256354,206175,0.538,0.121,16559,10917,14591,0.01902637,0,0,0.075,0.1387,0.2549,0.0695,0.01225,0.10852,0.1102,-0.00833,0.31035,1.92614
306,198.1,3267279,206822,0.471,0.119,18514,10925,14599,0.01902309,0,0,0.0683,0.1284,0.2367,0.0374,0.01037,0.10859,0.11334,-0.00839,0.31557,1.89554
307,198.7,3278165,207488,0.435,0.119,19649,10886,14607,0.01901982,0,0,0.0649,0.1113,0.226,0.0326,0.01161,0.10722,0.11617,-0.00885,0.32474,1.96343
308,199.3,3289013,208131,0.484,0.119,17969,10848,14513,0.01901655,0,0,0.0656,0.1189,0.2351,0.0646,0.01095,0.10822,0.11268,-0.01104,0.32191,1.95797
309,199.8,3299837,208792,0.441,0.119,19324,10824,14547,0.0190133,0,0,0.0641,0.1145,0.2286,0.0342,0.01129,0.10723,0.1208,-0.00782,0.32967,1.9051
310,200.4,3310702,209450,0.443,0.118,19353,10865,14568,0.01901005,0,0,0.0618,0.1117,0.227,0.043,0.01055,0.10711,0.11745,-0.00962,0.32713,1.92011
311,200.9,3321516,210094,0.438,0.118,19440,10814,14510,0.01900679,0,0,0.0645,0.11,0.2288,0.0346,0.01147,0.1066,0.10701,-0.00885,0.30388,1.89834
312,201.6,3332360,210756,0.499,0.124,17430,10844,14557,0.01900355,0,0,0.0675,0.1192,0.2327,0.0791,0.01207,0.11111,0.1089,-0.00903,0.30786,1.89422
313,202.2,3343242,211431,0.493,0.124,17648,10882,14588,0.01900029,0,0,0.0725,0.1453,0.2368,0.0384,0.01151,0.11161,0.11697,-0.0071,0.32064,1.9076
314,202.8,3354108,212097,0.477,0.122,18132,10866,14564,0.01899703,0,0,0.0693,0.1273,0.2407,0.0401,0.0108,0.11056,0.1219,-0.00963,0.33377,1.86055
315,203.4,3365015,212772,0.481,0.123,18061,10907,14620,0.01899377,0,0,0.0704,0.131,0.2445,0.0349,0.01165,0.11107,0.11854,-0.00834,0.32357,1.83722
316,204.1,3375936,213416,0.613,0.124,14835,10921,14625,0.0189905,0,0,0.0813,0.1534,0.2809,0.0971,0.01212,0.11102,0.11817,-0.00737,0.32099,1.84094
317,204.8,3386847,214078,0.56,0.124,15953,10911,14599,0.01898722,0,0,0.0795,0.1533,0.2617,0.0658,0.01196,0.11113,0.11189,-0.00625,0.30492,1.80743
318,205.4,3397766,214752,0.501,0.123,17490,10919,14639,0.01898395,0,0,0.0759,0.1382,0.2487,0.0383,0.01211,0.11065,0.1295,-0.00795,0.34345,1.80487
319,206.1,3408710,215422,0.5,0.124,17533,10944,14656,0.01898067,0,0,0.0698,0.1393,0.2469,0.044,0.01231,0.11136,0.12662,-0.00772,0.33669,1.79146
320,206.7,3419595,216068,0.517,0.122,17060,10885,14594,0.01897739,0,0,0.0697,0.1317,0.2407,0.0745,0.01051,0.11066,0.12394,-0.00844,0.33188,1.76815
321,207.3,3430514,216740,0.478,0.123,18184,10919,14633,0.01897412,0,0,0.0684,0.1259,0.2307,0.0526,0.0121,0.11045,0.12824,-0.00817,0.33891,1.74116
322,207.9,3441404,217409,0.512,0.123,17151,10890,14592,0.01897085,0,0,0.0727,0.141,0.2515,0.0472,0.01134,0.11078,0.1183,-0.00828,0.32057,1.77682
323,208.6,3452327,218085,0.498,0.124,17548,10923,14617,0.01896758,0,0,0.0738,0.1351,0.2427,0.0467,0.01233,0.11148,0.1312,-0.00687,0.34456,1.80325
324,209.3,3463265,218761,0.577,0.123,15627,10938,14623,0.0189643,0,0,0.0794,0.1492,0.2556,0.0928,0.01189,0.11074,0.10991,-0.00774,0.30428,1.819
325,209.9,3474204,219438,0.487,0.121,17992,10939,14636,0.01896102,0,0,0.0713,0.1241,0.2418,0.0496,0.0107,0.11008,0.13045,-0.00547,0.34012,1.80053
326,210.5,3485157,220109,0.559,0.123,16062,10953,14645,0.01895774,0,0,0.0864,0.1639,0.26,0.0485,0.01181,0.11089,0.12856,-0.00823,0.34164,1.79545
327,211.2,3496019,220779,0.566,0.126,15699,10862,14585,0.01895445,0,0,0.0855,0.1639,0.2572,0.0596,0.01331,0.1118,0.12714,-0.00807,0.33933,1.818
328,211.9,3506945,221443,0.529,0.122,16788,10926,14622,0.01895119,0,0,0.073,0.1285,0.2443,0.0829,0.01076,0.11088,0.12261,-0.00833,0.32944,1.78253
329,212.5,3517888,222115,0.51,0.124,17256,10943,14642,0.01894792,0,0,0.0728,0.1322,0.24,0.0652,0.01206,0.11154,0.1198,-0.00889,0.32679,1.8319
330,213.2,3528730,222806,0.516,0.125,16912,10842,14545,0.01894463,0,0,0.0771,0.1369,0.257,0.045,0.01167,0.11295,0.12858,-0.00935,0.34509,1.82679
331,213.8,3539607,223479,0.505,0.125,17274,10877,14580,0.01894138,0,0,0.0752,0.1334,0.2585,0.0377,0.01227,0.11226,0.12708,-0.00881,0.34037,1.81023
332,214.5,3550467,224159,0.573,0.123,15607,10860,14544,0.01893812,0,0,0.0806,0.1456,0.2585,0.088,0.01112,0.11161,0.13462,-0.0052,0.34944,1.84263
333,215.1,3561392,224838,0.501,0.122,17525,10925,14629,0.01893486,0,0,0.0754,0.1371,0.2489,0.0398,0.0115,0.11034,0.13619,-0.00708,0.35532,1.81637
334,215.7,3572318,225501,0.493,0.124,17724,10926,14654,0.01893158,0,0,0.0745,0.1294,0.2498,0.0392,0.01158,0.11151,0.11975,-0.0089,0.32765,1.85748
335,216.3,3583266,226150,0.475,0.125,18246,10948,14665,0.0189283,0,0,0.0704,0.1287,0.2375,0.0384,0.01248,0.11217,0.12013,-0.00534,0.32063,1.8411
336,217.0,3594197,226819,0.552,0.124,16159,10931,14632,0.01892502,0,0,0.0765,0.1404,0.2548,0.0804,0.01223,0.1117,0.11686,-0.00853,0.31832,1.78447
337,217.7,3605094,227477,0.544,0.126,16278,10897,14594,0.01892174,0,0,0.078,0.1672,0.2508,0.0478,0.01284,0.11234,0.14078,-0.00676,0.36421,1.8267
338,218.4,3615971,228163,0.55,0.119,16249,10877,14575,0.01891847,0,0,0.0827,0.1599,0.2653,0.042,0.01204,0.10712,0.13108,-0.0079,0.34706,1.82641
339,219.0,3626827,228840,0.541,0.119,16427,10856,14563,0.01891521,0,0,0.071,0.1332,0.2435,0.0937,0.01238,0.10657,0.13317,-0.00839,0.35204,1.82175
340,219.8,3637727,229501,0.635,0.117,14498,10900,14580,0.01891195,0,0,0.0883,0.1745,0.3237,0.0488,0.0109,0.10523,0.13006,-0.00697,0.34205,1.79761
341,220.4,3648616,230184,0.544,0.116,16509,10889,14567,0.01890868,0,0,0.0838,0.159,0.2576,0.0433,0.01122,0.10411,0.1276,-0.00751,0.33837,1.8021
342,221.2,3659500,230858,0.676,0.121,13653,10884,14593,0.01890542,0,0,0.0833,0.1855,0.283,0.1245,0.01326,0.10681,0.13847,-0.008,0.35981,1.76852
343,221.9,3670409,231534,0.522,0.12,17003,10909,14615,0.01890215,0,0,0.0775,0.1553,0.2477,0.0415,0.01182,0.10727,0.13092,-0.00804,0.34685,1.82311
344,222.5,3681263,232228,0.492,0.119,17776,10854,14524,0.01889888,0,0,0.0726,0.1343,0.2424,0.0424,0.01164,0.10694,0.13712,-0.00821,0.35781,1.77689
345,223.1,3692203,232900,0.465,0.118,18784,10940,14627,0.01889562,0,0,0.0672,0.1201,0.2346,0.0429,0.01072,0.10657,0.13344,-0.00789,0.34848,1.74161
346,223.7,3703148,233572,0.535,0.117,16779,10945,14629,0.01889234,0,0,0.0775,0.1358,0.2509,0.0707,0.01027,0.10666,0.12974,-0.00923,0.34422,1.75423
347,224.3,3713998,234234,0.48,0.119,18110,10850,14544,0.01888906,0,0,0.0708,0.1373,0.2388,0.0332,0.011,0.1075,0.13095,-0.00961,0.34762,1.76009
348,224.9,3724846,234928,0.496,0.118,17672,10848,14513,0.0188858,0,0,0.0757,0.1312,0.2483,0.0408,0.01054,0.10695,0.1311,-0.00981,0.34714,1.72983
349,225.6,3735728,235624,0.541,0.118,16509,10882,14586,0.01888255,0,0,0.0798,0.1559,0.2564,0.0491,0.01161,0.10591,0.12697,-0.00842,0.33538,1.71058
350,226.2,3746560,236302,0.536,0.12,16508,10832,14526,0.01887928,0,0,0.0723,0.1367,0.2447,0.0826,0.01188,0.10765,0.11891,-0.01121,0.3273,1.7759
351,226.8,3757435,236975,0.482,0.119,18111,10875,14528,0.01887603,0,0,0.0716,0.135,0.2382,0.0369,0.01154,0.10678,0.12741,-0.00879,0.33797,1.73668
352,227.5,3768359,237665,0.465,0.119,18684,10924,14570,0.01887277,0,0,0.0701,0.1193,0.2439,0.0319,0.01143,0.1077,0.13525,-0.0097,0.35602,1.7518
353,228.0,3779237,238308,0.466,0.119,18589,10878,14497,0.01886949,0,0,0.0686,0.1171,0.239,0.0417,0.01086,0.10769,0.11837,-0.00874,0.32199,1.79592
354,228.6,3790171,238979,0.481,0.118,18255,10934,14569,0.01886623,0,0,0.067,0.1222,0.2379,0.0535,0.01153,0.10647,0.13165,-0.00782,0.34501,1.75115
355,229.2,3801026,239643,0.452,0.119,19013,10855,14474,0.01886295,0,0,0.0676,0.1239,0.2292,0.0315,0.01159,0.10671,0.13158,-0.00819,0.34561,1.75146
356,229.8,3811914,240312,0.464,0.12,18672,10888,14518,0.01885969,0,0,0.0681,0.1148,0.2379,0.0428,0.01212,0.10706,0.13471,-0.00771,0.34953,1.71471
357,230.4,3822793,240974,0.47,0.119,18479,10879,14477,0.01885643,0,0,0.0675,0.1201,0.239,0.043,0.01176,0.10694,0.13043,-0.00917,0.34446,1.73017
358,231.1,3833643,241641,0.549,0.12,16212,10850,14507,0.01885316,0,0,0.0776,0.138,0.2464,0.087,0.01201,0.1079,0.12931,-0.00823,0.34094,1.74684
359,231.7,3844471,242291,0.528,0.117,16779,10828,14459,0.01884991,0,0,0.0806,0.1543,0.2549,0.0385,0.01111,0.10562,0.12275,-0.00751,0.32696,1.76237
360,232.3,3855333,242963,0.465,0.118,18614,10862,14512,0.01884666,0,0,0.0703,0.1217,0.2386,0.0346,0.0108,0.1072,0.12422,-0.00891,0.33271,1.76284
361,232.9,3866177,243623,0.51,0.117,17284,10844,14478,0.0188434,0,0,0.0711,0.1274,0.24,0.0719,0.01042,0.10627,0.13635,-0.00858,0.35472,1.72143
362,233.6,3877059,244272,0.547,0.119,16341,10882,14510,0.01884015,0,0,0.0833,0.1515,0.2691,0.043,0.01106,0.10781,0.12401,-0.0075,0.32856,1.73911
363,234.2,3887936,244917,0.517,0.127,16910,10877,14483,0.01883688,0,0,0.0775,0.1411,0.2571,0.0409,0.01344,0.11273,0.12007,-0.00576,0.31783,1.75631
364,234.9,3898768,245580,0.558,0.126,15844,10832,14474,0.01883362,0,0,0.0789,0.1543,0.2783,0.0464,0.01235,0.11287,0.13235,-0.00906,0.34808,1.73225
365,235.6,3909611,246255,0.551,0.125,16046,10843,14476,0.01883037,0,0,0.0811,0.1549,0.2609,0.054,0.01185,0.11245,0.12138,-0.00939,0.3272,1.74376
366,236.3,3920457,246918,0.575,0.125,15492,10846,14486,0.01882712,0,0,0.0897,0.1568,0.2714,0.0576,0.01189,0.11218,0.12656,-0.0087,0.33503,1.7136
367,237.0,3931299,247571,0.587,0.125,15219,10842,14484,0.01882386,0,0,0.0831,0.1858,0.2751,0.0434,0.01281,0.11173,0.12981,-0.00914,0.34318,1.73381
368,237.7,3942143,248231,0.612,0.123,14760,10844,14490,0.01882061,0,0,0.0985,0.169,0.2796,0.0646,0.01114,0.11126,0.10996,-0.00771,0.30142,1.75547
369,238.5,3953023,248884,0.667,0.124,13749,10880,14498,0.01881736,0,0,0.1066,0.1766,0.303,0.0808,0.01243,0.11156,0.13227,-0.0084,0.34693,1.7429
370,239.3,3963935,249542,0.655,0.126,13969,10912,14536,0.01881409,0,0,0.0932,0.1766,0.2759,0.1091,0.01337,0.11238,0.12352,-0.00791,0.32933,1.76678
371,240.1,3974784,250183,0.658,0.125,13849,10849,14473,0.01881082,0,0,0.0925,0.1747,0.2853,0.1058,0.0124,0.11213,0.12608,-0.0084,0.33725,1.81546
372,240.8,3985681,250829,0.587,0.125,15310,10897,14536,0.01880756,0,0,0.0874,0.1644,0.2737,0.0613,0.01308,0.11137,0.12554,-0.00766,0.33392,1.79458
373,241.5,3996567,251473,0.565,0.124,15785,10886,14542,0.0188043,0,0,0.0846,0.1608,0.2616,0.0584,0.01199,0.11175,0.12078,-0.0085,0.32647,1.8059
374,242.2,4007425,252118,0.62,0.125,14580,10858,14484,0.01880103,0,0,0.0902,0.1604,0.2762,0.0934,0.01162,0.11248,0.12928,-0.00997,0.34701,1.82186
375,243.0,4018280,252773,0.61,0.13,14674,10855,14474,0.01879777,0,0,0.0848,0.1754,0.2855,0.0644,0.01604,0.11303,0.12853,-0.00934,0.34291,1.78668
376,243.8,4029140,253417,0.716,0.125,12923,10860,14504,0.01879452,0,0,0.098,0.1833,0.3124,0.1221,0.01133,0.11286,0.12067,-0.00821,0.32606,1.81701
377,244.7,4040004,254073,0.804,0.125,11694,10864,14471,0.01879126,0,0,0.0959,0.2596,0.3307,0.1174,0.01179,0.11314,0.13049,-0.01013,0.34704,1.7512
378,245.5,4050872,254718,0.618,0.126,14603,10868,14515,0.018788,0,0,0.0948,0.1878,0.2977,0.0382,0.01246,0.11282,0.14084,-0.00674,0.35943,1.71056
379,246.2,4061695,255383,0.567,0.128,15592,10823,14478,0.01878474,0,0,0.0879,0.1668,0.2668,0.0451,0.01197,0.11487,0.12749,-0.00679,0.33314,1.71882
380,246.9,4072534,256032,0.597,0.126,14996,10839,14459,0.01878149,0,0,0.0799,0.1542,0.2648,0.0982,0.01224,0.11295,0.13606,-0.00982,0.35618,1.71509
381,247.6,4083403,256685,0.531,0.125,16574,10869,14497,0.01877824,0,0,0.0779,0.1519,0.2566,0.0447,0.01234,0.11194,0.12231,-0.00971,0.32755,1.69091
382,248.2,4094239,257343,0.563,0.128,15696,10836,14484,0.01877498,0,0,0.0832,0.1603,0.2678,0.0513,0.01341,0.11396,0.13918,-0.00777,0.35852,1.72095
383,249.0,4105066,257968,0.646,0.129,13969,10827,14462,0.01877173,0,0,0.0848,0.1789,0.2728,0.1095,0.01344,0.11521,0.12529,-0.00889,0.33472,1.76775
384,249.8,4115909,258604,0.636,0.128,14190,10843,14444,0.01876848,0,0,0.0944,0.1659,0.2799,0.0956,0.01259,0.11525,0.12041,-0.00818,0.32333,1.76198
385,250.6,4126723,259234,0.659,0.12,13875,10814,14452,0.01876523,0,0,0.0802,0.158,0.2638,0.1572,0.01169,0.10819,0.12883,-0.00683,0.33686,1.74629
386,251.3,4137530,259873,0.614,0.121,14707,10807,14436,0.01876198,0,0,0.0821,0.1669,0.2603,0.1045,0.01154,0.10905,0.12604,-0.00874,0.33591,1.76816
387,251.9,4148374,260496,0.515,0.12,17060,10844,14468,0.01875874,0,0,0.0777,0.1398,0.259,0.0387,0.01231,0.10773,0.12552,-0.0101,0.3388,1.8004
388,252.6,4159179,261112,0.507,0.126,17073,10805,14414,0.01875549,0,0,0.0714,0.1322,0.2522,0.0513,0.01195,0.11336,0.12636,-0.00913,0.33797,1.78627
389,253.3,4169997,261767,0.582,0.122,15368,10818,14440,0.01875225,0,0,0.0908,0.1613,0.2778,0.0518,0.01205,0.10982,0.131,-0.0075,0.34281,1.75462
390,254.0,4180777,262413,0.569,0.12,15643,10780,14399,0.018749,0,0,0.0824,0.1488,0.2484,0.0897,0.01181,0.10764,0.12366,-0.0088,0.32996,1.73413
391,254.6,4191578,263049,0.555,0.12,15998,10801,14407,0.01874577,0,0,0.0771,0.1684,0.2557,0.0536,0.01271,0.10721,0.13103,-0.00898,0.34313,1.68331
392,255.3,4202405,263680,0.556,0.125,15897,10827,14441,0.01874253,0,0,0.0837,0.1584,0.2649,0.0486,0.0118,0.11323,0.11705,-0.00905,0.31639,1.71239
393,256.0,4213239,264333,0.526,0.12,16780,10834,14467,0.01873928,0,0,0.0755,0.1446,0.2489,0.0568,0.01181,0.10768,0.12768,-0.00881,0.33751,1.72205
394,256.6,4224041,264981,0.506,0.121,17216,10802,14391,0.01873603,0,0,0.0726,0.1336,0.2515,0.0484,0.01162,0.10941,0.12603,-0.00749,0.33084,1.70254
395,257.2,4234883,265631,0.494,0.121,17622,10842,14456,0.01873279,0,0,0.0762,0.1359,0.2386,0.0433,0.01255,0.10829,0.13077,-0.00499,0.33538,1.70487
396,257.9,4245698,266270,0.549,0.122,16126,10815,14451,0.01872954,0,0,0.0828,0.1473,0.2714,0.0473,0.0115,0.10987,0.12137,-0.00844,0.32402,1.71908
397,258.4,4256512,266920,0.429,0.12,19690,10814,14447,0.01872629,0,0,0.0616,0.106,0.2223,0.0391,0.01186,0.10798,0.11239,-0.01059,0.31018,1.71434
398,259.1,4267332,267566,0.55,0.123,16089,10820,14453,0.01872305,0,0,0.0779,0.1402,0.2501,0.0819,0.0113,0.11074,0.12749,-0.00909,0.33707,1.70715
399,259.8,4278195,268213,0.544,0.119,16389,10863,14486,0.0187198,0,0,0.0785,0.1715,0.2559,0.0378,0.01165,0.10712,0.11782,-0.00859,0.316,1.68733
400,260.4,4289001,268853,0.499,0.123,17385,10806,14459,0.01871654,0,0,0.0708,0.137,0.2564,0.0347,0.01097,0.11134,0.12008,-0.00905,0.32127,1.68361
401,261.4,4299798,269500,0.513,0.121,17027,10797,14430,0.0187133,0,0,0.0722,0.1288,0.242,0.0698,0.01305,0.10794,0.10702,-0.00959,0.29583,1.67297
402,262.0,4310579,270167,0.467,0.123,18264,10781,14435,0.01871006,0,0,0.0658,0.1249,0.2361,0.0402,0.01172,0.11128,0.11178,-0.00893,0.3026,1.63475
403,262.6,4321353,270834,0.439,0.123,19187,10774,14399,0.01870683,0,0,0.064,0.1068,0.2304,0.0373,0.01228,0.11033,0.11582,-0.0095,0.3124,1.65057
404,263.2,4332151,271483,0.477,0.121,18048,10798,14432,0.01870359,0,0,0.0685,0.1258,0.2414,0.0413,0.01136,0.10969,0.12441,-0.00874,0.32849,1.66267
405,263.8,4342890,272131,0.509,0.121,17051,10739,14366,0.01870035,0,0,0.0684,0.1233,0.2484,0.0686,0.01219,0.10838,0.10675,-0.00889,0.29463,1.69432
406,264.4,4353655,272793,0.472,0.122,18129,10765,14406,0.01869713,0,0,0.0655,0.1143,0.2463,0.0456,0.01229,0.10945,0.11915,-0.00834,0.31574,1.62458
407,265.0,4364449,273464,0.495,0.121,17534,10794,14442,0.0186939,0,0,0.0692,0.1304,0.2413,0.0541,0.01109,0.10907,0.11597,-0.01007,0.31288,1.62624
408,265.6,4375229,274122,0.445,0.12,19066,10780,14443,0.01869067,0,0,0.066,0.1151,0.2254,0.0383,0.01152,0.10868,0.11681,-0.00747,0.30959,1.63251
409,266.2,4386057,274782,0.454,0.124,18732,10828,14442,0.01868743,0,0,0.0653,0.1085,0.2243,0.0563,0.01099,0.11203,0.10941,-0.00681,0.2935,1.63315
410,266.7,4396808,275450,0.439,0.124,19074,10751,14387,0.01868418,0,0,0.0651,0.111,0.2272,0.0361,0.01129,0.11258,0.13074,-0.00866,0.33872,1.6034
411,267.3,4407635,276118,0.435,0.123,19387,10827,14454,0.01868096,0,0,0.0658,0.1092,0.2305,0.0297,0.01059,0.1123,0.1065,-0.00873,0.29147,1.63309
412,267.9,4418422,276781,0.445,0.125,18933,10787,14431,0.01867771,0,0,0.0664,0.1156,0.2241,0.039,0.01159,0.1125,0.11999,-0.00856,0.31829,1.63793
413,268.5,4429221,277426,0.512,0.123,16994,10799,14407,0.01867447,0,0,0.0742,0.1346,0.2464,0.0569,0.01179,0.11109,0.12408,-0.00703,0.32322,1.63294
414,269.1,4439981,278103,0.48,0.125,17774,10760,14372,0.01867123,0,0,0.0729,0.1279,0.2398,0.0396,0.01084,0.11404,0.12001,-0.00905,0.3178,1.59821
415,269.7,4450696,278777,0.49,0.125,17424,10715,14330,0.01866801,0,0,0.0721,0.1327,0.2481,0.0373,0.01137,0.11303,0.12613,-0.0094,0.33083,1.60082
416,270.3,4461488,279443,0.483,0.126,17732,10792,14414,0.01866479,0,0,0.0739,0.1281,0.2413,0.0398,0.01197,0.11309,0.12746,-0.00812,0.3308,1.59761
417,271.0,4472308,280117,0.547,0.13,15976,10820,14405,0.01866155,0,0,0.0765,0.158,0.2491,0.0636,0.0132,0.11652,0.11851,-0.00782,0.31198,1.58974
418,271.7,4483080,280809,0.525,0.128,16492,10772,14403,0.01865831,0,0,0.0799,0.1495,0.249,0.0471,0.01118,0.11606,0.13112,-0.00786,0.33619,1.56063
419,272.3,4493896,281487,0.499,0.126,17307,10816,14419,0.01865508,0,0,0.0761,0.138,0.2478,0.037,0.01279,0.11294,0.1306,-0.00447,0.32872,1.57016
420,272.9,4504681,282161,0.508,0.128,16977,10785,14421,0.01865183,0,0,0.0765,0.137,0.2493,0.0448,0.01257,0.11437,0.12466,-0.008,0.32433,1.58158
421,273.6,4515484,282846,0.504,0.125,17181,10803,14456,0.0186486,0,0,0.076,0.1249,0.2453,0.0574,0.01219,0.1123,0.12798,-0.00853,0.33225,1.58821
422,274.2,4526290,283531,0.506,0.13,16982,10806,14420,0.01864535,0,0,0.0755,0.1387,0.2461,0.0457,0.01233,0.11767,0.13172,-0.00655,0.33536,1.57728
423,274.8,4537119,284229,0.507,0.128,17053,10829,14469,0.01864211,0,0,0.078,0.1381,0.2527,0.0383,0.01262,0.11489,0.12241,-0.00874,0.32063,1.56424
424,275.5,4547933,284910,0.51,0.129,16916,10814,14453,0.01863886,0,0,0.0751,0.1358,0.261,0.0383,0.01147,0.11734,0.13848,-0.00701,0.34961,1.57296
425,276.1,4558798,285587,0.519,0.131,16729,10865,14502,0.01863562,0,0,0.0739,0.1326,0.2546,0.0576,0.01295,0.11752,0.11882,-0.0096,0.31802,1.64122
426,276.8,4569619,286273,0.519,0.129,16707,10821,14463,0.01863236,0,0,0.0736,0.1387,0.2624,0.0442,0.01151,0.1169,0.12457,-0.00831,0.32617,1.62096
427,277.4,4580485,286945,0.491,0.13,17500,10866,14495,0.01862911,0,0,0.0739,0.1298,0.2473,0.0397,0.01374,0.11632,0.12126,-0.00773,0.31841,1.62213
428,278.0,4591321,287631,0.505,0.128,17101,10836,14446,0.01862585,0,0,0.0779,0.1293,0.2549,0.0432,0.01149,0.11647,0.13842,-0.00753,0.35137,1.59616
429,278.7,4602105,288308,0.522,0.131,16537,10784,14428,0.0186226,0,0,0.0728,0.1369,0.2598,0.0521,0.01186,0.11786,0.11524,-0.00852,0.30752,1.6111
430,279.3,4612937,288987,0.505,0.13,17038,10832,14472,0.01861937,0,0,0.0751,0.1314,0.259,0.04,0.01215,0.11777,0.12328,-0.00896,0.32467,1.61646
431,279.9,4623823,289660,0.51,0.132,16945,10886,14562,0.01861612,0,0,0.0755,0.1462,0.2518,0.0366,0.0137,0.11823,0.11751,-0.00987,0.31495,1.61632
432,280.6,4634668,290331,0.56,0.129,15759,10845,14496,0.01861285,0,0,0.0777,0.1378,0.2507,0.0933,0.01117,0.11707,0.12989,-0.00999,0.33941,1.60246
433,281.3,4645541,290996,0.536,0.131,16303,10873,14512,0.0186096,0,0,0.0779,0.1477,0.2684,0.0415,0.01235,0.11857,0.1282,-0.00795,0.33171,1.59568
434,281.9,4656438,291667,0.51,0.131,16999,10897,14569,0.01860634,0,0,0.0753,0.1307,0.26,0.0443,0.01191,0.11843,0.13259,-0.0076,0.34029,1.60981
435,282.6,4667309,292345,0.492,0.122,17694,10871,14525,0.01860307,0,0,0.0723,0.1278,0.2558,0.0363,0.01231,0.10944,0.12238,-0.00896,0.32234,1.60371
436,283.2,4678156,293023,0.523,0.122,16820,10847,14487,0.01859981,0,0,0.0701,0.1204,0.2489,0.0837,0.01016,0.11127,0.12441,-0.00761,0.32248,1.57089
437,283.8,4688996,293694,0.483,0.124,17853,10840,14503,0.01859655,0,0,0.071,0.128,0.2452,0.0389,0.0134,0.11018,0.13427,-0.0076,0.34307,1.5953
438,284.4,4699866,294375,0.48,0.121,18086,10870,14512,0.0185933,0,0,0.0701,0.1199,0.248,0.0417,0.01113,0.10997,0.13134,-0.00668,0.33531,1.59437
439,285.0,4710761,295055,0.501,0.123,17449,10895,14523,0.01859004,0,0,0.0685,0.1291,0.2629,0.0408,0.01173,0.11097,0.12928,-0.00663,0.3322,1.62415
440,285.7,4721630,295726,0.552,0.119,16186,10869,14510,0.01858677,0,0,0.0762,0.1364,0.2607,0.0788,0.01062,0.10828,0.1298,-0.00944,0.33876,1.62161
441,286.3,4732483,296396,0.495,0.123,17578,10853,14502,0.01858351,0,0,0.0711,0.1311,0.2567,0.036,0.01153,0.11063,0.13168,-0.00724,0.33626,1.57185
442,286.9,4743334,297061,0.494,0.121,17655,10851,14506,0.01858026,0,0,0.0723,0.1336,0.246,0.0421,0.01089,0.10941,0.13206,-0.00731,0.33979,1.64242
443,287.6,4754231,297726,0.582,0.124,15442,10897,14539,0.018577,0,0,0.078,0.1589,0.2893,0.0559,0.01263,0.11051,0.11471,-0.00915,0.30801,1.62306
444,288.3,4765123,298399,0.513,0.121,17202,10892,14528,0.01857373,0,0,0.0738,0.1269,0.2635,0.0484,0.01127,0.10895,0.11606,-0.01061,0.31311,1.60915
445,288.9,4775983,299082,0.488,0.124,17747,10860,14534,0.01857046,0,0,0.0694,0.1282,0.2524,0.0377,0.01227,0.11149,0.12363,-0.00721,0.32111,1.60019
446,289.5,4786821,299768,0.494,0.122,17605,10838,14489,0.01856721,0,0,0.073,0.1305,0.2509,0.0394,0.01155,0.10976,0.11928,-0.01011,0.31903,1.62248
447,290.2,4797712,300440,0.519,0.122,17004,10891,14522,0.01856395,0,0,0.0759,0.1345,0.2609,0.0475,0.01251,0.10878,0.13333,-0.00753,0.34205,1.62486
448,290.8,4808610,301112,0.514,0.123,17104,10898,14557,0.01856069,0,0,0.0739,0.1385,0.2564,0.0457,0.01178,0.11062,0.13519,-0.00792,0.34478,1.57784
449,291.4,4819482,301782,0.491,0.122,17740,10872,14512,0.01855742,0,0,0.0717,0.1338,0.2535,0.032,0.01202,0.1094,0.12568,-0.00964,0.33217,1.65824
450,292.0,4830361,302465,0.482,0.122,18017,10879,14546,0.01855416,0,0,0.0722,0.1269,0.2452,0.038,0.01127,0.11,0.12273,-0.00979,0.32516,1.62035
451,292.6,4841230,303155,0.497,0.122,17555,10869,14514,0.01855089,0,0,0.0695,0.1257,0.2504,0.0514,0.0123,0.10954,0.13497,-0.00715,0.34262,1.57363
452,293.3,4852060,303838,0.524,0.121,16782,10830,14519,0.01854763,0,0,0.0741,0.1422,0.267,0.0408,0.0113,0.1096,0.11298,-0.0088,0.30334,1.61143
453,293.9,4862902,304516,0.501,0.121,17450,10842,14556,0.01854438,0,0,0.0705,0.1374,0.2508,0.0418,0.01217,0.10807,0.11573,-0.00814,0.30869,1.64351
454,294.5,4873731,305193,0.459,0.119,18720,10829,14505,0.01854113,0,0,0.0645,0.1184,0.232,0.0445,0.01111,0.10764,0.12258,-0.00827,0.32367,1.67101
455,295.1,4884576,305860,0.46,0.123,18618,10845,14496,0.01853788,0,0,0.0653,0.11,0.2385,0.0459,0.01277,0.10961,0.12102,-0.0082,0.31996,1.65982
456,295.7,4895424,306527,0.461,0.122,18611,10848,14574,0.01853463,0,0,0.0691,0.121,0.2364,0.0347,0.01111,0.11006,0.11607,-0.00902,0.3112,1.646
457,296.3,4906254,307193,0.493,0.128,17448,10830,14528,0.01853137,0,0,0.0771,0.1301,0.2474,0.0383,0.01314,0.11424,0.11486,-0.00785,0.30677,1.65517
458,296.9,4917144,307871,0.493,0.125,17631,10890,14560,0.01852812,0,0,0.0711,0.1254,0.2539,0.0424,0.0119,0.11267,0.1193,-0.01066,0.31944,1.60626
459,297.5,4927964,308578,0.465,0.118,18539,10820,14528,0.01852486,0,0,0.066,0.117,0.2409,0.0415,0.01079,0.10707,0.12557,-0.00552,0.32186,1.61057
460,298.1,4938765,309273,0.464,0.121,18457,10801,14499,0.01852161,0,0,0.0667,0.1189,0.2428,0.0354,0.01117,0.10989,0.11774,-0.00744,0.31057,1.6254
461,298.7,4949593,309938,0.467,0.123,18361,10828,14522,0.01851837,0,0,0.0692,0.1209,0.2381,0.0385,0.01204,0.11064,0.11562,-0.00709,0.30575,1.62909
462,299.3,4960421,310609,0.501,0.127,17251,10828,14527,0.01851512,0,0,0.0712,0.131,0.256,0.0426,0.01173,0.11486,0.11928,-0.00807,0.31596,1.65397
463,299.9,4971231,311272,0.515,0.126,16868,10810,14521,0.01851187,0,0,0.07,0.1299,0.2547,0.0601,0.01249,0.1132,0.11417,-0.00866,0.3062,1.6352
464,300.6,4982022,311953,0.526,0.127,16520,10791,14488,0.01850863,0,0,0.0764,0.1425,0.2628,0.0447,0.01182,0.1145,0.12552,-0.00929,0.32908,1.60628
465,301.2,4992837,312627,0.522,0.125,16704,10815,14498,0.01850539,0,0,0.0759,0.1411,0.2668,0.0383,0.01237,0.11216,0.11222,-0.00698,0.29936,1.64692
466,301.9,5003638,313307,0.543,0.123,16208,10801,14484,0.01850215,0,0,0.0772,0.1413,0.2848,0.0398,0.01118,0.11169,0.12195,-0.00934,0.32412,1.66299
467,302.6,5014431,313984,0.562,0.127,15679,10793,14492,0.01849891,0,0,0.0811,0.1582,0.2556,0.0668,0.01233,0.11378,0.11907,-0.01027,0.32071,1.67681
468,303.2,5025251,314673,0.504,0.127,17132,10820,14528,0.01849567,0,0,0.0775,0.1351,0.2467,0.0451,0.01193,0.11456,0.12764,-0.01037,0.3367,1.64058
469,303.9,5036047,315345,0.498,0.127,17280,10796,14472,0.01849242,0,0,0.0742,0.1336,0.2534,0.0367,0.01189,0.11451,0.1352,-0.00918,0.34969,1.64732
470,304.5,5046887,316035,0.547,0.126,16116,10840,14554,0.01848919,0,0,0.0713,0.1318,0.2634,0.0804,0.01264,0.11268,0.11162,-0.0085,0.30121,1.64851
471,305.1,5057661,316716,0.472,0.124,18085,10774,14489,0.01848593,0,0,0.0688,0.1262,0.243,0.0338,0.01228,0.11121,0.10983,-0.00927,0.299,1.64468
472,305.7,5068424,317410,0.462,0.121,18462,10763,14489,0.0184827,0,0,0.0688,0.1215,0.2365,0.0349,0.01104,0.10977,0.11594,-0.00723,0.30722,1.6471
473,306.3,5079167,318100,0.479,0.126,17755,10743,14432,0.01847947,0,0,0.069,0.1229,0.245,0.042,0.01161,0.11416,0.12722,-0.0075,0.32918,1.6161
474,307.0,5089962,318783,0.522,0.128,16614,10795,14490,0.01847625,0,0,0.0706,0.1255,0.2448,0.0812,0.01148,0.1158,0.11,-0.0095,0.29959,1.63957
475,307.6,5100747,319472,0.476,0.128,17862,10785,14490,0.01847301,0,0,0.0712,0.1228,0.2405,0.0411,0.01351,0.11409,0.12516,-0.0111,0.33389,1.66108
476,308.2,5111511,320153,0.486,0.127,17562,10764,14451,0.01846978,0,0,0.0718,0.1246,0.2496,0.0398,0.01184,0.11473,0.11445,-0.01011,0.30869,1.61259
477,308.8,5122285,320842,0.465,0.129,18136,10774,14481,0.01846655,0,0,0.07,0.1228,0.2337,0.0388,0.0117,0.11667,0.11677,-0.00813,0.31121,1.6627
478,309.4,5133042,321530,0.506,0.125,17055,10757,14461,0.01846331,0,0,0.0685,0.117,0.2437,0.0763,0.0111,0.11353,0.13059,-0.00845,0.33771,1.61503
479,310.0,5143828,322209,0.457,0.128,18418,10786,14470,0.01846009,0,0,0.068,0.1196,0.2293,0.0403,0.01193,0.11606,0.12192,-0.00906,0.32286,1.64943
480,310.6,5154626,322906,0.497,0.123,17420,10798,14476,0.01845685,0,0,0.0749,0.129,0.2617,0.0309,0.01082,0.11224,0.11366,-0.00921,0.30615,1.63642
481,311.1,5165416,323593,0.41,0.123,20225,10790,14499,0.01845361,0,0,0.062,0.1004,0.2193,0.0286,0.01127,0.11168,0.12139,-0.00906,0.32041,1.61232
482,311.7,5176149,324280,0.469,0.129,17936,10733,14427,0.01845038,0,0,0.0657,0.1029,0.2255,0.075,0.0122,0.11665,0.12189,-0.00747,0.31837,1.61642
483,312.3,5186878,324986,0.392,0.126,20727,10729,14447,0.01844716,0,0,0.0597,0.0939,0.2087,0.0296,0.0115,0.11391,0.1324,-0.00946,0.34296,1.60586
484,312.8,5197599,325690,0.396,0.126,20557,10721,14424,0.01844394,0,0,0.0596,0.0943,0.2118,0.0303,0.01105,0.11411,0.1237,-0.0093,0.3251,1.60242
485,313.3,5208387,326368,0.394,0.126,20770,10788,14492,0.01844072,0,0,0.0601,0.0946,0.2121,0.0271,0.01099,0.11429,0.12038,-0.00959,0.3203,1.63719
486,313.9,5219139,327055,0.426,0.126,19464,10752,14445,0.01843748,0,0,0.0573,0.0936,0.2118,0.0634,0.01122,0.11461,0.13165,-0.01021,0.34287,1.60402
487,314.4,5229892,327745,0.399,0.118,20817,10753,14452,0.01843426,0,0,0.0598,0.0974,0.2141,0.0272,0.01094,0.10674,0.12133,-0.00867,0.31759,1.56243
488,314.9,5240679,328462,0.377,0.117,21825,10787,14494,0.01843103,0,0,0.0563,0.0899,0.2029,0.0277,0.00966,0.10747,0.12285,-0.00837,0.32124,1.59496
489,315.4,5251455,329145,0.375,0.118,21863,10776,14461,0.0184278,0,0,0.0546,0.0875,0.2031,0.0295,0.01069,0.10721,0.12149,-0.01154,0.32512,1.60295
490,315.9,5262232,329827,0.379,0.118,21672,10777,14474,0.01842456,0,0,0.0556,0.0898,0.2049,0.0289,0.01098,0.10677,0.11939,-0.00891,0.31535,1.59441
491,316.4,5273033,330517,0.411,0.118,20434,10801,14523,0.01842133,0,0,0.0587,0.098,0.2091,0.0447,0.01101,0.10671,0.12449,-0.00942,0.32698,1.60564
492,316.9,5283819,331210,0.388,0.117,21355,10786,14482,0.01841809,0,0,0.0576,0.0947,0.2072,0.0283,0.01056,0.1064,0.11986,-0.00956,0.31804,1.60687
493,317.4,5294639,331885,0.401,0.119,20825,10820,14531,0.01841485,0,0,0.058,0.0987,0.2149,0.0294,0.01147,0.1069,0.12405,-0.00701,0.3202,1.57716
494,317.9,5305446,332587,0.386,0.119,21383,10807,14536,0.01841161,0,0,0.0571,0.0918,0.2068,0.0307,0.01104,0.10766,0.12862,-0.00889,0.33341,1.58561
495,318.5,5316228,333269,0.458,0.121,18637,10782,14478,0.01840837,0,0,0.066,0.1189,0.2334,0.0394,0.01102,0.10939,0.13454,-0.00606,0.33905,1.57123
496,319.0,5326994,333980,0.401,0.12,20679,10766,14454,0.01840513,0,0,0.0597,0.0986,0.2144,0.0285,0.01093,0.10827,0.11855,-0.00929,0.31333,1.56591
497,319.5,5337806,334682,0.397,0.119,20946,10812,14494,0.0184019,0,0,0.0586,0.0973,0.2114,0.0299,0.01097,0.10775,0.12177,-0.00813,0.31726,1.56107
498,320.1,5348569,335382,0.416,0.12,20061,10763,14477,0.01839866,0,0,0.0608,0.1034,0.218,0.034,0.0117,0.10827,0.13738,-0.00652,0.34696,1.60811
499,320.6,5359297,336075,0.437,0.119,19310,10728,14403,0.01839543,0,0,0.0624,0.109,0.2257,0.0398,0.01126,0.10713,0.12234,-0.00948,0.32096,1.55771
500,321.1,5370048,336772,0.398,0.12,20740,10751,14493,0.01839221,0,0,0.0599,0.097,0.2111,0.0299,0.01097,0.10916,0.1144,-0.01173,0.30912,1.54563
501,321.7,5380798,337486,0.408,0.119,20400,10750,14453,0.01838899,0,0,0.0602,0.1027,0.2181,0.0267,0.01115,0.10779,0.12614,-0.00816,0.32518,1.53835
502,322.2,5391507,338174,0.372,0.121,21717,10709,14454,0.01838576,0,0,0.0581,0.0881,0.198,0.028,0.01077,0.10993,0.11976,-0.00657,0.31101,1.58694
503,322.7,5402244,338897,0.403,0.121,20505,10737,14534,0.01838255,0,0,0.0593,0.0934,0.2056,0.0443,0.01135,0.10933,0.13336,-0.00917,0.34262,1.56568
504,323.2,5412953,339595,0.418,0.121,19846,10709,14474,0.01837933,0,0,0.0622,0.1051,0.2184,0.0328,0.01116,0.10967,0.11206,-0.00836,0.29952,1.59674
505,323.8,5423691,340325,0.422,0.121,19779,10738,14499,0.01837611,0,0,0.0644,0.105,0.2206,0.0321,0.01168,0.10872,0.1268,-0.00911,0.32919,1.56079
506,324.4,5434348,341042,0.466,0.12,18177,10657,14443,0.01837289,0,0,0.0694,0.1227,0.2396,0.0342,0.01085,0.10907,0.12016,-0.00844,0.31522,1.57879
507,325.0,5445102,341735,0.496,0.118,17532,10754,14514,0.0183697,0,0,0.0712,0.1292,0.2407,0.0545,0.01128,0.10626,0.11124,-0.00924,0.29985,1.60243
508,325.6,5455811,342436,0.459,0.119,18510,10709,14465,0.01836647,0,0,0.0684,0.1212,0.2354,0.0344,0.01069,0.10816,0.11269,-0.00754,0.29952,1.60803
509,326.1,5466540,343130,0.454,0.119,18722,10729,14466,0.01836326,0,0,0.0701,0.1199,0.2321,0.0322,0.01054,0.10785,0.12105,-0.00633,0.31409,1.61524
510,326.7,5477246,343844,0.446,0.119,18932,10706,14466,0.01836004,0,0,0.0688,0.1161,0.2275,0.034,0.01079,0.10785,0.12269,-0.01064,0.32598,1.61529
511,327.3,5487985,344534,0.485,0.12,17734,10739,14497,0.01835683,0,0,0.0711,0.1221,0.237,0.0551,0.012,0.10786,0.12575,-0.00738,0.32454,1.58709
512,327.9,5498740,345236,0.484,0.119,17854,10755,14537,0.0183536,0,0,0.0744,0.1283,0.2466,0.0343,0.01093,0.10735,0.11711,-0.01069,0.31507,1.62014
513,328.5,5509505,345915,0.469,0.122,18222,10765,14522,0.01835038,0,0,0.0708,0.1303,0.2351,0.0328,0.01212,0.10926,0.10848,-0.01018,0.29616,1.60315
514,329.1,5520262,346591,0.446,0.12,19026,10757,14489,0.01834715,0,0,0.0656,0.1214,0.2272,0.0313,0.01124,0.10815,0.1137,-0.00739,0.30036,1.58517
515,329.8,5531006,347277,0.566,0.123,15596,10744,14474,0.01834392,0,0,0.0753,0.1531,0.2508,0.0869,0.01225,0.1103,0.10771,-0.00868,0.29114,1.59047
516,330.6,5541730,347953,0.75,0.124,12268,10724,14496,0.0183407,0,0,0.0781,0.1846,0.2592,0.2282,0.01187,0.11175,0.1202,-0.00842,0.3165,1.61587
517,331.3,5552431,348637,0.567,0.125,15462,10701,14473,0.01833748,0,0,0.0748,0.1704,0.2476,0.0745,0.01192,0.11245,0.10714,-0.00782,0.28866,1.60185
518,332.0,5563175,349319,0.534,0.123,16357,10744,14502,0.01833427,0,0,0.0765,0.1286,0.2494,0.0796,0.01183,0.11045,0.11273,-0.00879,0.30173,1.6004
519,332.6,5573896,349995,0.502,0.123,17148,10721,14490,0.01833105,0,0,0.0721,0.1297,0.2392,0.0613,0.01095,0.11142,0.1029,-0.00903,0.28238,1.59603
520,333.2,5584600,350684,0.51,0.122,16942,10704,14459,0.01832783,0,0,0.0779,0.1391,0.2451,0.0476,0.01178,0.10989,0.12232,-0.00772,0.31789,1.5771
521,333.9,5595273,351376,0.529,0.125,16331,10673,14461,0.01832462,0,0,0.0816,0.1484,0.2647,0.034,0.01186,0.11256,0.12209,-0.00815,0.31729,1.55024
522,334.6,5605987,352065,0.605,0.122,14732,10714,14494,0.01832142,0,0,0.0809,0.1608,0.2608,0.1025,0.01154,0.11035,0.11007,-0.00819,0.29314,1.54527
523,335.3,5616695,352744,0.522,0.122,16618,10708,14465,0.0183182,0,0,0.0752,0.1438,0.2532,0.05,0.01215,0.1095,0.11279,-0.00845,0.29906,1.54403
524,335.9,5627383,353427,0.485,0.122,17629,10688,14455,0.01831499,0,0,0.0755,0.1238,0.2435,0.0419,0.01168,0.10957,0.10221,-0.00911,0.28035,1.57494
525,336.5,5638038,354122,0.507,0.123,16920,10655,14423,0.01831179,0,0,0.0751,0.1309,0.2468,0.0538,0.01271,0.10983,0.11206,-0.00704,0.29475,1.54406
526,337.2,5648698,354805,0.533,0.121,16304,10660,14441,0.01830859,0,0,0.0751,0.134,0.2425,0.0816,0.01153,0.10865,0.11405,-0.00789,0.3011,1.56298
527,337.8,5659402,355486,0.495,0.122,17360,10704,14450,0.01830539,0,0,0.0749,0.1429,0.2449,0.0322,0.01195,0.10931,0.11223,-0.01005,0.30157,1.55719
528,338.4,5670100,356175,0.479,0.125,17710,10698,14439,0.01830218,0,0,0.0746,0.1304,0.238,0.0357,0.01123,0.11348,0.11369,-0.00894,0.30277,1.57102
529,339.0,5680837,356855,0.47,0.126,18017,10737,14524,0.01829897,0,0,0.073,0.1294,0.2316,0.0356,0.01213,0.11365,0.11435,-0.00711,0.30176,1.60733
530,339.7,5691553,357516,0.545,0.127,15939,10716,14482,0.01829575,0,0,0.0755,0.1394,0.2552,0.0748,0.01186,0.11513,0.11221,-0.00882,0.30008,1.58554
531,340.3,5702314,358173,0.508,0.127,16950,10761,14511,0.01829253,0,0,0.0758,0.1426,0.252,0.0372,0.01248,0.11417,0.10636,-0.00832,0.2869,1.57282
532,340.9,5713025,358873,0.516,0.125,16694,10711,14481,0.01828931,0,0,0.0767,0.1422,0.2579,0.0393,0.01225,0.11292,0.11313,-0.00635,0.29543,1.54387
533,341.6,5723708,359550,0.546,0.128,15851,10683,14449,0.01828609,0,0,0.0798,0.1563,0.2684,0.0418,0.01363,0.11351,0.12189,-0.00886,0.31978,1.59363
534,342.3,5734419,360247,0.594,0.129,14815,10711,14489,0.01828289,0,0,0.0891,0.1536,0.2708,0.0802,0.01312,0.11575,0.11416,-0.00674,0.29851,1.55098
535,343.0,5745132,360944,0.542,0.134,15839,10713,14476,0.01827967,0,0,0.0838,0.1541,0.2559,0.0484,0.01289,0.12076,0.11495,-0.00626,0.29801,1.52051
536,343.7,5755834,361631,0.564,0.129,15451,10702,14431,0.01827646,0,0,0.0843,0.1615,0.2697,0.0481,0.01266,0.11592,0.11934,-0.00945,0.31452,1.55783
537,344.4,5766510,362329,0.588,0.13,14871,10676,14441,0.01827325,0,0,0.0862,0.1658,0.2739,0.0624,0.01221,0.11704,0.10788,-0.00913,0.29161,1.57564
538,345.1,5777232,363014,0.555,0.128,15689,10722,14493,0.01827005,0,0,0.0845,0.1587,0.2689,0.0429,0.01186,0.1161,0.11187,-0.00737,0.29524,1.55352
539,345.8,5787920,363712,0.543,0.127,15950,10688,14445,0.01826683,0,0,0.0814,0.1548,0.2619,0.0449,0.01182,0.11478,0.09926,-0.00896,0.27496,1.60145
540,346.4,5798613,364400,0.545,0.119,16110,10693,14468,0.01826362,0,0,0.0804,0.1613,0.2619,0.0409,0.01186,0.10695,0.11077,-0.00685,0.29339,1.59225
541,347.1,5809323,365059,0.534,0.122,16336,10710,14420,0.01826042,0,0,0.0823,0.1503,0.2631,0.0382,0.01236,0.10882,0.11184,-0.007,0.29556,1.5852
542,347.7,5820057,365752,0.528,0.125,16437,10734,14517,0.0182572,0,0,0.0799,0.1413,0.2645,0.042,0.01206,0.1129,0.10152,-0.00925,0.28022,1.60724
543,348.4,5830717,366439,0.512,0.12,16879,10660,14428,0.01825398,0,0,0.078,0.1466,0.2513,0.0358,0.01054,0.10885,0.10494,-0.01101,0.29076,1.61212
544,349.1,5841405,367130,0.576,0.122,15309,10688,14448,0.01825078,0,0,0.0798,0.1519,0.2705,0.0737,0.01162,0.1103,0.1098,-0.00832,0.29505,1.61109
545,349.7,5852065,367817,0.52,0.124,16562,10660,14433,0.01824758,0,0,0.0817,0.1509,0.2438,0.0437,0.01254,0.11062,0.10924,-0.00862,0.29484,1.62007
546,350.4,5862799,368529,0.515,0.12,16910,10734,14515,0.01824438,0,0,0.0839,0.1377,0.2537,0.0396,0.01017,0.10924,0.11582,-0.011,0.31296,1.6257
547,351.0,5873448,369204,0.511,0.121,16848,10649,14386,0.01824116,0,0,0.0732,0.1304,0.2499,0.0571,0.01159,0.10928,0.1162,-0.01047,0.31266,1.62628
548,351.6,5884066,369868,0.53,0.122,16280,10618,14402,0.01823797,0,0,0.077,0.1509,0.2586,0.0434,0.0113,0.11072,0.11271,-0.01081,0.30839,1.6821
549,352.3,5894789,370539,0.513,0.121,16924,10723,14458,0.01823478,0,0,0.078,0.1465,0.2488,0.0392,0.01171,0.10895,0.10285,-0.00814,0.28189,1.64284
550,352.9,5905533,371214,0.496,0.119,17462,10744,14509,0.01823156,0,0,0.0735,0.1274,0.2567,0.0382,0.01172,0.10735,0.10536,-0.00883,0.28877,1.65594
551,353.5,5916182,371881,0.516,0.119,16758,10649,14420,0.01822834,0,0,0.0748,0.1369,0.2519,0.0526,0.01162,0.10722,0.11184,-0.00857,0.30221,1.68429
552,354.2,5926901,372540,0.477,0.119,17974,10719,14454,0.01822515,0,0,0.0703,0.1278,0.2417,0.0372,0.01137,0.10758,0.11412,-0.00806,0.30574,1.68399
553,354.7,5937650,373227,0.468,0.121,18241,10749,14524,0.01822193,0,0,0.0701,0.1271,0.2412,0.0299,0.01192,0.10862,0.11537,-0.0093,0.30912,1.64047
554,355.3,5948343,373906,0.486,0.12,17645,10693,14444,0.01821871,0,0,0.0721,0.1345,0.2408,0.0386,0.01195,0.10753,0.11995,-0.00899,0.31631,1.60359
555,356.0,5959004,374569,0.496,0.121,17279,10661,14393,0.0182155,0,0,0.0718,0.1267,0.2465,0.0512,0.0119,0.10841,0.11246,-0.00979,0.30299,1.60526
556,356.6,5969698,375256,0.487,0.119,17660,10694,14432,0.0182123,0,0,0.0719,0.1342,0.2413,0.0391,0.01114,0.10748,0.10172,-0.00922,0.28193,1.64843
557,357.2,5980386,375929,0.487,0.122,17531,10688,14428,0.01820909,0,0,0.0716,0.1422,0.2388,0.0348,0.01229,0.1095,0.11448,-0.00919,0.30656,1.62626
558,357.8,5991070,376615,0.503,0.121,17107,10684,14412,0.01820588,0,0,0.0743,0.1332,0.2536,0.0422,0.01109,0.1098,0.11227,-0.00988,0.30253,1.59914
559,358.4,6001705,377310,0.515,0.122,16678,10635,14374,0.01820268,0,0,0.0756,0.1449,0.2487,0.0462,0.01175,0.11018,0.10754,-0.01016,0.29367,1.60053
560,359.1,6012379,377991,0.493,0.121,17386,10674,14431,0.01819949,0,0,0.0707,0.1304,0.255,0.0365,0.01192,0.10914,0.1039,-0.0106,0.28905,1.64961
561,359.7,6023038,378665,0.48,0.121,17735,10659,14407,0.01819629,0,0,0.0756,0.1308,0.2403,0.0337,0.01124,0.10895,0.10975,-0.01058,0.30029,1.63825
562,360.3,6033728,379368,0.487,0.122,17564,10690,14444,0.01819309,0,0,0.0732,0.1358,0.2405,0.0373,0.01203,0.10932,0.11626,-0.01012,0.31251,1.64225
563,360.9,6044424,380038,0.506,0.122,17021,10696,14433,0.01818988,0,0,0.0761,0.1381,0.2523,0.0396,0.01272,0.10917,0.10651,-0.00883,0.29027,1.63772
564,361.5,6055045,380726,0.481,0.12,17680,10621,14398,0.01818667,0,0,0.0766,0.1331,0.2345,0.0366,0.01104,0.10869,0.10304,-0.00999,0.28586,1.64426
565,362.1,6065759,381417,0.479,0.12,17896,10714,14448,0.01818349,0,0,0.0718,0.1353,0.2388,0.0333,0.01152,0.10764,0.10934,-0.00896,0.29525,1.6133
566,362.7,6076429,382117,0.514,0.119,16874,10670,14408,0.01818027,0,0,0.0718,0.1299,0.235,0.0771,0.01083,0.10734,0.10433,-0.01116,0.29069,1.64209
567,363.3,6087068,382798,0.479,0.12,17770,10639,14361,0.01817707,0,0,0.0729,0.1368,0.2364,0.0328,0.01171,0.10771,0.12146,-0.01097,0.32336,1.60907
568,363.9,6097733,383502,0.467,0.121,18163,10665,14402,0.01817388,0,0,0.0713,0.1266,0.2343,0.0345,0.01205,0.10815,0.10537,-0.00913,0.28683,1.59081
569,364.5,6108434,384205,0.509,0.12,17023,10701,14435,0.01817068,0,0,0.0764,0.1497,0.2472,0.0353,0.01135,0.10843,0.11329,-0.01208,0.30912,1.60641
570,365.2,6119127,384891,0.542,0.121,16116,10693,14436,0.01816747,0,0,0.0745,0.1356,0.2516,0.0804,0.01194,0.10899,0.11551,-0.00731,0.30272,1.57121
571,365.9,6129781,385591,0.547,0.121,15946,10654,14379,0.01816426,0,0,0.0762,0.1583,0.2673,0.0453,0.01178,0.10896,0.1078,-0.00883,0.29112,1.59221
572,366.5,6140478,386285,0.498,0.122,17239,10697,14413,0.01816107,0,0,0.0771,0.134,0.2508,0.0365,0.01093,0.11092,0.10167,-0.0106,0.28329,1.61741
573,367.1,6151164,386992,0.504,0.121,17089,10686,14423,0.01815786,0,0,0.0759,0.1389,0.2559,0.0337,0.01196,0.10864,0.10164,-0.00924,0.27965,1.59421
574,367.8,6161827,387679,0.544,0.121,16050,10663,14396,0.01815465,0,0,0.0769,0.1406,0.2439,0.0822,0.01136,0.10889,0.10193,-0.00781,0.27647,1.56927
575,368.4,6172558,388380,0.526,0.123,16537,10731,14448,0.01815145,0,0,0.0803,0.1466,0.263,0.0364,0.01207,0.11015,0.10504,-0.01007,0.28774,1.58496
576,369.1,6183298,389074,0.58,0.123,15284,10740,14473,0.01814823,0,0,0.0834,0.1655,0.2816,0.0497,0.01167,0.11041,0.10682,-0.01082,0.29391,1.6152
577,369.8,6194010,389746,0.493,0.121,17429,10712,14477,0.01814501,0,0,0.0754,0.1479,0.2369,0.0332,0.0116,0.10917,0.09725,-0.01003,0.27425,1.64504
578,370.5,6204753,390440,0.572,0.129,15313,10743,14484,0.0181418,0,0,0.0807,0.1533,0.2468,0.0916,0.01219,0.11656,0.11309,-0.00702,0.3002,1.65318
579,371.1,6215431,391138,0.546,0.129,15816,10678,14402,0.01813857,0,0,0.0847,0.1547,0.2654,0.0409,0.0128,0.11627,0.1017,-0.00985,0.28309,1.6533
580,371.8,6226114,391843,0.526,0.128,16340,10683,14416,0.01813537,0,0,0.0802,0.1495,0.2593,0.0369,0.01143,0.11591,0.10076,-0.01034,0.28167,1.6397
581,372.4,6236789,392542,0.522,0.128,16425,10675,14413,0.01813217,0,0,0.0827,0.1481,0.2538,0.0372,0.0116,0.11617,0.10141,-0.00963,0.28233,1.66099
582,373.1,6247456,393241,0.582,0.129,14998,10667,14421,0.01812896,0,0,0.0833,0.1541,0.2608,0.0843,0.01201,0.11633,0.10503,-0.01046,0.2907,1.64669
583,373.8,6258159,393934,0.516,0.127,16641,10703,14450,0.01812576,0,0,0.0845,0.1375,0.2569,0.0373,0.0116,0.11508,0.10504,-0.01182,0.29278,1.62956
584,374.4,6268833,394642,0.52,0.13,16421,10674,14389,0.01812255,0,0,0.0779,0.141,0.2574,0.0441,0.01272,0.11636,0.11391,-0.00827,0.30279,1.61232
585,375.2,6279553,395344,0.593,0.129,14856,10720,14442,0.01811935,0,0,0.0908,0.1746,0.2775,0.0497,0.01233,0.11614,0.10786,-0.01038,0.29466,1.60544
586,375.9,6290257,396030,0.607,0.13,14524,10704,14442,0.01811613,0,0,0.0929,0.1784,0.2749,0.0609,0.01197,0.1175,0.09807,-0.01119,0.27791,1.63906
587,376.6,6300966,396731,0.576,0.132,15123,10709,14458,0.01811292,0,0,0.0912,0.1692,0.2629,0.0529,0.01359,0.11798,0.11755,-0.00966,0.31399,1.64476
588,377.4,6311679,397411,0.618,0.132,14293,10713,14461,0.01810971,0,0,0.0885,0.1503,0.2781,0.1007,0.01294,0.11851,0.10085,-0.01073,0.28343,1.66373
589,378.0,6322381,398116,0.551,0.128,15744,10702,14438,0.0181065,0,0,0.0879,0.1621,0.2574,0.0441,0.01322,0.11463,0.11214,-0.01041,0.30503,1.65527
590,378.7,6333092,398805,0.528,0.121,16517,10711,14434,0.01810329,0,0,0.0833,0.1497,0.2599,0.035,0.0122,0.10803,0.11254,-0.00967,0.30614,1.70441
591,379.3,6343775,399509,0.495,0.122,17295,10683,14410,0.01810007,0,0,0.0768,0.1296,0.2541,0.0348,0.01223,0.10984,0.11097,-0.00869,0.29903,1.64948
592,380.0,6354445,400208,0.558,0.12,15739,10670,14408,0.01809687,0,0,0.0778,0.1508,0.2561,0.0735,0.01095,0.10834,0.10196,-0.01025,0.28545,1.68655
593,380.7,6365139,400895,0.547,0.122,15984,10694,14411,0.01809367,0,0,0.0786,0.148,0.264,0.0563,0.0128,0.10886,0.11954,-0.01067,0.32072,1.66645
594,381.3,6375827,401583,0.55,0.122,15925,10688,14405,0.01809046,0,0,0.0824,0.1538,0.2684,0.045,0.01243,0.10879,0.13118,-0.01011,0.3416,1.63148
595,382.0,6386517,402268,0.578,0.121,15293,10690,14415,0.01808725,0,0,0.0916,0.1652,0.265,0.0566,0.01203,0.10817,0.10871,-0.00866,0.29366,1.62928
596,382.7,6397211,402959,0.559,0.12,15769,10694,14445,0.01808404,0,0,0.0852,0.161,0.2667,0.0457,0.01157,0.10744,0.11972,-0.00893,0.31703,1.65161
597,383.4,6407888,403645,0.567,0.121,15522,10677,14406,0.01808084,0,0,0.0863,0.1745,0.261,0.0454,0.01209,0.10806,0.11912,-0.00881,0.31493,1.63348
598,384.1,6418564,404326,0.609,0.12,14637,10676,14406,0.01807763,0,0,0.0839,0.1667,0.2687,0.0899,0.01173,0.10789,0.11739,-0.01095,0.31616,1.64476
599,384.8,6429213,404985,0.577,0.122,15235,10649,14377,0.01807443,0,0,0.0884,0.1805,0.2672,0.0408,0.01215,0.10953,0.11785,-0.01033,0.31621,1.65516
600,385.5,6439895,405664,0.553,0.12,15857,10682,14413,0.01807124,0,0,0.0825,0.1677,0.2519,0.0511,0.01141,0.10866,0.12667,-0.0102,0.33297,1.63871
601,386.6,6450544,406343,0.592,0.122,14923,10649,14408,0.01806803,0,0,0.088,0.1625,0.2664,0.0747,0.01242,0.10922,0.11568,-0.00887,0.30914,1.6613
602,387.3,6461234,407026,0.535,0.122,16279,10690,14435,0.01806484,0,0,0.0792,0.1527,0.2578,0.0454,0.01147,0.10957,0.12595,-0.00867,0.32733,1.60796
603,388.1,6471840,407709,0.642,0.123,13869,10606,14354,0.01806163,0,0,0.088,0.1694,0.2833,0.101,0.0127,0.10996,0.12781,-0.01036,0.33445,1.60836
604,388.8,6482488,408385,0.644,0.121,13919,10648,14344,0.01805845,0,0,0.0874,0.1812,0.2736,0.1019,0.01175,0.10872,0.12327,-0.01127,0.32582,1.57131
605,389.5,6493171,409065,0.551,0.12,15922,10683,14431,0.01805525,0,0,0.086,0.16,0.2604,0.0444,0.01227,0.10747,0.12948,-0.01216,0.34022,1.57688
606,390.1,6503891,409730,0.513,0.12,16936,10720,14436,0.01805205,0,0,0.0768,0.1431,0.2545,0.0387,0.01101,0.10822,0.11631,-0.00879,0.30687,1.56958
607,390.8,6514568,410418,0.535,0.119,16325,10677,14432,0.01804883,0,0,0.0825,0.156,0.2561,0.04,0.01156,0.10746,0.12886,-0.00866,0.33169,1.56904
608,391.5,6525273,411076,0.565,0.12,15617,10705,14420,0.01804563,0,0,0.0821,0.1528,0.2535,0.0771,0.01193,0.10774,0.11617,-0.011,0.31036,1.55187
609,392.1,6535967,411760,0.506,0.12,17082,10694,14437,0.01804242,0,0,0.0782,0.145,0.2441,0.0391,0.01179,0.1075,0.1219,-0.01124,0.32317,1.57664
610,392.7,6546679,412424,0.509,0.121,17015,10712,14431,0.01803921,0,0,0.076,0.1343,0.2465,0.052,0.01181,0.10862,0.11831,-0.00592,0.30499,1.56693
611,393.4,6557372,413126,0.514,0.12,16872,10693,14423,0.018036,0,0,0.0752,0.1402,0.26,0.0382,0.01228,0.10749,0.11073,-0.01156,0.30054,1.55114
612,394.0,6568051,413831,0.554,0.121,15810,10679,14412,0.01803279,0,0,0.0776,0.1435,0.2543,0.0786,0.01268,0.10841,0.12094,-0.0106,0.31995,1.57707
613,394.7,6578739,414506,0.526,0.123,16471,10688,14417,0.01802958,0,0,0.0758,0.1519,0.2582,0.0399,0.01346,0.10911,0.12408,-0.00736,0.32016,1.58856
614,395.3,6589436,415175,0.505,0.121,17088,10697,14409,0.01802638,0,0,0.0803,0.1419,0.2445,0.0383,0.01124,0.10944,0.11689,-0.00969,0.30981,1.57154
615,396.0,6600134,415868,0.54,0.121,16172,10698,14409,0.01802317,0,0,0.0725,0.1356,0.2493,0.0828,0.01175,0.10913,0.11176,-0.00899,0.29867,1.58587
616,396.6,6610738,416550,0.509,0.125,16732,10604,14336,0.01801996,0,0,0.075,0.1324,0.2482,0.0534,0.01438,0.1099,0.12895,-0.01089,0.33648,1.57574
617,397.3,6621451,417238,0.573,0.121,15427,10713,14434,0.01801678,0,0,0.0901,0.1677,0.2752,0.0403,0.01149,0.10925,0.12582,-0.0068,0.32211,1.57801
618,398.0,6632144,417905,0.534,0.122,16296,10693,14444,0.01801356,0,0,0.079,0.1437,0.267,0.044,0.01237,0.10959,0.10881,-0.0097,0.29536,1.61926
619,398.7,6642845,418579,0.589,0.122,15051,10701,14416,0.01801036,0,0,0.0786,0.1628,0.2629,0.0846,0.0141,0.1075,0.12351,-0.00956,0.32354,1.59327
620,399.3,6653546,419267,0.5,0.12,17250,10701,14435,0.01800715,0,0,0.0743,0.1393,0.2456,0.0413,0.01097,0.10848,0.11955,-0.00923,0.31571,1.61407
621,400.0,6664294,419918,0.577,0.121,15420,10748,14474,0.01800394,0,0,0.0865,0.1717,0.2702,0.048,0.01152,0.1086,0.11805,-0.00906,0.31147,1.59012
622,400.7,6674994,420615,0.548,0.12,16005,10700,14450,0.01800071,0,0,0.0816,0.1604,0.2597,0.0464,0.01186,0.1081,0.11639,-0.00877,0.30924,1.63644
623,401.4,6685679,421290,0.601,0.123,14768,10685,14438,0.0179975,0,0,0.0824,0.1597,0.2877,0.0709,0.01435,0.10805,0.1112,-0.01085,0.30328,1.64434
624,402.1,6696375,421967,0.581,0.121,15227,10696,14411,0.0179943,0,0,0.0779,0.1444,0.3019,0.057,0.01245,0.1082,0.11973,-0.00934,0.31665,1.62566
625,402.8,6707048,422652,0.553,0.131,15605,10673,14400,0.01799109,0,0,0.0839,0.1572,0.2665,0.0456,0.01255,0.11784,0.1184,-0.00911,0.31312,1.61425
626,403.5,6717744,423325,0.603,0.13,14593,10696,14418,0.01798789,0,0,0.0803,0.1422,0.2679,0.1125,0.01141,0.11816,0.10676,-0.01157,0.29496,1.6209
627,404.1,6728459,424002,0.523,0.131,16390,10715,14456,0.01798468,0,0,0.0814,0.1449,0.2511,0.0457,0.0126,0.11764,0.11688,-0.00898,0.31,1.62013
628,404.8,6739135,424682,0.55,0.131,15687,10676,14420,0.01798146,0,0,0.0875,0.1521,0.2666,0.0434,0.01173,0.11878,0.10896,-0.01027,0.29755,1.64266
629,405.6,6749830,425370,0.616,0.13,14336,10695,14419,0.01797826,0,0,0.0837,0.166,0.2702,0.0961,0.01156,0.11798,0.11945,-0.008,0.31401,1.64363
630,406.2,6760537,426052,0.543,0.13,15915,10707,14426,0.01797505,0,0,0.0804,0.1588,0.2574,0.0461,0.01209,0.11726,0.11777,-0.01061,0.31474,1.61269
631,406.9,6771216,426749,0.527,0.131,16238,10679,14422,0.01797184,0,0,0.0812,0.1518,0.2485,0.0452,0.01227,0.1183,0.12301,-0.00973,0.32457,1.64416
632,407.6,6781895,427433,0.52,0.131,16387,10679,14406,0.01796864,0,0,0.0819,0.1514,0.2472,0.0397,0.01243,0.11858,0.11719,-0.00792,0.30836,1.61763
633,408.3,6792562,428129,0.58,0.13,15043,10667,14422,0.01796543,0,0,0.0792,0.1482,0.2678,0.0843,0.01196,0.11703,0.11983,-0.00978,0.3177,1.62798
634,408.9,6803233,428817,0.552,0.128,15691,10671,14419,0.01796223,0,0,0.0839,0.1497,0.2669,0.0513,0.01234,0.11566,0.12077,-0.01266,0.32522,1.62467
635,409.6,6813886,429485,0.498,0.129,17012,10653,14419,0.01795903,0,0,0.0773,0.1373,0.245,0.0381,0.0112,0.11699,0.11017,-0.01028,0.29921,1.62343
636,410.2,6824611,430182,0.522,0.12,16708,10725,14483,0.01795583,0,0,0.0762,0.1463,0.2523,0.0476,0.01132,0.10789,0.10673,-0.00893,0.28814,1.58241
637,410.8,6835353,430891,0.493,0.12,17523,10742,14503,0.01795262,0,0,0.0719,0.1267,0.2415,0.0529,0.01161,0.10801,0.1185,-0.01044,0.31343,1.54706
638,411.5,6846034,431588,0.505,0.12,17097,10681,14444,0.01794939,0,0,0.0733,0.1379,0.2469,0.047,0.0116,0.10772,0.12341,-0.007,0.31774,1.58591
639,412.1,6856757,432252,0.561,0.121,15738,10723,14458,0.01794619,0,0,0.0795,0.1497,0.2682,0.0631,0.01167,0.10872,0.1144,-0.00926,0.30312,1.55478
640,413.0,6867466,432963,0.785,0.122,11804,10709,14471,0.01794297,0,0,0.0992,0.22,0.3545,0.1112,0.01123,0.11066,0.11643,-0.00973,0.30838,1.56273
641,413.8,6878175,433657,0.653,0.122,13826,10709,14457,0.01793976,0,0,0.0932,0.216,0.2901,0.0534,0.01215,0.10925,0.12215,-0.00945,0.31907,1.55669
642,414.6,6888897,434336,0.655,0.122,13793,10722,14462,0.01793655,0,0,0.0888,0.1677,0.2969,0.102,0.01195,0.1095,0.11963,-0.00828,0.31283,1.58934
643,415.3,6899591,435024,0.571,0.129,15275,10694,14465,0.01793333,0,0,0.0812,0.1734,0.2669,0.0492,0.01803,0.1109,0.11418,-0.00703,0.29875,1.57059
644,416.1,6910225,435704,0.715,0.123,12695,10634,14374,0.01793012,0,0,0.0857,0.2135,0.3412,0.0745,0.01085,0.11152,0.09855,-0.01099,0.27542,1.57136
645,417.0,6920913,436389,0.731,0.123,12512,10688,14440,0.01792693,0,0,0.087,0.2395,0.2897,0.1149,0.01325,0.10934,0.12247,-0.01001,0.32009,1.53749
646,417.9,6931594,437093,0.781,0.121,11844,10681,14435,0.01792373,0,0,0.094,0.2157,0.3195,0.1515,0.01201,0.10868,0.10327,-0.01094,0.28301,1.52334
647,418.8,6942266,437756,0.816,0.123,11365,10672,14394,0.01792052,0,0,0.0945,0.2473,0.3198,0.1547,0.01337,0.10867,0.11195,-0.01128,0.30131,1.5303
648,419.9,6953029,438442,0.962,0.121,9934,10763,14490,0.01791732,0,0,0.123,0.3336,0.3586,0.1469,0.01236,0.10857,0.1101,-0.01005,0.29548,1.53968
649,420.7,6963727,439131,0.671,0.122,13485,10698,14440,0.01791409,0,0,0.0926,0.1833,0.3156,0.0799,0.01153,0.10991,0.11224,-0.00994,0.30028,1.56111
650,421.5,6974417,439809,0.654,0.122,13777,10690,14408,0.01791088,0,0,0.0923,0.1984,0.297,0.0663,0.01299,0.1086,0.12626,-0.00757,0.32285,1.54073
651,422.3,6985159,440513,0.721,0.122,12743,10742,14447,0.01790767,0,0,0.0997,0.1751,0.3305,0.1152,0.01306,0.10889,0.12358,-0.0085,0.31747,1.48834
652,423.1,6995896,441210,0.645,0.123,13995,10737,14421,0.01790445,0,0,0.0892,0.174,0.317,0.0644,0.01238,0.10964,0.13852,-0.00637,0.34374,1.5067
653,423.9,7006625,441878,0.651,0.123,13868,10729,14394,0.01790123,0,0,0.0832,0.1713,0.3041,0.0924,0.01249,0.10958,0.12467,-0.00949,0.32116,1.47567
654,424.7,7017378,442552,0.636,0.12,14215,10753,14436,0.01789801,0,0,0.09,0.1817,0.2561,0.1083,0.011,0.10895,0.12512,-0.0102,0.32321,1.46879
655,425.4,7028132,443213,0.588,0.121,15154,10754,14444,0.01789479,0,0,0.089,0.1631,0.2831,0.0533,0.01156,0.10919,0.11936,-0.00983,0.31167,1.48863
656,426.1,7038888,443898,0.573,0.122,15478,10756,14444,0.01789156,0,0,0.0821,0.1547,0.2669,0.0691,0.01252,0.10902,0.12027,-0.00935,0.3111,1.44946
657,426.8,7049572,444577,0.609,0.121,14647,10684,14375,0.01788833,0,0,0.084,0.1606,0.2621,0.102,0.01187,0.1084,0.13494,-0.0094,0.34039,1.44574
658,427.5,7060301,445243,0.545,0.121,16103,10729,14401,0.01788513,0,0,0.0811,0.1484,0.2681,0.0473,0.01242,0.10852,0.1371,-0.00906,0.34471,1.46432
659,428.1,7071055,445906,0.554,0.12,15972,10754,14433,0.01788191,0,0,0.0883,0.1574,0.2665,0.0415,0.01188,0.10722,0.11386,-0.00915,0.29908,1.4835
660,428.9,7081774,446578,0.605,0.122,14726,10719,14390,0.01787868,0,0,0.0842,0.1523,0.2682,0.1007,0.0123,0.1097,0.13028,-0.00946,0.33195,1.46748
661,429.6,7092488,447246,0.564,0.12,15657,10714,14406,0.01787547,0,0,0.0839,0.1562,0.2682,0.056,0.01216,0.10747,0.11912,-0.00895,0.30833,1.45976
662,430.3,7103230,447920,0.587,0.12,15189,10742,14420,0.01787225,0,0,0.0899,0.1659,0.2795,0.0514,0.01257,0.10755,0.12362,-0.00932,0.31797,1.45726
663,431.0,7113940,448591,0.631,0.121,14247,10710,14414,0.01786903,0,0,0.087,0.1666,0.2841,0.0932,0.01266,0.10794,0.1288,-0.00913,0.32884,1.48223
664,431.8,7124657,449262,0.623,0.12,14421,10717,14403,0.01786582,0,0,0.0942,0.1675,0.2727,0.0883,0.01123,0.10867,0.11774,-0.0079,0.30417,1.48039
665,432.4,7135383,449952,0.556,0.121,15828,10726,14404,0.0178626,0,0,0.0872,0.154,0.2718,0.0432,0.01131,0.10975,0.12012,-0.00969,0.31082,1.43297
666,433.1,7146083,450631,0.583,0.122,15166,10700,14392,0.01785939,0,0,0.0813,0.1461,0.2617,0.0941,0.0122,0.10961,0.12158,-0.00949,0.31442,1.4642
667,433.8,7156792,451312,0.579,0.123,15256,10709,14397,0.01785618,0,0,0.0868,0.1683,0.2686,0.0557,0.01277,0.10945,0.128,-0.00753,0.323,1.45458
668,434.7,7167525,452003,0.675,0.129,13354,10733,14419,0.01785296,0,0,0.0951,0.1698,0.3489,0.0609,0.01235,0.11618,0.12254,-0.00999,0.31697,1.45362
669,435.5,7178258,452668,0.69,0.127,13133,10733,14401,0.01784974,0,0,0.0921,0.1823,0.2967,0.1187,0.01269,0.11436,0.12642,-0.0073,0.31887,1.44046
670,436.2,7188973,453367,0.648,0.131,13763,10715,14410,0.01784652,0,0,0.0909,0.1844,0.2989,0.0739,0.01358,0.11601,0.11711,-0.00926,0.30471,1.45616
671,437.0,7199665,454033,0.619,0.13,14274,10692,14375,0.01784331,0,0,0.0901,0.1779,0.2906,0.0609,0.01219,0.1169,0.12966,-0.00973,0.32975,1.42818
672,437.8,7210398,454728,0.713,0.129,12758,10733,14415,0.0178401,0,0,0.0971,0.1933,0.3096,0.1126,0.01334,0.11487,0.1338,-0.01005,0.33784,1.40492
673,438.6,7221076,455429,0.655,0.129,13627,10678,14380,0.01783688,0,0,0.1009,0.1861,0.3104,0.0575,0.01228,0.11584,0.12685,-0.00869,0.32136,1.40965
674,439.5,7231773,456097,0.703,0.128,12869,10697,14391,0.01783368,0,0,0.099,0.2019,0.34,0.0618,0.01269,0.11538,0.11961,-0.00948,0.30957,1.4406
675,440.4,7242495,456785,0.846,0.129,10999,10722,14392,0.01783047,0,0,0.1065,0.2331,0.3657,0.1407,0.01251,0.1158,0.12005,-0.00991,0.30986,1.40066
676,441.4,7253188,457474,0.867,0.13,10731,10693,14369,0.01782725,0,0,0.1251,0.2943,0.3759,0.0718,0.01223,0.11676,0.13237,-0.00669,0.32914,1.43068
677,442.3,7263856,458163,0.716,0.125,12681,10668,14356,0.01782404,0,0,0.0943,0.2307,0.2894,0.102,0.01194,0.11241,0.12686,-0.00744,0.31909,1.41659
678,443.1,7274556,458852,0.728,0.123,12566,10700,14373,0.01782084,0,0,0.0861,0.2238,0.292,0.1265,0.01247,0.11017,0.1343,-0.01032,0.3383,1.37638
679,444.0,7285264,459514,0.766,0.124,12034,10708,14405,0.01781763,0,0,0.0963,0.2206,0.3326,0.1166,0.01338,0.10975,0.10957,-0.00988,0.28939,1.41659
680,444.8,7295946,460207,0.676,0.122,13386,10682,14360,0.01781442,0,0,0.0921,0.2003,0.2878,0.0958,0.01344,0.10807,0.12263,-0.0107,0.31677,1.40612
681,445.7,7306657,460900,0.721,0.121,12713,10711,14397,0.01781122,0,0,0.0904,0.2134,0.2934,0.1239,0.01264,0.10827,0.1323,-0.00672,0.32797,1.40194
682,446.5,7317375,461584,0.69,0.121,13220,10718,14396,0.017808,0,0,0.0877,0.1918,0.3285,0.0819,0.01212,0.10827,0.13549,-0.00578,0.33218,1.39349
683,447.3,7328044,462253,0.674,0.121,13414,10669,14343,0.01780479,0,0,0.0838,0.1993,0.2766,0.1144,0.01268,0.10805,0.11705,-0.00742,0.2994,1.41717
684,448.1,7338738,462913,0.677,0.121,13390,10694,14368,0.01780159,0,0,0.0862,0.2033,0.321,0.0668,0.01211,0.10888,0.12558,-0.00619,0.31373,1.40978
685,448.8,7349496,463609,0.658,0.123,13779,10758,14441,0.01779838,0,0,0.0837,0.2141,0.2877,0.0726,0.01366,0.10856,0.11488,-0.00875,0.29772,1.41731
686,449.6,7360206,464261,0.625,0.121,14358,10710,14402,0.01779515,0,0,0.0906,0.1721,0.2787,0.0837,0.01053,0.10988,0.12018,-0.00813,0.30764,1.43339
687,450.3,7370867,464923,0.579,0.123,15181,10661,14348,0.01779194,0,0,0.0857,0.169,0.2711,0.0536,0.01291,0.10956,0.11592,-0.01095,0.30397,1.41152
688,451.0,7381611,465599,0.541,0.122,16193,10744,14412,0.01778874,0,0,0.0748,0.1569,0.2595,0.0502,0.01237,0.10924,0.12304,-0.00958,0.31597,1.42604
689,451.7,7392351,466281,0.621,0.121,14468,10740,14411,0.01778552,0,0,0.0764,0.169,0.2617,0.1138,0.01191,0.10908,0.12629,-0.00987,0.32249,1.41062
690,452.4,7403036,466958,0.594,0.125,14865,10685,14372,0.01778229,0,0,0.093,0.1734,0.2705,0.0568,0.01409,0.10979,0.12485,-0.00948,0.31863,1.40557
691,453.2,7413786,467628,0.613,0.123,14603,10750,14414,0.01777909,0,0,0.0847,0.2045,0.2676,0.0566,0.0131,0.10908,0.12297,-0.00784,0.31169,1.4079
692,453.9,7424511,468303,0.605,0.12,14780,10725,14420,0.01777586,0,0,0.0821,0.1633,0.2707,0.0893,0.01194,0.10785,0.12417,-0.00823,0.31399,1.38387
693,454.5,7435269,468996,0.545,0.121,16171,10758,14428,0.01777265,0,0,0.0809,0.1407,0.2545,0.0686,0.01279,0.10743,0.12575,-0.0089,0.31849,1.38389
694,455.2,7445977,469664,0.55,0.119,16009,10708,14386,0.01776942,0,0,0.0784,0.1712,0.253,0.047,0.01077,0.1079,0.11121,-0.00892,0.28981,1.39434
695,456.0,7456739,470339,0.624,0.122,14413,10762,14446,0.01776621,0,0,0.0812,0.1738,0.2596,0.1099,0.01373,0.10756,0.13306,-0.008,0.33154,1.39085
696,456.6,7467443,471046,0.536,0.122,16270,10704,14390,0.01776298,0,0,0.0815,0.1443,0.2563,0.0538,0.01265,0.10881,0.12436,-0.00727,0.31181,1.36658
697,457.3,7478188,471705,0.514,0.12,16933,10745,14437,0.01775977,0,0,0.0748,0.1462,0.2476,0.0457,0.01206,0.10761,0.13403,-0.00865,0.3342,1.37479
698,457.9,7488876,472388,0.531,0.121,16379,10688,14351,0.01775654,0,0,0.0756,0.1457,0.2632,0.0469,0.01185,0.10879,0.12884,-0.00509,0.31788,1.40836
699,458.6,7499593,473061,0.62,0.124,14415,10717,14415,0.01775334,0,0,0.0818,0.1763,0.2711,0.0903,0.01444,0.10918,0.1339,-0.0084,0.33337,1.37376
700,459.3,7510287,473726,0.536,0.121,16293,10694,14369,0.01775012,0,0,0.0776,0.1537,0.2624,0.0418,0.01176,0.10874,0.13247,-0.00835,0.33111,1.39372
701,460.0,7521039,474389,0.573,0.124,15430,10752,14394,0.01774691,0,0,0.0827,0.1563,0.2544,0.0798,0.01265,0.1105,0.12491,-0.00934,0.317,1.36659
702,460.9,7531761,475059,0.711,0.124,12841,10722,14339,0.01774369,0,0,0.0863,0.1771,0.2704,0.1769,0.01358,0.11009,0.1406,-0.00998,0.34877,1.34169
703,461.6,7542522,475734,0.637,0.121,14188,10761,14373,0.01774047,0,0,0.0798,0.1642,0.264,0.1295,0.01194,0.10869,0.12494,-0.00847,0.31455,1.34563
704,462.3,7553319,476375,0.566,0.122,15702,10797,14406,0.01773724,0,0,0.0761,0.165,0.2576,0.0671,0.01251,0.10883,0.12746,-0.00776,0.31868,1.36015
705,463.0,7564076,477041,0.539,0.121,16319,10757,14358,0.017734,0,0,0.0755,0.1557,0.2546,0.0528,0.0113,0.1088,0.13224,-0.00805,0.32794,1.33548
706,463.6,7574880,477707,0.515,0.123,16930,10804,14448,0.01773078,0,0,0.0729,0.1323,0.2518,0.0585,0.01322,0.10909,0.13314,-0.00841,0.33145,1.36363
707,464.2,7585631,478362,0.49,0.118,17681,10751,14365,0.01772754,0,0,0.0738,0.1327,0.246,0.0379,0.00993,0.1074,0.1268,-0.01167,0.32424,1.33418
708,464.8,7596391,479029,0.497,0.118,17493,10760,14390,0.01772431,0,0,0.0755,0.1475,0.2348,0.0397,0.01027,0.10702,0.13033,-0.00724,0.3227,1.34168
709,465.5,7607155,479700,0.509,0.12,17135,10764,14392,0.01772108,0,0,0.0729,0.1492,0.244,0.0425,0.01079,0.10844,0.12619,-0.00873,0.31676,1.32403
710,466.1,7617922,480376,0.497,0.119,17495,10767,14405,0.01771785,0,0,0.0722,0.1332,0.2453,0.046,0.01169,0.10668,0.12933,-0.00663,0.3193,1.33735
711,466.7,7628681,481041,0.528,0.13,16350,10759,14385,0.01771462,0,0,0.0732,0.1241,0.249,0.0815,0.01258,0.1173,0.13286,-0.00863,0.33174,1.37584
712,467.4,7639449,481715,0.494,0.13,17255,10768,14359,0.0177114,0,0,0.0703,0.1199,0.2434,0.06,0.01194,0.11806,0.12266,-0.007,0.30741,1.35744
713,468.0,7650247,482401,0.499,0.134,17064,10798,14443,0.01770817,0,0,0.0701,0.1376,0.2449,0.0459,0.01382,0.12005,0.12441,-0.00909,0.31453,1.34204
714,468.6,7661011,483073,0.503,0.133,16917,10764,14395,0.01770493,0,0,0.0738,0.1364,0.2469,0.0458,0.01219,0.12079,0.13441,-0.00897,0.3335,1.32021
715,469.3,7671791,483757,0.519,0.133,16539,10780,14396,0.0177017,0,0,0.0678,0.1171,0.2438,0.0902,0.01227,0.12021,0.13195,-0.00994,0.33087,1.32998
716,469.9,7682568,484448,0.45,0.131,18561,10777,14391,0.01769846,0,0,0.0677,0.111,0.2355,0.0355,0.01199,0.1186,0.12686,-0.00885,0.31849,1.32968
717,470.5,7693314,485125,0.472,0.131,17822,10746,14363,0.01769523,0,0,0.067,0.1151,0.2329,0.0568,0.01168,0.11917,0.13061,-0.01093,0.33067,1.34463
718,471.1,7704122,485808,0.474,0.131,17874,10808,14448,0.01769201,0,0,0.0688,0.1264,0.2385,0.0402,0.01149,0.11899,0.1256,-0.00843,0.31578,1.34884
719,471.7,7714875,486494,0.523,0.131,16427,10753,14382,0.01768876,0,0,0.069,0.1265,0.2376,0.0904,0.01118,0.11959,0.13004,-0.00826,0.32366,1.33
720,472.4,7725646,487173,0.542,0.133,15954,10771,14415,0.01768554,0,0,0.0803,0.1412,0.2672,0.0538,0.01183,0.1203,0.10837,-0.00956,0.28349,1.34652
721,473.1,7736435,487858,0.557,0.125,15809,10789,14431,0.01768231,0,0,0.082,0.1652,0.2679,0.0419,0.01258,0.11234,0.1177,-0.00987,0.30367,1.37231
722,473.7,7747211,488541,0.482,0.123,17806,10776,14388,0.01767907,0,0,0.0713,0.1288,0.245,0.0366,0.01182,0.1113,0.13431,-0.00907,0.33438,1.34661
723,474.4,7757973,489234,0.54,0.123,16251,10762,14388,0.01767584,0,0,0.0757,0.138,0.2477,0.0782,0.01113,0.11101,0.12553,-0.00806,0.31452,1.33879
724,475.0,7768708,489920,0.482,0.125,17690,10735,14372,0.01767261,0,0,0.0719,0.1237,0.2452,0.0411,0.01171,0.1129,0.12876,-0.00975,0.32311,1.30397
725,475.6,7779523,490599,0.484,0.122,17846,10815,14473,0.01766939,0,0,0.0723,0.1338,0.2364,0.0415,0.01095,0.11069,0.12027,-0.01114,0.30859,1.29491
726,476.2,7790342,491276,0.517,0.128,16768,10819,14457,0.01766614,0,0,0.0754,0.1377,0.2608,0.0431,0.01269,0.1148,0.1246,-0.00918,0.31409,1.31703
727,476.9,7801105,491953,0.526,0.124,16555,10763,14385,0.0176629,0,0,0.0675,0.1448,0.2326,0.0813,0.01081,0.11289,0.12547,-0.00883,0.31547,1.32702
728,477.4,7811886,492634,0.454,0.122,18728,10781,14427,0.01765967,0,0,0.0668,0.1184,0.2255,0.0431,0.01139,0.11002,0.13245,-0.0073,0.32522,1.29471
729,478.1,7822616,493314,0.498,0.126,17217,10730,14357,0.01765643,0,0,0.0738,0.1296,0.25,0.0444,0.01164,0.11333,0.11325,-0.00997,0.29291,1.31588
730,478.7,7833373,493989,0.543,0.128,16039,10757,14397,0.01765322,0,0,0.0776,0.1454,0.2588,0.0614,0.01211,0.1149,0.11937,-0.00902,0.30319,1.3147
731,479.4,7844144,494665,0.505,0.124,17132,10771,14416,0.01764999,0,0,0.0773,0.1409,0.2473,0.0396,0.01219,0.11102,0.12206,-0.00892,0.30955,1.34828
732,480.0,7854912,495344,0.459,0.126,18402,10768,14394,0.01764676,0,0,0.0678,0.1169,0.2301,0.0439,0.01156,0.11428,0.12945,-0.00845,0.32292,1.33528
733,480.5,7865659,496026,0.467,0.122,18261,10747,14385,0.01764353,0,0,0.0688,0.1209,0.2408,0.0361,0.01245,0.10905,0.11145,-0.01013,0.29108,1.35783
734,481.2,7876438,496704,0.499,0.122,17346,10779,14416,0.0176403,0,0,0.0684,0.1278,0.2337,0.0694,0.01128,0.1104,0.12785,-0.00816,0.31878,1.32554
735,481.8,7887266,497362,0.512,0.12,17135,10828,14444,0.01763707,0,0,0.0698,0.1296,0.2414,0.071,0.01127,0.1085,0.12306,-0.00765,0.30879,1.34305
736,482.4,7898048,498032,0.486,0.119,17841,10782,14429,0.01763382,0,0,0.0714,0.1335,0.241,0.0397,0.01165,0.10669,0.11623,-0.0088,0.29847,1.37298
737,483.0,7908823,498698,0.489,0.118,17740,10775,14413,0.01763059,0,0,0.0701,0.1322,0.2423,0.0446,0.01139,0.10634,0.11551,-0.00808,0.29586,1.38023
738,483.6,7919642,499375,0.505,0.117,17400,10819,14449,0.01762735,0,0,0.0689,0.1222,0.2386,0.0751,0.01049,0.1061,0.11403,-0.01057,0.29809,1.38695
739,484.2,7930401,500071,0.501,0.117,17402,10759,14407,0.01762411,0,0,0.0702,0.1541,0.2358,0.041,0.01059,0.10627,0.11974,-0.00934,0.30589,1.35436
740,484.8,7941228,500772,0.456,0.119,18844,10827,14450,0.01762088,0,0,0.0702,0.1232,0.2261,0.0362,0.01182,0.1066,0.11636,-0.00729,0.29472,1.34568
741,485.4,7951994,501463,0.428,0.117,19743,10766,14410,0.01761763,0,0,0.0647,0.11,0.2197,0.0336,0.01043,0.10644,0.10797,-0.00893,0.2813,1.34789
742,486.0,7962785,502147,0.474,0.118,18235,10791,14450,0.0176144,0,0,0.0665,0.119,0.2317,0.0567,0.0109,0.10667,0.12109,-0.01065,0.30971,1.31215
743,486.5,7973595,502833,0.456,0.117,18850,10810,14447,0.01761116,0,0,0.0647,0.1107,0.2314,0.0493,0.01133,0.1056,0.12368,-0.0093,0.31142,1.29028
744,487.1,7984384,503506,0.474,0.118,18212,10789,14428,0.01760792,0,0,0.0675,0.1304,0.2357,0.0404,0.01091,0.10704,0.12276,-0.00927,0.31056,1.3202
745,487.8,7995186,504210,0.523,0.117,16867,10802,14440,0.01760468,0,0,0.0702,0.133,0.2396,0.0805,0.01075,0.10602,0.12791,-0.00809,0.31817,1.31168
746,488.5,8005995,504896,0.592,0.123,15124,10809,14457,0.01760144,0,0,0.0824,0.1709,0.2655,0.0731,0.01584,0.10669,0.11425,-0.01024,0.2956,1.32424
747,489.1,8016735,505603,0.493,0.118,17570,10740,14383,0.0175982,0,0,0.0759,0.1423,0.2352,0.0395,0.01155,0.10642,0.13373,-0.01014,0.33386,1.31031
748,489.7,8027502,506278,0.487,0.119,17753,10767,14422,0.01759498,0,0,0.0767,0.1346,0.2443,0.0317,0.01202,0.10672,0.13938,-0.00945,0.34263,1.27768
749,490.3,8038267,506970,0.485,0.119,17827,10765,14388,0.01759175,0,0,0.0687,0.1272,0.2303,0.0586,0.01141,0.10741,0.13478,-0.00801,0.33094,1.28921
750,490.9,8049065,507658,0.504,0.117,17375,10798,14452,0.01758852,0,0,0.0759,0.1442,0.2419,0.0422,0.01124,0.10571,0.13138,-0.0087,0.32554,1.28957
751,491.6,8059812,508337,0.505,0.117,17268,10747,14390,0.01758528,0,0,0.0682,0.1371,0.25,0.0496,0.0107,0.10643,0.13605,-0.00463,0.32604,1.27037
752,492.1,8070651,508999,0.445,0.119,19234,10839,14473,0.01758206,0,0,0.0672,0.1173,0.2242,0.0362,0.01091,0.10747,0.12034,-0.01005,0.30541,1.26907
753,492.7,8081513,509694,0.478,0.116,18276,10862,14518,0.0175788,0,0,0.0667,0.1439,0.2262,0.0416,0.00987,0.1058,0.12315,-0.00833,0.30784,1.27622
754,493.3,8092302,510374,0.464,0.119,18486,10789,14425,0.01757555,0,0,0.0675,0.1191,0.233,0.0447,0.01156,0.10732,0.12832,-0.00927,0.31872,1.23871
755,493.9,8103059,511059,0.441,0.117,19265,10757,14392,0.01757231,0,0,0.0652,0.1147,0.2271,0.0344,0.01102,0.10556,0.12803,-0.00983,0.31936,1.24145
756,494.4,8113876,511727,0.442,0.119,19252,10817,14434,0.01756908,0,0,0.0668,0.1184,0.2239,0.0333,0.01197,0.10706,0.13456,-0.0081,0.32942,1.25539
757,495.1,8124688,512405,0.544,0.118,16355,10812,14449,0.01756584,0,0,0.0873,0.1511,0.2624,0.0427,0.01095,0.10625,0.12951,-0.01141,0.32574,1.2501
758,495.7,8135518,513091,0.45,0.118,19067,10830,14482,0.01756259,0,0,0.0672,0.1197,0.2244,0.0387,0.01121,0.10661,0.12392,-0.00769,0.30833,1.28423
759,496.3,8146332,513790,0.482,0.119,18011,10814,14444,0.01755934,0,0,0.0745,0.1292,0.236,0.0418,0.0112,0.10691,0.12792,-0.00801,0.31555,1.24389
760,496.9,8157125,514464,0.461,0.118,18665,10793,14402,0.0175561,0,0,0.0675,0.126,0.2225,0.0445,0.011,0.10634,0.12823,-0.0093,0.31869,1.24251
761,497.5,8167933,515145,0.514,0.118,17093,10808,14459,0.01755286,0,0,0.0749,0.146,0.2549,0.0382,0.01175,0.10611,0.12626,-0.00864,0.31388,1.25575
762,498.1,8178751,515850,0.504,0.118,17389,10818,14458,0.01754962,0,0,0.0754,0.1336,0.2503,0.0447,0.01164,0.10606,0.13081,-0.00801,0.32043,1.21921
763,498.8,8189547,516544,0.551,0.124,15992,10796,14452,0.01754637,0,0,0.0796,0.1697,0.2517,0.0498,0.01194,0.11191,0.14053,-0.00711,0.33706,1.19062
764,499.5,8200350,517243,0.546,0.124,16107,10803,14432,0.01754314,0,0,0.0826,0.1589,0.2629,0.0418,0.01203,0.11188,0.1339,-0.00777,0.32564,1.20568
765,500.2,8211114,517936,0.635,0.123,14197,10764,14408,0.01753989,0,0,0.0911,0.172,0.301,0.0709,0.01082,0.11193,0.13285,-0.00826,0.32489,1.21656
766,501.0,8221880,518612,0.679,0.131,13293,10766,14384,0.01753667,0,0,0.1053,0.1799,0.3307,0.0631,0.01254,0.11786,0.13526,-0.00568,0.32319,1.1776
767,501.9,8232670,519294,0.698,0.13,13039,10790,14419,0.01753344,0,0,0.0914,0.1999,0.3363,0.07,0.01689,0.11264,0.13482,-0.0079,0.32758,1.20181
768,502.7,8243451,519986,0.745,0.128,12356,10781,14438,0.0175302,0,0,0.0954,0.208,0.3456,0.0959,0.01223,0.1149,0.1415,-0.00857,0.341,1.16528
769,503.6,8254225,520683,0.718,0.126,12777,10774,14425,0.01752696,0,0,0.0944,0.1892,0.3335,0.1006,0.01192,0.11315,0.13116,-0.00879,0.32187,1.19743
770,504.5,8264993,521364,0.816,0.126,11433,10768,14413,0.01752373,0,0,0.1038,0.2128,0.3497,0.1497,0.01224,0.11315,0.14145,-0.00708,0.33973,1.21733
771,505.3,8275742,522053,0.675,0.125,13435,10749,14387,0.0175205,0,0,0.0971,0.1863,0.2939,0.0979,0.01168,0.11283,0.14881,-0.00832,0.35548,1.17652
772,506.1,8286534,522737,0.684,0.127,13312,10792,14439,0.01751728,0,0,0.0918,0.2109,0.3224,0.0584,0.01239,0.11432,0.12893,-0.00969,0.31956,1.20753
773,506.9,8297307,523424,0.673,0.12,13575,10773,14414,0.01751404,0,0,0.0931,0.1952,0.3244,0.0607,0.01165,0.10811,0.1343,-0.00927,0.3292,1.20102
774,507.8,8308104,524119,0.762,0.121,12228,10797,14443,0.01751081,0,0,0.1201,0.2076,0.3602,0.0742,0.0135,0.10689,0.13203,-0.00941,0.32584,1.2269
775,508.6,8318867,524821,0.694,0.122,13195,10763,14433,0.01750757,0,0,0.1086,0.1781,0.3531,0.0544,0.01147,0.10956,0.1429,-0.00765,0.34328,1.20479
776,509.4,8329645,525512,0.678,0.121,13487,10778,14444,0.01750434,0,0,0.0902,0.1807,0.3372,0.0698,0.01204,0.10881,0.13643,-0.00745,0.32893,1.17653
777,510.3,8340429,526210,0.773,0.124,12032,10784,14449,0.01750111,0,0,0.0888,0.2124,0.3601,0.1113,0.0118,0.11143,0.14242,-0.00838,0.34246,1.16736
778,511.2,8351194,526918,0.758,0.122,12229,10765,14435,0.01749787,0,0,0.0961,0.1984,0.3701,0.0933,0.01227,0.10963,0.13251,-0.0076,0.32167,1.18468
779,512.0,8361997,527609,0.667,0.122,13687,10803,14460,0.01749464,0,0,0.0931,0.1768,0.3385,0.0588,0.01151,0.11015,0.13978,-0.00745,0.33611,1.19067
780,512.8,8372785,528310,0.66,0.125,13745,10788,14453,0.0174914,0,0,0.0881,0.1869,0.2871,0.0981,0.01366,0.11066,0.14027,-0.00794,0.33785,1.18385
781,513.5,8383618,529012,0.597,0.121,15073,10833,14473,0.01748816,0,0,0.0941,0.1729,0.2827,0.0476,0.0113,0.10978,0.13291,-0.0079,0.32349,1.19681
782,514.2,8394394,529720,0.632,0.122,14302,10776,14419,0.01748491,0,0,0.0984,0.1663,0.3004,0.0668,0.01209,0.10867,0.14125,-0.00962,0.34325,1.18709
783,515.1,8405140,530423,0.722,0.124,12713,10746,14400,0.01748168,0,0,0.0971,0.1822,0.3637,0.0785,0.01278,0.11039,0.13526,-0.00918,0.32944,1.16062
784,515.9,8415937,531131,0.735,0.122,12592,10797,14467,0.01747846,0,0,0.108,0.186,0.3624,0.0789,0.01219,0.10946,0.1268,-0.00751,0.30985,1.17905
785,516.8,8426730,531839,0.714,0.126,12840,10793,14451,0.01747522,0,0,0.0988,0.2267,0.3285,0.0601,0.01628,0.10971,0.13025,-0.00703,0.31555,1.17282
786,517.6,8437525,532554,0.733,0.123,12623,10795,14454,0.01747198,0,0,0.0843,0.1996,0.3489,0.0998,0.0126,0.10958,0.12949,-0.00832,0.31683,1.17944
787,518.3,8448299,533261,0.566,0.124,15612,10774,14421,0.01746874,0,0,0.0842,0.1615,0.2644,0.056,0.01406,0.10963,0.13235,-0.00683,0.31929,1.17177
788,519.1,8459093,533953,0.644,0.121,14112,10794,14451,0.01746551,0,0,0.0942,0.1771,0.3194,0.0531,0.01132,0.10923,0.14409,-0.00805,0.34565,1.18447
789,520.0,8469861,534656,0.797,0.124,11688,10768,14403,0.01746227,0,0,0.0956,0.2187,0.355,0.128,0.01289,0.11057,0.13312,-0.0081,0.324,1.18969
790,521.1,8480633,535346,0.959,0.122,9969,10772,14447,0.01745904,0,0,0.141,0.2962,0.439,0.0824,0.01168,0.10973,0.14236,-0.0086,0.34368,1.19617
791,522.1,8491395,536056,0.893,0.127,10550,10762,14402,0.01745581,0,0,0.099,0.2591,0.4128,0.1219,0.01713,0.10976,0.13543,-0.00829,0.3285,1.17588
792,523.0,8502173,536763,0.778,0.122,11976,10778,14441,0.01745258,0,0,0.1004,0.2309,0.3687,0.0777,0.01178,0.11007,0.13449,-0.0067,0.3234,1.17542
793,523.9,8512957,537473,0.744,0.123,12436,10784,14460,0.01744935,0,0,0.1105,0.2174,0.3444,0.0716,0.01169,0.11107,0.1347,-0.0093,0.32936,1.18519
794,524.8,8523682,538180,0.811,0.122,11493,10725,14373,0.01744611,0,0,0.1006,0.2333,0.3406,0.1364,0.01105,0.11083,0.1325,-0.00849,0.32338,1.18653
795,525.7,8534470,538876,0.762,0.124,12186,10788,14426,0.0174429,0,0,0.0952,0.2535,0.3446,0.0683,0.0117,0.11149,0.13091,-0.00762,0.31816,1.17831
796,526.7,8545245,539587,0.827,0.122,11348,10775,14429,0.01743966,0,0,0.1174,0.2472,0.3911,0.0717,0.01128,0.11038,0.13752,-0.0084,0.33308,1.18263
797,527.5,8556017,540286,0.757,0.124,12222,10772,14435,0.01743643,0,0,0.0966,0.1943,0.3522,0.1142,0.0114,0.11219,0.1511,-0.00676,0.35696,1.18255
798,528.4,8566798,541001,0.787,0.128,11789,10781,14457,0.01743319,0,0,0.0961,0.1756,0.4429,0.0723,0.01627,0.11101,0.13487,-0.00746,0.32586,1.18144
799,529.3,8577557,541685,0.748,0.127,12303,10759,14423,0.01742996,0,0,0.1125,0.208,0.3691,0.0583,0.01486,0.11127,0.11981,-0.0104,0.30271,1.21346
800,530.2,8588314,542382,0.763,0.123,12137,10757,14432,0.01742673,0,0,0.094,0.2193,0.3356,0.1141,0.01154,0.11127,0.14399,-0.00757,0.34495,1.20037
801,531.5,8599091,543068,0.647,0.134,13794,10777,14396,0.01742351,0,0,0.0965,0.1913,0.2972,0.0625,0.0144,0.11902,0.14573,-0.00882,0.35022,1.18008
802,532.4,8609788,543762,0.696,0.131,12931,10697,14371,0.01742027,0,0,0.097,0.1943,0.2919,0.1132,0.01193,0.11857,0.13379,-0.00896,0.32798,1.21943
803,533.2,8620517,544488,0.642,0.132,13861,10729,14437,0.01741706,0,0,0.0984,0.1949,0.2963,0.0528,0.01224,0.11908,0.12913,-0.00792,0.31788,1.25672
804,533.9,8631199,545193,0.603,0.133,14507,10682,14375,0.01741384,0,0,0.095,0.1739,0.2749,0.0591,0.01388,0.11899,0.12474,-0.00631,0.30492,1.22953
805,534.7,8641883,545910,0.657,0.133,13525,10684,14379,0.01741064,0,0,0.0864,0.1895,0.2719,0.1096,0.01209,0.11996,0.13132,-0.00783,0.32009,1.20011
806,535.5,8652541,546607,0.616,0.132,14244,10658,14352,0.01740744,0,0,0.09,0.1826,0.2877,0.0561,0.01226,0.11903,0.129,-0.0082,0.31718,1.22849
807,536.2,8663218,547314,0.617,0.128,14332,10677,14389,0.01740424,0,0,0.0981,0.1839,0.2804,0.055,0.01285,0.11369,0.13071,-0.00882,0.3214,1.21594
808,536.9,8673872,548010,0.606,0.127,14544,10654,14344,0.01740103,0,0,0.0928,0.1613,0.2755,0.0761,0.01204,0.11415,0.12219,-0.00739,0.30162,1.21977
809,537.7,8684536,548716,0.594,0.125,14813,10664,14357,0.01739784,0,0,0.0949,0.1807,0.2775,0.0414,0.01162,0.11335,0.12486,-0.00733,0.30675,1.21751
810,538.5,8695220,549412,0.714,0.124,12760,10684,14370,0.01739464,0,0,0.0908,0.2051,0.2892,0.1286,0.01274,0.11048,0.129,-0.00669,0.31353,1.21154
811,539.2,8705941,550110,0.593,0.122,14997,10721,14442,0.01739143,0,0,0.0832,0.1651,0.2804,0.064,0.01155,0.11012,0.12686,-0.00695,0.31071,1.23892
812,539.9,8716644,550808,0.617,0.122,14489,10703,14399,0.01738822,0,0,0.081,0.1777,0.2654,0.093,0.01197,0.10916,0.12297,-0.00797,0.30346,1.19595
813,540.7,8727371,551516,0.598,0.122,14890,10727,14410,0.01738501,0,0,0.0881,0.1739,0.2836,0.0526,0.01222,0.10948,0.1192,-0.00705,0.29409,1.19613
814,541.5,8738058,552229,0.677,0.122,13376,10687,14409,0.01738179,0,0,0.0903,0.1841,0.2924,0.1098,0.01173,0.11027,0.12623,-0.00756,0.30813,1.16661
815,542.2,8748738,552915,0.581,0.123,15168,10680,14368,0.01737858,0,0,0.0819,0.1628,0.2651,0.0713,0.01225,0.11017,0.12907,-0.00736,0.3138,1.17762
816,542.8,8759420,553628,0.523,0.121,16586,10682,14398,0.01737538,0,0,0.077,0.1378,0.2567,0.0511,0.01167,0.10938,0.11915,-0.00852,0.29669,1.18981
817,543.6,8770107,554324,0.663,0.122,13616,10687,14363,0.01737217,0,0,0.0866,0.187,0.2974,0.0917,0.01267,0.10915,0.12614,-0.00741,0.30758,1.16517
818,544.3,8780817,555040,0.545,0.121,16074,10710,14416,0.01736897,0,0,0.0811,0.1575,0.257,0.0493,0.01212,0.10894,0.11463,-0.0077,0.28625,1.19722
819,545.0,8791545,555712,0.578,0.122,15337,10728,14428,0.01736575,0,0,0.0849,0.1602,0.2681,0.0645,0.01177,0.10971,0.13469,-0.00814,0.32699,1.18977
820,545.7,8802226,556424,0.602,0.123,14744,10681,14390,0.01736254,0,0,0.0867,0.1811,0.2941,0.0396,0.01229,0.11013,0.11836,-0.0087,0.29652,1.22087
821,546.4,8812907,557108,0.625,0.122,14291,10681,14386,0.01735933,0,0,0.0869,0.1947,0.301,0.0427,0.01147,0.11009,0.11543,-0.00804,0.28943,1.22372
822,547.1,8823621,557785,0.588,0.121,15112,10714,14394,0.01735613,0,0,0.081,0.183,0.283,0.0415,0.01177,0.10832,0.09929,-0.00783,0.25612,1.20619
823,547.9,8834344,558505,0.655,0.121,13823,10723,14430,0.01735291,0,0,0.1004,0.173,0.3082,0.0729,0.0117,0.10913,0.11977,-0.00726,0.29565,1.19838
824,548.6,8845014,559202,0.586,0.123,15038,10670,14387,0.0173497,0,0,0.0983,0.1707,0.2722,0.0453,0.01238,0.10987,0.1271,-0.00813,0.31063,1.15752
825,549.4,8855719,559905,0.612,0.122,14595,10705,14398,0.0173465,0,0,0.0894,0.1798,0.2973,0.0453,0.01123,0.10998,0.12252,-0.0072,0.301,1.19811
826,550.1,8866461,560589,0.639,0.124,14093,10742,14410,0.01734328,0,0,0.0956,0.1866,0.2982,0.0583,0.01324,0.10965,0.12702,-0.00726,0.30857,1.15323
827,551.0,8877194,561287,0.709,0.123,12908,10733,14434,0.01734006,0,0,0.0952,0.2016,0.2983,0.1139,0.01361,0.10849,0.12725,-0.01007,0.31452,1.15037
828,551.7,8887958,561995,0.609,0.121,14743,10764,14447,0.01733684,0,0,0.089,0.1708,0.2821,0.0675,0.01124,0.10904,0.13085,-0.00543,0.31196,1.13651
829,552.4,8898696,562693,0.6,0.122,14863,10738,14461,0.01733361,0,0,0.0869,0.1783,0.2913,0.0439,0.01192,0.1098,0.12122,-0.00435,0.29172,1.17057
830,553.1,8909435,563402,0.57,0.121,15536,10739,14421,0.01733039,0,0,0.0821,0.166,0.2637,0.0585,0.01139,0.10931,0.12244,-0.00972,0.30425,1.15215
831,553.8,8920179,564103,0.53,0.12,16519,10744,14462,0.01732717,0,0,0.0823,0.1461,0.2594,0.0422,0.01163,0.1084,0.11235,-0.00801,0.28173,1.18387
832,554.4,8930923,564810,0.543,0.123,16130,10744,14452,0.01732395,0,0,0.0804,0.1605,0.2611,0.0415,0.01228,0.10996,0.12726,-0.00861,0.31275,1.18315
833,555.1,8941676,565524,0.523,0.121,16698,10753,14460,0.01732072,0,0,0.0768,0.1514,0.2533,0.0412,0.01042,0.11065,0.11373,-0.01068,0.29019,1.19439
834,555.8,8952404,566209,0.579,0.122,15316,10728,14416,0.0173175,0,0,0.0802,0.1431,0.2779,0.0776,0.01243,0.10868,0.12294,-0.00676,0.30093,1.19906
835,556.5,8963122,566902,0.638,0.122,14107,10718,14406,0.01731428,0,0,0.0996,0.179,0.2998,0.0593,0.0127,0.10888,0.12491,-0.00583,0.30398,1.22711
836,557.3,8973857,567582,0.684,0.123,13312,10735,14440,0.01731106,0,0,0.1117,0.1682,0.3468,0.057,0.01292,0.10937,0.12305,-0.00798,0.30464,1.22983
837,558.3,8984612,568267,0.855,0.13,10919,10755,14434,0.01730784,0,0,0.104,0.2339,0.4205,0.0962,0.02008,0.10982,0.1326,-0.00603,0.31871,1.19731
838,559.3,8995337,568956,0.873,0.132,10664,10725,14440,0.01730462,0,0,0.127,0.2849,0.3818,0.0797,0.02155,0.11022,0.123,-0.00688,0.30288,1.24589
839,560.3,9006114,569642,0.834,0.122,11267,10777,14437,0.0173014,0,0,0.1069,0.2398,0.4118,0.0756,0.01125,0.11077,0.1191,-0.00907,0.29886,1.22889
840,561.3,9016842,570333,0.85,0.128,10972,10728,14429,0.01729817,0,0,0.103,0.2622,0.4033,0.0817,0.0126,0.11425,0.13061,-0.00662,0.31722,1.23608
841,562.2,9027626,571000,0.845,0.134,11017,10784,14491,0.01729495,0,0,0.0958,0.2737,0.3478,0.1275,0.01976,0.11381,0.11208,-0.00651,0.2812,1.27256
842,563.0,9038443,571686,0.648,0.131,13891,10817,14515,0.01729171,0,0,0.0968,0.1828,0.3064,0.0622,0.01223,0.11792,0.12699,-0.00688,0.31088,1.24748
843,563.9,9049215,572361,0.761,0.131,12078,10772,14467,0.01728847,0,0,0.1014,0.2039,0.3268,0.1288,0.01203,0.11837,0.12316,-0.00747,0.30477,1.25838
844,564.8,9060010,573039,0.748,0.132,12265,10795,14511,0.01728524,0,0,0.1042,0.1971,0.3848,0.0624,0.01259,0.11859,0.1289,-0.00777,0.31644,1.24668
845,565.6,9070790,573703,0.711,0.136,12718,10780,14477,0.017282,0,0,0.1069,0.2208,0.3127,0.0708,0.01691,0.1189,0.12927,-0.00668,0.31639,1.28681
846,566.5,9081552,574385,0.735,0.132,12409,10762,14458,0.01727876,0,0,0.1115,0.2153,0.3196,0.0888,0.01342,0.1182,0.12846,-0.00811,0.31748,1.28302
847,567.4,9092366,575056,0.714,0.13,12818,10814,14521,0.01727553,0,0,0.095,0.1907,0.2995,0.1288,0.01273,0.11644,0.13634,-0.00761,0.33196,1.27534
848,568.0,9103178,575725,0.567,0.128,15547,10812,14522,0.01727229,0,0,0.0876,0.1637,0.257,0.059,0.01415,0.11367,0.11702,-0.00948,0.29885,1.32697
849,568.8,9114002,576397,0.614,0.129,14575,10824,14513,0.01726905,0,0,0.0851,0.1625,0.2623,0.1042,0.01252,0.11563,0.13591,-0.00793,0.33184,1.27856
850,569.5,9124776,577067,0.594,0.127,14948,10774,14454,0.0172658,0,0,0.088,0.1776,0.2759,0.0521,0.01204,0.1147,0.13667,-0.00621,0.33061,1.29904
851,570.2,9135579,577740,0.577,0.123,15418,10803,14498,0.01726257,0,0,0.0893,0.1708,0.2714,0.046,0.01128,0.11155,0.13763,-0.00871,0.33834,1.32225
852,570.9,9146382,578404,0.578,0.12,15475,10803,14496,0.01725933,0,0,0.0826,0.1562,0.2691,0.07,0.01221,0.1076,0.13508,-0.01048,0.33732,1.33885
853,571.6,9157159,579082,0.522,0.118,16838,10777,14464,0.01725609,0,0,0.08,0.1416,0.2576,0.0424,0.01107,0.10693,0.12884,-0.00902,0.32129,1.32072
854,572.3,9167905,579749,0.574,0.119,15518,10746,14422,0.01725285,0,0,0.0878,0.1715,0.2664,0.0481,0.01192,0.10643,0.12503,-0.00629,0.30823,1.32115
855,573.0,9178696,580414,0.575,0.119,15556,10791,14487,0.01724963,0,0,0.0892,0.1686,0.2643,0.0528,0.01167,0.10676,0.13056,-0.00903,0.32576,1.34996
856,573.7,9189434,581092,0.584,0.121,15228,10738,14454,0.01724639,0,0,0.0801,0.1604,0.2782,0.0653,0.01295,0.10776,0.12488,-0.00859,0.31272,1.32777
857,574.4,9200137,581777,0.56,0.12,15755,10703,14377,0.01724317,0,0,0.0845,0.1613,0.2666,0.0471,0.0119,0.10743,0.12507,-0.00864,0.31319,1.32746
858,575.1,9210906,582451,0.575,0.119,15510,10769,14466,0.01723996,0,0,0.081,0.1495,0.2505,0.094,0.01228,0.10656,0.12248,-0.00848,0.30808,1.33921
859,575.7,9221638,583130,0.556,0.119,15904,10732,14411,0.01723673,0,0,0.082,0.1765,0.2537,0.0437,0.01177,0.10677,0.12523,-0.00916,0.31535,1.35083
860,576.4,9232355,583813,0.565,0.121,15637,10717,14423,0.01723351,0,0,0.0802,0.1577,0.2736,0.0532,0.01197,0.10839,0.13419,-0.00965,0.33351,1.32961
861,577.2,9243100,584486,0.621,0.121,14490,10745,14442,0.01723029,0,0,0.0849,0.1741,0.2686,0.0932,0.01354,0.10674,0.12028,-0.00931,0.30402,1.30087
862,577.8,9253830,585174,0.563,0.119,15740,10730,14432,0.01722707,0,0,0.0843,0.1608,0.2668,0.0512,0.01184,0.10647,0.129,-0.00665,0.31645,1.31071
863,578.5,9264565,585850,0.554,0.122,15885,10735,14414,0.01722385,0,0,0.0854,0.1645,0.259,0.0453,0.01175,0.10932,0.12231,-0.00818,0.30644,1.3196
864,579.3,9275297,586544,0.626,0.12,14396,10732,14424,0.01722063,0,0,0.0833,0.1634,0.2884,0.0907,0.01179,0.10753,0.12968,-0.00966,0.32253,1.27333
865,580.0,9286031,587219,0.607,0.119,14784,10734,14419,0.01721741,0,0,0.0893,0.1796,0.2849,0.0531,0.01164,0.10705,0.13348,-0.00622,0.32369,1.28645
866,580.7,9296770,587923,0.585,0.118,15273,10739,14448,0.01721419,0,0,0.0834,0.1835,0.2684,0.0494,0.01173,0.1064,0.13226,-0.01101,0.33052,1.27775
867,581.4,9307461,588602,0.555,0.118,15884,10691,14402,0.01721097,0,0,0.0752,0.1472,0.2512,0.0812,0.01088,0.10695,0.12183,-0.01075,0.3106,1.32003
868,582.0,9318149,589303,0.525,0.118,16605,10688,14366,0.01720776,0,0,0.0786,0.1498,0.2514,0.0457,0.01121,0.10654,0.13066,-0.00933,0.32401,1.27942
869,582.7,9328882,589965,0.532,0.119,16500,10733,14407,0.01720456,0,0,0.0809,0.1554,0.258,0.0374,0.01227,0.10618,0.1371,-0.00912,0.33622,1.27243
870,583.3,9339600,590636,0.507,0.119,17112,10718,14405,0.01720134,0,0,0.0755,0.1438,0.2471,0.0408,0.01133,0.10748,0.12141,-0.00791,0.30322,1.29584
871,584.0,9350307,591303,0.581,0.124,15172,10707,14398,0.01719812,0,0,0.0796,0.1616,0.2569,0.0831,0.01156,0.11251,0.12576,-0.00755,0.31104,1.29155
872,584.7,9361003,591978,0.572,0.125,15350,10696,14388,0.01719491,0,0,0.0925,0.1576,0.2698,0.0524,0.01175,0.11233,0.12411,-0.00984,0.31252,1.29764
873,585.4,9371723,592652,0.591,0.124,14995,10720,14419,0.0171917,0,0,0.0961,0.1675,0.2773,0.0502,0.01141,0.11204,0.12104,-0.00968,0.3069,1.32198
874,586.2,9382427,593347,0.63,0.124,14191,10704,14407,0.01718848,0,0,0.0909,0.1692,0.2662,0.104,0.01227,0.11131,0.12691,-0.00793,0.31397,1.28793
875,586.9,9393145,594036,0.63,0.122,14245,10718,14429,0.01718527,0,0,0.0879,0.192,0.296,0.0543,0.01165,0.11002,0.11274,-0.01041,0.29009,1.27428
876,587.6,9403862,594714,0.565,0.122,15579,10717,14425,0.01718206,0,0,0.0862,0.1662,0.2677,0.0453,0.01178,0.1102,0.12926,-0.0082,0.31922,1.28928
877,588.3,9414624,595387,0.603,0.127,14749,10762,14455,0.01717884,0,0,0.0851,0.1712,0.2775,0.0692,0.01304,0.11309,0.14093,-0.00802,0.34098,1.25402
878,589.0,9425259,596068,0.573,0.128,15172,10635,14353,0.01717561,0,0,0.0861,0.1629,0.2729,0.051,0.0119,0.11571,0.12465,-0.00696,0.30607,1.24725
879,589.8,9435958,596747,0.613,0.121,14566,10699,14392,0.01717242,0,0,0.0906,0.1734,0.2738,0.0756,0.01259,0.10823,0.13956,-0.01036,0.34289,1.25343
880,590.5,9446668,597433,0.621,0.129,14284,10710,14398,0.01716921,0,0,0.0896,0.1628,0.2711,0.0975,0.01307,0.11517,0.13671,-0.00899,0.33454,1.25634
881,591.3,9457363,598117,0.637,0.131,13934,10695,14367,0.017166,0,0,0.0942,0.1706,0.3067,0.0651,0.01557,0.11457,0.1338,-0.0098,0.33048,1.26048
882,592.2,9468108,598792,0.764,0.133,11973,10745,14450,0.01716279,0,0,0.0941,0.2067,0.3907,0.0729,0.01758,0.11488,0.14309,-0.00931,0.34762,1.24769
883,593.2,9478827,599489,0.866,0.126,10809,10719,14390,0.01715957,0,0,0.1138,0.2646,0.3469,0.1404,0.01285,0.11269,0.13345,-0.01016,0.32978,1.24027
884,594.1,9489577,600190,0.764,0.126,12076,10750,14450,0.01715635,0,0,0.0922,0.2116,0.3333,0.127,0.01218,0.11344,0.12447,-0.00802,0.3078,1.24761
885,595.0,9500278,600878,0.762,0.141,11852,10701,14372,0.01715313,0,0,0.1066,0.2261,0.3096,0.1197,0.01798,0.12228,0.13613,-0.00822,0.33084,1.22813
886,596.0,9510946,601544,0.935,0.134,9972,10668,14341,0.01714992,0,0,0.1086,0.275,0.3982,0.1537,0.01378,0.12018,0.12515,-0.00768,0.30932,1.27344
887,597.0,9521678,602225,0.827,0.135,11152,10732,14421,0.01714672,0,0,0.0947,0.2598,0.3348,0.1378,0.01307,0.12167,0.13397,-0.00863,0.32778,1.24166
888,598.0,9532394,602902,0.819,0.133,11255,10716,14421,0.0171435,0,0,0.1183,0.2132,0.351,0.1364,0.01365,0.11913,0.12887,-0.00873,0.31802,1.24905
889,598.9,9543113,603591,0.823,0.127,11278,10719,14416,0.01714028,0,0,0.1389,0.2689,0.3322,0.0831,0.01156,0.11531,0.12446,-0.01002,0.31267,1.27535
890,599.8,9553804,604258,0.731,0.132,12393,10691,14376,0.01713707,0,0,0.0999,0.1976,0.3798,0.0536,0.01232,0.11889,0.13116,-0.00736,0.32045,1.26662
891,600.8,9564478,604934,0.905,0.133,10280,10674,14378,0.01713386,0,0,0.1084,0.2342,0.3882,0.1745,0.0143,0.11816,0.11822,-0.00796,0.29603,1.27478
892,601.8,9575210,605616,0.807,0.131,11445,10732,14410,0.01713066,0,0,0.128,0.2113,0.3742,0.0935,0.0141,0.11579,0.12423,-0.00892,0.30834,1.22729
893,602.7,9585956,606317,0.798,0.124,11658,10746,14443,0.01712744,0,0,0.116,0.1924,0.3612,0.1279,0.01223,0.11148,0.12476,-0.01043,0.31196,1.21384
894,603.6,9596680,607007,0.749,0.124,12283,10724,14417,0.01712421,0,0,0.0906,0.2129,0.3625,0.083,0.01259,0.11098,0.13085,-0.00892,0.32337,1.27997
895,604.4,9607403,607673,0.685,0.123,13271,10723,14397,0.017121,0,0,0.0794,0.2343,0.3067,0.0642,0.01234,0.11051,0.12797,-0.00736,0.31351,1.2516
896,605.3,9618116,608366,0.767,0.123,12027,10713,14395,0.01711778,0,0,0.0931,0.1885,0.3975,0.0883,0.0125,0.11039,0.12982,-0.0078,0.31743,1.23259
897,606.1,9628838,609030,0.682,0.122,13337,10722,14390,0.01711457,0,0,0.0979,0.1846,0.3447,0.0549,0.01207,0.10917,0.12628,-0.0095,0.31418,1.24528
898,606.9,9639524,609722,0.697,0.123,13020,10686,14386,0.01711135,0,0,0.0918,0.2331,0.2943,0.0783,0.01253,0.11029,0.11663,-0.0086,0.29382,1.26701
899,607.9,9650205,610420,0.86,0.123,10863,10681,14345,0.01710814,0,0,0.0964,0.2562,0.3974,0.1103,0.01204,0.11048,0.12226,-0.0089,0.30495,1.2464
900,608.9,9660894,611097,0.819,0.124,11335,10689,14377,0.01710494,0,0,0.0979,0.2426,0.3888,0.0893,0.01426,0.10966,0.13115,-0.0091,0.32363,1.26101
901,609.8,9671569,611778,0.778,0.123,11852,10675,14399,0.01710173,0,0,0.0917,0.2192,0.3167,0.15,0.01185,0.11077,0.12576,-0.00893,0.31318,1.28062
902,610.8,9682266,612442,0.831,0.123,11214,10697,14373,0.01709853,0,0,0.0872,0.2144,0.4124,0.1171,0.01162,0.1107,0.11833,-0.00916,0.29837,1.26834
903,611.5,9692941,613116,0.639,0.124,13980,10675,14375,0.01709532,0,0,0.0842,0.183,0.3041,0.0682,0.01245,0.11112,0.1321,-0.00949,0.32576,1.24527
904,612.2,9703632,613792,0.587,0.123,15058,10691,14370,0.01709212,0,0,0.0809,0.169,0.2756,0.0616,0.01221,0.11021,0.12892,-0.0089,0.31778,1.23237
905,613.1,9714342,614464,0.739,0.123,12417,10710,14402,0.01708891,0,0,0.0879,0.2444,0.2847,0.1223,0.01177,0.11094,0.1355,-0.00715,0.3276,1.23797
906,613.9,9724997,615137,0.664,0.123,13542,10655,14345,0.0170857,0,0,0.1044,0.2023,0.2858,0.0713,0.01193,0.11072,0.13085,-0.00956,0.32299,1.23426
907,614.8,9735692,615807,0.761,0.123,12102,10695,14421,0.0170825,0,0,0.0953,0.2556,0.3135,0.0964,0.01298,0.1096,0.12754,-0.0079,0.31404,1.26345
908,615.5,9746451,616473,0.641,0.122,14103,10759,14476,0.01707929,0,0,0.0836,0.1693,0.2856,0.1024,0.01198,0.10941,0.13593,-0.01053,0.33527,1.23988
909,616.3,9757170,617137,0.681,0.125,13305,10719,14386,0.01707606,0,0,0.0918,0.1722,0.2944,0.1224,0.01412,0.11028,0.13321,-0.01033,0.32851,1.21348
910,617.1,9767855,617801,0.673,0.122,13439,10685,14371,0.01707285,0,0,0.0921,0.185,0.3233,0.0729,0.01159,0.10965,0.11972,-0.0091,0.29939,1.22305
911,618.0,9778573,618461,0.689,0.122,13207,10718,14416,0.01706964,0,0,0.0934,0.2003,0.3029,0.0927,0.01199,0.10997,0.13379,-0.00844,0.3256,1.20488
912,618.7,9789295,619137,0.576,0.124,15321,10722,14390,0.01706643,0,0,0.0894,0.1649,0.2744,0.0474,0.01154,0.11175,0.13132,-0.00845,0.32149,1.22885
913,619.4,9800035,619788,0.642,0.126,13985,10740,14426,0.01706321,0,0,0.0911,0.1892,0.31,0.0521,0.01299,0.11224,0.12765,-0.00691,0.31079,1.22104
914,620.1,9810764,620453,0.589,0.123,15056,10729,14417,0.01705999,0,0,0.0832,0.1705,0.2719,0.0638,0.01112,0.11173,0.12695,-0.00705,0.31191,1.28687
915,620.8,9821512,621132,0.549,0.123,16005,10748,14433,0.01705677,0,0,0.0877,0.1604,0.2544,0.0466,0.01197,0.11018,0.12865,-0.01078,0.32171,1.25614
916,621.6,9832248,621800,0.63,0.124,14228,10736,14426,0.01705355,0,0,0.0969,0.1681,0.2705,0.0946,0.01164,0.11242,0.11948,-0.00697,0.29684,1.28782
917,622.3,9842996,622457,0.634,0.125,14162,10748,14456,0.01705033,0,0,0.0906,0.1797,0.2683,0.0957,0.01225,0.11183,0.12402,-0.0092,0.31029,1.28541
918,623.0,9853772,623113,0.59,0.124,15100,10776,14473,0.0170471,0,0,0.0917,0.1746,0.2821,0.0417,0.01115,0.11204,0.13377,-0.00849,0.32881,1.29908
919,623.7,9864534,623772,0.573,0.123,15473,10762,14442,0.01704387,0,0,0.0838,0.1671,0.2728,0.0493,0.01218,0.10994,0.14318,-0.00894,0.3471,1.25744
920,624.5,9875280,624455,0.67,0.126,13492,10746,14453,0.01704064,0,0,0.0828,0.1809,0.2847,0.1219,0.01407,0.1115,0.12743,-0.00834,0.31546,1.28879
921,625.4,9886037,625101,0.76,0.129,12104,10757,14444,0.01703742,0,0,0.1158,0.2361,0.333,0.0749,0.01189,0.11668,0.12699,-0.00827,0.31459,1.29313
922,626.2,9896765,625762,0.673,0.128,13384,10728,14415,0.01703419,0,0,0.098,0.201,0.3071,0.0671,0.01235,0.11516,0.13238,-0.00947,0.32675,1.26361
923,627.2,9907502,626424,0.815,0.13,11361,10737,14404,0.01703097,0,0,0.1121,0.2288,0.3419,0.1323,0.0124,0.11714,0.14134,-0.00909,0.3439,1.26344
924,628.0,9918258,627081,0.742,0.134,12280,10756,14425,0.01702775,0,0,0.0968,0.2055,0.3707,0.069,0.01504,0.11835,0.13551,-0.01158,0.3368,1.25153
925,628.9,9929018,627731,0.728,0.132,12509,10760,14443,0.01702452,0,0,0.1218,0.1896,0.3624,0.0538,0.01375,0.11818,0.14295,-0.00951,0.3476,1.25382
926,629.7,9939793,628397,0.649,0.126,13909,10775,14464,0.01702129,0,0,0.0934,0.1786,0.2878,0.0891,0.01282,0.11258,0.12303,-0.00968,0.30871,1.2717
927,630.4,9950550,629067,0.628,0.128,14244,10757,14436,0.01701806,0,0,0.0975,0.1836,0.2936,0.053,0.01437,0.11261,0.1391,-0.00986,0.34025,1.24369
928,631.2,9961266,629746,0.668,0.131,13413,10716,14394,0.01701483,0,0,0.1087,0.1916,0.2868,0.0807,0.01306,0.11722,0.14064,-0.00895,0.34179,1.25174
929,632.1,9971999,630416,0.728,0.126,12569,10733,14431,0.01701162,0,0,0.0886,0.2107,0.3064,0.1226,0.01184,0.11335,0.13579,-0.00949,0.33281,1.24176
930,632.9,9982735,631067,0.652,0.124,13836,10736,14447,0.0170084,0,0,0.0961,0.1837,0.3062,0.0656,0.0125,0.11139,0.1444,-0.00934,0.34956,1.23691
931,633.6,9993482,631741,0.61,0.124,14629,10747,14420,0.01700518,0,0,0.1006,0.175,0.2811,0.0536,0.01146,0.11249,0.13414,-0.00774,0.32499,1.21211
932,634.4,10004219,632415,0.678,0.125,13357,10737,14418,0.01700196,0,0,0.0967,0.1774,0.2902,0.1142,0.01279,0.11209,0.13285,-0.00742,0.32294,1.24688
933,635.1,10014986,633084,0.601,0.123,14856,10767,14472,0.01699873,0,0,0.0885,0.182,0.2809,0.0501,0.01236,0.11059,0.13087,-0.00747,0.3192,1.25047
934,635.9,10025772,633743,0.602,0.123,14872,10786,14471,0.0169955,0,0,0.0892,0.1779,0.265,0.0697,0.01217,0.11086,0.12381,-0.01069,0.3121,1.26805
935,636.7,10036611,634409,0.708,0.127,12982,10839,14526,0.01699227,0,0,0.0842,0.2018,0.2909,0.1315,0.01155,0.11458,0.12207,-0.0095,0.30587,1.25721
936,637.4,10047392,635076,0.601,0.127,14823,10781,14461,0.01698902,0,0,0.0954,0.1731,0.2711,0.0611,0.0124,0.11372,0.13776,-0.00977,0.33753,1.24989
937,638.2,10058202,635725,0.665,0.127,13638,10810,14495,0.01698578,0,0,0.0931,0.1854,0.295,0.0919,0.01336,0.11339,0.12203,-0.00752,0.30249,1.27756
938,639.0,10069004,636379,0.688,0.127,13251,10802,14491,0.01698254,0,0,0.0886,0.1886,0.2926,0.1186,0.01156,0.11474,0.1305,-0.00849,0.31995,1.23613
939,639.8,10079805,637035,0.696,0.127,13118,10801,14494,0.0169793,0,0,0.0937,0.1958,0.3458,0.061,0.01424,0.1123,0.13273,-0.00963,0.3264,1.22712
940,640.6,10090610,637700,0.623,0.127,14419,10805,14486,0.01697606,0,0,0.102,0.1811,0.2829,0.0569,0.01224,0.11376,0.12893,-0.00893,0.31803,1.24609
941,641.4,10101439,638343,0.709,0.124,12995,10829,14521,0.01697282,0,0,0.0971,0.2036,0.3223,0.0864,0.0117,0.11166,0.1291,-0.00967,0.32007,1.25322
942,642.2,10112212,638989,0.675,0.127,13434,10773,14469,0.01696957,0,0,0.1009,0.1765,0.338,0.0591,0.01241,0.11448,0.1331,-0.00791,0.32471,1.25795
943,643.0,10122998,639638,0.622,0.129,14367,10786,14500,0.01696634,0,0,0.0934,0.1863,0.286,0.0564,0.01242,0.11585,0.12937,-0.0096,0.32009,1.24258
944,643.8,10133797,640286,0.668,0.129,13552,10799,14478,0.0169631,0,0,0.0913,0.1872,0.2969,0.0926,0.01284,0.1156,0.13141,-0.00961,0.32495,1.26433
945,644.6,10144567,640942,0.723,0.127,12674,10770,14453,0.01695986,0,0,0.1012,0.223,0.3351,0.0636,0.0127,0.11369,0.13773,-0.00927,0.33553,1.22459
946,645.4,10155354,641602,0.667,0.127,13594,10787,14472,0.01695663,0,0,0.0944,0.1744,0.3004,0.0978,0.01257,0.11356,0.14242,-0.00951,0.34475,1.2058
947,646.2,10166106,642256,0.647,0.128,13869,10752,14439,0.01695339,0,0,0.0959,0.1904,0.2598,0.1013,0.0128,0.11434,0.13286,-0.00899,0.32536,1.22871
948,646.9,10176875,642920,0.614,0.126,14557,10769,14450,0.01695017,0,0,0.0952,0.1726,0.2769,0.0689,0.01214,0.11365,0.1325,-0.01076,0.32801,1.22378
949,647.7,10187645,643578,0.627,0.127,14294,10770,14463,0.01694694,0,0,0.0898,0.1754,0.2953,0.0663,0.01269,0.11348,0.12323,-0.00726,0.30251,1.22556
950,648.5,10198463,644229,0.684,0.126,13365,10818,14537,0.01694371,0,0,0.0856,0.1939,0.282,0.1222,0.01279,0.11253,0.13224,-0.00849,0.32404,1.25629
951,649.2,10209176,644907,0.601,0.124,14787,10713,14417,0.01694046,0,0,0.0838,0.1715,0.2865,0.0589,0.01167,0.11173,0.13127,-0.00795,0.32233,1.29511
952,650.0,10219954,645569,0.573,0.125,15443,10778,14472,0.01693725,0,0,0.0869,0.1631,0.2758,0.0468,0.01151,0.11322,0.13505,-0.00807,0.32789,1.22932
953,650.8,10230714,646243,0.687,0.127,13214,10760,14449,0.01693401,0,0,0.0955,0.1956,0.2838,0.1123,0.01351,0.11318,0.13531,-0.00791,0.32796,1.22577
954,651.5,10241432,646911,0.617,0.126,14434,10718,14413,0.01693079,0,0,0.0928,0.1638,0.2934,0.0667,0.01138,0.11377,0.12791,-0.00962,0.31746,1.25192
955,652.2,10252177,647567,0.568,0.129,15427,10745,14428,0.01692757,0,0,0.0825,0.1652,0.2707,0.0496,0.01281,0.11533,0.12426,-0.01028,0.31098,1.2373
956,653.0,10262934,648216,0.668,0.127,13525,10757,14468,0.01692435,0,0,0.0874,0.1718,0.288,0.1207,0.01256,0.1142,0.1164,-0.00579,0.28726,1.26725
957,653.8,10273752,648890,0.652,0.128,13868,10818,14523,0.01692112,0,0,0.0941,0.1744,0.2926,0.0913,0.0126,0.11462,0.12354,-0.01036,0.31003,1.24791
958,654.6,10284523,649554,0.644,0.127,13970,10771,14460,0.01691787,0,0,0.0923,0.1743,0.2963,0.0811,0.01177,0.11485,0.11795,-0.00788,0.29457,1.26858
959,655.4,10295307,650212,0.723,0.126,12696,10784,14474,0.01691464,0,0,0.0921,0.1825,0.3278,0.1205,0.01193,0.11388,0.11541,-0.01,0.29446,1.28995
960,656.3,10306122,650871,0.766,0.126,12123,10815,14494,0.01691141,0,0,0.0945,0.2178,0.3003,0.1533,0.01235,0.11289,0.10925,-0.00887,0.27849,1.24895
961,657.1,10316943,651537,0.68,0.126,13433,10821,14509,0.01690816,0,0,0.0894,0.2042,0.2986,0.0877,0.01156,0.11378,0.12453,-0.00721,0.30653,1.27306
962,657.9,10327699,652201,0.69,0.129,13127,10756,14458,0.01690492,0,0,0.1086,0.1767,0.299,0.1058,0.01482,0.1139,0.11912,-0.00969,0.30077,1.27594
963,658.6,10338466,652876,0.58,0.126,15263,10767,14461,0.01690169,0,0,0.0884,0.1729,0.2727,0.0458,0.01242,0.11258,0.11396,-0.01013,0.29236,1.30698
964,659.4,10349260,653534,0.597,0.125,14966,10794,14486,0.01689846,0,0,0.0888,0.1731,0.2858,0.0489,0.01221,0.11198,0.12455,-0.00701,0.3047,1.23038
965,660.2,10360038,654216,0.696,0.126,13114,10778,14440,0.01689522,0,0,0.0943,0.1791,0.3081,0.114,0.0126,0.11328,0.12924,-0.01192,0.32284,1.19942
966,661.0,10370806,654886,0.665,0.128,13579,10768,14435,0.01689199,0,0,0.0938,0.1769,0.3107,0.0834,0.0123,0.11518,0.13527,-0.0088,0.32868,1.2002
967,661.8,10381586,655584,0.654,0.126,13818,10780,14471,0.01688876,0,0,0.0996,0.1927,0.3026,0.0589,0.01156,0.1143,0.13006,-0.00863,0.31779,1.19615
968,662.7,10392349,656242,0.819,0.128,11365,10763,14430,0.01688552,0,0,0.0998,0.271,0.3225,0.1259,0.01354,0.11383,0.12985,-0.00947,0.31913,1.19946
969,663.5,10403092,656942,0.652,0.127,13794,10743,14426,0.0168823,0,0,0.0912,0.1917,0.3048,0.0641,0.01196,0.11443,0.12539,-0.00773,0.30736,1.21763
970,664.3,10413859,657609,0.653,0.127,13799,10767,14452,0.01687907,0,0,0.1117,0.1834,0.2967,0.0615,0.01233,0.11413,0.11393,-0.0105,0.29118,1.25375
971,665.1,10424645,658262,0.693,0.127,13156,10786,14474,0.01687584,0,0,0.0878,0.1757,0.2921,0.1377,0.0126,0.11271,0.1335,-0.01005,0.32717,1.18724
972,665.9,10435413,658944,0.681,0.128,13320,10768,14448,0.01687261,0,0,0.1148,0.1948,0.2947,0.0763,0.01195,0.11536,0.10783,-0.0109,0.27963,1.24976
973,666.8,10446124,659627,0.742,0.126,12346,10711,14392,0.01686938,0,0,0.1049,0.1921,0.3193,0.1253,0.01264,0.11288,0.12653,-0.00816,0.31091,1.23084
974,667.5,10456823,660319,0.609,0.127,14526,10699,14380,0.01686616,0,0,0.0915,0.1737,0.2818,0.0624,0.01231,0.11448,0.12408,-0.00986,0.30827,1.19738
975,668.3,10467516,661008,0.633,0.129,14040,10693,14403,0.01686295,0,0,0.0935,0.1827,0.2884,0.0682,0.01217,0.11608,0.13729,-0.00696,0.32924,1.20805
976,669.1,10478239,661663,0.705,0.126,12899,10723,14414,0.01685975,0,0,0.0936,0.1742,0.3235,0.1138,0.01177,0.11379,0.13194,-0.00973,0.32313,1.17987
977,669.9,10489015,662359,0.724,0.127,12666,10776,14465,0.01685653,0,0,0.0865,0.2144,0.3682,0.0546,0.01352,0.11296,0.12557,-0.01014,0.31111,1.17712
978,670.7,10499753,663059,0.609,0.126,14613,10738,14435,0.0168533,0,0,0.0894,0.1744,0.2848,0.06,0.01228,0.11348,0.12437,-0.00965,0.30873,1.2068
979,671.5,10510475,663759,0.737,0.127,12412,10722,14400,0.01685007,0,0,0.1047,0.1822,0.3316,0.1182,0.01228,0.11428,0.12543,-0.01066,0.31108,1.15402
980,672.3,10521197,664441,0.602,0.13,14652,10722,14410,0.01684686,0,0,0.0835,0.1662,0.2779,0.0741,0.01396,0.11548,0.12482,-0.00961,0.30835,1.17235
981,673.0,10531949,665117,0.583,0.125,15204,10752,14443,0.01684364,0,0,0.0868,0.165,0.2822,0.0487,0.01106,0.11295,0.11936,-0.00722,0.2922,1.15887
982,673.7,10542689,665810,0.601,0.126,14777,10740,14425,0.01684042,0,0,0.0821,0.1639,0.2584,0.0962,0.01203,0.11383,0.13057,-0.00963,0.32,1.17584
983,674.4,10553425,666502,0.558,0.126,15702,10736,14440,0.01683719,0,0,0.0847,0.1539,0.2666,0.0523,0.01218,0.11349,0.12127,-0.01059,0.30273,1.15811
984,675.1,10564178,667179,0.579,0.126,15267,10753,14451,0.01683397,0,0,0.0821,0.1639,0.2732,0.0594,0.01287,0.11237,0.13535,-0.00629,0.32213,1.15381
985,675.9,10574920,667839,0.622,0.124,14399,10742,14408,0.01683075,0,0,0.081,0.1764,0.2523,0.112,0.01216,0.11166,0.11921,-0.00834,0.29484,1.18038
986,676.5,10585699,668523,0.558,0.127,15744,10779,14473,0.01682752,0,0,0.0826,0.1608,0.2662,0.0483,0.01238,0.11379,0.13169,-0.00923,0.32295,1.22158
987,677.2,10596434,669199,0.523,0.124,16579,10735,14411,0.01682429,0,0,0.0803,0.1404,0.2517,0.0508,0.01248,0.11133,0.12122,-0.00809,0.29953,1.2157
988,677.8,10607197,669865,0.531,0.125,16410,10763,14423,0.01682107,0,0,0.0794,0.1502,0.2544,0.0473,0.01162,0.11228,0.11326,-0.00935,0.28514,1.1871
989,678.5,10617940,670546,0.551,0.123,15932,10743,14445,0.01681784,0,0,0.0764,0.1417,0.2417,0.091,0.01158,0.11153,0.11589,-0.01059,0.29405,1.22195
990,679.1,10628667,671221,0.475,0.123,17943,10727,14438,0.01681462,0,0,0.0675,0.1152,0.2356,0.0563,0.01197,0.11085,0.12332,-0.00791,0.30415,1.23946
991,679.8,10639400,671912,0.534,0.124,16322,10733,14428,0.0168114,0,0,0.0749,0.1626,0.2494,0.047,0.01132,0.11198,0.12947,-0.00992,0.32057,1.24277
992,680.4,10650143,672590,0.539,0.126,16168,10743,14457,0.01680818,0,0,0.0738,0.1441,0.2578,0.063,0.01234,0.11304,0.13162,-0.00885,0.32227,1.22943
993,681.2,10660928,673255,0.593,0.123,15056,10785,14465,0.01680496,0,0,0.0727,0.1747,0.2458,0.1,0.0113,0.11153,0.12828,-0.00984,0.31717,1.21788
994,681.9,10671704,673923,0.581,0.126,15257,10776,14461,0.01680172,0,0,0.0844,0.1634,0.2733,0.0597,0.01186,0.11333,0.12116,-0.00781,0.3005,1.26606
995,682.6,10682454,674594,0.644,0.126,13954,10750,14417,0.01679849,0,0,0.0963,0.1964,0.2836,0.0682,0.01156,0.11392,0.12718,-0.01016,0.31694,1.25797
996,683.3,10693228,675262,0.584,0.126,15173,10774,14491,0.01679526,0,0,0.0818,0.1671,0.2808,0.0545,0.01202,0.11341,0.10644,-0.01092,0.27768,1.27885
997,684.1,10704027,675939,0.609,0.126,14701,10799,14495,0.01679203,0,0,0.0906,0.1575,0.2863,0.0743,0.01269,0.11277,0.11746,-0.0096,0.29544,1.23007
998,684.8,10714858,676628,0.643,0.127,14070,10831,14514,0.01678879,0,0,0.0844,0.1889,0.2711,0.0983,0.01221,0.11451,0.13593,-0.00905,0.33104,1.22346
999,685.5,10725648,677303,0.572,0.125,15484,10790,14507,0.01678554,0,0,0.0877,0.1539,0.2728,0.0571,0.01284,0.11199,0.13296,-0.00677,0.32241,1.27915
1000,686.2,10736415,677984,0.519,0.124,16751,10767,14463,0.01678231,0,0,0.0752,0.1405,0.2505,0.0527,0.01171,0.11186,0.12401,-0.00903,0.30901,1.27898
1001,687.2,10747259,678658,0.5,0.123,17389,10844,14505,0.01677908,0,0,0.067,0.1239,0.243,0.0664,0.01115,0.11185,0.1321,-0.00994,0.32444,1.20266
1002,687.8,10758089,679344,0.474,0.123,18127,10830,14468,0.01677582,0,0,0.0722,0.1256,0.2362,0.0404,0.01157,0.11104,0.12833,-0.01039,0.31704,1.17984
1003,688.4,10768918,680025,0.472,0.125,18130,10829,14456,0.01677257,0,0,0.0708,0.1238,0.2373,0.0401,0.01217,0.11236,0.1386,-0.00877,0.33424,1.17735
1004,689.0,10779778,680696,0.473,0.126,18131,10860,14485,0.01676932,0,0,0.0702,0.1274,0.2379,0.0379,0.01167,0.11351,0.136,-0.00818,0.32811,1.18571
1005,689.6,10790616,681375,0.499,0.124,17388,10838,14476,0.01676607,0,0,0.0686,0.1238,0.244,0.0624,0.01191,0.11222,0.13345,-0.00903,0.32452,1.17958
1006,690.2,10801457,682045,0.505,0.125,17205,10841,14470,0.01676282,0,0,0.073,0.1361,0.2497,0.0461,0.0117,0.11303,0.13697,-0.01028,0.33404,1.17941
1007,690.9,10812307,682715,0.497,0.124,17456,10850,14450,0.01675956,0,0,0.0714,0.1335,0.2503,0.0423,0.0113,0.11248,0.14106,-0.00944,0.33986,1.15888
1008,691.5,10823136,683392,0.474,0.123,18137,10829,14458,0.01675631,0,0,0.0693,0.1223,0.2398,0.0423,0.0116,0.11142,0.13756,-0.00876,0.33222,1.18098
1009,692.1,10833977,684072,0.53,0.127,16501,10841,14453,0.01675306,0,0,0.0722,0.1373,0.2636,0.0569,0.01266,0.1136,0.13466,-0.0097,0.32813,1.17578
1010,692.7,10844790,684744,0.507,0.125,17107,10813,14419,0.01674981,0,0,0.0704,0.1312,0.2534,0.0521,0.01169,0.11291,0.13984,-0.00933,0.33754,1.17018
1011,693.3,10855616,685429,0.483,0.124,17837,10826,14449,0.01674656,0,0,0.0687,0.1328,0.2405,0.0408,0.01141,0.11241,0.13018,-0.00994,0.32016,1.19191
1012,693.9,10866441,686108,0.473,0.124,18146,10825,14452,0.01674332,0,0,0.0679,0.1186,0.2345,0.0516,0.01159,0.11198,0.13081,-0.01159,0.32428,1.17878
1013,694.5,10877222,686786,0.477,0.124,17957,10781,14384,0.01674007,0,0,0.0663,0.1209,0.2325,0.0571,0.01157,0.11165,0.13846,-0.00912,0.33333,1.14002
1014,695.1,10888044,687470,0.459,0.124,18556,10822,14462,0.01673683,0,0,0.0679,0.1191,0.2336,0.0383,0.01229,0.11158,0.13155,-0.00983,0.321,1.14228
1015,695.7,10898832,688135,0.46,0.125,18437,10788,14393,0.01673359,0,0,0.0654,0.1169,0.2336,0.0443,0.01315,0.11151,0.14325,-0.00966,0.34405,1.14243
1016,696.4,10909639,688829,0.511,0.125,16998,10807,14439,0.01673035,0,0,0.0721,0.1274,0.2488,0.0627,0.01199,0.11245,0.14301,-0.00957,0.34359,1.14896
1017,697.0,10920407,689510,0.498,0.124,17314,10768,14371,0.01672711,0,0,0.0707,0.1331,0.2471,0.0473,0.01148,0.11178,0.13706,-0.01173,0.33581,1.1425
1018,697.6,10931212,690202,0.483,0.122,17857,10805,14432,0.01672388,0,0,0.0716,0.133,0.2416,0.037,0.01079,0.11065,0.13964,-0.01024,0.33744,1.12649
1019,698.2,10942019,690882,0.486,0.127,17633,10807,14433,0.01672064,0,0,0.0686,0.125,0.2454,0.0474,0.01141,0.11484,0.13786,-0.0093,0.33106,1.0987
1020,698.8,10952794,691560,0.521,0.125,16681,10775,14382,0.01671739,0,0,0.0674,0.1216,0.2367,0.095,0.01164,0.11314,0.1385,-0.0102,0.33329,1.07314
1021,699.6,10963585,692238,0.655,0.126,13813,10791,14413,0.01671416,0,0,0.0751,0.1588,0.253,0.1687,0.0115,0.11392,0.14455,-0.00757,0.3404,1.08173
1022,700.3,10974349,692919,0.561,0.124,15709,10764,14373,0.01671092,0,0,0.0721,0.1351,0.2478,0.1064,0.01169,0.11173,0.15363,-0.00778,0.35869,1.07285
1023,701.0,10985171,693611,0.548,0.124,16095,10822,14446,0.0167077,0,0,0.0735,0.1385,0.2397,0.0962,0.01086,0.11317,0.14535,-0.0083,0.34224,1.04569
1024,701.6,10995950,694305,0.504,0.126,17105,10779,14402,0.01670445,0,0,0.0706,0.1401,0.2438,0.0494,0.01248,0.11327,0.14494,-0.01007,0.34539,1.05876
1025,702.3,11006747,694984,0.527,0.125,16543,10797,14421,0.01670122,0,0,0.0826,0.1462,0.2518,0.0467,0.0125,0.11254,0.15435,-0.00964,0.36235,1.02909
1026,702.9,11017532,695664,0.541,0.124,16194,10785,14409,0.01669798,0,0,0.0726,0.1448,0.2552,0.0688,0.01203,0.11197,0.14414,-0.00836,0.33995,1.04709
1027,703.6,11028310,696353,0.546,0.123,16100,10778,14410,0.01669474,0,0,0.0763,0.1368,0.2384,0.0947,0.01165,0.11119,0.14436,-0.01082,0.34637,1.07853
1028,704.2,11039129,697037,0.492,0.125,17537,10819,14463,0.01669151,0,0,0.074,0.1299,0.2431,0.0453,0.01199,0.11224,0.14328,-0.00811,0.33844,1.06848
1029,704.8,11049944,697716,0.491,0.126,17542,10815,14447,0.01668826,0,0,0.0722,0.1325,0.2453,0.0405,0.01244,0.11294,0.14637,-0.00857,0.34591,1.07908
1030,705.4,11060768,698407,0.462,0.126,18415,10824,14467,0.01668502,0,0,0.0686,0.1248,0.2314,0.037,0.01316,0.11245,0.1527,-0.00798,0.35667,1.05768
1031,706.1,11071586,699087,0.514,0.123,16992,10818,14463,0.01668177,0,0,0.0679,0.1257,0.2423,0.0781,0.0109,0.11145,0.14104,-0.00784,0.33198,1.02597
1032,706.7,11082381,699785,0.502,0.125,17200,10795,14418,0.01667852,0,0,0.0672,0.1126,0.2363,0.0863,0.01213,0.11238,0.14389,-0.00785,0.33905,1.06622
1033,707.3,11093172,700470,0.479,0.123,17913,10791,14420,0.01667529,0,0,0.0666,0.1358,0.2387,0.0384,0.01117,0.11142,0.15113,-0.00619,0.35083,1.08518
1034,707.9,11104003,701162,0.498,0.125,17386,10831,14470,0.01667205,0,0,0.0705,0.1406,0.248,0.0391,0.01215,0.11236,0.14636,-0.00745,0.34268,1.05126
1035,708.5,11114820,701840,0.485,0.125,17742,10817,14447,0.0166688,0,0,0.067,0.1203,0.2363,0.061,0.0119,0.11275,0.14246,-0.00893,0.33653,1.01204
1036,709.1,11125608,702537,0.479,0.125,17862,10788,14410,0.01666555,0,0,0.0676,0.1175,0.2378,0.0559,0.01177,0.11292,0.1437,-0.00783,0.33809,1.051
1037,709.7,11136380,703220,0.469,0.125,18131,10772,14371,0.01666232,0,0,0.0657,0.1256,0.2392,0.0388,0.0114,0.11304,0.14377,-0.00726,0.33627,1.02638
1038,710.3,11147127,703922,0.473,0.125,17973,10747,14373,0.01665909,0,0,0.0678,0.1275,0.2342,0.0433,0.01218,0.11269,0.15462,-0.00954,0.36318,1.04622
1039,710.9,11157950,704622,0.489,0.125,17631,10823,14442,0.01665586,0,0,0.068,0.1254,0.2388,0.0568,0.01201,0.11243,0.14193,-0.00723,0.3328,1.03447
1040,711.5,11168701,705325,0.451,0.123,18725,10751,14415,0.01665261,0,0,0.0669,0.1119,0.2378,0.0344,0.01096,0.11195,0.13564,-0.00706,0.31977,1.03164
1041,712.1,11179491,706014,0.454,0.122,18746,10790,14411,0.01664939,0,0,0.0641,0.1169,0.2357,0.0371,0.01092,0.11067,0.14851,-0.00748,0.34445,0.97507
1042,712.7,11190301,706699,0.456,0.123,18675,10810,14432,0.01664615,0,0,0.0669,0.122,0.2344,0.0325,0.01178,0.11092,0.14429,-0.0075,0.33756,1.02052
1043,713.2,11201118,707385,0.463,0.123,18470,10817,14436,0.01664291,0,0,0.0678,0.1188,0.2368,0.0393,0.01113,0.11149,0.13021,-0.0069,0.30831,1.0238
1044,713.9,11211899,708080,0.506,0.122,17162,10781,14412,0.01663966,0,0,0.067,0.129,0.2373,0.0725,0.0112,0.11074,0.13868,-0.00752,0.32621,1.01581
1045,714.5,11222760,708774,0.503,0.124,17323,10861,14522,0.01663643,0,0,0.0677,0.1386,0.2497,0.0471,0.01169,0.11178,0.1432,-0.00763,0.33445,0.98566
1046,715.1,11233588,709480,0.448,0.123,18958,10828,14472,0.01663317,0,0,0.0655,0.1165,0.2349,0.0309,0.01068,0.11227,0.14743,-0.00706,0.34232,1.00234
1047,715.7,11244362,710175,0.531,0.124,16448,10774,14427,0.01662992,0,0,0.0745,0.142,0.2658,0.0491,0.01197,0.11131,0.1485,-0.00794,0.34714,1.02981
1048,716.3,11255221,710881,0.487,0.124,17789,10859,14505,0.01662669,0,0,0.0733,0.1306,0.2457,0.0373,0.01107,0.11165,0.13963,-0.00629,0.32702,1.05808
1049,717.0,11266071,711554,0.509,0.124,17141,10850,14501,0.01662343,0,0,0.0743,0.1357,0.2595,0.0392,0.01161,0.11219,0.14438,-0.0041,0.33078,1.01679
1050,717.6,11276947,712251,0.533,0.125,16513,10876,14520,0.01662018,0,0,0.0741,0.1608,0.2557,0.0427,0.01175,0.11333,0.1269,-0.00933,0.30824,1.07632
1051,718.3,11287770,712934,0.529,0.127,16493,10823,14466,0.01661692,0,0,0.078,0.1425,0.2505,0.0583,0.0122,0.11433,0.14464,-0.00893,0.34126,1.02661
1052,719.0,11298650,713631,0.511,0.127,17045,10880,14548,0.01661367,0,0,0.0763,0.1389,0.257,0.0391,0.01287,0.11348,0.13176,-0.00865,0.31581,1.05311
1053,719.6,11309505,714301,0.503,0.126,17280,10855,14485,0.01661041,0,0,0.0713,0.1345,0.2511,0.0458,0.01163,0.11359,0.13321,-0.00673,0.3152,1.06334
1054,720.3,11320392,714974,0.536,0.127,16428,10887,14539,0.01660715,0,0,0.079,0.15,0.261,0.0458,0.01294,0.11359,0.15033,-0.00994,0.35524,1.0449
1055,720.9,11331251,715673,0.548,0.125,16149,10859,14500,0.01660388,0,0,0.0741,0.1415,0.2601,0.0723,0.01199,0.1122,0.13463,-0.00835,0.32211,1.08881
1056,721.6,11342136,716327,0.53,0.126,16596,10885,14534,0.01660062,0,0,0.0751,0.1394,0.254,0.0612,0.01331,0.11241,0.14224,-0.00887,0.33845,1.09093
1057,722.2,11352958,716999,0.533,0.123,16490,10822,14471,0.01659736,0,0,0.081,0.1448,0.2663,0.0407,0.01207,0.11097,0.14245,-0.00951,0.33914,1.06137
1058,722.9,11363821,717670,0.563,0.124,15815,10863,14509,0.01659411,0,0,0.077,0.1563,0.2516,0.0783,0.01201,0.11143,0.13751,-0.00845,0.32767,1.07738
1059,723.6,11374716,718353,0.531,0.124,16631,10895,14562,0.01659085,0,0,0.0803,0.1482,0.2526,0.0495,0.01201,0.11213,0.13485,-0.01025,0.32646,1.09276
1060,724.3,11385641,719017,0.58,0.126,15459,10925,14572,0.01658759,0,0,0.0772,0.1951,0.2548,0.0534,0.0126,0.11323,0.12755,-0.00968,0.31085,1.0971
1061,725.0,11396593,719716,0.544,0.123,16427,10952,14607,0.01658431,0,0,0.0793,0.1454,0.262,0.0573,0.01167,0.11063,0.12562,-0.00926,0.30598,1.09234
1062,725.6,11407503,720382,0.508,0.125,17215,10910,14570,0.01658102,0,0,0.077,0.1454,0.245,0.0409,0.01258,0.11246,0.13905,-0.01011,0.33313,1.04991
1063,726.2,11418403,721069,0.486,0.124,17864,10900,14535,0.01657775,0,0,0.0759,0.1321,0.2448,0.0334,0.01159,0.11205,0.12914,-0.00857,0.3111,1.07589
1064,726.8,11429278,721766,0.487,0.125,17780,10875,14495,0.01657448,0,0,0.0733,0.1365,0.2344,0.0425,0.01177,0.11284,0.13849,-0.00709,0.32578,1.0441
1065,727.4,11440174,722467,0.468,0.124,18391,10896,14554,0.01657122,0,0,0.0713,0.1285,0.235,0.0336,0.01122,0.11236,0.1409,-0.01014,0.33711,1.05717
1066,728.0,11451130,723147,0.499,0.126,17530,10956,14610,0.01656795,0,0,0.0711,0.1197,0.2387,0.0694,0.01236,0.11343,0.14654,-0.00938,0.34706,1.06308
1067,728.6,11462048,723837,0.477,0.123,18188,10918,14563,0.01656466,0,0,0.0709,0.1247,0.2433,0.0382,0.01077,0.1122,0.14346,-0.00828,0.33819,1.04841
1068,729.2,11473022,724509,0.481,0.126,18095,10974,14623,0.01656139,0,0,0.0726,0.1215,0.2437,0.0429,0.01227,0.11305,0.15301,-0.00833,0.35723,1.04288
1069,729.9,11483945,725183,0.524,0.125,16835,10923,14564,0.01655809,0,0,0.0686,0.1333,0.2369,0.0848,0.0117,0.11316,0.14178,-0.00625,0.33121,1.06133
1070,730.5,11494860,725852,0.506,0.125,17289,10915,14550,0.01655482,0,0,0.0732,0.1345,0.2485,0.0499,0.01175,0.11312,0.13581,-0.00802,0.32358,1.085
1071,731.2,11505738,726530,0.513,0.124,17076,10878,14523,0.01655154,0,0,0.0802,0.1365,0.2541,0.0418,0.012,0.11202,0.13388,-0.00661,0.31524,1.03547
1072,731.8,11516683,727231,0.505,0.125,17379,10945,14574,0.01654828,0,0,0.0719,0.1312,0.2472,0.0548,0.01196,0.11223,0.13781,-0.00691,0.32341,1.02611
1073,732.4,11527591,727928,0.528,0.124,16717,10908,14567,0.016545,0,0,0.0705,0.1245,0.2406,0.0927,0.01124,0.1127,0.14378,-0.00761,0.3374,1.04638
1074,733.0,11538449,728610,0.481,0.126,17896,10858,14510,0.01654172,0,0,0.0695,0.1242,0.2438,0.0431,0.01253,0.11321,0.1452,-0.00896,0.34224,1.02553
1075,733.6,11549317,729290,0.437,0.125,19359,10868,14534,0.01653847,0,0,0.0651,0.1104,0.2221,0.0391,0.01194,0.11234,0.13736,-0.00879,0.32696,1.04766
1076,734.2,11560196,729977,0.463,0.123,18553,10879,14525,0.0165352,0,0,0.0691,0.1258,0.2324,0.036,0.01129,0.11143,0.14304,-0.0082,0.33779,1.06753
1077,734.8,11570994,730669,0.476,0.123,18032,10798,14447,0.01653194,0,0,0.0645,0.1186,0.2278,0.065,0.01102,0.11156,0.14884,-0.01028,0.35395,1.08045
1078,735.3,11581847,731349,0.434,0.124,19460,10853,14513,0.0165287,0,0,0.0656,0.1058,0.2262,0.0364,0.01204,0.11128,0.13218,-0.0074,0.31601,1.11532
1079,736.0,11592698,732047,0.501,0.128,17247,10851,14479,0.01652545,0,0,0.0723,0.149,0.2389,0.0405,0.01133,0.1167,0.15553,-0.00879,0.36325,1.04729
1080,736.6,11603528,732727,0.461,0.124,18497,10830,14463,0.01652219,0,0,0.0679,0.117,0.2406,0.0358,0.01121,0.1127,0.1402,-0.00806,0.33111,1.0468
1081,737.2,11614360,733420,0.52,0.125,16793,10832,14489,0.01651894,0,0,0.0745,0.1277,0.2376,0.08,0.01191,0.11284,0.13751,-0.0095,0.32904,1.06029
1082,737.8,11625186,734118,0.509,0.125,17058,10826,14478,0.01651569,0,0,0.0718,0.1421,0.2458,0.0496,0.01237,0.11269,0.14069,-0.01005,0.33629,1.05355
1083,738.5,11636041,734799,0.501,0.125,17343,10855,14505,0.01651244,0,0,0.0775,0.1375,0.246,0.0398,0.01163,0.11303,0.14623,-0.00846,0.34364,1.03741
1084,739.1,11646854,735486,0.519,0.126,16760,10813,14469,0.01650919,0,0,0.0757,0.1419,0.2425,0.0589,0.01278,0.11295,0.14731,-0.00912,0.34742,1.04667
1085,739.8,11657702,736162,0.538,0.124,16392,10848,14482,0.01650594,0,0,0.0763,0.1519,0.2617,0.048,0.01136,0.1121,0.13669,-0.00725,0.322,1.03327
1086,740.4,11668542,736852,0.539,0.124,16352,10840,14485,0.01650269,0,0,0.0777,0.1517,0.2654,0.0439,0.01229,0.11161,0.1416,-0.00771,0.33259,1.0292
1087,741.1,11679379,737540,0.535,0.124,16458,10837,14488,0.01649944,0,0,0.0815,0.1641,0.2526,0.0364,0.01148,0.11201,0.13648,-0.00808,0.32254,1.01274
1088,741.8,11690200,738225,0.57,0.123,15617,10821,14475,0.01649619,0,0,0.0774,0.1503,0.2583,0.0839,0.01132,0.11118,0.13419,-0.00754,0.31712,1.02013
1089,742.6,11700967,738936,0.635,0.124,14185,10767,14441,0.01649294,0,0,0.0907,0.1991,0.2985,0.0471,0.01143,0.11178,0.12967,-0.00726,0.30871,1.05693
1090,743.3,11711749,739631,0.585,0.123,15232,10782,14447,0.01648971,0,0,0.0867,0.1777,0.2815,0.0387,0.01078,0.11203,0.12125,-0.00906,0.2946,1.03037
1091,744.0,11722574,740320,0.605,0.124,14855,10825,14478,0.01648648,0,0,0.0835,0.1712,0.2735,0.0768,0.01129,0.11198,0.12767,-0.00869,0.30699,1.03954
1092,744.7,11733359,741020,0.621,0.127,14421,10785,14438,0.01648323,0,0,0.0948,0.1837,0.2657,0.0769,0.01392,0.11241,0.13105,-0.00815,0.314,1.0802
1093,745.5,11744184,741713,0.597,0.125,14988,10825,14469,0.01647999,0,0,0.0954,0.168,0.2858,0.0476,0.01227,0.11285,0.13754,-0.00625,0.32312,1.07812
1094,746.3,11754966,742410,0.664,0.127,13633,10782,14450,0.01647674,0,0,0.0877,0.2088,0.2767,0.0906,0.01205,0.11409,0.13495,-0.00694,0.31858,1.05597
1095,747.1,11765763,743077,0.717,0.127,12789,10797,14465,0.01647351,0,0,0.0984,0.207,0.3212,0.0907,0.01234,0.11418,0.13671,-0.00738,0.32218,1.03194
1096,748.0,11776552,743768,0.803,0.126,11624,10789,14428,0.01647027,0,0,0.0927,0.2481,0.329,0.1328,0.01245,0.11273,0.13637,-0.00761,0.32272,1.05533
1097,748.8,11787328,744446,0.668,0.126,13564,10776,14459,0.01646703,0,0,0.0899,0.1811,0.292,0.1051,0.01166,0.11417,0.13597,-0.00789,0.32164,1.02993
1098,749.6,11798177,745140,0.657,0.127,13849,10849,14510,0.0164638,0,0,0.09,0.225,0.2782,0.0633,0.01303,0.1133,0.12917,-0.01029,0.3137,1.05631
1099,750.3,11808974,745819,0.543,0.124,16194,10797,14448,0.01646055,0,0,0.0814,0.1575,0.2562,0.0479,0.01159,0.11167,0.13153,-0.00961,0.31724,1.0616
1100,751.0,11819798,746505,0.608,0.125,14763,10824,14489,0.01645731,0,0,0.0923,0.1593,0.2926,0.0635,0.01182,0.11306,0.13094,-0.00895,0.3141,1.04281
1101,751.8,11830616,747180,0.636,0.125,14215,10818,14452,0.01645406,0,0,0.1123,0.1766,0.2971,0.0499,0.01262,0.11207,0.13455,-0.00679,0.31676,1.03571
1102,752.6,11841434,747862,0.648,0.126,13973,10818,14502,0.01645082,0,0,0.0826,0.1845,0.3043,0.0769,0.01284,0.11271,0.13881,-0.0065,0.32422,1.02152
1103,753.3,11852250,748548,0.577,0.125,15409,10816,14483,0.01644757,0,0,0.0789,0.1814,0.263,0.054,0.01142,0.11268,0.13105,-0.00881,0.31416,1.04682
1104,754.2,11863077,749238,0.741,0.127,12471,10827,14476,0.01644432,0,0,0.0979,0.1944,0.3384,0.1103,0.01441,0.1123,0.13631,-0.00766,0.32163,1.02417
1105,754.9,11873916,749906,0.662,0.13,13678,10839,14507,0.01644108,0,0,0.089,0.1941,0.2855,0.0933,0.01489,0.11518,0.14449,-0.00954,0.3429,1.05921
1106,755.6,11884772,750569,0.558,0.126,15868,10856,14522,0.01643783,0,0,0.0837,0.1559,0.2622,0.0559,0.01198,0.11406,0.12668,-0.00907,0.30564,1.0386
1107,756.3,11895579,751247,0.525,0.127,16599,10807,14460,0.01643457,0,0,0.0782,0.1456,0.2571,0.0436,0.01176,0.11406,0.13137,-0.00864,0.31475,1.05651
1108,757.0,11906455,751934,0.593,0.126,15112,10876,14527,0.01643133,0,0,0.0822,0.1551,0.2657,0.0904,0.01253,0.11334,0.14007,-0.00911,0.33208,1.02617
1109,757.7,11917323,752601,0.578,0.127,15419,10868,14536,0.01642806,0,0,0.0875,0.165,0.2776,0.0482,0.01186,0.11423,0.13868,-0.00895,0.33047,1.07141
1110,758.4,11928194,753281,0.541,0.126,16285,10871,14525,0.0164248,0,0,0.0845,0.1484,0.2653,0.043,0.01263,0.1131,0.12904,-0.00955,0.31218,1.0654
1111,759.1,11939067,753952,0.592,0.125,15154,10873,14548,0.01642154,0,0,0.0766,0.1504,0.2771,0.088,0.01238,0.11258,0.13631,-0.00753,0.32317,1.08074
1112,759.7,11949956,754622,0.496,0.123,17589,10889,14557,0.01641828,0,0,0.0731,0.1347,0.2487,0.0399,0.0112,0.1111,0.13322,-0.0083,0.31767,1.05461
1113,760.4,11960801,755292,0.525,0.126,16672,10845,14513,0.01641501,0,0,0.0753,0.1393,0.271,0.0389,0.01339,0.11224,0.13282,-0.00839,0.31683,1.04863
1114,761.0,11971626,755966,0.5,0.123,17386,10825,14464,0.01641176,0,0,0.0739,0.1388,0.2505,0.0367,0.01148,0.11083,0.1357,-0.00746,0.32163,1.07591
1115,761.6,11982423,756639,0.512,0.123,17008,10797,14453,0.01640851,0,0,0.0719,0.1233,0.2433,0.0733,0.01169,0.11085,0.14291,-0.00892,0.33815,1.05108
1116,762.2,11993221,757313,0.481,0.123,17886,10798,14464,0.01640527,0,0,0.0694,0.125,0.2455,0.0409,0.011,0.1114,0.13331,-0.00911,0.31911,1.0446
1117,762.8,12004029,757972,0.501,0.123,17325,10808,14473,0.01640203,0,0,0.0698,0.141,0.2497,0.0401,0.01093,0.11189,0.1272,-0.00734,0.30353,1.0499
1118,763.6,12014857,758655,0.604,0.125,14841,10828,14481,0.01639879,0,0,0.1005,0.1696,0.2514,0.083,0.0122,0.11248,0.12604,-0.00846,0.30314,1.04115
1119,764.3,12025665,759319,0.621,0.128,14441,10808,14481,0.01639554,0,0,0.0878,0.1578,0.2755,0.0995,0.01312,0.1143,0.12951,-0.00789,0.3098,1.06734
1120,765.0,12036544,760012,0.544,0.127,16228,10879,14555,0.0163923,0,0,0.0811,0.1441,0.2691,0.0494,0.0129,0.11337,0.13595,-0.00687,0.31942,1.03084
1121,765.7,12047415,760706,0.551,0.125,16087,10871,14543,0.01638904,0,0,0.0781,0.155,0.2519,0.066,0.01191,0.11236,0.12516,-0.00845,0.30147,1.04483
1122,766.3,12058254,761389,0.507,0.126,17122,10839,14491,0.01638578,0,0,0.0729,0.1385,0.2513,0.0441,0.01192,0.11367,0.12885,-0.00933,0.31038,1.03809
1123,767.0,12069117,762063,0.557,0.125,15941,10863,14525,0.01638252,0,0,0.0822,0.1439,0.2521,0.0786,0.01239,0.11195,0.14378,-0.00753,0.33693,1.04738
1124,767.6,12079943,762753,0.519,0.125,16806,10826,14512,0.01637926,0,0,0.0768,0.1348,0.2499,0.0573,0.01292,0.11197,0.13154,-0.00731,0.31092,1.01424
1125,768.4,12090783,763427,0.623,0.126,14483,10840,14509,0.01637602,0,0,0.0787,0.1658,0.2629,0.1154,0.01241,0.11272,0.13623,-0.0062,0.31797,1.01072
1126,769.0,12101592,764112,0.529,0.125,16533,10809,14475,0.01637277,0,0,0.0698,0.1473,0.2458,0.0662,0.01231,0.11188,0.12612,-0.00838,0.30226,1.01554
1127,769.7,12112451,764803,0.518,0.123,16952,10859,14534,0.01636952,0,0,0.0764,0.1415,0.2421,0.0577,0.01126,0.11135,0.13143,-0.0084,0.31371,1.04024
1128,770.3,12123275,765502,0.504,0.126,17191,10824,14492,0.01636626,0,0,0.0788,0.1357,0.2487,0.0406,0.0121,0.11315,0.13618,-0.008,0.32165,1.01678
1129,770.9,12134114,766175,0.504,0.124,17264,10839,14510,0.01636302,0,0,0.0692,0.1245,0.2479,0.0623,0.01102,0.11249,0.1431,-0.00827,0.33628,1.025
1130,771.5,12144934,766864,0.48,0.123,17939,10820,14475,0.01635977,0,0,0.0724,0.1236,0.2439,0.0399,0.01155,0.11139,0.12869,-0.01139,0.31343,1.01689
1131,772.2,12155765,767531,0.506,0.126,17163,10831,14520,0.01635652,0,0,0.0728,0.1272,0.2514,0.0542,0.01209,0.11288,0.13221,-0.00796,0.3148,1.05333
1132,772.8,12166554,768232,0.555,0.124,15883,10789,14478,0.01635327,0,0,0.0756,0.146,0.2569,0.0767,0.01163,0.11189,0.13651,-0.00861,0.32357,1.01895
1133,773.6,12177400,768922,0.604,0.125,14888,10846,14526,0.01635003,0,0,0.0819,0.171,0.2746,0.0762,0.01194,0.11244,0.1426,-0.00649,0.33139,1.0156
1134,774.2,12188191,769610,0.502,0.124,17238,10791,14470,0.01634678,0,0,0.0706,0.1341,0.2544,0.0432,0.01157,0.11174,0.1448,-0.00719,0.33875,1.06349
1135,774.8,12199024,770293,0.515,0.124,16949,10833,14497,0.01634354,0,0,0.0704,0.1462,0.2516,0.0466,0.01149,0.11248,0.14994,-0.0082,0.34984,1.02664
1136,775.5,12209850,770975,0.534,0.126,16419,10826,14495,0.01634029,0,0,0.0694,0.1301,0.25,0.0841,0.01282,0.11261,0.14569,-0.00713,0.33923,1.02814
1137,776.2,12220687,771645,0.535,0.125,16409,10837,14496,0.01633705,0,0,0.0727,0.1329,0.2556,0.0738,0.01204,0.11289,0.14434,-0.00894,0.34018,1.0289
1138,776.8,12231500,772333,0.511,0.126,16982,10813,14460,0.01633379,0,0,0.0703,0.1299,0.2462,0.0648,0.01357,0.1117,0.15136,-0.00696,0.34939,1.0026
1139,777.4,12242352,773016,0.506,0.126,17166,10852,14523,0.01633055,0,0,0.067,0.1424,0.2483,0.0482,0.01163,0.11411,0.1474,-0.0064,0.34059,1.0102
1140,778.0,12253166,773710,0.475,0.123,18084,10814,14476,0.01632729,0,0,0.0682,0.1216,0.2402,0.0449,0.01177,0.11086,0.14394,-0.00753,0.33549,0.99669
1141,778.7,12263915,774383,0.509,0.124,16961,10749,14396,0.01632405,0,0,0.0691,0.1252,0.243,0.072,0.01202,0.1121,0.14179,-0.00868,0.33497,1.04255
1142,779.3,12274711,775070,0.482,0.123,17834,10796,14445,0.01632083,0,0,0.0676,0.1261,0.2467,0.0417,0.01154,0.11144,0.14386,-0.00871,0.33852,1.02299
1143,779.9,12285539,775762,0.481,0.123,17925,10828,14488,0.01631759,0,0,0.0688,0.1266,0.2364,0.0491,0.0111,0.11144,0.13831,-0.00724,0.32469,1.02896
1144,780.5,12296316,776453,0.472,0.121,18154,10777,14442,0.01631434,0,0,0.0664,0.1215,0.2408,0.0437,0.01069,0.11024,0.14349,-0.00709,0.33399,1.00624
1145,781.1,12307118,777154,0.461,0.123,18485,10802,14439,0.01631111,0,0,0.0659,0.1131,0.2315,0.0507,0.0106,0.11213,0.14609,-0.00552,0.33602,1.00528
1146,781.6,12317901,777835,0.435,0.123,19312,10783,14438,0.01630786,0,0,0.0652,0.1107,0.2272,0.0324,0.01128,0.11127,0.14265,-0.00711,0.33274,1.01864
1147,782.2,12328707,778526,0.472,0.123,18164,10806,14450,0.01630463,0,0,0.0678,0.1183,0.2482,0.0376,0.01137,0.111,0.14127,-0.00704,0.32944,1.00644
1148,782.8,12339489,779228,0.49,0.125,17511,10782,14468,0.01630139,0,0,0.0686,0.1281,0.241,0.0528,0.01222,0.11257,0.15268,-0.00903,0.35693,1.02783
1149,783.4,12350254,779904,0.475,0.125,17930,10765,14389,0.01629815,0,0,0.0688,0.1209,0.2454,0.0399,0.01217,0.11248,0.15235,-0.00773,0.35233,0.98648
1150,784.0,12361041,780591,0.497,0.125,17352,10787,14425,0.01629492,0,0,0.0687,0.1345,0.2527,0.0412,0.01204,0.11216,0.14889,-0.00619,0.34278,1.00089
1151,784.7,12371810,781290,0.495,0.124,17392,10769,14426,0.01629169,0,0,0.0739,0.14,0.2471,0.0345,0.0109,0.1125,0.14431,-0.00643,0.33412,1.00134
1152,785.3,12382572,781977,0.459,0.125,18430,10762,14400,0.01628846,0,0,0.0654,0.1064,0.231,0.0563,0.01173,0.11275,0.14685,-0.0094,0.34512,1.0012
1153,785.9,12393312,782672,0.458,0.124,18448,10740,14394,0.01628523,0,0,0.0696,0.1142,0.235,0.0393,0.01166,0.11203,0.14091,-0.00386,0.32272,1.01845
1154,786.5,12404072,783372,0.492,0.124,17473,10760,14424,0.01628201,0,0,0.0702,0.1315,0.2481,0.0421,0.01188,0.11159,0.13713,-0.0077,0.32151,0.97789
1155,787.1,12414796,784069,0.463,0.124,18252,10724,14391,0.01627878,0,0,0.0679,0.116,0.2429,0.0364,0.01096,0.1131,0.12207,-0.0074,0.29106,0.98626
1156,787.7,12425579,784761,0.469,0.123,18206,10783,14450,0.01627556,0,0,0.0649,0.1066,0.2331,0.0645,0.01135,0.1115,0.12818,-0.00542,0.29975,0.99995
1157,788.2,12436372,785441,0.44,0.122,19193,10793,14443,0.01627233,0,0,0.0627,0.1194,0.2238,0.0342,0.01085,0.11107,0.13217,-0.00857,0.31457,1.01666
1158,788.8,12447146,786133,0.452,0.124,18692,10774,14431,0.01626909,0,0,0.0673,0.1169,0.233,0.0352,0.01105,0.11265,0.12252,-0.00545,0.28818,0.99046
1159,789.4,12457937,786828,0.457,0.121,18664,10791,14436,0.01626586,0,0,0.0646,0.1153,0.2419,0.035,0.01071,0.11026,0.13385,-0.00356,0.30678,0.98259
1160,789.9,12468709,787534,0.443,0.123,19038,10772,14413,0.01626262,0,0,0.0654,0.11,0.223,0.0443,0.0115,0.11124,0.13281,-0.00707,0.31224,0.99888
1161,790.5,12479501,788224,0.441,0.124,19110,10792,14438,0.01625939,0,0,0.0624,0.1094,0.2251,0.0438,0.01174,0.11185,0.13003,-0.00596,0.30339,0.96598
1162,791.1,12490260,788921,0.434,0.129,19140,10759,14401,0.01625615,0,0,0.0634,0.1103,0.2286,0.0313,0.01207,0.11611,0.11531,-0.00777,0.27865,0.99913
1163,791.7,12501049,789593,0.464,0.122,18413,10789,14405,0.01625292,0,0,0.0699,0.1179,0.2392,0.0374,0.0113,0.10985,0.13604,-0.00622,0.31749,1.01396
1164,792.2,12511806,790267,0.46,0.122,18479,10757,14410,0.01624969,0,0,0.0647,0.107,0.2271,0.0615,0.01165,0.10988,0.12907,-0.00841,0.30739,0.99809
1165,792.8,12522600,790960,0.457,0.121,18668,10794,14425,0.01624646,0,0,0.0654,0.1216,0.2333,0.0369,0.01095,0.10965,0.1257,-0.00931,0.30237,0.99545
1166,793.4,12533406,791642,0.448,0.122,18963,10806,14469,0.01624322,0,0,0.0651,0.1146,0.234,0.034,0.01175,0.1099,0.13504,-0.00644,0.3151,0.98905
1167,794.1,12544193,792329,0.543,0.123,16213,10787,14429,0.01623998,0,0,0.0805,0.1607,0.2546,0.0469,0.01275,0.10943,0.13004,-0.00875,0.30998,0.99738
1168,794.7,12554987,793010,0.505,0.129,17032,10794,14456,0.01623674,0,0,0.0688,0.1312,0.2397,0.0649,0.01197,0.11676,0.12833,-0.00738,0.3038,0.99718
1169,795.4,12565784,793715,0.561,0.125,15744,10797,14457,0.0162335,0,0,0.0881,0.1606,0.2708,0.0411,0.01154,0.11328,0.13664,-0.0082,0.31981,0.92824
1170,796.0,12576580,794409,0.501,0.127,17201,10796,14428,0.01623026,0,0,0.07,0.1228,0.2457,0.0624,0.01204,0.1143,0.14108,-0.00932,0.33168,0.95102
1171,796.6,12587391,795111,0.486,0.126,17654,10811,14458,0.01622703,0,0,0.0682,0.1226,0.2436,0.0519,0.01197,0.11377,0.15108,-0.00645,0.34554,0.93897
1172,797.3,12598190,795796,0.609,0.124,14734,10799,14473,0.01622378,0,0,0.0762,0.1603,0.2908,0.0815,0.01183,0.11188,0.13579,-0.00798,0.31876,0.96268
1173,798.0,12609000,796479,0.561,0.124,15778,10810,14459,0.01622054,0,0,0.086,0.1607,0.2722,0.0425,0.01162,0.11161,0.13099,-0.00738,0.30784,0.95908
1174,798.7,12619844,797161,0.527,0.126,16624,10844,14503,0.0162173,0,0,0.0802,0.1434,0.2544,0.0486,0.01252,0.11268,0.13542,-0.00655,0.31456,0.94439
1175,799.5,12630644,797846,0.644,0.125,14037,10800,14487,0.01621405,0,0,0.0783,0.1927,0.2599,0.1132,0.01186,0.11306,0.12718,-0.00379,0.29299,0.95723
1176,800.2,12641435,798548,0.572,0.127,15442,10791,14448,0.01621081,0,0,0.0835,0.1657,0.2704,0.0523,0.01256,0.1137,0.13307,-0.0068,0.31081,0.95836
1177,800.8,12652219,799226,0.562,0.125,15699,10784,14433,0.01620757,0,0,0.0879,0.1551,0.2697,0.0491,0.01179,0.11275,0.13099,-0.00646,0.30589,0.95616
1178,801.6,12663050,799906,0.609,0.126,14743,10831,14501,0.01620433,0,0,0.081,0.1461,0.2633,0.1181,0.01209,0.11359,0.13583,-0.0074,0.31661,0.93045
1179,802.3,12673823,800605,0.608,0.125,14703,10773,14430,0.01620109,0,0,0.0923,0.1819,0.2766,0.0571,0.01126,0.11305,0.13149,-0.00851,0.31189,0.98422
1180,803.0,12684616,801293,0.577,0.125,15371,10793,14463,0.01619785,0,0,0.0832,0.1595,0.2809,0.0538,0.01226,0.11194,0.13423,-0.00671,0.31326,0.9683
1181,803.7,12695399,801980,0.6,0.125,14885,10783,14463,0.01619462,0,0,0.083,0.1554,0.26,0.1013,0.01171,0.11254,0.12976,-0.00749,0.3055,0.95668
1182,804.4,12706222,802668,0.57,0.127,15528,10823,14491,0.01619138,0,0,0.0882,0.1577,0.2722,0.0519,0.01393,0.11263,0.1165,-0.00893,0.2832,0.99861
1183,805.1,12716996,803364,0.56,0.126,15726,10774,14431,0.01618813,0,0,0.0832,0.1569,0.2759,0.0436,0.01146,0.1136,0.13471,-0.00991,0.32175,1.0042
1184,805.8,12727822,804042,0.582,0.125,15305,10826,14485,0.0161849,0,0,0.0774,0.1495,0.267,0.0881,0.01368,0.11119,0.13047,-0.00985,0.31327,1.00789
1185,806.5,12738620,804716,0.555,0.125,15886,10798,14459,0.01618165,0,0,0.0854,0.1529,0.268,0.0485,0.01227,0.11218,0.14035,-0.00981,0.33153,0.96452
1186,807.2,12749411,805391,0.522,0.127,16642,10791,14470,0.01617841,0,0,0.0733,0.141,0.2575,0.05,0.01336,0.11283,0.13234,-0.00828,0.31358,0.99902
1187,807.9,12760224,806074,0.59,0.126,15114,10813,14475,0.01617518,0,0,0.0821,0.1708,0.2712,0.0655,0.01212,0.11318,0.12423,-0.00896,0.29789,0.97383
1188,808.6,12771014,806761,0.606,0.126,14745,10790,14474,0.01617193,0,0,0.0851,0.1625,0.2732,0.0848,0.01224,0.11346,0.13191,-0.00805,0.31112,0.96496
1189,809.3,12781816,807431,0.588,0.126,15125,10802,14473,0.0161687,0,0,0.0854,0.1724,0.2768,0.0532,0.01272,0.11306,0.13534,-0.00863,0.32024,0.99875
1190,810.1,12792654,808111,0.635,0.126,14244,10838,14494,0.01616546,0,0,0.0868,0.1685,0.2737,0.1059,0.01303,0.11235,0.121,-0.00895,0.29148,0.97719
1191,810.8,12803470,808789,0.583,0.127,15236,10816,14477,0.0161622,0,0,0.0813,0.1732,0.2754,0.0532,0.01228,0.11393,0.14392,-0.00539,0.33106,1.00379
1192,811.5,12814252,809473,0.6,0.126,14840,10782,14450,0.01615896,0,0,0.0855,0.19,0.269,0.0557,0.01287,0.113,0.13105,-0.00775,0.30925,0.9795
1193,812.3,12825014,810157,0.616,0.127,14489,10762,14421,0.01615572,0,0,0.0858,0.1636,0.2743,0.0921,0.01301,0.11358,0.14181,-0.00897,0.33412,1.00766
1194,813.0,12835775,810838,0.613,0.127,14541,10761,14432,0.0161525,0,0,0.0835,0.1964,0.2774,0.056,0.01273,0.11372,0.14245,-0.00919,0.3356,1.00042
1195,813.7,12846610,811514,0.622,0.127,14465,10835,14495,0.01614927,0,0,0.0916,0.1603,0.2839,0.0866,0.01238,0.11381,0.12093,-0.00904,0.29195,0.99108
1196,814.4,12857423,812207,0.568,0.126,15572,10813,14482,0.01614602,0,0,0.0792,0.1489,0.2536,0.0865,0.01275,0.11299,0.11718,-0.00818,0.28326,1.00796
1197,815.1,12868211,812876,0.552,0.126,15926,10788,14432,0.01614277,0,0,0.0799,0.1527,0.2679,0.0512,0.01223,0.11303,0.12523,-0.00692,0.29593,0.97972
1198,815.8,12879010,813555,0.571,0.125,15513,10799,14461,0.01613954,0,0,0.0779,0.1658,0.2717,0.0554,0.01186,0.11302,0.14468,-0.00867,0.3396,1.01913
1199,816.6,12889833,814240,0.66,0.125,13793,10823,14468,0.0161363,0,0,0.0866,0.1994,0.2724,0.1011,0.0113,0.11328,0.12382,-0.0057,0.29175,1.01384
1200,817.3,12900627,814915,0.581,0.126,15276,10794,14464,0.01613305,0,0,0.086,0.1706,0.2823,0.0421,0.01268,0.11244,0.12682,-0.00867,0.30296,0.99106
1201,818.4,12911455,815585,0.57,0.125,15587,10828,14487,0.01612981,0,0,0.0859,0.1595,0.2687,0.0558,0.01168,0.11265,0.14004,-0.00874,0.33037,1.01703
1202,819.2,12922272,816269,0.594,0.127,15002,10817,14465,0.01612656,0,0,0.079,0.1618,0.2589,0.0943,0.01297,0.1136,0.12125,-0.00897,0.29358,1.02777
1203,819.9,12933086,816959,0.583,0.125,15268,10814,14481,0.01612332,0,0,0.0913,0.1763,0.265,0.0506,0.01227,0.11226,0.12477,-0.00815,0.29847,1.01196
1204,820.6,12943862,817641,0.629,0.127,14271,10776,14417,0.01612007,0,0,0.0888,0.1741,0.2811,0.0846,0.01261,0.1135,0.14456,-0.00832,0.3376,0.98776
1205,821.4,12954665,818329,0.666,0.127,13628,10803,14459,0.01611684,0,0,0.0869,0.1842,0.2839,0.1108,0.01238,0.11398,0.12463,-0.00668,0.2958,1.02895
1206,822.3,12965483,819030,0.763,0.129,12134,10818,14482,0.0161136,0,0,0.091,0.1916,0.3012,0.1792,0.01238,0.11557,0.12538,-0.01027,0.30465,1.03475
1207,823.0,12976298,819719,0.57,0.127,15530,10815,14457,0.01611036,0,0,0.0754,0.1534,0.2589,0.082,0.01253,0.11367,0.13588,-0.00853,0.32129,1.00746
1208,823.7,12987071,820405,0.568,0.128,15491,10773,14440,0.01610711,0,0,0.0741,0.1479,0.2564,0.0892,0.01281,0.11451,0.13058,-0.01128,0.31723,1.04012
1209,824.4,12997872,821093,0.574,0.126,15431,10801,14453,0.01610388,0,0,0.0783,0.1625,0.2662,0.0666,0.01304,0.11293,0.12204,-0.00598,0.28882,1.01771
1210,825.1,13008635,821764,0.609,0.127,14639,10763,14403,0.01610064,0,0,0.0859,0.1586,0.2755,0.0885,0.01272,0.11353,0.13847,-0.0088,0.32769,1.02942
1211,825.9,13019474,822457,0.653,0.127,13880,10839,14494,0.01609741,0,0,0.0865,0.1819,0.2782,0.1068,0.01389,0.11296,0.12975,-0.0087,0.30932,1.00678
1212,826.7,13030247,823135,0.645,0.125,14001,10773,14415,0.01609416,0,0,0.0932,0.1921,0.3081,0.0514,0.01199,0.11226,0.12921,-0.00979,0.31208,1.05872
1213,827.4,13041043,823840,0.62,0.126,14473,10796,14444,0.01609093,0,0,0.0991,0.1803,0.2956,0.0447,0.01199,0.11346,0.12164,-0.00808,0.29252,1.02805
1214,828.2,13051833,824520,0.66,0.125,13739,10790,14448,0.01608769,0,0,0.0941,0.173,0.2992,0.0941,0.01182,0.11262,0.12498,-0.00806,0.29915,1.0279
1215,829.0,13062551,825195,0.66,0.13,13570,10718,14390,0.01608445,0,0,0.089,0.1822,0.3221,0.0666,0.01531,0.11412,0.12021,-0.00737,0.28798,1.02016
1216,829.7,13073368,825891,0.601,0.127,14866,10817,14460,0.01608123,0,0,0.088,0.1756,0.2852,0.052,0.01258,0.11374,0.12337,-0.00917,0.29816,1.02862
1217,830.5,13084114,826570,0.646,0.125,13939,10746,14395,0.01607799,0,0,0.0887,0.1708,0.27,0.1165,0.01208,0.11243,0.12874,-0.00883,0.30903,1.05338
1218,831.2,13094952,827252,0.564,0.128,15660,10838,14504,0.01607477,0,0,0.0805,0.1581,0.2769,0.0489,0.01303,0.11418,0.12327,-0.00693,0.29382,1.03959
1219,831.9,13105761,827927,0.535,0.126,16348,10809,14460,0.01607151,0,0,0.0822,0.1463,0.2644,0.0422,0.01232,0.11343,0.11483,-0.00909,0.28291,1.09125
1220,832.5,13116604,828605,0.536,0.126,16387,10843,14494,0.01606827,0,0,0.0763,0.1553,0.2559,0.0484,0.01155,0.11384,0.12318,-0.0086,0.29718,1.04624
1221,833.2,13127420,829276,0.563,0.127,15681,10816,14493,0.01606502,0,0,0.0743,0.1383,0.2543,0.0963,0.01206,0.11414,0.11883,-0.0094,0.29055,1.06119
1222,833.9,13138256,829952,0.569,0.127,15575,10836,14499,0.01606177,0,0,0.0853,0.1635,0.2735,0.0466,0.01193,0.11437,0.12711,-0.00645,0.30131,1.06386
1223,834.6,13149061,830631,0.595,0.124,15019,10805,14491,0.01605852,0,0,0.0908,0.1608,0.2859,0.0578,0.01256,0.1112,0.10849,-0.0098,0.27131,1.0815
1224,835.3,13159889,831328,0.569,0.125,15617,10828,14490,0.01605528,0,0,0.0856,0.1578,0.2659,0.0592,0.01279,0.11155,0.11069,-0.00693,0.26896,1.04967
1225,836.0,13170704,832026,0.545,0.124,16183,10815,14454,0.01605203,0,0,0.0861,0.1554,0.2569,0.0464,0.01219,0.11088,0.12046,-0.00862,0.29231,1.06344
1226,836.6,13181528,832693,0.489,0.123,17679,10824,14480,0.01604879,0,0,0.0774,0.1286,0.2494,0.0337,0.01147,0.11128,0.11755,-0.00932,0.28743,1.04972
1227,837.2,13192394,833402,0.515,0.123,17040,10866,14519,0.01604554,0,0,0.0751,0.1361,0.264,0.0393,0.01074,0.11192,0.1048,-0.00731,0.25822,1.0593
1228,837.9,13203230,834089,0.513,0.124,17004,10836,14495,0.01604228,0,0,0.073,0.1337,0.2462,0.0606,0.01254,0.11081,0.13257,-0.00705,0.31342,1.06544
1229,838.5,13214080,834781,0.492,0.124,17627,10850,14507,0.01603903,0,0,0.076,0.1354,0.2422,0.0384,0.01162,0.11157,0.11865,-0.00502,0.28118,1.05532
1230,839.2,13224902,835464,0.544,0.125,16167,10822,14448,0.01603578,0,0,0.0828,0.1546,0.269,0.0377,0.01251,0.1123,0.12158,-0.00618,0.28924,1.05115
1231,839.8,13235764,836165,0.55,0.124,16129,10862,14521,0.01603253,0,0,0.0763,0.1376,0.2518,0.0838,0.01085,0.11268,0.1191,-0.00834,0.28975,1.08742
1232,840.5,13246586,836855,0.511,0.124,17059,10822,14486,0.01602927,0,0,0.0726,0.1498,0.2519,0.0364,0.01162,0.11153,0.11654,-0.00702,0.28007,1.02734
1233,841.2,13257427,837540,0.601,0.128,14888,10841,14483,0.01602602,0,0,0.0905,0.1731,0.29,0.047,0.01388,0.11322,0.11929,-0.00841,0.28932,1.05806
1234,841.9,13268261,838219,0.572,0.125,15555,10834,14474,0.01602277,0,0,0.0877,0.1608,0.258,0.065,0.01194,0.11262,0.11257,-0.00884,0.27714,1.07072
1235,842.6,13279065,838911,0.574,0.125,15460,10804,14465,0.01601952,0,0,0.0904,0.1575,0.2826,0.043,0.01195,0.11276,0.11787,-0.00761,0.28588,1.08985
1236,843.3,13289881,839610,0.591,0.125,15108,10816,14486,0.01601628,0,0,0.0826,0.1722,0.292,0.0437,0.01131,0.11364,0.11894,-0.00756,0.28736,1.07244
1237,844.1,13300722,840289,0.637,0.124,14231,10841,14472,0.01601304,0,0,0.0863,0.1756,0.2778,0.0977,0.01163,0.11221,0.11606,-0.00864,0.28293,1.04717
1238,844.8,13311542,840986,0.563,0.125,15714,10820,14485,0.01600978,0,0,0.0809,0.1564,0.2789,0.0472,0.0118,0.11275,0.13613,-0.00782,0.32126,1.04156
1239,845.5,13322375,841671,0.568,0.124,15665,10833,14489,0.01600654,0,0,0.0848,0.161,0.2755,0.0464,0.0115,0.11177,0.12945,-0.0086,0.3094,1.04018
1240,846.1,13333198,842347,0.541,0.125,16263,10823,14447,0.01600329,0,0,0.0776,0.1431,0.2632,0.0567,0.01198,0.11244,0.11855,-0.00841,0.28704,1.03488
1241,846.8,13343988,843050,0.553,0.125,15924,10790,14440,0.01600004,0,0,0.0822,0.1643,0.259,0.047,0.01192,0.11261,0.12722,-0.0083,0.30362,1.01844
1242,847.4,13354804,843749,0.491,0.124,17570,10816,14469,0.0159968,0,0,0.0746,0.1331,0.2501,0.0333,0.01132,0.11274,0.11075,-0.01048,0.27589,1.04483
1243,848.0,13365570,844448,0.48,0.122,17857,10766,14417,0.01599356,0,0,0.071,0.1281,0.243,0.0384,0.01087,0.11114,0.11979,-0.00909,0.29027,1.01635
1244,848.6,13376397,845153,0.486,0.125,17703,10827,14459,0.01599033,0,0,0.0683,0.1264,0.2479,0.0437,0.01167,0.11321,0.11164,-0.0095,0.27547,1.03771
1245,849.3,13387184,845867,0.528,0.125,16521,10787,14467,0.01598708,0,0,0.0764,0.1468,0.2505,0.0544,0.01162,0.1128,0.11573,-0.00739,0.27886,1.02042
1246,849.9,13397992,846558,0.516,0.127,16811,10808,14439,0.01598384,0,0,0.0771,0.1422,0.2544,0.0426,0.01239,0.11376,0.12587,-0.00752,0.30007,1.04138
1247,850.6,13408765,847251,0.552,0.125,15918,10773,14418,0.0159806,0,0,0.0824,0.1497,0.2771,0.0427,0.01132,0.11313,0.12962,-0.00777,0.30782,1.03387
1248,851.3,13419551,847957,0.544,0.124,16156,10786,14437,0.01597737,0,0,0.0806,0.15,0.259,0.0539,0.01146,0.1118,0.14134,-0.00936,0.33397,1.01916
1249,851.9,13430308,848655,0.537,0.124,16272,10757,14398,0.01597413,0,0,0.0854,0.1476,0.2565,0.0474,0.01061,0.11313,0.11854,-0.0073,0.28496,1.04181
1250,852.6,13441102,849365,0.505,0.126,17112,10794,14448,0.01597091,0,0,0.0786,0.1333,0.258,0.0353,0.01184,0.11336,0.12311,-0.01009,0.29995,1.05072
1251,853.2,13451877,850077,0.521,0.125,16683,10775,14430,0.01596767,0,0,0.0807,0.1451,0.2539,0.0414,0.01105,0.11318,0.12899,-0.00833,0.30872,1.06767
1252,853.9,13462633,850785,0.527,0.126,16480,10756,14408,0.01596444,0,0,0.0736,0.1511,0.2474,0.0546,0.01208,0.11346,0.13076,-0.00977,0.31433,1.04198
1253,854.5,13473434,851474,0.484,0.121,17853,10801,14452,0.01596121,0,0,0.072,0.1307,0.2415,0.0395,0.01033,0.11062,0.13354,-0.00746,0.31536,1.04502
1254,855.1,13484237,852182,0.47,0.124,18180,10803,14449,0.01595797,0,0,0.0703,0.1216,0.2455,0.0329,0.01125,0.11236,0.13289,-0.00901,0.31725,1.04812
1255,855.7,13495056,852897,0.504,0.125,17178,10819,14463,0.01595473,0,0,0.0721,0.1423,0.2506,0.0394,0.01113,0.11377,0.13392,-0.01074,0.32318,1.06135
1256,856.4,13505881,853610,0.515,0.124,16937,10825,14495,0.01595148,0,0,0.0829,0.1388,0.2455,0.0483,0.01159,0.11124,0.12313,-0.01087,0.30241,1.07855
1257,857.0,13516678,854318,0.555,0.124,15891,10797,14466,0.01594824,0,0,0.0857,0.1517,0.2761,0.0419,0.01249,0.11123,0.13154,-0.00981,0.31677,1.06806
1258,857.7,13527431,855022,0.498,0.125,17258,10753,14417,0.015945,0,0,0.077,0.1334,0.2495,0.0382,0.01159,0.113,0.12427,-0.00954,0.30264,1.09847
1259,858.3,13538175,855734,0.504,0.125,17082,10744,14407,0.01594177,0,0,0.0764,0.136,0.2516,0.0399,0.01142,0.11333,0.13521,-0.00978,0.32417,1.07268
1260,858.9,13548916,856445,0.482,0.124,17729,10741,14391,0.01593855,0,0,0.0717,0.1287,0.2401,0.0415,0.01142,0.1121,0.13144,-0.00984,0.3175,1.09624
1261,859.5,13559618,857145,0.512,0.126,16773,10702,14357,0.01593533,0,0,0.0756,0.1413,0.2517,0.0438,0.01208,0.11323,0.13129,-0.01033,0.3176,1.0778
1262,860.2,13570379,857843,0.499,0.123,17300,10761,14415,0.01593211,0,0,0.0734,0.1413,0.2458,0.0388,0.01207,0.11012,0.12705,-0.00954,0.30814,1.09734
1263,860.8,13581111,858539,0.523,0.122,16641,10732,14394,0.01592889,0,0,0.0778,0.1374,0.2605,0.0476,0.01103,0.11025,0.12788,-0.00961,0.31068,1.12096
1264,861.4,13591875,859243,0.435,0.122,19321,10764,14417,0.01592567,0,0,0.0622,0.1047,0.2222,0.0464,0.01077,0.11015,0.12735,-0.00973,0.31005,1.12711
1265,861.9,13602663,859935,0.43,0.121,19591,10788,14453,0.01592244,0,0,0.0637,0.1086,0.2272,0.0307,0.01108,0.10908,0.13555,-0.00836,0.32353,1.12165
1266,862.5,13613392,860616,0.437,0.121,19208,10729,14369,0.0159192,0,0,0.0647,0.1134,0.2246,0.0345,0.01163,0.10941,0.12805,-0.00829,0.30725,1.08617
1267,863.1,13624139,861319,0.485,0.122,17700,10747,14396,0.01591598,0,0,0.0726,0.1329,0.2412,0.0385,0.01127,0.11035,0.13252,-0.00797,0.31588,1.09638
1268,863.7,13634914,862018,0.525,0.124,16603,10775,14460,0.01591276,0,0,0.0805,0.1385,0.2502,0.056,0.01162,0.11185,0.1298,-0.01007,0.31469,1.09804
1269,864.4,13645667,862726,0.491,0.128,17374,10753,14410,0.01590953,0,0,0.072,0.1303,0.2451,0.0434,0.01142,0.11637,0.12889,-0.00954,0.31202,1.1056
1270,865.0,13656369,863416,0.545,0.128,15904,10702,14369,0.0159063,0,0,0.0883,0.1558,0.2618,0.0392,0.01318,0.11433,0.12769,-0.00933,0.30909,1.10187
1271,865.7,13667172,864134,0.547,0.123,16127,10803,14510,0.01590309,0,0,0.0762,0.1376,0.2518,0.0817,0.01103,0.11118,0.11351,-0.00857,0.28002,1.1274
1272,866.3,13677927,864814,0.519,0.133,16510,10755,14444,0.01589985,0,0,0.0808,0.1425,0.2554,0.0402,0.01392,0.11798,0.12444,-0.01049,0.30577,1.12954
1273,867.0,13688682,865516,0.518,0.124,16765,10755,14425,0.01589662,0,0,0.0737,0.1467,0.2559,0.0416,0.01143,0.11181,0.12831,-0.00759,0.30747,1.12134
1274,867.6,13699426,866222,0.509,0.123,16981,10744,14380,0.0158934,0,0,0.0807,0.1372,0.2488,0.0428,0.01157,0.11131,0.11363,-0.00782,0.27832,1.11454
1275,868.2,13710207,866912,0.469,0.121,18268,10781,14438,0.01589017,0,0,0.0654,0.1136,0.2252,0.0647,0.01078,0.11005,0.12871,-0.01024,0.31325,1.11227
1276,868.8,13720961,867610,0.431,0.125,19337,10754,14411,0.01588694,0,0,0.0646,0.1026,0.232,0.0314,0.01111,0.114,0.11858,-0.01086,0.29438,1.11714
1277,869.3,13731747,868292,0.438,0.129,19019,10786,14455,0.01588371,0,0,0.0684,0.105,0.2303,0.0345,0.01126,0.11734,0.11751,-0.00825,0.28665,1.10602
1278,869.9,13742485,869012,0.417,0.123,19897,10738,14424,0.01588048,0,0,0.0601,0.0978,0.2287,0.0303,0.01121,0.1112,0.11664,-0.01106,0.29003,1.09014
1279,870.4,13753249,869706,0.429,0.126,19395,10764,14425,0.01587725,0,0,0.0595,0.1006,0.213,0.0561,0.01055,0.11488,0.12249,-0.00858,0.29695,1.0957
1280,871.0,13763995,870427,0.413,0.125,19975,10746,14423,0.01587403,0,0,0.0614,0.1016,0.2182,0.0317,0.01091,0.11381,0.12421,-0.00961,0.30176,1.07507
1281,871.5,13774683,871136,0.432,0.118,19434,10688,14342,0.0158708,0,0,0.0616,0.1047,0.2258,0.0402,0.01126,0.10612,0.13405,-0.00867,0.31919,1.06352
1282,872.0,13785480,871816,0.398,0.122,20777,10797,14460,0.0158676,0,0,0.0585,0.0969,0.212,0.0302,0.01003,0.11163,0.12806,-0.00865,0.30818,1.09532
1283,872.6,13796217,872518,0.435,0.117,19453,10737,14395,0.01586436,0,0,0.0596,0.0963,0.2205,0.0587,0.01112,0.10548,0.12413,-0.00843,0.29935,1.0789
1284,873.1,13806944,873229,0.371,0.118,21922,10727,14401,0.01586113,0,0,0.0546,0.0889,0.2016,0.0263,0.01085,0.10682,0.12771,-0.0101,0.30977,1.07643
1285,873.6,13817686,873944,0.394,0.118,20955,10742,14390,0.01585792,0,0,0.0569,0.0947,0.2112,0.0315,0.01092,0.10722,0.11415,-0.009,0.28106,1.09637
1286,874.1,13828421,874656,0.383,0.12,21343,10735,14418,0.01585469,0,0,0.0547,0.0922,0.2087,0.0275,0.01161,0.10797,0.12102,-0.00979,0.29533,1.06337
1287,874.6,13839165,875394,0.418,0.12,19987,10744,14419,0.01585147,0,0,0.0577,0.0933,0.2067,0.0599,0.01066,0.10897,0.12534,-0.00807,0.30016,1.0514
1288,875.2,13849824,876112,0.421,0.123,19602,10659,14344,0.01584825,0,0,0.0622,0.106,0.2224,0.0303,0.01115,0.11136,0.1318,-0.0091,0.31521,1.05394
1289,875.7,13860527,876831,0.426,0.123,19516,10703,14384,0.01584505,0,0,0.0637,0.1059,0.2236,0.0327,0.01086,0.11142,0.13116,-0.007,0.30942,1.04463
1290,876.3,13871224,877559,0.427,0.125,19379,10697,14369,0.01584184,0,0,0.0616,0.1088,0.227,0.0295,0.01091,0.11343,0.13149,-0.00773,0.31083,1.02283
1291,876.8,13881917,878289,0.423,0.122,19600,10693,14368,0.01583863,0,0,0.0582,0.0962,0.2125,0.0562,0.01223,0.10993,0.128,-0.00964,0.30768,1.02266
1292,877.3,13892666,879019,0.396,0.123,20712,10749,14422,0.01583542,0,0,0.0588,0.0927,0.2143,0.0301,0.01124,0.11147,0.12711,-0.00812,0.30249,1.01128
1293,877.9,13903323,879730,0.406,0.123,20134,10657,14326,0.0158322,0,0,0.0578,0.0957,0.2176,0.0347,0.01104,0.11203,0.14481,-0.00908,0.33937,0.99754
1294,878.4,13914024,880437,0.404,0.122,20351,10701,14357,0.015829,0,0,0.0576,0.0987,0.2187,0.0286,0.01093,0.11093,0.13175,-0.00905,0.31348,1.00743
1295,879.0,13924716,881164,0.427,0.125,19383,10692,14376,0.01582579,0,0,0.058,0.0933,0.212,0.0636,0.01119,0.11329,0.12941,-0.00735,0.30512,0.99798
1296,879.5,13935379,881903,0.388,0.122,20897,10663,14325,0.01582259,0,0,0.0575,0.0937,0.2089,0.0278,0.0108,0.11108,0.13629,-0.00629,0.31645,0.98857
1297,880.0,13946021,882624,0.395,0.124,20494,10642,14314,0.01581939,0,0,0.0577,0.095,0.2124,0.0304,0.01111,0.11223,0.12286,-0.00922,0.29582,1.00032
1298,880.5,13956714,883344,0.409,0.124,20053,10693,14352,0.01581619,0,0,0.061,0.101,0.2187,0.0286,0.01109,0.11248,0.14516,-0.00867,0.33955,1.00871
1299,881.1,13967407,884075,0.422,0.122,19680,10693,14368,0.01581299,0,0,0.0568,0.0912,0.2092,0.0643,0.0103,0.11108,0.12144,-0.00759,0.28995,1.00792
1300,881.6,13978089,884814,0.396,0.124,20550,10682,14338,0.01580978,0,0,0.0579,0.0944,0.2139,0.0297,0.01165,0.11199,0.1241,-0.00839,0.29679,1.00636
1301,882.1,13988717,885541,0.441,0.125,18765,10628,14306,0.01580657,0,0,0.0639,0.1107,0.2215,0.0449,0.01131,0.11364,0.11831,-0.0095,0.28728,1.00167
1302,882.7,13999382,886275,0.385,0.123,21003,10665,14332,0.01580338,0,0,0.0565,0.092,0.2064,0.03,0.01117,0.11144,0.1266,-0.00777,0.30093,1.01854
1303,883.3,14010067,887007,0.449,0.126,18572,10685,14341,0.01580019,0,0,0.0606,0.0989,0.2175,0.0724,0.01093,0.11466,0.12256,-0.00849,0.29359,0.99626
1304,883.8,14020767,887733,0.424,0.123,19555,10700,14361,0.01579698,0,0,0.0616,0.1068,0.226,0.0294,0.01071,0.11235,0.12066,-0.00762,0.28807,0.99697
1305,884.3,14031471,888463,0.411,0.123,20032,10704,14364,0.01579377,0,0,0.0616,0.1031,0.214,0.0322,0.01117,0.11189,0.11745,-0.00732,0.2812,1.00221
1306,884.9,14042189,889199,0.405,0.124,20258,10718,14366,0.01579056,0,0,0.0616,0.0971,0.2169,0.0297,0.01119,0.11225,0.13173,-0.00722,0.30989,1.01272
1307,885.4,14052845,889940,0.451,0.124,18537,10656,14338,0.01578734,0,0,0.062,0.0997,0.2255,0.0636,0.01063,0.11309,0.13288,-0.00899,0.31624,1.02932
1308,886.0,14063551,890664,0.41,0.121,20164,10706,14363,0.01578415,0,0,0.0605,0.1003,0.2195,0.0299,0.01194,0.10856,0.13137,-0.0081,0.31112,1.01939
1309,886.5,14074236,891393,0.422,0.123,19586,10685,14342,0.01578093,0,0,0.0618,0.1064,0.2234,0.0306,0.01094,0.11215,0.13102,-0.00793,0.3107,1.03909
1310,887.0,14084937,892124,0.403,0.123,20314,10701,14359,0.01577773,0,0,0.0596,0.0969,0.2159,0.0309,0.01128,0.11188,0.13494,-0.00918,0.32101,1.03823
1311,887.6,14095619,892847,0.446,0.123,18783,10682,14323,0.01577452,0,0,0.0612,0.1074,0.2129,0.0646,0.01132,0.11105,0.13137,-0.00814,0.31216,1.05011
1312,888.3,14106267,893572,0.525,0.127,16337,10648,14310,0.01577131,0,0,0.0787,0.1469,0.2489,0.0505,0.01208,0.11424,0.13142,-0.00873,0.31404,1.0696
1313,888.9,14116923,894290,0.481,0.123,17640,10656,14321,0.01576812,0,0,0.0729,0.1304,0.2424,0.0352,0.01051,0.11243,0.12037,-0.00859,0.29267,1.10203
1314,889.5,14127644,895000,0.472,0.126,17913,10721,14398,0.01576492,0,0,0.0669,0.117,0.2351,0.0531,0.01142,0.11471,0.12446,-0.00903,0.30237,1.12234
1315,890.2,14138296,895724,0.584,0.128,14965,10652,14328,0.01576171,0,0,0.0817,0.1472,0.2633,0.0921,0.01173,0.11539,0.118,-0.00973,0.2896,1.0825
1316,890.8,14149024,896445,0.544,0.124,16064,10728,14413,0.01575851,0,0,0.0819,0.1521,0.2671,0.0424,0.01162,0.11224,0.12437,-0.00699,0.29686,1.08315
1317,891.5,14159727,897166,0.557,0.123,15744,10703,14345,0.01575529,0,0,0.0831,0.1535,0.2732,0.0468,0.0113,0.11152,0.12141,-0.00831,0.29425,1.10479
1318,892.2,14170440,897878,0.507,0.125,16961,10713,14361,0.01575208,0,0,0.077,0.1479,0.2459,0.036,0.01131,0.11315,0.11541,-0.0079,0.281,1.09173
1319,892.8,14181150,898603,0.544,0.123,16044,10710,14376,0.01574887,0,0,0.0788,0.1387,0.2484,0.0785,0.0116,0.11118,0.12477,-0.00882,0.30132,1.08395
1320,893.4,14191862,899321,0.473,0.125,17930,10712,14364,0.01574566,0,0,0.0712,0.1243,0.2415,0.0358,0.01239,0.11193,0.13094,-0.00941,0.31409,1.06059
1321,894.1,14202543,900047,0.526,0.123,16461,10681,14346,0.01574244,0,0,0.0828,0.1535,0.2503,0.0398,0.01087,0.11136,0.10891,-0.00765,0.267,1.07592
1322,894.7,14213227,900766,0.527,0.127,16345,10684,14344,0.01573924,0,0,0.0842,0.1466,0.2512,0.0447,0.01185,0.11456,0.12005,-0.00846,0.29194,1.10952
1323,895.4,14223913,901487,0.567,0.125,15434,10686,14318,0.01573603,0,0,0.0776,0.142,0.2511,0.0963,0.01307,0.11197,0.13113,-0.00867,0.31377,1.0853
1324,896.0,14234629,902223,0.455,0.123,18528,10716,14372,0.01573283,0,0,0.066,0.1198,0.2301,0.0391,0.0118,0.11066,0.12741,-0.00928,0.30746,1.08287
1325,896.8,14245321,902936,0.68,0.124,13299,10692,14342,0.01572961,0,0,0.0724,0.1552,0.2483,0.2041,0.01113,0.11213,0.12427,-0.00786,0.29892,1.10197
1326,897.5,14256024,903660,0.595,0.123,14914,10703,14367,0.0157264,0,0,0.0791,0.1656,0.2665,0.0838,0.01193,0.11036,0.13053,-0.0102,0.31656,1.11666
1327,898.2,14266742,904396,0.546,0.123,16029,10718,14368,0.01572319,0,0,0.069,0.1298,0.2415,0.1057,0.01227,0.11004,0.11818,-0.00954,0.2895,1.08282
1328,898.8,14277485,905111,0.468,0.122,18215,10743,14410,0.01571998,0,0,0.069,0.1315,0.2329,0.0348,0.01166,0.10955,0.11699,-0.0098,0.28806,1.09695
1329,899.3,14288193,905828,0.439,0.12,19166,10708,14340,0.01571675,0,0,0.0641,0.1105,0.228,0.0362,0.01106,0.10854,0.112,-0.00962,0.27794,1.1038
1330,899.9,14298936,906563,0.481,0.121,17837,10743,14398,0.01571354,0,0,0.0658,0.1147,0.2372,0.0633,0.01132,0.1097,0.12224,-0.01061,0.30034,1.10254
1331,900.5,14309596,907293,0.441,0.121,18976,10660,14299,0.01571032,0,0,0.0646,0.1073,0.2311,0.038,0.0109,0.10945,0.12445,-0.01012,0.3024,1.05847
1332,901.1,14320296,908021,0.428,0.124,19411,10700,14358,0.01570712,0,0,0.0634,0.1052,0.2245,0.0346,0.01102,0.11221,0.1164,-0.01,0.2865,1.07208
1333,901.7,14331001,908768,0.48,0.124,17737,10705,14367,0.01570391,0,0,0.0658,0.111,0.2292,0.0735,0.01114,0.11251,0.12493,-0.00894,0.30135,1.07013
1334,902.2,14341709,909501,0.419,0.126,19628,10708,14384,0.0157007,0,0,0.0623,0.0989,0.2177,0.0406,0.01136,0.11436,0.11901,-0.00732,0.28622,1.06866
1335,902.8,14352415,910224,0.458,0.121,18486,10706,14363,0.01569749,0,0,0.0662,0.1173,0.2404,0.0338,0.01133,0.10966,0.10829,-0.0076,0.2652,1.06445
1336,903.3,14363156,910947,0.434,0.121,19345,10741,14374,0.01569428,0,0,0.0655,0.1086,0.23,0.03,0.01121,0.1096,0.12543,-0.00706,0.29829,1.06081
1337,903.9,14373849,911667,0.482,0.123,17689,10693,14354,0.01569105,0,0,0.0723,0.1073,0.2267,0.0753,0.01144,0.11105,0.1148,-0.00776,0.27866,1.0692
1338,904.5,14384566,912403,0.426,0.12,19635,10717,14381,0.01568785,0,0,0.0633,0.1079,0.2254,0.029,0.01111,0.10862,0.13333,-0.00827,0.3158,1.03889
1339,905.0,14395252,913125,0.423,0.122,19614,10686,14359,0.01568463,0,0,0.0627,0.1082,0.221,0.0307,0.01114,0.11076,0.12176,-0.00899,0.29519,1.07405
1340,905.6,14405976,913856,0.433,0.123,19293,10724,14386,0.01568142,0,0,0.0626,0.1093,0.2292,0.0322,0.01153,0.11065,0.14662,-0.00915,0.34369,1.02503
1341,906.2,14416691,914591,0.482,0.123,17697,10715,14366,0.01567821,0,0,0.0638,0.1121,0.2285,0.0778,0.01196,0.11099,0.13804,-0.00838,0.32519,1.03188
1342,906.7,14427362,915316,0.427,0.124,19373,10671,14328,0.01567499,0,0,0.0625,0.1035,0.2277,0.0331,0.01196,0.11172,0.12925,-0.00916,0.31059,1.07711
1343,907.3,14438066,916053,0.435,0.122,19232,10704,14375,0.01567179,0,0,0.0646,0.1078,0.2289,0.0335,0.01096,0.11046,0.12419,-0.00927,0.30083,1.08148
1344,907.9,14448785,916790,0.447,0.122,18822,10719,14381,0.01566858,0,0,0.0647,0.1108,0.2313,0.0403,0.01141,0.11067,0.11167,-0.00593,0.26924,1.08603
1345,908.5,14459490,917526,0.499,0.121,17259,10705,14379,0.01566536,0,0,0.0706,0.1186,0.235,0.0748,0.01109,0.10973,0.10462,-0.00834,0.25966,1.07729
1346,909.1,14470222,918282,0.456,0.14,18006,10732,14399,0.01566215,0,0,0.0664,0.1177,0.2368,0.035,0.01109,0.12875,0.11295,-0.0102,0.27943,1.05787
1347,909.6,14481001,919017,0.433,0.122,19397,10779,14435,0.01565893,0,0,0.0643,0.1097,0.2245,0.0348,0.01147,0.11054,0.11482,-0.00792,0.27935,1.08162
1348,910.2,14491772,919754,0.424,0.123,19670,10771,14448,0.0156557,0,0,0.0634,0.1046,0.2208,0.0356,0.01135,0.11147,0.12197,-0.00971,0.29771,1.09745
1349,910.8,14502534,920481,0.509,0.122,17061,10762,14433,0.01565247,0,0,0.0758,0.1304,0.2375,0.065,0.0112,0.11051,0.13333,-0.01025,0.32153,1.0978
1350,911.4,14513282,921196,0.494,0.124,17397,10748,14427,0.01564924,0,0,0.0703,0.1292,0.2434,0.0509,0.01254,0.11113,0.12462,-0.01053,0.30474,1.10047
1351,912.1,14524042,921910,0.504,0.125,17110,10760,14415,0.01564602,0,0,0.0712,0.1329,0.2487,0.0513,0.01229,0.11213,0.11331,-0.00755,0.2771,1.13093
1352,912.7,14534769,922620,0.497,0.122,17340,10727,14403,0.01564279,0,0,0.0716,0.1222,0.2459,0.0569,0.01114,0.11057,0.13111,-0.00823,0.3137,1.11928
1353,913.3,14545531,923327,0.475,0.123,18021,10762,14469,0.01563957,0,0,0.0701,0.1247,0.24,0.0397,0.01161,0.11076,0.12151,-0.00871,0.29647,1.15191
1354,913.9,14556350,924046,0.426,0.122,19754,10819,14518,0.01563634,0,0,0.0606,0.0996,0.2263,0.0391,0.01169,0.11004,0.121,-0.00972,0.29739,1.14966
1355,914.4,14567084,924742,0.426,0.122,19566,10734,14407,0.01563309,0,0,0.0617,0.1061,0.2255,0.0331,0.01058,0.11118,0.12295,-0.0095,0.3001,1.12564
1356,915.0,14577862,925458,0.42,0.121,19943,10778,14452,0.01562987,0,0,0.0607,0.0998,0.2157,0.0436,0.01137,0.109,0.12103,-0.00953,0.29601,1.11612
1357,915.5,14588646,926171,0.391,0.122,21028,10784,14442,0.01562664,0,0,0.0565,0.0925,0.2104,0.0318,0.01163,0.10981,0.11195,-0.01028,0.27994,1.13541
1358,916.0,14599446,926882,0.387,0.12,21305,10800,14501,0.01562341,0,0,0.0574,0.0934,0.2093,0.0267,0.01106,0.10875,0.1109,-0.00925,0.27717,1.17977
1359,916.5,14610236,927584,0.386,0.121,21300,10790,14472,0.01562017,0,0,0.0566,0.0919,0.2054,0.0316,0.01118,0.10956,0.1167,-0.00672,0.28229,1.13467
1360,917.0,14621042,928292,0.378,0.12,21705,10806,14482,0.01561693,0,0,0.0561,0.0889,0.2003,0.0329,0.01082,0.10862,0.11543,-0.00827,0.28434,1.18305
1361,917.5,14631809,928992,0.415,0.122,20067,10767,14441,0.01561369,0,0,0.0548,0.0929,0.2067,0.0603,0.01186,0.10974,0.11101,-0.00907,0.27826,1.22007
1362,918.0,14642606,929707,0.363,0.119,22376,10797,14497,0.01561046,0,0,0.0507,0.0838,0.2019,0.0266,0.01044,0.10875,0.13488,-0.00954,0.32585,1.18528
1363,918.5,14653386,930409,0.386,0.121,21285,10780,14463,0.01560722,0,0,0.0551,0.0915,0.2068,0.0322,0.01108,0.10945,0.1049,-0.00994,0.26647,1.1792
1364,919.0,14664169,931122,0.389,0.122,21109,10783,14447,0.01560398,0,0,0.0555,0.0925,0.2057,0.0352,0.01162,0.10984,0.10411,-0.01034,0.26559,1.17536
1365,919.6,14674997,931818,0.431,0.121,19622,10828,14506,0.01560075,0,0,0.0564,0.0984,0.2126,0.0635,0.0109,0.10983,0.1093,-0.00766,0.27103,1.18962
1366,920.1,14685742,932530,0.38,0.121,21415,10745,14412,0.0155975,0,0,0.0543,0.0884,0.2043,0.0335,0.01142,0.10963,0.10531,-0.00902,0.26625,1.20483
1367,920.6,14696561,933224,0.38,0.121,21605,10819,14504,0.01559428,0,0,0.0509,0.0862,0.1993,0.0436,0.01128,0.10914,0.11271,-0.00935,0.28095,1.18082
1368,921.1,14707328,933914,0.372,0.121,21843,10767,14435,0.01559103,0,0,0.0512,0.0839,0.1968,0.0399,0.01111,0.10967,0.10637,-0.01149,0.27291,1.19267
1369,921.6,14718040,934631,0.378,0.119,21516,10712,14365,0.0155878,0,0,0.0529,0.0895,0.2084,0.0276,0.01077,0.10836,0.10592,-0.00716,0.26327,1.19021
1370,922.1,14728756,935334,0.399,0.12,20632,10716,14414,0.01558459,0,0,0.0529,0.0908,0.2049,0.0504,0.01062,0.10948,0.11058,-0.00976,0.27741,1.1782
1371,922.6,14739526,936042,0.36,0.121,22412,10770,14454,0.01558137,0,0,0.0501,0.0847,0.1998,0.0254,0.01055,0.10945,0.12226,-0.01193,0.30564,1.19537
1372,923.1,14750292,936741,0.377,0.121,21601,10766,14433,0.01557814,0,0,0.0522,0.0882,0.2065,0.0306,0.01081,0.10979,0.1172,-0.01027,0.29238,1.20135
1373,923.6,14761063,937453,0.395,0.123,20801,10771,14447,0.01557491,0,0,0.0574,0.0966,0.2103,0.0307,0.01167,0.11082,0.11292,-0.00871,0.27944,1.16123
1374,924.1,14771772,938153,0.37,0.12,21829,10709,14378,0.01557168,0,0,0.0527,0.087,0.2036,0.027,0.01099,0.109,0.11746,-0.00875,0.28889,1.17144
1375,924.6,14782500,938871,0.395,0.119,20867,10728,14396,0.01556847,0,0,0.0539,0.09,0.2033,0.0475,0.01031,0.10872,0.12762,-0.01022,0.31212,1.17048
1376,925.1,14793237,939579,0.364,0.121,22162,10737,14420,0.01556525,0,0,0.0509,0.0851,0.1997,0.0282,0.01083,0.10952,0.1166,-0.01018,0.29038,1.1832
1377,925.6,14803952,940278,0.431,0.122,19363,10715,14396,0.01556203,0,0,0.0564,0.0935,0.2195,0.062,0.01189,0.10982,0.10952,-0.01089,0.27698,1.16227
1378,926.1,14814698,940984,0.382,0.12,21425,10746,14419,0.01555881,0,0,0.0557,0.0904,0.2064,0.0291,0.01099,0.10869,0.12101,-0.01037,0.30003,1.1977
1379,926.6,14825444,941687,0.392,0.121,20937,10746,14408,0.01555559,0,0,0.0532,0.0954,0.2026,0.0408,0.01135,0.1096,0.11473,-0.01074,0.28822,1.19806
1380,927.1,14836226,942410,0.376,0.12,21742,10782,14451,0.01555237,0,0,0.0534,0.0878,0.2057,0.0295,0.0103,0.1089,0.12928,-0.00885,0.31256,1.16674
1381,927.6,14846912,943109,0.375,0.121,21540,10686,14336,0.01554913,0,0,0.0523,0.0874,0.1955,0.0397,0.01159,0.10923,0.12123,-0.01188,0.30337,1.19453
1382,928.1,14857622,943798,0.362,0.121,22190,10710,14367,0.01554593,0,0,0.0507,0.0831,0.1996,0.0286,0.011,0.1093,0.12683,-0.00953,0.31012,1.20288
1383,928.6,14868295,944496,0.38,0.121,21291,10673,14330,0.01554271,0,0,0.0534,0.0907,0.203,0.0333,0.01125,0.10938,0.11651,-0.01084,0.29156,1.1859
1384,929.1,14878994,945211,0.397,0.121,20683,10699,14373,0.01553951,0,0,0.0512,0.0992,0.1959,0.0505,0.01096,0.10928,0.11692,-0.00993,0.28983,1.16274
1385,929.6,14889675,945923,0.367,0.119,21971,10681,14323,0.0155363,0,0,0.0523,0.0867,0.2016,0.0267,0.01051,0.10805,0.12816,-0.01011,0.31229,1.1507
1386,930.1,14900387,946615,0.378,0.121,21477,10712,14397,0.0155331,0,0,0.0502,0.0833,0.1959,0.0488,0.01076,0.10946,0.11381,-0.00915,0.28216,1.16657
1387,930.6,14911138,947317,0.355,0.12,22639,10751,14430,0.01552988,0,0,0.0487,0.083,0.1934,0.0295,0.01108,0.10888,0.11759,-0.00906,0.28892,1.14667
1388,931.1,14921875,948027,0.377,0.119,21643,10737,14395,0.01552666,0,0,0.0485,0.0822,0.2005,0.0457,0.01079,0.10814,0.12188,-0.00723,0.29356,1.1381
1389,931.6,14932591,948730,0.422,0.119,19825,10716,14381,0.01552344,0,0,0.0525,0.097,0.2042,0.068,0.01092,0.10752,0.10933,-0.00941,0.27282,1.13807
1390,932.1,14943350,949424,0.381,0.119,21539,10759,14420,0.01552022,0,0,0.0526,0.0957,0.202,0.0306,0.01031,0.10807,0.1276,-0.00984,0.31118,1.16925
1391,932.7,14954055,950143,0.414,0.122,19962,10705,14357,0.015517,0,0,0.0605,0.1055,0.2183,0.0298,0.01113,0.11072,0.12515,-0.00837,0.3028,1.1521
1392,933.2,14964800,950831,0.362,0.121,22223,10745,14413,0.01551378,0,0,0.0498,0.0848,0.1983,0.0293,0.0115,0.10946,0.11782,-0.0099,0.2919,1.17555
1393,933.6,14975503,951548,0.363,0.12,22163,10703,14391,0.01551056,0,0,0.0489,0.0827,0.1925,0.0388,0.01133,0.10842,0.10917,-0.00914,0.27324,1.1806
1394,934.2,14986213,952272,0.412,0.12,20149,10710,14389,0.01550735,0,0,0.0531,0.1029,0.2035,0.0523,0.01071,0.10878,0.10834,-0.00781,0.26911,1.1865
1395,934.7,14996935,952968,0.378,0.12,21558,10722,14377,0.01550414,0,0,0.0534,0.0903,0.2035,0.0304,0.01036,0.10912,0.10406,-0.00869,0.26149,1.16045
1396,935.2,15007637,953671,0.46,0.121,18438,10702,14388,0.01550092,0,0,0.0606,0.1023,0.2207,0.0763,0.01145,0.10867,0.10903,-0.00946,0.27193,1.1273
1397,935.8,15018346,954395,0.456,0.121,18563,10709,14393,0.01549771,0,0,0.0564,0.1262,0.2088,0.0644,0.01149,0.10938,0.11075,-0.00838,0.27384,1.14758
1398,936.3,15028995,955107,0.399,0.121,20505,10649,14326,0.0154945,0,0,0.0511,0.0839,0.1921,0.0715,0.01116,0.10892,0.12236,-0.0095,0.29854,1.12384
1399,936.9,15039694,955835,0.428,0.122,19468,10699,14368,0.0154913,0,0,0.0528,0.0983,0.2018,0.0751,0.01087,0.11046,0.12357,-0.00953,0.3014,1.1359
1400,937.4,15050355,956556,0.403,0.122,20290,10661,14345,0.01548809,0,0,0.057,0.1022,0.2121,0.0321,0.01094,0.11076,0.114,-0.00761,0.27843,1.13724
1401,938.2,15061063,957272,0.371,0.121,21767,10708,14377,0.01548489,0,0,0.0522,0.0879,0.2,0.0307,0.01102,0.10966,0.11583,-0.00851,0.28361,1.1276
1402,938.7,15071812,957981,0.424,0.121,19718,10749,14442,0.01548168,0,0,0.0513,0.1025,0.1985,0.0719,0.01156,0.10896,0.11021,-0.00945,0.27514,1.15702
1403,939.3,15082499,958691,0.388,0.123,20926,10687,14373,0.01547846,0,0,0.0537,0.0922,0.2082,0.0337,0.01175,0.11084,0.10431,-0.00771,0.25872,1.12007
1404,939.8,15093201,959405,0.409,0.12,20230,10702,14371,0.01547525,0,0,0.0527,0.1078,0.2076,0.0407,0.01089,0.10892,0.12132,-0.00863,0.2945,1.11735
1405,940.3,15103935,960105,0.391,0.121,20973,10734,14414,0.01547204,0,0,0.0538,0.0923,0.2096,0.0352,0.011,0.1096,0.11199,-0.01001,0.27934,1.1415
1406,940.9,15114711,960838,0.479,0.119,18003,10776,14470,0.01546882,0,0,0.0556,0.1099,0.2111,0.1026,0.01035,0.10878,0.12692,-0.01003,0.30923,1.14145
1407,941.4,15125415,961528,0.387,0.12,21122,10704,14395,0.01546559,0,0,0.0558,0.0902,0.2066,0.034,0.01081,0.10913,0.12359,-0.00876,0.29997,1.14066
1408,941.9,15136163,962244,0.382,0.12,21431,10748,14415,0.01546238,0,0,0.0533,0.1021,0.1972,0.0292,0.01046,0.1089,0.12154,-0.00837,0.29459,1.12435
1409,942.4,15146907,962968,0.377,0.122,21538,10744,14426,0.01545915,0,0,0.0541,0.0897,0.1995,0.0332,0.01094,0.111,0.13848,-0.00907,0.32862,1.08382
1410,942.9,15157639,963660,0.395,0.121,20793,10732,14417,0.01545593,0,0,0.0547,0.1054,0.2048,0.0298,0.01111,0.11005,0.11878,-0.00819,0.28843,1.11583
1411,943.4,15168384,964372,0.393,0.122,20847,10745,14424,0.01545271,0,0,0.0542,0.0897,0.2096,0.0394,0.01077,0.11141,0.12181,-0.00924,0.29647,1.11218
1412,944.0,15179139,965084,0.409,0.121,20284,10755,14442,0.01544948,0,0,0.0557,0.1085,0.2093,0.0354,0.01071,0.11029,0.11215,-0.01022,0.27962,1.12875
1413,944.5,15189898,965793,0.436,0.124,19215,10759,14436,0.01544626,0,0,0.0599,0.1034,0.2232,0.0497,0.01193,0.11149,0.13931,-0.00879,0.32997,1.09278
1414,945.0,15200659,966496,0.387,0.123,21120,10761,14449,0.01544303,0,0,0.0521,0.1031,0.1993,0.0321,0.01093,0.11172,0.11791,-0.00672,0.2836,1.11192
1415,945.6,15211434,967201,0.396,0.12,20874,10775,14438,0.0154398,0,0,0.0507,0.0877,0.1995,0.0587,0.01099,0.10844,0.11149,-0.00897,0.2752,1.10969
1416,946.1,15222246,967886,0.377,0.119,21793,10812,14486,0.01543657,0,0,0.0492,0.0992,0.1989,0.0295,0.01033,0.10877,0.11508,-0.00876,0.28377,1.16902
1417,946.5,15232973,968573,0.359,0.121,22323,10727,14389,0.01543333,0,0,0.0489,0.0844,0.1945,0.0317,0.01107,0.10968,0.12294,-0.00868,0.29677,1.08615
1418,947.0,15243799,969261,0.379,0.12,21708,10826,14506,0.01543011,0,0,0.0506,0.0997,0.1983,0.03,0.01083,0.10894,0.11786,-0.00798,0.2871,1.14737
1419,947.5,15254621,969948,0.366,0.122,22172,10822,14496,0.01542686,0,0,0.0514,0.0856,0.1979,0.0316,0.01069,0.11058,0.12081,-0.00716,0.28982,1.09821
1420,948.0,15265463,970637,0.394,0.121,21033,10842,14537,0.01542361,0,0,0.0533,0.1039,0.2,0.0372,0.01024,0.11067,0.1164,-0.00894,0.28453,1.09785
1421,948.5,15276278,971325,0.39,0.122,21135,10815,14503,0.01542036,0,0,0.0559,0.0932,0.2076,0.0333,0.01044,0.11086,0.11459,-0.00739,0.27745,1.08544
1422,949.1,15287111,972026,0.451,0.121,18931,10833,14529,0.01541712,0,0,0.0593,0.1199,0.2162,0.0557,0.01082,0.10989,0.12559,-0.00874,0.30222,1.08839
1423,949.6,15297929,972698,0.38,0.122,21556,10818,14514,0.01541387,0,0,0.0525,0.0903,0.2042,0.0326,0.01127,0.11076,0.12351,-0.00792,0.29628,1.08442
1424,950.1,15308782,973387,0.391,0.122,21165,10853,14545,0.01541062,0,0,0.0531,0.1032,0.2047,0.0302,0.00982,0.1116,0.11895,-0.00937,0.28999,1.08206
1425,950.6,15319615,974094,0.379,0.122,21625,10833,14521,0.01540737,0,0,0.0516,0.0877,0.1994,0.0405,0.0107,0.11063,0.11392,-0.00731,0.27638,1.10032
1426,951.1,15330452,974774,0.393,0.122,21064,10837,14522,0.01540412,0,0,0.051,0.1023,0.2073,0.032,0.01027,0.11133,0.12656,-0.00756,0.30197,1.0949
1427,951.7,15341291,975461,0.422,0.123,19874,10839,14511,0.01540086,0,0,0.0606,0.1025,0.2244,0.0344,0.01041,0.11278,0.11167,-0.00977,0.27721,1.11486
1428,952.2,15352101,976153,0.415,0.122,20133,10810,14493,0.01539761,0,0,0.0572,0.1105,0.2129,0.0339,0.01127,0.11084,0.12303,-0.00835,0.29612,1.08338
1429,952.8,15362923,976854,0.407,0.121,20509,10822,14523,0.01539437,0,0,0.0572,0.0963,0.2192,0.0342,0.01097,0.10948,0.10782,-0.0082,0.26576,1.09493
1430,953.3,15373727,977547,0.412,0.119,20341,10804,14496,0.01539112,0,0,0.0561,0.1103,0.2105,0.035,0.00998,0.10905,0.12143,-0.00798,0.29149,1.06108
1431,953.8,15384549,978237,0.411,0.123,20288,10822,14497,0.01538788,0,0,0.0588,0.0984,0.2191,0.0343,0.01171,0.11068,0.13403,-0.00831,0.3178,1.0762
1432,954.3,15395386,978945,0.404,0.12,20712,10837,14541,0.01538464,0,0,0.0553,0.1071,0.2092,0.032,0.00978,0.10953,0.12737,-0.00616,0.29954,1.05573
1433,954.9,15406219,979630,0.401,0.121,20733,10833,14531,0.01538138,0,0,0.0544,0.0907,0.2054,0.0509,0.01135,0.10953,0.13022,-0.00895,0.3109,1.05849
1434,955.4,15417088,980334,0.382,0.119,21685,10869,14569,0.01537813,0,0,0.0515,0.1029,0.1993,0.0284,0.01014,0.10862,0.11581,-0.0064,0.27744,1.07362
1435,955.9,15427897,981028,0.379,0.123,21533,10809,14479,0.01537487,0,0,0.0522,0.0866,0.2053,0.0346,0.01206,0.11094,0.12085,-0.00646,0.28653,1.03796
1436,956.4,15438748,981714,0.384,0.123,21392,10851,14529,0.01537163,0,0,0.0516,0.104,0.1993,0.0292,0.01088,0.11167,0.12506,-0.00688,0.29604,1.04566
1437,956.9,15449571,982391,0.386,0.121,21346,10823,14507,0.01536838,0,0,0.0539,0.0908,0.2081,0.0328,0.01103,0.11,0.1138,-0.00821,0.27658,1.05956
1438,957.4,15460387,983090,0.381,0.119,21623,10816,14501,0.01536513,0,0,0.051,0.1021,0.1968,0.0311,0.01039,0.10847,0.11962,-0.00571,0.283,1.05286
1439,957.9,15471231,983780,0.379,0.12,21739,10844,14528,0.01536188,0,0,0.0529,0.0865,0.199,0.0408,0.01064,0.10875,0.11627,-0.00894,0.28222,1.03551
1440,958.4,15482086,984477,0.41,0.12,20475,10855,14558,0.01535863,0,0,0.0558,0.1106,0.2118,0.0316,0.01042,0.1096,0.10899,-0.0069,0.26333,1.0269
1441,958.9,15492904,985161,0.368,0.12,22176,10818,14518,0.01535537,0,0,0.0504,0.0859,0.1973,0.0341,0.01114,0.10861,0.10409,-0.00674,0.25338,1.0326
1442,959.4,15503715,985851,0.382,0.12,21559,10811,14473,0.01535213,0,0,0.0525,0.1022,0.1986,0.0286,0.01064,0.10858,0.09717,-0.00687,0.23966,1.02846
1443,959.9,15514516,986529,0.357,0.12,22625,10801,14482,0.01534889,0,0,0.0478,0.0829,0.1964,0.0302,0.01109,0.10867,0.10703,-0.00782,0.26181,1.04539
1444,960.4,15525355,987218,0.378,0.12,21756,10839,14500,0.01534565,0,0,0.0509,0.0987,0.1988,0.0298,0.01017,0.10945,0.10062,-0.0079,0.24885,1.03679
1445,960.9,15536154,987908,0.4,0.121,20737,10799,14496,0.01534239,0,0,0.0574,0.0948,0.2136,0.0338,0.01142,0.10936,0.1211,-0.00935,0.29279,1.03892
1446,961.5,15546955,988585,0.442,0.122,19167,10801,14501,0.01533915,0,0,0.058,0.112,0.213,0.0585,0.01062,0.11108,0.10446,-0.00766,0.25643,1.04919
1447,962.0,15557775,989265,0.411,0.124,20232,10820,14510,0.01533591,0,0,0.0599,0.0969,0.2177,0.0363,0.01127,0.1125,0.10526,-0.00904,0.26124,1.06425
1448,962.6,15568581,989948,0.434,0.121,19477,10806,14475,0.01533267,0,0,0.0608,0.1159,0.2215,0.0357,0.00995,0.11064,0.10898,-0.00715,0.265,1.06815
1449,963.0,15579373,990629,0.369,0.119,22139,10792,14476,0.01532943,0,0,0.0521,0.0871,0.1979,0.0318,0.01105,0.10727,0.1015,-0.00729,0.24988,1.05362
1450,963.6,15590124,991315,0.404,0.118,20583,10751,14443,0.01532619,0,0,0.0503,0.0987,0.1907,0.0646,0.01007,0.10771,0.10687,-0.0065,0.25952,1.0693
1451,964.1,15600884,991980,0.373,0.12,21831,10760,14444,0.01532296,0,0,0.0521,0.0894,0.1999,0.0313,0.01049,0.10938,0.11082,-0.00662,0.26754,1.06589
1452,964.6,15611683,992666,0.403,0.122,20560,10799,14486,0.01531973,0,0,0.0523,0.1068,0.2031,0.041,0.01036,0.11134,0.10182,-0.00786,0.25039,1.01236
1453,965.1,15622480,993349,0.408,0.121,20407,10797,14448,0.0153165,0,0,0.0557,0.0928,0.2092,0.05,0.01148,0.10963,0.10102,-0.00779,0.25047,1.07243
1454,965.7,15633275,994021,0.408,0.121,20409,10795,14469,0.01531326,0,0,0.0517,0.1019,0.1994,0.0546,0.0105,0.11053,0.10472,-0.00966,0.26018,1.02581
1455,966.2,15644031,994712,0.387,0.121,21179,10756,14412,0.01531002,0,0,0.0543,0.0905,0.2109,0.0311,0.01102,0.10983,0.11448,-0.0082,0.27733,1.04362
1456,966.7,15654806,995390,0.392,0.12,21045,10775,14448,0.01530679,0,0,0.0527,0.1021,0.2021,0.0346,0.01016,0.10992,0.11147,-0.00835,0.27106,1.02655
1457,967.2,15665561,996076,0.423,0.122,19706,10755,14414,0.01530356,0,0,0.061,0.1004,0.2273,0.0346,0.0113,0.1108,0.09244,-0.00558,0.2288,1.06985
1458,967.8,15676350,996749,0.438,0.121,19289,10789,14458,0.01530033,0,0,0.0553,0.1112,0.2062,0.0655,0.01059,0.11023,0.10037,-0.00734,0.24753,1.04948
1459,968.3,15687170,997438,0.407,0.126,20315,10820,14513,0.0152971,0,0,0.0559,0.0933,0.2088,0.0492,0.0119,0.11321,0.09943,-0.00768,0.24685,1.0667
1460,968.9,15697937,998105,0.408,0.123,20275,10767,14448,0.01529385,0,0,0.0544,0.1078,0.2117,0.0346,0.01043,0.11182,0.1035,-0.00976,0.25788,1.02514
1461,969.4,15708682,998779,0.389,0.123,20998,10745,14402,0.01529062,0,0,0.0543,0.0922,0.21,0.0322,0.01079,0.11191,0.09739,-0.00852,0.24323,1.02703
1462,969.9,15719474,999459,0.382,0.123,21377,10792,14480,0.0152874,0,0,0.0496,0.1023,0.2001,0.0303,0.0104,0.11186,0.09766,-0.00907,0.24521,1.0385
1463,970.4,15730262,1000135,0.369,0.124,21885,10788,14470,0.01528416,0,0,0.0504,0.0859,0.1991,0.0338,0.01164,0.11174,0.09223,-0.00843,0.23217,1.00858
1464,970.9,15741070,1000832,0.403,0.122,20562,10808,14475,0.01528092,0,0,0.0494,0.0999,0.2017,0.0522,0.01034,0.11173,0.0885,-0.00784,0.22425,1.0327
1465,971.4,15751819,1001509,0.375,0.124,21558,10749,14459,0.01527768,0,0,0.0524,0.0873,0.2031,0.0318,0.01171,0.11175,0.09979,-0.00769,0.24632,1.02606
1466,971.9,15762575,1002198,0.382,0.124,21279,10756,14428,0.01527445,0,0,0.0505,0.1019,0.1989,0.0304,0.01046,0.11297,0.09417,-0.00773,0.23464,1.0095
1467,972.4,15773296,1002891,0.359,0.123,22220,10721,14391,0.01527123,0,0,0.0491,0.0847,0.1946,0.0307,0.01149,0.11159,0.08898,-0.00625,0.22159,1.01907
1468,972.9,15784036,1003589,0.41,0.124,20107,10740,14408,0.01526801,0,0,0.0557,0.1103,0.2104,0.034,0.01055,0.11287,0.09929,-0.00651,0.24248,1.01164
1469,973.4,15794794,1004284,0.399,0.123,20622,10758,14414,0.01526479,0,0,0.0571,0.0955,0.2136,0.0329,0.01038,0.11192,0.09516,-0.00797,0.23708,1.00936
1470,974.0,15805541,1004977,0.415,0.123,19975,10747,14447,0.01526156,0,0,0.0581,0.1143,0.211,0.0321,0.01039,0.11188,0.09383,-0.00873,0.23554,0.9962
1471,974.5,15816300,1005660,0.425,0.123,19639,10759,14427,0.01525834,0,0,0.0564,0.0945,0.2134,0.0607,0.01078,0.11179,0.11081,-0.00685,0.26647,1.02064
1472,975.1,15827081,1006358,0.418,0.124,19886,10781,14452,0.01525511,0,0,0.058,0.1139,0.2135,0.0324,0.01136,0.11258,0.09894,-0.00816,0.24604,1.04363
1473,975.6,15837856,1007038,0.379,0.123,21456,10775,14452,0.01525188,0,0,0.0553,0.0909,0.2002,0.0325,0.01088,0.11207,0.09475,-0.00781,0.23696,1.0442
1474,976.1,15848641,1007737,0.399,0.122,20728,10785,14482,0.01524864,0,0,0.0551,0.1068,0.2057,0.0311,0.01051,0.11076,0.09864,-0.00792,0.24435,1.02393
1475,976.6,15859395,1008417,0.389,0.124,20982,10754,14447,0.01524541,0,0,0.0555,0.0929,0.2067,0.0338,0.01127,0.11198,0.08984,-0.00919,0.23096,1.07898
1476,977.1,15870184,1009107,0.405,0.122,20455,10789,14475,0.01524218,0,0,0.0565,0.1115,0.2068,0.0302,0.0102,0.11197,0.0897,-0.00829,0.22876,1.0758
1477,977.6,15880943,1009810,0.383,0.123,21239,10759,14399,0.01523894,0,0,0.0564,0.0933,0.2007,0.0329,0.01117,0.11175,0.11028,-0.00888,0.27039,1.05201
1478,978.2,15891673,1010497,0.407,0.122,20272,10730,14386,0.01523572,0,0,0.0568,0.1126,0.2061,0.0318,0.01021,0.11143,0.09918,-0.00916,0.2471,0.99807
1479,978.7,15902449,1011186,0.386,0.123,21157,10776,14452,0.0152325,0,0,0.0562,0.0919,0.2061,0.0319,0.011,0.11205,0.10227,-0.00718,0.25063,1.04164
1480,979.2,15913227,1011869,0.401,0.123,20583,10778,14458,0.01522927,0,0,0.056,0.1078,0.2036,0.0334,0.01011,0.11245,0.10466,-0.00696,0.25467,1.03198
1481,979.7,15923993,1012564,0.381,0.124,21343,10766,14449,0.01522603,0,0,0.0536,0.0908,0.2024,0.0341,0.01134,0.11187,0.09982,-0.00745,0.24636,1.04449
1482,980.2,15934804,1013236,0.388,0.124,21092,10811,14473,0.0152228,0,0,0.0512,0.1049,0.2007,0.0314,0.01041,0.11368,0.10359,-0.00953,0.25802,1.0435
1483,980.7,15945539,1013931,0.368,0.124,21813,10735,14414,0.01521956,0,0,0.0521,0.0869,0.1971,0.032,0.01065,0.11313,0.08651,-0.00582,0.21645,1.04386
1484,981.2,15956321,1014602,0.383,0.124,21243,10782,14442,0.01521634,0,0,0.0508,0.104,0.1936,0.0351,0.01094,0.11283,0.10255,-0.00916,0.25505,1.03942
1485,981.7,15967108,1015300,0.395,0.126,20692,10787,14498,0.0152131,0,0,0.0502,0.0862,0.2044,0.054,0.01108,0.11508,0.10469,-0.00794,0.25659,1.02954
1486,982.3,15977897,1015966,0.39,0.124,20985,10789,14482,0.01520987,0,0,0.0527,0.1057,0.1991,0.0322,0.01035,0.11366,0.10139,-0.00822,0.25078,1.03724
1487,982.8,15988755,1016648,0.409,0.124,20355,10858,14546,0.01520663,0,0,0.0525,0.0906,0.2036,0.0623,0.01141,0.11272,0.10518,-0.0069,0.25562,1.03431
1488,983.3,15999572,1017340,0.386,0.125,21180,10817,14490,0.01520337,0,0,0.0511,0.1041,0.1998,0.0312,0.01105,0.11328,0.08316,-0.00934,0.21604,1.02043
1489,983.8,16010427,1017996,0.372,0.124,21895,10855,14551,0.01520013,0,0,0.0495,0.0884,0.2016,0.0325,0.01053,0.11306,0.09206,-0.00503,0.22637,1.05894
1490,984.3,16021293,1018672,0.39,0.125,21099,10866,14548,0.01519687,0,0,0.0524,0.104,0.2041,0.03,0.01024,0.11396,0.09106,-0.00896,0.23121,1.02554
1491,984.8,16032145,1019336,0.372,0.122,21962,10852,14542,0.01519361,0,0,0.0517,0.0896,0.1993,0.0314,0.01082,0.111,0.08798,-0.00749,0.22389,1.08418
1492,985.3,16043000,1020015,0.408,0.123,20446,10855,14530,0.01519036,0,0,0.0488,0.1034,0.1959,0.0599,0.01018,0.11248,0.0977,-0.00836,0.24425,1.05739
1493,985.9,16053869,1020682,0.4,0.125,20689,10869,14548,0.0151871,0,0,0.058,0.0981,0.2107,0.0333,0.01135,0.11364,0.08801,-0.00872,0.22602,1.07187
1494,986.4,16064707,1021348,0.417,0.124,20028,10838,14511,0.01518384,0,0,0.0578,0.1123,0.2111,0.0356,0.01089,0.11311,0.09521,-0.00738,0.23744,1.06247
1495,987.0,16075525,1022032,0.461,0.125,18469,10818,14514,0.01518059,0,0,0.0657,0.115,0.229,0.0511,0.01112,0.11342,0.0893,-0.00969,0.23164,1.10846
1496,987.6,16086370,1022693,0.469,0.123,18306,10845,14515,0.01517734,0,0,0.0623,0.1293,0.2285,0.0494,0.01115,0.11153,0.10205,-0.0079,0.25263,1.07834
1497,988.1,16097240,1023364,0.437,0.124,19365,10870,14549,0.01517409,0,0,0.0634,0.1073,0.2298,0.0369,0.01155,0.11211,0.10108,-0.00619,0.24707,1.07191
1498,988.7,16108104,1024039,0.457,0.125,18660,10864,14531,0.01517083,0,0,0.0635,0.126,0.2303,0.037,0.01075,0.11436,0.10457,-0.006,0.25364,1.07098
1499,989.3,16118942,1024713,0.441,0.127,19106,10838,14484,0.01516757,0,0,0.0638,0.1055,0.227,0.0444,0.01156,0.11456,0.08866,-0.00719,0.22465,1.08609
1500,989.9,16129774,1025392,0.451,0.125,18779,10832,14507,0.01516432,0,0,0.0615,0.1267,0.227,0.0362,0.01028,0.11479,0.09577,-0.0076,0.24026,1.10521
1501,990.4,16140555,1026065,0.419,0.125,19812,10781,14448,0.01516107,0,0,0.0636,0.1034,0.2155,0.0365,0.01128,0.11335,0.08795,-0.007,0.22309,1.09423
1502,991.0,16151406,1026737,0.457,0.123,18708,10851,14514,0.01515783,0,0,0.0631,0.133,0.2266,0.0339,0.0109,0.1122,0.09097,-0.00801,0.23191,1.11984
1503,991.6,16162310,1027408,0.445,0.126,19098,10904,14564,0.01515458,0,0,0.0617,0.1056,0.2214,0.0561,0.01096,0.11485,0.09627,-0.00659,0.24018,1.13758
1504,992.2,16173181,1028082,0.449,0.126,18914,10871,14570,0.01515131,0,0,0.0624,0.1251,0.2254,0.0358,0.01189,0.11383,0.09104,-0.00792,0.23186,1.11997
1505,992.7,16184031,1028742,0.427,0.125,19654,10850,14560,0.01514805,0,0,0.0606,0.1075,0.2227,0.0366,0.01109,0.1132,0.09058,-0.00644,0.22794,1.1189
1506,993.3,16194848,1029433,0.454,0.125,18687,10817,14492,0.01514479,0,0,0.0649,0.1245,0.2258,0.0392,0.01097,0.1132,0.10244,-0.00712,0.25197,1.0848
1507,993.9,16205696,1030115,0.506,0.128,17117,10848,14536,0.01514155,0,0,0.0677,0.1228,0.2439,0.0715,0.01164,0.11569,0.09556,-0.00855,0.24178,1.10755
1508,994.6,16216527,1030793,0.5,0.124,17355,10831,14486,0.01513829,0,0,0.0625,0.133,0.2229,0.082,0.01095,0.11238,0.10098,-0.0089,0.25242,1.07841
1509,995.2,16227362,1031459,0.481,0.123,17961,10835,14501,0.01513504,0,0,0.0691,0.1267,0.2381,0.0467,0.0116,0.11067,0.10283,-0.0086,0.25597,1.09388
1510,995.7,16238205,1032133,0.464,0.124,18455,10843,14499,0.01513179,0,0,0.0607,0.1218,0.2281,0.0535,0.0108,0.11238,0.09597,-0.00724,0.23962,1.09754
1511,996.3,16249057,1032821,0.48,0.123,17996,10852,14536,0.01512854,0,0,0.0681,0.1335,0.2404,0.038,0.01105,0.11104,0.08648,-0.00872,0.22427,1.11907
1512,996.9,16259948,1033479,0.476,0.124,18169,10891,14551,0.01512528,0,0,0.0637,0.1262,0.23,0.0557,0.0114,0.11217,0.09514,-0.00904,0.24214,1.11697
1513,997.5,16270826,1034133,0.449,0.123,18998,10878,14532,0.01512202,0,0,0.0599,0.1029,0.2267,0.0598,0.01212,0.11079,0.09638,-0.00778,0.24275,1.13852
1514,998.1,16281685,1034822,0.437,0.123,19381,10859,14536,0.01511875,0,0,0.0609,0.1202,0.2227,0.0335,0.0108,0.11195,0.10363,-0.00717,0.25591,1.13465
1515,998.6,16292540,1035506,0.433,0.124,19485,10855,14552,0.01511549,0,0,0.0631,0.103,0.2296,0.0376,0.0119,0.11162,0.10565,-0.00847,0.26221,1.12374
1516,999.2,16303429,1036175,0.468,0.122,18449,10889,14581,0.01511224,0,0,0.0605,0.1235,0.2225,0.0618,0.01107,0.11052,0.10114,-0.0079,0.25256,1.14087
1517,999.8,16314272,1036850,0.437,0.126,19241,10843,14499,0.01510897,0,0,0.0612,0.109,0.2239,0.0432,0.01125,0.11465,0.10201,-0.00899,0.25614,1.12959
1518,1000.4,16325121,1037522,0.476,0.124,18075,10849,14528,0.01510572,0,0,0.0624,0.1376,0.2332,0.0425,0.0107,0.11345,0.09726,-0.00902,0.24574,1.09829
1519,1001.0,16335956,1038203,0.463,0.125,18433,10835,14513,0.01510246,0,0,0.0667,0.1166,0.2409,0.039,0.01161,0.11257,0.10721,-0.00831,0.26468,1.1137
1520,1001.6,16346834,1038887,0.463,0.124,18556,10878,14572,0.01509921,0,0,0.0645,0.1314,0.2298,0.0369,0.01124,0.11209,0.10452,-0.00705,0.2573,1.13138
1521,1002.1,16357707,1039556,0.425,0.126,19755,10873,14563,0.01509595,0,0,0.0629,0.1023,0.2245,0.0351,0.01211,0.11311,0.09774,-0.00917,0.24774,1.12349
1522,1002.7,16368620,1040223,0.465,0.126,18491,10913,14583,0.01509269,0,0,0.0617,0.1202,0.2288,0.0538,0.01135,0.11387,0.1,-0.00773,0.24897,1.11013
1523,1003.3,16379525,1040879,0.449,0.125,18981,10905,14572,0.01508941,0,0,0.0644,0.109,0.2322,0.0436,0.0115,0.11343,0.09008,-0.00843,0.23129,1.13505
1524,1003.9,16390434,1041543,0.452,0.126,18886,10909,14578,0.01508614,0,0,0.0618,0.123,0.2298,0.0374,0.01136,0.1139,0.11078,-0.00727,0.26979,1.11695
1525,1004.4,16401343,1042219,0.451,0.123,18993,10909,14584,0.01508287,0,0,0.0627,0.1028,0.2224,0.0631,0.01058,0.11246,0.10731,-0.00571,0.25913,1.0971
1526,1005.0,16412236,1042883,0.465,0.124,18496,10893,14580,0.0150796,0,0,0.0623,0.1228,0.2345,0.0451,0.01213,0.11193,0.10259,-0.00728,0.2543,1.14606
1527,1005.6,16423118,1043569,0.448,0.125,19020,10882,14564,0.01507633,0,0,0.0667,0.1135,0.2295,0.0379,0.01161,0.11271,0.10272,-0.01002,0.26009,1.14775
1528,1006.2,16433987,1044226,0.437,0.124,19380,10869,14547,0.01507306,0,0,0.0567,0.1119,0.2048,0.0638,0.01086,0.11244,0.09563,-0.00713,0.23991,1.14122
1529,1006.7,16444879,1044886,0.386,0.124,21340,10892,14593,0.0150698,0,0,0.0555,0.0921,0.206,0.0328,0.01194,0.11159,0.08856,-0.00742,0.22741,1.17605
1530,1007.2,16455786,1045565,0.44,0.123,19365,10907,14604,0.01506654,0,0,0.0577,0.1149,0.2152,0.0526,0.01063,0.11189,0.10126,-0.00592,0.24876,1.14122
1531,1007.7,16466650,1046232,0.393,0.123,21038,10864,14544,0.01506326,0,0,0.056,0.0929,0.2081,0.0361,0.01108,0.11186,0.10418,-0.00822,0.25958,1.15405
1532,1008.3,16477536,1046901,0.409,0.124,20429,10886,14552,0.01506001,0,0,0.0549,0.1123,0.2091,0.0324,0.0106,0.11327,0.10019,-0.0076,0.2503,1.15281
1533,1008.8,16488453,1047588,0.387,0.126,21291,10917,14572,0.01505674,0,0,0.0549,0.0897,0.2094,0.0331,0.01112,0.11425,0.10684,-0.00922,0.266,1.12538
1534,1009.3,16499294,1048255,0.42,0.125,19898,10841,14522,0.01505346,0,0,0.055,0.1107,0.2164,0.0373,0.01079,0.1142,0.1039,-0.00697,0.25615,1.14302
1535,1009.9,16510148,1048941,0.407,0.122,20527,10854,14538,0.01505021,0,0,0.0534,0.0912,0.2041,0.0579,0.0109,0.11094,0.09695,-0.00746,0.24293,1.13346
1536,1010.4,16521016,1049610,0.395,0.123,20973,10868,14556,0.01504696,0,0,0.054,0.1075,0.2043,0.0294,0.01005,0.11273,0.09042,-0.00689,0.22981,1.1693
1537,1010.9,16531912,1050295,0.381,0.126,21478,10896,14592,0.0150437,0,0,0.0535,0.0889,0.2074,0.0317,0.01036,0.11517,0.09478,-0.00813,0.23943,1.117
1538,1011.4,16542785,1050974,0.381,0.124,21535,10873,14538,0.01504043,0,0,0.0508,0.1025,0.1958,0.0317,0.01016,0.11335,0.1132,-0.00948,0.27825,1.09358
1539,1012.0,16553634,1051680,0.425,0.125,19705,10849,14533,0.01503716,0,0,0.057,0.096,0.2111,0.0613,0.01037,0.11433,0.09367,-0.00929,0.23905,1.10147
1540,1012.5,16564452,1052365,0.399,0.124,20678,10818,14494,0.01503391,0,0,0.0542,0.1065,0.2058,0.0327,0.01029,0.11333,0.09754,-0.007,0.24221,1.10136
1541,1013.0,16575266,1053044,0.369,0.125,21881,10814,14476,0.01503066,0,0,0.0517,0.0878,0.1965,0.0335,0.01129,0.11312,0.10985,-0.00837,0.26936,1.09503
1542,1013.5,16586134,1053720,0.413,0.124,20230,10868,14549,0.01502742,0,0,0.059,0.1116,0.2078,0.0348,0.01156,0.11217,0.11094,-0.00976,0.27538,1.1311
1543,1014.0,16596991,1054415,0.4,0.124,20713,10857,14563,0.01502416,0,0,0.0587,0.0959,0.2099,0.0353,0.01089,0.11305,0.10372,-0.00759,0.25485,1.07266
1544,1014.6,16607872,1055110,0.492,0.124,17658,10881,14578,0.0150209,0,0,0.0692,0.1392,0.24,0.0435,0.01067,0.11317,0.09713,-0.00802,0.24339,1.10157
1545,1015.3,16618727,1055799,0.541,0.126,16293,10855,14519,0.01501764,0,0,0.0716,0.135,0.253,0.081,0.01151,0.11369,0.10862,-0.00912,0.26875,1.10743
1546,1015.9,16629585,1056478,0.499,0.125,17396,10858,14553,0.01501438,0,0,0.0731,0.1488,0.2351,0.0424,0.01119,0.11324,0.10008,-0.00809,0.24999,1.12052
1547,1016.5,16640431,1057160,0.479,0.127,17898,10846,14547,0.01501112,0,0,0.0716,0.1261,0.242,0.039,0.01148,0.11531,0.10719,-0.00957,0.26756,1.13414
1548,1017.2,16651270,1057839,0.48,0.127,17866,10839,14476,0.01500787,0,0,0.0695,0.1409,0.2277,0.0416,0.01156,0.11463,0.10042,-0.00655,0.24727,1.11021
1549,1017.8,16662102,1058511,0.493,0.128,17442,10832,14497,0.01500462,0,0,0.0708,0.1319,0.2433,0.0468,0.01246,0.11544,0.11,-0.00817,0.2698,1.11501
1550,1018.4,16672948,1059202,0.482,0.126,17834,10846,14527,0.01500137,0,0,0.069,0.1345,0.2386,0.0403,0.01074,0.11461,0.10006,-0.00942,0.25259,1.12119
1551,1019.0,16683819,1059880,0.479,0.125,18008,10871,14541,0.01499812,0,0,0.0669,0.1191,0.2332,0.06,0.01158,0.11262,0.1109,-0.00731,0.26994,1.11752
1552,1019.6,16694618,1060558,0.47,0.125,18163,10799,14483,0.01499485,0,0,0.0638,0.1334,0.2342,0.0384,0.01104,0.11349,0.10805,-0.00783,0.26507,1.11104
1553,1020.2,16705415,1061249,0.47,0.126,18120,10797,14503,0.01499161,0,0,0.0665,0.1214,0.2411,0.0408,0.01253,0.11316,0.10805,-0.01006,0.26968,1.1161
1554,1020.9,16716224,1061923,0.566,0.125,15628,10809,14468,0.01498838,0,0,0.0728,0.1604,0.2644,0.0689,0.01238,0.11254,0.1025,-0.00916,0.25704,1.1249
1555,1021.5,16727033,1062628,0.523,0.124,16692,10809,14486,0.01498513,0,0,0.0746,0.1319,0.242,0.0749,0.01156,0.11226,0.10677,-0.00833,0.26321,1.10184
1556,1022.2,16737847,1063301,0.497,0.125,17370,10814,14459,0.01498189,0,0,0.0695,0.1393,0.2462,0.042,0.01169,0.11332,0.10534,-0.0089,0.26055,1.0701
1557,1022.8,16748661,1063983,0.488,0.126,17629,10814,14497,0.01497865,0,0,0.072,0.1267,0.243,0.0458,0.01142,0.11396,0.11231,-0.00781,0.27293,1.09145
1558,1023.4,16759463,1064672,0.522,0.124,16719,10802,14451,0.0149754,0,0,0.0693,0.149,0.2423,0.0613,0.01098,0.1126,0.11125,-0.00923,0.2736,1.08973
1559,1024.1,16770215,1065354,0.524,0.124,16585,10752,14436,0.01497216,0,0,0.0707,0.1353,0.249,0.0688,0.01166,0.11235,0.10455,-0.0088,0.25923,1.08652
1560,1024.7,16780983,1066034,0.509,0.126,16969,10768,14423,0.01496894,0,0,0.0679,0.1448,0.2358,0.0604,0.01138,0.11401,0.10811,-0.00957,0.2683,1.10043
1561,1025.3,16791746,1066711,0.462,0.123,18409,10763,14442,0.01496571,0,0,0.0644,0.1181,0.2277,0.0515,0.0111,0.11134,0.08893,-0.00814,0.22728,1.10704
1562,1026.0,16802531,1067403,0.544,0.122,16196,10785,14462,0.01496248,0,0,0.0732,0.1618,0.247,0.0615,0.01069,0.11137,0.09806,-0.00919,0.24717,1.09118
1563,1026.5,16813335,1068097,0.46,0.122,18572,10804,14478,0.01495924,0,0,0.0679,0.1205,0.2339,0.0378,0.01082,0.11044,0.10443,-0.00977,0.26015,1.06142
1564,1027.1,16824101,1068791,0.445,0.119,19072,10766,14458,0.014956,0,0,0.0633,0.1224,0.2251,0.0342,0.01084,0.1082,0.10128,-0.00826,0.25122,1.07404
1565,1027.7,16834879,1069465,0.456,0.121,18677,10778,14452,0.01495277,0,0,0.0621,0.1061,0.232,0.0557,0.01058,0.11007,0.09885,-0.00816,0.24669,1.09284
1566,1028.3,16845681,1070152,0.457,0.12,18727,10802,14494,0.01494954,0,0,0.0648,0.131,0.2257,0.0355,0.01033,0.10916,0.09546,-0.00766,0.23958,1.11471
1567,1028.8,16856489,1070824,0.467,0.121,18410,10808,14471,0.0149463,0,0,0.069,0.1283,0.2307,0.0385,0.01097,0.1093,0.10698,-0.00694,0.26071,1.09974
1568,1029.4,16867302,1071502,0.46,0.121,18601,10813,14475,0.01494305,0,0,0.0635,0.1223,0.2326,0.0415,0.0114,0.10979,0.09532,-0.00785,0.23978,1.11865
1569,1030.0,16878124,1072166,0.48,0.121,17997,10822,14465,0.01493981,0,0,0.0666,0.1259,0.2416,0.0459,0.01151,0.10948,0.1097,-0.00823,0.26899,1.10876
1570,1030.6,16888918,1072857,0.473,0.122,18133,10794,14458,0.01493656,0,0,0.0639,0.1324,0.236,0.0412,0.01117,0.11032,0.09897,-0.00819,0.24687,1.08946
1571,1031.3,16899706,1073544,0.531,0.121,16542,10788,14471,0.01493332,0,0,0.0742,0.1253,0.26,0.0714,0.01142,0.10953,0.10378,-0.00886,0.25859,1.11483
1572,1031.9,16910523,1074198,0.466,0.12,18459,10817,14506,0.01493009,0,0,0.0635,0.1278,0.2349,0.0399,0.01121,0.10834,0.10605,-0.00709,0.25901,1.0961
1573,1032.4,16921324,1074884,0.436,0.121,19377,10801,14483,0.01492684,0,0,0.063,0.109,0.2269,0.0375,0.01129,0.10937,0.11416,-0.00641,0.27313,1.07128
1574,1033.0,16932121,1075568,0.469,0.121,18292,10797,14456,0.0149236,0,0,0.0656,0.1328,0.235,0.0358,0.01083,0.11,0.12235,-0.00617,0.28929,1.07993
1575,1033.6,16942915,1076247,0.493,0.121,17606,10794,14493,0.01492036,0,0,0.0658,0.1237,0.2329,0.0701,0.01049,0.10962,0.11445,-0.00856,0.27922,1.11217
1576,1034.2,16953693,1076925,0.455,0.12,18768,10778,14468,0.01491713,0,0,0.065,0.1296,0.2269,0.033,0.01033,0.10888,0.11054,-0.00778,0.26866,1.07324
1577,1034.8,16964539,1077589,0.449,0.123,18968,10846,14503,0.01491389,0,0,0.065,0.1095,0.2377,0.0365,0.01064,0.11225,0.11153,-0.00862,0.27263,1.08394
1578,1035.4,16975348,1078241,0.456,0.123,18647,10809,14471,0.01491064,0,0,0.064,0.1311,0.2243,0.0369,0.011,0.11209,0.1085,-0.00774,0.2646,1.07715
1579,1035.9,16986193,1078935,0.447,0.125,18964,10845,14528,0.0149074,0,0,0.065,0.1114,0.2274,0.0428,0.01271,0.11226,0.10419,-0.00831,0.25785,1.10212
1580,1036.6,16997004,1079604,0.535,0.127,16336,10811,14517,0.01490414,0,0,0.073,0.1472,0.2731,0.0417,0.01145,0.115,0.10642,-0.00835,0.26158,1.07454
1581,1037.2,17007811,1080277,0.528,0.126,16530,10807,14481,0.0149009,0,0,0.0744,0.1411,0.2536,0.0592,0.01088,0.11433,0.11847,-0.00849,0.28643,1.09126
1582,1037.9,17018666,1080948,0.484,0.125,17833,10855,14518,0.01489766,0,0,0.0674,0.1361,0.2429,0.0377,0.01048,0.11391,0.11404,-0.00745,0.27577,1.10062
1583,1038.6,17029483,1081633,0.594,0.126,15017,10817,14515,0.0148944,0,0,0.076,0.1508,0.2772,0.0904,0.01158,0.11385,0.11771,-0.01003,0.28792,1.08946
1584,1039.2,17040341,1082297,0.503,0.128,17192,10858,14538,0.01489116,0,0,0.0694,0.1497,0.2349,0.0493,0.01266,0.11525,0.11511,-0.00909,0.28111,1.09795
1585,1039.8,17051147,1082961,0.464,0.126,18310,10806,14460,0.0148879,0,0,0.0675,0.1206,0.227,0.0486,0.01171,0.11423,0.12433,-0.00838,0.29793,1.09215
1586,1040.4,17061977,1083637,0.475,0.126,18044,10830,14498,0.01488466,0,0,0.0664,0.1344,0.2404,0.0333,0.01119,0.11408,0.1191,-0.01023,0.2912,1.09314
1587,1041.0,17072803,1084302,0.439,0.126,19148,10826,14504,0.01488141,0,0,0.0654,0.1077,0.2291,0.0371,0.01107,0.11466,0.11738,-0.0068,0.28137,1.10881
1588,1041.6,17083654,1084961,0.49,0.125,17645,10851,14521,0.01487816,0,0,0.0646,0.125,0.2315,0.0693,0.01116,0.11296,0.11576,-0.00889,0.28264,1.11983
1589,1042.1,17094500,1085636,0.43,0.125,19568,10846,14541,0.0148749,0,0,0.0641,0.1049,0.2227,0.0378,0.01098,0.11339,0.11089,-0.00922,0.27303,1.10323
1590,1042.7,17105369,1086293,0.491,0.125,17634,10869,14550,0.01487165,0,0,0.0649,0.1282,0.2264,0.072,0.01012,0.1144,0.10569,-0.00774,0.25939,1.09322
1591,1043.3,17116218,1086959,0.474,0.124,18128,10849,14516,0.01486839,0,0,0.069,0.1243,0.2448,0.0363,0.01103,0.11271,0.11607,-0.00833,0.28092,1.07966
1592,1044.0,17127100,1087651,0.491,0.125,17643,10882,14584,0.01486513,0,0,0.0681,0.1388,0.2448,0.0397,0.01108,0.11402,0.1107,-0.0095,0.27262,1.08338
1593,1044.6,17137932,1088304,0.474,0.125,18059,10832,14517,0.01486187,0,0,0.0712,0.1187,0.2416,0.0429,0.01119,0.11394,0.12272,-0.0101,0.2979,1.08518
1594,1045.2,17148761,1088989,0.509,0.126,17067,10829,14505,0.01485862,0,0,0.0712,0.1458,0.2367,0.0552,0.01069,0.11465,0.11178,-0.00629,0.26803,1.07333
1595,1045.8,17159613,1089668,0.514,0.127,16940,10852,14532,0.01485537,0,0,0.0728,0.1261,0.2456,0.069,0.01205,0.1147,0.10734,-0.00862,0.26336,1.05822
1596,1046.5,17170486,1090329,0.53,0.127,16547,10873,14554,0.01485212,0,0,0.072,0.1556,0.2451,0.0573,0.01133,0.11552,0.09856,-0.00746,0.24374,1.06735
1597,1047.1,17181305,1091002,0.488,0.127,17602,10819,14479,0.01484885,0,0,0.0702,0.1207,0.2479,0.0487,0.01141,0.11519,0.10812,-0.00801,0.26302,1.03596
1598,1047.8,17192110,1091685,0.538,0.127,16255,10805,14485,0.01484561,0,0,0.069,0.1424,0.2419,0.0845,0.01174,0.11487,0.10444,-0.00741,0.25407,1.02336
1599,1048.4,17202962,1092373,0.501,0.127,17277,10852,14547,0.01484237,0,0,0.0719,0.1311,0.2519,0.0464,0.01144,0.11497,0.11459,-0.00858,0.27687,1.02869
1600,1049.1,17213775,1093055,0.53,0.125,16501,10813,14501,0.01483911,0,0,0.078,0.16,0.2512,0.0405,0.01095,0.11421,0.10651,-0.01006,0.26414,1.04493
1601,1050.1,17224602,1093740,0.508,0.128,17020,10827,14515,0.01483587,0,0,0.0761,0.1348,0.2501,0.0474,0.01156,0.11569,0.10124,-0.00822,0.24987,1.04295
1602,1050.7,17235431,1094410,0.506,0.125,17154,10829,14519,0.01483262,0,0,0.0681,0.1537,0.2398,0.0444,0.01105,0.11385,0.1024,-0.00773,0.25096,1.0345
1603,1051.3,17246260,1095082,0.456,0.126,18618,10829,14507,0.01482937,0,0,0.0677,0.115,0.2348,0.0386,0.01149,0.11329,0.0991,-0.00755,0.24358,1.02046
1604,1051.9,17257071,1095767,0.464,0.124,18372,10811,14468,0.01482612,0,0,0.0684,0.1231,0.2368,0.036,0.01152,0.11234,0.10078,-0.00781,0.2476,1.02571
1605,1052.5,17267893,1096453,0.456,0.127,18553,10822,14495,0.01482288,0,0,0.0688,0.1142,0.235,0.0383,0.01207,0.11429,0.114,-0.0072,0.27283,1.02677
1606,1053.1,17278744,1097136,0.485,0.125,17781,10851,14518,0.01481963,0,0,0.0764,0.1303,0.2394,0.0392,0.0115,0.11307,0.12008,-0.00885,0.28783,1.01106
1607,1053.9,17289559,1097809,0.618,0.129,14474,10815,14483,0.01481638,0,0,0.0879,0.1762,0.2736,0.0803,0.01168,0.11702,0.11899,-0.00776,0.28307,0.99795
1608,1054.5,17300415,1098486,0.539,0.126,16325,10856,14542,0.01481313,0,0,0.0713,0.1373,0.25,0.0807,0.01146,0.11397,0.11416,-0.00654,0.27115,1.00402
1609,1055.1,17311222,1099172,0.473,0.127,18012,10807,14491,0.01480988,0,0,0.0704,0.1295,0.2331,0.0405,0.012,0.11412,0.11063,-0.00815,0.26697,0.99255
1610,1055.8,17322037,1099873,0.507,0.126,17079,10815,14504,0.01480663,0,0,0.074,0.1331,0.2482,0.0521,0.01101,0.11449,0.11201,-0.00577,0.26523,1.00165
1611,1056.5,17332851,1100542,0.591,0.127,15072,10814,14483,0.01480339,0,0,0.0776,0.17,0.2559,0.0871,0.01179,0.11476,0.11243,-0.0087,0.27266,1.02666
1612,1057.2,17343659,1101232,0.562,0.128,15670,10808,14512,0.01480014,0,0,0.0683,0.1363,0.2421,0.1154,0.01129,0.11573,0.11566,-0.00549,0.27344,1.05178
1613,1057.8,17354516,1101923,0.505,0.126,17191,10857,14536,0.0147969,0,0,0.073,0.1317,0.245,0.0558,0.01231,0.11337,0.11749,-0.00722,0.28029,1.04328
1614,1058.4,17365347,1102607,0.522,0.127,16693,10831,14547,0.01479365,0,0,0.0751,0.1445,0.2492,0.0533,0.01197,0.11435,0.1201,-0.00843,0.28871,1.06989
1615,1059.1,17376171,1103285,0.503,0.125,17215,10824,14495,0.0147904,0,0,0.07,0.1399,0.2434,0.0499,0.01151,0.11362,0.12155,-0.01031,0.29533,1.06886
1616,1059.8,17386957,1103958,0.552,0.125,15931,10786,14460,0.01478715,0,0,0.0749,0.1479,0.2733,0.0563,0.01198,0.11216,0.10947,-0.01011,0.27013,1.04692
1617,1060.5,17397775,1104622,0.593,0.126,15038,10818,14495,0.01478391,0,0,0.0775,0.1739,0.2836,0.0582,0.01226,0.11351,0.11973,-0.00837,0.28744,1.05628
1618,1061.1,17408607,1105305,0.523,0.126,16686,10832,14511,0.01478067,0,0,0.0746,0.1462,0.2585,0.0437,0.01213,0.11346,0.12121,-0.00816,0.28993,1.05467
1619,1061.9,17419474,1105985,0.629,0.126,14409,10867,14559,0.01477742,0,0,0.0908,0.1724,0.2944,0.071,0.01273,0.1125,0.1151,-0.00801,0.27674,1.03277
1620,1062.6,17430312,1106646,0.576,0.127,15428,10838,14513,0.01477416,0,0,0.0828,0.164,0.2683,0.0608,0.01253,0.11355,0.10745,-0.00744,0.26087,1.05251
1621,1063.3,17441161,1107337,0.57,0.124,15628,10849,14534,0.01477091,0,0,0.0826,0.1686,0.2742,0.0447,0.01197,0.11165,0.13033,-0.00767,0.3064,1.02852
1622,1063.9,17452011,1108019,0.523,0.126,16722,10850,14556,0.01476765,0,0,0.075,0.1336,0.2516,0.0624,0.01207,0.11384,0.11873,-0.00929,0.28694,1.04563
1623,1064.6,17462841,1108682,0.588,0.127,15160,10830,14506,0.0147644,0,0,0.0858,0.1701,0.2832,0.0487,0.0113,0.11484,0.12051,-0.00829,0.28792,1.02658
1624,1065.4,17473685,1109356,0.602,0.126,14893,10844,14515,0.01476115,0,0,0.0862,0.1541,0.2926,0.0687,0.01188,0.11414,0.12715,-0.00757,0.29969,1.02479
1625,1066.1,17484530,1110032,0.598,0.129,14921,10845,14528,0.01475789,0,0,0.0841,0.1628,0.2686,0.0824,0.01296,0.11549,0.12038,-0.00791,0.28668,1.02019
1626,1066.8,17495321,1110678,0.563,0.125,15676,10791,14484,0.01475464,0,0,0.0872,0.1606,0.27,0.0452,0.01242,0.11253,0.11534,-0.00735,0.27547,1.01941
1627,1067.5,17506175,1111359,0.556,0.125,15954,10854,14551,0.0147514,0,0,0.0829,0.1602,0.2587,0.0541,0.0123,0.11178,0.11612,-0.00753,0.27733,1.01749
1628,1068.2,17517000,1112027,0.582,0.124,15334,10825,14512,0.01474815,0,0,0.0788,0.1618,0.2528,0.0885,0.01144,0.11199,0.12888,-0.00671,0.30093,1.00935
1629,1068.9,17527831,1112705,0.564,0.124,15751,10831,14519,0.0147449,0,0,0.0807,0.1682,0.2739,0.0414,0.01155,0.11157,0.12085,-0.00704,0.28539,1.00421
1630,1069.5,17538646,1113378,0.497,0.125,17379,10815,14518,0.01474165,0,0,0.0697,0.1275,0.2486,0.0514,0.01218,0.11244,0.11126,-0.00812,0.26862,1.01302
1631,1070.1,17549513,1114046,0.533,0.122,16594,10867,14566,0.01473841,0,0,0.0789,0.1455,0.2685,0.0404,0.0109,0.11017,0.11287,-0.0097,0.27575,1.03826
1632,1070.8,17560334,1114723,0.531,0.122,16581,10821,14511,0.01473515,0,0,0.0728,0.1364,0.2594,0.0623,0.01137,0.1099,0.118,-0.00685,0.2796,1.01467
1633,1071.5,17571188,1115396,0.562,0.124,15832,10854,14557,0.0147319,0,0,0.0762,0.1937,0.2518,0.0401,0.01145,0.11194,0.12437,-0.00834,0.29616,1.04336
1634,1072.1,17582054,1116060,0.498,0.121,17575,10866,14558,0.01472864,0,0,0.0731,0.1257,0.2587,0.0402,0.01054,0.1097,0.11604,-0.00839,0.27906,1.02515
1635,1072.7,17592912,1116724,0.449,0.122,19007,10858,14537,0.01472538,0,0,0.0651,0.1183,0.2327,0.0334,0.0111,0.11035,0.12042,-0.00586,0.28177,0.99233
1636,1073.2,17603811,1117391,0.46,0.122,18707,10899,14605,0.01472213,0,0,0.0656,0.1178,0.2439,0.033,0.01176,0.11031,0.1237,-0.0061,0.28868,0.98721
1637,1073.8,17614667,1118054,0.436,0.121,19479,10856,14527,0.01471886,0,0,0.0635,0.1089,0.2316,0.0325,0.0109,0.10959,0.11465,-0.00642,0.27104,0.98197
1638,1074.4,17625555,1118719,0.451,0.123,18957,10888,14586,0.0147156,0,0,0.0657,0.1157,0.2376,0.0324,0.01159,0.1108,0.12079,-0.00701,0.28516,1.00428
1639,1074.9,17636407,1119385,0.434,0.122,19536,10852,14554,0.01471233,0,0,0.0628,0.1058,0.2275,0.0375,0.01147,0.11,0.10917,-0.00731,0.26294,1.01896
1640,1075.5,17647257,1120054,0.474,0.122,18220,10850,14569,0.01470908,0,0,0.0713,0.125,0.2408,0.0368,0.0112,0.11012,0.11503,-0.00807,0.2766,1.03302
1641,1076.1,17658137,1120717,0.434,0.121,19578,10880,14589,0.01470582,0,0,0.0635,0.1095,0.2295,0.0318,0.01157,0.10959,0.11442,-0.00788,0.2746,1.02041
1642,1076.7,17669047,1121391,0.446,0.123,19189,10910,14623,0.01470256,0,0,0.0641,0.1083,0.2261,0.0475,0.01215,0.11005,0.1105,-0.00793,0.26709,1.02783
1643,1077.2,17679918,1122060,0.463,0.122,18576,10871,14544,0.01469929,0,0,0.0619,0.1121,0.2212,0.0682,0.01091,0.11048,0.12291,-0.00773,0.29034,0.98833
1644,1077.8,17690763,1122734,0.439,0.121,19356,10845,14542,0.01469602,0,0,0.0663,0.1145,0.2263,0.0318,0.0109,0.11016,0.12191,-0.00818,0.29002,1.01465
1645,1078.4,17701620,1123414,0.514,0.12,17116,10857,14554,0.01469277,0,0,0.0677,0.1221,0.2388,0.0853,0.01164,0.10848,0.12498,-0.00891,0.29685,0.98887
1646,1079.1,17712483,1124075,0.499,0.121,17527,10863,14547,0.01468951,0,0,0.064,0.1105,0.2226,0.1017,0.01237,0.10826,0.11783,-0.00782,0.27967,0.96532
1647,1079.7,17723340,1124762,0.476,0.119,18249,10857,14555,0.01468626,0,0,0.0649,0.1121,0.2353,0.0636,0.01052,0.10807,0.12941,-0.00422,0.29526,0.95309
1648,1080.2,17734213,1125428,0.441,0.122,19336,10873,14556,0.014683,0,0,0.0649,0.1048,0.2252,0.0457,0.0118,0.1095,0.1218,-0.00824,0.28813,0.95521
1649,1080.8,17745067,1126103,0.489,0.128,17592,10854,14524,0.01467974,0,0,0.0702,0.1361,0.2448,0.0383,0.01183,0.1155,0.12685,-0.00613,0.29414,0.95953
1650,1081.5,17755908,1126771,0.495,0.127,17437,10841,14510,0.01467648,0,0,0.0746,0.1313,0.2491,0.04,0.01166,0.11471,0.12741,-0.00546,0.29322,0.93572
1651,1082.1,17766748,1127445,0.553,0.125,15985,10840,14545,0.01467323,0,0,0.0772,0.1404,0.2624,0.0732,0.01136,0.11312,0.12026,-0.00811,0.28542,0.97774
1652,1082.8,17777548,1128135,0.472,0.124,18104,10800,14498,0.01466998,0,0,0.0718,0.1236,0.24,0.0368,0.01117,0.11295,0.12646,-0.00776,0.29707,0.9762
1653,1083.3,17788373,1128814,0.458,0.124,18599,10825,14515,0.01466674,0,0,0.0666,0.1165,0.2351,0.0395,0.01104,0.11292,0.12886,-0.00812,0.30191,0.95263
1654,1083.9,17799216,1129492,0.472,0.123,18234,10843,14540,0.01466349,0,0,0.0688,0.128,0.2372,0.0378,0.01163,0.11096,0.11383,-0.00653,0.26975,0.98928
1655,1084.6,17810057,1130156,0.509,0.124,17129,10841,14548,0.01466024,0,0,0.0673,0.1202,0.2453,0.0764,0.01189,0.11142,0.12141,-0.00657,0.28452,0.97397
1656,1085.1,17820876,1130823,0.444,0.124,19049,10819,14486,0.01465698,0,0,0.0643,0.1129,0.2329,0.0335,0.01135,0.11247,0.11863,-0.00869,0.28303,0.96879
1657,1085.7,17831715,1131509,0.469,0.125,18272,10839,14546,0.01465374,0,0,0.0687,0.127,0.2368,0.0362,0.01263,0.11135,0.10184,-0.00737,0.24673,0.96654
1658,1086.3,17842551,1132200,0.451,0.122,18924,10836,14546,0.01465049,0,0,0.0664,0.1153,0.233,0.0359,0.01113,0.11056,0.11754,-0.00777,0.28001,1.00352
1659,1086.9,17853351,1132856,0.482,0.124,17834,10800,14508,0.01464723,0,0,0.0638,0.1178,0.2244,0.076,0.01103,0.11217,0.11604,-0.00533,0.27211,1.00245
1660,1087.5,17864246,1133509,0.453,0.123,18926,10895,14579,0.01464399,0,0,0.064,0.1152,0.2367,0.0372,0.01104,0.11112,0.10935,-0.00676,0.26215,1.02164
1661,1088.0,17875108,1134180,0.44,0.123,19279,10862,14543,0.01464073,0,0,0.0634,0.1143,0.2281,0.0342,0.01244,0.11049,0.11678,-0.00931,0.28133,0.99555
1662,1088.6,17885927,1134857,0.465,0.121,18448,10819,14498,0.01463747,0,0,0.0679,0.1224,0.2411,0.0336,0.01031,0.11085,0.11725,-0.00803,0.28053,1.02382
1663,1089.3,17896825,1135516,0.491,0.124,17708,10898,14634,0.01463422,0,0,0.0646,0.1116,0.2314,0.0837,0.01299,0.11075,0.10481,-0.00882,0.25781,1.04338
1664,1089.9,17907676,1136205,0.51,0.123,17136,10851,14540,0.01463095,0,0,0.0796,0.1361,0.253,0.0411,0.01154,0.11156,0.12567,-0.00705,0.2951,1.01368
1665,1090.5,17918514,1136878,0.484,0.122,17864,10838,14527,0.0146277,0,0,0.0676,0.1285,0.2485,0.0396,0.01178,0.11026,0.10634,-0.0084,0.25997,1.04256
1666,1091.1,17929324,1137563,0.46,0.119,18660,10810,14524,0.01462445,0,0,0.0678,0.1192,0.2374,0.0356,0.011,0.10792,0.11738,-0.00631,0.27737,1.02522
1667,1091.7,17940110,1138230,0.48,0.124,17855,10786,14460,0.0146212,0,0,0.0643,0.1171,0.2319,0.067,0.01207,0.11139,0.10564,-0.00768,0.25617,1.00948
1668,1092.2,17950955,1138918,0.446,0.119,19178,10845,14527,0.01461797,0,0,0.0642,0.1146,0.2327,0.0349,0.01101,0.10776,0.10453,-0.00634,0.25214,1.03962
1669,1092.8,17961776,1139591,0.432,0.121,19563,10821,14506,0.01461471,0,0,0.0622,0.1091,0.2254,0.0351,0.01205,0.10904,0.10785,-0.00661,0.25864,1.01674
1670,1093.4,17972597,1140276,0.451,0.122,18902,10821,14520,0.01461147,0,0,0.0656,0.1155,0.2346,0.035,0.01215,0.10918,0.1202,-0.0059,0.28179,1.01267
1671,1094.0,17983413,1140946,0.509,0.121,17168,10816,14515,0.01460822,0,0,0.0674,0.1302,0.2409,0.0703,0.01131,0.10956,0.10839,-0.00891,0.26541,1.0547
1672,1094.6,17994236,1141617,0.451,0.123,18831,10823,14494,0.01460498,0,0,0.0641,0.1151,0.2362,0.0362,0.01142,0.11131,0.10984,-0.0087,0.26726,1.03268
1673,1095.2,18005071,1142297,0.458,0.121,18731,10835,14539,0.01460173,0,0,0.0643,0.1174,0.2335,0.0427,0.01154,0.10872,0.10727,-0.00799,0.26121,1.05123
1674,1095.7,18015884,1142990,0.453,0.121,18843,10813,14523,0.01459848,0,0,0.0665,0.1138,0.2392,0.0331,0.01089,0.11005,0.1064,-0.00803,0.26004,1.06783
1675,1096.3,18026727,1143656,0.473,0.122,18222,10843,14520,0.01459523,0,0,0.0636,0.1098,0.2287,0.0713,0.01104,0.10996,0.11735,-0.00699,0.27958,1.05851
1676,1096.9,18037549,1144344,0.466,0.121,18434,10822,14518,0.01459198,0,0,0.0666,0.1231,0.2403,0.0362,0.0111,0.10949,0.1178,-0.00874,0.2846,1.08025
1677,1097.5,18048359,1145007,0.476,0.121,18099,10810,14500,0.01458874,0,0,0.074,0.1195,0.2461,0.0366,0.01184,0.10891,0.12345,-0.00858,0.29548,1.07702
1678,1098.1,18059221,1145675,0.454,0.12,18936,10862,14567,0.01458549,0,0,0.065,0.1109,0.2337,0.0443,0.0112,0.10819,0.11409,-0.00736,0.27451,1.08367
1679,1098.7,18070058,1146373,0.482,0.128,17762,10837,14521,0.01458223,0,0,0.0645,0.1091,0.2304,0.0778,0.01272,0.11504,0.10541,-0.00661,0.2556,1.08277
1680,1099.3,18080856,1147041,0.492,0.123,17533,10798,14504,0.01457898,0,0,0.0716,0.1325,0.2506,0.0377,0.01076,0.11219,0.12047,-0.00798,0.28785,1.06133
1681,1099.9,18091688,1147730,0.477,0.123,18032,10832,14539,0.01457574,0,0,0.0682,0.1333,0.2407,0.0351,0.01212,0.11091,0.1098,-0.00802,0.26613,1.04577
1682,1100.5,18102550,1148391,0.422,0.125,19881,10862,14546,0.01457249,0,0,0.0632,0.1076,0.2189,0.032,0.01182,0.11227,0.12222,-0.0101,0.29497,1.04073
1683,1101.1,18113342,1149061,0.472,0.123,18112,10792,14484,0.01456923,0,0,0.0641,0.1154,0.2264,0.0666,0.01205,0.11103,0.13303,-0.0081,0.31255,1.03951
1684,1101.6,18124158,1149738,0.459,0.123,18596,10816,14505,0.014566,0,0,0.0661,0.1203,0.2323,0.0398,0.01092,0.11183,0.11214,-0.00993,0.27483,1.05346
1685,1102.2,18134963,1150403,0.465,0.126,18278,10805,14500,0.01456275,0,0,0.0687,0.1213,0.2416,0.0336,0.01242,0.1132,0.10431,-0.0084,0.25631,1.06038
1686,1102.8,18145772,1151071,0.438,0.126,19163,10809,14507,0.01455951,0,0,0.064,0.1072,0.2243,0.0424,0.01109,0.11456,0.11141,-0.00737,0.26787,1.04094
1687,1103.4,18156563,1151753,0.484,0.128,17614,10791,14487,0.01455627,0,0,0.0666,0.1169,0.2365,0.0644,0.01143,0.11652,0.10991,-0.00858,0.26785,1.06093
1688,1104.0,18167380,1152433,0.437,0.123,19315,10817,14511,0.01455303,0,0,0.0677,0.1107,0.2267,0.0318,0.01088,0.11199,0.10197,-0.00921,0.25301,1.05323
1689,1104.5,18178172,1153104,0.437,0.124,19204,10792,14463,0.01454979,0,0,0.0648,0.105,0.2328,0.0349,0.01179,0.1124,0.10821,-0.00675,0.26125,1.07613
1690,1105.1,18188943,1153765,0.448,0.124,18829,10771,14478,0.01454655,0,0,0.0659,0.1072,0.2397,0.0348,0.01089,0.11318,0.1221,-0.00755,0.29089,1.08554
1691,1105.7,18199773,1154412,0.496,0.127,17382,10830,14540,0.01454332,0,0,0.0666,0.1201,0.2445,0.0652,0.01175,0.11459,0.11618,-0.01215,0.28827,1.08698
1692,1106.3,18210574,1155075,0.445,0.127,18885,10801,14495,0.01454007,0,0,0.0668,0.1147,0.2286,0.0348,0.01084,0.11585,0.09382,-0.00917,0.2384,1.11437
1693,1106.9,18221400,1155751,0.472,0.125,18127,10826,14520,0.01453683,0,0,0.0687,0.1198,0.2407,0.043,0.01169,0.11304,0.10168,-0.00812,0.25253,1.13245
1694,1107.5,18232271,1156405,0.483,0.125,17878,10871,14552,0.01453358,0,0,0.072,0.1306,0.2409,0.0395,0.01104,0.11368,0.10965,-0.00965,0.27138,1.12758
1695,1108.2,18243146,1157065,0.552,0.129,15962,10875,14549,0.01453032,0,0,0.0766,0.1393,0.2435,0.0931,0.01263,0.1159,0.10787,-0.00853,0.26601,1.14326
1696,1108.9,18253993,1157738,0.56,0.126,15810,10847,14529,0.01452706,0,0,0.0803,0.1659,0.2684,0.0454,0.01209,0.11358,0.1058,-0.01076,0.26497,1.09662
1697,1109.5,18264854,1158404,0.478,0.127,17956,10861,14540,0.0145238,0,0,0.0706,0.1293,0.2401,0.0377,0.01168,0.11499,0.09222,-0.00713,0.23279,1.17352
1698,1110.1,18275678,1159046,0.479,0.126,17909,10824,14497,0.01452054,0,0,0.0687,0.1224,0.2452,0.0423,0.01111,0.11441,0.10668,-0.00686,0.26035,1.14569
1699,1110.7,18286508,1159708,0.465,0.127,18282,10830,14516,0.0145173,0,0,0.0659,0.1123,0.2288,0.0582,0.01212,0.11464,0.11148,-0.00734,0.27074,1.13989
1700,1111.3,18297339,1160381,0.475,0.124,18087,10831,14516,0.01451405,0,0,0.0714,0.1225,0.242,0.0386,0.01118,0.11273,0.10807,-0.00718,0.26302,1.11989
1701,1112.0,18308189,1161056,0.566,0.128,15640,10850,14551,0.0145108,0,0,0.0825,0.1708,0.2673,0.0453,0.01213,0.11523,0.10076,-0.00946,0.25274,1.11271
1702,1112.7,18319015,1161731,0.582,0.125,15314,10826,14563,0.01450754,0,0,0.0807,0.1611,0.2708,0.0693,0.01173,0.11287,0.1033,-0.00898,0.25786,1.14748
1703,1113.3,18329829,1162387,0.457,0.129,18450,10814,14509,0.0145043,0,0,0.0701,0.1214,0.2331,0.0326,0.01193,0.11668,0.11225,-0.00865,0.27431,1.12052
1704,1113.9,18340641,1163057,0.488,0.129,17522,10812,14490,0.01450105,0,0,0.0702,0.1307,0.2474,0.04,0.01151,0.11666,0.12203,-0.00635,0.28921,1.11886
1705,1114.5,18351436,1163727,0.51,0.129,16906,10795,14467,0.01449781,0,0,0.075,0.1455,0.2512,0.0382,0.01292,0.11548,0.11093,-0.00824,0.27075,1.11755
1706,1115.2,18362273,1164412,0.562,0.123,15820,10837,14548,0.01449457,0,0,0.0778,0.1497,0.2486,0.0862,0.01089,0.1114,0.12099,-0.00937,0.29234,1.0907
1707,1115.9,18373035,1165086,0.518,0.125,16748,10762,14457,0.01449132,0,0,0.0741,0.1381,0.2584,0.0472,0.01208,0.11218,0.10011,-0.00771,0.24715,1.08719
1708,1116.5,18383826,1165769,0.494,0.124,17466,10791,14454,0.01448809,0,0,0.0714,0.1317,0.2508,0.0404,0.01141,0.11192,0.11743,-0.00694,0.27954,1.06277
1709,1117.1,18394642,1166437,0.458,0.122,18642,10816,14525,0.01448485,0,0,0.0663,0.1176,0.2355,0.0385,0.01159,0.1105,0.11568,-0.00744,0.27705,1.06344
1710,1117.7,18405406,1167129,0.549,0.123,16015,10764,14464,0.01448161,0,0,0.0718,0.1421,0.2566,0.0789,0.01164,0.11083,0.10152,-0.00963,0.25427,1.10392
1711,1118.3,18416190,1167805,0.454,0.124,18679,10784,14489,0.01447838,0,0,0.0658,0.1132,0.2305,0.0443,0.01206,0.11112,0.10012,-0.00924,0.25004,1.08173
1712,1118.9,18426986,1168505,0.462,0.124,18407,10796,14508,0.01447514,0,0,0.0679,0.1198,0.2419,0.0328,0.01155,0.11182,0.10472,-0.00902,0.25892,1.08604
1713,1119.5,18437753,1169184,0.479,0.124,17849,10767,14471,0.0144719,0,0,0.0701,0.1287,0.2454,0.0345,0.01171,0.11248,0.10955,-0.00957,0.27031,1.10812
1714,1120.1,18448542,1169867,0.504,0.123,17214,10789,14477,0.01446867,0,0,0.0681,0.1186,0.2391,0.0783,0.01075,0.11159,0.11239,-0.00956,0.2766,1.13011
1715,1120.7,18459329,1170555,0.484,0.126,17687,10787,14508,0.01446544,0,0,0.0716,0.1245,0.246,0.0419,0.01258,0.11275,0.09522,-0.00881,0.24087,1.13379
1716,1121.4,18470118,1171247,0.517,0.126,16779,10789,14501,0.0144622,0,0,0.0745,0.1422,0.2621,0.0378,0.01236,0.11334,0.10895,-0.00723,0.26516,1.1341
1717,1122.1,18480919,1171942,0.532,0.128,16362,10801,14519,0.01445896,0,0,0.0741,0.1526,0.2568,0.0488,0.01298,0.11427,0.10862,-0.00824,0.26494,1.07906
1718,1122.7,18491691,1172621,0.513,0.125,16886,10772,14478,0.01445572,0,0,0.0676,0.1241,0.2527,0.0687,0.011,0.11338,0.1135,-0.00916,0.27676,1.0873
1719,1123.3,18502488,1173306,0.49,0.126,17522,10797,14500,0.01445249,0,0,0.0702,0.1313,0.2456,0.0432,0.01234,0.11317,0.11375,-0.00915,0.2774,1.09285
1720,1123.9,18513311,1173975,0.474,0.124,18097,10823,14520,0.01444925,0,0,0.0667,0.1215,0.2464,0.0393,0.01249,0.1114,0.09671,-0.00834,0.24345,1.15381
1721,1124.5,18524155,1174659,0.481,0.127,17841,10844,14571,0.01444601,0,0,0.0685,0.1191,0.2471,0.0462,0.01341,0.11302,0.11045,-0.00986,0.273,1.12066
1722,1125.2,18535017,1175338,0.569,0.125,15662,10862,14571,0.01444275,0,0,0.0739,0.1401,0.2701,0.0848,0.01218,0.11203,0.11111,-0.00926,0.2734,1.13057
1723,1125.8,18545858,1176006,0.478,0.124,17996,10841,14547,0.01443949,0,0,0.0668,0.1296,0.2345,0.0471,0.01242,0.11165,0.10279,-0.00859,0.25593,1.14885
1724,1126.5,18556690,1176680,0.523,0.122,16777,10832,14506,0.01443624,0,0,0.0787,0.1419,0.2624,0.0403,0.0119,0.11009,0.11595,-0.01061,0.28586,1.13397
1725,1127.1,18567553,1177345,0.49,0.123,17718,10863,14573,0.01443299,0,0,0.0693,0.1198,0.2532,0.048,0.01272,0.10947,0.11483,-0.0089,0.28034,1.13915
1726,1127.8,18578422,1178018,0.582,0.121,15454,10869,14581,0.01442973,0,0,0.0752,0.1588,0.2756,0.0724,0.01116,0.10978,0.11006,-0.01043,0.274,1.14403
1727,1128.4,18589294,1178681,0.461,0.123,18613,10872,14600,0.01442647,0,0,0.0654,0.1182,0.2399,0.0375,0.01189,0.11091,0.09999,-0.00839,0.25062,1.17366
1728,1128.9,18600166,1179350,0.468,0.124,18359,10872,14560,0.01442321,0,0,0.0657,0.1177,0.2465,0.0381,0.0117,0.11212,0.10127,-0.00882,0.25322,1.14598
1729,1129.6,18611018,1180048,0.476,0.126,18028,10852,14533,0.01441995,0,0,0.0693,0.1253,0.2441,0.0376,0.01167,0.11368,0.11317,-0.00866,0.27661,1.14238
1730,1130.2,18621852,1180723,0.524,0.13,16560,10834,14528,0.01441669,0,0,0.0729,0.1261,0.2451,0.0798,0.01166,0.11822,0.1028,-0.00875,0.256,1.1405
1731,1130.8,18632693,1181383,0.51,0.126,17054,10841,14532,0.01441344,0,0,0.0732,0.1355,0.2583,0.0427,0.01214,0.11352,0.10888,-0.00769,0.26699,1.17412
1732,1131.5,18643571,1182044,0.506,0.126,17205,10878,14588,0.01441019,0,0,0.0769,0.1328,0.2526,0.0439,0.01158,0.11423,0.12812,-0.00701,0.30341,1.1501
1733,1132.1,18654394,1182719,0.504,0.124,17249,10823,14552,0.01440693,0,0,0.073,0.1361,0.2563,0.0382,0.01213,0.11129,0.10603,-0.00822,0.26249,1.18013
1734,1132.9,18665284,1183394,0.643,0.125,14168,10890,14589,0.01440368,0,0,0.0948,0.1821,0.2833,0.0831,0.01172,0.11316,0.1075,-0.00981,0.2687,1.18262
1735,1133.6,18676078,1184066,0.624,0.124,14420,10794,14509,0.01440041,0,0,0.0846,0.199,0.2744,0.0663,0.01251,0.11131,0.11686,-0.0102,0.28768,1.16558
1736,1134.4,18686910,1184743,0.612,0.128,14650,10832,14549,0.01439718,0,0,0.0818,0.1772,0.2991,0.0534,0.01567,0.11165,0.1093,-0.01129,0.27581,1.20254
1737,1135.1,18697744,1185418,0.587,0.126,15185,10834,14545,0.01439393,0,0,0.0767,0.1453,0.263,0.1022,0.01532,0.11059,0.12404,-0.01112,0.3048,1.19744
1738,1135.7,18708599,1186071,0.503,0.122,17358,10855,14580,0.01439068,0,0,0.0735,0.1387,0.2502,0.0409,0.01075,0.11088,0.10648,-0.00879,0.26621,1.23912
1739,1136.3,18719485,1186748,0.518,0.126,16904,10886,14592,0.01438742,0,0,0.0727,0.1373,0.2569,0.0512,0.01269,0.11219,0.11799,-0.01091,0.29218,1.19495
1740,1137.0,18730331,1187429,0.54,0.126,16297,10846,14561,0.01438415,0,0,0.0785,0.1471,0.2544,0.06,0.01309,0.11198,0.12038,-0.00957,0.29433,1.19709
1741,1137.8,18741184,1188097,0.623,0.126,14496,10853,14541,0.0143809,0,0,0.0828,0.1567,0.2619,0.1211,0.01241,0.11309,0.12251,-0.01102,0.30096,1.17903
1742,1138.7,18752016,1188778,0.777,0.129,11950,10832,14530,0.01437764,0,0,0.0887,0.1969,0.2851,0.2067,0.0126,0.11607,0.11989,-0.00996,0.29444,1.208
1743,1139.5,18762800,1189461,0.75,0.13,12252,10784,14494,0.0143744,0,0,0.084,0.1739,0.3149,0.1777,0.01376,0.11551,0.10941,-0.01105,0.27527,1.19429
1744,1140.3,18773626,1190138,0.645,0.125,14075,10826,14518,0.01437116,0,0,0.0866,0.1627,0.2985,0.0968,0.01193,0.11231,0.10812,-0.01058,0.27181,1.19734
1745,1141.1,18784462,1190817,0.659,0.125,13817,10836,14551,0.01436791,0,0,0.0935,0.1649,0.3409,0.0601,0.01301,0.11136,0.10998,-0.01134,0.2768,1.18896
1746,1141.9,18795273,1191504,0.682,0.122,13447,10811,14520,0.01436466,0,0,0.0922,0.1905,0.322,0.077,0.01138,0.11038,0.10889,-0.00927,0.2709,1.20351
1747,1142.7,18806108,1192166,0.646,0.129,13990,10835,14523,0.01436142,0,0,0.0938,0.1642,0.2813,0.1065,0.01258,0.11561,0.11783,-0.01195,0.29377,1.19105
1748,1143.4,18816923,1192834,0.598,0.125,14957,10815,14527,0.01435817,0,0,0.0878,0.1725,0.282,0.0553,0.01329,0.11179,0.10866,-0.01034,0.27243,1.19925
1749,1144.0,18827765,1193510,0.481,0.123,17932,10842,14524,0.01435492,0,0,0.0717,0.1285,0.244,0.0372,0.01193,0.11093,0.11472,-0.01172,0.28826,1.23218
1750,1144.6,18838572,1194174,0.469,0.124,18207,10807,14514,0.01435167,0,0,0.0673,0.1241,0.238,0.0399,0.01262,0.11115,0.10683,-0.01045,0.26926,1.20914
1751,1145.2,18849404,1194831,0.488,0.124,17707,10832,14509,0.01434843,0,0,0.0658,0.1192,0.2333,0.0699,0.01227,0.11087,0.1017,-0.01106,0.26047,1.21766
1752,1145.9,18860244,1195489,0.512,0.125,17027,10840,14523,0.01434518,0,0,0.0722,0.1336,0.2517,0.0543,0.01273,0.1118,0.10429,-0.01082,0.26406,1.17923
1753,1146.5,18871077,1196156,0.485,0.125,17731,10833,14550,0.01434193,0,0,0.0722,0.1279,0.2482,0.0373,0.01293,0.11201,0.10632,-0.01029,0.26721,1.18436
1754,1147.1,18881864,1196826,0.469,0.122,18252,10787,14485,0.01433868,0,0,0.0685,0.1209,0.2414,0.0379,0.01116,0.11089,0.12105,-0.00994,0.2947,1.14051
1755,1147.7,18892659,1197510,0.517,0.123,16870,10795,14478,0.01433544,0,0,0.07,0.1224,0.2454,0.0796,0.01252,0.10973,0.12206,-0.01021,0.29733,1.14377
1756,1148.3,18903460,1198185,0.495,0.124,17440,10801,14494,0.0143322,0,0,0.0728,0.1285,0.2485,0.0454,0.01237,0.11119,0.12442,-0.01009,0.30153,1.13397
1757,1149.0,18914280,1198844,0.537,0.124,16371,10820,14514,0.01432896,0,0,0.0798,0.1504,0.2551,0.0512,0.01299,0.11097,0.10043,-0.00859,0.25129,1.16001
1758,1149.6,18925100,1199514,0.493,0.123,17548,10820,14508,0.01432572,0,0,0.0719,0.1294,0.2564,0.0356,0.01128,0.11139,0.09482,-0.00935,0.24105,1.14146
1759,1150.3,18935866,1200193,0.536,0.123,16355,10766,14471,0.01432247,0,0,0.0766,0.131,0.246,0.0821,0.01168,0.11055,0.11889,-0.00874,0.28738,1.12125
1760,1150.9,18946698,1200855,0.477,0.123,18035,10832,14547,0.01431924,0,0,0.0706,0.1267,0.2457,0.0345,0.01298,0.10982,0.10688,-0.00932,0.26536,1.15073
1761,1151.5,18957507,1201525,0.488,0.124,17672,10809,14501,0.01431599,0,0,0.0662,0.1158,0.2434,0.0625,0.01278,0.11072,0.11353,-0.00693,0.27303,1.12135
1762,1152.1,18968348,1202191,0.534,0.125,16453,10841,14538,0.01431275,0,0,0.0761,0.1447,0.2703,0.0433,0.01354,0.1106,0.12481,-0.0101,0.30063,1.07616
1763,1152.8,18979128,1202875,0.566,0.123,15662,10780,14482,0.0143095,0,0,0.0763,0.151,0.2579,0.0804,0.01309,0.10927,0.11685,-0.00998,0.28419,1.0668
1764,1153.4,18989915,1203559,0.485,0.123,17759,10787,14505,0.01430626,0,0,0.0731,0.1316,0.2417,0.0382,0.01239,0.11005,0.104,-0.00917,0.2568,1.06488
1765,1154.0,19000675,1204244,0.468,0.122,18227,10760,14459,0.01430303,0,0,0.0674,0.1224,0.2435,0.0347,0.01234,0.10957,0.1077,-0.00823,0.26257,1.07356
1766,1154.6,19011391,1204924,0.442,0.119,19120,10716,14421,0.0142998,0,0,0.0643,0.1128,0.231,0.0334,0.01053,0.10807,0.13065,-0.00841,0.30841,1.05948
1767,1155.2,19022127,1205617,0.464,0.12,18377,10736,14415,0.01429658,0,0,0.0641,0.1094,0.2222,0.0683,0.01221,0.10771,0.11245,-0.00729,0.26961,1.05421
1768,1155.7,19032952,1206283,0.408,0.116,20658,10825,14532,0.01429336,0,0,0.0599,0.0991,0.2128,0.0365,0.00994,0.10541,0.11569,-0.00631,0.27499,1.08404
1769,1156.2,19043723,1206965,0.41,0.119,20371,10771,14447,0.01429011,0,0,0.0589,0.1025,0.217,0.0314,0.01107,0.1076,0.11596,-0.00977,0.2821,1.07176
1770,1156.8,19054502,1207655,0.413,0.115,20406,10779,14470,0.01428688,0,0,0.0598,0.1029,0.2212,0.0292,0.00952,0.10541,0.11776,-0.00863,0.28312,1.06172
1771,1157.3,19065264,1208327,0.409,0.118,20427,10762,14479,0.01428365,0,0,0.0554,0.0904,0.2045,0.0585,0.01177,0.10584,0.10617,-0.00985,0.26289,1.08043
1772,1157.8,19076056,1209015,0.406,0.116,20653,10792,14494,0.01428042,0,0,0.0587,0.1016,0.2169,0.0291,0.01059,0.10544,0.11535,-0.0085,0.2785,1.07843
1773,1158.3,19086867,1209688,0.367,0.118,22304,10811,14521,0.01427718,0,0,0.0541,0.0891,0.1959,0.0281,0.01185,0.10531,0.10605,-0.00781,0.25953,1.11379
1774,1158.8,19097687,1210375,0.355,0.116,22945,10820,14510,0.01427394,0,0,0.0495,0.0843,0.1946,0.027,0.01081,0.10507,0.11427,-0.01051,0.28053,1.08554
1775,1159.2,19108495,1211043,0.349,0.116,23239,10808,14495,0.01427069,0,0,0.0469,0.0816,0.1931,0.027,0.01092,0.10523,0.1129,-0.01144,0.28052,1.11541
1776,1159.7,19119319,1211729,0.374,0.116,22100,10824,14513,0.01426745,0,0,0.0514,0.083,0.1903,0.0492,0.01044,0.10513,0.11629,-0.01102,0.28541,1.07897
1777,1160.2,19130121,1212397,0.347,0.118,23264,10802,14521,0.0142642,0,0,0.0484,0.0817,0.1893,0.0273,0.01138,0.10602,0.10485,-0.00932,0.26024,1.11813
1778,1160.7,19140971,1213069,0.375,0.116,22128,10850,14530,0.01426096,0,0,0.0543,0.0923,0.2018,0.0263,0.01027,0.10504,0.10631,-0.01103,0.26674,1.12404
1779,1161.2,19151798,1213745,0.359,0.116,22802,10827,14529,0.01425771,0,0,0.0489,0.083,0.1949,0.0323,0.01076,0.10471,0.1153,-0.00864,0.27913,1.0958
1780,1161.6,19162563,1214417,0.359,0.121,22390,10765,14430,0.01425446,0,0,0.0512,0.0863,0.1946,0.0272,0.01046,0.11064,0.11481,-0.0074,0.27555,1.09173
1781,1162.2,19173382,1215089,0.42,0.121,20023,10819,14496,0.01425123,0,0,0.0573,0.0944,0.2101,0.0578,0.01056,0.10987,0.11706,-0.00858,0.28259,1.09827
1782,1162.7,19184176,1215742,0.399,0.121,20782,10794,14476,0.01424799,0,0,0.0586,0.0933,0.2149,0.032,0.01034,0.10988,0.11799,-0.00961,0.28744,1.13085
1783,1163.2,19195034,1216422,0.406,0.121,20626,10858,14538,0.01424475,0,0,0.0586,0.1008,0.2186,0.0278,0.01151,0.10874,0.112,-0.0076,0.27124,1.1248
1784,1163.7,19205819,1217112,0.371,0.121,21933,10785,14441,0.01424149,0,0,0.0541,0.0883,0.1993,0.0295,0.01054,0.10967,0.11805,-0.00844,0.2836,1.07512
1785,1164.2,19216571,1217771,0.384,0.12,21360,10752,14448,0.01423825,0,0,0.0499,0.0863,0.1988,0.0488,0.01109,0.10823,0.10519,-0.00989,0.26149,1.10007
1786,1164.7,19227376,1218451,0.374,0.119,21928,10805,14482,0.01423503,0,0,0.0536,0.0883,0.2048,0.0269,0.01026,0.10858,0.11205,-0.0087,0.27324,1.11504
1787,1165.2,19238187,1219115,0.36,0.12,22546,10811,14493,0.01423179,0,0,0.0501,0.0837,0.1978,0.0283,0.0112,0.1081,0.11807,-0.00947,0.28666,1.10937
1788,1165.7,19248999,1219795,0.403,0.12,20658,10812,14495,0.01422854,0,0,0.0559,0.0926,0.2078,0.047,0.01126,0.10851,0.12721,-0.00642,0.29894,1.11352
1789,1166.2,19259783,1220464,0.365,0.122,22140,10784,14467,0.0142253,0,0,0.0507,0.0854,0.1934,0.0359,0.01232,0.1091,0.11845,-0.00915,0.2881,1.15627
1790,1166.7,19270572,1221148,0.388,0.119,21281,10789,14471,0.01422207,0,0,0.0494,0.0836,0.1969,0.058,0.01049,0.10836,0.11708,-0.00903,0.28484,1.14662
1791,1167.2,19281385,1221823,0.354,0.12,22820,10813,14483,0.01421883,0,0,0.049,0.085,0.1922,0.0275,0.0114,0.1083,0.11345,-0.0111,0.28149,1.13917
1792,1167.7,19292226,1222498,0.361,0.12,22527,10841,14539,0.01421558,0,0,0.051,0.0857,0.1968,0.0279,0.01048,0.109,0.10745,-0.00946,0.26634,1.14403
1793,1168.2,19303084,1223153,0.378,0.119,21845,10858,14543,0.01421233,0,0,0.0556,0.0906,0.2022,0.0291,0.0104,0.10874,0.11146,-0.01063,0.27605,1.12124
1794,1168.7,19313947,1223841,0.372,0.12,22100,10863,14563,0.01420907,0,0,0.0544,0.0877,0.2001,0.0298,0.01075,0.10847,0.10474,-0.00887,0.25918,1.12507
1795,1169.2,19324829,1224499,0.386,0.12,21529,10882,14567,0.01420582,0,0,0.0494,0.084,0.1931,0.0592,0.01115,0.10841,0.10587,-0.00975,0.26405,1.15523
1796,1169.6,19335677,1225176,0.354,0.12,22857,10848,14537,0.01420255,0,0,0.049,0.0837,0.195,0.0266,0.01084,0.10934,0.10885,-0.0088,0.26627,1.09057
1797,1170.1,19346553,1225855,0.351,0.119,23109,10876,14571,0.0141993,0,0,0.0484,0.0825,0.1922,0.0282,0.01118,0.10793,0.10225,-0.00893,0.25348,1.09594
1798,1170.6,19357428,1226507,0.355,0.12,22919,10875,14550,0.01419603,0,0,0.0503,0.0846,0.1922,0.0277,0.01099,0.10844,0.1074,-0.00894,0.26427,1.11243
1799,1171.1,19368295,1227183,0.38,0.12,21710,10867,14567,0.01419277,0,0,0.0531,0.0897,0.2071,0.0303,0.0116,0.10841,0.09444,-0.00763,0.23526,1.09666
1800,1171.6,19379158,1227855,0.428,0.122,19768,10863,14510,0.01418951,0,0,0.0585,0.097,0.2123,0.0601,0.01069,0.11038,0.08946,-0.01023,0.23007,1.08175
1801,1172.4,19390034,1228533,0.363,0.12,22507,10876,14559,0.01418625,0,0,0.0505,0.0859,0.1966,0.0299,0.01103,0.10894,0.09105,-0.0069,0.22719,1.10249
1802,1173.0,19400857,1229206,0.423,0.12,19917,10823,14532,0.01418299,0,0,0.0603,0.1049,0.2224,0.0354,0.01074,0.10939,0.10307,-0.00877,0.25643,1.1547
1803,1173.5,19411660,1229886,0.397,0.121,20858,10803,14528,0.01417974,0,0,0.0569,0.0982,0.2111,0.0302,0.01143,0.10967,0.08868,-0.00821,0.2269,1.16769
1804,1174.0,19422501,1230560,0.409,0.121,20479,10841,14560,0.0141765,0,0,0.057,0.0924,0.2076,0.0517,0.01041,0.1099,0.10519,-0.00932,0.26202,1.16406
1805,1174.5,19433273,1231244,0.401,0.123,20586,10772,14508,0.01417325,0,0,0.059,0.0964,0.2109,0.0344,0.01176,0.11044,0.10212,-0.00835,0.25288,1.12705
1806,1175.1,19444056,1231919,0.408,0.122,20352,10783,14518,0.01417002,0,0,0.0588,0.0976,0.2141,0.037,0.01094,0.11098,0.09779,-0.00986,0.24815,1.15917
1807,1175.6,19454874,1232607,0.404,0.124,20464,10818,14547,0.01416678,0,0,0.0573,0.1025,0.2112,0.0333,0.01048,0.1136,0.08866,-0.00858,0.22821,1.18987
1808,1176.2,19465666,1233287,0.44,0.12,19280,10792,14504,0.01416354,0,0,0.0611,0.1057,0.2273,0.0459,0.01034,0.10923,0.08692,-0.00956,0.22663,1.18867
1809,1176.7,19476434,1233996,0.397,0.121,20777,10768,14496,0.0141603,0,0,0.0568,0.0951,0.2071,0.0379,0.01131,0.10979,0.09098,-0.00932,0.23349,1.16102
1810,1177.2,19487201,1234671,0.408,0.125,20200,10767,14516,0.01415707,0,0,0.0611,0.0985,0.2186,0.03,0.01127,0.11306,0.08855,-0.00851,0.22731,1.17204
1811,1177.8,19498015,1235349,0.429,0.121,19672,10814,14536,0.01415384,0,0,0.0626,0.1074,0.2263,0.0328,0.01119,0.10911,0.09545,-0.00723,0.23753,1.13614
1812,1178.3,19508847,1236046,0.438,0.121,19347,10832,14583,0.0141506,0,0,0.0639,0.1011,0.2147,0.0587,0.01171,0.10943,0.09358,-0.00978,0.23893,1.1378
1813,1178.9,19519651,1236734,0.429,0.126,19442,10804,14557,0.01414735,0,0,0.0623,0.1089,0.2269,0.0312,0.01066,0.11542,0.09591,-0.00944,0.24329,1.15136
1814,1179.4,19530420,1237406,0.432,0.121,19498,10769,14510,0.0141441,0,0,0.0624,0.1049,0.2325,0.0319,0.01198,0.10831,0.10158,-0.00751,0.25107,1.16266
1815,1180.0,19541228,1238070,0.423,0.121,19878,10808,14547,0.01414087,0,0,0.0609,0.1048,0.2215,0.0356,0.01199,0.10865,0.10937,-0.00975,0.2709,1.15472
1816,1180.6,19552028,1238750,0.502,0.137,16894,10800,14545,0.01413763,0,0,0.0661,0.1212,0.2343,0.0808,0.02627,0.11018,0.10259,-0.01055,0.25852,1.1402
1817,1181.2,19562850,1239431,0.515,0.122,16996,10822,14591,0.01413439,0,0,0.0694,0.1695,0.2334,0.0424,0.01175,0.10989,0.09902,-0.00995,0.2496,1.11959
1818,1181.8,19573635,1240115,0.436,0.122,19325,10785,14513,0.01413115,0,0,0.0629,0.1118,0.2291,0.0326,0.01177,0.10956,0.11346,-0.00893,0.27704,1.14117
1819,1182.3,19584435,1240777,0.414,0.119,20270,10800,14529,0.01412791,0,0,0.0615,0.1026,0.2195,0.03,0.01099,0.10788,0.11223,-0.01105,0.27846,1.12905
1820,1182.9,19595246,1241465,0.418,0.12,20103,10811,14561,0.01412467,0,0,0.0593,0.0976,0.22,0.0409,0.01083,0.10876,0.1309,-0.00967,0.31292,1.1244
1821,1183.4,19605987,1242152,0.399,0.119,20710,10741,14453,0.01412143,0,0,0.0578,0.0927,0.2146,0.0343,0.01122,0.10782,0.12054,-0.01009,0.29261,1.10976
1822,1183.9,19616692,1242854,0.395,0.12,20787,10705,14455,0.0141182,0,0,0.0574,0.0935,0.2075,0.037,0.01154,0.10776,0.12121,-0.00864,0.29173,1.13417
1823,1184.5,19627417,1243524,0.435,0.122,19230,10725,14475,0.01411499,0,0,0.0619,0.1108,0.2257,0.0369,0.01205,0.10994,0.11331,-0.00973,0.27809,1.13463
1824,1185.1,19638187,1244207,0.54,0.12,16299,10770,14512,0.01411177,0,0,0.0711,0.1441,0.2473,0.0779,0.01109,0.10904,0.10739,-0.00942,0.26654,1.16626
1825,1185.7,19648978,1244889,0.402,0.12,20687,10791,14534,0.01410854,0,0,0.0571,0.1038,0.2049,0.0361,0.01171,0.10775,0.10379,-0.0107,0.26205,1.17199
1826,1186.2,19659678,1245566,0.387,0.119,21164,10700,14433,0.01410531,0,0,0.0567,0.0922,0.2077,0.0303,0.01059,0.10786,0.1161,-0.00977,0.2844,1.1578
1827,1186.7,19670367,1246250,0.406,0.119,20369,10689,14415,0.0141021,0,0,0.0569,0.0978,0.2084,0.0428,0.0108,0.10782,0.10153,-0.00914,0.25403,1.15872
1828,1187.2,19681074,1246933,0.44,0.12,19127,10707,14462,0.01409889,0,0,0.0647,0.1117,0.2274,0.0361,0.01196,0.10754,0.11915,-0.00938,0.28956,1.15299
1829,1187.8,19691797,1247624,0.452,0.12,18756,10723,14456,0.01409568,0,0,0.0656,0.1128,0.2305,0.0427,0.01157,0.10827,0.11451,-0.00829,0.27793,1.14641
1830,1188.4,19702478,1248320,0.425,0.119,19610,10681,14431,0.01409246,0,0,0.0607,0.1014,0.2182,0.0449,0.01067,0.10843,0.11594,-0.00918,0.2812,1.09869
1831,1188.9,19713171,1249015,0.413,0.119,20074,10693,14431,0.01408926,0,0,0.0585,0.1051,0.2165,0.0331,0.01088,0.10813,0.10032,-0.0102,0.25263,1.12124
1832,1189.5,19723866,1249699,0.45,0.119,18794,10695,14449,0.01408605,0,0,0.061,0.1008,0.2189,0.0695,0.01102,0.10751,0.10695,-0.00864,0.26244,1.10903
1833,1190.0,19734603,1250388,0.411,0.119,20261,10737,14473,0.01408284,0,0,0.059,0.102,0.2188,0.0312,0.0116,0.107,0.1231,-0.00766,0.29367,1.14124
1834,1190.6,19745288,1251095,0.462,0.123,18284,10685,14417,0.01407962,0,0,0.0667,0.1225,0.2314,0.0412,0.01253,0.10982,0.11088,-0.00655,0.26613,1.11063
1835,1191.1,19756017,1251793,0.432,0.122,19341,10729,14455,0.01407641,0,0,0.0623,0.1068,0.2264,0.0368,0.0125,0.1095,0.11782,-0.01076,0.28865,1.11857
1836,1191.8,19766723,1252505,0.557,0.12,15832,10706,14445,0.01407319,0,0,0.0774,0.1405,0.2582,0.0804,0.01187,0.10743,0.10642,-0.00693,0.25873,1.13744
1837,1192.4,19777459,1253191,0.466,0.118,18382,10736,14490,0.01406998,0,0,0.0662,0.1219,0.229,0.0487,0.01083,0.10717,0.11314,-0.00662,0.27096,1.11747
1838,1192.9,19788182,1253883,0.42,0.118,19945,10723,14467,0.01406676,0,0,0.0618,0.1088,0.2135,0.0356,0.01098,0.10653,0.11373,-0.00826,0.27605,1.14015
1839,1193.5,19798898,1254580,0.42,0.119,19899,10716,14449,0.01406355,0,0,0.0604,0.1031,0.2219,0.0346,0.01137,0.10683,0.11796,-0.0078,0.28306,1.12104
1840,1194.0,19809598,1255262,0.431,0.121,19391,10700,14445,0.01406033,0,0,0.0585,0.095,0.2127,0.0647,0.01007,0.11067,0.11467,-0.00888,0.27905,1.13569
1841,1194.6,19820350,1255955,0.429,0.123,19474,10752,14495,0.01405712,0,0,0.0632,0.1073,0.2293,0.0297,0.01157,0.11072,0.11779,-0.00878,0.2853,1.14401
1842,1195.2,19831070,1256642,0.492,0.121,17488,10720,14462,0.0140539,0,0,0.0687,0.1254,0.2419,0.0556,0.01122,0.10985,0.10269,-0.01031,0.25902,1.1747
1843,1195.8,19841827,1257337,0.502,0.121,17248,10757,14489,0.01405068,0,0,0.0662,0.1294,0.2312,0.0754,0.0115,0.10959,0.1186,-0.01021,0.28978,1.14422
1844,1196.4,19852607,1258021,0.448,0.12,18982,10780,14515,0.01404745,0,0,0.0599,0.0976,0.2208,0.0695,0.0104,0.10896,0.1063,-0.00691,0.25947,1.17639
1845,1197.0,19863399,1258684,0.458,0.121,18641,10792,14524,0.01404422,0,0,0.0656,0.1141,0.2292,0.0492,0.01124,0.10921,0.11707,-0.00827,0.28448,1.203
1846,1197.5,19874147,1259366,0.41,0.122,20213,10748,14478,0.01404098,0,0,0.0605,0.1001,0.2116,0.0376,0.01142,0.11008,0.11053,-0.00803,0.27024,1.17888
1847,1198.0,19884891,1260035,0.402,0.12,20578,10744,14459,0.01403776,0,0,0.058,0.0964,0.2109,0.0366,0.01096,0.10902,0.1299,-0.00926,0.3105,1.14632
1848,1198.5,19895625,1260716,0.407,0.121,20323,10734,14467,0.01403453,0,0,0.0571,0.0922,0.2112,0.047,0.01158,0.10888,0.10989,-0.01005,0.27323,1.1878
1849,1199.1,19906358,1261399,0.422,0.121,19794,10733,14478,0.01403131,0,0,0.0601,0.1009,0.2137,0.0468,0.01094,0.1095,0.1163,-0.00971,0.28487,1.17082
1850,1199.6,19917075,1262074,0.433,0.122,19290,10717,14455,0.01402809,0,0,0.0628,0.1033,0.2295,0.0378,0.01199,0.1098,0.10719,-0.01129,0.27049,1.19529
1851,1200.2,19927831,1262754,0.428,0.12,19604,10756,14493,0.01402488,0,0,0.0621,0.1071,0.2209,0.0382,0.01097,0.10914,0.10131,-0.00957,0.25587,1.21628
1852,1200.8,19938587,1263440,0.493,0.122,17498,10756,14494,0.01402165,0,0,0.0648,0.1188,0.2361,0.0729,0.01135,0.11044,0.12461,-0.00889,0.30032,1.18824
1853,1201.4,19949331,1264130,0.464,0.124,18281,10744,14475,0.01401842,0,0,0.0676,0.1214,0.2292,0.0455,0.01264,0.11037,0.11838,-0.00845,0.28617,1.15931
1854,1202.1,19960082,1264816,0.501,0.126,17152,10751,14449,0.0140152,0,0,0.0758,0.137,0.2371,0.0513,0.01308,0.11187,0.10837,-0.00959,0.26794,1.1427
1855,1202.7,19970822,1265499,0.497,0.122,17367,10740,14435,0.01401198,0,0,0.0767,0.1449,0.2389,0.0364,0.01139,0.10978,0.10242,-0.00925,0.25457,1.11477
1856,1203.3,19981550,1266211,0.471,0.122,18086,10728,14450,0.01400875,0,0,0.0676,0.118,0.234,0.0511,0.01216,0.10995,0.10892,-0.00885,0.2671,1.1268
1857,1203.9,19992286,1266888,0.413,0.122,20093,10736,14471,0.01400553,0,0,0.0615,0.0988,0.2222,0.0303,0.01103,0.11018,0.0974,-0.00958,0.24631,1.15493
1858,1204.4,20003039,1267583,0.406,0.12,20440,10753,14474,0.01400231,0,0,0.0601,0.0986,0.2148,0.0322,0.01055,0.10949,0.10725,-0.00782,0.26222,1.14557
1859,1204.9,20013793,1268251,0.404,0.121,20496,10754,14473,0.01399909,0,0,0.0602,0.1,0.2163,0.0275,0.01051,0.10989,0.10665,-0.00821,0.26239,1.167
1860,1205.4,20024558,1268931,0.401,0.123,20533,10765,14476,0.01399586,0,0,0.0585,0.0978,0.2147,0.0304,0.01151,0.11111,0.11272,-0.00884,0.27582,1.16843
1861,1206.0,20035317,1269625,0.409,0.123,20228,10759,14479,0.01399263,0,0,0.0581,0.0983,0.2144,0.0379,0.01173,0.11107,0.11262,-0.00853,0.2745,1.15044
1862,1206.5,20046061,1270308,0.382,0.125,21190,10744,14465,0.0139894,0,0,0.0562,0.0896,0.2063,0.0302,0.01045,0.11402,0.11891,-0.01049,0.29096,1.14955
1863,1207.0,20056794,1270994,0.438,0.124,19104,10733,14481,0.01398618,0,0,0.063,0.1146,0.2323,0.0279,0.01113,0.11256,0.12342,-0.00871,0.29747,1.18715
1864,1207.6,20067513,1271661,0.403,0.122,20426,10719,14432,0.01398296,0,0,0.058,0.0968,0.2144,0.0336,0.01113,0.11051,0.10558,-0.00879,0.26052,1.13649
1865,1208.1,20078223,1272336,0.398,0.12,20670,10710,14447,0.01397975,0,0,0.0552,0.0905,0.2064,0.0458,0.01107,0.10867,0.11915,-0.00887,0.28845,1.15908
1866,1208.6,20088968,1273025,0.369,0.122,21896,10745,14468,0.01397653,0,0,0.0521,0.0847,0.2039,0.0282,0.0108,0.11071,0.10281,-0.01006,0.25883,1.18365
1867,1209.1,20099727,1273697,0.416,0.122,20003,10759,14480,0.01397331,0,0,0.0603,0.1009,0.2241,0.031,0.01171,0.10953,0.11558,-0.0098,0.28377,1.18067
1868,1209.7,20110460,1274371,0.447,0.123,18815,10733,14470,0.01397008,0,0,0.065,0.1118,0.2297,0.0407,0.01142,0.1115,0.12638,-0.01027,0.30605,1.172
1869,1210.3,20121200,1275043,0.461,0.118,18547,10740,14469,0.01396686,0,0,0.0654,0.1225,0.2297,0.0433,0.01085,0.10697,0.11611,-0.00954,0.2841,1.17453
1870,1210.8,20131938,1275717,0.443,0.125,18922,10738,14491,0.01396364,0,0,0.0629,0.112,0.2239,0.0438,0.01168,0.11276,0.10141,-0.00973,0.25551,1.18999
1871,1211.5,20142696,1276382,0.505,0.121,17197,10758,14473,0.01396042,0,0,0.0743,0.136,0.2513,0.0434,0.01221,0.10799,0.11212,-0.00848,0.27422,1.18286
1872,1212.0,20153423,1277069,0.438,0.12,19222,10727,14446,0.01395719,0,0,0.0637,0.1125,0.2289,0.0327,0.01138,0.10862,0.11728,-0.0087,0.28477,1.17503
1873,1212.5,20164111,1277743,0.419,0.119,19853,10688,14442,0.01395397,0,0,0.0594,0.0995,0.2142,0.0462,0.01096,0.10772,0.10561,-0.00984,0.2638,1.17845
1874,1213.1,20174830,1278439,0.39,0.117,21139,10719,14427,0.01395077,0,0,0.0573,0.095,0.2076,0.03,0.0108,0.10609,0.10623,-0.0098,0.26436,1.1578
1875,1213.5,20185546,1279113,0.364,0.118,22217,10716,14436,0.01394755,0,0,0.0534,0.0886,0.1953,0.0268,0.01126,0.10659,0.10448,-0.01001,0.2618,1.17706
1876,1214.1,20196292,1279802,0.397,0.118,20876,10746,14471,0.01394434,0,0,0.0567,0.0957,0.2138,0.031,0.01127,0.10598,0.11069,-0.00923,0.27141,1.13208
1877,1214.6,20207014,1280487,0.426,0.12,19635,10722,14460,0.01394111,0,0,0.0602,0.0986,0.2084,0.0587,0.01135,0.10849,0.10271,-0.00854,0.25505,1.16725
1878,1215.1,20217699,1281170,0.403,0.119,20465,10685,14429,0.0139379,0,0,0.0612,0.0976,0.2136,0.0309,0.01086,0.10779,0.11609,-0.00784,0.2801,1.15646
1879,1215.6,20228390,1281864,0.384,0.118,21285,10691,14392,0.01393469,0,0,0.0549,0.091,0.2077,0.0303,0.01122,0.10676,0.1239,-0.00731,0.2942,1.14007
1880,1216.1,20239080,1282544,0.403,0.117,20558,10690,14394,0.01393148,0,0,0.0607,0.0981,0.2141,0.0303,0.01075,0.10574,0.10408,-0.0101,0.26074,1.16229
1881,1216.7,20249793,1283234,0.388,0.118,21156,10713,14427,0.01392828,0,0,0.055,0.0883,0.2031,0.0415,0.0109,0.10728,0.11039,-0.01131,0.27608,1.17328
1882,1217.1,20260472,1283917,0.362,0.117,22298,10679,14444,0.01392506,0,0,0.053,0.0842,0.1953,0.0296,0.01063,0.10584,0.11397,-0.0081,0.27652,1.16329
1883,1217.6,20271189,1284600,0.366,0.118,22175,10717,14414,0.01392186,0,0,0.0531,0.0869,0.2,0.0256,0.01098,0.10642,0.11534,-0.01038,0.28371,1.15928
1884,1218.1,20281907,1285275,0.368,0.117,22092,10718,14418,0.01391864,0,0,0.0544,0.0878,0.1963,0.0294,0.01124,0.10579,0.11659,-0.0095,0.2843,1.1537
1885,1218.6,20292569,1285963,0.402,0.118,20496,10662,14403,0.01391543,0,0,0.0604,0.0987,0.216,0.0273,0.01114,0.10628,0.112,-0.0094,0.27376,1.11228
1886,1219.2,20303235,1286659,0.423,0.117,19743,10666,14400,0.01391223,0,0,0.0585,0.0963,0.2134,0.0552,0.01095,0.10557,0.1112,-0.00811,0.27026,1.13735
1887,1219.6,20313938,1287345,0.346,0.117,23106,10703,14418,0.01390903,0,0,0.049,0.0819,0.1888,0.0264,0.01071,0.10612,0.11263,-0.01027,0.27699,1.12123
1888,1220.1,20324602,1288037,0.366,0.115,22155,10664,14380,0.01390582,0,0,0.0504,0.0846,0.2021,0.0291,0.01081,0.10399,0.1117,-0.00826,0.27174,1.1443
1889,1220.6,20335278,1288728,0.347,0.115,23131,10676,14403,0.01390262,0,0,0.0489,0.0814,0.1921,0.0241,0.01064,0.10395,0.10668,-0.00938,0.26386,1.14147
1890,1221.0,20345954,1289417,0.344,0.114,23269,10676,14426,0.01389942,0,0,0.0488,0.0799,0.1889,0.0268,0.01091,0.10326,0.10847,-0.0087,0.26618,1.14522
1891,1221.5,20356692,1290112,0.366,0.116,22309,10738,14470,0.01389621,0,0,0.0529,0.0865,0.1956,0.0308,0.0112,0.10409,0.10863,-0.01005,0.26871,1.12822
1892,1222.0,20367418,1290797,0.39,0.116,21194,10726,14434,0.01389299,0,0,0.0559,0.0923,0.209,0.0331,0.01178,0.10367,0.10174,-0.00823,0.25154,1.13759
1893,1222.5,20378111,1291485,0.373,0.116,21908,10693,14418,0.01388977,0,0,0.055,0.0869,0.2049,0.0257,0.01116,0.10411,0.09983,-0.01026,0.25303,1.18194
1894,1223.0,20388767,1292165,0.343,0.115,23262,10656,14383,0.01388657,0,0,0.047,0.0791,0.1917,0.0251,0.01084,0.10408,0.09976,-0.01,0.25145,1.14977
1895,1223.4,20399460,1292853,0.352,0.116,22887,10693,14416,0.01388337,0,0,0.0509,0.0822,0.1913,0.0271,0.01101,0.10426,0.09895,-0.00937,0.24898,1.16502
1896,1223.9,20410173,1293556,0.377,0.115,21775,10713,14445,0.01388016,0,0,0.0519,0.0873,0.1932,0.0445,0.01056,0.10408,0.10473,-0.00945,0.26029,1.15064
1897,1224.4,20420873,1294223,0.345,0.114,23339,10700,14435,0.01387695,0,0,0.0483,0.08,0.192,0.0246,0.01025,0.10302,0.09558,-0.01018,0.24492,1.20339
1898,1224.9,20431626,1294923,0.379,0.118,21607,10753,14459,0.01387374,0,0,0.0557,0.0913,0.204,0.0284,0.01134,0.10662,0.09802,-0.01179,0.2523,1.17787
1899,1225.4,20442341,1295608,0.389,0.113,21324,10715,14463,0.01387051,0,0,0.0575,0.0964,0.2081,0.0273,0.00967,0.10328,0.10678,-0.00754,0.2612,1.17388
1900,1225.9,20453060,1296292,0.37,0.117,21987,10719,14446,0.0138673,0,0,0.0549,0.0878,0.2019,0.0259,0.01071,0.10609,0.09851,-0.01106,0.2522,1.19229
1901,1226.4,20463792,1296967,0.379,0.119,21568,10732,14496,0.01386408,0,0,0.0546,0.0904,0.1985,0.0352,0.01098,0.10736,0.09898,-0.00922,0.24925,1.18469
1902,1226.9,20474540,1297666,0.387,0.119,21244,10748,14491,0.01386086,0,0,0.0571,0.0925,0.2083,0.0289,0.01088,0.10795,0.1,-0.0092,0.25078,1.16826
1903,1227.4,20485227,1298360,0.362,0.118,22271,10687,14421,0.01385764,0,0,0.0521,0.0848,0.1978,0.0276,0.01109,0.10607,0.10693,-0.01094,0.26684,1.12222
1904,1227.9,20495953,1299040,0.389,0.119,21107,10726,14433,0.01385443,0,0,0.0568,0.0926,0.2109,0.029,0.01149,0.10707,0.10476,-0.00969,0.26003,1.12337
1905,1228.5,20506685,1299736,0.459,0.117,18620,10732,14473,0.01385121,0,0,0.0692,0.1224,0.2307,0.0367,0.01099,0.10607,0.10233,-0.00861,0.25283,1.1165
1906,1229.0,20517383,1300410,0.382,0.117,21418,10698,14410,0.01384799,0,0,0.0574,0.0922,0.2031,0.0293,0.01119,0.10579,0.10012,-0.00738,0.24522,1.09078
1907,1229.4,20528102,1301098,0.358,0.122,22341,10719,14480,0.01384479,0,0,0.0504,0.0851,0.197,0.0258,0.01102,0.11018,0.084,-0.00692,0.21344,1.14104
1908,1229.9,20538850,1301797,0.367,0.118,22196,10748,14489,0.01384157,0,0,0.0528,0.0858,0.2001,0.0279,0.01123,0.10616,0.10185,-0.00751,0.24994,1.12806
1909,1230.4,20549568,1302484,0.364,0.118,22234,10718,14440,0.01383835,0,0,0.0503,0.0861,0.2008,0.0266,0.01075,0.10727,0.10637,-0.00827,0.25946,1.09026
1910,1230.9,20560304,1303143,0.406,0.118,20503,10736,14485,0.01383513,0,0,0.0566,0.0933,0.2068,0.0491,0.01139,0.10621,0.10199,-0.00805,0.2518,1.14687
1911,1231.4,20571015,1303817,0.398,0.119,20733,10711,14455,0.01383191,0,0,0.057,0.0969,0.216,0.0278,0.01076,0.10776,0.1061,-0.00916,0.26222,1.14559
1912,1231.9,20581747,1304509,0.381,0.121,21380,10732,14472,0.0138287,0,0,0.0558,0.0925,0.2019,0.0312,0.01087,0.10934,0.10324,-0.0081,0.25428,1.14264
1913,1232.5,20592443,1305172,0.401,0.119,20562,10696,14436,0.01382548,0,0,0.0577,0.1006,0.2164,0.0263,0.01059,0.10837,0.09354,-0.00814,0.23416,1.11383
1914,1233.0,20603208,1305856,0.391,0.117,21177,10765,14534,0.01382227,0,0,0.0551,0.0901,0.1998,0.0461,0.01083,0.10609,0.09828,-0.00814,0.24532,1.17467
1915,1233.5,20613986,1306506,0.38,0.117,21683,10778,14504,0.01381904,0,0,0.0549,0.0899,0.2085,0.0267,0.01089,0.10586,0.09952,-0.00992,0.25049,1.14401
1916,1233.9,20624734,1307193,0.353,0.118,22818,10748,14510,0.0138158,0,0,0.0514,0.0847,0.1895,0.0278,0.01123,0.1061,0.10355,-0.0073,0.25269,1.1215
1917,1234.4,20635488,1307870,0.347,0.117,23160,10754,14488,0.01381258,0,0,0.0485,0.0821,0.1921,0.0244,0.01067,0.10634,0.09277,-0.00988,0.23598,1.11056
1918,1234.9,20646236,1308559,0.35,0.118,22972,10748,14477,0.01380935,0,0,0.0494,0.082,0.192,0.0267,0.01157,0.10592,0.10014,-0.00772,0.24612,1.10072
1919,1235.4,20656955,1309242,0.357,0.121,22435,10719,14459,0.01380613,0,0,0.0486,0.0817,0.1935,0.0335,0.01106,0.1092,0.09628,-0.00878,0.24054,1.10135
1920,1235.9,20667670,1309918,0.378,0.118,21599,10715,14459,0.01380291,0,0,0.0538,0.0894,0.2068,0.0277,0.01075,0.10732,0.11016,-0.00687,0.26435,1.09738
1921,1236.3,20678371,1310594,0.359,0.118,22455,10701,14433,0.0137997,0,0,0.0499,0.0833,0.1976,0.0281,0.01073,0.10664,0.09499,-0.00744,0.23614,1.13372
1922,1236.8,20689073,1311266,0.361,0.119,22311,10702,14422,0.01379649,0,0,0.0508,0.0847,0.1993,0.0261,0.01132,0.10712,0.10173,-0.00875,0.25158,1.11014
1923,1237.3,20699825,1311943,0.354,0.118,22765,10752,14512,0.01379328,0,0,0.0504,0.0844,0.1915,0.0277,0.01178,0.10627,0.09226,-0.00826,0.23277,1.14992
1924,1237.8,20710592,1312626,0.383,0.12,21401,10767,14515,0.01379005,0,0,0.0504,0.086,0.1988,0.0474,0.01106,0.10913,0.09905,-0.00851,0.24733,1.16804
1925,1238.2,20721301,1313290,0.338,0.117,23555,10709,14443,0.01378682,0,0,0.0472,0.0806,0.1845,0.0256,0.0108,0.10561,0.10135,-0.00942,0.2531,1.1448
1926,1238.7,20732083,1313953,0.357,0.12,22609,10782,14506,0.01378361,0,0,0.0489,0.0837,0.1962,0.028,0.01182,0.10804,0.09661,-0.00627,0.23784,1.16399
1927,1239.2,20742841,1314635,0.381,0.117,21569,10758,14502,0.01378038,0,0,0.0563,0.0917,0.2067,0.0266,0.01103,0.1061,0.10443,-0.00888,0.25976,1.20327
1928,1239.7,20753580,1315285,0.387,0.118,21264,10739,14443,0.01377715,0,0,0.0568,0.095,0.2048,0.03,0.01113,0.10706,0.09799,-0.00909,0.24648,1.17279
1929,1240.2,20764312,1315966,0.368,0.118,22120,10732,14460,0.01377393,0,0,0.0525,0.0871,0.1997,0.0282,0.0113,0.10609,0.09868,-0.00833,0.24629,1.17127
1930,1240.7,20775039,1316635,0.363,0.118,22279,10727,14462,0.01377071,0,0,0.0499,0.0835,0.19,0.0398,0.0108,0.10709,0.09989,-0.00904,0.25069,1.19245
1931,1241.2,20785783,1317305,0.383,0.118,21468,10744,14447,0.01376749,0,0,0.0551,0.0908,0.207,0.0301,0.01074,0.1065,0.08305,-0.00823,0.21535,1.19057
1932,1241.7,20796533,1317982,0.353,0.119,22781,10750,14483,0.01376427,0,0,0.0505,0.0845,0.1917,0.0267,0.01132,0.10687,0.08859,-0.01021,0.22986,1.17191
1933,1242.1,20807217,1318654,0.358,0.118,22438,10684,14404,0.01376104,0,0,0.051,0.0854,0.193,0.0284,0.01128,0.10681,0.10054,-0.00826,0.25002,1.17834
1934,1242.7,20817931,1319337,0.448,0.118,18906,10714,14450,0.01375783,0,0,0.0595,0.1052,0.2204,0.0633,0.01102,0.10687,0.08962,-0.00912,0.23046,1.19793
1935,1243.2,20828664,1320008,0.381,0.119,21479,10733,14473,0.01375462,0,0,0.0558,0.0979,0.1966,0.0302,0.01124,0.10764,0.10233,-0.00817,0.25392,1.19656
1936,1243.7,20839366,1320690,0.392,0.117,21042,10702,14453,0.0137514,0,0,0.0571,0.0965,0.2098,0.0283,0.01027,0.10636,0.09861,-0.0099,0.2499,1.19525
1937,1244.2,20850035,1321365,0.385,0.119,21174,10669,14405,0.01374819,0,0,0.0564,0.0929,0.2062,0.0298,0.01115,0.10713,0.10073,-0.01042,0.25426,1.16197
1938,1244.7,20860714,1322046,0.39,0.117,21047,10679,14399,0.01374499,0,0,0.0567,0.0953,0.2102,0.0282,0.01086,0.10583,0.10188,-0.01009,0.25684,1.19695
1939,1245.2,20871433,1322725,0.376,0.12,21604,10719,14465,0.01374179,0,0,0.0535,0.0878,0.1997,0.0355,0.01106,0.10839,0.10458,-0.00882,0.26043,1.22345
1940,1245.7,20882112,1323414,0.352,0.118,22711,10679,14417,0.01373857,0,0,0.0498,0.0831,0.1923,0.0269,0.01139,0.10644,0.09921,-0.00838,0.24734,1.17063
1941,1246.2,20892885,1324079,0.355,0.117,22844,10773,14526,0.01373537,0,0,0.049,0.0831,0.1936,0.0293,0.0111,0.10523,0.09692,-0.00974,0.24636,1.20311
1942,1246.6,20903622,1324749,0.353,0.117,22827,10737,14435,0.01373213,0,0,0.0505,0.0829,0.191,0.029,0.0112,0.10545,0.10121,-0.00739,0.24923,1.16663
1943,1247.1,20914364,1325443,0.396,0.119,20849,10742,14467,0.01372891,0,0,0.0577,0.0967,0.2172,0.0249,0.01091,0.10754,0.10923,-0.00869,0.26781,1.16445
1944,1247.7,20925099,1326126,0.393,0.117,21051,10735,14458,0.01372569,0,0,0.0509,0.0836,0.1947,0.0642,0.01079,0.10538,0.09423,-0.00912,0.23903,1.17755
1945,1248.2,20935826,1326795,0.402,0.121,20508,10727,14444,0.01372247,0,0,0.0598,0.1,0.2138,0.0288,0.0116,0.1087,0.09472,-0.0098,0.24077,1.15607
1946,1248.7,20946516,1327479,0.402,0.123,20342,10690,14436,0.01371925,0,0,0.0569,0.098,0.2134,0.0337,0.01213,0.11097,0.09798,-0.01018,0.24864,1.17813
1947,1249.2,20957251,1328153,0.369,0.119,21965,10735,14454,0.01371605,0,0,0.0526,0.0884,0.2016,0.0266,0.01067,0.10852,0.10445,-0.00921,0.2589,1.15079
1948,1249.7,20967968,1328837,0.359,0.12,22393,10717,14441,0.01371282,0,0,0.0509,0.0838,0.1947,0.0296,0.01084,0.10845,0.11032,-0.01015,0.2726,1.15442
1949,1250.2,20978670,1329517,0.386,0.12,21163,10702,14408,0.01370961,0,0,0.0562,0.0913,0.2008,0.0376,0.01081,0.10877,0.10622,-0.00976,0.26324,1.14068
1950,1250.7,20989355,1330193,0.38,0.12,21363,10685,14416,0.0137064,0,0,0.0559,0.0919,0.2042,0.0283,0.01097,0.10863,0.1134,-0.01072,0.27991,1.15484
1951,1251.2,21000038,1330879,0.377,0.118,21584,10683,14460,0.01370319,0,0,0.0549,0.09,0.2049,0.027,0.01134,0.10638,0.10602,-0.01041,0.26475,1.16372
1952,1251.7,21010768,1331567,0.376,0.117,21741,10730,14426,0.01369999,0,0,0.0559,0.0901,0.2015,0.0285,0.01069,0.10653,0.11007,-0.01075,0.27224,1.11717
1953,1252.2,21021441,1332250,0.375,0.118,21677,10673,14347,0.01369677,0,0,0.0548,0.0884,0.2043,0.0271,0.01106,0.10647,0.10547,-0.00704,0.25579,1.12385
1954,1252.7,21032109,1332934,0.417,0.118,19931,10668,14392,0.01369357,0,0,0.0554,0.0917,0.2109,0.0588,0.01132,0.10672,0.10146,-0.00979,0.25451,1.16914
1955,1253.2,21042842,1333621,0.381,0.119,21466,10733,14428,0.01369037,0,0,0.0551,0.0928,0.2044,0.0284,0.01181,0.10719,0.10434,-0.0104,0.26045,1.13075
1956,1253.8,21053579,1334294,0.411,0.118,20295,10737,14445,0.01368715,0,0,0.061,0.1016,0.2184,0.0296,0.01131,0.10678,0.09917,-0.0104,0.25108,1.16715
1957,1254.2,21064307,1334959,0.372,0.117,21963,10728,14433,0.01368393,0,0,0.0545,0.0901,0.2001,0.0272,0.01058,0.1056,0.09635,-0.00928,0.24279,1.15207
1958,1254.8,21075010,1335635,0.405,0.119,20407,10703,14423,0.01368071,0,0,0.0561,0.0903,0.2008,0.0582,0.01199,0.10678,0.1082,-0.00801,0.26337,1.13136
1959,1255.3,21085753,1336322,0.392,0.117,21093,10743,14427,0.0136775,0,0,0.0575,0.0931,0.2142,0.027,0.0107,0.10651,0.111,-0.00824,0.26871,1.10452
1960,1255.8,21096529,1336996,0.383,0.118,21498,10776,14511,0.01367427,0,0,0.0571,0.091,0.2067,0.0282,0.01117,0.10679,0.10397,-0.00893,0.25774,1.16777
1961,1256.3,21107333,1337671,0.376,0.118,21889,10804,14518,0.01367104,0,0,0.0554,0.0908,0.2023,0.0273,0.01102,0.10652,0.08971,-0.00969,0.23142,1.19307
1962,1256.8,21118092,1338360,0.411,0.118,20331,10759,14458,0.0136678,0,0,0.057,0.094,0.2127,0.0477,0.01108,0.10647,0.08768,-0.00948,0.22574,1.14948
1963,1257.3,21128855,1339036,0.375,0.118,21815,10763,14457,0.01366457,0,0,0.0549,0.0895,0.2026,0.0279,0.01054,0.10743,0.09858,-0.00706,0.24298,1.15956
1964,1257.8,21139678,1339726,0.388,0.117,21432,10823,14529,0.01366134,0,0,0.0563,0.0894,0.2139,0.0279,0.01077,0.10633,0.11083,-0.00942,0.27169,1.14094
1965,1258.3,21150459,1340405,0.388,0.121,21157,10781,14512,0.0136581,0,0,0.0574,0.0934,0.2104,0.027,0.01136,0.10976,0.11811,-0.00828,0.28362,1.12887
1966,1258.8,21161239,1341076,0.39,0.122,21024,10780,14487,0.01365486,0,0,0.0563,0.0934,0.2081,0.0325,0.01206,0.11012,0.10156,-0.00709,0.24954,1.18111
1967,1259.3,21172027,1341751,0.376,0.12,21717,10788,14473,0.01365163,0,0,0.055,0.0909,0.2033,0.0271,0.01122,0.10886,0.10023,-0.00912,0.24996,1.14486
1968,1259.8,21182843,1342433,0.383,0.121,21452,10816,14529,0.01364839,0,0,0.0569,0.091,0.2056,0.03,0.01154,0.10873,0.10872,-0.00821,0.26541,1.15537
1969,1260.3,21193612,1343117,0.381,0.121,21428,10769,14488,0.01364515,0,0,0.0576,0.0937,0.2029,0.0271,0.01118,0.10986,0.10103,-0.00818,0.24949,1.13814
1970,1260.8,21204397,1343805,0.379,0.122,21547,10785,14495,0.01364192,0,0,0.0553,0.0914,0.2009,0.031,0.01114,0.11054,0.12561,-0.00802,0.29813,1.13151
1971,1261.3,21215167,1344484,0.397,0.12,20823,10770,14470,0.01363868,0,0,0.0554,0.0916,0.2047,0.0452,0.01042,0.10932,0.09818,-0.00936,0.24593,1.13042
1972,1261.8,21225944,1345165,0.379,0.124,21409,10777,14455,0.01363545,0,0,0.0551,0.09,0.2048,0.0296,0.01073,0.11297,0.09904,-0.00958,0.24813,1.13275
1973,1262.4,21236735,1345859,0.385,0.124,21172,10791,14483,0.01363222,0,0,0.0574,0.0931,0.2061,0.0286,0.01197,0.11214,0.10248,-0.01023,0.25729,1.169
1974,1262.9,21247502,1346530,0.429,0.124,19474,10767,14485,0.01362898,0,0,0.0616,0.1043,0.2326,0.0302,0.01101,0.11282,0.10047,-0.00998,0.25267,1.16501
1975,1263.4,21258271,1347203,0.411,0.122,20193,10769,14481,0.01362575,0,0,0.0568,0.0976,0.2142,0.0423,0.01115,0.11094,0.09567,-0.00929,0.24222,1.18507
1976,1264.0,21269021,1347897,0.407,0.126,20165,10750,14467,0.01362252,0,0,0.0584,0.0974,0.217,0.0341,0.01149,0.11429,0.09944,-0.00923,0.24955,1.18221
1977,1264.5,21279804,1348572,0.404,0.123,20474,10783,14496,0.01361929,0,0,0.0586,0.0982,0.2191,0.0276,0.01049,0.11213,0.10867,-0.01035,0.26975,1.16412
1978,1265.0,21290572,1349269,0.396,0.123,20741,10768,14476,0.01361606,0,0,0.0567,0.0963,0.2142,0.0289,0.01107,0.11169,0.10957,-0.00859,0.26881,1.19353
1979,1265.6,21301319,1349944,0.427,0.124,19530,10747,14475,0.01361283,0,0,0.0605,0.1018,0.2184,0.0459,0.01105,0.11232,0.08592,-0.01069,0.22502,1.16783
1980,1266.1,21312058,1350651,0.396,0.122,20742,10739,14446,0.0136096,0,0,0.0575,0.0944,0.2147,0.0292,0.01081,0.11088,0.09762,-0.00853,0.2432,1.13471
1981,1266.6,21322809,1351335,0.398,0.123,20644,10751,14480,0.01360638,0,0,0.0587,0.0972,0.213,0.0293,0.01156,0.11084,0.10989,-0.01048,0.27134,1.12403
1982,1267.1,21333576,1352036,0.389,0.122,21070,10767,14467,0.01360316,0,0,0.0586,0.0948,0.2063,0.0296,0.01086,0.11063,0.10003,-0.00909,0.24831,1.10565
1983,1267.6,21344312,1352723,0.392,0.122,20898,10736,14445,0.01359993,0,0,0.056,0.091,0.2061,0.0386,0.01091,0.11083,0.10751,-0.00832,0.26191,1.11207
1984,1268.2,21354987,1353419,0.39,0.122,20839,10675,14375,0.01359671,0,0,0.0555,0.0919,0.2081,0.0346,0.01084,0.11104,0.10007,-0.00908,0.24868,1.11729
1985,1268.7,21365730,1354109,0.394,0.122,20830,10743,14428,0.0135935,0,0,0.0572,0.0978,0.2123,0.0266,0.01041,0.11115,0.09023,-0.0095,0.2299,1.11931
1986,1269.3,21376448,1354815,0.491,0.124,17425,10718,14440,0.01359028,0,0,0.0629,0.1166,0.217,0.0947,0.01172,0.11169,0.09859,-0.00909,0.2455,1.10912
1987,1269.9,21387151,1355500,0.521,0.123,16604,10703,14427,0.01358707,0,0,0.0629,0.1194,0.2187,0.1204,0.01121,0.11175,0.09318,-0.01024,0.23751,1.12862
1988,1270.6,21397910,1356186,0.545,0.124,16088,10759,14446,0.01358385,0,0,0.0579,0.1236,0.2133,0.1498,0.01142,0.11242,0.10419,-0.01022,0.25932,1.12263
1989,1271.1,21408636,1356870,0.396,0.125,20587,10726,14424,0.01358063,0,0,0.058,0.0945,0.2109,0.0331,0.01169,0.11226,0.1053,-0.0088,0.25869,1.12251
1990,1271.6,21419372,1357580,0.401,0.123,20490,10736,14440,0.01357741,0,0,0.0564,0.096,0.2082,0.04,0.01087,0.11217,0.09191,-0.00728,0.22824,1.09985
1991,1272.2,21430143,1358259,0.397,0.124,20687,10771,14446,0.01357419,0,0,0.057,0.0966,0.2103,0.0332,0.01088,0.11238,0.10718,-0.00877,0.26178,1.10041
1992,1272.7,21440932,1358937,0.412,0.125,20113,10789,14495,0.01357096,0,0,0.0571,0.0971,0.2099,0.0475,0.01123,0.11324,0.10442,-0.00939,0.25826,1.1295
1993,1273.2,21451687,1359622,0.401,0.124,20511,10755,14464,0.01356772,0,0,0.059,0.0973,0.2172,0.0271,0.01107,0.11236,0.09778,-0.00866,0.24319,1.11658
1994,1273.7,21462442,1360302,0.394,0.124,20763,10755,14433,0.01356449,0,0,0.0569,0.0946,0.2123,0.0301,0.01108,0.11259,0.10057,-0.00943,0.2503,1.11657
1995,1274.3,21473115,1360990,0.401,0.123,20403,10673,14397,0.01356127,0,0,0.0568,0.0945,0.2084,0.0408,0.01091,0.11136,0.10752,-0.008,0.26038,1.08192
1996,1274.8,21483837,1361653,0.399,0.123,20546,10722,14414,0.01355807,0,0,0.0583,0.0961,0.2136,0.0314,0.01068,0.11159,0.11087,-0.01087,0.27417,1.13228
1997,1275.3,21494588,1362334,0.398,0.123,20647,10751,14470,0.01355485,0,0,0.0561,0.0973,0.2163,0.0281,0.01188,0.1107,0.11339,-0.01165,0.28016,1.10969
1998,1275.8,21505320,1363025,0.388,0.122,21015,10732,14411,0.01355162,0,0,0.057,0.0954,0.2067,0.0291,0.01102,0.11101,0.10797,-0.00943,0.26518,1.12073
1999,1276.3,21516040,1363712,0.396,0.122,20693,10720,14429,0.0135484,0,0,0.0566,0.0941,0.2041,0.041,0.0114,0.11061,0.10957,-0.01067,0.2711,1.1299
2000,1276.8,21526787,1364376,0.387,0.122,21093,10747,14449,0.01354519,0,0,0.0563,0.0931,0.2091,0.029,0.01101,0.11071,0.09946,-0.00978,0.24996,1.16217
2001,1277.6,21537572,1365057,0.391,0.123,20985,10785,14454,0.01354196,0,0,0.0568,0.0923,0.21,0.0323,0.01084,0.11144,0.10609,-0.00988,0.26133,1.08534
2002,1278.1,21548335,1365726,0.379,0.123,21460,10763,14397,0.01353873,0,0,0.0542,0.0908,0.2039,0.0301,0.01157,0.11066,0.11269,-0.0101,0.27446,1.06712
2003,1278.7,21559123,1366391,0.4,0.122,20647,10788,14428,0.0135355,0,0,0.0565,0.0946,0.2049,0.0442,0.01102,0.11102,0.10075,-0.01188,0.2548,1.09094
2004,1279.2,21569871,1367063,0.399,0.122,20630,10748,14401,0.01353226,0,0,0.0577,0.0969,0.2123,0.0319,0.01096,0.11082,0.11256,-0.00962,0.27434,1.10752
2005,1279.7,21580602,1367753,0.36,0.123,22238,10731,14393,0.01352904,0,0,0.0505,0.0844,0.191,0.0337,0.01102,0.1116,0.10721,-0.00845,0.26028,1.06994
2006,1280.2,21591319,1368414,0.398,0.126,20465,10717,14365,0.01352582,0,0,0.0558,0.0955,0.2117,0.0348,0.01114,0.11434,0.11212,-0.00935,0.27242,1.08925
2007,1280.7,21602054,1369098,0.401,0.123,20497,10735,14384,0.0135226,0,0,0.0507,0.0896,0.2056,0.055,0.0106,0.11186,0.11029,-0.0088,0.26765,1.08966
2008,1281.2,21612789,1369774,0.398,0.122,20651,10735,14401,0.01351938,0,0,0.0534,0.1094,0.203,0.0317,0.01048,0.11154,0.11482,-0.01091,0.28155,1.11291
2009,1281.7,21623501,1370444,0.382,0.124,21162,10712,14368,0.01351616,0,0,0.0548,0.0885,0.1971,0.0419,0.01168,0.11189,0.11719,-0.00924,0.28196,1.07638
2010,1282.3,21634260,1371108,0.398,0.124,20618,10759,14406,0.01351295,0,0,0.0562,0.0965,0.2122,0.0331,0.01143,0.11215,0.11796,-0.00812,0.28113,1.07251
2011,1282.8,21645016,1371776,0.386,0.122,21161,10756,14429,0.01350972,0,0,0.0506,0.0858,0.1972,0.0526,0.01116,0.11056,0.12069,-0.00967,0.29087,1.11611
2012,1283.3,21655765,1372436,0.419,0.123,19844,10749,14391,0.0135065,0,0,0.0613,0.1039,0.2182,0.0355,0.01148,0.11092,0.10941,-0.00919,0.26781,1.1331
2013,1283.9,21666498,1373127,0.424,0.12,19718,10733,14356,0.01350327,0,0,0.0612,0.106,0.2266,0.0301,0.01123,0.10883,0.11953,-0.00878,0.28551,1.06968
2014,1284.5,21677197,1373792,0.48,0.122,17773,10699,14343,0.01350005,0,0,0.0721,0.1304,0.2442,0.0331,0.0112,0.11054,0.11197,-0.0092,0.27225,1.10785
2015,1285.1,21687970,1374474,0.471,0.125,18064,10773,14431,0.01349684,0,0,0.0603,0.0978,0.2158,0.0975,0.01234,0.11236,0.10278,-0.0096,0.25495,1.11791
2016,1285.6,21698705,1375140,0.412,0.122,20107,10735,14389,0.01349361,0,0,0.0609,0.1,0.2196,0.0313,0.01168,0.11011,0.09819,-0.01014,0.24715,1.13004
2017,1286.1,21709471,1375813,0.402,0.12,20634,10766,14432,0.01349039,0,0,0.0583,0.0968,0.2145,0.0325,0.01009,0.1092,0.1174,-0.01003,0.28539,1.13135
2018,1286.6,21720266,1376471,0.409,0.12,20380,10795,14460,0.01348716,0,0,0.059,0.0983,0.2192,0.0328,0.01077,0.10927,0.11984,-0.01126,0.29312,1.14579
2019,1287.2,21730992,1377135,0.486,0.121,17676,10726,14381,0.01348392,0,0,0.0667,0.1197,0.2277,0.0716,0.01184,0.10897,0.10246,-0.01021,0.25652,1.15606
2020,1287.8,21741779,1377797,0.414,0.12,20212,10787,14434,0.0134807,0,0,0.0597,0.1014,0.2135,0.0394,0.01061,0.10878,0.10318,-0.01027,0.25709,1.12001
2021,1288.3,21752563,1378467,0.4,0.12,20720,10784,14442,0.01347747,0,0,0.0576,0.0994,0.2088,0.0341,0.01074,0.10933,0.1034,-0.01146,0.26037,1.13669
2022,1288.8,21763278,1379138,0.408,0.121,20255,10715,14388,0.01347423,0,0,0.0605,0.0991,0.2189,0.03,0.01163,0.10863,0.10319,-0.00958,0.25461,1.07853
2023,1289.4,21774073,1379815,0.441,0.122,19165,10795,14456,0.01347102,0,0,0.0602,0.0964,0.2197,0.0644,0.01086,0.11131,0.09884,-0.01044,0.24736,1.06887
2024,1289.9,21784824,1380492,0.418,0.122,19925,10751,14415,0.01346778,0,0,0.0619,0.0977,0.2268,0.0313,0.01134,0.11029,0.10551,-0.01018,0.26101,1.09976
2025,1290.5,21795590,1381156,0.408,0.124,20250,10766,14431,0.01346455,0,0,0.0598,0.0986,0.2186,0.0306,0.0103,0.11338,0.10593,-0.00972,0.26108,1.10584
2026,1291.0,21806339,1381840,0.42,0.124,19766,10749,14405,0.01346132,0,0,0.0621,0.1017,0.2241,0.0318,0.01113,0.11265,0.11985,-0.01056,0.2908,1.11329
2027,1291.6,21817075,1382522,0.436,0.124,19167,10736,14414,0.0134581,0,0,0.0598,0.1018,0.2258,0.0487,0.01047,0.11332,0.1064,-0.00971,0.26182,1.09933
2028,1292.1,21827823,1383191,0.402,0.124,20458,10748,14405,0.01345488,0,0,0.0594,0.0938,0.2176,0.0309,0.01155,0.11178,0.117,-0.00942,0.28269,1.10981
2029,1292.6,21838540,1383860,0.395,0.124,20655,10717,14394,0.01345165,0,0,0.0585,0.0951,0.2114,0.03,0.01143,0.11206,0.12153,-0.0102,0.29333,1.10969
2030,1293.1,21849298,1384534,0.39,0.124,20933,10758,14425,0.01344844,0,0,0.0567,0.0941,0.2087,0.0309,0.01077,0.11239,0.10233,-0.00998,0.25424,1.1016
2031,1293.7,21860028,1385218,0.452,0.125,18605,10730,14394,0.01344521,0,0,0.063,0.1114,0.2222,0.0555,0.01087,0.1134,0.1126,-0.00917,0.27297,1.09449
2032,1294.2,21870767,1385895,0.405,0.122,20375,10739,14395,0.01344199,0,0,0.0595,0.1017,0.2141,0.0297,0.01077,0.11103,0.12269,-0.01014,0.29546,1.10846
2033,1294.8,21881525,1386556,0.406,0.123,20315,10758,14421,0.01343877,0,0,0.06,0.0954,0.2162,0.0346,0.01171,0.11136,0.11188,-0.00851,0.27097,1.12321
2034,1295.3,21892284,1387236,0.399,0.124,20586,10759,14418,0.01343554,0,0,0.057,0.0968,0.2096,0.0354,0.01156,0.11191,0.10842,-0.01134,0.2696,1.1195
2035,1295.9,21903037,1387914,0.461,0.123,18419,10753,14403,0.01343231,0,0,0.0593,0.1061,0.2195,0.0759,0.01078,0.11183,0.11087,-0.00912,0.26952,1.09979
2036,1296.4,21913768,1388601,0.408,0.124,20165,10731,14393,0.01342909,0,0,0.0586,0.0961,0.2166,0.0365,0.01128,0.11246,0.11596,-0.01147,0.28465,1.10941
2037,1296.9,21924509,1389277,0.409,0.124,20154,10741,14401,0.01342587,0,0,0.0595,0.0966,0.2179,0.0347,0.01095,0.11298,0.12141,-0.01092,0.29377,1.08442
2038,1297.5,21935211,1389963,0.415,0.123,19880,10702,14361,0.01342265,0,0,0.0591,0.1085,0.2135,0.034,0.01074,0.11214,0.11006,-0.01036,0.27004,1.08733
2039,1298.0,21945939,1390647,0.41,0.123,20119,10728,14379,0.01341944,0,0,0.0582,0.0973,0.2123,0.042,0.01163,0.11144,0.1153,-0.01,0.28116,1.1387
2040,1298.5,21956681,1391320,0.408,0.123,20196,10742,14369,0.01341622,0,0,0.0583,0.1008,0.2181,0.0313,0.01053,0.11259,0.11427,-0.01214,0.28286,1.11927
2041,1299.1,21967392,1391995,0.397,0.125,20522,10711,14382,0.013413,0,0,0.0591,0.0969,0.2139,0.0274,0.01124,0.1131,0.10535,-0.01082,0.26292,1.13983
2042,1299.6,21978117,1392684,0.42,0.124,19725,10725,14383,0.01340978,0,0,0.0618,0.101,0.2229,0.0337,0.01046,0.11334,0.11795,-0.01042,0.28716,1.13381
2043,1300.2,21988844,1393372,0.432,0.123,19304,10727,14379,0.01340656,0,0,0.0595,0.101,0.2204,0.0514,0.01102,0.11206,0.12156,-0.01176,0.29644,1.112
2044,1300.7,21999551,1394060,0.411,0.124,20009,10707,14376,0.01340335,0,0,0.0617,0.1015,0.2163,0.0319,0.01104,0.11248,0.11529,-0.0109,0.2833,1.15311
2045,1301.2,22010268,1394747,0.393,0.124,20713,10717,14361,0.01340013,0,0,0.0576,0.0974,0.2063,0.032,0.0116,0.11227,0.11608,-0.00851,0.28014,1.15484
2046,1301.7,22020936,1395462,0.388,0.124,20862,10668,14349,0.01339692,0,0,0.0575,0.0921,0.2096,0.0283,0.01142,0.11202,0.10852,-0.01014,0.26698,1.10717
2047,1302.3,22031635,1396155,0.425,0.125,19451,10699,14374,0.01339372,0,0,0.0585,0.098,0.213,0.0558,0.01126,0.11321,0.11943,-0.0096,0.28814,1.12306
2048,1302.8,22042353,1396836,0.43,0.124,19344,10718,14376,0.01339051,0,0,0.0594,0.1035,0.2215,0.0452,0.0114,0.1127,0.12929,-0.00905,0.30607,1.09737
2049,1303.3,22053019,1397544,0.388,0.125,20800,10666,14332,0.01338729,0,0,0.057,0.0962,0.2037,0.0312,0.01094,0.11337,0.12135,-0.00952,0.29046,1.07211
2050,1303.9,22063716,1398243,0.402,0.125,20332,10697,14360,0.01338409,0,0,0.0576,0.0967,0.2164,0.0309,0.01104,0.11319,0.10854,-0.011,0.26861,1.10306
2051,1304.5,22074444,1398922,0.456,0.124,18512,10728,14366,0.01338089,0,0,0.0614,0.0969,0.216,0.0813,0.01201,0.11159,0.10907,-0.01006,0.26731,1.08561
2052,1305.0,22085173,1399614,0.395,0.123,20685,10729,14373,0.01337767,0,0,0.058,0.0971,0.2116,0.0286,0.01101,0.11205,0.12821,-0.01014,0.30487,1.05303
2053,1305.5,22095866,1400294,0.426,0.123,19492,10693,14359,0.01337445,0,0,0.059,0.1027,0.2121,0.0521,0.01093,0.11151,0.10966,-0.01039,0.26908,1.08388
2054,1306.1,22106615,1400976,0.394,0.123,20799,10749,14405,0.01337124,0,0,0.0585,0.0927,0.2076,0.0348,0.01182,0.11118,0.10151,-0.00911,0.2498,1.06718
2055,1306.6,22117347,1401657,0.445,0.121,18972,10732,14413,0.01336802,0,0,0.0579,0.1026,0.2099,0.0743,0.01002,0.11055,0.11708,-0.00832,0.27913,1.0596
2056,1307.2,22128061,1402347,0.413,0.122,20013,10714,14377,0.0133648,0,0,0.0579,0.094,0.2121,0.0489,0.01139,0.11076,0.10477,-0.00947,0.2561,1.03403
2057,1307.7,22138776,1403027,0.395,0.122,20755,10715,14387,0.01336158,0,0,0.0557,0.0941,0.2147,0.0302,0.01053,0.11067,0.10501,-0.00799,0.25444,1.06376
2058,1308.3,22149501,1403716,0.453,0.123,18617,10725,14396,0.01335837,0,0,0.0612,0.1102,0.2216,0.0598,0.01091,0.11209,0.11406,-0.00929,0.27476,1.05073
2059,1308.8,22160243,1404403,0.464,0.127,18200,10742,14402,0.01335515,0,0,0.0596,0.1157,0.2097,0.0786,0.0129,0.11347,0.11499,-0.00797,0.27372,1.04082
2060,1309.4,22170969,1405103,0.412,0.123,20054,10726,14400,0.01335193,0,0,0.0602,0.095,0.2075,0.0493,0.01082,0.11175,0.10802,-0.00962,0.26366,1.06308
2061,1309.9,22181702,1405778,0.421,0.124,19687,10733,14390,0.01334871,0,0,0.0625,0.1036,0.2219,0.0328,0.01199,0.1121,0.10932,-0.01004,0.26708,1.06227
2062,1310.5,22192422,1406471,0.409,0.125,20078,10720,14390,0.01334549,0,0,0.0593,0.0988,0.219,0.0321,0.01159,0.11242,0.10482,-0.0087,0.2554,1.06228
2063,1311.1,22203143,1407170,0.476,0.123,17881,10721,14380,0.01334227,0,0,0.0637,0.1161,0.2317,0.0647,0.01074,0.11229,0.11894,-0.00921,0.28415,1.04342
2064,1311.6,22213813,1407875,0.404,0.125,20144,10670,14355,0.01333906,0,0,0.0595,0.0984,0.2149,0.0317,0.01061,0.11426,0.10722,-0.00795,0.25872,1.06378
2065,1312.1,22224582,1408562,0.42,0.124,19810,10769,14417,0.01333586,0,0,0.0609,0.1033,0.2209,0.0349,0.01044,0.11259,0.11549,-0.00981,0.27845,1.04401
2066,1312.7,22235287,1409252,0.396,0.124,20591,10705,14372,0.01333263,0,0,0.0578,0.0968,0.2107,0.031,0.01148,0.11177,0.10542,-0.00996,0.25878,1.05096
2067,1313.2,22246009,1409950,0.426,0.122,19574,10722,14401,0.01332941,0,0,0.0589,0.0943,0.212,0.0603,0.01067,0.11121,0.10115,-0.00815,0.24694,1.06284
2068,1313.7,22256731,1410651,0.399,0.123,20554,10722,14416,0.0133262,0,0,0.0579,0.0937,0.213,0.0341,0.01092,0.11174,0.10458,-0.00861,0.25457,1.05753
2069,1314.2,22267436,1411346,0.399,0.124,20489,10705,14377,0.01332298,0,0,0.059,0.0959,0.2127,0.0313,0.01177,0.11149,0.10491,-0.01022,0.25739,1.01799
2070,1314.8,22278149,1412037,0.399,0.124,20479,10713,14395,0.01331977,0,0,0.0586,0.0969,0.2139,0.0298,0.01138,0.1122,0.11255,-0.0085,0.27012,1.05157
2071,1315.3,22288851,1412721,0.412,0.118,20193,10702,14388,0.01331656,0,0,0.0552,0.0901,0.2027,0.0635,0.01099,0.10719,0.10672,-0.00807,0.2581,1.07045
2072,1315.8,22299543,1413414,0.388,0.12,21054,10692,14399,0.01331334,0,0,0.0571,0.0913,0.2111,0.0281,0.01121,0.10872,0.1167,-0.0106,0.28182,1.02178
2073,1316.3,22310238,1414116,0.39,0.12,20974,10695,14377,0.01331014,0,0,0.0565,0.0954,0.2078,0.0302,0.01053,0.10928,0.11208,-0.00874,0.26826,0.99964
2074,1316.8,22320935,1414823,0.38,0.119,21442,10697,14363,0.01330693,0,0,0.055,0.091,0.2058,0.028,0.0108,0.10798,0.11232,-0.00868,0.2682,0.98487
2075,1317.4,22331595,1415525,0.47,0.119,18093,10660,14339,0.01330372,0,0,0.0651,0.1148,0.233,0.0575,0.00976,0.10874,0.11901,-0.00823,0.27972,0.94857
2076,1317.9,22342267,1416240,0.397,0.119,20690,10672,14355,0.01330052,0,0,0.0573,0.0951,0.2143,0.0306,0.00999,0.10821,0.11362,-0.00768,0.26826,0.96455
2077,1318.4,22352960,1416932,0.403,0.12,20433,10693,14364,0.01329732,0,0,0.0577,0.0975,0.2195,0.0284,0.01118,0.10882,0.12041,-0.00743,0.28181,0.98288
2078,1319.0,22363650,1417614,0.395,0.121,20730,10690,14334,0.01329411,0,0,0.059,0.0934,0.2129,0.0299,0.0109,0.10936,0.11576,-0.00819,0.27441,0.99658
2079,1319.5,22374309,1418312,0.433,0.12,19252,10659,14338,0.01329091,0,0,0.0577,0.0928,0.2193,0.0636,0.01059,0.10939,0.12239,-0.00943,0.28862,0.9394
2080,1320.0,22385007,1418999,0.39,0.121,20921,10698,14349,0.01328771,0,0,0.0584,0.0953,0.2054,0.0311,0.0113,0.10949,0.1109,-0.00825,0.26381,0.95951
2081,1320.5,22395724,1419689,0.397,0.12,20722,10717,14348,0.0132845,0,0,0.058,0.0954,0.2133,0.0306,0.01054,0.10869,0.11981,-0.00806,0.28136,0.96399
2082,1321.1,22406365,1420369,0.406,0.121,20170,10641,14283,0.01328128,0,0,0.0575,0.0986,0.2187,0.0315,0.01097,0.10998,0.11442,-0.0078,0.26935,0.93808
2083,1321.6,22416998,1421054,0.45,0.12,18643,10633,14278,0.01327809,0,0,0.0568,0.0994,0.2253,0.0687,0.01112,0.10865,0.10873,-0.00756,0.25768,0.94544
2084,1322.2,22427724,1421745,0.403,0.12,20500,10726,14384,0.0132749,0,0,0.0583,0.0972,0.2159,0.0321,0.01042,0.10915,0.10623,-0.00986,0.25867,0.9979
2085,1322.7,22438397,1422421,0.398,0.119,20644,10673,14348,0.01327168,0,0,0.058,0.0951,0.2121,0.0325,0.01091,0.10807,0.10416,-0.00777,0.25003,0.98566
2086,1323.2,22449147,1423111,0.409,0.122,20257,10750,14400,0.01326848,0,0,0.0591,0.0975,0.2226,0.0295,0.01124,0.11032,0.11659,-0.0104,0.28118,1.02472
2087,1323.8,22459857,1423793,0.429,0.122,19452,10710,14387,0.01326526,0,0,0.0596,0.0958,0.2121,0.0614,0.01117,0.1102,0.11212,-0.00948,0.26985,1.00422
2088,1324.3,22470574,1424481,0.411,0.123,20064,10717,14396,0.01326204,0,0,0.059,0.0966,0.2183,0.037,0.01121,0.11166,0.10845,-0.01147,0.26697,1.02264
2089,1324.8,22481281,1425146,0.411,0.122,20094,10707,14367,0.01325883,0,0,0.0596,0.1023,0.2181,0.0313,0.01078,0.11049,0.11485,-0.00882,0.27401,1.00558
2090,1325.4,22492005,1425827,0.413,0.123,20001,10724,14373,0.01325562,0,0,0.06,0.0985,0.2204,0.0345,0.01119,0.11135,0.10285,-0.00891,0.25039,1.01373
2091,1326.0,22502785,1426515,0.46,0.122,18522,10780,14453,0.0132524,0,0,0.0626,0.1018,0.2237,0.0719,0.01111,0.11058,0.11226,-0.00882,0.26962,1.03588
2092,1326.5,22513510,1427178,0.443,0.125,18883,10725,14383,0.01324916,0,0,0.0652,0.1093,0.2337,0.0352,0.0116,0.11261,0.1104,-0.00833,0.26414,1.00674
2093,1327.1,22524225,1427854,0.414,0.124,19921,10715,14382,0.01324595,0,0,0.0613,0.102,0.2188,0.0323,0.01092,0.11228,0.10641,-0.008,0.25576,1.01701
2094,1327.6,22534979,1428539,0.413,0.124,20010,10754,14403,0.01324273,0,0,0.0607,0.101,0.2202,0.0312,0.01188,0.11202,0.10229,-0.00855,0.24988,1.06398
2095,1328.2,22545672,1429199,0.484,0.121,17658,10693,14336,0.01323951,0,0,0.0705,0.1129,0.2326,0.0681,0.0106,0.11029,0.10994,-0.00819,0.26325,1.01899
2096,1328.7,22556422,1429858,0.407,0.122,20322,10750,14440,0.0132363,0,0,0.0606,0.1,0.2169,0.0294,0.01069,0.11107,0.09667,-0.00941,0.24016,1.05702
2097,1329.3,22567175,1430530,0.403,0.124,20371,10753,14407,0.01323307,0,0,0.0593,0.0983,0.2136,0.0323,0.01156,0.11252,0.10215,-0.00853,0.25012,1.08635
2098,1329.8,22577905,1431180,0.413,0.123,20025,10730,14396,0.01322985,0,0,0.0599,0.1016,0.2206,0.0312,0.01091,0.11132,0.09865,-0.00971,0.24678,1.13583
2099,1330.4,22588632,1431840,0.445,0.124,18878,10727,14378,0.01322663,0,0,0.0608,0.1006,0.2166,0.0665,0.01101,0.11236,0.10625,-0.00819,0.25843,1.11679
2100,1330.9,22599402,1432480,0.435,0.123,19303,10770,14420,0.01322341,0,0,0.064,0.111,0.2297,0.0299,0.01153,0.11146,0.10398,-0.00862,0.25516,1.13239
2101,1331.5,22610196,1433129,0.415,0.126,19957,10794,14469,0.01322018,0,0,0.0606,0.1017,0.2191,0.0336,0.01175,0.11351,0.0909,-0.01007,0.23166,1.12384
2102,1332.0,22621003,1433790,0.4,0.123,20633,10807,14477,0.01321694,0,0,0.0597,0.1001,0.2115,0.0292,0.01114,0.11187,0.08467,-0.00864,0.21658,1.13295
2103,1332.6,22631823,1434427,0.434,0.123,19442,10820,14492,0.0132137,0,0,0.0593,0.0991,0.2128,0.0625,0.01054,0.11194,0.09067,-0.00898,0.22993,1.15931
2104,1333.1,22642651,1435070,0.419,0.124,19938,10828,14481,0.01321045,0,0,0.0617,0.1011,0.221,0.0349,0.01173,0.11212,0.1118,-0.00983,0.27266,1.11284
2105,1333.7,22653418,1435714,0.438,0.123,19190,10767,14441,0.0132072,0,0,0.0632,0.111,0.2318,0.0323,0.01073,0.11167,0.09721,-0.01007,0.24411,1.11853
2106,1334.2,22664206,1436369,0.411,0.123,20168,10788,14434,0.01320397,0,0,0.0591,0.1019,0.216,0.0344,0.01052,0.11263,0.11186,-0.0093,0.27148,1.10439
2107,1334.8,22675006,1437015,0.441,0.124,19110,10800,14465,0.01320074,0,0,0.0609,0.1026,0.2188,0.0588,0.01145,0.11233,0.1057,-0.00924,0.25914,1.10859
2108,1335.3,22685818,1437663,0.407,0.123,20366,10812,14449,0.0131975,0,0,0.0612,0.098,0.2169,0.0313,0.01112,0.11199,0.11604,-0.00998,0.28066,1.08426
2109,1335.8,22696636,1438300,0.42,0.123,19919,10818,14478,0.01319425,0,0,0.0616,0.1042,0.2211,0.0335,0.01037,0.1121,0.12158,-0.01073,0.29302,1.07677
2110,1336.4,22707424,1438956,0.418,0.125,19902,10788,14437,0.01319101,0,0,0.0625,0.1021,0.2197,0.0333,0.01147,0.11208,0.10352,-0.00879,0.25293,1.07333
2111,1337.0,22718217,1439610,0.447,0.125,18868,10793,14441,0.01318777,0,0,0.0611,0.1024,0.2162,0.0674,0.01067,0.11394,0.10733,-0.01028,0.26301,1.054
2112,1337.6,22728998,1440276,0.487,0.126,17576,10781,14439,0.01318453,0,0,0.068,0.1233,0.2351,0.061,0.01157,0.11407,0.11132,-0.01075,0.27142,1.0342
2113,1338.3,22739823,1440944,0.626,0.131,14293,10825,14462,0.0131813,0,0,0.0677,0.1332,0.2338,0.1918,0.01521,0.11527,0.10494,-0.00939,0.2569,1.07128
2114,1339.0,22750632,1441596,0.521,0.123,16783,10809,14445,0.01317805,0,0,0.0651,0.1278,0.2314,0.0963,0.01046,0.11266,0.10876,-0.01266,0.27066,1.05593
2115,1339.5,22761419,1442251,0.443,0.124,19017,10787,14432,0.01317481,0,0,0.0597,0.103,0.2135,0.0666,0.01043,0.11363,0.10469,-0.00859,0.25461,1.06393
2116,1340.1,22772222,1442930,0.407,0.125,20307,10803,14447,0.01317157,0,0,0.0622,0.095,0.2177,0.0318,0.01093,0.11399,0.11222,-0.00999,0.27271,1.07421
2117,1340.6,22783025,1443590,0.404,0.125,20433,10803,14451,0.01316833,0,0,0.0591,0.0967,0.2146,0.0332,0.01108,0.11363,0.0961,-0.00997,0.24052,1.07746
2118,1341.1,22793784,1444251,0.401,0.127,20393,10759,14417,0.01316509,0,0,0.0603,0.0969,0.2132,0.0305,0.01162,0.11479,0.09932,-0.00886,0.24476,1.07889
2119,1341.7,22804611,1444939,0.458,0.124,18625,10827,14498,0.01316186,0,0,0.0608,0.1052,0.2233,0.0684,0.01075,0.11259,0.10849,-0.01035,0.2662,1.08333
2120,1342.3,22815403,1445617,0.425,0.124,19662,10792,14456,0.01315862,0,0,0.0631,0.1045,0.2259,0.0314,0.01092,0.11269,0.11963,-0.00884,0.2861,1.10828
2121,1342.8,22826255,1446276,0.423,0.124,19816,10852,14479,0.01315538,0,0,0.0621,0.1046,0.222,0.0347,0.01049,0.11337,0.11791,-0.00981,0.28379,1.07766
2122,1343.3,22837033,1446966,0.404,0.124,20444,10778,14416,0.01315212,0,0,0.0596,0.0978,0.2161,0.0301,0.01145,0.1118,0.11174,-0.01055,0.27278,1.07272
2123,1343.9,22847847,1447633,0.432,0.124,19445,10814,14450,0.01314889,0,0,0.0629,0.0965,0.2098,0.0631,0.01088,0.11275,0.10918,-0.01231,0.27112,1.06986
2124,1344.4,22858618,1448312,0.402,0.124,20448,10771,14431,0.01314565,0,0,0.0599,0.0978,0.2139,0.0307,0.01167,0.11245,0.12763,-0.01023,0.30404,1.07724
2125,1345.0,22869377,1449000,0.409,0.123,20234,10759,14409,0.01314241,0,0,0.0602,0.0994,0.2176,0.0316,0.01044,0.11217,0.10545,-0.01106,0.26157,1.08647
2126,1345.5,22880131,1449689,0.404,0.124,20368,10754,14412,0.01313919,0,0,0.0602,0.0963,0.2171,0.0301,0.01103,0.11292,0.11054,-0.01283,0.2742,1.04502
2127,1346.0,22890871,1450386,0.436,0.124,19203,10740,14374,0.01313596,0,0,0.059,0.0991,0.2121,0.0654,0.01056,0.1128,0.10635,-0.01072,0.26116,1.0285
2128,1346.6,22901669,1451062,0.406,0.124,20395,10798,14408,0.01313274,0,0,0.0601,0.0978,0.2179,0.0298,0.01066,0.11272,0.12693,-0.0119,0.30465,1.02688
2129,1347.1,22912414,1451761,0.408,0.12,20355,10745,14381,0.0131295,0,0,0.0617,0.1025,0.2125,0.0312,0.01047,0.10929,0.11537,-0.01132,0.28024,1.02305
2130,1347.6,22923207,1452446,0.397,0.12,20845,10793,14411,0.01312628,0,0,0.0591,0.0946,0.2133,0.0304,0.01118,0.10892,0.12255,-0.01083,0.29318,1.00633
2131,1348.2,22933966,1453119,0.472,0.12,18170,10759,14374,0.01312304,0,0,0.0634,0.1102,0.2261,0.0726,0.01073,0.10875,0.11631,-0.00936,0.27791,1.01293
2132,1348.7,22944705,1453820,0.406,0.12,20437,10739,14362,0.01311981,0,0,0.0583,0.0983,0.2173,0.032,0.01042,0.10884,0.12229,-0.00969,0.28958,0.97627
2133,1349.3,22955473,1454517,0.399,0.121,20722,10768,14398,0.01311659,0,0,0.0574,0.1001,0.2097,0.0315,0.01173,0.10881,0.12063,-0.01211,0.29226,1.02129
2134,1349.8,22966223,1455192,0.387,0.12,21189,10750,14395,0.01311336,0,0,0.0571,0.0914,0.2088,0.0301,0.01099,0.10867,0.1136,-0.00941,0.27329,1.03971
2135,1350.3,22977013,1455854,0.428,0.12,19672,10790,14426,0.01311013,0,0,0.0584,0.0952,0.2097,0.0647,0.01101,0.10914,0.12281,-0.00956,0.29183,1.03302
2136,1350.8,22987798,1456541,0.395,0.119,20984,10785,14443,0.0131069,0,0,0.0579,0.0971,0.2127,0.0274,0.01116,0.10744,0.12294,-0.00966,0.29191,1.01893
2137,1351.3,22998582,1457198,0.377,0.12,21700,10784,14437,0.01310366,0,0,0.0543,0.0906,0.2036,0.0284,0.01067,0.10902,0.11463,-0.0102,0.27676,1.03389
2138,1351.8,23009374,1457871,0.382,0.118,21557,10792,14418,0.01310043,0,0,0.0551,0.0886,0.2096,0.029,0.01099,0.10714,0.12024,-0.00904,0.28396,0.96901
2139,1352.3,23020146,1458553,0.391,0.119,21130,10772,14407,0.01309719,0,0,0.0554,0.09,0.2037,0.042,0.01068,0.10761,0.11948,-0.00882,0.28283,1.00129
2140,1352.8,23030922,1459230,0.371,0.118,22021,10776,14410,0.01309396,0,0,0.0564,0.0875,0.1986,0.0285,0.0097,0.10844,0.12909,-0.01125,0.30624,0.97611
2141,1353.3,23041678,1459897,0.38,0.119,21550,10756,14380,0.01309072,0,0,0.0552,0.0914,0.2025,0.0309,0.01102,0.10779,0.11645,-0.01182,0.28251,0.9914
2142,1353.8,23052438,1460580,0.388,0.119,21253,10760,14404,0.0130875,0,0,0.055,0.0922,0.203,0.0375,0.01083,0.10743,0.10044,-0.01102,0.24879,0.9883
2143,1354.3,23063170,1461252,0.393,0.118,20971,10732,14380,0.01308427,0,0,0.0565,0.0942,0.2111,0.0316,0.01039,0.10774,0.11679,-0.00803,0.27533,0.98181
2144,1354.9,23073899,1461921,0.421,0.119,19867,10729,14390,0.01308105,0,0,0.0572,0.0921,0.2074,0.0639,0.01116,0.10802,0.10954,-0.00897,0.26328,1.00377
2145,1355.4,23084646,1462580,0.402,0.12,20614,10747,14365,0.01307783,0,0,0.0564,0.093,0.2188,0.0337,0.01076,0.10849,0.11444,-0.00996,0.27378,0.95538
2146,1355.9,23095360,1463255,0.399,0.12,20654,10714,14366,0.01307461,0,0,0.0575,0.0945,0.2165,0.0304,0.01084,0.10868,0.10844,-0.01055,0.26356,0.97863
2147,1356.4,23106106,1463932,0.38,0.12,21493,10746,14380,0.01307139,0,0,0.055,0.0922,0.2043,0.0285,0.01073,0.10872,0.09439,-0.00943,0.2333,0.98167
2148,1356.9,23116886,1464600,0.398,0.12,20832,10780,14423,0.01306817,0,0,0.0553,0.0862,0.2027,0.0534,0.01087,0.10871,0.09654,-0.01038,0.24037,1.01439
2149,1357.5,23127661,1465274,0.406,0.12,20502,10775,14405,0.01306493,0,0,0.059,0.0977,0.2187,0.0304,0.01065,0.10883,0.10777,-0.00752,0.25682,1.00406
2150,1358.0,23138420,1465951,0.402,0.121,20566,10759,14387,0.0130617,0,0,0.0597,0.0956,0.213,0.0333,0.01077,0.11035,0.1028,-0.00857,0.24858,0.98895
2151,1358.6,23149163,1466642,0.45,0.115,19007,10743,14382,0.01305847,0,0,0.0622,0.1102,0.2235,0.0543,0.01206,0.10263,0.1047,-0.00709,0.24886,0.96822
2152,1359.1,23159900,1467304,0.448,0.121,18868,10737,14376,0.01305525,0,0,0.0603,0.102,0.2175,0.0686,0.01114,0.10931,0.10895,-0.00975,0.26325,0.98975
2153,1359.7,23170675,1467987,0.393,0.119,21051,10775,14422,0.01305203,0,0,0.0576,0.0931,0.209,0.0335,0.01051,0.10784,0.1223,-0.01079,0.29148,0.96976
2154,1360.2,23181434,1468669,0.404,0.118,20620,10759,14395,0.0130488,0,0,0.06,0.097,0.2168,0.0303,0.00972,0.1077,0.10332,-0.00927,0.25043,0.96764
2155,1360.7,23192250,1469348,0.391,0.118,21243,10816,14447,0.01304557,0,0,0.0569,0.0936,0.2101,0.0304,0.0103,0.10763,0.12006,-0.00717,0.27914,0.94595
2156,1361.2,23203011,1470026,0.407,0.118,20507,10761,14408,0.01304233,0,0,0.0578,0.0955,0.2075,0.046,0.01024,0.1075,0.12423,-0.0085,0.29084,0.97358
2157,1361.7,23213743,1470706,0.372,0.12,21799,10732,14373,0.0130391,0,0,0.0538,0.0872,0.201,0.0301,0.01112,0.10878,0.12013,-0.00916,0.28339,0.95197
2158,1362.2,23224524,1471373,0.406,0.122,20402,10781,14430,0.01303588,0,0,0.0607,0.1022,0.2124,0.0309,0.01108,0.11086,0.12278,-0.00916,0.2887,0.95216
2159,1362.7,23235379,1472061,0.389,0.123,21170,10855,14486,0.01303264,0,0,0.058,0.0935,0.2066,0.0314,0.00978,0.11312,0.12518,-0.01024,0.29623,0.9746
2160,1363.3,23246202,1472744,0.429,0.123,19596,10823,14457,0.01302939,0,0,0.0587,0.0971,0.206,0.0677,0.01087,0.11169,0.12777,-0.00877,0.29824,0.96516
2161,1363.8,23257027,1473421,0.392,0.123,21017,10825,14472,0.01302614,0,0,0.0577,0.0934,0.2069,0.034,0.01114,0.11159,0.12215,-0.00859,0.28585,0.93558
2162,1364.3,23267854,1474100,0.396,0.123,20862,10827,14457,0.01302289,0,0,0.057,0.0932,0.2096,0.036,0.01058,0.11233,0.1179,-0.01063,0.28141,0.93432
2163,1364.9,23278653,1474792,0.403,0.126,20411,10799,14423,0.01301964,0,0,0.0596,0.0988,0.2082,0.0363,0.01161,0.11421,0.11975,-0.00687,0.27772,0.94022
2164,1365.5,23289491,1475476,0.484,0.125,17792,10838,14445,0.0130164,0,0,0.0675,0.1154,0.2285,0.0728,0.01048,0.11406,0.10822,-0.00852,0.25798,0.94098
2165,1366.0,23300323,1476172,0.398,0.121,20868,10832,14477,0.01301315,0,0,0.0584,0.1,0.2098,0.0302,0.01093,0.1096,0.12458,-0.00691,0.28706,0.92575
2166,1366.5,23311125,1476854,0.405,0.128,20270,10802,14429,0.0130099,0,0,0.0611,0.0977,0.2158,0.0304,0.01153,0.11571,0.12977,-0.00673,0.29707,0.92495
2167,1367.1,23321951,1477541,0.419,0.133,19619,10826,14470,0.01300666,0,0,0.0611,0.1032,0.2191,0.0358,0.01231,0.11973,0.12753,-0.00821,0.29548,0.92281
2168,1367.7,23332754,1478227,0.457,0.123,18628,10803,14444,0.01300341,0,0,0.0626,0.1113,0.2266,0.0561,0.01085,0.11212,0.11532,-0.00852,0.27186,0.92962
2169,1368.2,23343553,1478912,0.404,0.127,20339,10799,14458,0.01300017,0,0,0.0588,0.096,0.2171,0.0322,0.01099,0.11517,0.12767,-0.00548,0.2904,0.92651
2170,1368.7,23354336,1479592,0.426,0.126,19533,10783,14409,0.01299693,0,0,0.0597,0.1125,0.2194,0.0349,0.0116,0.11361,0.12681,-0.00843,0.29439,0.91985
2171,1369.3,23365165,1480268,0.444,0.126,19009,10829,14484,0.0129937,0,0,0.0645,0.107,0.2269,0.0456,0.01129,0.11407,0.12677,-0.00855,0.29562,0.96124
2172,1369.9,23375979,1480944,0.486,0.126,17652,10814,14461,0.01299045,0,0,0.0677,0.1183,0.2435,0.057,0.01124,0.11464,0.12407,-0.0065,0.28642,0.9728
2173,1370.5,23386751,1481624,0.452,0.124,18699,10772,14411,0.01298721,0,0,0.0637,0.1163,0.2229,0.0495,0.01097,0.1122,0.11775,-0.00846,0.27746,0.96386
2174,1371.1,23397476,1482303,0.462,0.122,18359,10725,14384,0.01298397,0,0,0.0643,0.124,0.2361,0.0379,0.01046,0.11115,0.13439,-0.00729,0.30765,0.93538
2175,1371.6,23408237,1482983,0.418,0.121,19960,10761,14417,0.01298076,0,0,0.06,0.1003,0.2135,0.0441,0.0106,0.11039,0.12763,-0.00885,0.29821,0.9731
2176,1372.2,23418982,1483655,0.422,0.122,19728,10745,14405,0.01297753,0,0,0.0632,0.1061,0.2182,0.0346,0.01124,0.11092,0.11855,-0.00767,0.27712,0.95092
2177,1372.7,23429706,1484337,0.408,0.122,20222,10724,14373,0.01297431,0,0,0.0611,0.0987,0.2163,0.0322,0.01131,0.11035,0.13482,-0.00641,0.30642,0.92318
2178,1373.2,23440418,1485028,0.411,0.125,19982,10712,14383,0.01297109,0,0,0.0613,0.1018,0.2149,0.0332,0.01093,0.11357,0.12331,-0.00739,0.28563,0.93404
2179,1373.8,23451158,1485710,0.454,0.126,18521,10740,14375,0.01296787,0,0,0.0626,0.1068,0.2185,0.0661,0.01128,0.11425,0.1295,-0.00766,0.29735,0.88845
2180,1374.3,23461918,1486399,0.401,0.121,20611,10760,14425,0.01296465,0,0,0.0591,0.0999,0.2103,0.0313,0.01076,0.11041,0.13128,-0.00833,0.3035,0.93675
2181,1374.9,23472660,1487096,0.385,0.125,21074,10742,14363,0.01296142,0,0,0.0568,0.0924,0.2062,0.0296,0.01113,0.11326,0.1287,-0.00693,0.29496,0.91453
2182,1375.4,23483393,1487779,0.4,0.123,20499,10733,14392,0.0129582,0,0,0.0591,0.0986,0.213,0.0296,0.01079,0.11209,0.12879,-0.00717,0.29609,0.93203
2183,1375.9,23494151,1488462,0.435,0.131,19001,10758,14409,0.01295498,0,0,0.057,0.0919,0.2069,0.0789,0.01186,0.11917,0.13942,-0.00797,0.3191,0.93854
2184,1376.5,23504871,1489143,0.396,0.125,20549,10720,14376,0.01295175,0,0,0.0596,0.0952,0.2102,0.0315,0.01129,0.1133,0.1321,-0.00902,0.30727,0.96609
2185,1377.0,23515648,1489831,0.454,0.123,18671,10777,14436,0.01294854,0,0,0.0668,0.1197,0.2268,0.0405,0.01218,0.11092,0.13954,-0.0064,0.3168,0.9624
2186,1377.6,23526423,1490520,0.476,0.129,17813,10775,14414,0.01294531,0,0,0.0712,0.1223,0.2332,0.0491,0.01123,0.11744,0.12602,-0.00762,0.29242,0.97077
2187,1378.3,23537201,1491210,0.504,0.126,17102,10778,14405,0.01294207,0,0,0.0682,0.1198,0.2361,0.0803,0.01103,0.1145,0.13443,-0.00779,0.30905,0.95085
2188,1378.9,23547979,1491882,0.496,0.126,17330,10778,14427,0.01293884,0,0,0.0741,0.1359,0.2488,0.0372,0.01187,0.11371,0.11684,-0.00713,0.27364,0.99338
2189,1379.5,23558804,1492580,0.469,0.121,18350,10825,14499,0.01293561,0,0,0.0667,0.1246,0.2379,0.0397,0.01133,0.10937,0.11804,-0.00904,0.27993,0.9965
2190,1380.2,23569652,1493274,0.618,0.122,14666,10848,14500,0.01293236,0,0,0.0899,0.1892,0.2965,0.042,0.01192,0.10984,0.11424,-0.00888,0.27189,0.99186
2191,1381.0,23580471,1493971,0.609,0.123,14782,10819,14434,0.0129291,0,0,0.0772,0.1433,0.2602,0.1286,0.01235,0.10981,0.12738,-0.00887,0.29784,0.98045
2192,1381.6,23591316,1494648,0.549,0.122,16164,10845,14503,0.01292586,0,0,0.0797,0.1529,0.2805,0.0357,0.01111,0.1107,0.11619,-0.01044,0.27963,1.01978
2193,1382.2,23602124,1495345,0.454,0.121,18786,10808,14448,0.01292261,0,0,0.0667,0.1196,0.2275,0.0406,0.011,0.10954,0.10258,-0.0087,0.24905,1.02485
2194,1382.7,23612932,1496027,0.409,0.119,20460,10808,14452,0.01291936,0,0,0.0616,0.099,0.2149,0.0333,0.01129,0.10782,0.11136,-0.00569,0.26125,1.05034
2195,1383.3,23623748,1496700,0.482,0.122,17903,10816,14439,0.01291612,0,0,0.0644,0.1127,0.2261,0.0788,0.01154,0.11032,0.11412,-0.00782,0.27034,1.0236
2196,1383.9,23634539,1497389,0.462,0.123,18450,10791,14440,0.01291288,0,0,0.07,0.1173,0.2414,0.0334,0.01137,0.11052,0.11001,-0.00923,0.26425,0.99766
2197,1384.6,23645348,1498086,0.581,0.123,15353,10809,14467,0.01290964,0,0,0.0944,0.169,0.275,0.043,0.01122,0.11082,0.12319,-0.00892,0.28962,0.98362
2198,1385.3,23656150,1498775,0.559,0.123,15838,10802,14460,0.0129064,0,0,0.085,0.1569,0.2747,0.0423,0.01167,0.11106,0.11349,-0.00789,0.26854,0.99892
2199,1386.0,23666977,1499451,0.569,0.123,15642,10827,14475,0.01290315,0,0,0.0793,0.1573,0.2538,0.0791,0.01167,0.11073,0.11714,-0.00812,0.27661,1.01106
2200,1386.6,23677738,1500144,0.515,0.124,16843,10761,14414,0.01289991,0,0,0.0776,0.1345,0.2538,0.0487,0.01127,0.11275,0.1019,-0.00672,0.243,0.99907
2201,1387.9,23688527,1500836,0.731,0.122,12653,10789,14436,0.01289668,0,0,0.1016,0.197,0.3815,0.0504,0.01108,0.11065,0.11617,-0.00793,0.2738,0.9925
2202,1388.7,23699334,1501519,0.654,0.122,13927,10807,14449,0.01289344,0,0,0.0971,0.1712,0.3032,0.0822,0.01147,0.11046,0.10361,-0.00962,0.25266,1.01602
2203,1389.4,23710158,1502209,0.596,0.123,15050,10824,14458,0.0128902,0,0,0.0849,0.1866,0.2833,0.0417,0.01249,0.10984,0.10931,-0.00951,0.26419,1.03031
2204,1390.1,23720959,1502885,0.594,0.124,15053,10801,14444,0.01288695,0,0,0.0908,0.1763,0.2772,0.0492,0.013,0.11041,0.107,-0.00918,0.25862,1.01907
2205,1390.8,23731772,1503559,0.584,0.121,15348,10813,14445,0.01288371,0,0,0.0788,0.1513,0.2618,0.092,0.01175,0.10856,0.10618,-0.0103,0.25954,1.03175
2206,1391.5,23742549,1504237,0.582,0.127,15205,10777,14409,0.01288047,0,0,0.0849,0.159,0.2685,0.0698,0.01687,0.10905,0.10686,-0.00824,0.25757,1.06278
2207,1392.3,23753350,1504908,0.649,0.124,13979,10801,14440,0.01287724,0,0,0.0895,0.2034,0.3019,0.0538,0.01233,0.11129,0.12053,-0.00909,0.28615,1.04493
2208,1393.2,23764152,1505610,0.722,0.125,12745,10802,14396,0.01287399,0,0,0.079,0.201,0.3221,0.1202,0.01172,0.11308,0.1163,-0.00818,0.27464,0.99735
2209,1394.0,23774916,1506318,0.707,0.123,12971,10764,14395,0.01287075,0,0,0.1035,0.1854,0.3333,0.0849,0.01147,0.11086,0.1206,-0.00739,0.28156,0.99333
2210,1394.8,23785617,1507007,0.643,0.121,13995,10701,14326,0.01286753,0,0,0.1077,0.209,0.2671,0.0595,0.01112,0.10979,0.12647,-0.00923,0.29632,0.96817
2211,1395.6,23796387,1507701,0.69,0.126,13201,10770,14402,0.01286431,0,0,0.0907,0.2034,0.2816,0.1145,0.01119,0.11407,0.10978,-0.00885,0.2626,0.98423
2212,1396.4,23807153,1508396,0.699,0.125,13059,10766,14401,0.01286108,0,0,0.1013,0.1977,0.3434,0.0567,0.0125,0.11203,0.12022,-0.0098,0.28526,0.98073
2213,1397.1,23817912,1509091,0.599,0.125,14855,10759,14389,0.01285785,0,0,0.0966,0.1608,0.2894,0.0525,0.01207,0.11263,0.11622,-0.00628,0.26941,0.94913
2214,1398.0,23828691,1509782,0.724,0.128,12654,10779,14409,0.01285463,0,0,0.099,0.1685,0.378,0.0783,0.01363,0.1138,0.13482,-0.00728,0.3093,0.97637
2215,1398.7,23839427,1510493,0.616,0.125,14475,10736,14356,0.01285139,0,0,0.0883,0.1905,0.2885,0.049,0.01126,0.11368,0.115,-0.00746,0.26987,0.97045
2216,1399.4,23850126,1511182,0.586,0.124,15070,10699,14325,0.01284817,0,0,0.0865,0.1618,0.2524,0.0851,0.01133,0.11226,0.11725,-0.00852,0.27686,0.98532
2217,1400.1,23860895,1511860,0.574,0.124,15418,10769,14408,0.01284496,0,0,0.0785,0.15,0.2464,0.0991,0.01129,0.11267,0.13025,-0.00859,0.30334,0.99878
2218,1400.8,23871676,1512526,0.577,0.124,15380,10781,14412,0.01284173,0,0,0.079,0.1485,0.2524,0.097,0.01166,0.11207,0.12662,-0.00799,0.29506,1.00586
2219,1401.5,23882441,1513195,0.562,0.124,15696,10765,14409,0.0128385,0,0,0.0824,0.1685,0.2564,0.0544,0.01124,0.11248,0.12165,-0.01046,0.29045,1.02113
2220,1402.2,23893237,1513863,0.556,0.124,15871,10796,14445,0.01283527,0,0,0.0789,0.1484,0.2525,0.0764,0.0122,0.11146,0.13061,-0.00791,0.30336,1.02549
2221,1402.8,23904037,1514525,0.472,0.131,17898,10800,14472,0.01283203,0,0,0.0694,0.1165,0.2349,0.0513,0.01154,0.11943,0.14316,-0.0093,0.33154,1.03747
2222,1403.5,23914743,1515188,0.551,0.124,15850,10706,14388,0.01282879,0,0,0.0817,0.1555,0.2669,0.0469,0.01177,0.1122,0.13028,-0.00964,0.30617,1.02592
2223,1404.2,23925483,1515846,0.564,0.132,15442,10740,14389,0.01282558,0,0,0.085,0.1674,0.2596,0.0518,0.01709,0.11397,0.1307,-0.00833,0.30424,1.02085
2224,1404.9,23936225,1516525,0.568,0.127,15467,10742,14394,0.01282236,0,0,0.0809,0.1584,0.2536,0.0747,0.01278,0.11378,0.13758,-0.01024,0.32234,1.04058
2225,1405.6,23946939,1517184,0.6,0.135,14580,10714,14396,0.01281913,0,0,0.0852,0.1692,0.2847,0.061,0.01514,0.11914,0.13339,-0.00798,0.30953,1.04496
2226,1406.3,23957664,1517851,0.623,0.127,14315,10725,14404,0.01281592,0,0,0.0882,0.1801,0.3002,0.054,0.0124,0.11375,0.13464,-0.01048,0.31793,1.08021
2227,1407.1,23968400,1518527,0.652,0.125,13822,10736,14404,0.0128127,0,0,0.0969,0.1936,0.2869,0.0745,0.01111,0.11319,0.13687,-0.00737,0.31586,1.06905
2228,1408.0,23979116,1519195,0.724,0.135,12471,10716,14360,0.01280948,0,0,0.106,0.1937,0.3075,0.1173,0.02084,0.11358,0.13377,-0.00828,0.31075,1.04068
2229,1408.9,23989845,1519863,0.746,0.129,12259,10729,14387,0.01280627,0,0,0.0897,0.1814,0.3618,0.1129,0.01361,0.11519,0.12908,-0.01069,0.30699,1.0719
2230,1409.7,24000597,1520538,0.728,0.127,12587,10752,14390,0.01280305,0,0,0.0979,0.1961,0.3314,0.1024,0.01202,0.11401,0.1335,-0.00667,0.30766,1.06656
2231,1410.5,24011350,1521231,0.654,0.125,13800,10753,14408,0.01279982,0,0,0.0972,0.2004,0.2968,0.0597,0.01196,0.11265,0.14939,-0.00779,0.34159,1.06408
2232,1411.3,24022114,1521885,0.726,0.121,12712,10764,14428,0.0127966,0,0,0.0975,0.2212,0.2842,0.1228,0.01201,0.10864,0.13382,-0.00894,0.31343,1.08995
2233,1412.1,24032903,1522569,0.667,0.119,13731,10789,14449,0.01279337,0,0,0.0892,0.1796,0.3133,0.0843,0.01072,0.108,0.13079,-0.01152,0.31233,1.08254
2234,1412.9,24043696,1523229,0.64,0.12,14210,10793,14478,0.01279013,0,0,0.0858,0.1743,0.3128,0.0666,0.01142,0.10813,0.13802,-0.0094,0.32266,1.08696
2235,1413.7,24054516,1523921,0.673,0.121,13625,10820,14488,0.01278689,0,0,0.0896,0.1933,0.2726,0.1177,0.01224,0.10822,0.13087,-0.00844,0.30589,1.06626
2236,1414.4,24065363,1524596,0.61,0.121,14846,10847,14522,0.01278365,0,0,0.0876,0.1951,0.263,0.0641,0.01156,0.10891,0.13536,-0.00918,0.31633,1.06626
2237,1415.3,24076180,1525259,0.739,0.122,12557,10817,14462,0.01278039,0,0,0.0927,0.2193,0.2936,0.1333,0.01391,0.1081,0.13822,-0.00754,0.31904,1.07615
2238,1416.2,24086991,1525919,0.773,0.12,12100,10811,14492,0.01277715,0,0,0.0873,0.2112,0.3422,0.1324,0.01156,0.10836,0.12332,-0.01109,0.2968,1.09439
2239,1417.0,24097862,1526582,0.663,0.12,13892,10871,14534,0.0127739,0,0,0.1058,0.2044,0.2809,0.0719,0.01154,0.10762,0.12569,-0.0112,0.3016,1.08847
2240,1417.7,24108711,1527247,0.59,0.119,15306,10849,14508,0.01277064,0,0,0.081,0.1728,0.282,0.054,0.01188,0.1067,0.12987,-0.01052,0.3079,1.06209
2241,1418.4,24119590,1527896,0.62,0.119,14716,10879,14577,0.01276739,0,0,0.0855,0.1619,0.2714,0.1013,0.01125,0.10748,0.12517,-0.01058,0.299,1.07685
2242,1419.0,24130489,1528557,0.52,0.12,17020,10899,14580,0.01276412,0,0,0.0732,0.1427,0.2553,0.0491,0.01171,0.10783,0.12661,-0.00864,0.29776,1.06803
2243,1419.7,24141385,1529231,0.543,0.12,16439,10896,14576,0.01276085,0,0,0.0726,0.1458,0.26,0.0642,0.01226,0.1075,0.1411,-0.00927,0.32755,1.05074
2244,1420.6,24152217,1529862,0.732,0.12,12718,10832,14519,0.01275758,0,0,0.104,0.2221,0.2818,0.1236,0.01264,0.107,0.13899,-0.00996,0.32514,1.06779
2245,1421.4,24163079,1530531,0.723,0.121,12877,10862,14545,0.01275433,0,0,0.0848,0.1963,0.2955,0.1461,0.01262,0.10721,0.1372,-0.01193,0.3255,1.06732
2246,1422.3,24173923,1531168,0.731,0.121,12725,10844,14534,0.01275108,0,0,0.1039,0.1854,0.3255,0.1163,0.01209,0.10847,0.13168,-0.01178,0.31356,1.04498
2247,1423.3,24184786,1531831,0.901,0.121,10634,10863,14525,0.01274782,0,0,0.123,0.2273,0.3953,0.1552,0.01194,0.10831,0.13215,-0.00857,0.30822,1.0502
2248,1424.4,24195666,1532477,0.968,0.133,9885,10880,14531,0.01274456,0,0,0.1322,0.3102,0.3586,0.1668,0.01643,0.11597,0.13263,-0.00919,0.3109,1.06901
2249,1425.4,24206561,1533126,0.852,0.129,11096,10895,14566,0.0127413,0,0,0.1029,0.2755,0.3363,0.1377,0.01499,0.11401,0.1214,-0.01067,0.29137,1.06871
2250,1426.2,24217451,1533767,0.715,0.123,12993,10890,14563,0.01273803,0,0,0.1027,0.2067,0.3331,0.0728,0.0134,0.10904,0.12707,-0.00855,0.29795,1.04816
2251,1427.1,24228354,1534409,0.735,0.122,12711,10903,14582,0.01273476,0,0,0.0913,0.2305,0.3395,0.0741,0.01222,0.10971,0.13249,-0.00912,0.31002,1.05217
2252,1428.0,24239233,1535039,0.752,0.126,12394,10879,14539,0.01273149,0,0,0.1109,0.22,0.3138,0.107,0.01312,0.11258,0.13131,-0.00866,0.30587,1.01827
2253,1428.8,24250148,1535685,0.746,0.127,12503,10915,14601,0.01272823,0,0,0.0909,0.2144,0.3437,0.0974,0.01304,0.11307,0.13085,-0.01077,0.30944,1.0294
2254,1429.7,24261089,1536315,0.716,0.124,13040,10941,14623,0.01272496,0,0,0.099,0.2278,0.3193,0.0694,0.01154,0.1115,0.12751,-0.00908,0.29991,1.05002
2255,1430.5,24272030,1536968,0.737,0.124,12712,10941,14617,0.01272167,0,0,0.0913,0.2236,0.3305,0.0916,0.01173,0.11142,0.14474,-0.00871,0.33317,1.0328
2256,1431.4,24282919,1537612,0.77,0.13,12087,10889,14597,0.01271839,0,0,0.1169,0.2751,0.2889,0.0896,0.01788,0.11177,0.13427,-0.01039,0.31502,1.00993
2257,1432.5,24293820,1538235,0.878,0.126,10859,10901,14592,0.01271512,0,0,0.0853,0.2308,0.4279,0.1336,0.01244,0.11335,0.14322,-0.01082,0.33401,1.01929
2258,1433.3,24304678,1538870,0.721,0.128,12788,10858,14565,0.01271185,0,0,0.0889,0.2183,0.3317,0.0821,0.0113,0.1162,0.13577,-0.00927,0.31607,1.02235
2259,1434.1,24315575,1539506,0.694,0.124,13307,10897,14586,0.0127086,0,0,0.0891,0.2145,0.2991,0.0918,0.01171,0.11229,0.13503,-0.00826,0.31249,1.01961
2260,1434.9,24326419,1540137,0.679,0.125,13493,10844,14513,0.01270533,0,0,0.0899,0.1975,0.3176,0.0742,0.01216,0.11192,0.13411,-0.00972,0.31361,1.02122
2261,1435.9,24337309,1540767,0.872,0.128,10899,10890,14576,0.01270207,0,0,0.101,0.2768,0.3409,0.1529,0.01232,0.11474,0.1287,-0.00811,0.29919,1.00612
2262,1436.9,24348214,1541389,0.839,0.129,11273,10905,14588,0.01269881,0,0,0.0919,0.2677,0.3663,0.1129,0.01251,0.11556,0.12731,-0.00637,0.29286,1.00391
2263,1438.0,24359107,1541995,0.947,0.129,10128,10893,14598,0.01269554,0,0,0.1065,0.2609,0.4271,0.1522,0.01345,0.11487,0.12793,-0.0104,0.30251,1.01807
2264,1439.0,24369989,1542620,0.892,0.128,10670,10882,14554,0.01269227,0,0,0.1199,0.2235,0.3905,0.1577,0.01235,0.11541,0.12502,-0.01031,0.29672,1.02716
2265,1440.1,24380927,1543226,1.026,0.131,9460,10938,14620,0.012689,0,0,0.123,0.3426,0.3911,0.1689,0.01212,0.11525,0.12313,-0.00728,0.287,1.03187
2266,1441.2,24391798,1543840,0.898,0.128,10596,10871,14591,0.01268572,0,0,0.1266,0.2977,0.3386,0.1348,0.01318,0.11457,0.11208,-0.00947,0.26913,1.02636
2267,1442.2,24402721,1544458,0.904,0.134,10523,10923,14635,0.01268246,0,0,0.1104,0.2198,0.4169,0.1572,0.01303,0.12015,0.10543,-0.00939,0.25599,1.03835
2268,1443.0,24413654,1545056,0.694,0.127,13308,10933,14630,0.01267918,0,0,0.092,0.1978,0.3202,0.0845,0.01256,0.114,0.11657,-0.00787,0.27548,1.04928
2269,1443.9,24424521,1545675,0.772,0.12,12184,10867,14554,0.0126759,0,0,0.1201,0.2075,0.3548,0.0896,0.012,0.10759,0.11603,-0.00628,0.27093,1.03851
2270,1444.8,24435438,1546274,0.77,0.12,12270,10917,14584,0.01267264,0,0,0.0984,0.1987,0.3545,0.1182,0.01184,0.10772,0.12337,-0.00964,0.29231,1.0373
2271,1445.6,24446373,1546883,0.71,0.121,13167,10935,14632,0.01266937,0,0,0.0966,0.2037,0.3464,0.0628,0.01223,0.10815,0.10693,-0.00851,0.25748,1.04965
2272,1446.5,24457260,1547485,0.697,0.122,13295,10887,14580,0.01266609,0,0,0.1022,0.1917,0.3515,0.0517,0.01158,0.10954,0.1063,-0.00787,0.25438,1.02838
2273,1447.3,24468180,1548079,0.745,0.12,12619,10920,14632,0.01266282,0,0,0.1005,0.1882,0.3515,0.1048,0.01176,0.10823,0.11691,-0.00948,0.27923,1.0443
2274,1448.2,24479063,1548689,0.716,0.12,13022,10883,14546,0.01265955,0,0,0.0909,0.1898,0.3527,0.0822,0.01179,0.1079,0.12421,-0.00656,0.28723,1.01443
2275,1449.1,24489932,1549295,0.78,0.119,12091,10869,14569,0.01265628,0,0,0.0991,0.2399,0.3777,0.0632,0.01181,0.10671,0.1191,-0.01105,0.28701,1.05545
2276,1449.9,24500807,1549899,0.753,0.122,12437,10875,14558,0.01265302,0,0,0.1039,0.2035,0.3371,0.1081,0.0127,0.10869,0.10251,-0.00864,0.24804,1.01742
2277,1450.7,24511729,1550503,0.638,0.121,14381,10922,14622,0.01264976,0,0,0.1044,0.1785,0.3082,0.0472,0.01288,0.1078,0.11995,-0.00845,0.28286,1.0301
2278,1451.4,24522634,1551082,0.594,0.121,15243,10905,14609,0.01264648,0,0,0.0874,0.1667,0.2748,0.0653,0.01213,0.10768,0.11183,-0.01011,0.27022,1.04115
2279,1452.2,24533576,1551688,0.647,0.122,14224,10942,14667,0.01264321,0,0,0.097,0.1775,0.2927,0.0801,0.01317,0.10833,0.10916,-0.01052,0.2654,1.02923
2280,1452.9,24544521,1552292,0.561,0.119,16094,10945,14645,0.01263993,0,0,0.0803,0.1677,0.2658,0.0472,0.01134,0.10732,0.12432,-0.00848,0.29171,1.03316
2281,1453.5,24555479,1552888,0.551,0.121,16298,10958,14634,0.01263664,0,0,0.0827,0.1596,0.2651,0.0435,0.01359,0.10743,0.11363,-0.00923,0.27174,1.02889
2282,1454.2,24566440,1553475,0.555,0.12,16250,10961,14651,0.01263336,0,0,0.0827,0.1538,0.2583,0.06,0.01173,0.10759,0.11855,-0.00819,0.27976,1.03975
2283,1454.9,24577386,1554068,0.579,0.119,15671,10946,14645,0.01263007,0,0,0.0827,0.1607,0.276,0.0599,0.01102,0.10777,0.11807,-0.01016,0.2825,1.03094
2284,1455.6,24588363,1554654,0.554,0.122,16236,10977,14688,0.01262678,0,0,0.083,0.1629,0.2583,0.0501,0.01371,0.10762,0.11931,-0.00956,0.28352,1.02105
2285,1456.3,24599318,1555242,0.573,0.121,15778,10955,14635,0.01262349,0,0,0.0876,0.1756,0.2707,0.0393,0.01169,0.10899,0.11426,-0.01013,0.27517,1.04515
2286,1457.0,24610233,1555841,0.613,0.119,14905,10915,14595,0.0126202,0,0,0.085,0.1672,0.2774,0.0836,0.01166,0.10681,0.12313,-0.00826,0.28951,1.05897
2287,1457.7,24621150,1556450,0.549,0.12,16317,10917,14602,0.01261693,0,0,0.0811,0.1607,0.2638,0.0432,0.01214,0.10767,0.10954,-0.00712,0.25917,1.02384
2288,1458.4,24632053,1557043,0.564,0.119,15957,10903,14581,0.01261366,0,0,0.0805,0.1578,0.2728,0.053,0.01251,0.10619,0.1163,-0.00838,0.2759,1.05201
2289,1459.1,24642983,1557646,0.651,0.128,14022,10930,14597,0.01261038,0,0,0.0916,0.1995,0.2855,0.0745,0.01213,0.11587,0.11326,-0.00892,0.27121,1.06476
2290,1459.9,24653912,1558233,0.579,0.125,15525,10929,14614,0.01260711,0,0,0.0907,0.169,0.2678,0.0519,0.01149,0.11273,0.11556,-0.00781,0.274,1.0804
2291,1460.6,24664820,1558818,0.596,0.124,15156,10908,14598,0.01260383,0,0,0.0853,0.1811,0.2855,0.0438,0.01307,0.11057,0.09805,-0.00884,0.24178,1.11059
2292,1461.4,24675751,1559425,0.666,0.128,13773,10931,14631,0.01260055,0,0,0.0855,0.1808,0.3012,0.0983,0.01191,0.11557,0.09998,-0.0075,0.24317,1.12006
2293,1462.1,24686667,1560011,0.586,0.124,15389,10916,14597,0.01259727,0,0,0.0913,0.1711,0.2789,0.0443,0.01176,0.11152,0.09485,-0.009,0.23533,1.09654
2294,1462.8,24697596,1560600,0.579,0.124,15548,10929,14618,0.012594,0,0,0.0828,0.1759,0.273,0.0471,0.0111,0.11252,0.09468,-0.00976,0.23715,1.12216
2295,1463.6,24708466,1561196,0.666,0.127,13700,10870,14543,0.01259072,0,0,0.0911,0.1777,0.3259,0.0714,0.01429,0.11266,0.10375,-0.00789,0.25104,1.10212
2296,1464.4,24719384,1561791,0.711,0.123,13088,10918,14591,0.01258746,0,0,0.1012,0.2021,0.3446,0.0632,0.01155,0.11096,0.08636,-0.00689,0.21455,1.11376
2297,1465.2,24730326,1562376,0.684,0.124,13535,10942,14590,0.01258418,0,0,0.0908,0.1805,0.2946,0.1182,0.01231,0.11156,0.09285,-0.0082,0.22985,1.10327
2298,1466.0,24741211,1562968,0.675,0.126,13583,10885,14581,0.0125809,0,0,0.0854,0.1728,0.2866,0.1302,0.01356,0.11212,0.10624,-0.00912,0.25938,1.13866
2299,1466.8,24752118,1563564,0.638,0.125,14295,10907,14585,0.01257764,0,0,0.085,0.1855,0.2774,0.0897,0.01242,0.1125,0.09712,-0.00919,0.24193,1.1651
2300,1467.5,24763021,1564163,0.64,0.128,14201,10903,14600,0.01257436,0,0,0.0895,0.1958,0.2915,0.0629,0.01293,0.11441,0.09311,-0.0096,0.23484,1.17009
2301,1468.3,24773947,1564736,0.67,0.128,13695,10926,14593,0.01257109,0,0,0.1044,0.188,0.2976,0.0799,0.01303,0.11445,0.09124,-0.00968,0.23072,1.1487
2302,1469.2,24784883,1565331,0.682,0.13,13454,10936,14620,0.01256782,0,0,0.0975,0.2088,0.3248,0.0512,0.01132,0.11863,0.09299,-0.00714,0.22998,1.18213
2303,1470.0,24795829,1565892,0.646,0.133,14059,10946,14630,0.01256454,0,0,0.0966,0.2092,0.272,0.0682,0.01212,0.11998,0.09387,-0.00798,0.23343,1.18274
2304,1470.8,24806803,1566482,0.652,0.135,13949,10974,14666,0.01256125,0,0,0.0864,0.1665,0.2903,0.1086,0.01464,0.11977,0.08677,-0.01066,0.22433,1.17282
2305,1471.6,24817768,1567057,0.684,0.127,13525,10965,14621,0.01255796,0,0,0.1003,0.2063,0.3096,0.0678,0.01211,0.11422,0.09836,-0.01063,0.24731,1.16792
2306,1472.4,24828732,1567654,0.66,0.129,13890,10964,14657,0.01255467,0,0,0.0951,0.1979,0.309,0.058,0.01228,0.11645,0.08023,-0.01115,0.21215,1.17054
2307,1473.2,24839708,1568220,0.729,0.131,12757,10976,14652,0.01255138,0,0,0.0968,0.2089,0.3143,0.1093,0.01473,0.11583,0.08765,-0.011,0.22628,1.15446
2308,1474.1,24850748,1568776,0.701,0.13,13290,11040,14740,0.01254809,0,0,0.0956,0.1931,0.3595,0.0526,0.01345,0.11603,0.07788,-0.00824,0.20138,1.16148
2309,1474.8,24861715,1569344,0.652,0.128,14063,10967,14665,0.01254478,0,0,0.0954,0.1811,0.3049,0.0702,0.01152,0.11637,0.09432,-0.0101,0.23783,1.15539
2310,1475.6,24872676,1569936,0.633,0.123,14492,10961,14629,0.01254149,0,0,0.0912,0.1737,0.2971,0.0713,0.01351,0.10903,0.09017,-0.01028,0.23035,1.17457
2311,1476.3,24883665,1570540,0.606,0.121,15110,10989,14664,0.0125382,0,0,0.0969,0.1716,0.287,0.0509,0.01106,0.10942,0.0936,-0.0092,0.23481,1.16465
2312,1477.1,24894622,1571121,0.607,0.125,14967,10957,14612,0.0125349,0,0,0.0853,0.1754,0.2924,0.0538,0.01169,0.11302,0.10012,-0.01019,0.24987,1.16738
2313,1477.8,24905565,1571711,0.663,0.124,13906,10943,14592,0.01253161,0,0,0.0941,0.1702,0.3077,0.0913,0.012,0.1112,0.10043,-0.00947,0.24859,1.1485
2314,1478.6,24916550,1572290,0.632,0.121,14581,10985,14665,0.01252833,0,0,0.0906,0.1894,0.301,0.051,0.01182,0.10915,0.09952,-0.01152,0.25179,1.18544
2315,1479.4,24927486,1572886,0.672,0.122,13772,10936,14624,0.01252504,0,0,0.0998,0.1814,0.3385,0.0527,0.01023,0.111,0.09652,-0.01004,0.24247,1.17101
2316,1480.2,24938415,1573477,0.661,0.126,13898,10929,14587,0.01252175,0,0,0.0842,0.1815,0.3066,0.0886,0.01431,0.11087,0.10113,-0.01055,0.25197,1.14254
2317,1480.9,24949337,1574080,0.586,0.122,15421,10922,14578,0.01251848,0,0,0.0903,0.173,0.2762,0.0467,0.01165,0.10989,0.10921,-0.00752,0.26161,1.12459
2318,1481.6,24960293,1574664,0.577,0.122,15677,10956,14642,0.0125152,0,0,0.0853,0.1657,0.2756,0.0505,0.01186,0.10956,0.08491,-0.00931,0.21669,1.12796
2319,1482.4,24971234,1575252,0.664,0.121,13931,10941,14603,0.01251191,0,0,0.103,0.1797,0.2948,0.0867,0.01153,0.1092,0.09624,-0.00756,0.2354,1.11108
2320,1483.1,24982121,1575847,0.624,0.121,14608,10887,14552,0.01250863,0,0,0.0896,0.1758,0.3052,0.0532,0.01123,0.10986,0.09944,-0.01026,0.24696,1.10086
2321,1483.9,24993064,1576446,0.619,0.123,14750,10943,14605,0.01250536,0,0,0.092,0.1826,0.279,0.0651,0.01196,0.11077,0.11337,-0.00785,0.26948,1.08114
2322,1484.7,25004003,1577060,0.696,0.121,13383,10939,14622,0.01250208,0,0,0.097,0.1906,0.3138,0.0949,0.01204,0.10852,0.10252,-0.00969,0.25216,1.10931
2323,1485.5,25014957,1577646,0.692,0.121,13462,10954,14627,0.0124988,0,0,0.0972,0.2102,0.3153,0.0696,0.01155,0.1095,0.10386,-0.01036,0.25559,1.08628
2324,1486.3,25025852,1578244,0.674,0.127,13614,10895,14561,0.01249551,0,0,0.0976,0.204,0.3111,0.0609,0.01534,0.11095,0.09853,-0.00907,0.24201,1.07295
2325,1487.2,25036769,1578850,0.766,0.126,12239,10917,14593,0.01249224,0,0,0.0942,0.2017,0.3762,0.0943,0.01445,0.11079,0.10194,-0.00806,0.24678,1.07219
2326,1487.9,25047705,1579449,0.634,0.122,14476,10936,14646,0.01248897,0,0,0.0867,0.1884,0.3218,0.0368,0.01133,0.11004,0.08906,-0.00822,0.22176,1.08876
2327,1488.7,25058573,1580054,0.666,0.123,13781,10868,14570,0.01248569,0,0,0.1006,0.1877,0.3166,0.0612,0.01171,0.1103,0.10156,-0.00945,0.24857,1.06373
2328,1489.5,25069498,1580662,0.697,0.122,13324,10925,14606,0.01248243,0,0,0.098,0.1898,0.3263,0.0833,0.01163,0.11026,0.10234,-0.0079,0.24689,1.05827
2329,1490.3,25080386,1581255,0.653,0.124,14014,10888,14552,0.01247915,0,0,0.0922,0.1883,0.3212,0.0516,0.01427,0.10878,0.09921,-0.00896,0.24243,1.04556
2330,1491.1,25091278,1581866,0.638,0.122,14330,10892,14570,0.01247588,0,0,0.0823,0.2012,0.3005,0.0545,0.01214,0.10905,0.09562,-0.00726,0.23212,1.05656
2331,1491.9,25102159,1582476,0.681,0.121,13574,10881,14550,0.01247262,0,0,0.0975,0.1895,0.3001,0.0939,0.01141,0.1088,0.10145,-0.01116,0.25124,1.04252
2332,1492.6,25112994,1583080,0.627,0.12,14505,10835,14513,0.01246935,0,0,0.0909,0.1858,0.3021,0.0477,0.01105,0.10882,0.10583,-0.00956,0.25677,1.0422
2333,1493.4,25123874,1583702,0.674,0.121,13682,10880,14579,0.0124661,0,0,0.0872,0.1787,0.3541,0.0543,0.01146,0.10904,0.10379,-0.00635,0.24632,1.04468
2334,1494.2,25134796,1584303,0.647,0.121,14232,10922,14639,0.01246284,0,0,0.0905,0.187,0.2869,0.0824,0.01123,0.10887,0.11682,-0.00565,0.27128,1.05625
2335,1494.9,25145709,1584908,0.585,0.122,15427,10913,14591,0.01245956,0,0,0.0833,0.177,0.2713,0.0535,0.01188,0.10992,0.10965,-0.00885,0.26312,1.04824
2336,1495.6,25156631,1585503,0.564,0.123,15899,10922,14613,0.01245629,0,0,0.0897,0.1613,0.2641,0.0491,0.01121,0.11119,0.11286,-0.01105,0.27447,1.06972
2337,1496.4,25167530,1586104,0.682,0.127,13482,10899,14598,0.01245301,0,0,0.0969,0.1776,0.2978,0.1094,0.01643,0.10961,0.11686,-0.0067,0.27367,1.06617
2338,1497.1,25178367,1586733,0.604,0.125,14873,10837,14506,0.01244974,0,0,0.0917,0.1727,0.2876,0.0518,0.01269,0.11179,0.11271,-0.01072,0.27352,1.0704
2339,1497.9,25189231,1587322,0.671,0.124,13678,10864,14557,0.01244649,0,0,0.0865,0.2262,0.2974,0.0607,0.013,0.11007,0.10528,-0.00747,0.25246,1.08337
2340,1498.7,25200093,1587952,0.681,0.123,13496,10862,14550,0.01244323,0,0,0.0976,0.1901,0.2889,0.1048,0.01253,0.11044,0.11604,-0.00836,0.27483,1.04604
2341,1499.5,25210992,1588560,0.647,0.131,14004,10899,14579,0.01243997,0,0,0.0964,0.1868,0.3124,0.0519,0.0121,0.11831,0.11234,-0.01054,0.27214,1.06071
2342,1500.3,25221872,1589169,0.652,0.131,13879,10880,14593,0.0124367,0,0,0.1014,0.1869,0.3003,0.0638,0.01241,0.11858,0.11685,-0.00961,0.27908,1.05193
2343,1501.2,25232750,1589772,0.817,0.132,11466,10878,14577,0.01243344,0,0,0.1109,0.2176,0.3603,0.1282,0.01253,0.11866,0.1105,-0.00753,0.26291,1.07925
2344,1502.1,25243622,1590376,0.765,0.131,12138,10872,14576,0.01243018,0,0,0.1228,0.2552,0.3209,0.0658,0.01298,0.11765,0.10909,-0.00877,0.26218,1.06421
2345,1503.0,25254490,1591004,0.756,0.13,12257,10868,14551,0.01242691,0,0,0.112,0.2085,0.3341,0.1016,0.01237,0.11753,0.11808,-0.00919,0.28057,1.04752
2346,1504.1,25265372,1591616,0.967,0.133,9893,10882,14600,0.01242365,0,0,0.1099,0.2856,0.429,0.1426,0.01243,0.11995,0.11571,-0.00975,0.27716,1.05621
2347,1505.2,25276247,1592224,0.897,0.133,10561,10875,14550,0.01242039,0,0,0.1332,0.3013,0.3897,0.0729,0.01226,0.11993,0.11432,-0.00927,0.27425,1.0899
2348,1506.2,25287102,1592824,0.912,0.132,10406,10855,14508,0.01241713,0,0,0.1084,0.2805,0.4132,0.1094,0.01244,0.11869,0.11058,-0.00952,0.26675,1.06935
2349,1507.3,25297982,1593442,0.979,0.125,9852,10880,14574,0.01241387,0,0,0.1046,0.3056,0.4519,0.117,0.01306,0.11157,0.10681,-0.01042,0.26145,1.08707
2350,1508.3,25308891,1594048,0.892,0.123,10754,10909,14578,0.01241061,0,0,0.1063,0.2746,0.397,0.114,0.01209,0.11002,0.10557,-0.01009,0.25845,1.09303
2351,1509.2,25319803,1594655,0.757,0.123,12397,10912,14586,0.01240733,0,0,0.1073,0.2231,0.3572,0.0693,0.01355,0.10932,0.10027,-0.01224,0.25189,1.08312
2352,1510.1,25330711,1595268,0.703,0.122,13219,10908,14586,0.01240406,0,0,0.0863,0.2221,0.3314,0.0637,0.01197,0.10925,0.10808,-0.00695,0.25741,1.10293
2353,1511.0,25341618,1595879,0.829,0.122,11471,10907,14568,0.01240079,0,0,0.0891,0.2604,0.3532,0.1263,0.01194,0.10935,0.10494,-0.00866,0.25412,1.0851
2354,1512.1,25352499,1596485,0.928,0.123,10350,10881,14595,0.01239751,0,0,0.1208,0.2697,0.4317,0.1062,0.01185,0.11068,0.09566,-0.00898,0.23676,1.1083
2355,1513.1,25363417,1597087,0.929,0.122,10396,10918,14596,0.01239425,0,0,0.1129,0.3199,0.3683,0.1275,0.01195,0.10918,0.08381,-0.01024,0.21548,1.10492
2356,1514.1,25374361,1597690,0.826,0.125,11502,10944,14630,0.01239097,0,0,0.0874,0.2257,0.3913,0.1221,0.01314,0.11128,0.08601,-0.00796,0.2155,1.1123
2357,1515.0,25385267,1598302,0.763,0.125,12274,10906,14614,0.01238769,0,0,0.0893,0.1895,0.3814,0.103,0.01408,0.11069,0.10024,-0.00887,0.24548,1.10011
2358,1515.8,25396184,1598908,0.741,0.124,12612,10917,14607,0.01238442,0,0,0.0997,0.2102,0.3288,0.1025,0.01301,0.11095,0.07974,-0.01134,0.21012,1.12888
2359,1516.5,25407098,1599543,0.577,0.122,15607,10914,14594,0.01238114,0,0,0.081,0.1613,0.2826,0.052,0.01163,0.11036,0.09752,-0.00813,0.23822,1.08721
2360,1517.2,25418045,1600158,0.547,0.123,16355,10947,14618,0.01237787,0,0,0.0847,0.1527,0.2663,0.043,0.0111,0.11096,0.09543,-0.01057,0.23884,1.08429
2361,1517.9,25428997,1600778,0.597,0.122,15230,10952,14626,0.01237459,0,0,0.0838,0.1678,0.2733,0.072,0.01186,0.1099,0.08697,-0.01059,0.22238,1.10192
2362,1518.6,25439885,1601400,0.538,0.12,16537,10888,14563,0.0123713,0,0,0.0815,0.1514,0.2643,0.0409,0.01154,0.10841,0.09659,-0.00936,0.23904,1.09672
2363,1519.2,25450771,1602032,0.515,0.121,17133,10886,14560,0.01236803,0,0,0.075,0.1458,0.2575,0.0363,0.01235,0.10813,0.1005,-0.01148,0.25099,1.09262
2364,1519.9,25461653,1602648,0.542,0.12,16440,10882,14578,0.01236477,0,0,0.0789,0.1529,0.2615,0.0484,0.0113,0.10842,0.09666,-0.00948,0.23892,1.07724
2365,1520.6,25472545,1603263,0.567,0.121,15825,10892,14544,0.0123615,0,0,0.0778,0.1445,0.249,0.0956,0.01254,0.10847,0.10587,-0.00805,0.2534,1.03325
2366,1521.2,25483424,1603889,0.557,0.123,16003,10879,14553,0.01235824,0,0,0.0837,0.1613,0.2636,0.0488,0.01199,0.11012,0.10617,-0.00806,0.2538,1.02548
2367,1521.9,25494315,1604497,0.567,0.122,15805,10891,14565,0.01235497,0,0,0.0835,0.1676,0.2691,0.0468,0.01287,0.10883,0.10428,-0.00826,0.25013,1.01376
2368,1522.7,25505209,1605133,0.603,0.122,15026,10894,14544,0.01235171,0,0,0.0819,0.1652,0.2851,0.0704,0.012,0.10993,0.11435,-0.00628,0.26664,1.02753
2369,1523.4,25516030,1605752,0.614,0.122,14700,10821,14491,0.01234844,0,0,0.0797,0.1665,0.2776,0.09,0.01205,0.10981,0.10827,-0.00947,0.26086,1.02711
2370,1524.1,25526906,1606357,0.547,0.121,16258,10876,14537,0.01234519,0,0,0.0815,0.1586,0.2625,0.0449,0.0105,0.11057,0.11151,-0.009,0.26606,1.01392
2371,1524.8,25537782,1606985,0.633,0.123,14396,10876,14541,0.01234193,0,0,0.0825,0.172,0.2779,0.1003,0.01098,0.11145,0.1148,-0.01037,0.27533,1.01224
2372,1525.5,25548661,1607612,0.559,0.124,15919,10879,14569,0.01233867,0,0,0.0808,0.1576,0.2737,0.0473,0.01147,0.11204,0.10696,-0.01039,0.25964,1.01078
2373,1526.2,25559535,1608240,0.584,0.122,15396,10874,14529,0.0123354,0,0,0.082,0.1831,0.2732,0.0456,0.0117,0.11015,0.10573,-0.01,0.25605,0.99668
2374,1526.9,25570400,1608853,0.599,0.122,15077,10865,14538,0.01233214,0,0,0.083,0.1567,0.2711,0.0879,0.01115,0.11026,0.10695,-0.00828,0.25567,1.02246
2375,1527.6,25581291,1609467,0.551,0.118,16264,10891,14569,0.01232888,0,0,0.0814,0.1682,0.2613,0.0406,0.01091,0.10676,0.10987,-0.00925,0.26326,1.01462
2376,1528.3,25592130,1610088,0.552,0.122,16082,10839,14511,0.01232561,0,0,0.0853,0.157,0.2647,0.0447,0.01234,0.10955,0.11195,-0.00817,0.26514,1.01082
2377,1528.9,25602931,1610707,0.549,0.123,16071,10801,14476,0.01232236,0,0,0.0833,0.1534,0.2636,0.0488,0.01164,0.11085,0.11787,-0.00894,0.27851,1.0099
2378,1529.6,25613758,1611332,0.557,0.12,15996,10827,14504,0.01231912,0,0,0.0773,0.1518,0.2635,0.0641,0.01144,0.10836,0.10747,-0.009,0.25803,1.01839
2379,1530.3,25624617,1611940,0.558,0.121,15997,10859,14527,0.01231587,0,0,0.0803,0.1602,0.2555,0.0618,0.01135,0.10921,0.11222,-0.00984,0.26914,1.01568
2380,1531.0,25635457,1612551,0.553,0.123,16041,10840,14505,0.01231261,0,0,0.0808,0.1521,0.2691,0.0511,0.01334,0.10889,0.10733,-0.00775,0.25506,1.01129
2381,1531.9,25646306,1613180,0.76,0.13,12197,10849,14498,0.01230936,0,0,0.1053,0.1818,0.3731,0.0996,0.01226,0.11695,0.12659,-0.00777,0.29338,1.00143
2382,1532.6,25657136,1613793,0.607,0.132,14668,10830,14477,0.01230611,0,0,0.087,0.1827,0.2851,0.0518,0.01282,0.11856,0.11754,-0.00793,0.27532,0.99034
2383,1533.4,25667998,1614400,0.709,0.13,12944,10862,14534,0.01230286,0,0,0.0987,0.2022,0.3506,0.0573,0.01249,0.11733,0.11527,-0.01006,0.27582,1.02251
2384,1534.3,25678903,1614979,0.693,0.133,13212,10905,14567,0.0122996,0,0,0.1,0.1756,0.3064,0.1108,0.01317,0.11887,0.11122,-0.00961,0.2662,0.99772
2385,1535.0,25689775,1615596,0.632,0.131,14247,10872,14515,0.01229633,0,0,0.0936,0.1842,0.3084,0.0458,0.0131,0.11756,0.11949,-0.00758,0.27822,0.97898
2386,1535.8,25700639,1616191,0.619,0.13,14500,10864,14531,0.01229307,0,0,0.0885,0.1755,0.2983,0.0567,0.01255,0.11717,0.11779,-0.00948,0.27954,1.01664
2387,1536.6,25711538,1616804,0.67,0.129,13640,10899,14547,0.01228981,0,0,0.0988,0.1785,0.2928,0.0995,0.01226,0.11683,0.12241,-0.00808,0.28514,0.98297
2388,1537.3,25722390,1617423,0.6,0.129,14887,10852,14498,0.01228654,0,0,0.0888,0.1814,0.2711,0.0586,0.01254,0.11588,0.12384,-0.00759,0.28683,0.97504
2389,1538.1,25733263,1618028,0.652,0.133,13837,10873,14539,0.01228328,0,0,0.0903,0.1862,0.3253,0.0506,0.01685,0.11587,0.11939,-0.00387,0.27076,0.98676
2390,1538.9,25744151,1618635,0.715,0.129,12906,10888,14546,0.01228002,0,0,0.1056,0.1952,0.2979,0.1164,0.01227,0.11586,0.11243,-0.00749,0.26362,0.96839
2391,1539.7,25754987,1619233,0.619,0.122,14620,10836,14505,0.01227675,0,0,0.0857,0.1846,0.2875,0.0615,0.01263,0.1088,0.11843,-0.00884,0.2785,0.97558
2392,1540.4,25765863,1619836,0.608,0.122,14900,10876,14518,0.0122735,0,0,0.0863,0.1875,0.2883,0.0462,0.01198,0.10926,0.11576,-0.00914,0.27319,0.95283
2393,1541.1,25776716,1620466,0.609,0.122,14849,10853,14516,0.01227024,0,0,0.0815,0.1705,0.2679,0.089,0.01232,0.10922,0.12642,-0.00815,0.2924,0.94823
2394,1541.9,25787540,1621077,0.579,0.124,15411,10824,14457,0.01226699,0,0,0.0863,0.1713,0.2757,0.0454,0.0119,0.11114,0.12354,-0.00813,0.28649,0.94362
2395,1542.6,25798381,1621688,0.603,0.122,14946,10841,14454,0.01226374,0,0,0.0862,0.1785,0.2747,0.064,0.01134,0.11014,0.1174,-0.00791,0.27421,0.96247
2396,1543.3,25809277,1622304,0.637,0.124,14311,10896,14531,0.01226049,0,0,0.0897,0.1607,0.2978,0.0891,0.01254,0.11116,0.11646,-0.00703,0.27024,0.94807
2397,1544.1,25820136,1622915,0.617,0.123,14678,10859,14517,0.01225722,0,0,0.0993,0.196,0.2757,0.0457,0.01258,0.10998,0.13329,-0.00775,0.30535,0.94872
2398,1544.9,25830949,1623526,0.668,0.123,13657,10813,14475,0.01225396,0,0,0.0855,0.1856,0.3426,0.0549,0.01227,0.11057,0.11466,-0.00833,0.26891,0.93522
2399,1545.8,25841760,1624145,0.782,0.123,11935,10811,14434,0.01225072,0,0,0.0893,0.245,0.3317,0.1164,0.01264,0.11026,0.12183,-0.00806,0.28206,0.90963
2400,1546.5,25852640,1624767,0.564,0.121,15876,10880,14551,0.01224747,0,0,0.0854,0.1695,0.2574,0.0516,0.01129,0.10916,0.11918,-0.0065,0.27499,0.96501
2401,1547.7,25863506,1625357,0.611,0.129,14683,10866,14520,0.01224421,0,0,0.0816,0.1826,0.2911,0.0558,0.01259,0.11579,0.10711,-0.00759,0.25291,0.95992
2402,1548.5,25874412,1625963,0.644,0.127,14142,10906,14563,0.01224095,0,0,0.0832,0.1642,0.2886,0.1081,0.01301,0.11367,0.11751,-0.00711,0.27267,0.95677
2403,1549.3,25885309,1626583,0.654,0.123,14026,10897,14572,0.01223768,0,0,0.0818,0.211,0.2921,0.0692,0.01294,0.10916,0.11281,-0.00722,0.26342,0.95463
2404,1550.1,25896205,1627186,0.684,0.122,13514,10896,14538,0.01223441,0,0,0.0969,0.1837,0.3412,0.0627,0.01236,0.10899,0.11897,-0.00623,0.27419,0.9722
2405,1550.9,25907087,1627794,0.653,0.124,14006,10882,14530,0.01223114,0,0,0.0881,0.1713,0.2805,0.1133,0.01273,0.11037,0.11949,-0.00716,0.2768,0.96094
2406,1551.6,25917946,1628412,0.6,0.125,14976,10859,14484,0.01222787,0,0,0.0844,0.1749,0.2865,0.0539,0.01442,0.11046,0.11747,-0.00862,0.27472,0.92154
2407,1552.3,25928827,1629023,0.592,0.125,15189,10881,14522,0.01222462,0,0,0.086,0.1808,0.2758,0.0493,0.01305,0.11103,0.11904,-0.00673,0.27495,0.95796
2408,1553.1,25939690,1629641,0.65,0.124,14029,10863,14489,0.01222135,0,0,0.0822,0.1743,0.2881,0.1052,0.01278,0.11124,0.11791,-0.00989,0.27849,0.93639
2409,1553.8,25950543,1630256,0.572,0.124,15601,10853,14496,0.01221809,0,0,0.0821,0.1631,0.2756,0.0513,0.01238,0.11073,0.11808,-0.00883,0.27733,0.96161
2410,1554.5,25961412,1630856,0.567,0.124,15729,10869,14468,0.01221484,0,0,0.0887,0.1612,0.269,0.0478,0.01288,0.11088,0.1305,-0.00841,0.30094,0.94706
2411,1555.2,25972295,1631462,0.635,0.122,14386,10883,14538,0.01221158,0,0,0.0846,0.1651,0.2798,0.1053,0.0121,0.10913,0.11418,-0.00728,0.26688,0.9814
2412,1556.0,25983183,1632072,0.602,0.122,15034,10888,14520,0.01220831,0,0,0.0903,0.1678,0.2894,0.0546,0.01174,0.10993,0.12636,-0.00808,0.29224,0.95639
2413,1556.6,25994069,1632690,0.546,0.122,16305,10886,14540,0.01220505,0,0,0.0863,0.1529,0.2614,0.0449,0.01203,0.10958,0.11966,-0.00702,0.27659,0.95178
2414,1557.3,26004934,1633279,0.58,0.123,15451,10865,14506,0.01220178,0,0,0.0839,0.1497,0.2519,0.0946,0.01365,0.10893,0.12657,-0.00882,0.29475,0.9815
2415,1558.1,26015784,1633901,0.642,0.121,14208,10850,14501,0.01219852,0,0,0.0947,0.1788,0.2808,0.0882,0.01181,0.10898,0.1185,-0.00991,0.28105,0.9931
2416,1558.9,26026640,1634507,0.681,0.122,13511,10856,14485,0.01219526,0,0,0.0906,0.1903,0.2778,0.1224,0.0125,0.10933,0.12153,-0.00875,0.28389,0.95646
2417,1559.7,26037499,1635129,0.646,0.123,14112,10859,14513,0.01219201,0,0,0.0862,0.1791,0.2887,0.0921,0.01169,0.11134,0.11944,-0.00886,0.27924,0.9283
2418,1560.4,26048330,1635761,0.596,0.123,15061,10831,14501,0.01218875,0,0,0.0828,0.1571,0.2648,0.0918,0.01192,0.11033,0.11028,-0.00961,0.26296,0.95105
2419,1561.1,26059191,1636355,0.567,0.122,15760,10861,14486,0.0121855,0,0,0.0859,0.1436,0.2693,0.068,0.0116,0.1103,0.13026,-0.00853,0.30067,0.94795
2420,1561.8,26070037,1636982,0.618,0.122,14657,10846,14507,0.01218224,0,0,0.0856,0.1513,0.2659,0.1147,0.01179,0.11031,0.12345,-0.00776,0.28503,0.92814
2421,1562.5,26080877,1637583,0.553,0.122,16064,10840,14506,0.01217899,0,0,0.0842,0.1514,0.2669,0.0502,0.01165,0.10995,0.10885,-0.01009,0.26129,0.96114
2422,1563.2,26091730,1638216,0.542,0.124,16288,10853,14513,0.01217574,0,0,0.0829,0.1536,0.2586,0.0467,0.01294,0.11101,0.10792,-0.00784,0.2542,0.9319
2423,1564.0,26102562,1638823,0.659,0.135,13652,10832,14468,0.01217248,0,0,0.0904,0.1798,0.2831,0.1055,0.01234,0.1216,0.11664,-0.00865,0.27386,0.95642
2424,1564.7,26113389,1639432,0.583,0.136,15074,10827,14494,0.01216923,0,0,0.0875,0.1686,0.2717,0.0548,0.01297,0.12222,0.10827,-0.00968,0.25992,0.9868
2425,1565.4,26124255,1640054,0.596,0.136,14860,10866,14525,0.01216598,0,0,0.0914,0.1669,0.2827,0.0546,0.01385,0.12124,0.11604,-0.00863,0.27219,0.93945
2426,1566.2,26135158,1640660,0.655,0.135,13806,10903,14595,0.01216272,0,0,0.0886,0.1647,0.3035,0.0979,0.01344,0.1212,0.12355,-0.01,0.29078,0.97287
2427,1567.0,26146004,1641280,0.619,0.137,14340,10846,14530,0.01215945,0,0,0.0932,0.1704,0.2899,0.0659,0.0124,0.12385,0.11049,-0.00945,0.2634,0.9671
2428,1567.7,26156839,1641889,0.615,0.136,14429,10835,14503,0.0121562,0,0,0.0907,0.1754,0.2926,0.0568,0.01418,0.12077,0.12059,-0.00907,0.28258,0.95718
2429,1568.5,26167684,1642508,0.682,0.135,13270,10845,14494,0.01215295,0,0,0.0953,0.1812,0.2932,0.1123,0.01346,0.1213,0.12312,-0.00761,0.28437,0.94248
2430,1569.3,26178548,1643140,0.654,0.137,13734,10864,14531,0.01214969,0,0,0.0937,0.1871,0.3018,0.071,0.01346,0.12327,0.11426,-0.0095,0.27018,0.93172
2431,1570.1,26189363,1643747,0.669,0.138,13401,10815,14488,0.01214644,0,0,0.0927,0.1884,0.3169,0.0712,0.01308,0.12399,0.12275,-0.00701,0.28215,0.93155
2432,1570.9,26200198,1644347,0.662,0.127,13736,10835,14513,0.01214319,0,0,0.0872,0.1761,0.2912,0.107,0.01303,0.11386,0.12633,-0.0085,0.29248,0.9393
2433,1571.6,26211042,1644974,0.59,0.128,15105,10844,14528,0.01213994,0,0,0.0856,0.173,0.2726,0.0588,0.01191,0.11561,0.11717,-0.0092,0.27576,0.94849
2434,1572.3,26221899,1645589,0.58,0.128,15347,10857,14510,0.01213669,0,0,0.0884,0.1652,0.2755,0.0507,0.01195,0.11521,0.12929,-0.01002,0.30141,0.93887
2435,1573.1,26232741,1646195,0.61,0.127,14703,10842,14520,0.01213343,0,0,0.0791,0.1545,0.2661,0.1107,0.01178,0.1148,0.11952,-0.0097,0.28218,0.97825
2436,1573.9,26243589,1646821,0.674,0.129,13512,10848,14525,0.01213018,0,0,0.1047,0.1914,0.3211,0.0569,0.01249,0.11565,0.12597,-0.01178,0.2991,0.97303
2437,1574.6,26254459,1647439,0.564,0.126,15752,10870,14559,0.01212692,0,0,0.0864,0.1655,0.2699,0.0425,0.01191,0.11342,0.12624,-0.00873,0.29345,0.96996
2438,1575.4,26265305,1648068,0.713,0.127,12917,10846,14517,0.01212366,0,0,0.0991,0.187,0.3064,0.1203,0.01311,0.11323,0.12524,-0.00933,0.29282,0.97663
2439,1576.1,26276179,1648690,0.566,0.125,15722,10874,14539,0.01212041,0,0,0.0828,0.1688,0.2713,0.0435,0.01104,0.11363,0.12685,-0.01032,0.29767,0.96245
2440,1576.8,26287053,1649301,0.523,0.127,16739,10874,14537,0.01211715,0,0,0.0839,0.1498,0.2442,0.0451,0.01222,0.11404,0.11934,-0.01023,0.2829,0.9803
2441,1577.4,26297922,1649923,0.547,0.126,16168,10869,14528,0.01211388,0,0,0.0782,0.1501,0.2648,0.0535,0.01136,0.11397,0.12528,-0.0093,0.29266,0.97025
2442,1578.1,26308811,1650543,0.524,0.126,16754,10889,14557,0.01211062,0,0,0.0766,0.1343,0.2584,0.0551,0.01138,0.11377,0.12075,-0.00966,0.28496,0.99655
2443,1578.8,26319689,1651170,0.552,0.127,16024,10878,14528,0.01210736,0,0,0.0837,0.1636,0.2643,0.04,0.01205,0.11466,0.1332,-0.00697,0.30402,0.9779
2444,1579.5,26330582,1651792,0.626,0.123,14540,10893,14539,0.01210409,0,0,0.0911,0.1663,0.2743,0.0943,0.01202,0.11077,0.1262,-0.00891,0.29351,0.96283
2445,1580.2,26341496,1652392,0.575,0.123,15630,10914,14562,0.01210083,0,0,0.0858,0.1618,0.2718,0.0561,0.01167,0.11064,0.12616,-0.00856,0.29263,0.95792
2446,1580.9,26352359,1653011,0.601,0.123,15018,10863,14525,0.01209755,0,0,0.0868,0.1728,0.2828,0.0583,0.01165,0.11056,0.12372,-0.0101,0.29065,0.95128
2447,1581.7,26363263,1653635,0.658,0.119,14030,10904,14596,0.01209429,0,0,0.0851,0.184,0.29,0.099,0.01174,0.107,0.13308,-0.0086,0.30669,0.96428
2448,1582.4,26374172,1654257,0.546,0.119,16396,10909,14598,0.01209102,0,0,0.0808,0.1454,0.2657,0.054,0.01153,0.10757,0.12368,-0.00668,0.28348,0.9408
2449,1583.0,26385119,1654877,0.487,0.122,17966,10947,14610,0.01208775,0,0,0.0729,0.1263,0.244,0.0441,0.0123,0.10921,0.12904,-0.00799,0.29682,0.94166
2450,1583.6,26396043,1655488,0.484,0.12,18064,10924,14601,0.01208446,0,0,0.07,0.1322,0.2392,0.0428,0.01175,0.1083,0.12298,-0.00879,0.28689,0.9663
2451,1584.2,26406922,1656101,0.486,0.122,17887,10879,14523,0.01208119,0,0,0.0654,0.1201,0.2418,0.059,0.01211,0.10944,0.12175,-0.00857,0.28312,0.93017
2452,1584.9,26417839,1656725,0.543,0.12,16478,10917,14567,0.01207792,0,0,0.0771,0.1621,0.2548,0.0484,0.01264,0.107,0.12582,-0.00876,0.29249,0.96642
2453,1585.5,26428734,1657327,0.491,0.119,17856,10895,14566,0.01207465,0,0,0.0708,0.1255,0.2446,0.0506,0.01111,0.10701,0.11977,-0.00873,0.27964,0.93708
2454,1586.1,26439601,1657957,0.469,0.119,18500,10867,14510,0.01207138,0,0,0.0652,0.124,0.2397,0.04,0.01147,0.10662,0.11976,-0.00808,0.27841,0.94214
2455,1586.7,26450485,1658573,0.511,0.117,17341,10884,14557,0.01206812,0,0,0.0701,0.1315,0.242,0.0675,0.01115,0.10502,0.12545,-0.00887,0.29184,0.96205
2456,1587.3,26461326,1659185,0.472,0.119,18349,10841,14525,0.01206485,0,0,0.0689,0.1157,0.2443,0.0427,0.01156,0.1072,0.11879,-0.01004,0.28108,0.97051
2457,1587.9,26472204,1659822,0.498,0.122,17538,10878,14557,0.0120616,0,0,0.0713,0.1323,0.2516,0.0427,0.01326,0.10832,0.13127,-0.00878,0.30249,0.92852
2458,1588.5,26483065,1660446,0.505,0.118,17445,10861,14519,0.01205834,0,0,0.0685,0.1297,0.252,0.0545,0.01133,0.10616,0.12732,-0.00878,0.2955,0.96608
2459,1589.1,26493907,1661074,0.461,0.119,18701,10842,14520,0.01205508,0,0,0.0633,0.1114,0.245,0.0411,0.01095,0.10765,0.1244,-0.00857,0.28936,0.97173
2460,1589.7,26504814,1661711,0.434,0.119,19724,10907,14564,0.01205183,0,0,0.0642,0.1058,0.2212,0.0427,0.01148,0.10725,0.12789,-0.00692,0.29227,0.93967
2461,1590.2,26515644,1662319,0.437,0.12,19449,10830,14494,0.01204856,0,0,0.0619,0.1057,0.2257,0.0438,0.01242,0.10699,0.13505,-0.00882,0.31097,0.96364
2462,1590.9,26526526,1662957,0.513,0.118,17226,10882,14533,0.01204531,0,0,0.0723,0.1191,0.2423,0.0796,0.01104,0.1068,0.12466,-0.00792,0.28809,0.95198
2463,1591.5,26537355,1663577,0.559,0.12,15942,10829,14483,0.01204204,0,0,0.0831,0.1562,0.273,0.0466,0.01183,0.10816,0.13135,-0.00975,0.30578,0.97958
2464,1592.2,26548194,1664201,0.52,0.119,16974,10839,14501,0.01203879,0,0,0.0814,0.1413,0.2541,0.0429,0.01167,0.10667,0.12542,-0.00934,0.29252,0.95539
2465,1592.8,26559078,1664823,0.47,0.119,18476,10884,14552,0.01203554,0,0,0.0695,0.1205,0.2367,0.0434,0.01128,0.10722,0.13323,-0.00969,0.30963,0.98774
2466,1593.4,26569919,1665472,0.48,0.115,18215,10841,14526,0.01203228,0,0,0.0659,0.11,0.2287,0.0752,0.00984,0.10506,0.1296,-0.01016,0.30247,0.95367
2467,1594.0,26580760,1666096,0.519,0.119,17006,10841,14501,0.01202902,0,0,0.0752,0.1504,0.2485,0.0448,0.01185,0.10618,0.12453,-0.00918,0.29051,0.95984
2468,1594.6,26591597,1666721,0.44,0.119,19359,10837,14496,0.01202577,0,0,0.0666,0.1095,0.2242,0.04,0.01192,0.10686,0.12433,-0.0108,0.29418,0.99506
2469,1595.2,26602454,1667368,0.464,0.118,18680,10857,14505,0.01202252,0,0,0.0683,0.1228,0.236,0.0364,0.01108,0.10623,0.13254,-0.00793,0.30351,0.93887
2470,1595.8,26613337,1668011,0.514,0.123,17092,10883,14555,0.01201926,0,0,0.0695,0.122,0.2395,0.0828,0.01241,0.11022,0.12351,-0.00956,0.2887,0.93857
2471,1596.4,26624185,1668646,0.45,0.122,18969,10848,14509,0.012016,0,0,0.0648,0.1122,0.2324,0.0403,0.01153,0.11024,0.12431,-0.00961,0.29022,0.93101
2472,1596.9,26635021,1669295,0.442,0.123,19174,10836,14496,0.01201274,0,0,0.0651,0.1138,0.2324,0.0311,0.01081,0.1115,0.12787,-0.01079,0.29913,0.90733
2473,1597.5,26645850,1669935,0.494,0.127,17432,10829,14509,0.01200949,0,0,0.0683,0.1209,0.256,0.049,0.01175,0.11481,0.12253,-0.00987,0.28756,0.94731
2474,1598.2,26656683,1670585,0.505,0.123,17246,10833,14492,0.01200625,0,0,0.0731,0.1319,0.2512,0.0488,0.01139,0.11138,0.11757,-0.00913,0.2757,0.92824
2475,1598.8,26667533,1671218,0.48,0.124,17951,10850,14535,0.012003,0,0,0.0682,0.1222,0.2443,0.0456,0.01188,0.11161,0.12785,-0.00743,0.29316,0.94103
2476,1599.5,26678405,1671836,0.574,0.125,15544,10872,14545,0.01199974,0,0,0.0823,0.1613,0.2776,0.0532,0.01258,0.11194,0.11758,-0.01052,0.27887,0.94544
2477,1600.2,26689290,1672455,0.545,0.126,16229,10885,14538,0.01199648,0,0,0.0894,0.1513,0.2614,0.0429,0.01196,0.11319,0.12231,-0.00888,0.28466,0.92898
2478,1600.9,26700169,1673094,0.592,0.124,15190,10879,14521,0.01199321,0,0,0.0838,0.1603,0.2662,0.0818,0.01159,0.11198,0.12427,-0.01009,0.29135,0.9435
2479,1601.6,26711072,1673719,0.557,0.126,15956,10903,14540,0.01198995,0,0,0.0849,0.1569,0.2577,0.0579,0.01253,0.11267,0.12942,-0.00664,0.29433,0.92629
2480,1602.2,26721967,1674359,0.557,0.124,16013,10895,14540,0.01198668,0,0,0.0812,0.1637,0.2682,0.0436,0.01179,0.1116,0.12226,-0.00861,0.28356,0.91057
2481,1603.0,26732844,1674996,0.623,0.123,14583,10877,14521,0.01198341,0,0,0.0805,0.1648,0.268,0.1096,0.01177,0.11084,0.1255,-0.0073,0.28744,0.91114
2482,1603.7,26743735,1675620,0.596,0.119,15233,10891,14578,0.01198015,0,0,0.1,0.1725,0.2784,0.0451,0.0117,0.10669,0.13597,-0.00924,0.31267,0.92881
2483,1604.4,26754583,1676266,0.559,0.117,16034,10848,14511,0.01197688,0,0,0.0794,0.1603,0.2638,0.0555,0.01158,0.10544,0.12804,-0.00669,0.29195,0.93818
2484,1605.1,26765499,1676880,0.6,0.119,15170,10916,14581,0.01197363,0,0,0.0804,0.1533,0.2734,0.0933,0.01214,0.10649,0.14235,-0.00976,0.32653,0.9318
2485,1605.7,26776399,1677506,0.514,0.12,17192,10900,14541,0.01197035,0,0,0.0774,0.1382,0.2479,0.0501,0.01129,0.10865,0.13315,-0.00727,0.30361,0.95177
2486,1606.4,26787275,1678125,0.508,0.117,17389,10876,14529,0.01196708,0,0,0.0752,0.1427,0.2491,0.0413,0.01022,0.10661,0.12713,-0.00817,0.29261,0.91966
2487,1607.0,26798121,1678763,0.556,0.119,16052,10846,14498,0.01196382,0,0,0.0792,0.1568,0.2595,0.0607,0.01136,0.10769,0.12475,-0.0086,0.28929,0.94414
2488,1607.7,26808968,1679394,0.568,0.12,15779,10847,14489,0.01196056,0,0,0.0796,0.1582,0.252,0.078,0.01226,0.10692,0.12737,-0.00703,0.29163,0.9539
2489,1608.4,26819788,1680014,0.554,0.119,16075,10820,14487,0.01195731,0,0,0.0789,0.1512,0.2543,0.0694,0.01139,0.10745,0.11997,-0.00967,0.28154,0.93121
2490,1609.1,26830652,1680651,0.59,0.122,15263,10864,14508,0.01195406,0,0,0.0865,0.1726,0.2837,0.047,0.01134,0.11025,0.12851,-0.0087,0.29687,0.9386
2491,1609.8,26841487,1681278,0.585,0.124,15279,10835,14509,0.0119508,0,0,0.0836,0.1636,0.2554,0.0825,0.01271,0.11075,0.11522,-0.00986,0.27257,0.93713
2492,1610.5,26852387,1681892,0.588,0.121,15372,10900,14539,0.01194755,0,0,0.0812,0.1821,0.2785,0.0459,0.01179,0.10914,0.12615,-0.00795,0.29113,0.95946
2493,1611.2,26863315,1682524,0.548,0.121,16332,10928,14575,0.01194428,0,0,0.0786,0.1521,0.2532,0.064,0.01114,0.10961,0.11779,-0.00783,0.27429,0.96485
2494,1612.1,26874197,1683158,0.769,0.118,12262,10882,14543,0.01194101,0,0,0.0841,0.1987,0.3571,0.129,0.0118,0.10622,0.12171,-0.0111,0.28846,0.9563
2495,1612.9,26885060,1683763,0.679,0.122,13551,10863,14541,0.01193774,0,0,0.0877,0.1934,0.3423,0.056,0.01298,0.10871,0.12253,-0.00658,0.2816,0.9797
2496,1613.6,26895957,1684379,0.636,0.122,14377,10897,14549,0.01193448,0,0,0.0985,0.1857,0.2933,0.0584,0.01252,0.10889,0.12505,-0.00908,0.29162,0.97906
2497,1614.6,26906868,1685020,0.796,0.123,11875,10911,14562,0.01193121,0,0,0.0846,0.2462,0.3447,0.1208,0.01336,0.10867,0.11385,-0.01098,0.27281,0.97027
2498,1615.4,26917792,1685635,0.725,0.122,12903,10924,14593,0.01192794,0,0,0.1179,0.1951,0.3095,0.1025,0.01222,0.10889,0.12039,-0.00991,0.28406,0.98298
2499,1616.2,26928669,1686258,0.686,0.121,13479,10877,14530,0.01192466,0,0,0.0847,0.1786,0.2702,0.1527,0.01247,0.10773,0.12671,-0.00897,0.29518,0.9984
2500,1617.0,26939554,1686870,0.676,0.121,13667,10885,14550,0.0119214,0,0,0.0949,0.1922,0.3089,0.0798,0.01215,0.10789,0.1204,-0.00843,0.28161,1.00512
2501,1617.8,26950448,1687475,0.624,0.121,14610,10894,14528,0.01191813,0,0,0.0888,0.1722,0.2733,0.0901,0.01255,0.10827,0.11602,-0.00931,0.27433,0.99298
2502,1618.4,26961334,1688107,0.539,0.12,16513,10886,14553,0.01191487,0,0,0.0789,0.1501,0.2639,0.0465,0.01141,0.10812,0.13284,-0.01,0.30871,0.96671
2503,1619.2,26972176,1688712,0.584,0.122,15354,10842,14513,0.0119116,0,0,0.0801,0.1506,0.2642,0.0894,0.01352,0.10777,0.1231,-0.00781,0.28506,0.97583
2504,1619.9,26983042,1689329,0.595,0.124,15102,10866,14553,0.01190835,0,0,0.0843,0.174,0.2796,0.0575,0.01304,0.11048,0.13188,-0.01087,0.30855,0.96852
2505,1620.6,26993869,1689965,0.602,0.124,14918,10827,14518,0.01190509,0,0,0.0885,0.1772,0.2887,0.0471,0.01247,0.11128,0.12706,-0.00996,0.29691,0.9605
2506,1621.3,27004751,1690588,0.615,0.125,14713,10882,14527,0.01190184,0,0,0.0799,0.1527,0.2912,0.0908,0.01132,0.11304,0.13083,-0.01011,0.30513,0.97728
2507,1622.0,27015639,1691199,0.564,0.127,15756,10888,14542,0.01189857,0,0,0.0811,0.1631,0.28,0.0401,0.01147,0.11503,0.12979,-0.01088,0.30442,0.96979
2508,1622.6,27026501,1691835,0.473,0.121,18302,10862,14527,0.01189531,0,0,0.0693,0.1241,0.2402,0.0391,0.01125,0.10923,0.12648,-0.00966,0.29557,0.97936
2509,1623.2,27037375,1692464,0.478,0.121,18158,10874,14542,0.01189205,0,0,0.0692,0.1246,0.246,0.0379,0.01134,0.10932,0.11843,-0.008,0.27566,0.95824
2510,1623.9,27048233,1693091,0.532,0.123,16576,10858,14523,0.01188879,0,0,0.0744,0.1312,0.2458,0.0805,0.01171,0.11097,0.13705,-0.0085,0.3143,0.9761
2511,1624.5,27059102,1693725,0.514,0.121,17125,10869,14548,0.01188553,0,0,0.0744,0.1443,0.2547,0.0407,0.01139,0.10882,0.12982,-0.00997,0.30288,0.97977
2512,1625.1,27069997,1694373,0.484,0.121,18013,10895,14566,0.01188227,0,0,0.0714,0.1335,0.2421,0.0369,0.01168,0.10874,0.12389,-0.00919,0.28902,0.96149
2513,1625.8,27080857,1695028,0.569,0.128,15586,10860,14505,0.011879,0,0,0.0873,0.1681,0.2625,0.0506,0.01293,0.11488,0.13733,-0.01015,0.31667,0.91379
2514,1626.6,27091708,1695660,0.621,0.127,14523,10851,14491,0.01187574,0,0,0.0812,0.1591,0.2807,0.0995,0.0116,0.11442,0.13192,-0.00907,0.30468,0.95598
2515,1627.2,27102578,1696292,0.535,0.122,16549,10870,14553,0.01187249,0,0,0.0805,0.1493,0.2684,0.0366,0.0119,0.10961,0.13419,-0.0082,0.30764,0.96244
2516,1627.8,27113517,1696914,0.485,0.127,17870,10939,14586,0.01186923,0,0,0.0725,0.1319,0.2459,0.0349,0.01145,0.11511,0.13179,-0.0087,0.30442,0.98723
2517,1628.4,27124379,1697535,0.461,0.127,18473,10862,14543,0.01186594,0,0,0.0676,0.1178,0.2372,0.0386,0.0122,0.11416,0.12928,-0.00737,0.29621,0.96522
2518,1629.0,27135294,1698180,0.499,0.126,17463,10915,14586,0.01186269,0,0,0.0697,0.1213,0.2401,0.0675,0.01147,0.11466,0.13117,-0.00926,0.30413,0.98105
2519,1629.7,27146190,1698804,0.493,0.127,17576,10896,14570,0.01185941,0,0,0.0698,0.1338,0.2493,0.0395,0.01193,0.11514,0.14116,-0.00989,0.32511,0.9694
2520,1630.3,27157138,1699411,0.477,0.125,18180,10948,14641,0.01185614,0,0,0.0708,0.1234,0.2447,0.0383,0.01092,0.11375,0.13465,-0.00848,0.30994,0.99897
2521,1630.9,27168017,1700056,0.462,0.128,18437,10879,14531,0.01185286,0,0,0.0683,0.1194,0.2389,0.0354,0.01347,0.11401,0.12915,-0.01112,0.30372,0.97787
2522,1631.5,27178819,1700691,0.53,0.13,16366,10802,14458,0.01184959,0,0,0.0801,0.1299,0.2481,0.072,0.01297,0.11624,0.14158,-0.00861,0.32307,0.95714
2523,1632.2,27189704,1701333,0.549,0.127,16103,10885,14533,0.01184635,0,0,0.0803,0.1402,0.2696,0.0591,0.01213,0.11435,0.12324,-0.00764,0.28532,0.99514
2524,1632.8,27200555,1701985,0.491,0.127,17547,10851,14510,0.01184309,0,0,0.0752,0.1297,0.2452,0.0409,0.01219,0.11475,0.13258,-0.00895,0.30555,0.94962
2525,1633.5,27211449,1702627,0.507,0.13,17103,10894,14529,0.01183983,0,0,0.0768,0.1433,0.2509,0.0361,0.01249,0.11705,0.12765,-0.00836,0.29416,0.93536
2526,1634.2,27222324,1703256,0.576,0.131,15394,10875,14538,0.01183657,0,0,0.0743,0.1355,0.253,0.1128,0.0143,0.11604,0.14075,-0.00975,0.32299,0.92913
2527,1634.8,27233196,1703897,0.509,0.129,17043,10872,14524,0.0118333,0,0,0.074,0.1373,0.2434,0.054,0.01258,0.11629,0.13434,-0.01003,0.31043,0.91656
2528,1635.5,27243990,1704530,0.538,0.119,16435,10794,14465,0.01183004,0,0,0.0862,0.144,0.2655,0.0419,0.01152,0.10733,0.12011,-0.00762,0.27769,0.93935
2529,1636.1,27254830,1705170,0.52,0.117,17022,10840,14502,0.0118268,0,0,0.0717,0.156,0.2542,0.0376,0.01046,0.10655,0.14411,-0.00937,0.32917,0.9396
2530,1636.7,27265641,1705806,0.479,0.117,18156,10811,14489,0.01182355,0,0,0.0702,0.1248,0.2437,0.0402,0.01042,0.10585,0.12959,-0.00991,0.30122,0.93916
2531,1637.3,27276471,1706426,0.477,0.12,18136,10830,14479,0.01182031,0,0,0.0682,0.133,0.2374,0.0388,0.01148,0.10788,0.14122,-0.00717,0.31849,0.91849
2532,1637.9,27287279,1707064,0.486,0.119,17863,10808,14500,0.01181706,0,0,0.071,0.1283,0.239,0.0481,0.01124,0.10702,0.13518,-0.00972,0.31142,0.91467
2533,1638.5,27298148,1707674,0.455,0.118,19001,10869,14535,0.01181382,0,0,0.0668,0.1155,0.2291,0.0431,0.01078,0.10644,0.13513,-0.00888,0.30969,0.91743
2534,1639.1,27309039,1708303,0.508,0.118,17386,10891,14560,0.01181056,0,0,0.0715,0.1317,0.2536,0.0516,0.01126,0.1063,0.13257,-0.01013,0.30794,0.95428
2535,1639.7,27319909,1708908,0.49,0.122,17748,10870,14558,0.01180729,0,0,0.0697,0.1232,0.2387,0.0586,0.01124,0.1107,0.12371,-0.00845,0.28702,0.96064
2536,1640.3,27330714,1709532,0.447,0.123,18965,10805,14478,0.01180403,0,0,0.0654,0.1168,0.2325,0.0319,0.01124,0.11161,0.12795,-0.00896,0.29673,0.97107
2537,1640.9,27341600,1710176,0.476,0.118,18329,10886,14550,0.01180079,0,0,0.0696,0.1268,0.2407,0.0386,0.01127,0.10666,0.12255,-0.00918,0.28589,0.95011
2538,1641.5,27352489,1710803,0.515,0.119,17170,10889,14549,0.01179752,0,0,0.0756,0.1368,0.2489,0.0535,0.01143,0.10746,0.13329,-0.00875,0.30631,0.9421
2539,1642.1,27363338,1711446,0.481,0.119,18077,10849,14537,0.01179425,0,0,0.0711,0.1279,0.2443,0.0377,0.01128,0.10752,0.13293,-0.01025,0.30924,0.97029
2540,1642.7,27374192,1712076,0.451,0.118,19097,10854,14538,0.011791,0,0,0.0666,0.1175,0.2324,0.0341,0.01115,0.10638,0.12328,-0.01025,0.29036,0.98808
2541,1643.2,27385044,1712712,0.45,0.118,19126,10852,14498,0.01178774,0,0,0.0685,0.1135,0.2331,0.0345,0.01109,0.10637,0.12219,-0.00955,0.28684,0.99108
2542,1643.8,27395887,1713328,0.453,0.118,18990,10843,14536,0.01178449,0,0,0.0643,0.1094,0.225,0.0543,0.01121,0.10653,0.13382,-0.0086,0.30843,1.00131
2543,1644.4,27406689,1713964,0.471,0.12,18285,10802,14477,0.01178123,0,0,0.0703,0.1226,0.2401,0.0378,0.01013,0.10933,0.12253,-0.00932,0.28751,1.01081
2544,1645.0,27417510,1714588,0.454,0.121,18836,10821,14496,0.01177799,0,0,0.0678,0.1189,0.2351,0.0318,0.01131,0.10902,0.13474,-0.00956,0.31174,0.98205
2545,1645.6,27428333,1715207,0.471,0.118,18372,10823,14502,0.01177475,0,0,0.0649,0.1207,0.2313,0.0541,0.01162,0.10621,0.12669,-0.01007,0.29663,0.9817
2546,1646.2,27439198,1715826,0.469,0.121,18433,10865,14560,0.0117715,0,0,0.0692,0.1257,0.2413,0.0324,0.01126,0.10907,0.13032,-0.01024,0.30473,1.0031
2547,1646.8,27450031,1716430,0.516,0.12,17025,10833,14522,0.01176824,0,0,0.0746,0.1537,0.2531,0.0349,0.01132,0.10835,0.12664,-0.00749,0.29144,0.9853
2548,1647.4,27460873,1717061,0.478,0.117,18220,10842,14524,0.01176499,0,0,0.0738,0.1338,0.2338,0.0366,0.01084,0.106,0.11972,-0.00908,0.2804,0.96903
2549,1648.0,27471653,1717675,0.478,0.119,18050,10780,14465,0.01176174,0,0,0.0659,0.1143,0.2267,0.0716,0.01116,0.10726,0.13113,-0.00972,0.30494,0.98775
2550,1648.5,27482447,1718293,0.424,0.116,19998,10794,14484,0.0117585,0,0,0.0643,0.1087,0.2169,0.0336,0.01001,0.10579,0.13421,-0.00888,0.30856,0.95148
2551,1649.1,27493274,1718906,0.442,0.121,19237,10827,14525,0.01175527,0,0,0.0662,0.1143,0.2257,0.0358,0.01119,0.10924,0.12023,-0.00778,0.27846,0.95418
2552,1649.7,27504097,1719542,0.437,0.122,19345,10823,14503,0.01175202,0,0,0.0627,0.1117,0.2274,0.0352,0.01131,0.11062,0.12813,-0.00892,0.29698,0.97332
2553,1650.3,27514897,1720175,0.497,0.119,17529,10800,14490,0.01174877,0,0,0.0657,0.1286,0.2411,0.0617,0.01146,0.10729,0.12966,-0.00894,0.3,0.9703
2554,1650.8,27525693,1720791,0.436,0.118,19478,10796,14469,0.01174553,0,0,0.0642,0.1078,0.2257,0.0385,0.01059,0.10706,0.12714,-0.00907,0.29477,0.95146
2555,1651.4,27536535,1721427,0.475,0.119,18243,10842,14532,0.01174229,0,0,0.0642,0.1139,0.2302,0.0666,0.01119,0.10735,0.12149,-0.00863,0.28347,0.98978
2556,1652.0,27547396,1722052,0.478,0.122,18125,10861,14545,0.01173904,0,0,0.0736,0.127,0.2431,0.0341,0.01078,0.11035,0.13764,-0.00688,0.31164,0.96206
2557,1652.7,27558223,1722672,0.503,0.12,17399,10827,14495,0.01173578,0,0,0.067,0.1218,0.2355,0.0783,0.01119,0.10813,0.12378,-0.00816,0.28699,0.98509
2558,1653.2,27569096,1723294,0.465,0.119,18621,10873,14540,0.01173253,0,0,0.0667,0.1198,0.2429,0.0358,0.01119,0.10721,0.12213,-0.00892,0.2852,0.98493
2559,1653.8,27579899,1723938,0.451,0.119,18980,10803,14480,0.01172927,0,0,0.0654,0.1175,0.2346,0.0329,0.01074,0.1076,0.12849,-0.01013,0.30002,0.97094
2560,1654.4,27590726,1724561,0.452,0.118,18981,10827,14495,0.01172603,0,0,0.0654,0.1167,0.2388,0.0314,0.01167,0.1062,0.12686,-0.00726,0.29154,0.99301
2561,1655.0,27601527,1725200,0.52,0.117,16956,10801,14501,0.01172278,0,0,0.0689,0.1306,0.2433,0.0771,0.01027,0.1066,0.11896,-0.00853,0.27865,1.00983
2562,1655.6,27612380,1725810,0.485,0.119,17967,10853,14527,0.01171954,0,0,0.0754,0.1353,0.234,0.0404,0.01127,0.1072,0.12509,-0.00947,0.2929,1.01429
2563,1656.2,27623213,1726419,0.501,0.12,17452,10833,14494,0.01171629,0,0,0.0733,0.1503,0.2448,0.0326,0.01102,0.10839,0.11356,-0.00971,0.27087,1.03834
2564,1656.8,27634074,1727067,0.455,0.118,18953,10861,14522,0.01171304,0,0,0.0643,0.1192,0.2354,0.0357,0.011,0.10713,0.10754,-0.00967,0.25804,1.00803
2565,1657.5,27644920,1727698,0.522,0.121,16876,10846,14560,0.01170978,0,0,0.0746,0.1309,0.2404,0.0761,0.0121,0.10822,0.11252,-0.00978,0.26841,1.01659
2566,1658.1,27655720,1728324,0.516,0.119,17026,10800,14458,0.01170652,0,0,0.0726,0.1524,0.2476,0.043,0.01182,0.10665,0.12183,-0.0093,0.28582,1.00653
2567,1658.7,27666549,1728950,0.507,0.122,17228,10829,14511,0.01170328,0,0,0.0755,0.1336,0.2562,0.0417,0.01216,0.10891,0.11911,-0.00663,0.27516,1.01162
2568,1659.3,27677400,1729584,0.488,0.126,17670,10851,14525,0.01170004,0,0,0.0739,0.1279,0.2435,0.0425,0.01199,0.11383,0.1193,-0.0099,0.28146,0.98534
2569,1660.0,27688240,1730238,0.524,0.127,16634,10840,14506,0.01169678,0,0,0.0708,0.1345,0.2507,0.0684,0.01125,0.11577,0.11973,-0.0088,0.28005,0.98254
2570,1660.6,27699082,1730846,0.489,0.126,17629,10842,14523,0.01169353,0,0,0.0729,0.1295,0.2506,0.0357,0.01139,0.11447,0.10763,-0.00929,0.25706,0.9932
2571,1661.3,27709929,1731494,0.556,0.127,15877,10847,14528,0.01169028,0,0,0.0828,0.1631,0.2679,0.0424,0.0121,0.11452,0.1228,-0.0105,0.29,1.00128
2572,1662.1,27720767,1732124,0.646,0.13,13971,10838,14482,0.01168702,0,0,0.1023,0.1662,0.2873,0.0904,0.01214,0.11701,0.11693,-0.00965,0.27648,0.99758
2573,1662.7,27731618,1732763,0.548,0.129,16048,10851,14547,0.01168377,0,0,0.0799,0.1543,0.2655,0.0479,0.01276,0.11529,0.11952,-0.01054,0.28365,1.00736
2574,1663.4,27742528,1733392,0.562,0.133,15704,10910,14578,0.01168051,0,0,0.0873,0.1634,0.2649,0.0462,0.01373,0.11876,0.11966,-0.01031,0.28409,1.03317
2575,1664.1,27753376,1734030,0.579,0.129,15336,10848,14541,0.01167724,0,0,0.0831,0.1581,0.2543,0.0832,0.01177,0.11647,0.12316,-0.00927,0.28829,1.00355
2576,1664.8,27764203,1734673,0.553,0.127,15935,10827,14491,0.01167399,0,0,0.0822,0.1545,0.269,0.0468,0.01247,0.1141,0.12786,-0.00963,0.29773,0.97466
2577,1665.5,27775103,1735286,0.547,0.129,16133,10900,14563,0.01167074,0,0,0.0796,0.1546,0.2734,0.0395,0.01197,0.11619,0.12028,-0.01044,0.28474,0.99784
2578,1666.1,27785973,1735939,0.495,0.126,17496,10870,14537,0.01166747,0,0,0.0741,0.1292,0.2503,0.0415,0.011,0.11495,0.12623,-0.00835,0.29187,0.9734
2579,1666.8,27796744,1736583,0.512,0.126,16885,10771,14437,0.01166421,0,0,0.0722,0.1225,0.2399,0.0774,0.01136,0.11421,0.13282,-0.0107,0.30915,0.94809
2580,1667.4,27807587,1737227,0.488,0.119,17855,10843,14513,0.01166098,0,0,0.0724,0.1259,0.2493,0.0408,0.01062,0.10772,0.12799,-0.00878,0.29619,0.97168
2581,1668.0,27818423,1737875,0.485,0.122,17855,10836,14510,0.01165772,0,0,0.0698,0.1273,0.2451,0.0425,0.01226,0.10954,0.12126,-0.00809,0.28111,0.96157
2582,1668.6,27829203,1738525,0.465,0.118,18510,10780,14434,0.01165447,0,0,0.0682,0.1166,0.2407,0.0391,0.01106,0.10623,0.13736,-0.00787,0.31247,0.94374
2583,1669.2,27839951,1739178,0.528,0.119,16628,10748,14417,0.01165124,0,0,0.0689,0.1326,0.2478,0.0784,0.01099,0.10745,0.13361,-0.00887,0.30697,0.94451
2584,1669.8,27850746,1739807,0.472,0.119,18256,10795,14473,0.01164801,0,0,0.0679,0.125,0.2335,0.0458,0.01123,0.10709,0.12522,-0.00864,0.29049,0.97694
2585,1670.4,27861517,1740457,0.445,0.12,19069,10771,14448,0.01164478,0,0,0.0657,0.1127,0.2293,0.0375,0.01098,0.10836,0.12846,-0.00729,0.29422,0.97547
2586,1671.0,27872294,1741091,0.476,0.119,18117,10777,14448,0.01164154,0,0,0.0696,0.1285,0.2432,0.0348,0.01117,0.1073,0.1295,-0.00823,0.29826,0.97937
2587,1671.6,27883124,1741723,0.494,0.118,17718,10830,14506,0.01163831,0,0,0.0687,0.1213,0.2317,0.0718,0.01124,0.10592,0.12581,-0.00667,0.28756,0.97097
2588,1672.1,27893918,1742372,0.446,0.121,19029,10794,14477,0.01163506,0,0,0.0672,0.1159,0.2295,0.0338,0.01267,0.10784,0.14144,-0.0109,0.32667,0.94409
2589,1672.7,27904691,1743026,0.447,0.119,19045,10773,14461,0.01163182,0,0,0.0643,0.1155,0.2322,0.0351,0.01169,0.10646,0.13822,-0.0085,0.31537,0.94267
2590,1673.3,27915537,1743666,0.467,0.119,18495,10846,14530,0.01162859,0,0,0.0675,0.1185,0.2454,0.0356,0.011,0.10817,0.11764,-0.01013,0.27712,0.92792
2591,1673.9,27926304,1744306,0.477,0.122,17972,10767,14453,0.01162534,0,0,0.0658,0.1161,0.2309,0.0646,0.01146,0.10992,0.10731,-0.01004,0.25634,0.93076
2592,1674.5,27937099,1744921,0.462,0.117,18646,10795,14477,0.01162211,0,0,0.0678,0.1244,0.2363,0.0335,0.01066,0.106,0.12809,-0.00751,0.2928,0.92858
2593,1675.0,27947889,1745550,0.451,0.119,18931,10790,14455,0.01161887,0,0,0.0658,0.1151,0.2313,0.0389,0.01095,0.10739,0.10992,-0.00777,0.25719,0.93804
2594,1675.6,27958653,1746202,0.484,0.119,17865,10764,14468,0.01161563,0,0,0.0707,0.1364,0.2403,0.0366,0.0114,0.10683,0.11833,-0.00823,0.27502,0.94257
2595,1676.2,27969416,1746832,0.481,0.119,17926,10763,14464,0.0116124,0,0,0.0659,0.121,0.2287,0.0659,0.01107,0.10758,0.12266,-0.00799,0.28307,0.93728
2596,1676.8,27980203,1747481,0.443,0.118,19226,10787,14479,0.01160918,0,0,0.0642,0.1157,0.2283,0.0351,0.01131,0.10608,0.11187,-0.00779,0.26086,0.92761
2597,1677.4,27990992,1748117,0.438,0.119,19352,10789,14463,0.01160594,0,0,0.0629,0.1119,0.2212,0.0424,0.01116,0.10764,0.12547,-0.00933,0.29148,0.94269
2598,1677.9,28001812,1748745,0.466,0.117,18572,10820,14522,0.0116027,0,0,0.0698,0.1251,0.2329,0.0379,0.01068,0.10577,0.1218,-0.00956,0.28462,0.94428
2599,1678.5,28012610,1749363,0.455,0.119,18796,10798,14492,0.01159946,0,0,0.0615,0.1061,0.2153,0.0725,0.01036,0.10824,0.1118,-0.00818,0.26121,0.91596
2600,1679.1,28023454,1749987,0.466,0.115,18665,10844,14535,0.01159622,0,0,0.068,0.1308,0.2363,0.031,0.00965,0.10492,0.12258,-0.00742,0.28145,0.92459
2601,1680.0,28034307,1750617,0.446,0.117,19257,10853,14560,0.01159296,0,0,0.0667,0.1184,0.2289,0.0321,0.01051,0.10668,0.11609,-0.01114,0.27573,0.91701
2602,1680.6,28045119,1751248,0.471,0.118,18365,10812,14519,0.01158971,0,0,0.0678,0.1088,0.2239,0.0702,0.01101,0.10669,0.12039,-0.00992,0.28187,0.91691
2603,1681.2,28055934,1751872,0.419,0.117,20186,10815,14507,0.01158646,0,0,0.0594,0.1103,0.2152,0.0339,0.01093,0.10581,0.13393,-0.00899,0.30747,0.93259
2604,1681.7,28066816,1752490,0.43,0.119,19823,10882,14584,0.01158322,0,0,0.0621,0.1097,0.2261,0.0316,0.01035,0.10872,0.13007,-0.01062,0.30285,0.92722
2605,1682.3,28077647,1753113,0.463,0.12,18559,10831,14542,0.01157996,0,0,0.0677,0.1227,0.2404,0.0324,0.01069,0.10927,0.12323,-0.0109,0.2907,0.96866
2606,1682.9,28088482,1753727,0.479,0.117,18176,10835,14542,0.01157671,0,0,0.0634,0.1131,0.2289,0.0738,0.01074,0.10571,0.13603,-0.01104,0.3159,0.94004
2607,1683.5,28099372,1754329,0.436,0.119,19599,10890,14602,0.01157346,0,0,0.0626,0.1091,0.2251,0.0398,0.01089,0.10793,0.11727,-0.01214,0.28155,0.98232
2608,1684.0,28110286,1754933,0.434,0.118,19776,10914,14601,0.01157019,0,0,0.0641,0.1056,0.2269,0.037,0.01122,0.10676,0.12225,-0.01062,0.28795,0.95907
2609,1684.6,28121185,1755561,0.465,0.118,18694,10899,14609,0.01156691,0,0,0.066,0.1265,0.2363,0.0361,0.01174,0.10597,0.11801,-0.00992,0.27817,0.96412
2610,1685.2,28132078,1756140,0.467,0.12,18536,10893,14598,0.01156364,0,0,0.0625,0.1109,0.2251,0.0687,0.01152,0.10831,0.13108,-0.00903,0.3026,0.96743
2611,1685.8,28142950,1756748,0.467,0.118,18556,10872,14563,0.01156038,0,0,0.0649,0.1199,0.2365,0.0461,0.01198,0.10604,0.11113,-0.01081,0.26658,0.98153
2612,1686.4,28153808,1757386,0.461,0.124,18559,10858,14548,0.01155711,0,0,0.0681,0.1212,0.2347,0.0368,0.01228,0.11162,0.1199,-0.01035,0.28296,0.97164
2613,1687.0,28164698,1758006,0.479,0.12,18174,10890,14608,0.01155386,0,0,0.0702,0.1269,0.2458,0.0361,0.01237,0.10727,0.12507,-0.01039,0.29328,0.96774
2614,1687.6,28175608,1758619,0.502,0.119,17566,10910,14598,0.01155059,0,0,0.067,0.1165,0.2476,0.0708,0.01212,0.10673,0.12106,-0.01208,0.28862,0.96738
2615,1688.2,28186519,1759210,0.467,0.12,18589,10911,14628,0.01154732,0,0,0.0697,0.1305,0.2312,0.0356,0.01135,0.10823,0.11887,-0.01187,0.28349,0.9535
2616,1688.7,28197436,1759821,0.434,0.12,19711,10917,14624,0.01154404,0,0,0.0634,0.1082,0.2253,0.0369,0.01332,0.10633,0.13977,-0.00871,0.31939,0.97173
2617,1689.3,28208354,1760413,0.447,0.119,19304,10918,14620,0.01154077,0,0,0.0646,0.1132,0.2342,0.035,0.01145,0.10686,0.13478,-0.01,0.31134,0.94396
2618,1689.9,28219240,1761032,0.491,0.119,17832,10886,14592,0.01153749,0,0,0.0655,0.1162,0.2333,0.0763,0.01112,0.10775,0.12534,-0.00951,0.29159,0.94867
2619,1690.5,28230103,1761657,0.476,0.119,18261,10863,14546,0.01153423,0,0,0.0686,0.1315,0.2398,0.0362,0.01116,0.10728,0.12231,-0.01026,0.28661,0.93079
2620,1691.0,28240987,1762273,0.433,0.118,19750,10884,14578,0.01153097,0,0,0.0618,0.1034,0.2323,0.0353,0.01128,0.10668,0.12153,-0.01048,0.28565,0.93817
2621,1691.6,28251875,1762875,0.458,0.125,18669,10888,14591,0.0115277,0,0,0.0661,0.1111,0.2361,0.0451,0.01126,0.11324,0.12238,-0.01103,0.28861,0.94521
2622,1692.3,28262762,1763495,0.525,0.127,16708,10887,14601,0.01152444,0,0,0.0692,0.1179,0.2587,0.0788,0.01229,0.11441,0.1212,-0.00972,0.28322,0.92759
2623,1692.9,28273604,1764111,0.469,0.126,18222,10842,14548,0.01152117,0,0,0.0705,0.1198,0.2435,0.0352,0.01118,0.11428,0.11467,-0.00942,0.26979,0.9384
2624,1693.5,28284495,1764714,0.461,0.127,18527,10891,14616,0.01151792,0,0,0.0662,0.1151,0.2399,0.04,0.01143,0.1149,0.10551,-0.00954,0.25107,0.90994
2625,1694.1,28295407,1765337,0.472,0.126,18245,10912,14611,0.01151465,0,0,0.0691,0.1172,0.2461,0.0393,0.01114,0.11485,0.11539,-0.0104,0.27297,0.92826
2626,1694.7,28306275,1765947,0.509,0.127,17099,10868,14552,0.01151138,0,0,0.066,0.1241,0.2436,0.075,0.01193,0.1145,0.11975,-0.00965,0.27974,0.90918
2627,1695.3,28317093,1766566,0.49,0.129,17458,10818,14520,0.01150812,0,0,0.0678,0.126,0.2386,0.0579,0.01347,0.11541,0.10864,-0.01012,0.25896,0.9323
2628,1695.9,28327898,1767168,0.464,0.128,18244,10805,14529,0.01150487,0,0,0.0697,0.118,0.2413,0.0353,0.01178,0.11578,0.1117,-0.00899,0.26275,0.92946
2629,1696.5,28338714,1767780,0.463,0.127,18326,10816,14521,0.01150163,0,0,0.0685,0.121,0.2379,0.0357,0.01232,0.11392,0.10963,-0.01013,0.26171,0.96408
2630,1697.1,28349533,1768400,0.514,0.128,16842,10819,14537,0.01149839,0,0,0.0703,0.1236,0.2468,0.0737,0.01308,0.11454,0.12875,-0.01006,0.29896,0.92846
2631,1697.7,28360389,1769012,0.478,0.126,17978,10856,14564,0.01149514,0,0,0.0705,0.1172,0.2393,0.0513,0.01191,0.11332,0.12228,-0.00846,0.28275,0.92508
2632,1698.3,28371257,1769622,0.475,0.126,18090,10868,14567,0.01149188,0,0,0.0678,0.1196,0.2497,0.038,0.01154,0.11377,0.11228,-0.00892,0.2637,0.92689
2633,1699.0,28382090,1770230,0.489,0.125,17620,10833,14548,0.01148862,0,0,0.0648,0.117,0.2381,0.0695,0.01277,0.11214,0.11724,-0.01004,0.2764,0.94975
2634,1699.5,28392984,1770837,0.461,0.118,18806,10894,14629,0.01148537,0,0,0.0646,0.1201,0.2374,0.0387,0.01179,0.10629,0.12023,-0.00824,0.27832,0.93116
2635,1700.1,28403802,1771449,0.451,0.119,18950,10818,14537,0.0114821,0,0,0.0657,0.114,0.2281,0.0436,0.01177,0.10741,0.11473,-0.00943,0.2696,0.92662
2636,1700.7,28414608,1772072,0.454,0.118,18892,10806,14495,0.01147886,0,0,0.0658,0.1137,0.2371,0.0376,0.01084,0.10656,0.11089,-0.00951,0.2618,0.91472
2637,1701.3,28425444,1772715,0.469,0.123,18297,10836,14544,0.01147562,0,0,0.0658,0.1138,0.2427,0.0465,0.01142,0.11173,0.11772,-0.00944,0.27573,0.93328
2638,1701.9,28436269,1773342,0.474,0.129,17958,10825,14513,0.01147237,0,0,0.0654,0.1186,0.2423,0.0478,0.01163,0.11654,0.13048,-0.00898,0.29962,0.90165
2639,1702.5,28447140,1773960,0.474,0.123,18194,10871,14584,0.01146912,0,0,0.0701,0.1286,0.2389,0.0366,0.01104,0.11197,0.12199,-0.00759,0.28011,0.91326
2640,1703.1,28457997,1774575,0.467,0.127,18289,10857,14568,0.01146586,0,0,0.0666,0.1167,0.2449,0.0386,0.01415,0.11246,0.12755,-0.01032,0.29657,0.90817
2641,1703.7,28468860,1775199,0.529,0.118,16803,10863,14584,0.0114626,0,0,0.0655,0.1425,0.2417,0.0791,0.01144,0.10596,0.13207,-0.00955,0.30415,0.9116
2642,1704.3,28479695,1775812,0.458,0.121,18717,10835,14563,0.01145934,0,0,0.0629,0.1071,0.2324,0.0553,0.01329,0.10749,0.11704,-0.00835,0.27179,0.91631
2643,1704.9,28490562,1776417,0.451,0.119,19042,10867,14581,0.01145609,0,0,0.0654,0.1116,0.2378,0.0364,0.01189,0.1071,0.13553,-0.00915,0.31001,0.90072
2644,1705.5,28501429,1777049,0.452,0.121,18955,10867,14555,0.01145283,0,0,0.066,0.118,0.2318,0.0363,0.01129,0.10961,0.13174,-0.00536,0.29519,0.91705
2645,1706.1,28512309,1777661,0.488,0.123,17800,10880,14622,0.01144957,0,0,0.069,0.126,0.2459,0.047,0.01154,0.1115,0.1249,-0.00733,0.28533,0.91105
2646,1706.6,28523157,1778278,0.439,0.118,19475,10848,14581,0.01144631,0,0,0.0633,0.1122,0.2269,0.0363,0.01187,0.10615,0.13638,-0.00782,0.30967,0.92943
2647,1707.2,28533976,1778905,0.44,0.118,19386,10819,14546,0.01144305,0,0,0.0626,0.1085,0.2259,0.0427,0.0113,0.1067,0.12064,-0.01037,0.28363,0.94417
2648,1707.8,28544818,1779532,0.464,0.12,18595,10842,14541,0.01143981,0,0,0.0653,0.1168,0.2457,0.0358,0.01183,0.10728,0.12408,-0.00735,0.2849,0.96333
2649,1708.4,28555675,1780179,0.471,0.118,18427,10857,14577,0.01143655,0,0,0.0649,0.1144,0.2332,0.0589,0.01171,0.10579,0.11849,-0.00786,0.27416,0.93808
2650,1708.9,28566526,1780789,0.474,0.117,18338,10851,14586,0.0114333,0,0,0.0682,0.122,0.2377,0.0464,0.01102,0.10603,0.12677,-0.00921,0.29315,0.92693
2651,1709.5,28577370,1781443,0.438,0.12,19429,10844,14575,0.01143004,0,0,0.0624,0.1113,0.229,0.0354,0.01193,0.10761,0.12716,-0.00909,0.29371,0.92765
2652,1710.1,28588184,1782082,0.432,0.12,19581,10814,14542,0.01142679,0,0,0.0619,0.1079,0.229,0.0336,0.01159,0.10799,0.11371,-0.01033,0.27037,0.97547
2653,1710.7,28598944,1782732,0.465,0.12,18376,10760,14511,0.01142354,0,0,0.0629,0.1098,0.223,0.0693,0.01169,0.1084,0.11932,-0.00889,0.27829,0.95707
2654,1711.2,28609719,1783363,0.429,0.12,19620,10775,14540,0.01142032,0,0,0.0625,0.1044,0.2281,0.0343,0.0132,0.10614,0.1246,-0.01049,0.29162,0.93883
2655,1711.8,28620450,1784008,0.44,0.119,19196,10731,14492,0.01141708,0,0,0.0621,0.1126,0.2289,0.0366,0.01156,0.10712,0.10837,-0.01059,0.25989,0.9625
2656,1712.4,28631214,1784661,0.454,0.119,18790,10764,14515,0.01141387,0,0,0.0642,0.1119,0.2368,0.0408,0.01202,0.10674,0.11267,-0.00958,0.26626,0.95386
2657,1713.0,28641995,1785281,0.48,0.12,17990,10781,14546,0.01141064,0,0,0.0645,0.1143,0.2316,0.0692,0.01206,0.10714,0.11955,-0.008,0.27735,0.97523
2658,1713.5,28652773,1785926,0.438,0.118,19365,10778,14522,0.0114074,0,0,0.0616,0.106,0.2344,0.0362,0.01168,0.10623,0.11623,-0.01036,0.27518,0.96404
2659,1714.1,28663574,1786564,0.445,0.119,19161,10801,14535,0.01140417,0,0,0.0627,0.1097,0.2303,0.0419,0.01251,0.10622,0.09756,-0.00949,0.23646,0.98084
2660,1714.6,28674368,1787208,0.442,0.119,19237,10794,14544,0.01140093,0,0,0.0613,0.1136,0.2299,0.037,0.01138,0.1076,0.11159,-0.00883,0.26271,0.9592
2661,1715.2,28685146,1787828,0.461,0.117,18631,10778,14555,0.01139769,0,0,0.0661,0.1132,0.2271,0.0548,0.01135,0.10551,0.10877,-0.00801,0.25547,0.9613
2662,1715.8,28695906,1788473,0.436,0.117,19450,10760,14484,0.01139446,0,0,0.0643,0.1132,0.2259,0.0326,0.01097,0.10598,0.10482,-0.00802,0.24758,0.96167
2663,1716.3,28706716,1789111,0.435,0.118,19563,10810,14553,0.01139123,0,0,0.0636,0.1093,0.2226,0.0391,0.0116,0.10613,0.11286,-0.00755,0.26268,0.95979
2664,1716.9,28717530,1789737,0.427,0.118,19835,10814,14563,0.01138799,0,0,0.0626,0.1069,0.225,0.0329,0.01148,0.10598,0.11155,-0.0083,0.26173,0.96718
2665,1717.5,28728317,1790368,0.479,0.119,18062,10787,14535,0.01138474,0,0,0.0656,0.1123,0.236,0.0648,0.01164,0.1066,0.11653,-0.00917,0.27319,0.95675
2666,1718.0,28739098,1790997,0.436,0.119,19438,10781,14538,0.0113815,0,0,0.0622,0.1091,0.2309,0.0338,0.01154,0.10671,0.11385,-0.00909,0.26873,1.00417
2667,1718.6,28749847,1791629,0.44,0.119,19235,10749,14494,0.01137827,0,0,0.0636,0.1081,0.2285,0.0399,0.01219,0.10604,0.11162,-0.00863,0.26312,0.99462
2668,1719.1,28760604,1792278,0.425,0.117,19826,10757,14479,0.01137505,0,0,0.0628,0.105,0.2183,0.0394,0.01097,0.10586,0.11817,-0.00694,0.27174,0.94589
2669,1719.7,28771337,1792927,0.446,0.118,19027,10733,14483,0.01137182,0,0,0.0628,0.1037,0.2147,0.0644,0.011,0.10711,0.12209,-0.00626,0.2786,0.96302
2670,1720.2,28782146,1793559,0.429,0.117,19807,10809,14545,0.0113686,0,0,0.0628,0.1102,0.2233,0.0323,0.01116,0.10545,0.11421,-0.00894,0.26872,0.98643
2671,1720.7,28792887,1794204,0.392,0.117,21109,10741,14497,0.01136536,0,0,0.0568,0.0927,0.214,0.0285,0.01102,0.10548,0.11427,-0.00654,0.26344,0.96004
2672,1721.2,28803624,1794839,0.375,0.116,21870,10737,14474,0.01136213,0,0,0.0552,0.0903,0.2015,0.0278,0.01036,0.10553,0.11074,-0.00591,0.2555,0.97669
2673,1721.8,28814444,1795493,0.408,0.117,20611,10820,14568,0.01135891,0,0,0.0533,0.089,0.204,0.0619,0.01102,0.10545,0.11123,-0.00707,0.25905,0.98902
2674,1722.2,28825194,1796134,0.373,0.116,21987,10750,14489,0.01135567,0,0,0.0556,0.0899,0.2002,0.0275,0.00996,0.10535,0.12491,-0.00647,0.28511,0.98421
2675,1722.7,28835941,1796774,0.372,0.117,22007,10747,14487,0.01135244,0,0,0.0534,0.0886,0.2004,0.0292,0.01083,0.10555,0.122,-0.00849,0.28278,0.96036
2676,1723.2,28846657,1797422,0.381,0.116,21543,10716,14469,0.01134922,0,0,0.0551,0.092,0.2047,0.0295,0.01032,0.10536,0.12119,-0.00834,0.28143,0.98597
2677,1723.7,28857429,1798049,0.387,0.124,21105,10772,14506,0.011346,0,0,0.0563,0.0929,0.2075,0.0298,0.01083,0.11256,0.11252,-0.01004,0.26739,0.98144
2678,1724.3,28868211,1798690,0.427,0.124,19552,10782,14542,0.01134277,0,0,0.0575,0.0944,0.2129,0.0623,0.01142,0.11254,0.11516,-0.00932,0.27152,0.99427
2679,1724.8,28878960,1799324,0.393,0.124,20795,10749,14500,0.01133954,0,0,0.0589,0.0965,0.2072,0.0299,0.01083,0.1131,0.10854,-0.00769,0.25449,0.97123
2680,1725.3,28889742,1799982,0.39,0.125,20965,10782,14570,0.01133631,0,0,0.057,0.0927,0.2098,0.0301,0.01102,0.11326,0.11716,-0.00905,0.27514,1.00189
2681,1725.8,28900476,1800648,0.386,0.125,21025,10734,14459,0.01133308,0,0,0.0562,0.0949,0.2046,0.03,0.01087,0.11357,0.12772,-0.00944,0.29624,0.96784
2682,1726.4,28911238,1801292,0.469,0.122,18204,10762,14476,0.01132986,0,0,0.0647,0.1123,0.2356,0.0567,0.01118,0.11047,0.11904,-0.00869,0.27802,0.9956
2683,1726.9,28921977,1801947,0.403,0.121,20469,10739,14491,0.01132663,0,0,0.0586,0.0988,0.2143,0.0316,0.01071,0.11034,0.12134,-0.01221,0.28998,1.01062
2684,1727.5,28932723,1802606,0.387,0.121,21129,10746,14492,0.01132341,0,0,0.0584,0.0934,0.2062,0.0293,0.01064,0.11035,0.12572,-0.01068,0.29524,0.9906
2685,1728.0,28943448,1803256,0.404,0.127,20204,10725,14438,0.01132018,0,0,0.0598,0.0984,0.2116,0.0339,0.01094,0.11579,0.12451,-0.00979,0.29085,0.9823
2686,1728.5,28954160,1803903,0.427,0.123,19502,10712,14457,0.01131697,0,0,0.0596,0.0957,0.2091,0.0622,0.01178,0.11046,0.1135,-0.01164,0.27279,0.99507
2687,1729.1,28964844,1804550,0.405,0.122,20282,10684,14400,0.01131375,0,0,0.0581,0.0979,0.2172,0.0319,0.01097,0.11031,0.10255,-0.01037,0.24889,1.01857
2688,1729.6,28975611,1805203,0.433,0.125,19295,10767,14495,0.01131055,0,0,0.0635,0.1133,0.2274,0.0292,0.0104,0.11382,0.11096,-0.00851,0.26147,0.99641
2689,1730.1,28986370,1805846,0.381,0.121,21409,10759,14488,0.01130732,0,0,0.0569,0.0944,0.2013,0.0287,0.01072,0.11012,0.11971,-0.00959,0.28114,0.99624
2690,1730.7,28997161,1806488,0.414,0.121,20178,10791,14538,0.01130409,0,0,0.057,0.0938,0.2015,0.0615,0.01055,0.11026,0.10431,-0.01195,0.25628,1.05067
2691,1731.2,29007906,1807139,0.385,0.122,21207,10745,14474,0.01130085,0,0,0.0567,0.094,0.1971,0.0373,0.01093,0.11035,0.11419,-0.00983,0.27025,0.98264
2692,1731.7,29018682,1807792,0.413,0.118,20302,10776,14517,0.01129763,0,0,0.0602,0.1026,0.2142,0.0359,0.01093,0.1067,0.10539,-0.00887,0.25106,0.99737
2693,1732.2,29029461,1808447,0.384,0.118,21469,10779,14515,0.0112944,0,0,0.0564,0.0927,0.2053,0.0299,0.01091,0.10658,0.11315,-0.01109,0.2708,0.9883
2694,1732.7,29040252,1809116,0.41,0.118,20429,10791,14505,0.01129116,0,0,0.055,0.088,0.2042,0.0632,0.01091,0.10659,0.10688,-0.01009,0.25613,0.98255
2695,1733.2,29051078,1809774,0.381,0.12,21630,10826,14575,0.01128792,0,0,0.0561,0.0923,0.2034,0.0291,0.01037,0.10896,0.10674,-0.01053,0.25725,1.00538
2696,1733.8,29061849,1810420,0.411,0.119,20326,10771,14494,0.01128468,0,0,0.0582,0.0971,0.2135,0.0424,0.01139,0.10701,0.11895,-0.00888,0.27824,1.00034
2697,1734.3,29072606,1811086,0.374,0.121,21733,10757,14483,0.01128145,0,0,0.0534,0.0878,0.2019,0.0311,0.00949,0.11107,0.11177,-0.00971,0.26521,0.98554
2698,1734.7,29083419,1811754,0.375,0.118,21947,10813,14558,0.01127822,0,0,0.0553,0.0889,0.2013,0.0291,0.01119,0.10657,0.12065,-0.0078,0.27964,1.00835
2699,1735.2,29094169,1812424,0.367,0.119,22104,10750,14481,0.01127497,0,0,0.0536,0.0858,0.196,0.0321,0.0109,0.10772,0.12438,-0.00854,0.28829,0.99487
2700,1735.8,29104931,1813088,0.464,0.117,18517,10762,14492,0.01127175,0,0,0.0646,0.1121,0.2324,0.0549,0.01087,0.10598,0.11502,-0.01068,0.27438,1.01916
2701,1736.4,29115650,1813755,0.495,0.122,17380,10719,14485,0.01126852,0,0,0.0607,0.1135,0.2161,0.1043,0.01077,0.11085,0.10893,-0.00802,0.25641,0.99954
2702,1737.1,29126401,1814403,0.532,0.122,16422,10751,14480,0.0112653,0,0,0.0629,0.1263,0.2293,0.114,0.01047,0.1108,0.13419,-0.00778,0.30585,0.97208
2703,1737.7,29137149,1815066,0.452,0.12,18790,10748,14459,0.01126208,0,0,0.0532,0.1059,0.2061,0.0864,0.01167,0.10816,0.12391,-0.00954,0.28924,0.99204
2704,1738.2,29147896,1815714,0.375,0.121,21682,10747,14454,0.01125886,0,0,0.0534,0.09,0.1998,0.0314,0.00971,0.11093,0.12907,-0.00938,0.29847,0.95764
2705,1738.7,29158652,1816380,0.405,0.119,20529,10756,14498,0.01125563,0,0,0.0582,0.0953,0.2201,0.0317,0.01042,0.10794,0.12132,-0.00849,0.28152,0.97218
2706,1739.2,29169451,1817045,0.411,0.116,20507,10799,14516,0.0112524,0,0,0.0542,0.0877,0.2068,0.0619,0.01125,0.10446,0.12864,-0.0077,0.29352,0.9259
2707,1739.8,29180282,1817719,0.402,0.114,20964,10831,14540,0.01124916,0,0,0.0574,0.0975,0.2193,0.0282,0.01101,0.10298,0.12461,-0.00985,0.28997,0.93582
2708,1740.2,29191103,1818365,0.34,0.114,23820,10821,14556,0.01124592,0,0,0.0461,0.0781,0.191,0.025,0.01114,0.10278,0.11992,-0.01007,0.28082,0.92703
2709,1740.7,29201967,1819047,0.341,0.117,23690,10864,14583,0.01124267,0,0,0.0472,0.0805,0.1874,0.0262,0.01063,0.10635,0.12107,-0.0099,0.28314,0.94296
2710,1741.1,29212797,1819715,0.339,0.118,23691,10830,14567,0.01123941,0,0,0.0466,0.0793,0.189,0.0241,0.01122,0.10656,0.12153,-0.00893,0.28221,0.94791
2711,1741.6,29223595,1820385,0.373,0.119,21963,10798,14510,0.01123616,0,0,0.0487,0.0809,0.19,0.053,0.0108,0.10787,0.11996,-0.00966,0.28011,0.92931
2712,1742.1,29234440,1821057,0.339,0.117,23748,10845,14556,0.01123292,0,0,0.0464,0.079,0.1873,0.0266,0.01042,0.10656,0.12282,-0.00754,0.28104,0.90472
2713,1742.5,29245292,1821740,0.341,0.114,23821,10852,14573,0.01122967,0,0,0.0463,0.0786,0.1898,0.0264,0.01099,0.10311,0.11513,-0.00925,0.26932,0.9155
2714,1743.0,29256183,1822398,0.356,0.116,23070,10891,14597,0.01122641,0,0,0.0508,0.0837,0.1952,0.0262,0.01065,0.1052,0.11029,-0.00888,0.25848,0.8971
2715,1743.5,29267081,1823071,0.333,0.117,24210,10898,14615,0.01122315,0,0,0.0461,0.0776,0.1836,0.0257,0.01079,0.10606,0.11692,-0.00791,0.26995,0.90472
2716,1743.9,29277866,1823740,0.362,0.12,22396,10785,14498,0.01121988,0,0,0.0466,0.0788,0.1869,0.0497,0.01094,0.10833,0.11366,-0.00857,0.26488,0.90939
2717,1744.4,29288728,1824402,0.334,0.118,24064,10862,14601,0.01121664,0,0,0.0449,0.0779,0.1853,0.0255,0.0109,0.10652,0.11243,-0.00727,0.2597,0.90513
2718,1744.8,29299599,1825065,0.345,0.114,23676,10871,14622,0.01121338,0,0,0.0474,0.0809,0.1892,0.0272,0.01079,0.10331,0.11534,-0.00992,0.27091,0.90936
2719,1745.4,29310431,1825730,0.403,0.116,20870,10832,14583,0.01121012,0,0,0.0567,0.0925,0.2131,0.041,0.01085,0.10449,0.10735,-0.00907,0.25344,0.91898
2720,1745.9,29321249,1826371,0.389,0.119,21311,10818,14541,0.01120687,0,0,0.0568,0.0946,0.206,0.0315,0.01009,0.10828,0.11766,-0.01067,0.27751,0.9302
2721,1746.4,29332126,1827021,0.402,0.116,21009,10877,14620,0.01120363,0,0,0.0546,0.0939,0.2077,0.0458,0.01107,0.10435,0.12058,-0.01013,0.28274,0.95204
2722,1746.9,29342965,1827681,0.405,0.116,20804,10839,14581,0.01120036,0,0,0.0587,0.099,0.2133,0.0337,0.01095,0.10513,0.12011,-0.01064,0.2831,0.96425
2723,1747.4,29353771,1828343,0.37,0.114,22309,10806,14554,0.01119711,0,0,0.0528,0.0859,0.1984,0.033,0.01099,0.10284,0.12451,-0.00882,0.28813,0.95911
2724,1747.9,29364602,1828995,0.412,0.115,20583,10831,14585,0.01119387,0,0,0.0603,0.1038,0.2174,0.03,0.01063,0.10374,0.11302,-0.01096,0.27003,0.9859
2725,1748.5,29375484,1829639,0.449,0.115,19314,10882,14641,0.01119062,0,0,0.0626,0.1126,0.2261,0.0473,0.01101,0.10347,0.12068,-0.01108,0.28481,0.95081
2726,1749.0,29386311,1830294,0.434,0.118,19616,10827,14559,0.01118735,0,0,0.0637,0.1126,0.2253,0.0325,0.01052,0.10709,0.13583,-0.00984,0.31188,0.91771
2727,1749.6,29397159,1830973,0.407,0.114,20796,10848,14597,0.01118411,0,0,0.0602,0.1048,0.2137,0.0285,0.01077,0.1033,0.12622,-0.01182,0.29761,0.96239
2728,1750.1,29408014,1831633,0.386,0.115,21691,10855,14589,0.01118085,0,0,0.0588,0.0938,0.2052,0.028,0.0109,0.10333,0.1309,-0.01146,0.30558,0.93285
2729,1750.6,29418934,1832280,0.412,0.115,20696,10920,14666,0.0111776,0,0,0.0571,0.0928,0.2001,0.0624,0.01213,0.10282,0.13951,-0.00864,0.31639,0.89942
2730,1751.1,29429840,1832942,0.378,0.115,22113,10906,14647,0.01117432,0,0,0.0573,0.0913,0.2046,0.0253,0.01065,0.10372,0.14287,-0.0094,0.32501,0.91571
2731,1751.6,29440734,1833585,0.407,0.114,20911,10894,14646,0.01117105,0,0,0.0577,0.1071,0.2082,0.0338,0.01059,0.10332,0.13767,-0.00949,0.31405,0.88266
2732,1752.1,29451614,1834256,0.418,0.115,20428,10880,14629,0.01116778,0,0,0.0611,0.1016,0.2231,0.0317,0.01121,0.10351,0.14654,-0.01048,0.33388,0.88912
2733,1752.7,29462473,1834923,0.467,0.114,18706,10859,14604,0.01116452,0,0,0.0685,0.12,0.2323,0.0457,0.01121,0.10246,0.14482,-0.00967,0.32889,0.89143
2734,1753.2,29473353,1835575,0.385,0.116,21719,10880,14625,0.01116126,0,0,0.0573,0.0926,0.2041,0.0312,0.01073,0.10458,0.14088,-0.00898,0.31946,0.88467
2735,1753.7,29484253,1836240,0.396,0.115,21295,10900,14640,0.01115799,0,0,0.059,0.0957,0.2076,0.0342,0.0101,0.10498,0.15449,-0.00809,0.34436,0.85997
2736,1754.3,29495134,1836894,0.407,0.116,20833,10881,14666,0.01115472,0,0,0.061,0.0992,0.2177,0.0289,0.0111,0.10406,0.14822,-0.00744,0.3309,0.87777
2737,1754.8,29506061,1837543,0.419,0.118,20339,10927,14679,0.01115146,0,0,0.0632,0.098,0.2085,0.0492,0.01124,0.10679,0.13789,-0.00874,0.31273,0.8727
2738,1755.4,29516997,1838196,0.462,0.122,18727,10936,14707,0.01114818,0,0,0.0686,0.1197,0.2373,0.0362,0.01089,0.11072,0.14114,-0.00922,0.32038,0.88188
2739,1756.0,29527941,1838831,0.487,0.126,17854,10944,14706,0.0111449,0,0,0.0716,0.1288,0.2439,0.0426,0.01138,0.11431,0.13623,-0.01029,0.31219,0.85946
2740,1756.6,29538895,1839482,0.496,0.127,17577,10954,14722,0.01114162,0,0,0.0746,0.135,0.2457,0.0408,0.01198,0.11462,0.14688,-0.00697,0.32731,0.88031
2741,1757.3,29549803,1840147,0.557,0.126,15987,10908,14692,0.01113833,0,0,0.0771,0.1356,0.2443,0.0995,0.01201,0.11329,0.14794,-0.00909,0.33348,0.87194
2742,1757.9,29560747,1840811,0.468,0.124,18487,10944,14693,0.01113506,0,0,0.068,0.1235,0.2382,0.0388,0.01234,0.11063,0.14928,-0.00713,0.33146,0.83668
2743,1758.5,29571611,1841486,0.488,0.124,17748,10864,14620,0.01113178,0,0,0.0734,0.1333,0.2424,0.039,0.01106,0.11264,0.13692,-0.00994,0.31279,0.85663
2744,1759.1,29582528,1842139,0.47,0.126,18318,10917,14675,0.01112852,0,0,0.0703,0.1204,0.2417,0.0372,0.01099,0.11493,0.14215,-0.0084,0.31997,0.84757
2745,1759.7,29593393,1842792,0.452,0.124,18838,10865,14624,0.01112524,0,0,0.0659,0.1082,0.2274,0.0509,0.01144,0.11252,0.15956,-0.00618,0.3505,0.85488
2746,1760.2,29604344,1843461,0.451,0.123,19110,10951,14724,0.01112198,0,0,0.0678,0.1133,0.224,0.0455,0.01076,0.11143,0.14944,-0.00723,0.33216,0.84601
2747,1760.8,29615201,1844115,0.409,0.121,20490,10857,14634,0.0111187,0,0,0.0634,0.1025,0.2131,0.0304,0.01025,0.10999,0.1338,-0.009,0.30485,0.86594
2748,1761.3,29626069,1844770,0.437,0.123,19384,10868,14652,0.01111544,0,0,0.0641,0.1092,0.2259,0.0383,0.01194,0.11096,0.13857,-0.00873,0.31352,0.85158
2749,1761.9,29636885,1845430,0.461,0.126,18413,10816,14567,0.01111218,0,0,0.0678,0.1139,0.2253,0.0544,0.0116,0.11404,0.14823,-0.00768,0.33026,0.83029
2750,1762.5,29647751,1846103,0.435,0.122,19478,10866,14613,0.01110893,0,0,0.0657,0.1093,0.2264,0.034,0.01157,0.1105,0.14138,-0.00888,0.31932,0.84539
2751,1763.0,29658618,1846771,0.436,0.122,19508,10867,14641,0.01110567,0,0,0.0662,0.1118,0.2257,0.0317,0.01099,0.11019,0.14966,-0.0063,0.33089,0.85346
2752,1763.6,29669520,1847427,0.43,0.115,19979,10902,14664,0.01110241,0,0,0.0653,0.1074,0.2252,0.0324,0.01081,0.10421,0.142,-0.0079,0.31863,0.84811
2753,1764.2,29680462,1848075,0.428,0.114,20175,10942,14702,0.01109914,0,0,0.0609,0.1044,0.2123,0.0504,0.01131,0.10278,0.14319,-0.00663,0.3182,0.83601
2754,1764.7,29691384,1848713,0.405,0.116,20973,10922,14660,0.01109586,0,0,0.0592,0.0984,0.2112,0.0359,0.01081,0.10489,0.14811,-0.00688,0.32829,0.82455
2755,1765.2,29702322,1849361,0.423,0.115,20342,10938,14694,0.01109258,0,0,0.0638,0.1077,0.2216,0.0297,0.01075,0.10376,0.14596,-0.00836,0.32689,0.82237
2756,1765.7,29713208,1850025,0.417,0.114,20523,10886,14652,0.0110893,0,0,0.0602,0.0997,0.2171,0.0399,0.01038,0.10281,0.14716,-0.00763,0.32816,0.83847
2757,1766.3,29724034,1850700,0.435,0.114,19722,10826,14592,0.01108604,0,0,0.0619,0.1043,0.2133,0.0557,0.01071,0.10272,0.14672,-0.00901,0.32967,0.82147
2758,1766.8,29734931,1851370,0.4,0.114,21215,10897,14632,0.01108279,0,0,0.0592,0.0977,0.2113,0.0317,0.01042,0.10305,0.14183,-0.0071,0.31622,0.82828
2759,1767.3,29745856,1852045,0.382,0.113,22070,10925,14684,0.01107952,0,0,0.0582,0.0949,0.198,0.0305,0.0108,0.10238,0.15016,-0.00841,0.33559,0.83232
2760,1767.8,29756792,1852684,0.412,0.114,20788,10936,14693,0.01107624,0,0,0.0604,0.0997,0.2218,0.0301,0.0098,0.10389,0.14379,-0.00833,0.32317,0.85469
2761,1768.3,29767698,1853360,0.39,0.115,21612,10906,14679,0.01107296,0,0,0.0563,0.0918,0.1969,0.0448,0.01088,0.10361,0.14287,-0.00909,0.32281,0.85337
2762,1768.9,29778585,1854033,0.471,0.115,18587,10887,14631,0.01106969,0,0,0.0719,0.1376,0.2302,0.0309,0.01093,0.1039,0.1497,-0.00715,0.33222,0.83657
2763,1769.5,29789510,1854692,0.428,0.116,20093,10925,14714,0.01106642,0,0,0.0658,0.1123,0.214,0.0354,0.0112,0.10465,0.13128,-0.00855,0.29823,0.83886
2764,1770.0,29800486,1855355,0.427,0.115,20236,10976,14760,0.01106315,0,0,0.0637,0.1086,0.2212,0.0336,0.0111,0.1039,0.13784,-0.00848,0.31095,0.82748
2765,1770.6,29811439,1856058,0.448,0.115,19438,10953,14733,0.01105985,0,0,0.0625,0.1066,0.218,0.0612,0.01092,0.1039,0.14139,-0.00751,0.31603,0.82359
2766,1771.1,29822410,1856703,0.393,0.113,21672,10971,14730,0.01105657,0,0,0.0599,0.0987,0.2028,0.0314,0.00978,0.10334,0.13376,-0.00869,0.30297,0.8166
2767,1771.6,29833389,1857370,0.386,0.115,21950,10979,14770,0.01105328,0,0,0.0583,0.0968,0.2025,0.0279,0.01077,0.1035,0.13167,-0.00874,0.29891,0.81803
2768,1772.1,29844345,1858053,0.378,0.115,22223,10956,14706,0.01104998,0,0,0.0586,0.0929,0.1979,0.0288,0.0107,0.10374,0.13353,-0.00865,0.3023,0.81175
2769,1772.6,29855310,1858732,0.453,0.115,19306,10965,14724,0.0110467,0,0,0.0631,0.1063,0.225,0.059,0.01144,0.10282,0.12393,-0.00807,0.28185,0.80805
2770,1773.2,29866300,1859388,0.434,0.117,19937,10990,14755,0.01104341,0,0,0.0644,0.1045,0.2277,0.0375,0.01042,0.10647,0.1308,-0.00881,0.29683,0.79754
2771,1773.7,29877202,1860039,0.431,0.114,20001,10902,14662,0.01104011,0,0,0.0664,0.111,0.2237,0.0299,0.01096,0.10266,0.13061,-0.00794,0.29564,0.8397
2772,1774.3,29888091,1860696,0.405,0.115,20956,10889,14654,0.01103684,0,0,0.0606,0.0992,0.2176,0.0275,0.0105,0.10382,0.13638,-0.00909,0.30959,0.84501
2773,1774.8,29898992,1861370,0.434,0.116,19810,10901,14657,0.01103357,0,0,0.06,0.1011,0.2126,0.0602,0.01154,0.10433,0.16045,-0.00795,0.35502,0.82583
2774,1775.3,29909868,1862031,0.415,0.115,20525,10876,14660,0.0110303,0,0,0.0596,0.1036,0.2185,0.0328,0.01126,0.10379,0.13653,-0.00916,0.31039,0.86269
2775,1775.9,29920748,1862698,0.472,0.115,18523,10880,14639,0.01102704,0,0,0.0684,0.1281,0.2437,0.0323,0.01138,0.10318,0.14783,-0.00676,0.32799,0.8526
2776,1776.5,29931633,1863362,0.432,0.115,19869,10885,14660,0.01102378,0,0,0.0659,0.1126,0.2225,0.0314,0.01115,0.10369,0.14388,-0.00831,0.32327,0.85672
2777,1777.0,29942531,1864009,0.445,0.115,19451,10898,14656,0.01102051,0,0,0.0633,0.1061,0.2165,0.059,0.01158,0.10348,0.13898,-0.01047,0.31787,0.86053
2778,1777.5,29953398,1864663,0.397,0.115,21208,10867,14609,0.01101724,0,0,0.0597,0.1008,0.2104,0.0263,0.01119,0.10368,0.13292,-0.0076,0.30001,0.86051
2779,1778.1,29964288,1865307,0.397,0.113,21331,10890,14685,0.01101398,0,0,0.0576,0.1019,0.2097,0.0279,0.01069,0.10235,0.1465,-0.00866,0.3291,0.85306
2780,1778.6,29975217,1865962,0.399,0.114,21304,10929,14705,0.01101071,0,0,0.06,0.0958,0.2096,0.0333,0.01055,0.10345,0.1405,-0.00683,0.31369,0.86412
2781,1779.1,29986107,1866608,0.402,0.115,21057,10890,14644,0.01100743,0,0,0.0587,0.1004,0.2167,0.0267,0.01095,0.10345,0.14516,-0.00807,0.32493,0.83818
2782,1779.6,29997006,1867274,0.427,0.114,20144,10899,14650,0.01100417,0,0,0.0584,0.0985,0.2052,0.065,0.01062,0.10296,0.15032,-0.00813,0.3355,0.84486
2783,1780.2,30007907,1867925,0.418,0.116,20391,10901,14663,0.0110009,0,0,0.0623,0.1003,0.2236,0.0321,0.01118,0.10485,0.14477,-0.00657,0.32127,0.84507
2784,1780.7,30018759,1868600,0.42,0.114,20332,10852,14613,0.01099763,0,0,0.0605,0.1055,0.2154,0.0382,0.01141,0.10252,0.14055,-0.00665,0.31264,0.82993
2785,1781.2,30029611,1869257,0.398,0.113,21249,10852,14609,0.01099437,0,0,0.0587,0.0964,0.2067,0.0358,0.01017,0.10267,0.13908,-0.00748,0.31156,0.83855
2786,1781.7,30040461,1869930,0.426,0.114,20100,10850,14609,0.01099112,0,0,0.0599,0.0981,0.2091,0.0587,0.0112,0.10243,0.16646,-0.00804,0.36716,0.82636
2787,1782.3,30051308,1870586,0.413,0.114,20567,10847,14598,0.01098786,0,0,0.0601,0.1023,0.2086,0.0423,0.01101,0.10287,0.15134,-0.00778,0.3369,0.8498
2788,1782.8,30062169,1871259,0.394,0.116,21285,10861,14627,0.01098461,0,0,0.0591,0.0958,0.2067,0.0329,0.01073,0.10484,0.1548,-0.00728,0.34232,0.82715
2789,1783.3,30073010,1871927,0.418,0.118,20240,10841,14567,0.01098135,0,0,0.0625,0.1077,0.2129,0.035,0.01087,0.10639,0.13822,-0.00809,0.3115,0.85963
2790,1783.9,30083872,1872576,0.453,0.118,19037,10862,14615,0.0109781,0,0,0.0642,0.1106,0.2186,0.0593,0.01156,0.10603,0.12708,-0.00804,0.28862,0.83721
2791,1784.4,30094760,1873249,0.43,0.115,19987,10888,14660,0.01097484,0,0,0.0638,0.1108,0.2203,0.0352,0.01141,0.10293,0.14536,-0.00812,0.32551,0.84486
2792,1785.0,30105564,1873900,0.467,0.117,18508,10804,14555,0.01097157,0,0,0.0684,0.1216,0.2286,0.0482,0.01075,0.10587,0.1424,-0.00678,0.31705,0.85112
2793,1785.6,30116379,1874563,0.435,0.115,19685,10815,14560,0.01096833,0,0,0.0626,0.1144,0.2235,0.0343,0.01057,0.10367,0.14796,-0.00804,0.33034,0.83598
2794,1786.1,30127171,1875236,0.431,0.114,19804,10792,14570,0.01096509,0,0,0.0603,0.0995,0.2099,0.0613,0.01136,0.10238,0.1406,-0.00932,0.31799,0.82778
2795,1786.6,30137998,1875903,0.374,0.118,22001,10827,14577,0.01096185,0,0,0.0563,0.0926,0.1949,0.0304,0.01108,0.10658,0.14667,-0.00805,0.32754,0.82485
2796,1787.1,30148819,1876580,0.399,0.115,21056,10821,14577,0.0109586,0,0,0.0589,0.0984,0.21,0.0313,0.01061,0.1043,0.15623,-0.00798,0.34673,0.83565
2797,1787.6,30159631,1877235,0.386,0.12,21373,10812,14566,0.01095535,0,0,0.0569,0.0958,0.2007,0.0326,0.01088,0.10865,0.14467,-0.00693,0.32168,0.8429
2798,1788.2,30170442,1877908,0.454,0.122,18789,10811,14572,0.01095211,0,0,0.0643,0.1064,0.2177,0.0651,0.01132,0.11002,0.14408,-0.008,0.32279,0.85136
2799,1788.8,30181324,1878570,0.431,0.119,19788,10882,14624,0.01094887,0,0,0.0643,0.1118,0.2225,0.0321,0.01057,0.10841,0.1426,-0.00662,0.31636,0.8184
2800,1789.3,30192107,1879258,0.392,0.121,20989,10783,14576,0.0109456,0,0,0.0585,0.0948,0.2083,0.0307,0.0111,0.10996,0.15135,-0.00464,0.33038,0.84157
2801,1790.3,30202860,1879930,0.418,0.123,19873,10753,14522,0.01094237,0,0,0.0562,0.0958,0.2058,0.0598,0.01165,0.11151,0.14803,-0.00662,0.32814,0.86161
2802,1790.8,30213657,1880586,0.43,0.127,19355,10797,14533,0.01093914,0,0,0.0634,0.1097,0.2274,0.0299,0.01103,0.11609,0.14435,-0.0067,0.32082,0.85541
2803,1791.4,30224442,1881258,0.438,0.123,19228,10785,14540,0.0109359,0,0,0.0653,0.1063,0.2286,0.0376,0.01121,0.11169,0.14745,-0.00558,0.32489,0.86119
2804,1792.0,30235250,1881930,0.435,0.125,19289,10808,14560,0.01093267,0,0,0.0675,0.1098,0.2287,0.0292,0.01109,0.11352,0.15031,-0.00834,0.33545,0.82956
2805,1792.6,30246043,1882598,0.485,0.124,17717,10793,14547,0.01092942,0,0,0.0653,0.1258,0.2368,0.057,0.01063,0.11326,0.15171,-0.00782,0.33715,0.82769
2806,1793.1,30256837,1883271,0.424,0.122,19782,10794,14556,0.01092619,0,0,0.0631,0.1025,0.2267,0.0316,0.01091,0.11049,0.14069,-0.00837,0.31648,0.84048
2807,1793.6,30267683,1883950,0.405,0.121,20640,10846,14586,0.01092295,0,0,0.0598,0.0975,0.2166,0.031,0.01144,0.1089,0.14769,-0.00829,0.32971,0.81176
2808,1794.1,30278437,1884625,0.358,0.12,22473,10754,14498,0.0109197,0,0,0.0556,0.0892,0.1874,0.026,0.01072,0.10923,0.1433,-0.00707,0.31866,0.82023
2809,1794.6,30289208,1885317,0.401,0.12,20670,10771,14505,0.01091647,0,0,0.0552,0.0915,0.2024,0.0516,0.01065,0.10931,0.14843,-0.00913,0.33293,0.81546
2810,1795.1,30300047,1885977,0.372,0.121,22006,10839,14562,0.01091324,0,0,0.0554,0.0902,0.1968,0.0294,0.01105,0.10937,0.14666,-0.00761,0.32611,0.80436
2811,1795.6,30310870,1886671,0.372,0.119,22067,10823,14590,0.01090999,0,0,0.0555,0.0901,0.1968,0.0293,0.01055,0.10798,0.15111,-0.00794,0.33545,0.79475
2812,1796.1,30321698,1887327,0.362,0.118,22590,10828,14568,0.01090674,0,0,0.054,0.0861,0.1962,0.0254,0.01039,0.10696,0.15307,-0.00616,0.33624,0.81512
2813,1796.6,30332522,1888003,0.372,0.119,22060,10824,14570,0.01090349,0,0,0.0542,0.0917,0.1985,0.0278,0.01111,0.1072,0.13662,-0.00769,0.30649,0.81983
2814,1797.1,30343359,1888675,0.38,0.122,21605,10837,14597,0.01090024,0,0,0.0559,0.0917,0.1985,0.0336,0.01087,0.11061,0.14965,-0.00769,0.33222,0.80423
2815,1797.6,30354171,1889353,0.391,0.121,21118,10812,14561,0.01089699,0,0,0.0578,0.0957,0.2048,0.0331,0.01098,0.1093,0.15319,-0.00602,0.33605,0.80912
2816,1798.1,30365039,1890039,0.384,0.122,21486,10868,14647,0.01089375,0,0,0.0563,0.0923,0.2086,0.0268,0.01044,0.11102,0.14018,-0.00532,0.30897,0.82431
2817,1798.6,30375846,1890709,0.389,0.12,21230,10807,14580,0.01089049,0,0,0.0575,0.0947,0.2057,0.0307,0.01064,0.10948,0.14267,-0.00662,0.31619,0.80858
2818,1799.1,30386674,1891391,0.379,0.121,21633,10828,14613,0.01088725,0,0,0.0518,0.0856,0.2021,0.0396,0.01104,0.10993,0.15312,-0.00729,0.33877,0.82436
2819,1799.7,30397544,1892059,0.418,0.12,20227,10870,14617,0.010884,0,0,0.0615,0.107,0.2153,0.0338,0.0113,0.10822,0.13985,-0.00639,0.31007,0.8077
2820,1800.2,30408370,1892726,0.394,0.122,20985,10826,14593,0.01088074,0,0,0.0594,0.0991,0.2044,0.0314,0.01171,0.10973,0.14015,-0.00667,0.31087,0.79171
2821,1800.7,30419264,1893406,0.393,0.121,21208,10894,14658,0.01087749,0,0,0.0591,0.0974,0.2065,0.03,0.01069,0.10973,0.14082,-0.00785,0.31509,0.81536
2822,1801.2,30430110,1894074,0.403,0.119,20771,10846,14587,0.01087422,0,0,0.0585,0.0938,0.2072,0.0433,0.0108,0.1084,0.13619,-0.00676,0.30369,0.81791
2823,1801.7,30441032,1894745,0.379,0.121,21826,10922,14669,0.01087097,0,0,0.0557,0.0905,0.2005,0.0327,0.01057,0.11017,0.14496,-0.00579,0.31954,0.82935
2824,1802.3,30451937,1895411,0.424,0.12,20056,10905,14655,0.01086769,0,0,0.0621,0.1092,0.2169,0.0356,0.01049,0.1089,0.13852,-0.00506,0.30555,0.84698
2825,1802.9,30462928,1896059,0.439,0.124,19521,10991,14753,0.01086442,0,0,0.0631,0.1113,0.2221,0.0424,0.01184,0.11179,0.133,-0.00623,0.29691,0.84964
2826,1803.5,30473865,1896702,0.462,0.12,18800,10937,14681,0.01086112,0,0,0.0608,0.1098,0.2249,0.0663,0.01087,0.10868,0.12722,-0.00728,0.28788,0.86873
2827,1804.0,30484784,1897361,0.431,0.12,19817,10919,14697,0.01085784,0,0,0.0619,0.1072,0.226,0.0356,0.01186,0.10823,0.12721,-0.00678,0.28754,0.90024
2828,1804.5,30495719,1898053,0.407,0.12,20752,10935,14699,0.01085456,0,0,0.0601,0.0988,0.2156,0.0325,0.0115,0.10801,0.13457,-0.00809,0.3041,0.8648
2829,1805.1,30506558,1898709,0.415,0.12,20244,10839,14634,0.01085128,0,0,0.0605,0.1027,0.2146,0.0372,0.01164,0.10851,0.13826,-0.00654,0.30892,0.89034
2830,1805.6,30517391,1899381,0.381,0.12,21599,10833,14579,0.01084803,0,0,0.0532,0.0873,0.1923,0.0486,0.01141,0.10837,0.13891,-0.00635,0.30943,0.87123
2831,1806.1,30528268,1900058,0.387,0.118,21510,10877,14625,0.01084478,0,0,0.0581,0.0967,0.2048,0.0279,0.01105,0.10683,0.13767,-0.00815,0.3103,0.86051
2832,1806.6,30539115,1900738,0.383,0.119,21589,10847,14599,0.01084152,0,0,0.0544,0.0885,0.1998,0.0405,0.01143,0.1075,0.13098,-0.00558,0.29143,0.84456
2833,1807.1,30549943,1901416,0.367,0.117,22371,10828,14587,0.01083827,0,0,0.0545,0.0878,0.1963,0.0281,0.01059,0.10644,0.13626,-0.00732,0.30585,0.86284
2834,1807.5,30560808,1902080,0.364,0.118,22535,10865,14606,0.01083502,0,0,0.0537,0.0866,0.1949,0.0286,0.01049,0.10743,0.13026,-0.00837,0.29606,0.86654
2835,1808.1,30571702,1902746,0.412,0.118,20532,10894,14667,0.01083176,0,0,0.0563,0.0951,0.1997,0.0611,0.01054,0.10756,0.13671,-0.00527,0.30313,0.88497
2836,1808.6,30582621,1903440,0.383,0.121,21698,10919,14682,0.01082849,0,0,0.0556,0.0916,0.2047,0.0308,0.01113,0.10909,0.1368,-0.00685,0.30551,0.84123
2837,1809.1,30593512,1904110,0.385,0.12,21590,10891,14637,0.01082521,0,0,0.0574,0.0944,0.2043,0.0286,0.01122,0.10828,0.13361,-0.00885,0.30303,0.83629
2838,1809.6,30604428,1904783,0.384,0.118,21741,10916,14680,0.01082195,0,0,0.0596,0.0938,0.2022,0.0287,0.01056,0.10698,0.11923,-0.00855,0.27408,0.85564
2839,1810.1,30615358,1905461,0.359,0.12,22800,10930,14665,0.01081867,0,0,0.0538,0.0879,0.1898,0.0274,0.01119,0.10893,0.13578,-0.00678,0.30336,0.84294
2840,1810.6,30626257,1906137,0.397,0.118,21167,10899,14640,0.01081539,0,0,0.0551,0.093,0.1994,0.0492,0.01087,0.10703,0.13039,-0.00862,0.29647,0.85286
2841,1811.1,30637127,1906831,0.368,0.118,22383,10870,14628,0.01081212,0,0,0.0536,0.088,0.1993,0.0272,0.01081,0.10639,0.11923,-0.00741,0.27176,0.8538
2842,1811.5,30648005,1907508,0.359,0.118,22781,10878,14641,0.01080886,0,0,0.0523,0.086,0.193,0.0279,0.01055,0.10726,0.11879,-0.0074,0.27105,0.86445
2843,1812.0,30658878,1908184,0.363,0.118,22596,10873,14630,0.0108056,0,0,0.053,0.0871,0.1956,0.0275,0.0105,0.1072,0.12325,-0.00784,0.28069,0.85623
2844,1812.5,30669749,1908881,0.369,0.12,22226,10871,14625,0.01080234,0,0,0.0542,0.0874,0.2001,0.0277,0.01094,0.10851,0.11914,-0.00715,0.27153,0.87642
2845,1813.0,30680602,1909560,0.384,0.12,21572,10853,14613,0.01079908,0,0,0.0527,0.0866,0.193,0.0512,0.01128,0.10795,0.12819,-0.00568,0.28595,0.84382
2846,1813.5,30691418,1910251,0.362,0.118,22577,10816,14555,0.01079582,0,0,0.0531,0.0862,0.1949,0.0273,0.01082,0.10644,0.11207,-0.00904,0.26061,0.85191
2847,1814.0,30702270,1910956,0.365,0.118,22481,10852,14589,0.01079257,0,0,0.0541,0.0896,0.1941,0.0273,0.01082,0.1065,0.11808,-0.00725,0.26955,0.87537
2848,1814.5,30713110,1911636,0.363,0.118,22559,10840,14602,0.01078932,0,0,0.0532,0.0873,0.1948,0.0275,0.01092,0.10656,0.1168,-0.00622,0.26519,0.88755
2849,1815.0,30724004,1912322,0.371,0.119,22269,10894,14644,0.01078607,0,0,0.0531,0.0893,0.1926,0.0356,0.01123,0.10705,0.11043,-0.009,0.25817,0.89529
2850,1815.5,30734923,1912998,0.406,0.119,20800,10919,14666,0.0107828,0,0,0.0544,0.0869,0.206,0.0586,0.01108,0.1076,0.11341,-0.00721,0.26041,0.8887
2851,1816.0,30745888,1913673,0.383,0.121,21751,10965,14661,0.01077952,0,0,0.0559,0.0941,0.2027,0.0301,0.01099,0.11016,0.13458,-0.00528,0.29767,0.83207
2852,1816.5,30756859,1914352,0.366,0.12,22544,10971,14651,0.01077623,0,0,0.0539,0.0891,0.1925,0.0307,0.01133,0.10843,0.13825,-0.00783,0.30957,0.80828
2853,1817.0,30767787,1915031,0.39,0.122,21363,10928,14656,0.01077294,0,0,0.0572,0.0984,0.2023,0.0315,0.01127,0.11046,0.12699,-0.00796,0.28792,0.83676
2854,1817.6,30778698,1915712,0.43,0.118,19924,10911,14621,0.01076966,0,0,0.0575,0.0993,0.2072,0.0656,0.01031,0.10736,0.12228,-0.00691,0.27667,0.84915
2855,1818.0,30789607,1916400,0.376,0.119,22027,10909,14603,0.01076639,0,0,0.0565,0.092,0.1976,0.0299,0.01199,0.10704,0.11638,-0.00853,0.26852,0.86828
2856,1818.5,30800530,1917081,0.365,0.118,22592,10923,14613,0.01076312,0,0,0.0539,0.0875,0.1961,0.0276,0.01057,0.10748,0.12439,-0.00714,0.28141,0.85234
2857,1819.0,30811447,1917759,0.362,0.119,22675,10917,14619,0.01075984,0,0,0.0531,0.0872,0.1945,0.0276,0.01112,0.10769,0.12374,-0.00889,0.28416,0.87905
2858,1819.5,30822355,1918406,0.351,0.118,23294,10908,14603,0.01075657,0,0,0.0505,0.084,0.1884,0.0277,0.01057,0.10677,0.12749,-0.01039,0.29487,0.88846
2859,1820.0,30833227,1919078,0.422,0.117,20187,10872,14577,0.01075329,0,0,0.0583,0.0965,0.2085,0.0587,0.01049,0.10592,0.13002,-0.00636,0.29168,0.87943
2860,1820.5,30844103,1919748,0.388,0.122,21294,10876,14554,0.01075003,0,0,0.0571,0.0933,0.2082,0.0298,0.01121,0.11091,0.12691,-0.00843,0.28921,0.86187
2861,1821.0,30855019,1920419,0.392,0.12,21328,10916,14651,0.01074677,0,0,0.0581,0.0996,0.2049,0.0291,0.0106,0.10917,0.12452,-0.0094,0.28687,0.88526
2862,1821.5,30865885,1921076,0.382,0.118,21705,10866,14537,0.01074349,0,0,0.0553,0.0909,0.2052,0.0307,0.01116,0.1067,0.1264,-0.00765,0.28697,0.87793
2863,1822.0,30876760,1921723,0.373,0.12,22048,10875,14559,0.01074023,0,0,0.0543,0.0887,0.2025,0.0278,0.01138,0.10823,0.11021,-0.0087,0.25675,0.88143
2864,1822.6,30887640,1922371,0.436,0.122,19523,10880,14596,0.01073697,0,0,0.0564,0.089,0.2088,0.0814,0.01211,0.10936,0.12614,-0.00846,0.28805,0.87764
2865,1823.1,30898514,1923034,0.373,0.12,22055,10874,14555,0.01073371,0,0,0.0552,0.0888,0.2001,0.0293,0.01077,0.1086,0.12267,-0.00929,0.28293,0.88539
2866,1823.6,30909400,1923702,0.351,0.117,23272,10886,14598,0.01073045,0,0,0.0497,0.0829,0.1922,0.0259,0.01057,0.10612,0.09941,-0.00886,0.23564,0.88983
2867,1824.0,30920240,1924354,0.349,0.121,23067,10840,14532,0.01072718,0,0,0.05,0.0829,0.1887,0.0269,0.01119,0.10993,0.10818,-0.00867,0.2532,0.90889
2868,1824.5,30931152,1925004,0.387,0.121,21447,10912,14588,0.01072393,0,0,0.0559,0.0919,0.2112,0.0284,0.01084,0.1103,0.11945,-0.0095,0.27789,0.93306
2869,1825.1,30942073,1925662,0.394,0.122,21160,10921,14618,0.01072065,0,0,0.0536,0.0882,0.1967,0.0559,0.01073,0.11075,0.11425,-0.00749,0.26304,0.91221
2870,1825.6,30953003,1926332,0.398,0.122,21007,10930,14620,0.01071738,0,0,0.0591,0.0964,0.2122,0.0302,0.01109,0.11107,0.10386,-0.00923,0.24584,0.91707
2871,1826.1,30963930,1926997,0.375,0.119,22092,10927,14580,0.0107141,0,0,0.0552,0.0897,0.2027,0.0277,0.01084,0.10811,0.11757,-0.00785,0.27084,0.93354
2872,1826.6,30974842,1927655,0.377,0.121,21914,10912,14598,0.01071082,0,0,0.0556,0.09,0.2039,0.0272,0.0108,0.11015,0.11959,-0.00857,0.27599,0.9178
2873,1827.1,30985806,1928328,0.38,0.119,21979,10964,14652,0.01070755,0,0,0.0549,0.0886,0.2082,0.0286,0.0117,0.10664,0.10171,-0.00916,0.2416,0.92712
2874,1827.6,30996726,1929011,0.416,0.121,20344,10920,14601,0.01070426,0,0,0.0558,0.0907,0.2033,0.066,0.01128,0.10942,0.09841,-0.00739,0.23133,0.92128
2875,1828.1,31007649,1929661,0.385,0.122,21584,10923,14608,0.01070098,0,0,0.0555,0.0911,0.2074,0.0305,0.0114,0.10982,0.10506,-0.01107,0.25222,0.93272
2876,1828.6,31018569,1930340,0.382,0.121,21682,10920,14589,0.01069771,0,0,0.0559,0.0889,0.2085,0.029,0.01095,0.10999,0.11581,-0.01031,0.27145,0.89815
2877,1829.1,31029455,1930998,0.393,0.123,21090,10886,14571,0.01069443,0,0,0.0574,0.0947,0.2111,0.0298,0.01152,0.11124,0.11457,-0.00821,0.2651,0.91369
2878,1829.6,31040336,1931662,0.388,0.121,21377,10881,14544,0.01069116,0,0,0.0557,0.0918,0.207,0.0331,0.01095,0.11022,0.1104,-0.00748,0.25537,0.9171
2879,1830.2,31051254,1932326,0.436,0.125,19466,10918,14596,0.0106879,0,0,0.0627,0.1098,0.2233,0.0405,0.01145,0.11261,0.10547,-0.0082,0.24671,0.90568
2880,1830.8,31062128,1932987,0.487,0.121,17885,10874,14579,0.01068462,0,0,0.0708,0.1308,0.248,0.0369,0.01053,0.11057,0.09936,-0.00811,0.23446,0.91297
2881,1831.4,31073006,1933635,0.439,0.123,19381,10878,14557,0.01068136,0,0,0.0647,0.1091,0.2305,0.0344,0.01188,0.11048,0.12146,-0.00915,0.28082,0.91765
2882,1832.0,31083965,1934312,0.491,0.125,17813,10959,14656,0.0106781,0,0,0.064,0.1169,0.2272,0.0825,0.01225,0.11195,0.10467,-0.00955,0.24812,0.92094
2883,1832.7,31094921,1934969,0.555,0.123,16164,10956,14662,0.01067481,0,0,0.0784,0.1582,0.2602,0.0584,0.01209,0.11006,0.11696,-0.00852,0.2697,0.87702
2884,1833.4,31105840,1935638,0.611,0.125,14843,10919,14628,0.01067152,0,0,0.0826,0.1604,0.2603,0.1077,0.01256,0.11151,0.12061,-0.00763,0.27545,0.88896
2885,1834.1,31116784,1936287,0.581,0.125,15504,10944,14614,0.01066825,0,0,0.0746,0.1491,0.2495,0.1078,0.01207,0.11211,0.10976,-0.00752,0.25316,0.87202
2886,1834.8,31127730,1936959,0.554,0.122,16189,10946,14617,0.01066496,0,0,0.0797,0.1501,0.2622,0.0619,0.01124,0.11068,0.11323,-0.00877,0.26243,0.86351
2887,1835.4,31138669,1937625,0.51,0.119,17393,10939,14635,0.01066168,0,0,0.0707,0.1388,0.242,0.058,0.01207,0.10683,0.09886,-0.00812,0.23311,0.89811
2888,1836.0,31149609,1938301,0.501,0.123,17532,10940,14626,0.0106584,0,0,0.0731,0.1335,0.2529,0.0417,0.01247,0.10993,0.1124,-0.00771,0.25929,0.8941
2889,1836.7,31160557,1938960,0.577,0.123,15645,10948,14655,0.01065512,0,0,0.08,0.1561,0.2598,0.0813,0.01183,0.1103,0.11921,-0.00769,0.27248,0.877
2890,1837.4,31171521,1939640,0.508,0.122,17406,10964,14657,0.01065183,0,0,0.0735,0.134,0.2472,0.053,0.01154,0.11015,0.12455,-0.00805,0.28283,0.82791
2891,1838.0,31182509,1940297,0.503,0.123,17568,10988,14649,0.01064854,0,0,0.0742,0.1373,0.2481,0.0433,0.01135,0.11074,0.1292,-0.00722,0.29049,0.82901
2892,1838.7,31193476,1940968,0.563,0.121,16042,10967,14666,0.01064525,0,0,0.0767,0.1476,0.2588,0.0795,0.01191,0.10875,0.13015,-0.0072,0.29174,0.80027
2893,1839.3,31204444,1941625,0.498,0.12,17751,10968,14654,0.01064196,0,0,0.0737,0.1347,0.2425,0.047,0.01199,0.10768,0.1341,-0.00767,0.30076,0.80908
2894,1839.9,31215383,1942288,0.504,0.127,17350,10939,14650,0.01063867,0,0,0.0735,0.1348,0.2478,0.0477,0.01302,0.11324,0.12535,-0.00972,0.28719,0.80137
2895,1840.6,31226417,1942949,0.519,0.12,17267,11034,14745,0.01063539,0,0,0.0754,0.1449,0.2542,0.0445,0.01155,0.10795,0.12878,-0.00767,0.29007,0.80697
2896,1841.2,31237426,1943615,0.485,0.117,18294,11009,14724,0.01063207,0,0,0.0673,0.1243,0.2313,0.0619,0.01052,0.10619,0.13559,-0.00715,0.30199,0.7766
2897,1841.7,31248400,1944308,0.406,0.126,20637,10974,14673,0.01062877,0,0,0.0593,0.1074,0.2071,0.0322,0.01246,0.11288,0.13046,-0.00747,0.29275,0.79432
2898,1842.2,31259405,1944967,0.413,0.118,20721,11005,14722,0.01062548,0,0,0.0617,0.1016,0.2205,0.0296,0.01122,0.10629,0.13526,-0.0083,0.30419,0.80372
2899,1842.8,31270444,1945639,0.419,0.119,20491,11039,14753,0.01062218,0,0,0.063,0.1075,0.2185,0.0304,0.01094,0.10806,0.12924,-0.00926,0.2946,0.82892
2900,1843.3,31281469,1946302,0.454,0.12,19224,11025,14714,0.01061887,0,0,0.0628,0.1062,0.2185,0.0665,0.01087,0.10835,0.13371,-0.00816,0.30189,0.85441
2901,1843.9,31292476,1946991,0.44,0.12,19634,11007,14709,0.01061556,0,0,0.0644,0.1154,0.2264,0.0343,0.01187,0.10786,0.11905,-0.00827,0.2732,0.87385
2902,1844.5,31303465,1947659,0.447,0.121,19334,10989,14676,0.01061226,0,0,0.0669,0.1176,0.2265,0.0363,0.01047,0.11031,0.11261,-0.00911,0.26245,0.89513
2903,1845.1,31314502,1948343,0.463,0.12,18936,11037,14731,0.01060896,0,0,0.0714,0.1232,0.2323,0.0356,0.01158,0.10845,0.13377,-0.01098,0.30839,0.88944
2904,1845.7,31325533,1948994,0.468,0.118,18833,11031,14738,0.01060565,0,0,0.0652,0.1097,0.2236,0.0694,0.01085,0.10657,0.12598,-0.00978,0.29041,0.89012
2905,1846.2,31336620,1949670,0.435,0.118,20060,11087,14777,0.01060234,0,0,0.0651,0.1096,0.2267,0.0334,0.01103,0.10665,0.11721,-0.00838,0.27064,0.91754
2906,1846.8,31347683,1950341,0.414,0.118,20794,11063,14754,0.01059901,0,0,0.0607,0.1056,0.2109,0.0364,0.01126,0.10686,0.12807,-0.00899,0.29345,0.91245
2907,1847.3,31358753,1950988,0.412,0.119,20849,11070,14743,0.0105957,0,0,0.0598,0.1037,0.2147,0.0339,0.01141,0.10714,0.12795,-0.00915,0.29319,0.89571
2908,1847.8,31369747,1951655,0.446,0.118,19509,10994,14694,0.01059237,0,0,0.0612,0.1033,0.2132,0.0679,0.01173,0.10582,0.1209,-0.00853,0.27787,0.89765
2909,1848.4,31380810,1952338,0.473,0.118,18698,11063,14759,0.01058908,0,0,0.0649,0.1191,0.2286,0.0608,0.01169,0.10631,0.11578,-0.00797,0.26597,0.87202
2910,1849.1,31391816,1953005,0.522,0.119,17165,11006,14698,0.01058576,0,0,0.0679,0.123,0.2238,0.1072,0.01132,0.10752,0.13142,-0.00917,0.29986,0.8817
2911,1849.7,31402855,1953694,0.494,0.118,18042,11039,14696,0.01058246,0,0,0.0613,0.1124,0.2132,0.1066,0.01106,0.10701,0.13009,-0.00851,0.2953,0.8552
2912,1850.2,31413902,1954385,0.437,0.118,19930,11047,14743,0.01057914,0,0,0.0604,0.0991,0.2111,0.0659,0.0108,0.10655,0.14264,-0.00861,0.32094,0.87126
2913,1850.8,31424930,1955045,0.473,0.121,18554,11028,14704,0.01057583,0,0,0.0691,0.1251,0.2312,0.0478,0.01232,0.10846,0.12334,-0.00836,0.28189,0.87397
2914,1851.4,31435967,1955715,0.405,0.119,21096,11037,14741,0.01057252,0,0,0.0612,0.1023,0.2097,0.0313,0.01098,0.10724,0.12175,-0.00911,0.28024,0.87657
2915,1851.9,31446998,1956383,0.43,0.118,20136,11031,14712,0.01056921,0,0,0.0633,0.1124,0.2217,0.0324,0.01094,0.10681,0.12968,-0.00805,0.29388,0.87179
2916,1852.5,31458044,1957055,0.432,0.117,20096,11046,14714,0.0105659,0,0,0.0607,0.0988,0.2065,0.0664,0.01063,0.10634,0.13419,-0.01038,0.30795,0.89021
2917,1853.0,31469093,1957722,0.423,0.119,20395,11049,14749,0.01056259,0,0,0.0633,0.1082,0.2207,0.0307,0.01121,0.10729,0.11675,-0.00805,0.26832,0.88605
2918,1853.5,31480161,1958428,0.404,0.119,21152,11068,14773,0.01055927,0,0,0.0609,0.1008,0.208,0.0345,0.01134,0.10733,0.12216,-0.00765,0.27816,0.87813
2919,1854.1,31491211,1959106,0.415,0.118,20731,11050,14712,0.01055595,0,0,0.0622,0.1038,0.2204,0.0292,0.01049,0.10673,0.11287,-0.01016,0.26439,0.86804
2920,1854.6,31502298,1959798,0.466,0.12,18903,11087,14787,0.01055264,0,0,0.0631,0.1133,0.2191,0.0708,0.01135,0.10859,0.13482,-0.00837,0.30474,0.87008
2921,1855.2,31513349,1960468,0.417,0.12,20571,11051,14710,0.01054931,0,0,0.0638,0.1079,0.2126,0.0331,0.01107,0.10845,0.12567,-0.01072,0.29126,0.87593
2922,1855.7,31524435,1961147,0.416,0.12,20650,11086,14782,0.010546,0,0,0.0622,0.106,0.2184,0.0299,0.01118,0.10874,0.13503,-0.00802,0.30418,0.85668
2923,1856.3,31535508,1961818,0.418,0.119,20629,11073,14787,0.01054267,0,0,0.0634,0.1083,0.2158,0.0307,0.0112,0.10715,0.12908,-0.0084,0.29326,0.86783
2924,1856.8,31546584,1962521,0.454,0.117,19368,11076,14788,0.01053935,0,0,0.063,0.1072,0.22,0.0642,0.01105,0.10612,0.12622,-0.00911,0.28973,0.90447
2925,1857.4,31557679,1963185,0.404,0.12,21175,11095,14815,0.01053602,0,0,0.0609,0.0988,0.2124,0.032,0.01079,0.10855,0.12955,-0.00759,0.29256,0.86756
2926,1857.9,31568756,1963852,0.432,0.117,20161,11077,14804,0.0105327,0,0,0.0644,0.1095,0.2233,0.0349,0.01048,0.10653,0.12785,-0.0082,0.29063,0.87954
2927,1858.5,31579803,1964539,0.428,0.121,20132,11047,14772,0.01052937,0,0,0.0632,0.106,0.226,0.0324,0.01118,0.10958,0.13164,-0.00851,0.29842,0.86042
2928,1859.0,31590828,1965205,0.434,0.12,19910,11025,14745,0.01052606,0,0,0.0593,0.0977,0.2091,0.068,0.01079,0.10847,0.13019,-0.00868,0.29572,0.85448
2929,1859.6,31601860,1965864,0.452,0.118,19358,11032,14753,0.01052275,0,0,0.0674,0.1168,0.2332,0.0349,0.01133,0.10594,0.1373,-0.00986,0.31205,0.84202
2930,1860.1,31612903,1966521,0.432,0.121,19972,11043,14763,0.01051944,0,0,0.0642,0.1078,0.2271,0.0325,0.01112,0.10991,0.11573,-0.00756,0.26464,0.85904
2931,1860.7,31623913,1967183,0.439,0.121,19664,11010,14716,0.01051613,0,0,0.068,0.1076,0.2209,0.0422,0.01116,0.10974,0.13315,-0.00722,0.29913,0.87431
2932,1861.3,31634914,1967857,0.475,0.122,18422,11001,14735,0.01051283,0,0,0.0739,0.1107,0.2257,0.0649,0.01083,0.11091,0.12266,-0.00731,0.27777,0.84816
2933,1861.8,31645913,1968532,0.431,0.122,19887,10999,14725,0.01050953,0,0,0.0661,0.1129,0.2181,0.0334,0.01127,0.11077,0.12811,-0.00804,0.2901,0.84679
2934,1862.4,31656910,1969210,0.417,0.12,20465,10997,14729,0.01050623,0,0,0.0611,0.1046,0.2161,0.0351,0.01092,0.10917,0.13579,-0.00774,0.30491,0.84987
2935,1862.9,31667953,1969874,0.414,0.119,20705,11043,14758,0.01050293,0,0,0.0637,0.1065,0.2147,0.0296,0.01093,0.10763,0.13446,-0.00956,0.30585,0.848
2936,1863.5,31679006,1970551,0.444,0.121,19546,11053,14779,0.01049961,0,0,0.0633,0.1081,0.2163,0.0566,0.01057,0.11039,0.12806,-0.00825,0.29022,0.83811
2937,1864.0,31689993,1971221,0.401,0.117,21209,10987,14689,0.0104963,0,0,0.0609,0.1012,0.209,0.03,0.01067,0.10598,0.13981,-0.0074,0.31212,0.843
2938,1864.5,31700951,1971894,0.394,0.119,21386,10958,14675,0.010493,0,0,0.0585,0.0962,0.2099,0.0291,0.0112,0.10717,0.13452,-0.01053,0.30803,0.85412
2939,1865.0,31711897,1972554,0.391,0.118,21501,10946,14642,0.01048971,0,0,0.0596,0.1,0.2027,0.0292,0.01068,0.10662,0.12411,-0.01091,0.28827,0.86877
2940,1865.6,31722889,1973197,0.429,0.117,20126,10992,14714,0.01048643,0,0,0.0635,0.0971,0.2071,0.0611,0.01055,0.10654,0.12228,-0.00953,0.28206,0.87898
2941,1866.1,31733852,1973847,0.391,0.118,21518,10963,14659,0.01048313,0,0,0.0587,0.0972,0.2056,0.0294,0.01045,0.10773,0.12592,-0.00845,0.28679,0.8609
2942,1866.6,31744819,1974492,0.402,0.119,21020,10967,14695,0.01047984,0,0,0.0599,0.0971,0.2109,0.0344,0.01181,0.10734,0.13249,-0.00937,0.30199,0.87253
2943,1867.1,31755762,1975148,0.408,0.119,20787,10943,14633,0.01047655,0,0,0.061,0.103,0.2109,0.0327,0.01133,0.10711,0.13365,-0.00991,0.30494,0.85051
2944,1867.7,31766700,1975793,0.441,0.117,19600,10938,14647,0.01047327,0,0,0.0618,0.1036,0.2149,0.0604,0.01066,0.10641,0.13343,-0.01012,0.30511,0.85876
2945,1868.2,31777617,1976430,0.398,0.116,21228,10917,14614,0.01046999,0,0,0.0595,0.0989,0.2076,0.0319,0.01051,0.10549,0.12852,-0.00957,0.29393,0.8476
2946,1868.7,31788490,1977104,0.397,0.118,21112,10873,14588,0.01046671,0,0,0.0595,0.0987,0.21,0.029,0.01168,0.10579,0.13242,-0.01048,0.30358,0.84989
2947,1869.3,31799359,1977760,0.427,0.121,19838,10869,14574,0.01046345,0,0,0.0622,0.1116,0.2193,0.0343,0.01051,0.10949,0.12522,-0.0079,0.28328,0.81402
2948,1869.9,31810223,1978438,0.494,0.122,17638,10864,14578,0.01046019,0,0,0.0693,0.1237,0.2312,0.0699,0.01087,0.11051,0.13762,-0.00974,0.31217,0.83446
2949,1870.4,31821095,1979107,0.44,0.118,19461,10872,14589,0.01045693,0,0,0.0666,0.1155,0.2255,0.0326,0.01099,0.10717,0.11253,-0.00892,0.2603,0.83246
2950,1871.0,31831949,1979762,0.448,0.118,19161,10854,14539,0.01045367,0,0,0.0668,0.122,0.226,0.0337,0.01116,0.10658,0.1238,-0.00893,0.28281,0.82971
2951,1871.6,31842848,1980454,0.451,0.117,19193,10899,14616,0.01045042,0,0,0.0657,0.116,0.2308,0.038,0.0109,0.10596,0.12687,-0.00876,0.28915,0.85576
2952,1872.2,31853728,1981118,0.479,0.119,18203,10880,14607,0.01044715,0,0,0.0688,0.115,0.2179,0.0774,0.01156,0.10656,0.11869,-0.00752,0.26965,0.82483
2953,1872.8,31864638,1981789,0.473,0.118,18441,10910,14617,0.01044388,0,0,0.0708,0.1233,0.2405,0.0388,0.01146,0.10639,0.1203,-0.00865,0.27511,0.82441
2954,1873.3,31875539,1982458,0.406,0.118,20832,10901,14636,0.01044061,0,0,0.0608,0.1033,0.2113,0.03,0.01075,0.10663,0.12457,-0.00931,0.2849,0.82067
2955,1873.8,31886444,1983142,0.404,0.119,20855,10905,14643,0.01043734,0,0,0.0588,0.1005,0.2139,0.0308,0.01126,0.10725,0.12077,-0.0086,0.27625,0.83891
2956,1874.4,31897298,1983814,0.42,0.117,20202,10854,14568,0.01043407,0,0,0.0575,0.0949,0.2049,0.0628,0.01069,0.1061,0.12425,-0.00913,0.28451,0.85095
2957,1874.9,31908198,1984484,0.393,0.119,21299,10900,14605,0.01043081,0,0,0.0574,0.0968,0.2072,0.0314,0.01134,0.10732,0.12475,-0.00885,0.28463,0.83569
2958,1875.4,31919048,1985150,0.398,0.118,21063,10850,14566,0.01042754,0,0,0.0585,0.0986,0.2105,0.0299,0.01051,0.10678,0.12362,-0.00945,0.28363,0.83927
2959,1875.9,31929951,1985824,0.417,0.117,20393,10903,14631,0.01042429,0,0,0.0617,0.1092,0.2166,0.0299,0.01068,0.1063,0.11251,-0.00936,0.26173,0.86217
2960,1876.4,31940849,1986497,0.394,0.116,21339,10898,14637,0.01042101,0,0,0.0548,0.0902,0.1915,0.0579,0.01087,0.10517,0.10689,-0.00992,0.25174,0.86929
2961,1876.9,31951750,1987176,0.359,0.117,22929,10901,14651,0.01041775,0,0,0.0536,0.0878,0.1896,0.0278,0.01099,0.10531,0.1202,-0.00759,0.27334,0.85226
2962,1877.4,31962656,1987851,0.365,0.117,22612,10906,14656,0.01041448,0,0,0.0536,0.0865,0.1952,0.0296,0.01087,0.10622,0.12686,-0.00909,0.2896,0.84943
2963,1877.9,31973550,1988497,0.365,0.118,22539,10894,14638,0.0104112,0,0,0.052,0.0868,0.1907,0.0358,0.0115,0.10621,0.12359,-0.00849,0.28216,0.86431
2964,1878.4,31984458,1989169,0.386,0.119,21612,10908,14636,0.01040794,0,0,0.0569,0.0948,0.2039,0.0304,0.01082,0.10753,0.10973,-0.00832,0.25415,0.86704
2965,1878.9,31995351,1989839,0.412,0.122,20413,10893,14598,0.01040466,0,0,0.0552,0.096,0.2042,0.0562,0.01118,0.11055,0.11772,-0.008,0.26918,0.85166
2966,1879.4,32006241,1990487,0.375,0.122,21915,10890,14623,0.01040139,0,0,0.0551,0.089,0.2035,0.0278,0.01144,0.1098,0.11938,-0.00705,0.27028,0.83713
2967,1879.9,32017140,1991141,0.379,0.117,21981,10899,14624,0.01039813,0,0,0.0542,0.0892,0.2061,0.0298,0.01079,0.1054,0.11662,-0.00785,0.26704,0.87035
2968,1880.4,32028028,1991803,0.388,0.118,21551,10888,14607,0.01039486,0,0,0.0566,0.0948,0.1996,0.0366,0.01137,0.10591,0.12187,-0.00773,0.27683,0.84881
2969,1881.0,32038959,1992481,0.407,0.12,20729,10931,14683,0.01039159,0,0,0.0542,0.0906,0.2017,0.061,0.01145,0.10809,0.11781,-0.00852,0.27038,0.85184
2970,1881.4,32049880,1993135,0.37,0.12,22280,10921,14620,0.01038831,0,0,0.0535,0.0873,0.2016,0.0273,0.01054,0.10951,0.1234,-0.00904,0.2822,0.83405
2971,1881.9,32060781,1993771,0.38,0.12,21780,10901,14631,0.01038504,0,0,0.0572,0.0937,0.1985,0.0311,0.01104,0.10874,0.12101,-0.00974,0.27882,0.83386
2972,1882.4,32071710,1994453,0.369,0.118,22473,10929,14660,0.01038177,0,0,0.0513,0.0847,0.2007,0.0317,0.01099,0.10651,0.12168,-0.00943,0.27993,0.85318
2973,1882.9,32082622,1995117,0.395,0.119,21244,10912,14642,0.01037849,0,0,0.058,0.0985,0.2071,0.0314,0.0113,0.1071,0.11284,-0.01004,0.26367,0.86222
2974,1883.5,32093545,1995787,0.423,0.12,20107,10923,14664,0.01037521,0,0,0.0561,0.0963,0.208,0.0625,0.0108,0.10923,0.12129,-0.00816,0.27724,0.88452
2975,1884.0,32104538,1996451,0.438,0.117,19817,10993,14731,0.01037194,0,0,0.0652,0.1194,0.2236,0.0293,0.01105,0.10581,0.11945,-0.00808,0.27293,0.86123
2976,1884.5,32115481,1997109,0.384,0.118,21820,10943,14667,0.01036864,0,0,0.0563,0.0932,0.2037,0.0308,0.0113,0.10595,0.12924,-0.00599,0.28783,0.83789
2977,1885.0,32126437,1997810,0.366,0.117,22695,10956,14681,0.01036536,0,0,0.0545,0.0887,0.1957,0.0271,0.01022,0.10621,0.12169,-0.00681,0.27369,0.80539
2978,1885.6,32137396,1998494,0.418,0.119,20379,10959,14697,0.01036207,0,0,0.0566,0.0926,0.2047,0.0645,0.01123,0.1078,0.11441,-0.00695,0.25941,0.80506
2979,1886.1,32148318,1999158,0.39,0.119,21483,10922,14640,0.01035878,0,0,0.0556,0.0955,0.2016,0.0371,0.01119,0.10706,0.11987,-0.00879,0.27422,0.81583
2980,1886.6,32159252,1999822,0.389,0.12,21464,10934,14660,0.0103555,0,0,0.0559,0.0947,0.2029,0.0356,0.01126,0.10863,0.13102,-0.0099,0.2987,0.81409
2981,1887.1,32170148,2000478,0.402,0.118,20989,10896,14638,0.01035222,0,0,0.0591,0.1008,0.2123,0.0294,0.01088,0.1062,0.10847,-0.00887,0.25212,0.84284
2982,1887.6,32181062,2001146,0.406,0.117,20861,10914,14648,0.01034896,0,0,0.0561,0.0987,0.1978,0.0533,0.01103,0.10602,0.12553,-0.00702,0.2824,0.83602
2983,1888.1,32191955,2001821,0.372,0.119,22195,10893,14598,0.01034568,0,0,0.0544,0.088,0.1989,0.031,0.01157,0.10665,0.11576,-0.0086,0.26601,0.83489
2984,1888.6,32202919,2002497,0.38,0.12,21928,10964,14703,0.01034241,0,0,0.0552,0.0909,0.2051,0.0286,0.01087,0.10906,0.11548,-0.00823,0.26508,0.85389
2985,1889.1,32213852,2003186,0.38,0.121,21804,10933,14660,0.01033912,0,0,0.0557,0.0921,0.1997,0.0328,0.01156,0.10922,0.10198,-0.00916,0.23983,0.84899
2986,1889.6,32224824,2003856,0.4,0.122,21039,10972,14689,0.01033584,0,0,0.0601,0.0986,0.2104,0.0309,0.01118,0.11006,0.10461,-0.00885,0.24441,0.84583
2987,1890.2,32235801,2004514,0.417,0.118,20504,10977,14698,0.01033255,0,0,0.0575,0.0952,0.208,0.0566,0.01125,0.10642,0.10246,-0.00959,0.24216,0.87319
2988,1890.7,32246741,2005169,0.39,0.122,21384,10940,14658,0.01032926,0,0,0.0582,0.0936,0.2035,0.0349,0.01114,0.11001,0.1029,-0.01007,0.24421,0.8845
2989,1891.2,32257721,2005856,0.39,0.117,21661,10980,14689,0.01032598,0,0,0.0579,0.0964,0.2048,0.031,0.01095,0.10548,0.12118,-0.00882,0.27772,0.85794
2990,1891.7,32268675,2006524,0.385,0.118,21812,10954,14690,0.01032268,0,0,0.0572,0.0934,0.2036,0.0304,0.0109,0.1064,0.1129,-0.00845,0.26128,0.89928
2991,1892.3,32279640,2007206,0.437,0.118,19740,10965,14705,0.0103194,0,0,0.0607,0.104,0.21,0.0628,0.01103,0.10657,0.11771,-0.00879,0.27161,0.90162
2992,1892.9,32290611,2007880,0.501,0.119,17692,10971,14706,0.01031611,0,0,0.0591,0.1035,0.2085,0.1299,0.01088,0.10787,0.11128,-0.00912,0.25913,0.88857
2993,1893.4,32301579,2008547,0.42,0.118,20387,10968,14705,0.01031282,0,0,0.0554,0.0955,0.1971,0.0724,0.01093,0.10637,0.12881,-0.00819,0.29237,0.89141
2994,1893.9,32312590,2009204,0.367,0.12,22632,11011,14747,0.01030953,0,0,0.054,0.0863,0.1988,0.0278,0.01115,0.10818,0.11395,-0.00973,0.26593,0.90062
2995,1894.4,32323558,2009869,0.407,0.122,20713,10968,14705,0.01030622,0,0,0.0577,0.092,0.1971,0.0604,0.01125,0.11075,0.12843,-0.0078,0.2903,0.86548
2996,1894.9,32334555,2010511,0.372,0.118,22451,10997,14748,0.01030293,0,0,0.0549,0.0903,0.1968,0.0299,0.01069,0.10687,0.10816,-0.00797,0.25083,0.90191
2997,1895.4,32345555,2011157,0.388,0.122,21541,11000,14743,0.01029963,0,0,0.0561,0.0937,0.2081,0.0302,0.01113,0.11099,0.11617,-0.0086,0.26791,0.89201
2998,1895.9,32356528,2011834,0.389,0.117,21662,10973,14701,0.01029633,0,0,0.057,0.091,0.2094,0.0316,0.01019,0.10697,0.11393,-0.00892,0.26356,0.867
2999,1896.4,32367485,2012465,0.376,0.118,22201,10957,14715,0.01029304,0,0,0.0553,0.0897,0.2025,0.0282,0.01106,0.1065,0.10861,-0.00876,0.25304,0.88886
3000,1896.9,32378475,2013122,0.398,0.118,21299,10990,14743,0.01028975,0,0,0.0529,0.0887,0.2001,0.0567,0.01055,0.10672,0.11768,-0.00755,0.26866,0.88357
3001,1897.7,32389431,2013770,0.361,0.119,22798,10956,14694,0.01028646,0,0,0.0533,0.0871,0.1937,0.0274,0.01108,0.10774,0.11931,-0.00919,0.27553,0.90108
3002,1898.3,32400376,2014398,0.405,0.12,20847,10945,14666,0.01028317,0,0,0.06,0.0972,0.2125,0.0358,0.01068,0.10847,0.11513,-0.0086,0.26578,0.89123
3003,1898.8,32411334,2015062,0.433,0.125,19635,10958,14684,0.01027989,0,0,0.0575,0.0926,0.2115,0.0711,0.01113,0.1139,0.11492,-0.00794,0.26388,0.88398
3004,1899.4,32422315,2015711,0.441,0.122,19534,10981,14716,0.0102766,0,0,0.0653,0.1105,0.232,0.0329,0.01195,0.10928,0.12121,-0.00676,0.27425,0.8906
3005,1899.9,32433318,2016347,0.413,0.124,20481,11003,14703,0.01027331,0,0,0.0604,0.0997,0.2143,0.0389,0.01221,0.11134,0.10745,-0.0089,0.25098,0.88921
3006,1900.6,32444305,2016980,0.508,0.12,17489,10987,14728,0.01027,0,0,0.07,0.1533,0.2434,0.0416,0.01116,0.10852,0.10689,-0.00795,0.2479,0.88751
3007,1901.1,32455287,2017635,0.416,0.118,20571,10982,14693,0.01026671,0,0,0.0573,0.0951,0.2034,0.0603,0.01063,0.10675,0.11075,-0.00742,0.25484,0.90136
3008,1901.6,32466285,2018284,0.381,0.119,22016,10998,14729,0.01026341,0,0,0.0552,0.0899,0.2049,0.0309,0.01161,0.10665,0.10253,-0.00946,0.24204,0.88028
3009,1902.1,32477268,2018951,0.378,0.118,22140,10983,14691,0.01026011,0,0,0.0552,0.0914,0.2002,0.0315,0.01095,0.10652,0.12956,-0.00642,0.29014,0.88629
3010,1902.6,32488200,2019606,0.401,0.121,20946,10932,14645,0.01025682,0,0,0.0585,0.0963,0.2171,0.0287,0.01102,0.10988,0.10395,-0.00976,0.24541,0.87717
3011,1903.1,32499168,2020249,0.354,0.118,23260,10968,14683,0.01025354,0,0,0.0498,0.0827,0.1946,0.0268,0.01121,0.10613,0.10164,-0.00964,0.24065,0.8814
3012,1903.6,32510191,2020909,0.407,0.117,21037,11023,14738,0.01025025,0,0,0.0572,0.0958,0.2067,0.0469,0.0106,0.10655,0.1129,-0.00871,0.26133,0.88329
3013,1904.1,32521202,2021563,0.365,0.117,22816,11011,14737,0.01024694,0,0,0.0525,0.0879,0.1937,0.0311,0.01042,0.1067,0.11238,-0.00719,0.25721,0.88115
3014,1904.6,32532239,2022225,0.379,0.119,22141,11037,14768,0.01024364,0,0,0.0563,0.0907,0.2011,0.0311,0.01124,0.10771,0.11508,-0.00995,0.26849,0.90004
3015,1905.1,32543171,2022918,0.401,0.117,21089,10932,14654,0.01024033,0,0,0.0596,0.1007,0.211,0.0296,0.01079,0.10644,0.10493,-0.00896,0.24584,0.8814
3016,1905.6,32554190,2023569,0.38,0.118,22118,11019,14743,0.01023705,0,0,0.055,0.0899,0.207,0.0286,0.01106,0.10642,0.11136,-0.01092,0.26237,0.86999
3017,1906.1,32565219,2024209,0.396,0.122,21295,11029,14752,0.01023374,0,0,0.0548,0.0916,0.1996,0.0505,0.01074,0.11053,0.11747,-0.00733,0.2675,0.8739
3018,1906.7,32576191,2024875,0.418,0.118,20464,10972,14675,0.01023043,0,0,0.0593,0.1059,0.2127,0.04,0.01111,0.10688,0.12092,-0.00924,0.27821,0.87448
3019,1907.1,32587198,2025551,0.364,0.118,22829,11007,14741,0.01022714,0,0,0.0523,0.0876,0.1977,0.0268,0.01089,0.10648,0.13668,-0.00742,0.30625,0.88312
3020,1907.6,32598196,2026224,0.354,0.118,23331,10998,14711,0.01022384,0,0,0.0505,0.0834,0.1942,0.0257,0.01088,0.10643,0.12703,-0.01002,0.29169,0.86057
3021,1908.1,32609172,2026889,0.367,0.118,22622,10976,14717,0.01022054,0,0,0.0542,0.0876,0.2,0.0254,0.01115,0.10656,0.12017,-0.00964,0.27769,0.88414
3022,1908.6,32620163,2027567,0.394,0.118,21486,10991,14709,0.01021725,0,0,0.0527,0.0869,0.1969,0.0573,0.01105,0.10628,0.12775,-0.01056,0.29464,0.88174
3023,1909.1,32631154,2028236,0.362,0.118,22877,10991,14728,0.01021395,0,0,0.0538,0.0893,0.1934,0.0255,0.01098,0.10704,0.12116,-0.00959,0.27968,0.88974
3024,1909.5,32642207,2028906,0.339,0.118,24188,11053,14766,0.01021065,0,0,0.0477,0.0817,0.1842,0.0256,0.01102,0.10639,0.12698,-0.01044,0.29357,0.91751
3025,1910.0,32653193,2029574,0.348,0.119,23509,10986,14717,0.01020734,0,0,0.048,0.0809,0.1934,0.0259,0.01142,0.10741,0.11649,-0.01137,0.27381,0.88625
3026,1910.5,32664207,2030249,0.351,0.118,23483,11014,14730,0.01020404,0,0,0.0478,0.0808,0.1955,0.0274,0.01058,0.10669,0.12853,-0.00752,0.29012,0.8833
3027,1911.0,32675207,2030918,0.371,0.117,22532,11000,14723,0.01020074,0,0,0.0503,0.084,0.1946,0.0418,0.01098,0.1062,0.11582,-0.00658,0.26301,0.89232
3028,1911.4,32686180,2031601,0.347,0.117,23653,10973,14692,0.01019744,0,0,0.0471,0.0792,0.1941,0.0262,0.01088,0.1062,0.10974,-0.00895,0.25577,0.90136
3029,1911.9,32697162,2032253,0.355,0.117,23270,10982,14717,0.01019415,0,0,0.0501,0.0824,0.1959,0.0261,0.01069,0.1064,0.11568,-0.00718,0.26393,0.89398
3030,1912.4,32708163,2032911,0.378,0.118,22168,11001,14730,0.01019085,0,0,0.0542,0.0891,0.2063,0.0286,0.01101,0.10669,0.11069,-0.00901,0.25769,0.89655
3031,1912.9,32719170,2033573,0.384,0.118,21905,11007,14729,0.01018755,0,0,0.0524,0.0865,0.2039,0.0413,0.01082,0.1073,0.10286,-0.00851,0.24129,0.91006
3032,1913.4,32730153,2034239,0.355,0.117,23249,10983,14708,0.01018425,0,0,0.05,0.0833,0.1962,0.0256,0.01097,0.10608,0.11323,-0.00733,0.25962,0.90857
3033,1913.9,32741187,2034887,0.355,0.118,23338,11034,14760,0.01018095,0,0,0.0503,0.0834,0.1955,0.0255,0.01109,0.10665,0.1088,-0.0082,0.25264,0.91576
3034,1914.4,32752188,2035555,0.431,0.121,19919,11001,14731,0.01017764,0,0,0.057,0.1,0.2048,0.0694,0.01112,0.10967,0.11674,-0.00606,0.26439,0.92271
3035,1914.9,32763248,2036235,0.379,0.117,22310,11060,14784,0.01017434,0,0,0.0483,0.0846,0.1916,0.0542,0.01068,0.10601,0.10987,-0.00833,0.25476,0.90207
3036,1915.4,32774299,2036900,0.377,0.12,22230,11051,14784,0.01017103,0,0,0.0529,0.0864,0.198,0.0401,0.0112,0.10811,0.10238,-0.01031,0.24421,0.92535
3037,1915.9,32785331,2037544,0.354,0.119,23305,11032,14786,0.01016771,0,0,0.0498,0.0836,0.1956,0.0253,0.01128,0.10747,0.11149,-0.00929,0.26005,0.90966
3038,1916.3,32796392,2038191,0.347,0.117,23835,11061,14797,0.0101644,0,0,0.0474,0.0799,0.1916,0.0281,0.01086,0.10596,0.11795,-0.00926,0.27293,0.91044
3039,1916.8,32807514,2038850,0.366,0.117,23031,11122,14855,0.01016108,0,0,0.0536,0.0891,0.1969,0.0261,0.01071,0.1062,0.11715,-0.00776,0.26826,0.90722
3040,1917.3,32818593,2039498,0.397,0.118,21535,11079,14798,0.01015775,0,0,0.0521,0.0866,0.1995,0.0583,0.01099,0.10658,0.12531,-0.00814,0.28547,0.91366
3041,1917.8,32829722,2040158,0.373,0.117,22715,11129,14858,0.01015442,0,0,0.0543,0.0891,0.2009,0.0287,0.01027,0.10627,0.11689,-0.00842,0.26878,0.89448
3042,1918.3,32840839,2040810,0.357,0.117,23437,11117,14848,0.01015108,0,0,0.0516,0.0854,0.194,0.026,0.01056,0.10629,0.10147,-0.00974,0.24053,0.89215
3043,1918.8,32852013,2041475,0.362,0.118,23310,11174,14889,0.01014775,0,0,0.051,0.0854,0.1965,0.0287,0.01103,0.10642,0.12236,-0.00722,0.27705,0.88178
3044,1919.3,32863101,2042123,0.361,0.119,23133,11088,14804,0.0101444,0,0,0.0507,0.0834,0.1964,0.03,0.01069,0.10777,0.12019,-0.00851,0.27495,0.8653
3045,1919.8,32874176,2042804,0.382,0.12,22090,11075,14797,0.01014107,0,0,0.0555,0.0892,0.1974,0.0396,0.01145,0.10793,0.11615,-0.00734,0.26464,0.87025
3046,1920.2,32885308,2043485,0.366,0.12,22910,11132,14867,0.01013775,0,0,0.0541,0.0863,0.1971,0.0285,0.01066,0.10889,0.12245,-0.00967,0.28196,0.87389
3047,1920.7,32896373,2044148,0.374,0.117,22552,11065,14787,0.01013441,0,0,0.0536,0.0923,0.2031,0.0245,0.01072,0.10612,0.13004,-0.00857,0.29458,0.85566
3048,1921.2,32907446,2044811,0.35,0.118,23683,11073,14783,0.01013109,0,0,0.0483,0.0825,0.1928,0.0263,0.01104,0.10633,0.11614,-0.00852,0.26754,0.89919
3049,1921.7,32918494,2045494,0.376,0.117,22387,11048,14776,0.01012777,0,0,0.0534,0.0872,0.1963,0.0396,0.01065,0.10609,0.11928,-0.01124,0.27907,0.88999
3050,1922.2,32929523,2046158,0.374,0.118,22416,11029,14748,0.01012445,0,0,0.054,0.0892,0.203,0.028,0.01096,0.10643,0.12296,-0.00865,0.28117,0.88635
3051,1922.7,32940562,2046831,0.361,0.118,23077,11039,14754,0.01012114,0,0,0.0528,0.0868,0.1954,0.0258,0.0111,0.10623,0.12012,-0.00768,0.27417,0.91722
3052,1923.2,32951594,2047532,0.357,0.118,23239,11032,14798,0.01011783,0,0,0.0518,0.0857,0.1929,0.0268,0.01074,0.10656,0.13267,-0.01018,0.30433,0.92061
3053,1923.7,32962596,2048188,0.368,0.119,22575,11002,14765,0.01011452,0,0,0.0509,0.0865,0.2003,0.0306,0.01056,0.10813,0.12979,-0.01033,0.3,0.97719
3054,1924.1,32973609,2048830,0.358,0.119,23107,11013,14780,0.01011122,0,0,0.0492,0.0838,0.1901,0.035,0.01077,0.1075,0.12739,-0.00668,0.28764,0.96333
3055,1924.6,32984623,2049527,0.373,0.119,22396,11014,14774,0.01010792,0,0,0.056,0.0901,0.1996,0.0276,0.01117,0.10714,0.11567,-0.00769,0.26629,0.96811
3056,1925.1,32995587,2050181,0.344,0.119,23657,10964,14712,0.01010461,0,0,0.0479,0.0797,0.1915,0.0252,0.01088,0.10799,0.11106,-0.00907,0.25995,0.97362
3057,1925.5,33006561,2050861,0.339,0.119,23937,10974,14741,0.01010132,0,0,0.0459,0.0784,0.187,0.0281,0.01115,0.10759,0.12248,-0.00832,0.2815,0.98572
3058,1926.0,33017494,2051544,0.356,0.119,23051,10933,14702,0.01009803,0,0,0.0469,0.0793,0.184,0.0455,0.01108,0.1073,0.10702,-0.00851,0.25093,0.98383
3059,1926.5,33028503,2052225,0.364,0.118,22855,11009,14776,0.01009475,0,0,0.0482,0.0939,0.1914,0.0301,0.01005,0.10752,0.11523,-0.00885,0.26808,0.98635
3060,1927.0,33039459,2052891,0.339,0.118,23985,10956,14725,0.01009145,0,0,0.0467,0.0791,0.1868,0.0262,0.01027,0.1074,0.11429,-0.01022,0.26841,0.96063
3061,1927.4,33050363,2053573,0.34,0.118,23843,10904,14682,0.01008816,0,0,0.0461,0.0783,0.187,0.0284,0.0103,0.10698,0.11153,-0.0097,0.26212,0.97449
3062,1927.9,33061343,2054228,0.356,0.119,23128,10980,14725,0.01008489,0,0,0.0501,0.0842,0.1917,0.0298,0.01121,0.10731,0.11009,-0.00926,0.25785,0.94996
3063,1928.4,33072297,2054910,0.368,0.117,22580,10954,14713,0.0100816,0,0,0.0471,0.0802,0.1891,0.0516,0.01073,0.10607,0.11157,-0.00774,0.25823,0.97165
3064,1928.8,33083248,2055591,0.347,0.119,23497,10951,14698,0.01007831,0,0,0.0483,0.0808,0.1916,0.0267,0.01103,0.10733,0.11528,-0.00947,0.26892,0.9635
3065,1929.3,33094177,2056251,0.345,0.117,23662,10929,14700,0.01007503,0,0,0.0469,0.0788,0.1921,0.0269,0.01103,0.106,0.11561,-0.00844,0.26716,0.94518
3066,1929.8,33105113,2056923,0.348,0.119,23416,10936,14707,0.01007175,0,0,0.0479,0.0795,0.1954,0.0254,0.0114,0.10723,0.12494,-0.00966,0.28894,0.98032
3067,1930.2,33116091,2057597,0.347,0.117,23655,10978,14729,0.01006847,0,0,0.0477,0.0813,0.1901,0.0278,0.01082,0.10617,0.10376,-0.00721,0.24201,0.99737
3068,1930.7,33127051,2058259,0.352,0.117,23391,10960,14690,0.01006517,0,0,0.0478,0.0824,0.1895,0.0319,0.01052,0.10627,0.11062,-0.00816,0.25751,0.99065
3069,1931.2,33138059,2058919,0.346,0.118,23706,11008,14779,0.01006188,0,0,0.046,0.0796,0.1849,0.0357,0.01165,0.10623,0.1217,-0.00842,0.27943,0.95346
3070,1931.6,33148966,2059582,0.344,0.118,23581,10907,14679,0.01005858,0,0,0.0478,0.0805,0.1884,0.0274,0.0109,0.10718,0.10278,-0.01074,0.24642,0.96263
3071,1932.1,33159878,2060256,0.346,0.117,23558,10912,14667,0.01005531,0,0,0.0455,0.0819,0.1911,0.028,0.01027,0.10615,0.10864,-0.00991,0.25642,0.9604
3072,1932.6,33170822,2060927,0.335,0.118,24142,10944,14718,0.01005204,0,0,0.0448,0.0781,0.1834,0.029,0.0113,0.10652,0.11892,-0.00538,0.26763,0.94654
3073,1933.1,33181787,2061603,0.422,0.117,20352,10965,14747,0.01004875,0,0,0.0502,0.111,0.192,0.0689,0.01002,0.10635,0.10673,-0.00742,0.24779,0.96939
3074,1933.6,33192754,2062275,0.352,0.118,23334,10967,14731,0.01004546,0,0,0.0473,0.0784,0.1944,0.0322,0.01113,0.10626,0.11813,-0.00948,0.274,0.93535
3075,1934.0,33203716,2062948,0.334,0.117,24312,10962,14721,0.01004217,0,0,0.0459,0.0779,0.1829,0.0268,0.011,0.10604,0.11052,-0.00772,0.25502,0.92393
3076,1934.5,33214664,2063633,0.337,0.117,24077,10948,14728,0.01003889,0,0,0.0462,0.0776,0.184,0.0295,0.01092,0.10611,0.11936,-0.00555,0.2685,0.92985
3077,1934.9,33225604,2064319,0.335,0.117,24221,10940,14720,0.0100356,0,0,0.0464,0.0794,0.1818,0.0269,0.01033,0.1065,0.1222,-0.00792,0.27873,0.92087
3078,1935.4,33236549,2064993,0.344,0.118,23726,10945,14706,0.01003232,0,0,0.0465,0.0786,0.1824,0.0363,0.01099,0.10626,0.11929,-0.00973,0.27692,0.94123
3079,1935.8,33247524,2065686,0.341,0.117,23934,10975,14757,0.01002904,0,0,0.0463,0.0781,0.1868,0.03,0.01093,0.10621,0.116,-0.00755,0.26547,0.91582
3080,1936.3,33258519,2066354,0.343,0.117,23933,10995,14789,0.01002574,0,0,0.0462,0.0849,0.1827,0.0289,0.01055,0.10595,0.11172,-0.00665,0.25553,0.93722
3081,1936.7,33269589,2067028,0.332,0.117,24634,11070,14839,0.01002244,0,0,0.0459,0.0783,0.1815,0.0264,0.0106,0.10635,0.11372,-0.00913,0.26487,0.95604
3082,1937.2,33280578,2067711,0.339,0.118,24044,10989,14756,0.01001912,0,0,0.047,0.0787,0.1867,0.027,0.0111,0.10625,0.11068,-0.00728,0.25506,0.95447
3083,1937.7,33291523,2068386,0.359,0.117,22966,10945,14720,0.01001583,0,0,0.0467,0.0791,0.1862,0.0474,0.01052,0.10638,0.116,-0.00909,0.26922,0.95142
3084,1938.2,33302524,2069048,0.353,0.119,23343,11001,14775,0.01001254,0,0,0.0468,0.0886,0.1883,0.029,0.01094,0.10733,0.1026,-0.00869,0.24225,0.98296
3085,1938.6,33313504,2069707,0.352,0.117,23399,10980,14743,0.01000924,0,0,0.0478,0.0861,0.1903,0.028,0.01038,0.10638,0.11516,-0.00773,0.26484,0.9521
3086,1939.1,33324559,2070382,0.345,0.118,23843,11055,14829,0.01000595,0,0,0.0482,0.0793,0.1918,0.026,0.01073,0.10737,0.10055,-0.00926,0.23912,0.97395
3087,1939.5,33335540,2071055,0.335,0.117,24257,10981,14753,0.01000263,0,0,0.0468,0.0791,0.1823,0.0271,0.01049,0.10652,0.10979,-0.00764,0.25376,0.9454
3088,1940.0,33346581,2071721,0.35,0.118,23600,11041,14815,0.00999934,0,0,0.0466,0.0782,0.1841,0.0411,0.01126,0.1063,0.11313,-0.00751,0.26015,0.94315
3089,1940.5,33357609,2072373,0.339,0.118,24140,11028,14795,0.00999603,0,0,0.0454,0.0778,0.1894,0.0266,0.01024,0.10709,0.10369,-0.01007,0.24697,0.97319
3090,1940.9,33368630,2073041,0.341,0.119,23951,11021,14790,0.00999272,0,0,0.0467,0.08,0.1891,0.0255,0.01106,0.10743,0.11219,-0.01072,0.26488,0.95438
3091,1941.4,33379612,2073685,0.337,0.117,24162,10982,14735,0.00998941,0,0,0.0464,0.0796,0.1855,0.0257,0.01063,0.10654,0.1263,-0.00685,0.28466,0.91917
3092,1941.8,33390629,2074363,0.34,0.118,24086,11017,14815,0.00998612,0,0,0.0472,0.0786,0.1865,0.0275,0.01109,0.10617,0.11117,-0.00862,0.25873,0.95855
3093,1942.3,33401617,2075035,0.341,0.118,23909,10988,14754,0.00998281,0,0,0.0471,0.0802,0.1879,0.0259,0.01085,0.10725,0.10675,-0.00764,0.24759,0.94268
3094,1942.8,33412650,2075710,0.341,0.118,24047,11033,14817,0.00997951,0,0,0.0465,0.0796,0.1877,0.0272,0.01051,0.10696,0.11942,-0.00677,0.27124,0.94461
3095,1943.2,33423654,2076351,0.351,0.121,23332,11004,14790,0.00997621,0,0,0.051,0.0839,0.1917,0.0247,0.01153,0.10868,0.11152,-0.00899,0.26008,0.95477
3096,1943.7,33434684,2077017,0.358,0.121,23024,11030,14790,0.0099729,0,0,0.0478,0.0791,0.1899,0.0414,0.0116,0.10877,0.10741,-0.007,0.24748,0.93547
3097,1944.2,33445709,2077669,0.418,0.12,20489,11025,14767,0.00996959,0,0,0.0535,0.1003,0.1976,0.0667,0.01161,0.10809,0.10758,-0.00802,0.24994,0.93944
3098,1944.8,33456654,2078319,0.424,0.119,20139,10945,14686,0.00996629,0,0,0.0477,0.0893,0.189,0.0982,0.01118,0.1079,0.11412,-0.00815,0.26344,0.94864
3099,1945.3,33467616,2078991,0.368,0.117,22585,10962,14734,0.009963,0,0,0.0469,0.0819,0.189,0.0504,0.01065,0.10614,0.10822,-0.00994,0.25524,0.95005
3100,1945.7,33478586,2079648,0.349,0.12,23427,10970,14726,0.00995972,0,0,0.0471,0.0779,0.1902,0.0335,0.01099,0.10829,0.10908,-0.00968,0.25593,0.92373
3101,1946.2,33489530,2080306,0.351,0.118,23337,10944,14729,0.00995642,0,0,0.0469,0.0838,0.19,0.0299,0.01052,0.10761,0.11881,-0.0078,0.27208,0.94792
3102,1946.7,33500499,2080967,0.348,0.118,23541,10969,14759,0.00995314,0,0,0.052,0.0794,0.1916,0.0249,0.01061,0.10732,0.11091,-0.00994,0.26129,0.98376
3103,1947.2,33511465,2081627,0.347,0.12,23508,10966,14750,0.00994985,0,0,0.0474,0.0817,0.1918,0.026,0.01077,0.10848,0.10725,-0.00964,0.253,0.96551
3104,1947.6,33522396,2082262,0.355,0.117,23148,10931,14701,0.00994656,0,0,0.0479,0.0814,0.1863,0.0394,0.01091,0.10598,0.11212,-0.00821,0.2596,0.9524
3105,1948.1,33533341,2082922,0.344,0.119,23651,10945,14703,0.00994328,0,0,0.0472,0.0815,0.1888,0.0265,0.0109,0.10761,0.10466,-0.01014,0.24864,0.95823
3106,1948.6,33544251,2083603,0.342,0.119,23659,10910,14690,0.00994,0,0,0.0473,0.0792,0.1908,0.0245,0.01056,0.10851,0.11642,-0.00901,0.27006,0.96642
3107,1949.1,33555198,2084277,0.377,0.119,22079,10947,14722,0.00993672,0,0,0.0474,0.0807,0.1962,0.0527,0.01113,0.10737,0.10731,-0.00853,0.25084,0.96419
3108,1949.5,33566169,2084940,0.339,0.118,24023,10971,14746,0.00993344,0,0,0.0458,0.0786,0.1897,0.0246,0.01125,0.10652,0.10759,-0.00946,0.25318,0.96076
3109,1950.0,33577102,2085598,0.337,0.117,24105,10933,14708,0.00993015,0,0,0.0459,0.0784,0.187,0.0252,0.01058,0.10608,0.10552,-0.00958,0.24915,0.95491
3110,1950.4,33588031,2086263,0.334,0.118,24178,10929,14698,0.00992687,0,0,0.046,0.0774,0.1836,0.0271,0.01138,0.10621,0.11132,-0.01063,0.26271,0.94751
3111,1950.9,33598978,2086929,0.355,0.117,23210,10947,14714,0.00992359,0,0,0.052,0.0849,0.1919,0.0259,0.01083,0.10585,0.10685,-0.00851,0.24933,0.93768
3112,1951.4,33609973,2087590,0.351,0.117,23484,10995,14778,0.00992031,0,0,0.0472,0.0792,0.1895,0.0349,0.0108,0.10631,0.11397,-0.00776,0.26127,0.89768
3113,1951.8,33620908,2088271,0.349,0.117,23474,10935,14726,0.00991701,0,0,0.0478,0.0814,0.194,0.0258,0.0105,0.10612,0.10399,-0.00958,0.24576,0.93829
3114,1952.3,33631878,2088932,0.344,0.118,23772,10970,14748,0.00991373,0,0,0.0468,0.0776,0.1883,0.031,0.01111,0.10638,0.11641,-0.00689,0.26474,0.91462
3115,1952.7,33642799,2089603,0.338,0.117,23973,10921,14703,0.00991044,0,0,0.0462,0.0781,0.1872,0.0269,0.0106,0.10627,0.12144,-0.00772,0.27626,0.90485
3116,1953.2,33653733,2090264,0.338,0.116,24059,10934,14737,0.00990716,0,0,0.0485,0.0803,0.1854,0.0239,0.01076,0.10527,0.11719,-0.00809,0.26844,0.90208
3117,1953.7,33664652,2090925,0.374,0.117,22229,10919,14698,0.00990388,0,0,0.0476,0.083,0.1881,0.0555,0.01072,0.10594,0.10604,-0.00724,0.24431,0.89545
3118,1954.2,33675625,2091592,0.343,0.12,23728,10973,14760,0.0099006,0,0,0.0479,0.0801,0.1905,0.0243,0.01092,0.10843,0.11084,-0.00708,0.25347,0.89064
3119,1954.6,33686591,2092257,0.342,0.116,23917,10966,14757,0.00989731,0,0,0.0474,0.0801,0.1884,0.0265,0.01085,0.10512,0.11474,-0.0064,0.26011,0.90112
3120,1955.1,33697602,2092915,0.333,0.117,24460,11011,14807,0.00989402,0,0,0.0462,0.0772,0.1866,0.0234,0.01131,0.10507,0.09895,-0.00902,0.23393,0.90865
3121,1955.6,33708595,2093560,0.372,0.117,22467,10993,14788,0.00989072,0,0,0.0458,0.0794,0.1871,0.0599,0.01073,0.10615,0.09859,-0.00676,0.22927,0.93863
3122,1956.0,33719609,2094207,0.339,0.117,24147,11014,14798,0.00988742,0,0,0.0475,0.0802,0.1872,0.0243,0.01064,0.10601,0.12203,-0.00844,0.27916,0.92093
3123,1956.5,33730620,2094853,0.346,0.121,23580,11011,14760,0.00988412,0,0,0.0482,0.0797,0.1888,0.0289,0.01097,0.11004,0.10997,-0.00796,0.25438,0.93668
3124,1956.9,33741601,2095496,0.336,0.117,24199,10981,14798,0.00988081,0,0,0.0483,0.0802,0.1828,0.0252,0.01101,0.10603,0.10762,-0.00793,0.24945,0.9286
3125,1957.4,33752593,2096175,0.347,0.117,23724,10992,14747,0.00987752,0,0,0.0475,0.0807,0.1911,0.0275,0.01005,0.10617,0.11197,-0.0067,0.25573,0.93155
3126,1957.9,33763576,2096834,0.345,0.118,23755,10983,14752,0.00987422,0,0,0.0458,0.0778,0.1844,0.0367,0.01117,0.10615,0.11162,-0.00793,0.25757,0.93553
3127,1958.3,33774571,2097494,0.335,0.117,24298,10995,14773,0.00987093,0,0,0.047,0.0802,0.1815,0.0267,0.01094,0.10592,0.11023,-0.00828,0.25461,0.89143
3128,1958.8,33785566,2098172,0.346,0.117,23732,10995,14784,0.00986763,0,0,0.0464,0.0787,0.1901,0.0309,0.01095,0.10593,0.12088,-0.00841,0.27624,0.8952
3129,1959.2,33796554,2098832,0.336,0.117,24257,10988,14760,0.00986433,0,0,0.046,0.0783,0.1847,0.0268,0.01099,0.10597,0.10689,-0.00802,0.24766,0.90465
3130,1959.7,33807513,2099502,0.348,0.118,23547,10959,14716,0.00986103,0,0,0.0464,0.0771,0.1854,0.0388,0.01124,0.10621,0.11425,-0.00775,0.26227,0.92707
3131,1960.2,33818467,2100173,0.349,0.117,23515,10954,14711,0.00985775,0,0,0.0497,0.0825,0.1892,0.0274,0.0105,0.10633,0.11461,-0.01006,0.26758,0.92438
3132,1960.6,33829397,2100821,0.347,0.118,23475,10930,14689,0.00985446,0,0,0.0476,0.0804,0.1926,0.0269,0.01063,0.10726,0.11393,-0.00831,0.26248,0.91371
3133,1961.1,33840363,2101476,0.343,0.117,23860,10966,14722,0.00985118,0,0,0.0464,0.0792,0.19,0.0271,0.01056,0.10602,0.10892,-0.00997,0.25625,0.93796
3134,1961.5,33851339,2102115,0.341,0.119,23878,10976,14769,0.00984789,0,0,0.0474,0.0806,0.1891,0.024,0.01091,0.10716,0.11788,-0.00901,0.27173,0.91157
3135,1962.0,33862271,2102759,0.374,0.119,22162,10932,14738,0.0098446,0,0,0.0476,0.0803,0.1898,0.0562,0.00987,0.10927,0.10947,-0.00552,0.24826,0.92873
3136,1962.5,33873210,2103427,0.358,0.118,22980,10939,14705,0.00984132,0,0,0.0505,0.0843,0.1965,0.0271,0.01039,0.10698,0.10638,-0.00778,0.24656,0.92724
3137,1963.0,33884106,2104083,0.353,0.119,23068,10896,14654,0.00983804,0,0,0.0494,0.0819,0.1943,0.0278,0.01045,0.10816,0.11042,-0.00881,0.25653,0.91912
3138,1963.5,33895013,2104747,0.353,0.12,23044,10907,14657,0.00983477,0,0,0.0505,0.082,0.1953,0.0254,0.01061,0.10922,0.10374,-0.00643,0.23843,0.91984
3139,1963.9,33905856,2105429,0.356,0.119,22799,10843,14616,0.0098315,0,0,0.0496,0.083,0.1961,0.0274,0.01065,0.10853,0.11361,-0.00739,0.25981,0.9058
3140,1964.4,33916767,2106095,0.362,0.119,22698,10911,14679,0.00982824,0,0,0.0497,0.0825,0.1915,0.0378,0.01116,0.10774,0.10975,-0.00865,0.25466,0.90881
3141,1964.9,33927673,2106757,0.348,0.118,23408,10906,14689,0.00982497,0,0,0.0479,0.0819,0.1921,0.0264,0.01089,0.10642,0.10118,-0.00859,0.23771,0.92425
3142,1965.3,33938602,2107424,0.346,0.116,23640,10929,14700,0.0098217,0,0,0.0487,0.0796,0.192,0.0256,0.01079,0.10535,0.0999,-0.00683,0.23144,0.91555
3143,1965.8,33949532,2108072,0.343,0.117,23715,10930,14722,0.00981842,0,0,0.0475,0.0802,0.1886,0.0273,0.01008,0.10706,0.10361,-0.0073,0.23955,0.90207
3144,1966.3,33960416,2108742,0.341,0.119,23646,10884,14661,0.00981514,0,0,0.0469,0.0796,0.1912,0.0238,0.01109,0.10746,0.10741,-0.00551,0.24352,0.90059
3145,1966.8,33971353,2109414,0.374,0.117,22256,10937,14690,0.00981188,0,0,0.0491,0.0825,0.1945,0.0481,0.01059,0.10637,0.10198,-0.00616,0.23407,0.90671
3146,1967.2,33982226,2110077,0.353,0.117,23119,10873,14663,0.00980859,0,0,0.0494,0.0828,0.1941,0.0272,0.01045,0.10612,0.11397,-0.00893,0.26331,0.89318
3147,1967.7,33993170,2110746,0.345,0.118,23675,10944,14739,0.00980533,0,0,0.0461,0.0808,0.191,0.0266,0.01194,0.10548,0.10729,-0.00898,0.25011,0.89628
3148,1968.2,34004081,2111412,0.355,0.118,23088,10911,14676,0.00980205,0,0,0.0509,0.0839,0.1951,0.025,0.01126,0.1061,0.11381,-0.00601,0.25707,0.88873
3149,1968.6,34014987,2112071,0.355,0.117,23072,10906,14693,0.00979878,0,0,0.0499,0.084,0.1941,0.0272,0.01095,0.10612,0.10661,-0.00581,0.24283,0.91837
3150,1969.1,34025869,2112719,0.35,0.117,23272,10882,14668,0.0097955,0,0,0.046,0.0794,0.1924,0.0324,0.01106,0.10602,0.10256,-0.00583,0.23487,0.92333
3151,1969.6,34036747,2113379,0.341,0.118,23697,10878,14666,0.00979224,0,0,0.0467,0.0802,0.1882,0.0264,0.01111,0.10623,0.10256,-0.00769,0.23796,0.89183
3152,1970.1,34047668,2114060,0.35,0.118,23344,10921,14722,0.00978898,0,0,0.0477,0.0805,0.1979,0.0239,0.01151,0.10605,0.10782,-0.0077,0.24894,0.91376
3153,1970.5,34058593,2114713,0.348,0.116,23511,10925,14699,0.0097857,0,0,0.046,0.0786,0.1883,0.0356,0.01078,0.10515,0.10043,-0.00883,0.23636,0.91223
3154,1971.0,34069484,2115368,0.34,0.118,23776,10891,14662,0.00978242,0,0,0.0475,0.0791,0.189,0.0249,0.01142,0.10599,0.11473,-0.00773,0.26258,0.90349
3155,1971.5,34080402,2116053,0.37,0.118,22395,10918,14688,0.00977915,0,0,0.046,0.0787,0.1874,0.0578,0.01112,0.10616,0.10313,-0.0089,0.24213,0.92417
3156,1971.9,34091298,2116704,0.339,0.119,23809,10896,14685,0.00977588,0,0,0.0468,0.0793,0.1877,0.0249,0.01148,0.1072,0.10944,-0.00779,0.25264,0.92919
3157,1972.4,34102282,2117369,0.34,0.118,23989,10984,14772,0.00977261,0,0,0.0466,0.0788,0.1883,0.0266,0.01115,0.10617,0.11426,-0.00861,0.26323,0.89464
3158,1972.8,34113218,2118033,0.345,0.119,23576,10936,14725,0.00976932,0,0,0.0473,0.079,0.192,0.0268,0.011,0.1074,0.11194,-0.00805,0.25764,0.90436
3159,1973.3,34124179,2118722,0.348,0.118,23516,10961,14756,0.00976603,0,0,0.0477,0.0799,0.1895,0.0307,0.01046,0.10751,0.12766,-0.00725,0.28716,0.88765
3160,1973.8,34135124,2119375,0.376,0.117,22230,10945,14744,0.00976275,0,0,0.052,0.0868,0.2027,0.0342,0.01078,0.10562,0.1191,-0.01012,0.27613,0.90639
3161,1974.3,34146042,2120046,0.347,0.118,23492,10918,14712,0.00975946,0,0,0.0472,0.0809,0.1912,0.0278,0.01068,0.10667,0.12374,-0.00868,0.28258,0.90855
3162,1974.7,34156988,2120707,0.341,0.117,23899,10946,14730,0.00975619,0,0,0.0472,0.0786,0.1866,0.0289,0.01119,0.10528,0.13344,-0.00777,0.29917,0.85804
3163,1975.2,34167886,2121372,0.344,0.117,23630,10898,14697,0.0097529,0,0,0.0493,0.081,0.1875,0.0259,0.01075,0.10647,0.10824,-0.00754,0.24928,0.90876
3164,1975.7,34178814,2122036,0.36,0.116,22938,10928,14734,0.00974963,0,0,0.0492,0.0811,0.1937,0.036,0.01093,0.10522,0.12826,-0.0075,0.28869,0.88047
3165,1976.1,34189768,2122706,0.342,0.117,23849,10954,14792,0.00974636,0,0,0.0464,0.0792,0.1856,0.0308,0.01083,0.10619,0.12087,-0.00939,0.27724,0.85782
3166,1976.6,34200729,2123358,0.343,0.118,23800,10961,14731,0.00974307,0,0,0.048,0.0791,0.1917,0.024,0.01084,0.10667,0.11511,-0.00885,0.26489,0.87123
3167,1977.0,34211672,2124035,0.341,0.117,23902,10943,14734,0.00973978,0,0,0.0465,0.0786,0.1885,0.0272,0.01044,0.10603,0.13522,-0.00865,0.30483,0.87703
3168,1977.5,34222621,2124704,0.339,0.117,24005,10949,14747,0.0097365,0,0,0.0468,0.0792,0.1886,0.0248,0.0108,0.10557,0.1186,-0.00766,0.27001,0.89861
3169,1978.0,34233534,2125378,0.364,0.117,22688,10913,14726,0.00973321,0,0,0.0472,0.08,0.1828,0.0538,0.01041,0.10645,0.12068,-0.0092,0.27688,0.87975
3170,1978.4,34244443,2126039,0.346,0.118,23543,10909,14688,0.00972994,0,0,0.0475,0.0792,0.1952,0.0238,0.01092,0.10649,0.12409,-0.00888,0.28312,0.88263
3171,1978.9,34255379,2126707,0.346,0.118,23586,10936,14734,0.00972667,0,0,0.049,0.0798,0.1893,0.028,0.0108,0.10651,0.12723,-0.00875,0.28888,0.86968
3172,1979.4,34266286,2127368,0.342,0.118,23748,10907,14715,0.00972339,0,0,0.0489,0.0799,0.1882,0.0246,0.01121,0.10626,0.12234,-0.00923,0.28063,0.89901
3173,1979.8,34277151,2128011,0.348,0.118,23304,10865,14666,0.00972011,0,0,0.0492,0.0821,0.1902,0.0264,0.01078,0.10731,0.103,-0.00767,0.239,0.90953
3174,1980.3,34288061,2128666,0.381,0.121,21717,10910,14690,0.00971685,0,0,0.0518,0.083,0.2005,0.0458,0.01112,0.10982,0.12445,-0.00716,0.28044,0.88613
3175,1980.8,34299008,2129314,0.364,0.119,22707,10947,14727,0.00971358,0,0,0.0499,0.0873,0.1996,0.0267,0.0107,0.10752,0.12669,-0.00859,0.28771,0.88379
3176,1981.3,34309855,2129957,0.342,0.118,23555,10847,14650,0.0097103,0,0,0.0478,0.0797,0.1913,0.0236,0.01133,0.10658,0.13071,-0.00713,0.29251,0.8659
3177,1981.7,34320756,2130614,0.344,0.117,23606,10901,14690,0.00970704,0,0,0.0482,0.0806,0.1894,0.0263,0.01068,0.10633,0.13299,-0.00745,0.29728,0.84513
3178,1982.2,34331646,2131268,0.339,0.117,23841,10890,14710,0.00970377,0,0,0.0463,0.0787,0.1903,0.0241,0.0108,0.10629,0.12714,-0.00899,0.28846,0.83539
3179,1982.7,34342568,2131940,0.377,0.116,22160,10922,14742,0.00970051,0,0,0.0515,0.0804,0.1879,0.057,0.01053,0.10536,0.13951,-0.00758,0.31039,0.83565
3180,1983.1,34353471,2132597,0.339,0.119,23809,10903,14717,0.00969723,0,0,0.0463,0.0791,0.189,0.0249,0.01093,0.10746,0.13263,-0.00685,0.29522,0.83898
3181,1983.6,34364332,2133263,0.352,0.118,23106,10861,14652,0.00969396,0,0,0.0495,0.0815,0.1927,0.028,0.01065,0.10743,0.12588,-0.00751,0.28306,0.83941
3182,1984.1,34375154,2133914,0.343,0.117,23501,10822,14629,0.0096907,0,0,0.0479,0.0805,0.187,0.028,0.01069,0.10616,0.13464,-0.00728,0.29968,0.818
3183,1984.5,34385973,2134601,0.354,0.118,22958,10819,14632,0.00968745,0,0,0.0505,0.0827,0.1928,0.0276,0.01088,0.10655,0.141,-0.0084,0.31494,0.83306
3184,1985.0,34396839,2135255,0.367,0.118,22403,10866,14660,0.00968421,0,0,0.0512,0.0823,0.1936,0.0399,0.01144,0.10633,0.14078,-0.00837,0.31413,0.81767
3185,1985.5,34407689,2135927,0.342,0.117,23622,10850,14643,0.00968095,0,0,0.0475,0.0799,0.1885,0.0264,0.0106,0.10607,0.13423,-0.00609,0.29669,0.8285
3186,1986.0,34418526,2136579,0.343,0.117,23552,10837,14629,0.00967769,0,0,0.0479,0.0808,0.1878,0.0265,0.01055,0.10624,0.13217,-0.00761,0.29528,0.81183
3187,1986.4,34429373,2137243,0.338,0.117,23831,10847,14603,0.00967444,0,0,0.0466,0.0792,0.1858,0.0264,0.01045,0.10635,0.14073,-0.00665,0.31,0.78765
3188,1986.9,34440232,2137893,0.349,0.118,23224,10859,14651,0.00967119,0,0,0.0499,0.0825,0.1926,0.0243,0.01089,0.1071,0.12771,-0.00867,0.28855,0.81627
3189,1987.4,34451089,2138560,0.381,0.117,21828,10857,14654,0.00966793,0,0,0.0484,0.0851,0.1905,0.0566,0.01035,0.10623,0.14264,-0.00769,0.3167,0.82941
3190,1987.8,34461955,2139224,0.342,0.118,23625,10866,14663,0.00966467,0,0,0.0479,0.0799,0.1874,0.0273,0.01083,0.10618,0.1387,-0.00679,0.30672,0.81471
3191,1988.4,34472896,2139886,0.443,0.124,19278,10941,14740,0.00966141,0,0,0.0679,0.1175,0.2291,0.0286,0.01093,0.11319,0.13323,-0.00783,0.29766,0.80392
3192,1988.9,34483771,2140549,0.352,0.119,23082,10875,14657,0.00965813,0,0,0.0509,0.0825,0.192,0.0264,0.01089,0.10824,0.13769,-0.00723,0.30585,0.82944
3193,1989.3,34494609,2141204,0.345,0.118,23410,10838,14610,0.00965487,0,0,0.0482,0.0818,0.1886,0.0269,0.01111,0.10616,0.13988,-0.00894,0.31325,0.80938
3194,1989.8,34505511,2141834,0.353,0.118,23124,10902,14694,0.00965162,0,0,0.0492,0.0816,0.1908,0.0314,0.01098,0.1071,0.13649,-0.00847,0.3058,0.82289
3195,1990.3,34516418,2142504,0.345,0.118,23555,10907,14683,0.00964835,0,0,0.0468,0.0786,0.1898,0.0297,0.01107,0.10673,0.13942,-0.00787,0.31009,0.80367
3196,1990.7,34527299,2143152,0.338,0.119,23835,10881,14656,0.00964507,0,0,0.0473,0.0795,0.1873,0.0236,0.01152,0.10704,0.12564,-0.00728,0.28213,0.844
3197,1991.2,34538208,2143808,0.341,0.117,23807,10909,14704,0.00964181,0,0,0.0469,0.0804,0.1881,0.0257,0.01099,0.10586,0.13856,-0.00626,0.30621,0.85982
3198,1991.7,34549086,2144476,0.344,0.12,23449,10878,14680,0.00963854,0,0,0.0465,0.0783,0.187,0.0323,0.01108,0.10834,0.14297,-0.00697,0.31587,0.82959
3199,1992.1,34559967,2145143,0.346,0.119,23416,10881,14704,0.00963527,0,0,0.0477,0.08,0.1866,0.0318,0.011,0.10719,0.14127,-0.00804,0.31495,0.84754
3200,1992.6,34570903,2145799,0.347,0.121,23394,10936,14728,0.00963201,0,0,0.0491,0.0813,0.1913,0.0251,0.01055,0.10978,0.14586,-0.00698,0.32157,0.82476
3201,1993.3,34581765,2146455,0.356,0.12,22849,10862,14678,0.00962873,0,0,0.0499,0.083,0.1952,0.0276,0.01085,0.10853,0.13072,-0.00777,0.29348,0.85727
3202,1993.8,34592682,2147125,0.364,0.12,22551,10917,14686,0.00962547,0,0,0.0483,0.081,0.1907,0.0442,0.01116,0.10826,0.1536,-0.00661,0.3363,0.82535
3203,1994.3,34603555,2147774,0.342,0.118,23631,10873,14672,0.0096222,0,0,0.0472,0.0799,0.188,0.0266,0.01085,0.10724,0.14694,-0.00735,0.32499,0.85279
3204,1994.8,34614429,2148425,0.344,0.119,23456,10874,14671,0.00961893,0,0,0.0482,0.0802,0.1904,0.0253,0.01192,0.10724,0.13693,-0.00773,0.30568,0.85079
3205,1995.2,34625293,2149105,0.35,0.118,23208,10864,14660,0.00961567,0,0,0.0495,0.0828,0.1902,0.0275,0.01058,0.10727,0.14542,-0.00885,0.32496,0.85411
3206,1995.7,34636193,2149774,0.347,0.116,23545,10900,14695,0.00961241,0,0,0.0486,0.0794,0.1905,0.0283,0.01079,0.10514,0.14751,-0.00959,0.33092,0.86893
3207,1996.2,34647084,2150430,0.381,0.116,21919,10891,14661,0.00960914,0,0,0.0509,0.0843,0.1909,0.0545,0.01064,0.10548,0.14655,-0.0081,0.32555,0.84618
3208,1996.7,34657973,2151067,0.349,0.117,23358,10889,14668,0.00960587,0,0,0.0485,0.0806,0.1933,0.0263,0.01078,0.10645,0.14045,-0.0089,0.3152,0.85895
3209,1997.1,34668808,2151730,0.347,0.116,23392,10835,14649,0.00960261,0,0,0.0489,0.0809,0.1909,0.0265,0.01044,0.10531,0.1372,-0.00791,0.30656,0.8509
3210,1997.6,34679715,2152405,0.342,0.117,23760,10907,14703,0.00959936,0,0,0.0482,0.0801,0.1863,0.0276,0.01095,0.10562,0.13827,-0.00892,0.3107,0.84974
3211,1998.0,34690599,2153053,0.347,0.117,23446,10884,14689,0.00959609,0,0,0.0466,0.0786,0.1901,0.0316,0.01119,0.10583,0.13739,-0.01157,0.31454,0.86618
3212,1998.5,34701476,2153708,0.366,0.118,22470,10877,14660,0.00959282,0,0,0.0466,0.078,0.1855,0.0563,0.01083,0.10654,0.14163,-0.0092,0.31805,0.85449
3213,1999.0,34712357,2154374,0.344,0.117,23603,10881,14683,0.00958956,0,0,0.0462,0.0825,0.1864,0.0288,0.01034,0.10638,0.13315,-0.0087,0.29956,0.82772
3214,1999.4,34723297,2155028,0.344,0.117,23738,10940,14727,0.00958629,0,0,0.0461,0.0786,0.1888,0.0303,0.01078,0.10604,0.12729,-0.00833,0.28785,0.86591
3215,1999.9,34734230,2155677,0.376,0.119,22087,10933,14712,0.00958301,0,0,0.0496,0.1039,0.1926,0.0302,0.01086,0.10752,0.13086,-0.00902,0.29652,0.87458
3216,2000.4,34745154,2156325,0.337,0.119,23979,10924,14692,0.00957973,0,0,0.0465,0.0792,0.1852,0.0257,0.01133,0.10731,0.13155,-0.00925,0.29843,0.87869
3217,2000.9,34756131,2156973,0.385,0.119,21797,10977,14769,0.00957645,0,0,0.0515,0.0848,0.1972,0.0516,0.01176,0.10652,0.13132,-0.00752,0.29437,0.87187
3218,2001.4,34767062,2157645,0.372,0.118,22326,10931,14728,0.00957316,0,0,0.0502,0.0835,0.1923,0.0459,0.01112,0.10634,0.14168,-0.0075,0.31492,0.86448
3219,2001.9,34777990,2158303,0.377,0.119,22016,10928,14730,0.00956988,0,0,0.0536,0.0948,0.2009,0.0281,0.01136,0.10737,0.13823,-0.00833,0.30979,0.87076
3220,2002.4,34788962,2158969,0.359,0.118,23024,10972,14750,0.0095666,0,0,0.0488,0.0888,0.1908,0.0305,0.01081,0.10651,0.14142,-0.0081,0.31546,0.85888
3221,2002.9,34799957,2159610,0.414,0.119,20625,10995,14780,0.00956331,0,0,0.0603,0.1085,0.2149,0.0299,0.01083,0.10833,0.13487,-0.00946,0.30535,0.87244
3222,2003.5,34810906,2160295,0.454,0.118,19116,10949,14711,0.00956001,0,0,0.0576,0.0957,0.2101,0.091,0.01087,0.10708,0.14039,-0.00881,0.31504,0.87005
3223,2004.0,34821830,2160958,0.405,0.118,20915,10924,14725,0.00955673,0,0,0.0516,0.0892,0.1918,0.0722,0.01089,0.10635,0.137,-0.00812,0.3066,0.85633
3224,2004.5,34832722,2161630,0.411,0.116,20661,10892,14685,0.00955345,0,0,0.0499,0.0904,0.1896,0.0814,0.01033,0.10533,0.14283,-0.00905,0.3201,0.85562
3225,2005.0,34843660,2162303,0.361,0.119,22786,10938,14718,0.00955018,0,0,0.0483,0.0792,0.1916,0.0424,0.01053,0.10778,0.12635,-0.00647,0.28203,0.85809
3226,2005.5,34854575,2162968,0.382,0.12,21724,10915,14707,0.0095469,0,0,0.0526,0.0852,0.1961,0.0484,0.01107,0.10867,0.12399,-0.00908,0.28254,0.85818
3227,2006.0,34865525,2163649,0.382,0.117,21929,10950,14745,0.00954363,0,0,0.0539,0.0887,0.2043,0.0353,0.01077,0.10612,0.12594,-0.00735,0.28227,0.82201
3228,2006.5,34876483,2164330,0.359,0.122,22803,10958,14736,0.00954034,0,0,0.0514,0.0838,0.1949,0.0285,0.01118,0.11031,0.11883,-0.00888,0.27142,0.83863
3229,2007.0,34887389,2165004,0.365,0.118,22562,10906,14705,0.00953706,0,0,0.0495,0.084,0.1972,0.0347,0.01051,0.1072,0.12259,-0.00914,0.27944,0.83777
3230,2007.4,34898340,2165684,0.36,0.121,22733,10951,14725,0.00953378,0,0,0.0529,0.0853,0.1953,0.0268,0.01123,0.10986,0.12057,-0.00675,0.27025,0.81847
3231,2008.0,34909249,2166373,0.397,0.122,21000,10909,14702,0.0095305,0,0,0.0564,0.09,0.2081,0.0428,0.01092,0.11086,0.12784,-0.0075,0.28618,0.81351
3232,2008.5,34920099,2167045,0.367,0.123,22147,10850,14637,0.00952723,0,0,0.0529,0.0849,0.2005,0.0283,0.01124,0.11183,0.12933,-0.00723,0.28854,0.80851
3233,2009.0,34931025,2167729,0.375,0.12,22047,10926,14721,0.00952397,0,0,0.0539,0.0889,0.2017,0.0307,0.01173,0.10831,0.12698,-0.00839,0.28621,0.81232
3234,2009.4,34941881,2168408,0.366,0.123,22209,10856,14651,0.00952069,0,0,0.053,0.085,0.1985,0.0295,0.01071,0.11164,0.12385,-0.00574,0.27437,0.79753
3235,2010.0,34952813,2169100,0.401,0.121,20944,10932,14756,0.00951744,0,0,0.0554,0.0879,0.2007,0.0566,0.01086,0.11006,0.12109,-0.00906,0.27625,0.8374
3236,2010.5,34963701,2169758,0.418,0.12,20239,10888,14646,0.00951416,0,0,0.0592,0.0985,0.2164,0.0441,0.01087,0.10861,0.1343,-0.01024,0.30517,0.84579
3237,2011.0,34974670,2170437,0.362,0.12,22778,10969,14773,0.00951089,0,0,0.0498,0.0856,0.2,0.0264,0.0109,0.1086,0.12674,-0.00715,0.28379,0.84204
3238,2011.5,34985588,2171104,0.358,0.119,22884,10918,14690,0.0095076,0,0,0.0496,0.082,0.2002,0.0259,0.01063,0.10845,0.11743,-0.00825,0.26716,0.83153
3239,2011.9,34996467,2171784,0.357,0.116,23011,10879,14645,0.00950432,0,0,0.0486,0.0827,0.197,0.0283,0.01063,0.10518,0.11674,-0.0093,0.26811,0.84283
3240,2012.4,35007346,2172464,0.343,0.119,23550,10879,14668,0.00950106,0,0,0.0488,0.0799,0.1868,0.0279,0.01063,0.10767,0.12588,-0.00753,0.28324,0.86423
3241,2012.9,35018267,2173145,0.357,0.116,23113,10921,14697,0.0094978,0,0,0.0468,0.0796,0.1889,0.0415,0.01018,0.10528,0.11757,-0.01012,0.2716,0.85392
3242,2013.4,35029141,2173819,0.401,0.121,20830,10874,14647,0.00949452,0,0,0.0589,0.1002,0.2133,0.029,0.01144,0.10891,0.11884,-0.00986,0.27339,0.84168
3243,2013.9,35040024,2174466,0.39,0.117,21463,10883,14666,0.00949126,0,0,0.0518,0.087,0.2009,0.0499,0.01099,0.10618,0.11833,-0.00917,0.27099,0.84186
3244,2014.4,35050914,2175131,0.349,0.116,23453,10890,14684,0.00948799,0,0,0.0477,0.0796,0.1949,0.0262,0.01059,0.10494,0.1196,-0.00794,0.27151,0.86587
3245,2014.8,35061714,2175805,0.347,0.117,23274,10800,14589,0.00948473,0,0,0.0486,0.0821,0.1915,0.0249,0.01096,0.10577,0.10281,-0.00805,0.23843,0.8813
3246,2015.3,35072535,2176482,0.357,0.117,22871,10821,14592,0.00948149,0,0,0.048,0.08,0.1884,0.0402,0.01081,0.10547,0.10075,-0.00757,0.23323,0.87506
3247,2015.8,35083324,2177157,0.353,0.116,23035,10789,14576,0.00947824,0,0,0.0476,0.0811,0.1929,0.031,0.01027,0.10526,0.11818,-0.01037,0.27424,0.90396
3248,2016.3,35094152,2177817,0.365,0.117,22466,10828,14605,0.009475,0,0,0.0526,0.0846,0.2016,0.0264,0.01088,0.10564,0.11653,-0.00715,0.26456,0.90769
3249,2016.7,35104946,2178491,0.35,0.116,23174,10794,14562,0.00947175,0,0,0.0493,0.0818,0.1921,0.0266,0.01059,0.1051,0.11528,-0.00861,0.26407,0.85971
3250,2017.2,35115764,2179165,0.401,0.117,20881,10818,14574,0.00946852,0,0,0.062,0.0978,0.2072,0.0338,0.01126,0.10574,0.11281,-0.00879,0.25983,0.87877
3251,2017.8,35126633,2179830,0.409,0.117,20644,10869,14594,0.00946527,0,0,0.0578,0.0966,0.2104,0.0444,0.01104,0.10598,0.12678,-0.00842,0.28704,0.87947
3252,2018.3,35137563,2180480,0.368,0.121,22374,10930,14652,0.00946201,0,0,0.0532,0.0864,0.2002,0.0277,0.01108,0.10962,0.11987,-0.00844,0.27268,0.84862
3253,2018.8,35148534,2181151,0.355,0.119,23168,10971,14679,0.00945873,0,0,0.0506,0.0856,0.1919,0.0266,0.01104,0.10741,0.12628,-0.00966,0.28799,0.85186
3254,2019.2,35159399,2181813,0.355,0.124,22680,10865,14587,0.00945544,0,0,0.0495,0.0822,0.1948,0.0285,0.01128,0.11242,0.12826,-0.00806,0.28833,0.83001
3255,2019.7,35170344,2182481,0.383,0.118,21837,10945,14679,0.00945218,0,0,0.0531,0.0888,0.1997,0.0415,0.01058,0.10729,0.12436,-0.00836,0.28151,0.85078
3256,2020.2,35181269,2183123,0.344,0.119,23642,10925,14680,0.0094489,0,0,0.0473,0.0794,0.19,0.0268,0.011,0.10725,0.12476,-0.00686,0.27962,0.86773
3257,2020.7,35192201,2183788,0.343,0.118,23706,10932,14624,0.00944562,0,0,0.0489,0.0806,0.1878,0.026,0.01125,0.10632,0.13425,-0.00952,0.30362,0.85181
3258,2021.1,35203188,2184449,0.35,0.124,23195,10987,14695,0.00944234,0,0,0.0501,0.081,0.1911,0.0277,0.01131,0.11213,0.13991,-0.01028,0.31622,0.83865
3259,2021.6,35214160,2185103,0.378,0.119,22038,10972,14720,0.00943904,0,0,0.0551,0.0903,0.204,0.0291,0.01116,0.10776,0.12878,-0.00947,0.29283,0.86458
3260,2022.1,35225124,2185765,0.389,0.119,21577,10964,14676,0.00943575,0,0,0.0549,0.0893,0.2008,0.0444,0.01111,0.10721,0.12833,-0.00932,0.29185,0.87749
3261,2022.7,35236120,2186416,0.439,0.117,19767,10996,14719,0.00943246,0,0,0.0672,0.115,0.2224,0.0343,0.01088,0.10614,0.12662,-0.00949,0.28872,0.87415
3262,2023.2,35247119,2187047,0.395,0.118,21461,10999,14735,0.00942916,0,0,0.0579,0.0938,0.2057,0.0372,0.01098,0.10642,0.12364,-0.01022,0.28441,0.8847
3263,2023.8,35258099,2187703,0.461,0.118,18961,10980,14691,0.00942586,0,0,0.068,0.1227,0.2353,0.0348,0.01118,0.10668,0.12758,-0.00815,0.28782,0.86769
3264,2024.4,35269047,2188369,0.476,0.118,18457,10948,14682,0.00942257,0,0,0.0668,0.1164,0.225,0.0674,0.01092,0.1063,0.12284,-0.0105,0.28261,0.84597
3265,2025.0,35279975,2189024,0.455,0.117,19081,10928,14656,0.00941929,0,0,0.0696,0.1212,0.231,0.0336,0.01112,0.10589,0.13344,-0.00778,0.29831,0.84244
3266,2025.5,35290920,2189673,0.434,0.119,19793,10945,14684,0.00941601,0,0,0.0655,0.1094,0.2227,0.0367,0.0119,0.10625,0.13103,-0.00824,0.29449,0.8478
3267,2026.1,35301843,2190325,0.507,0.119,17432,10923,14627,0.00941272,0,0,0.0787,0.1388,0.251,0.039,0.01088,0.10795,0.12704,-0.0105,0.2905,0.81931
3268,2026.7,35312745,2190979,0.454,0.119,19030,10902,14613,0.00940945,0,0,0.0645,0.1075,0.217,0.065,0.01154,0.10689,0.14029,-0.00912,0.31466,0.84205
3269,2027.2,35323685,2191616,0.422,0.119,20234,10940,14684,0.00940618,0,0,0.0656,0.1083,0.2155,0.0327,0.0112,0.10705,0.13263,-0.00879,0.29872,0.84432
3270,2027.8,35334611,2192285,0.436,0.118,19737,10926,14654,0.00940289,0,0,0.0639,0.1125,0.2244,0.0348,0.01095,0.10666,0.14207,-0.00931,0.3187,0.84753
3271,2028.3,35345549,2192949,0.414,0.118,20555,10938,14685,0.00939962,0,0,0.0629,0.1084,0.2139,0.0291,0.01099,0.10659,0.13623,-0.00722,0.30281,0.84707
3272,2028.9,35356504,2193621,0.43,0.117,20004,10955,14687,0.00939634,0,0,0.0618,0.1001,0.2111,0.0574,0.01085,0.10606,0.12792,-0.00875,0.28839,0.79988
3273,2029.4,35367443,2194276,0.411,0.118,20681,10939,14684,0.00939305,0,0,0.0621,0.1012,0.2182,0.0298,0.0114,0.10591,0.13778,-0.00768,0.30664,0.83656
3274,2030.0,35378394,2194950,0.427,0.118,20093,10951,14701,0.00938977,0,0,0.0631,0.1133,0.2184,0.0324,0.01085,0.10672,0.14066,-0.00673,0.31024,0.8228
3275,2030.5,35389330,2195640,0.388,0.119,21559,10936,14667,0.00938648,0,0,0.0594,0.0939,0.2011,0.0338,0.01096,0.1078,0.134,-0.00962,0.30288,0.83357
3276,2031.0,35400254,2196311,0.418,0.118,20379,10924,14661,0.0093832,0,0,0.0587,0.0946,0.212,0.0528,0.0111,0.10658,0.12432,-0.00996,0.28441,0.84474
3277,2031.5,35411217,2196985,0.4,0.12,21095,10963,14684,0.00937992,0,0,0.0602,0.1004,0.2065,0.033,0.01093,0.10801,0.13185,-0.00988,0.29839,0.79596
3278,2032.1,35422129,2197662,0.487,0.118,18039,10912,14645,0.00937663,0,0,0.0706,0.1249,0.235,0.0561,0.01132,0.1067,0.13257,-0.00879,0.29812,0.82166
3279,2032.7,35433038,2198359,0.426,0.118,20063,10909,14618,0.00937336,0,0,0.065,0.1092,0.22,0.0318,0.01089,0.10649,0.11426,-0.01018,0.26425,0.81999
3280,2033.2,35443918,2199039,0.435,0.118,19666,10880,14619,0.00937009,0,0,0.0627,0.1046,0.2171,0.0508,0.01073,0.10702,0.12913,-0.00864,0.29112,0.83216
3281,2033.8,35454796,2199721,0.432,0.116,19830,10878,14589,0.00936682,0,0,0.0613,0.1037,0.2173,0.0497,0.01087,0.10529,0.13521,-0.0101,0.30529,0.78335
3282,2034.3,35465683,2200399,0.415,0.121,20282,10887,14588,0.00936356,0,0,0.0621,0.0979,0.2127,0.0427,0.01257,0.1084,0.1304,-0.00936,0.2941,0.77861
3283,2034.9,35476622,2201054,0.434,0.12,19726,10939,14669,0.0093603,0,0,0.0633,0.1104,0.2226,0.0378,0.01079,0.10933,0.13558,-0.01004,0.30634,0.80666
3284,2035.4,35487479,2201724,0.437,0.117,19604,10857,14595,0.00935701,0,0,0.0645,0.1042,0.2196,0.0483,0.01097,0.10595,0.12687,-0.00881,0.286,0.7824
3285,2036.0,35498339,2202412,0.439,0.123,19329,10860,14605,0.00935376,0,0,0.0643,0.1061,0.2259,0.043,0.01116,0.11106,0.13294,-0.00794,0.29641,0.7832
3286,2036.6,35509182,2203073,0.53,0.122,16624,10843,14550,0.0093505,0,0,0.0835,0.1399,0.2452,0.0614,0.01224,0.10973,0.15185,-0.00995,0.33782,0.76075
3287,2037.2,35520066,2203762,0.49,0.124,17720,10884,14612,0.00934725,0,0,0.0738,0.1319,0.2484,0.0358,0.01171,0.11224,0.15576,-0.00873,0.34313,0.75686
3288,2037.9,35530922,2204464,0.521,0.121,16910,10856,14604,0.00934398,0,0,0.0689,0.1244,0.2416,0.086,0.01137,0.10938,0.14678,-0.00759,0.32312,0.76919
3289,2038.5,35541809,2205134,0.458,0.121,18830,10887,14592,0.00934072,0,0,0.066,0.1213,0.2384,0.0319,0.01086,0.10939,0.14277,-0.00809,0.31617,0.77334
3290,2039.0,35552663,2205809,0.44,0.118,19436,10854,14586,0.00933746,0,0,0.0667,0.1116,0.2272,0.0346,0.01115,0.10686,0.14835,-0.00718,0.32573,0.78521
3291,2039.6,35563539,2206493,0.425,0.118,20008,10876,14601,0.0093342,0,0,0.0619,0.1068,0.2232,0.0333,0.01167,0.1063,0.16211,-0.01003,0.35851,0.7625
3292,2040.2,35574380,2207182,0.527,0.122,16684,10841,14564,0.00933094,0,0,0.074,0.1326,0.2427,0.0781,0.01167,0.11027,0.1439,-0.00923,0.32097,0.78777
3293,2041.0,35585266,2207864,0.678,0.12,13645,10886,14638,0.00932769,0,0,0.0843,0.1847,0.2655,0.1436,0.01174,0.1076,0.14707,-0.01092,0.33077,0.7924
3294,2041.7,35596180,2208531,0.582,0.122,15493,10914,14664,0.00932442,0,0,0.0673,0.1226,0.2304,0.1621,0.01147,0.11011,0.14242,-0.01008,0.31966,0.7868
3295,2042.3,35607077,2209207,0.437,0.117,19666,10897,14632,0.00932115,0,0,0.0584,0.1104,0.2083,0.06,0.01147,0.10525,0.13881,-0.00787,0.30823,0.79763
3296,2042.7,35618009,2209904,0.351,0.116,23403,10932,14662,0.00931788,0,0,0.0492,0.0813,0.1937,0.027,0.01054,0.10509,0.15124,-0.00908,0.33567,0.80715
3297,2043.2,35628942,2210598,0.364,0.118,22720,10933,14688,0.0093146,0,0,0.0515,0.0844,0.1943,0.0334,0.01084,0.10642,0.15168,-0.00937,0.33709,0.80458
3298,2043.7,35639869,2211277,0.347,0.117,23568,10927,14629,0.00931132,0,0,0.048,0.0795,0.1926,0.027,0.0107,0.10549,0.15404,-0.00871,0.34065,0.814
3299,2044.2,35650842,2211943,0.35,0.116,23587,10973,14693,0.00930804,0,0,0.0487,0.0819,0.1916,0.0273,0.01027,0.10511,0.14729,-0.0087,0.3276,0.83971
3300,2044.7,35661778,2212623,0.388,0.117,21664,10936,14627,0.00930475,0,0,0.0529,0.0852,0.2004,0.0496,0.011,0.10538,0.15055,-0.0104,0.33698,0.81003
3301,2045.1,35672717,2213300,0.343,0.117,23789,10939,14670,0.00930147,0,0,0.0466,0.0784,0.191,0.027,0.01105,0.10555,0.14691,-0.0088,0.32645,0.80862
3302,2045.6,35683601,2213983,0.348,0.117,23381,10884,14573,0.00929818,0,0,0.0468,0.0782,0.1897,0.0337,0.01045,0.10623,0.15497,-0.00973,0.34408,0.78858
3303,2046.1,35694485,2214663,0.343,0.116,23710,10884,14583,0.00929492,0,0,0.0471,0.0787,0.192,0.0251,0.01066,0.10521,0.155,-0.00772,0.34059,0.81488
3304,2046.6,35705345,2215336,0.397,0.118,21063,10860,14566,0.00929165,0,0,0.0581,0.0933,0.2095,0.0363,0.01187,0.10575,0.14921,-0.00834,0.32999,0.80069
3305,2047.1,35716241,2216004,0.409,0.118,20673,10896,14612,0.0092884,0,0,0.0577,0.0933,0.2113,0.0469,0.01168,0.10588,0.14988,-0.01055,0.33616,0.82308
3306,2047.6,35727126,2216665,0.378,0.117,21983,10885,14575,0.00928513,0,0,0.0543,0.0907,0.2015,0.0318,0.01137,0.1051,0.14711,-0.00803,0.32466,0.77405
3307,2048.1,35737983,2217333,0.361,0.117,22699,10857,14555,0.00928186,0,0,0.0531,0.0863,0.1964,0.0256,0.01091,0.10562,0.15693,-0.00746,0.34347,0.79195
3308,2048.6,35748848,2217994,0.355,0.118,23006,10865,14578,0.00927861,0,0,0.0476,0.0799,0.1937,0.0334,0.01116,0.10618,0.15411,-0.01057,0.34398,0.78765
3309,2049.0,35759759,2218645,0.35,0.116,23404,10911,14608,0.00927535,0,0,0.0503,0.0824,0.1894,0.0277,0.01065,0.10542,0.14126,-0.00841,0.31398,0.78881
3310,2049.5,35770682,2219316,0.368,0.116,22571,10923,14595,0.00927207,0,0,0.048,0.0861,0.1881,0.0453,0.01052,0.10556,0.14692,-0.00666,0.32131,0.76354
3311,2050.0,35781586,2219978,0.344,0.118,23621,10904,14596,0.0092688,0,0,0.0479,0.0805,0.1865,0.0286,0.01106,0.10661,0.15059,-0.00788,0.33121,0.77029
3312,2050.5,35792480,2220646,0.372,0.119,22195,10894,14581,0.00926552,0,0,0.05,0.0991,0.195,0.0275,0.01031,0.10855,0.14516,-0.01038,0.32485,0.74212
3313,2051.0,35803348,2221311,0.376,0.121,21881,10868,14570,0.00926226,0,0,0.0549,0.0892,0.2031,0.029,0.01043,0.10968,0.13605,-0.00896,0.30389,0.74985
3314,2051.5,35814247,2221976,0.403,0.118,20923,10899,14586,0.009259,0,0,0.0589,0.0905,0.2072,0.0466,0.01063,0.10667,0.13558,-0.00929,0.30369,0.75307
3315,2051.9,35825150,2222623,0.35,0.118,23297,10903,14599,0.00925573,0,0,0.0491,0.0827,0.1914,0.0269,0.01137,0.10621,0.12531,-0.0069,0.27848,0.75857
3316,2052.4,35836098,2223282,0.359,0.117,23012,10948,14659,0.00925245,0,0,0.0515,0.0851,0.1957,0.0264,0.01089,0.1058,0.14489,-0.00946,0.32236,0.73856
3317,2052.9,35847039,2223943,0.349,0.117,23451,10941,14669,0.00924917,0,0,0.0491,0.0818,0.1916,0.0267,0.0107,0.10626,0.13345,-0.00698,0.29506,0.76752
3318,2053.4,35857949,2224597,0.349,0.119,23343,10910,14648,0.00924589,0,0,0.0488,0.0816,0.1909,0.0274,0.01051,0.10783,0.13257,-0.00871,0.29674,0.76694
3319,2053.8,35868907,2225264,0.378,0.12,22005,10958,14666,0.00924262,0,0,0.0506,0.0865,0.1961,0.0447,0.01047,0.10944,0.13005,-0.00811,0.29024,0.75342
3320,2054.4,35879836,2225908,0.386,0.121,21589,10929,14651,0.00923933,0,0,0.0527,0.1007,0.2008,0.0314,0.01092,0.10942,0.1207,-0.00896,0.2737,0.77761
3321,2054.9,35890809,2226555,0.39,0.119,21560,10973,14655,0.00923605,0,0,0.0555,0.0934,0.2096,0.0319,0.0109,0.10738,0.13788,-0.00803,0.30547,0.73985
3322,2055.3,35901738,2227219,0.356,0.117,23086,10929,14645,0.00923276,0,0,0.0488,0.0815,0.1957,0.0303,0.0106,0.10626,0.13994,-0.00889,0.3114,0.74423
3323,2055.8,35912678,2227881,0.344,0.118,23691,10940,14669,0.00922948,0,0,0.0478,0.0824,0.1852,0.0283,0.01138,0.10654,0.12415,-0.00876,0.2796,0.74666
3324,2056.3,35923632,2228535,0.35,0.117,23426,10954,14655,0.0092262,0,0,0.046,0.0847,0.183,0.0366,0.01054,0.10651,0.13874,-0.00891,0.30908,0.74681
3325,2056.7,35934611,2229200,0.344,0.117,23797,10979,14673,0.00922291,0,0,0.0459,0.078,0.1878,0.0327,0.01075,0.10599,0.13887,-0.00838,0.30812,0.73823
3326,2057.2,35945579,2229857,0.375,0.118,22265,10968,14679,0.00921962,0,0,0.0455,0.1129,0.1829,0.0337,0.01105,0.10618,0.13592,-0.00848,0.30252,0.74378
3327,2057.7,35956516,2230491,0.339,0.117,23966,10937,14660,0.00921633,0,0,0.0462,0.0781,0.1881,0.0264,0.0109,0.10634,0.13096,-0.00776,0.29135,0.75432
3328,2058.1,35967493,2231141,0.336,0.118,24215,10977,14662,0.00921305,0,0,0.0454,0.077,0.1872,0.0262,0.01142,0.10584,0.1337,-0.00705,0.29527,0.74683
3329,2058.6,35978402,2231804,0.361,0.118,22776,10909,14604,0.00920975,0,0,0.047,0.0791,0.1835,0.0513,0.01143,0.10636,0.14834,-0.00845,0.327,0.72874
3330,2059.1,35989335,2232471,0.373,0.121,22114,10933,14658,0.00920648,0,0,0.053,0.0875,0.2042,0.0285,0.0113,0.10955,0.13771,-0.00818,0.30492,0.71337
3331,2059.6,36000312,2233137,0.347,0.121,23493,10977,14678,0.0092032,0,0,0.0477,0.0823,0.1894,0.0273,0.01075,0.10954,0.13629,-0.00447,0.29474,0.71828
3332,2060.0,36011239,2233791,0.354,0.118,23149,10927,14626,0.00919991,0,0,0.0497,0.0842,0.1946,0.0259,0.01093,0.10641,0.13144,-0.00752,0.29094,0.70656
3333,2060.5,36022244,2234432,0.359,0.116,23175,11005,14710,0.00919663,0,0,0.0488,0.0825,0.1951,0.0324,0.01068,0.10514,0.13755,-0.00744,0.30303,0.70907
3334,2061.0,36033164,2235074,0.346,0.12,23411,10920,14638,0.00919333,0,0,0.046,0.0782,0.1847,0.0371,0.01116,0.10897,0.13637,-0.00787,0.3015,0.70869
3335,2061.5,36044093,2235727,0.427,0.121,19960,10929,14607,0.00919005,0,0,0.0604,0.1088,0.2235,0.034,0.0105,0.10973,0.12756,-0.00572,0.27974,0.71774
3336,2062.0,36055056,2236391,0.368,0.121,22419,10963,14678,0.00918677,0,0,0.0545,0.0897,0.1949,0.0284,0.01065,0.11056,0.12739,-0.00755,0.28299,0.71332
3337,2062.5,36066012,2237025,0.368,0.12,22445,10956,14665,0.00918348,0,0,0.0531,0.0863,0.2015,0.0272,0.01102,0.10879,0.12991,-0.00687,0.28658,0.70956
3338,2063.0,36076956,2237673,0.363,0.121,22623,10944,14666,0.0091802,0,0,0.0504,0.0821,0.1936,0.037,0.01079,0.10963,0.12752,-0.00677,0.28172,0.71561
3339,2063.5,36087871,2238332,0.421,0.122,20095,10915,14632,0.00917691,0,0,0.0608,0.1043,0.2191,0.0364,0.01168,0.11031,0.12922,-0.00716,0.28594,0.71848
3340,2064.1,36098755,2238972,0.446,0.124,19109,10884,14588,0.00917364,0,0,0.0617,0.1039,0.2205,0.0596,0.01403,0.10953,0.13327,-0.00722,0.29436,0.72918
3341,2064.6,36109666,2239621,0.348,0.12,23301,10911,14632,0.00917037,0,0,0.0492,0.0824,0.1894,0.0275,0.01063,0.10891,0.13515,-0.00632,0.29596,0.70942
3342,2065.2,36120611,2240286,0.463,0.12,18774,10945,14665,0.0091671,0,0,0.0628,0.1125,0.2183,0.0692,0.0109,0.10895,0.12747,-0.00795,0.28445,0.74193
3343,2065.7,36131572,2240936,0.398,0.12,21149,10961,14642,0.00916382,0,0,0.0574,0.0944,0.2147,0.0319,0.01076,0.10875,0.1368,-0.00861,0.30427,0.73353
3344,2066.2,36142479,2241584,0.368,0.12,22326,10907,14601,0.00916053,0,0,0.0536,0.087,0.1999,0.0277,0.01142,0.10856,0.12167,-0.00734,0.27183,0.75439
3345,2066.7,36153455,2242239,0.362,0.119,22816,10976,14678,0.00915726,0,0,0.0525,0.086,0.1965,0.0268,0.01054,0.10834,0.14089,-0.00832,0.31208,0.74583
3346,2067.1,36164391,2242878,0.355,0.119,23037,10936,14666,0.00915396,0,0,0.0494,0.0821,0.1965,0.0272,0.01061,0.10858,0.14261,-0.00768,0.31415,0.74234
3347,2067.6,36175335,2243535,0.382,0.12,21803,10944,14636,0.00915068,0,0,0.0498,0.0846,0.1953,0.0523,0.01105,0.10859,0.13826,-0.00875,0.30735,0.72818
3348,2068.1,36186261,2244183,0.351,0.12,23205,10926,14619,0.0091474,0,0,0.0495,0.0823,0.1912,0.028,0.01106,0.10851,0.14092,-0.00738,0.30985,0.72375
3349,2068.6,36197244,2244831,0.345,0.12,23632,10983,14681,0.00914412,0,0,0.047,0.0797,0.1932,0.0252,0.01093,0.1083,0.13132,-0.00615,0.28797,0.71287
3350,2069.0,36208158,2245492,0.342,0.12,23621,10914,14624,0.00914083,0,0,0.0469,0.0777,0.1895,0.0277,0.01066,0.10927,0.13517,-0.00734,0.29816,0.71895
3351,2069.5,36219051,2246152,0.364,0.121,22420,10893,14555,0.00913755,0,0,0.0511,0.0856,0.2012,0.0265,0.01157,0.10945,0.13513,-0.00862,0.30036,0.70405
3352,2070.0,36229978,2246818,0.364,0.12,22572,10927,14631,0.00913428,0,0,0.0475,0.0795,0.1901,0.0469,0.01131,0.10853,0.13083,-0.00809,0.29075,0.70637
3353,2070.5,36240845,2247475,0.342,0.12,23527,10867,14558,0.00913101,0,0,0.0478,0.08,0.1879,0.0259,0.01141,0.10859,0.12811,-0.00887,0.28698,0.7138
3354,2071.0,36251711,2248137,0.362,0.119,22576,10866,14552,0.00912775,0,0,0.0482,0.0802,0.1926,0.041,0.01112,0.10787,0.12368,-0.00961,0.27964,0.71519
3355,2071.5,36262600,2248801,0.371,0.118,22254,10889,14588,0.00912449,0,0,0.0545,0.0899,0.1978,0.0289,0.01053,0.10742,0.13823,-0.00932,0.30828,0.72223
3356,2071.9,36273458,2249457,0.369,0.119,22235,10858,14571,0.00912122,0,0,0.0532,0.0866,0.2015,0.0276,0.01079,0.10837,0.12778,-0.00915,0.28694,0.71723
3357,2072.4,36284369,2250106,0.373,0.119,22158,10911,14617,0.00911796,0,0,0.0464,0.0792,0.1882,0.0594,0.0106,0.10831,0.14014,-0.00913,0.31139,0.70484
3358,2072.9,36295277,2250761,0.364,0.12,22542,10908,14589,0.00911469,0,0,0.0509,0.0848,0.2005,0.028,0.01075,0.10857,0.13215,-0.00821,0.29341,0.69586
3359,2073.4,36306210,2251429,0.347,0.12,23407,10933,14648,0.00911142,0,0,0.048,0.0812,0.1924,0.0259,0.01086,0.1085,0.13203,-0.00887,0.295,0.72364
3360,2073.8,36317135,2252099,0.347,0.119,23444,10925,14628,0.00910814,0,0,0.0481,0.0806,0.1927,0.0256,0.01122,0.1075,0.12648,-0.00968,0.28552,0.72538
3361,2074.3,36328012,2252750,0.353,0.119,23040,10877,14586,0.00910486,0,0,0.0474,0.0799,0.1986,0.0269,0.01053,0.10842,0.13419,-0.00847,0.29801,0.69704
3362,2074.8,36338927,2253419,0.369,0.12,22350,10915,14635,0.0091016,0,0,0.0481,0.0787,0.1915,0.0503,0.01099,0.10841,0.13859,-0.00729,0.30485,0.7198
3363,2075.3,36349856,2254078,0.338,0.12,23907,10929,14623,0.00909832,0,0,0.0469,0.0784,0.187,0.0252,0.01074,0.10854,0.14559,-0.00788,0.31958,0.69448
3364,2075.7,36360772,2254750,0.353,0.119,23152,10916,14622,0.00909504,0,0,0.0509,0.083,0.1887,0.0299,0.01093,0.1077,0.146,-0.00784,0.32033,0.69526
3365,2076.2,36371608,2255410,0.346,0.119,23301,10836,14512,0.00909177,0,0,0.0477,0.0808,0.1915,0.0258,0.01059,0.10837,0.1436,-0.00964,0.31907,0.692
3366,2076.7,36382535,2256061,0.354,0.12,23054,10927,14641,0.00908852,0,0,0.05,0.0811,0.1936,0.029,0.01134,0.10861,0.14295,-0.00825,0.31521,0.70461
3367,2077.2,36393443,2256736,0.403,0.119,20906,10908,14608,0.00908524,0,0,0.06,0.0892,0.2055,0.0483,0.01071,0.10766,0.13497,-0.00746,0.29747,0.6934
3368,2077.7,36404298,2257389,0.367,0.12,22291,10855,14539,0.00908197,0,0,0.053,0.0859,0.2005,0.0273,0.01166,0.10837,0.13273,-0.00822,0.29459,0.69855
3369,2078.2,36415191,2258073,0.432,0.12,19725,10893,14620,0.00907871,0,0,0.0538,0.0912,0.2073,0.0798,0.01099,0.10889,0.13448,-0.00743,0.2963,0.68669
3370,2078.8,36426052,2258742,0.47,0.119,18437,10861,14571,0.00907544,0,0,0.0555,0.0955,0.2073,0.1119,0.01061,0.10793,0.12642,-0.00858,0.28263,0.69628
3371,2079.3,36436956,2259418,0.383,0.12,21687,10904,14607,0.00907218,0,0,0.0481,0.0818,0.191,0.0623,0.01051,0.10871,0.12268,-0.00865,0.2753,0.69692
3372,2079.8,36447771,2260079,0.356,0.12,22756,10815,14502,0.00906891,0,0,0.0509,0.0828,0.1921,0.0298,0.01084,0.10853,0.12659,-0.00759,0.28079,0.68537
3373,2080.3,36458638,2260748,0.345,0.119,23385,10867,14566,0.00906567,0,0,0.0468,0.0797,0.1931,0.0258,0.01072,0.10834,0.14018,-0.00732,0.30702,0.66311
3374,2080.8,36469507,2261433,0.362,0.12,22549,10869,14586,0.00906241,0,0,0.0525,0.0848,0.1938,0.0314,0.0112,0.10806,0.1328,-0.00706,0.29183,0.66759
3375,2081.2,36480365,2262094,0.375,0.12,21928,10858,14530,0.00905915,0,0,0.0537,0.089,0.2034,0.0294,0.01064,0.10877,0.12806,-0.00829,0.28462,0.658
3376,2081.8,36491273,2262763,0.403,0.119,20921,10908,14591,0.00905589,0,0,0.0542,0.0902,0.2012,0.0571,0.01088,0.10749,0.12769,-0.00922,0.28604,0.67435
3377,2082.2,36502133,2263410,0.352,0.119,23093,10860,14576,0.00905262,0,0,0.0504,0.0832,0.1924,0.0257,0.01083,0.10748,0.12564,-0.0081,0.28002,0.69233
3378,2082.7,36513058,2264073,0.337,0.12,23945,10925,14628,0.00904936,0,0,0.0468,0.0783,0.1853,0.0263,0.0109,0.10838,0.12445,-0.00722,0.27547,0.67039
3379,2083.2,36523946,2264734,0.338,0.12,23786,10888,14618,0.00904608,0,0,0.0471,0.0791,0.1866,0.0254,0.01058,0.10856,0.13533,-0.00835,0.29956,0.67387
3380,2083.7,36534828,2265414,0.375,0.119,22016,10882,14571,0.00904282,0,0,0.0487,0.08,0.1959,0.0508,0.01102,0.10753,0.12741,-0.0065,0.27994,0.66966
3381,2084.1,36545738,2266076,0.348,0.12,23320,10910,14609,0.00903955,0,0,0.0469,0.0796,0.1896,0.0316,0.01144,0.10846,0.13054,-0.00742,0.28838,0.68879
3382,2084.6,36556648,2266743,0.335,0.119,24006,10910,14613,0.00903628,0,0,0.0473,0.0775,0.1846,0.0257,0.01108,0.10799,0.13891,-0.00821,0.30648,0.67747
3383,2085.0,36567520,2267391,0.35,0.12,23123,10872,14555,0.00903301,0,0,0.0489,0.0813,0.1943,0.026,0.01096,0.10857,0.1289,-0.00815,0.28645,0.68361
3384,2085.5,36578391,2268055,0.338,0.12,23770,10871,14611,0.00902974,0,0,0.047,0.0792,0.1847,0.0266,0.01113,0.10837,0.13202,-0.00786,0.29202,0.67895
3385,2086.0,36589240,2268734,0.353,0.12,22980,10849,14528,0.00902648,0,0,0.0462,0.0787,0.1869,0.0408,0.01103,0.10824,0.14227,-0.00868,0.31374,0.65576
3386,2086.4,36600135,2269388,0.335,0.12,23986,10895,14610,0.00902323,0,0,0.0465,0.0783,0.184,0.0259,0.01103,0.1083,0.14222,-0.00896,0.31457,0.67723
3387,2086.9,36611058,2270032,0.341,0.12,23710,10923,14634,0.00901996,0,0,0.0473,0.0789,0.1886,0.026,0.01129,0.10833,0.13303,-0.00799,0.2944,0.68518
3388,2087.4,36621985,2270699,0.344,0.12,23552,10927,14647,0.00901668,0,0,0.0477,0.0797,0.1906,0.0259,0.01143,0.10835,0.12376,-0.00782,0.27575,0.69856
3389,2087.8,36632847,2271349,0.339,0.119,23750,10862,14576,0.0090134,0,0,0.047,0.0788,0.1864,0.0265,0.01024,0.10822,0.12822,-0.00601,0.28085,0.6871
3390,2088.3,36643789,2272009,0.371,0.12,22274,10942,14651,0.00901015,0,0,0.0459,0.0795,0.1886,0.0572,0.01121,0.1085,0.1365,-0.00694,0.29928,0.68784
3391,2088.8,36654742,2272675,0.338,0.119,23929,10953,14617,0.00900686,0,0,0.0474,0.0781,0.187,0.0257,0.01093,0.10823,0.14299,-0.00788,0.31393,0.67635
3392,2089.2,36665645,2273335,0.341,0.12,23661,10903,14585,0.00900358,0,0,0.0475,0.0802,0.1867,0.0266,0.01147,0.10817,0.13094,-0.00825,0.29083,0.69028
3393,2089.7,36676583,2273988,0.347,0.119,23457,10938,14654,0.00900031,0,0,0.0486,0.0813,0.1905,0.0264,0.01066,0.10846,0.12455,-0.00672,0.27513,0.69859
3394,2090.2,36687491,2274656,0.38,0.121,21800,10908,14602,0.00899703,0,0,0.0527,0.0888,0.2117,0.0266,0.0108,0.10951,0.14356,-0.00801,0.31539,0.68092
3395,2090.7,36698408,2275308,0.38,0.12,21821,10917,14603,0.00899375,0,0,0.048,0.0818,0.1935,0.0571,0.01022,0.10943,0.14413,-0.00722,0.31525,0.69743
3396,2091.2,36709333,2275960,0.358,0.12,22825,10925,14630,0.00899048,0,0,0.0512,0.0826,0.1952,0.0295,0.01134,0.10852,0.13588,-0.00708,0.2983,0.68849
3397,2091.7,36720179,2276616,0.365,0.119,22388,10846,14554,0.0089872,0,0,0.0532,0.0854,0.1987,0.0281,0.01059,0.10814,0.1323,-0.00746,0.29185,0.68555
3398,2092.1,36731078,2277278,0.373,0.12,22109,10899,14628,0.00898395,0,0,0.0537,0.088,0.2006,0.0303,0.01164,0.10835,0.13126,-0.00628,0.28739,0.68469
3399,2092.7,36742000,2277932,0.437,0.122,19547,10922,14630,0.00898068,0,0,0.0619,0.1046,0.2273,0.0431,0.01151,0.10995,0.1375,-0.00712,0.30164,0.69096
3400,2093.3,36752865,2278581,0.478,0.122,18091,10865,14571,0.0089774,0,0,0.0628,0.1099,0.2292,0.0763,0.01198,0.10991,0.12832,-0.00797,0.28481,0.68077
3401,2094.2,36763749,2279253,0.401,0.12,20887,10884,14598,0.00897414,0,0,0.0572,0.0935,0.219,0.0316,0.01062,0.10891,0.12806,-0.00791,0.28428,0.68684
3402,2094.7,36774634,2279917,0.351,0.121,23087,10885,14585,0.00897088,0,0,0.0489,0.081,0.194,0.027,0.01049,0.10986,0.12516,-0.008,0.27888,0.7003
3403,2095.1,36785485,2280571,0.343,0.119,23514,10851,14547,0.00896761,0,0,0.0477,0.081,0.1876,0.0262,0.011,0.10762,0.12291,-0.00843,0.27563,0.72259
3404,2095.6,36796434,2281229,0.379,0.119,22011,10949,14672,0.00896435,0,0,0.0491,0.0824,0.1899,0.0573,0.01091,0.10756,0.13952,-0.00843,0.30806,0.67746
3405,2096.1,36807336,2281885,0.356,0.12,22926,10902,14608,0.00896107,0,0,0.0492,0.0826,0.197,0.0272,0.00985,0.10945,0.13628,-0.00487,0.29439,0.67477
3406,2096.6,36818179,2282566,0.353,0.12,22928,10843,14528,0.0089578,0,0,0.0476,0.0795,0.1977,0.0284,0.01058,0.10864,0.12426,-0.00756,0.27552,0.66269
3407,2097.1,36829014,2283219,0.369,0.119,22177,10835,14543,0.00895455,0,0,0.0531,0.086,0.2022,0.028,0.01021,0.10879,0.12124,-0.00889,0.27258,0.68803
3408,2097.6,36839858,2283877,0.356,0.12,22779,10844,14534,0.0089513,0,0,0.0495,0.0832,0.1963,0.0267,0.01099,0.10905,0.12704,-0.00726,0.28076,0.67908
3409,2098.1,36850725,2284519,0.393,0.118,21271,10867,14578,0.00894804,0,0,0.0529,0.0877,0.2006,0.0516,0.0104,0.1074,0.12101,-0.00611,0.2665,0.68497
3410,2098.6,36861554,2285180,0.374,0.12,21887,10829,14531,0.00894478,0,0,0.052,0.0864,0.2005,0.0354,0.01125,0.1089,0.12896,-0.00895,0.28784,0.67176
3411,2099.0,36872418,2285848,0.364,0.121,22372,10864,14554,0.00894153,0,0,0.0526,0.0853,0.1998,0.0265,0.01134,0.10977,0.12706,-0.0076,0.28119,0.66322
3412,2099.6,36883345,2286511,0.403,0.12,20878,10927,14595,0.00893827,0,0,0.058,0.0983,0.216,0.0311,0.01097,0.10863,0.1276,-0.00815,0.28318,0.6527
3413,2100.1,36894244,2287182,0.383,0.121,21650,10899,14609,0.008935,0,0,0.0545,0.0932,0.2069,0.028,0.0118,0.10881,0.13127,-0.00698,0.28819,0.65356
3414,2100.6,36905130,2287832,0.391,0.121,21302,10886,14596,0.00893173,0,0,0.0535,0.0885,0.2001,0.0484,0.0118,0.10842,0.13329,-0.00652,0.29128,0.65238
3415,2101.1,36916006,2288516,0.372,0.119,22118,10876,14576,0.00892846,0,0,0.0533,0.0893,0.2012,0.0284,0.01051,0.10863,0.11686,-0.00647,0.25842,0.65949
3416,2101.6,36926889,2289191,0.368,0.12,22310,10883,14595,0.0089252,0,0,0.0516,0.086,0.2028,0.0271,0.01093,0.1088,0.13093,-0.00724,0.28774,0.63842
3417,2102.0,36937785,2289838,0.351,0.12,23166,10896,14611,0.00892193,0,0,0.0476,0.0806,0.1959,0.0266,0.01064,0.10878,0.11615,-0.0065,0.25696,0.6526
3418,2102.5,36948643,2290503,0.356,0.12,22768,10858,14583,0.00891866,0,0,0.049,0.0812,0.1965,0.0298,0.01118,0.10893,0.1291,-0.00751,0.28467,0.64232
3419,2103.0,36959514,2291174,0.378,0.12,21827,10871,14580,0.00891541,0,0,0.0521,0.0851,0.1977,0.0432,0.01,0.10967,0.12908,-0.00638,0.28232,0.63987
3420,2103.5,36970405,2291838,0.357,0.119,22895,10891,14605,0.00891215,0,0,0.049,0.0823,0.1972,0.0283,0.01087,0.10777,0.12585,-0.00822,0.27993,0.66261
3421,2104.0,36981282,2292494,0.357,0.12,22811,10877,14554,0.00890888,0,0,0.0495,0.0815,0.2004,0.0254,0.01076,0.10891,0.12946,-0.00637,0.28316,0.64586
3422,2104.4,36992128,2293162,0.358,0.119,22717,10846,14530,0.00890562,0,0,0.0496,0.0818,0.1995,0.0271,0.01067,0.10844,0.12288,-0.00667,0.27086,0.66055
3423,2104.9,37002969,2293854,0.355,0.12,22790,10841,14536,0.00890236,0,0,0.0495,0.0813,0.1977,0.027,0.01063,0.10932,0.12529,-0.00708,0.27616,0.64122
3424,2105.5,37013875,2294543,0.459,0.121,18823,10906,14599,0.00889911,0,0,0.06,0.1065,0.2204,0.0719,0.01119,0.10908,0.12743,-0.00701,0.28036,0.64456
3425,2106.0,37024714,2295220,0.363,0.118,22568,10839,14509,0.00889584,0,0,0.05,0.0874,0.1985,0.0267,0.01015,0.10727,0.12657,-0.0069,0.27826,0.63683
3426,2106.4,37035595,2295898,0.352,0.124,22867,10881,14554,0.00889259,0,0,0.0493,0.0815,0.1915,0.03,0.01052,0.11284,0.13474,-0.00696,0.29435,0.61529
3427,2106.9,37046489,2296574,0.345,0.117,23603,10894,14606,0.00888932,0,0,0.0475,0.0807,0.191,0.0258,0.01052,0.10573,0.13686,-0.00831,0.30151,0.62758
3428,2107.4,37057399,2297268,0.351,0.122,23067,10910,14606,0.00888605,0,0,0.0483,0.0812,0.1935,0.0278,0.01132,0.11064,0.11434,-0.00737,0.25458,0.62801
3429,2107.9,37068251,2297934,0.387,0.121,21365,10852,14531,0.00888278,0,0,0.0476,0.082,0.199,0.0581,0.01034,0.11068,0.13354,-0.00737,0.29321,0.6407
3430,2108.4,37079146,2298624,0.35,0.119,23267,10895,14612,0.00887952,0,0,0.0476,0.0814,0.1939,0.0267,0.0107,0.10764,0.11553,-0.00726,0.25707,0.64669
3431,2108.8,37090071,2299300,0.343,0.119,23685,10925,14638,0.00887626,0,0,0.0471,0.0798,0.1903,0.0254,0.01094,0.10751,0.12652,-0.00722,0.27904,0.6503
3432,2109.3,37100955,2299995,0.367,0.12,22321,10884,14589,0.00887298,0,0,0.052,0.0869,0.2007,0.0276,0.01043,0.1097,0.12486,-0.00651,0.27426,0.64901
3433,2109.8,37111808,2300649,0.353,0.12,22958,10853,14536,0.00886971,0,0,0.0496,0.0839,0.1929,0.0264,0.01095,0.10879,0.12627,-0.00576,0.27526,0.63152
3434,2110.3,37122652,2301333,0.382,0.122,21513,10844,14511,0.00886646,0,0,0.0499,0.0838,0.1953,0.0529,0.01085,0.11113,0.12651,-0.00794,0.28043,0.64941
3435,2110.8,37133607,2301995,0.378,0.122,21889,10955,14661,0.0088632,0,0,0.054,0.0892,0.206,0.0292,0.01081,0.11096,0.11369,-0.00649,0.25221,0.66792
3436,2111.3,37144499,2302683,0.401,0.122,20820,10892,14590,0.00885992,0,0,0.056,0.0953,0.2137,0.036,0.01094,0.11096,0.13025,-0.00678,0.28544,0.64179
3437,2111.8,37155372,2303349,0.389,0.124,21190,10873,14570,0.00885665,0,0,0.0562,0.094,0.2112,0.0281,0.0111,0.11226,0.13336,-0.00772,0.29359,0.64535
3438,2112.3,37166293,2304023,0.387,0.123,21423,10921,14612,0.00885339,0,0,0.049,0.0827,0.1977,0.0572,0.01101,0.11192,0.12042,-0.00509,0.26233,0.63868
3439,2112.8,37177197,2304709,0.354,0.12,22962,10904,14592,0.00885011,0,0,0.049,0.0829,0.1958,0.0267,0.01065,0.10943,0.12822,-0.00852,0.28477,0.6375
3440,2113.3,37188132,2305382,0.36,0.121,22757,10935,14626,0.00884684,0,0,0.0511,0.0841,0.1975,0.0272,0.01065,0.10962,0.12268,-0.00733,0.27164,0.65607
3441,2113.8,37199056,2306049,0.359,0.121,22798,10924,14610,0.00884356,0,0,0.0489,0.0819,0.1976,0.0302,0.01071,0.10961,0.13206,-0.00874,0.29341,0.6677
3442,2114.2,37209929,2306706,0.356,0.122,22770,10873,14583,0.00884028,0,0,0.0495,0.0815,0.196,0.0286,0.01087,0.11074,0.12201,-0.00609,0.26775,0.65318
3443,2114.8,37220839,2307394,0.408,0.119,20690,10910,14627,0.00883702,0,0,0.0542,0.0895,0.2043,0.0601,0.01094,0.10793,0.1246,-0.00627,0.27335,0.65668
3444,2115.4,37231773,2308079,0.489,0.123,17854,10934,14621,0.00883375,0,0,0.0626,0.1076,0.2245,0.0945,0.01169,0.11127,0.1272,-0.00853,0.28318,0.66363
3445,2116.0,37242695,2308735,0.481,0.122,18096,10922,14628,0.00883047,0,0,0.0576,0.0978,0.2164,0.1095,0.01102,0.11095,0.11779,-0.00578,0.25878,0.65967
3446,2116.5,37253653,2309411,0.385,0.122,21603,10958,14651,0.00882719,0,0,0.0543,0.0888,0.204,0.0377,0.01165,0.11049,0.12816,-0.00712,0.28232,0.66594
3447,2117.0,37264611,2310085,0.405,0.119,20899,10958,14646,0.0088239,0,0,0.0534,0.0897,0.2049,0.0571,0.01073,0.10818,0.13241,-0.00488,0.2862,0.65875
3448,2117.5,37275551,2310763,0.358,0.12,22888,10940,14646,0.00882062,0,0,0.0503,0.0837,0.1958,0.028,0.01042,0.10946,0.12066,-0.00585,0.26459,0.6559
3449,2118.0,37286477,2311445,0.36,0.12,22783,10926,14655,0.00881733,0,0,0.0491,0.0839,0.2004,0.0264,0.01024,0.1093,0.11966,-0.00576,0.26267,0.67058
3450,2118.5,37297484,2312117,0.366,0.121,22601,11007,14750,0.00881406,0,0,0.0493,0.0818,0.1933,0.0418,0.01092,0.10961,0.12299,-0.00671,0.27104,0.66065
3451,2119.0,37308422,2312786,0.366,0.12,22477,10938,14654,0.00881075,0,0,0.0512,0.0855,0.1997,0.0301,0.01092,0.1089,0.12066,-0.00749,0.26812,0.67118
3452,2119.5,37319356,2313438,0.38,0.121,21811,10934,14620,0.00880747,0,0,0.0486,0.0814,0.1978,0.0522,0.01061,0.11046,0.13247,-0.00805,0.29269,0.66078
3453,2120.0,37330283,2314110,0.389,0.122,21410,10927,14625,0.00880419,0,0,0.0564,0.0922,0.2098,0.0303,0.01081,0.11049,0.13361,-0.00679,0.29255,0.66719
3454,2120.5,37341248,2314764,0.372,0.122,22190,10965,14670,0.00880092,0,0,0.0554,0.0872,0.199,0.0303,0.01154,0.11034,0.13001,-0.00745,0.28699,0.68558
3455,2121.0,37352231,2315420,0.369,0.121,22413,10983,14713,0.00879763,0,0,0.054,0.0889,0.197,0.0291,0.0105,0.11025,0.13099,-0.00688,0.2876,0.67378
3456,2121.5,37363206,2316093,0.375,0.123,22051,10975,14670,0.00879433,0,0,0.0548,0.0884,0.2037,0.0279,0.01054,0.11207,0.12434,-0.0077,0.27627,0.69322
3457,2122.0,37374197,2316764,0.435,0.12,19808,10991,14699,0.00879104,0,0,0.0585,0.0996,0.2192,0.0573,0.0106,0.10909,0.12929,-0.00947,0.28956,0.68495
3458,2122.6,37385143,2317440,0.405,0.12,20854,10946,14667,0.00878774,0,0,0.0579,0.0998,0.2183,0.0292,0.01088,0.10845,0.13421,-0.00836,0.29697,0.67356
3459,2123.1,37396114,2318088,0.389,0.123,21420,10971,14671,0.00878446,0,0,0.0574,0.0924,0.2108,0.0288,0.01102,0.11148,0.13324,-0.00721,0.29253,0.66261
3460,2123.6,37407117,2318752,0.383,0.119,21905,11003,14709,0.00878117,0,0,0.0548,0.0906,0.2069,0.0311,0.01146,0.10726,0.13125,-0.00771,0.28987,0.68034
3461,2124.1,37418101,2319409,0.402,0.119,21099,10984,14668,0.00877786,0,0,0.0539,0.0878,0.2011,0.059,0.01115,0.10733,0.1349,-0.00893,0.29964,0.6823
3462,2124.6,37429061,2320078,0.351,0.118,23332,10960,14677,0.00877457,0,0,0.0479,0.0793,0.1955,0.0288,0.01065,0.10727,0.12455,-0.00608,0.27329,0.68535
3463,2125.0,37440024,2320739,0.368,0.118,22567,10963,14649,0.00877128,0,0,0.0535,0.0863,0.2011,0.0271,0.01074,0.10677,0.12967,-0.00663,0.28463,0.68659
3464,2125.5,37450947,2321397,0.371,0.118,22355,10923,14653,0.00876799,0,0,0.0535,0.088,0.2019,0.0278,0.01104,0.10621,0.12051,-0.00848,0.27016,0.69514
3465,2126.0,37461895,2322038,0.366,0.119,22607,10948,14664,0.00876472,0,0,0.052,0.0852,0.1996,0.0288,0.01087,0.10741,0.12539,-0.00773,0.27823,0.68417
3466,2126.5,37472894,2322690,0.386,0.12,21739,10999,14710,0.00876143,0,0,0.0536,0.0866,0.1983,0.0472,0.01096,0.10877,0.13043,-0.00948,0.29187,0.68797
3467,2127.0,37483875,2323340,0.379,0.119,22077,10981,14679,0.00875813,0,0,0.0544,0.0889,0.2079,0.0275,0.01087,0.10752,0.14424,-0.00702,0.31465,0.69215
3468,2127.5,37494859,2323988,0.371,0.12,22382,10984,14688,0.00875484,0,0,0.0542,0.0866,0.203,0.0273,0.01052,0.10881,0.13869,-0.00579,0.30137,0.70947
3469,2128.0,37505820,2324647,0.372,0.118,22351,10961,14667,0.00875154,0,0,0.0522,0.086,0.2018,0.0325,0.01013,0.10749,0.13969,-0.00585,0.30331,0.69882
3470,2128.5,37516814,2325305,0.399,0.119,21232,10994,14705,0.00874825,0,0,0.0545,0.0879,0.2088,0.0477,0.01093,0.10772,0.15306,-0.00553,0.32965,0.71322
3471,2129.0,37527838,2325955,0.374,0.118,22424,11024,14709,0.00874496,0,0,0.0531,0.0849,0.1978,0.0378,0.01027,0.10745,0.14358,-0.00731,0.31405,0.70126
3472,2129.5,37538855,2326588,0.371,0.119,22504,11017,14730,0.00874165,0,0,0.0515,0.0845,0.1926,0.0421,0.01119,0.10726,0.1458,-0.00644,0.31694,0.71203
3473,2130.0,37549896,2327230,0.37,0.119,22570,11041,14750,0.00873834,0,0,0.0533,0.0861,0.201,0.0295,0.01129,0.10775,0.13827,-0.00731,0.30401,0.73488
3474,2130.5,37560948,2327879,0.397,0.121,21338,11052,14761,0.00873503,0,0,0.0553,0.0965,0.2018,0.0432,0.01181,0.10911,0.1397,-0.00689,0.30594,0.73111
3475,2131.0,37571978,2328511,0.395,0.119,21444,11030,14750,0.00873172,0,0,0.0538,0.0882,0.2013,0.0517,0.0116,0.10751,0.12658,-0.00711,0.2802,0.73471
3476,2131.5,37583028,2329166,0.373,0.119,22456,11050,14763,0.00872841,0,0,0.0518,0.0843,0.195,0.0424,0.01178,0.10634,0.14417,-0.00837,0.31754,0.71434
3477,2132.0,37594067,2329802,0.385,0.119,21909,11039,14705,0.00872509,0,0,0.0561,0.0917,0.2093,0.0276,0.01016,0.10874,0.14046,-0.00717,0.30786,0.72251
3478,2132.5,37605119,2330458,0.391,0.12,21665,11052,14741,0.00872178,0,0,0.0576,0.096,0.206,0.0311,0.01152,0.10769,0.13085,-0.00764,0.28962,0.72525
3479,2133.0,37616143,2331124,0.386,0.119,21864,11024,14712,0.00871846,0,0,0.0566,0.0938,0.2034,0.0318,0.01071,0.10758,0.14374,-0.00845,0.31661,0.70078
3480,2133.6,37627141,2331768,0.412,0.119,20725,10998,14693,0.00871516,0,0,0.0552,0.0876,0.2017,0.0675,0.01088,0.10758,0.14299,-0.00824,0.31493,0.7158
3481,2134.1,37638100,2332437,0.372,0.119,22334,10959,14642,0.00871186,0,0,0.0542,0.0871,0.1987,0.0316,0.01117,0.10756,0.13772,-0.00696,0.30192,0.72063
3482,2134.5,37649104,2333073,0.363,0.118,22872,11004,14716,0.00870857,0,0,0.0521,0.0849,0.1962,0.0297,0.01023,0.10765,0.1319,-0.00909,0.29487,0.74053
3483,2135.1,37660112,2333735,0.4,0.119,21217,11008,14717,0.00870527,0,0,0.0559,0.0954,0.2077,0.041,0.01064,0.10788,0.12593,-0.00773,0.28053,0.75906
3484,2135.5,37671048,2334380,0.369,0.118,22494,10936,14640,0.00870197,0,0,0.054,0.0897,0.1993,0.0255,0.01113,0.10628,0.13531,-0.00843,0.30057,0.75234
3485,2136.0,37681953,2335046,0.374,0.119,22115,10905,14609,0.00869869,0,0,0.0483,0.0824,0.1958,0.0474,0.01127,0.10755,0.13163,-0.0074,0.29068,0.72637
3486,2136.5,37692915,2335708,0.356,0.12,23061,10962,14654,0.00869541,0,0,0.0479,0.0802,0.1951,0.0325,0.01079,0.10835,0.12955,-0.00764,0.28732,0.74386
3487,2137.0,37703927,2336357,0.352,0.118,23407,11012,14710,0.00869213,0,0,0.0502,0.082,0.192,0.0281,0.01067,0.10727,0.13161,-0.00912,0.29446,0.74816
3488,2137.5,37714909,2337009,0.369,0.119,22502,10982,14678,0.00868882,0,0,0.0546,0.0864,0.2008,0.0273,0.01181,0.1068,0.12638,-0.00904,0.28416,0.76615
3489,2137.9,37725880,2337674,0.357,0.119,23048,10971,14688,0.00868553,0,0,0.0518,0.0848,0.1938,0.0267,0.0111,0.10751,0.14024,-0.00805,0.30958,0.74883
3490,2138.4,37736900,2338341,0.376,0.119,22243,11020,14692,0.00868224,0,0,0.0529,0.0862,0.2007,0.0366,0.01049,0.10821,0.13936,-0.00802,0.30782,0.75298
3491,2138.9,37747929,2338995,0.352,0.12,23363,11029,14738,0.00867893,0,0,0.0481,0.0823,0.1918,0.0302,0.01105,0.10832,0.1429,-0.00837,0.31565,0.75566
3492,2139.4,37758887,2339643,0.35,0.118,23457,10958,14673,0.00867562,0,0,0.0461,0.0789,0.1892,0.0353,0.01107,0.10625,0.14068,-0.0088,0.31157,0.72586
3493,2139.9,37769858,2340314,0.355,0.118,23179,10971,14680,0.00867233,0,0,0.0482,0.0851,0.1932,0.0288,0.01038,0.10729,0.14189,-0.00801,0.3125,0.73245
3494,2140.3,37780795,2340972,0.366,0.117,22634,10937,14637,0.00866904,0,0,0.051,0.086,0.201,0.0278,0.01029,0.10682,0.13554,-0.00848,0.30092,0.74226
3495,2140.8,37791753,2341635,0.388,0.118,21661,10958,14668,0.00866576,0,0,0.054,0.0879,0.2034,0.0426,0.01117,0.10664,0.13975,-0.00976,0.31159,0.72616
3496,2141.3,37802769,2342291,0.381,0.124,21832,11016,14724,0.00866247,0,0,0.0547,0.0888,0.2065,0.0309,0.01122,0.1121,0.14718,-0.00857,0.32387,0.71372
3497,2141.8,37813708,2342949,0.377,0.122,21900,10939,14656,0.00865917,0,0,0.0535,0.0866,0.1971,0.0403,0.01059,0.11118,0.14336,-0.00912,0.31759,0.72945
3498,2142.3,37824656,2343617,0.382,0.118,21886,10948,14648,0.00865589,0,0,0.055,0.0904,0.2053,0.0311,0.01092,0.10726,0.14028,-0.00808,0.3091,0.71494
3499,2142.9,37835560,2344281,0.392,0.121,21242,10904,14620,0.0086526,0,0,0.0523,0.0852,0.1969,0.0576,0.01025,0.11072,0.14122,-0.00642,0.30755,0.70955
3500,2143.4,37846436,2344937,0.376,0.119,21976,10876,14575,0.00864933,0,0,0.0539,0.0888,0.2043,0.0291,0.01093,0.10762,0.14102,-0.00931,0.31267,0.69426
3501,2143.9,37857385,2345601,0.379,0.119,21999,10949,14676,0.00864607,0,0,0.0563,0.0924,0.2024,0.028,0.01099,0.1074,0.14107,-0.00845,0.31151,0.72098
3502,2144.4,37868330,2346255,0.357,0.119,23010,10945,14633,0.00864278,0,0,0.0495,0.0829,0.1948,0.0294,0.01103,0.10766,0.1293,-0.0096,0.29059,0.73944
3503,2144.8,37879213,2346911,0.346,0.119,23403,10883,14593,0.0086395,0,0,0.0489,0.0804,0.1932,0.0239,0.01133,0.1071,0.12892,-0.0093,0.28862,0.70607
3504,2145.3,37890182,2347570,0.367,0.119,22605,10969,14683,0.00863624,0,0,0.0479,0.0808,0.196,0.0418,0.01101,0.10738,0.12395,-0.00707,0.27432,0.7099
3505,2145.8,37901150,2348216,0.351,0.118,23406,10968,14687,0.00863295,0,0,0.0461,0.0803,0.1873,0.0371,0.01037,0.10714,0.13533,-0.00908,0.30138,0.72716
3506,2146.2,37912132,2348872,0.347,0.119,23582,10982,14673,0.00862965,0,0,0.0473,0.0792,0.1897,0.031,0.01112,0.10724,0.1456,-0.00848,0.32038,0.708
3507,2146.7,37923078,2349508,0.358,0.118,22998,10946,14660,0.00862636,0,0,0.0495,0.0898,0.19,0.0284,0.0104,0.10757,0.13472,-0.00885,0.29934,0.70662
3508,2147.2,37933983,2350170,0.34,0.117,23847,10905,14616,0.00862308,0,0,0.0467,0.0781,0.1877,0.0276,0.01066,0.10627,0.12893,-0.0098,0.28973,0.71056
3509,2147.7,37944941,2350812,0.364,0.12,22674,10958,14683,0.00861981,0,0,0.0475,0.0794,0.1882,0.0487,0.01034,0.10886,0.12469,-0.00804,0.27799,0.72599
3510,2148.2,37955896,2351468,0.384,0.118,21824,10955,14684,0.00861652,0,0,0.0507,0.1037,0.1954,0.0343,0.01038,0.10711,0.12264,-0.00871,0.27524,0.72716
3511,2148.6,37966850,2352107,0.367,0.121,22431,10954,14674,0.00861323,0,0,0.0483,0.0878,0.1929,0.0382,0.01,0.11081,0.1362,-0.00663,0.29819,0.72678
3512,2149.1,37977821,2352770,0.357,0.124,22820,10971,14651,0.00860995,0,0,0.0449,0.0767,0.1857,0.0492,0.01128,0.11259,0.13017,-0.00841,0.28962,0.72454
3513,2149.6,37988787,2353428,0.392,0.12,21416,10966,14664,0.00860665,0,0,0.0498,0.0838,0.2017,0.0567,0.01092,0.10881,0.13465,-0.00799,0.29754,0.71288
3514,2150.1,37999769,2354074,0.362,0.121,22722,10982,14688,0.00860336,0,0,0.0478,0.0797,0.1917,0.043,0.01065,0.11022,0.13741,-0.00597,0.29932,0.73069
3515,2150.6,38010694,2354740,0.376,0.12,22058,10925,14639,0.00860007,0,0,0.0494,0.0976,0.1983,0.0303,0.01076,0.10857,0.13804,-0.00791,0.30424,0.717
3516,2151.1,38021639,2355369,0.365,0.121,22551,10945,14662,0.00859679,0,0,0.0521,0.0879,0.1967,0.0281,0.011,0.1093,0.12689,-0.00584,0.27777,0.71556
3517,2151.6,38032643,2356040,0.414,0.123,20489,11004,14716,0.00859351,0,0,0.0588,0.0975,0.2112,0.0466,0.01244,0.11014,0.13607,-0.00912,0.30251,0.70637
3518,2152.2,38043615,2356698,0.445,0.122,19366,10972,14681,0.00859021,0,0,0.0556,0.0982,0.2053,0.0857,0.01099,0.11045,0.1336,-0.00792,0.29536,0.71741
3519,2152.8,38054546,2357357,0.428,0.121,19925,10931,14633,0.00858692,0,0,0.0494,0.0853,0.1942,0.0987,0.01106,0.10969,0.13594,-0.00859,0.30138,0.71755
3520,2153.2,38065480,2358017,0.363,0.12,22617,10934,14639,0.00858364,0,0,0.0476,0.089,0.1911,0.0354,0.01047,0.10956,0.13651,-0.00808,0.30136,0.70885
3521,2153.8,38076459,2358684,0.391,0.119,21536,10979,14695,0.00858036,0,0,0.0505,0.0903,0.2005,0.0493,0.01041,0.10847,0.14072,-0.00816,0.31036,0.73348
3522,2154.2,38087411,2359356,0.368,0.12,22435,10952,14659,0.00857706,0,0,0.0496,0.0823,0.1978,0.0382,0.0107,0.1093,0.14549,-0.0095,0.32247,0.72825
3523,2154.7,38098337,2360014,0.359,0.12,22799,10926,14631,0.00857378,0,0,0.0514,0.0858,0.1941,0.0278,0.01029,0.1096,0.14013,-0.00875,0.31014,0.72148
3524,2155.2,38109270,2360675,0.346,0.12,23467,10933,14650,0.0085705,0,0,0.0472,0.0813,0.1899,0.0273,0.01075,0.10922,0.13242,-0.00707,0.29151,0.73044
3525,2155.7,38120180,2361348,0.362,0.121,22544,10910,14610,0.00856722,0,0,0.0501,0.0836,0.1997,0.0291,0.0119,0.10926,0.13269,-0.00687,0.29143,0.71861
3526,2156.1,38131090,2362021,0.355,0.12,22943,10910,14590,0.00856395,0,0,0.0495,0.0838,0.196,0.0259,0.01125,0.1088,0.13324,-0.00888,0.29646,0.7135
3527,2156.7,38142000,2362680,0.389,0.119,21489,10910,14644,0.00856067,0,0,0.0513,0.0853,0.1962,0.0563,0.00993,0.10845,0.12033,-0.00806,0.26924,0.7283
3528,2157.1,38152887,2363346,0.356,0.121,22825,10887,14627,0.0085574,0,0,0.0509,0.0827,0.1929,0.0299,0.01078,0.10959,0.12676,-0.00825,0.283,0.75825
3529,2157.6,38163775,2364012,0.36,0.12,22709,10888,14587,0.00855413,0,0,0.051,0.0842,0.1974,0.027,0.01009,0.10952,0.12202,-0.00731,0.27168,0.7615
3530,2158.1,38174658,2364674,0.357,0.12,22820,10883,14602,0.00855087,0,0,0.0516,0.0832,0.1972,0.0251,0.01104,0.10849,0.12636,-0.00633,0.27836,0.75989
3531,2158.6,38185557,2365339,0.35,0.121,23118,10899,14625,0.0085476,0,0,0.0485,0.0812,0.1917,0.0287,0.01104,0.10994,0.12612,-0.00788,0.28097,0.75895
3532,2159.0,38196444,2365996,0.342,0.12,23545,10887,14610,0.00854433,0,0,0.0469,0.0783,0.1893,0.0279,0.01122,0.1084,0.12064,-0.00888,0.27195,0.75522
3533,2159.5,38207324,2366666,0.365,0.119,22474,10880,14624,0.00854107,0,0,0.0469,0.0803,0.194,0.044,0.01029,0.10836,0.11501,-0.00853,0.2599,0.75024
3534,2160.0,38218224,2367342,0.358,0.119,22829,10900,14635,0.0085378,0,0,0.0474,0.0884,0.1934,0.0294,0.01035,0.10838,0.12089,-0.00733,0.26925,0.75052
3535,2160.5,38229138,2368010,0.354,0.121,23001,10914,14638,0.00853453,0,0,0.0477,0.0862,0.1905,0.0294,0.01031,0.10994,0.12241,-0.00923,0.27613,0.75272
3536,2160.9,38240060,2368698,0.367,0.121,22385,10922,14662,0.00853126,0,0,0.052,0.0848,0.2004,0.0299,0.01074,0.10973,0.11,-0.0078,0.24864,0.76369
3537,2161.5,38250978,2369367,0.399,0.12,21027,10918,14637,0.00852798,0,0,0.0579,0.0984,0.2138,0.0288,0.01111,0.10909,0.12967,-0.00761,0.28745,0.75529
3538,2162.0,38261939,2370047,0.412,0.12,20612,10961,14688,0.00852471,0,0,0.056,0.0931,0.2172,0.0458,0.01069,0.10862,0.13216,-0.00812,0.29389,0.78136
3539,2162.5,38272854,2370712,0.36,0.119,22795,10915,14636,0.00852142,0,0,0.0507,0.086,0.1966,0.0269,0.01064,0.10778,0.12278,-0.01111,0.28134,0.79621
3540,2162.9,38283846,2371393,0.352,0.119,23318,10992,14705,0.00851814,0,0,0.0478,0.0809,0.1977,0.0257,0.01092,0.10801,0.11266,-0.00627,0.2511,0.77718
3541,2163.5,38294808,2372060,0.389,0.119,21573,10962,14682,0.00851485,0,0,0.0561,0.0953,0.2105,0.0274,0.01084,0.10754,0.11952,-0.00834,0.26852,0.75126
3542,2164.0,38305825,2372703,0.382,0.119,21990,11017,14733,0.00851156,0,0,0.0483,0.0814,0.1947,0.0575,0.0114,0.10742,0.11949,-0.00588,0.26353,0.75142
3543,2164.4,38316804,2373391,0.34,0.118,23934,10979,14697,0.00850825,0,0,0.0468,0.0793,0.1879,0.0264,0.01072,0.10734,0.13176,-0.0061,0.28832,0.74001
3544,2164.9,38327795,2374058,0.346,0.119,23618,10991,14737,0.00850496,0,0,0.046,0.0813,0.1899,0.0289,0.01059,0.1084,0.12547,-0.0076,0.27911,0.76296
3545,2165.3,38338726,2374728,0.336,0.119,24051,10931,14664,0.00850166,0,0,0.0461,0.0786,0.1867,0.0243,0.01126,0.10732,0.13051,-0.00651,0.28687,0.75538
3546,2165.8,38349668,2375406,0.351,0.121,23188,10942,14685,0.00849838,0,0,0.0478,0.0798,0.1925,0.0306,0.01165,0.10918,0.12555,-0.00879,0.2814,0.74853
3547,2166.3,38360619,2376069,0.358,0.119,22966,10951,14656,0.0084951,0,0,0.0492,0.0833,0.1963,0.0292,0.01018,0.10838,0.13867,-0.00613,0.30205,0.733
3548,2166.8,38371573,2376734,0.38,0.119,21976,10954,14706,0.00849181,0,0,0.0516,0.0839,0.2025,0.0418,0.01073,0.10758,0.12964,-0.00847,0.28873,0.73724
3549,2167.3,38382554,2377399,0.371,0.124,22204,10981,14722,0.00848853,0,0,0.0477,0.0821,0.1931,0.0478,0.01136,0.11218,0.12194,-0.00747,0.27126,0.73331
3550,2167.8,38393512,2378056,0.394,0.121,21281,10958,14710,0.00848523,0,0,0.0576,0.0943,0.2096,0.0321,0.01221,0.10884,0.11786,-0.00579,0.25971,0.73083
3551,2168.3,38404483,2378715,0.375,0.12,22150,10971,14699,0.00848195,0,0,0.053,0.0916,0.2003,0.03,0.0101,0.10997,0.12528,-0.00648,0.27574,0.72076
3552,2168.8,38415472,2379366,0.37,0.122,22376,10989,14697,0.00847866,0,0,0.054,0.0857,0.2025,0.0274,0.0115,0.10978,0.13739,-0.00823,0.30361,0.72904
3553,2169.3,38426450,2380014,0.355,0.121,23058,10978,14700,0.00847536,0,0,0.0498,0.082,0.1959,0.027,0.0104,0.11068,0.12961,-0.00781,0.28692,0.71229
3554,2169.8,38437481,2380666,0.37,0.124,22360,11031,14782,0.00847207,0,0,0.0523,0.0863,0.1969,0.0342,0.01186,0.1114,0.12768,-0.00693,0.2812,0.70638
3555,2170.3,38448471,2381327,0.39,0.118,21641,10990,14731,0.00846876,0,0,0.0568,0.0977,0.2076,0.028,0.01089,0.10647,0.11785,-0.00676,0.26128,0.71285
3556,2170.8,38459430,2381982,0.376,0.119,22150,10959,14692,0.00846546,0,0,0.0554,0.0897,0.2034,0.0274,0.01118,0.1074,0.11767,-0.00748,0.2628,0.73717
3557,2171.3,38470431,2382639,0.446,0.118,19504,11001,14719,0.00846217,0,0,0.0603,0.1115,0.2201,0.0538,0.01044,0.10763,0.13912,-0.00711,0.30447,0.70852
3558,2171.9,38481445,2383310,0.42,0.123,20275,11014,14723,0.00845887,0,0,0.0586,0.0967,0.2186,0.0464,0.01207,0.11042,0.12045,-0.00754,0.26788,0.70308
3559,2172.4,38492477,2383960,0.419,0.118,20555,11032,14765,0.00845557,0,0,0.0614,0.1065,0.2227,0.028,0.01031,0.10739,0.12019,-0.0078,0.26788,0.70276
3560,2172.9,38503433,2384632,0.388,0.119,21593,10956,14671,0.00845226,0,0,0.055,0.0936,0.2137,0.0259,0.01069,0.10813,0.12823,-0.00559,0.27985,0.72209
3561,2173.4,38514439,2385278,0.39,0.119,21604,11006,14720,0.00844897,0,0,0.0509,0.0913,0.1984,0.0498,0.01025,0.1085,0.13023,-0.0064,0.28515,0.70295
3562,2173.9,38525412,2385920,0.357,0.12,22986,10973,14679,0.00844567,0,0,0.0513,0.0843,0.195,0.0266,0.01116,0.10872,0.11968,-0.00685,0.26503,0.70764
3563,2174.4,38536350,2386593,0.379,0.121,21892,10938,14655,0.00844238,0,0,0.0545,0.0887,0.2062,0.0293,0.01099,0.10971,0.12645,-0.00426,0.2736,0.7211
3564,2175.0,38547324,2387255,0.464,0.122,18718,10974,14705,0.0084391,0,0,0.0691,0.1196,0.2432,0.0323,0.01178,0.11007,0.13585,-0.00561,0.29507,0.71975
3565,2175.6,38558313,2387912,0.443,0.119,19542,10989,14700,0.0084358,0,0,0.0569,0.0967,0.2207,0.0686,0.01076,0.10839,0.12686,-0.00544,0.27661,0.71159
3566,2176.1,38569286,2388589,0.416,0.122,20375,10973,14678,0.00843251,0,0,0.0614,0.1019,0.2199,0.0332,0.01236,0.10952,0.14329,-0.00995,0.31887,0.73388
3567,2176.6,38580270,2389240,0.405,0.12,20932,10984,14713,0.00842921,0,0,0.058,0.0991,0.2193,0.0283,0.01073,0.10903,0.13382,-0.00868,0.29719,0.72393
3568,2177.1,38591254,2389902,0.352,0.122,23168,10984,14695,0.00842592,0,0,0.0508,0.0821,0.1927,0.0267,0.0108,0.11058,0.13215,-0.00876,0.29416,0.73223
3569,2177.6,38602182,2390557,0.372,0.12,22234,10928,14661,0.00842262,0,0,0.0492,0.0825,0.1931,0.047,0.01088,0.10847,0.1141,-0.00747,0.2555,0.73343
3570,2178.1,38613129,2391220,0.351,0.12,23205,10947,14637,0.00841935,0,0,0.0504,0.0805,0.1905,0.03,0.01089,0.10919,0.1197,-0.00691,0.2653,0.71826
3571,2178.5,38624087,2391861,0.349,0.12,23406,10958,14681,0.00841606,0,0,0.0486,0.0815,0.1869,0.0316,0.01061,0.10867,0.12656,-0.00768,0.28076,0.73054
3572,2179.1,38635020,2392512,0.402,0.119,20994,10933,14636,0.00841277,0,0,0.0533,0.0935,0.2023,0.0529,0.01053,0.10777,0.13834,-0.00819,0.30503,0.7117
3573,2179.6,38645976,2393168,0.477,0.119,18374,10956,14660,0.00840949,0,0,0.0569,0.0954,0.2125,0.112,0.01134,0.10785,0.11997,-0.00556,0.26309,0.71447
3574,2180.2,38656938,2393826,0.39,0.121,21480,10962,14665,0.00840621,0,0,0.051,0.0964,0.2006,0.0416,0.01079,0.10962,0.12047,-0.00744,0.26789,0.71769
3575,2180.7,38667922,2394469,0.387,0.123,21566,10984,14698,0.00840292,0,0,0.0554,0.0898,0.2065,0.0349,0.01103,0.11137,0.12871,-0.00627,0.28202,0.71787
3576,2181.2,38678901,2395128,0.364,0.123,22576,10979,14673,0.00839962,0,0,0.0518,0.0835,0.2017,0.0266,0.01091,0.11146,0.12182,-0.00658,0.26877,0.7118
3577,2181.7,38689849,2395781,0.463,0.121,18755,10948,14656,0.00839633,0,0,0.0625,0.1119,0.2268,0.0619,0.01108,0.10922,0.11531,-0.00861,0.26003,0.72556
3578,2182.2,38700783,2396408,0.375,0.12,22085,10934,14640,0.00839305,0,0,0.0553,0.0889,0.2047,0.0263,0.01075,0.10881,0.1184,-0.00707,0.2634,0.74255
3579,2182.7,38711742,2397072,0.382,0.121,21815,10959,14680,0.00838977,0,0,0.0565,0.0903,0.2077,0.0273,0.01143,0.10883,0.12339,-0.00732,0.27397,0.74779
3580,2183.2,38722672,2397727,0.378,0.12,21946,10930,14668,0.00838648,0,0,0.0554,0.0897,0.2051,0.0277,0.01115,0.10861,0.12306,-0.00851,0.27554,0.73955
3581,2183.8,38733589,2398383,0.395,0.12,21211,10917,14631,0.0083832,0,0,0.0557,0.0916,0.2114,0.036,0.01042,0.10921,0.12122,-0.00637,0.26752,0.73548
3582,2184.3,38744529,2399024,0.38,0.12,21843,10940,14646,0.00837992,0,0,0.0556,0.0908,0.2053,0.0286,0.01126,0.10892,0.12052,-0.00742,0.26806,0.72697
3583,2184.8,38755434,2399674,0.391,0.121,21310,10905,14618,0.00837664,0,0,0.0572,0.0925,0.2106,0.0308,0.01165,0.10856,0.11995,-0.00888,0.26993,0.7318
3584,2185.3,38766365,2400310,0.386,0.12,21626,10931,14647,0.00837337,0,0,0.0569,0.0917,0.2108,0.0262,0.01111,0.10851,0.12435,-0.00849,0.2781,0.74174
3585,2185.9,38777342,2400966,0.464,0.12,18791,10977,14680,0.00837009,0,0,0.064,0.1102,0.2303,0.0598,0.01095,0.10858,0.11934,-0.00739,0.26577,0.73603
3586,2186.3,38788309,2401598,0.374,0.12,22227,10967,14698,0.0083668,0,0,0.0519,0.0865,0.1991,0.036,0.01081,0.10881,0.12015,-0.00567,0.26375,0.72401
3587,2186.8,38799260,2402220,0.371,0.12,22319,10951,14683,0.00836351,0,0,0.053,0.0874,0.2024,0.028,0.01096,0.10862,0.11602,-0.00629,0.25709,0.74435
3588,2187.3,38810249,2402861,0.377,0.126,21847,10989,14696,0.00836022,0,0,0.0548,0.089,0.2047,0.0288,0.01048,0.11489,0.11617,-0.00732,0.25913,0.72586
3589,2187.8,38821242,2403487,0.368,0.118,22618,10993,14717,0.00835693,0,0,0.0534,0.0868,0.1996,0.0283,0.01113,0.10652,0.12068,-0.00725,0.26822,0.73857
3590,2188.4,38832236,2404113,0.415,0.119,20563,10994,14687,0.00835363,0,0,0.0584,0.0967,0.2155,0.0449,0.01088,0.10797,0.12531,-0.00821,0.2791,0.7215
3591,2188.9,38843254,2404745,0.402,0.12,21102,11018,14731,0.00835033,0,0,0.0595,0.0986,0.2125,0.0313,0.01123,0.10871,0.12052,-0.00719,0.26726,0.70897
3592,2189.4,38854317,2405374,0.394,0.121,21476,11063,14770,0.00834702,0,0,0.0569,0.094,0.2121,0.0315,0.01134,0.10905,0.11741,-0.00829,0.26358,0.72958
3593,2189.9,38865383,2406024,0.379,0.123,22037,11066,14780,0.0083437,0,0,0.0546,0.0904,0.2044,0.0299,0.01059,0.11183,0.12577,-0.00788,0.27947,0.72878
3594,2190.4,38876459,2406656,0.423,0.12,20395,11076,14778,0.00834039,0,0,0.0618,0.1058,0.2157,0.0397,0.01114,0.10857,0.11029,-0.00694,0.2469,0.74572
3595,2190.9,38887512,2407319,0.359,0.12,23034,11053,14789,0.00833706,0,0,0.0496,0.086,0.1948,0.0291,0.01151,0.10862,0.12841,-0.00858,0.28646,0.74891
3596,2191.4,38898557,2407930,0.353,0.121,23285,11045,14763,0.00833375,0,0,0.0504,0.084,0.194,0.0249,0.01106,0.10967,0.11401,-0.0066,0.2538,0.75488
3597,2191.9,38909599,2408554,0.351,0.12,23473,11042,14751,0.00833043,0,0,0.0494,0.0836,0.1907,0.027,0.01104,0.10843,0.11305,-0.0074,0.25344,0.75264
3598,2192.3,38920616,2409206,0.349,0.12,23527,11017,14723,0.00832712,0,0,0.0485,0.0798,0.1953,0.0251,0.01095,0.10831,0.13475,-0.00712,0.29582,0.72644
3599,2192.8,38931625,2409831,0.387,0.12,21718,11009,14727,0.00832382,0,0,0.0497,0.0816,0.194,0.0612,0.01073,0.10936,0.10854,-0.00701,0.24383,0.76452
3600,2193.3,38942654,2410453,0.346,0.122,23563,11029,14724,0.00832051,0,0,0.0484,0.0818,0.1907,0.0256,0.01066,0.11065,0.11318,-0.00695,0.25297,0.76421
3601,2194.1,38953702,2411083,0.359,0.12,23094,11048,14764,0.0083172,0,0,0.0505,0.0855,0.1959,0.0269,0.01064,0.10867,0.13045,-0.0095,0.29211,0.73399
3602,2194.6,38964740,2411705,0.364,0.119,22853,11038,14744,0.00831389,0,0,0.0483,0.081,0.1943,0.0406,0.01096,0.10748,0.12157,-0.00862,0.27258,0.73354
3603,2195.1,38975716,2412330,0.368,0.119,22535,10976,14712,0.00831058,0,0,0.0521,0.0849,0.2025,0.029,0.01106,0.10735,0.11424,-0.00689,0.25471,0.74917
3604,2195.6,38986743,2412964,0.379,0.12,22092,11027,14761,0.00830729,0,0,0.0555,0.0909,0.2032,0.0297,0.01075,0.10879,0.12027,-0.00826,0.26919,0.73038
3605,2196.1,38997760,2413584,0.37,0.121,22450,11017,14731,0.00830398,0,0,0.055,0.0884,0.2,0.0265,0.011,0.10946,0.11449,-0.00779,0.25652,0.72043
3606,2196.6,39008815,2414208,0.377,0.122,22182,11055,14789,0.00830067,0,0,0.0556,0.0873,0.2078,0.0258,0.01135,0.10994,0.1071,-0.00708,0.24077,0.74856
3607,2197.2,39019826,2414834,0.43,0.12,20015,11011,14741,0.00829736,0,0,0.0573,0.0962,0.2113,0.0653,0.01115,0.10852,0.11428,-0.00727,0.25523,0.73038
3608,2197.7,39030859,2415457,0.424,0.119,20310,11033,14763,0.00829405,0,0,0.0613,0.1056,0.2279,0.0292,0.0107,0.10812,0.12612,-0.00856,0.28159,0.73806
3609,2198.2,39041898,2416079,0.411,0.121,20738,11039,14758,0.00829074,0,0,0.0596,0.0997,0.2203,0.0314,0.01265,0.1083,0.11618,-0.00579,0.25618,0.73868
3610,2198.8,39052878,2416696,0.403,0.123,20850,10980,14701,0.00828743,0,0,0.0587,0.0956,0.2191,0.0297,0.01086,0.11219,0.12004,-0.00773,0.26777,0.73696
3611,2199.3,39063849,2417331,0.459,0.122,18892,10971,14716,0.00828414,0,0,0.0627,0.1105,0.2298,0.0561,0.01157,0.10977,0.12488,-0.00766,0.27752,0.75117
3612,2199.9,39074835,2417961,0.385,0.119,21783,10986,14718,0.00828085,0,0,0.0563,0.0902,0.2078,0.0308,0.01119,0.10785,0.1178,-0.00694,0.26193,0.75135
3613,2200.4,39085864,2418600,0.437,0.121,19776,11029,14750,0.00827755,0,0,0.0656,0.1101,0.2311,0.0302,0.01152,0.10887,0.1266,-0.00762,0.28065,0.73713
3614,2200.9,39096907,2419229,0.397,0.118,21450,11043,14777,0.00827424,0,0,0.0575,0.0917,0.2183,0.0292,0.01119,0.10664,0.11792,-0.00962,0.26738,0.74311
3615,2201.5,39107902,2419844,0.43,0.12,20012,10995,14712,0.00827093,0,0,0.0567,0.0942,0.2152,0.0636,0.01068,0.10874,0.11378,-0.00912,0.25818,0.74841
3616,2202.0,39118871,2420486,0.382,0.12,21838,10969,14697,0.00826763,0,0,0.0559,0.0915,0.2065,0.0284,0.0111,0.10852,0.12093,-0.00827,0.27056,0.73539
3617,2202.5,39129921,2421124,0.388,0.123,21636,11050,14775,0.00826434,0,0,0.0553,0.0926,0.2065,0.0335,0.01131,0.11128,0.13725,-0.00769,0.30166,0.71342
3618,2203.0,39140959,2421770,0.395,0.12,21426,11038,14789,0.00826102,0,0,0.0576,0.0928,0.2186,0.0262,0.01088,0.10887,0.119,-0.00607,0.26192,0.71296
3619,2203.5,39151970,2422415,0.422,0.119,20327,11011,14756,0.00825771,0,0,0.0572,0.095,0.2105,0.0598,0.01127,0.10766,0.11656,-0.00689,0.25906,0.73528
3620,2204.0,39163007,2423063,0.372,0.122,22348,11037,14776,0.00825441,0,0,0.0553,0.0882,0.2026,0.0259,0.01133,0.11016,0.1217,-0.00613,0.26739,0.70954
3621,2204.6,39174052,2423697,0.393,0.122,21467,11045,14790,0.0082511,0,0,0.0582,0.0934,0.2123,0.0288,0.01047,0.11108,0.11269,-0.00823,0.25395,0.73338
3622,2205.1,39185078,2424340,0.38,0.121,21981,11026,14754,0.00824778,0,0,0.0562,0.0925,0.2048,0.0268,0.011,0.10996,0.11779,-0.00832,0.26393,0.71025
3623,2205.6,39196053,2424987,0.378,0.126,21748,10975,14707,0.00824448,0,0,0.056,0.0893,0.2033,0.0298,0.01494,0.11099,0.12261,-0.00818,0.27368,0.73305
3624,2206.1,39207051,2425627,0.417,0.124,20323,10998,14733,0.00824118,0,0,0.0592,0.0965,0.2144,0.0465,0.01043,0.11368,0.11677,-0.00634,0.25851,0.74576
3625,2206.6,39218050,2426266,0.386,0.121,21675,10999,14735,0.00823788,0,0,0.0574,0.0939,0.2056,0.0295,0.01044,0.11005,0.11757,-0.00727,0.26176,0.73369
3626,2207.1,39229042,2426912,0.374,0.12,22223,10992,14742,0.00823459,0,0,0.0547,0.0888,0.2012,0.0298,0.01086,0.10899,0.11765,-0.00601,0.25975,0.75477
3627,2207.6,39240019,2427551,0.404,0.121,20914,10977,14723,0.00823129,0,0,0.0557,0.0877,0.1982,0.0622,0.01092,0.10984,0.12167,-0.00526,0.26624,0.75149
3628,2208.1,39251058,2428198,0.377,0.12,22221,11039,14782,0.00822799,0,0,0.0573,0.091,0.2028,0.0257,0.01103,0.1087,0.11794,-0.00637,0.26138,0.77604
3629,2208.6,39262067,2428837,0.378,0.122,22011,11009,14743,0.00822468,0,0,0.0555,0.0904,0.2028,0.0297,0.01135,0.11005,0.11266,-0.00783,0.2535,0.76156
3630,2209.1,39273098,2429474,0.383,0.121,21893,11031,14761,0.00822138,0,0,0.0585,0.0914,0.2065,0.0263,0.01088,0.10992,0.11845,-0.00675,0.26263,0.74399
3631,2209.6,39284106,2430119,0.391,0.124,21379,11008,14730,0.00821807,0,0,0.0582,0.0939,0.2086,0.0306,0.01137,0.11191,0.11316,-0.00591,0.25045,0.74868
3632,2210.2,39295118,2430739,0.385,0.12,21786,11012,14738,0.00821477,0,0,0.0566,0.09,0.1988,0.0398,0.01071,0.10923,0.11885,-0.00649,0.2632,0.76169
3633,2210.7,39306135,2431387,0.388,0.121,21636,11017,14729,0.00821146,0,0,0.0563,0.0938,0.2071,0.0311,0.0108,0.10982,0.1224,-0.00694,0.27139,0.77363
3634,2211.2,39317173,2432023,0.392,0.121,21514,11038,14784,0.00820816,0,0,0.0573,0.0924,0.2142,0.0281,0.01027,0.1103,0.13083,-0.00654,0.2875,0.77675
3635,2211.7,39328151,2432678,0.4,0.122,21034,10978,14722,0.00820485,0,0,0.0595,0.0965,0.2149,0.0289,0.0106,0.11123,0.11447,-0.0062,0.25395,0.76868
3636,2212.2,39339188,2433311,0.381,0.122,21948,11037,14782,0.00820155,0,0,0.0566,0.0905,0.199,0.0348,0.01125,0.11038,0.12671,-0.00879,0.28366,0.77132
3637,2212.7,39350214,2433962,0.423,0.123,20214,11026,14751,0.00819824,0,0,0.0613,0.1071,0.2225,0.0319,0.01097,0.11135,0.12252,-0.00792,0.27323,0.75339
3638,2213.2,39361194,2434601,0.382,0.122,21797,10980,14697,0.00819494,0,0,0.0573,0.0904,0.2077,0.0266,0.01109,0.11034,0.13012,-0.00695,0.28638,0.7478
3639,2213.8,39372199,2435237,0.395,0.12,21343,11005,14748,0.00819164,0,0,0.0584,0.094,0.2144,0.0284,0.01126,0.10886,0.12299,-0.008,0.27464,0.77195
3640,2214.3,39383170,2435898,0.421,0.126,20076,10971,14698,0.00818834,0,0,0.058,0.0921,0.2126,0.0582,0.01094,0.11441,0.13324,-0.0093,0.29741,0.75285
3641,2214.9,39394065,2436529,0.428,0.122,19803,10895,14615,0.00818505,0,0,0.0646,0.1081,0.2256,0.0296,0.01146,0.11038,0.11874,-0.00843,0.26688,0.76659
3642,2215.4,39404987,2437211,0.4,0.124,20836,10922,14622,0.00818178,0,0,0.0603,0.0965,0.2141,0.0296,0.01133,0.11207,0.1161,-0.00861,0.26163,0.74673
3643,2215.9,39415883,2437877,0.394,0.124,21033,10896,14620,0.0081785,0,0,0.0587,0.093,0.2093,0.0331,0.01136,0.11227,0.12638,-0.00785,0.28053,0.73853
3644,2216.4,39426762,2438542,0.408,0.125,20416,10879,14602,0.00817524,0,0,0.0589,0.095,0.211,0.0433,0.01122,0.11314,0.10507,-0.00518,0.23228,0.72017
3645,2217.0,39437701,2439185,0.413,0.123,20439,10939,14664,0.00817197,0,0,0.0597,0.0975,0.2265,0.0289,0.01105,0.11125,0.11449,-0.00618,0.25324,0.72723
3646,2217.5,39448662,2439849,0.391,0.123,21304,10961,14697,0.00816869,0,0,0.0596,0.0926,0.2091,0.0301,0.01129,0.11155,0.11604,-0.00616,0.25647,0.7385
3647,2218.0,39459604,2440485,0.408,0.122,20663,10942,14693,0.0081654,0,0,0.0611,0.0987,0.2135,0.0345,0.01099,0.11048,0.12747,-0.00637,0.27953,0.72573
3648,2218.6,39470548,2441145,0.413,0.121,20506,10944,14661,0.00816212,0,0,0.0609,0.1009,0.2143,0.0368,0.01117,0.10936,0.10787,-0.00873,0.24515,0.73212
3649,2219.1,39481487,2441795,0.389,0.124,21303,10939,14674,0.00815884,0,0,0.0583,0.0938,0.2068,0.0304,0.01144,0.11242,0.11243,-0.00804,0.25304,0.74129
3650,2219.6,39492450,2442441,0.41,0.123,20564,10963,14699,0.00815555,0,0,0.0604,0.0972,0.2191,0.0335,0.0115,0.11117,0.11048,-0.00627,0.24561,0.74206
3651,2220.1,39503487,2443083,0.407,0.122,20885,11037,14764,0.00815227,0,0,0.061,0.0985,0.2162,0.0311,0.01092,0.11039,0.11127,-0.00757,0.24943,0.72057
3652,2220.7,39514445,2443734,0.407,0.121,20738,10958,14684,0.00814895,0,0,0.0604,0.097,0.2133,0.0365,0.01077,0.11015,0.10522,-0.00727,0.23701,0.73714
3653,2221.2,39525416,2444407,0.406,0.12,20831,10971,14719,0.00814567,0,0,0.0591,0.0965,0.2181,0.0327,0.01129,0.10873,0.11356,-0.00609,0.2512,0.73038
3654,2221.7,39536380,2445057,0.39,0.121,21436,10964,14698,0.00814238,0,0,0.0593,0.0951,0.2086,0.0271,0.01162,0.1094,0.10926,-0.00794,0.2462,0.72395
3655,2222.2,39547332,2445722,0.388,0.121,21527,10952,14672,0.00813909,0,0,0.0571,0.0921,0.2076,0.0314,0.01099,0.10922,0.12113,-0.00606,0.26627,0.7301
3656,2222.8,39558340,2446397,0.417,0.122,20447,11008,14730,0.0081358,0,0,0.0597,0.1022,0.2147,0.0402,0.01057,0.11064,0.11582,-0.00779,0.25893,0.72003
3657,2223.3,39569338,2447056,0.411,0.121,20694,10998,14736,0.0081325,0,0,0.0615,0.1018,0.217,0.0303,0.01036,0.11028,0.10979,-0.00826,0.2477,0.71415
3658,2223.8,39580277,2447715,0.39,0.122,21372,10939,14666,0.0081292,0,0,0.06,0.0947,0.209,0.0265,0.01068,0.11067,0.11904,-0.00826,0.26619,0.71296
3659,2224.4,39591224,2448377,0.424,0.121,20088,10947,14659,0.00812592,0,0,0.06,0.1086,0.2253,0.0302,0.01105,0.10948,0.12252,-0.00864,0.27417,0.7297
3660,2224.9,39602217,2449045,0.42,0.12,20351,10993,14716,0.00812263,0,0,0.0627,0.1022,0.2167,0.0383,0.01116,0.10887,0.12627,-0.00908,0.2824,0.71961
3661,2225.4,39613179,2449698,0.397,0.119,21229,10962,14693,0.00811933,0,0,0.0577,0.0976,0.2129,0.0291,0.0109,0.10793,0.12669,-0.0086,0.2826,0.73998
3662,2225.9,39624177,2450353,0.377,0.124,21952,10998,14729,0.00811605,0,0,0.056,0.091,0.2021,0.0278,0.01135,0.11244,0.11048,-0.01056,0.25435,0.75636
3663,2226.4,39635202,2451013,0.377,0.123,22029,11025,14762,0.00811275,0,0,0.0556,0.0897,0.2022,0.0297,0.01054,0.11236,0.12345,-0.00811,0.27495,0.72893
3664,2226.9,39646146,2451668,0.401,0.121,20953,10944,14680,0.00810944,0,0,0.0577,0.0952,0.2087,0.0399,0.01112,0.10943,0.11521,-0.00706,0.25663,0.74556
3665,2227.5,39657115,2452325,0.398,0.121,21137,10969,14693,0.00810616,0,0,0.0587,0.0999,0.2112,0.0281,0.01098,0.1095,0.12726,-0.00952,0.28537,0.72866
3666,2227.9,39668085,2452984,0.371,0.12,22350,10970,14699,0.00810287,0,0,0.0543,0.0899,0.2016,0.0254,0.01132,0.10786,0.11863,-0.007,0.26314,0.7332
3667,2228.5,39679044,2453651,0.399,0.119,21138,10959,14670,0.00809957,0,0,0.0564,0.0937,0.2144,0.0348,0.00974,0.10909,0.12591,-0.01032,0.28409,0.7177
3668,2229.0,39689993,2454310,0.384,0.117,21857,10949,14652,0.00809629,0,0,0.0556,0.0902,0.2041,0.0341,0.01085,0.10548,0.13039,-0.00756,0.28764,0.72502
3669,2229.5,39700964,2454975,0.406,0.118,20970,10971,14699,0.008093,0,0,0.0558,0.0951,0.216,0.0387,0.01094,0.10643,0.12525,-0.00944,0.28131,0.73666
3670,2230.0,39711941,2455628,0.438,0.118,19742,10977,14683,0.00808971,0,0,0.0638,0.1116,0.2285,0.0336,0.01134,0.1068,0.1162,-0.00841,0.26111,0.73454
3671,2230.6,39722889,2456289,0.432,0.121,19787,10948,14679,0.00808642,0,0,0.0645,0.1098,0.2272,0.0307,0.01158,0.10922,0.11761,-0.01022,0.26762,0.74014
3672,2231.2,39733820,2456962,0.491,0.119,17940,10931,14636,0.00808313,0,0,0.07,0.1346,0.245,0.0409,0.0116,0.10678,0.13377,-0.00937,0.29786,0.71603
3673,2231.8,39744761,2457614,0.471,0.119,18562,10941,14675,0.00807985,0,0,0.066,0.1243,0.2364,0.044,0.01173,0.10667,0.10712,-0.00836,0.24248,0.71413
3674,2232.4,39755637,2458287,0.48,0.12,18132,10876,14588,0.00807657,0,0,0.0686,0.1315,0.2495,0.0304,0.01145,0.10798,0.11284,-0.00969,0.25683,0.72982
3675,2232.9,39766530,2458945,0.42,0.12,20182,10893,14600,0.00807331,0,0,0.0625,0.1034,0.2226,0.0317,0.01134,0.10782,0.12858,-0.01121,0.2915,0.73877
3676,2233.5,39777414,2459593,0.427,0.117,19997,10884,14581,0.00807004,0,0,0.0606,0.1017,0.2161,0.0489,0.01101,0.10573,0.11384,-0.00873,0.25687,0.72682
3677,2234.0,39788297,2460248,0.443,0.118,19413,10883,14579,0.00806678,0,0,0.0648,0.1128,0.228,0.0371,0.01141,0.10618,0.11396,-0.00807,0.25598,0.73863
3678,2234.6,39799235,2460886,0.41,0.12,20639,10938,14667,0.00806351,0,0,0.0611,0.1,0.2195,0.0296,0.01219,0.10734,0.12762,-0.0103,0.28744,0.71887
3679,2235.2,39810130,2461548,0.477,0.117,18363,10895,14614,0.00806023,0,0,0.0695,0.1312,0.2413,0.0346,0.01013,0.10622,0.13293,-0.00832,0.29448,0.74324
3680,2235.7,39821009,2462202,0.436,0.119,19605,10879,14581,0.00805696,0,0,0.0621,0.1061,0.2175,0.0499,0.01158,0.10739,0.13403,-0.00842,0.29667,0.73078
3681,2236.4,39831903,2462874,0.586,0.118,15476,10894,14606,0.0080537,0,0,0.0684,0.1416,0.2366,0.1391,0.01073,0.10707,0.1253,-0.00811,0.27863,0.73288
3682,2237.1,39842813,2463522,0.517,0.12,17135,10910,14612,0.00805043,0,0,0.0619,0.12,0.2221,0.1131,0.01178,0.10744,0.12244,-0.00871,0.27379,0.71377
3683,2237.7,39853673,2464189,0.478,0.119,18195,10860,14584,0.00804716,0,0,0.0609,0.1194,0.227,0.0704,0.01077,0.10798,0.12155,-0.00889,0.27265,0.73107
3684,2238.2,39864571,2464829,0.456,0.118,18970,10898,14625,0.0080439,0,0,0.0643,0.1129,0.2246,0.0546,0.01157,0.10611,0.1249,-0.00926,0.28043,0.75354
3685,2238.8,39875594,2465485,0.464,0.12,18871,11023,14761,0.00804063,0,0,0.0671,0.1237,0.2377,0.0355,0.0117,0.10797,0.13633,-0.00614,0.29719,0.76246
3686,2239.4,39886524,2466148,0.463,0.118,18799,10930,14649,0.00803732,0,0,0.0695,0.1208,0.2424,0.0303,0.01179,0.10624,0.13755,-0.00745,0.3019,0.74104
3687,2240.0,39897477,2466822,0.489,0.119,18029,10953,14667,0.00803404,0,0,0.0667,0.1185,0.239,0.0645,0.01179,0.1066,0.12387,-0.00963,0.2791,0.75307
3688,2240.6,39908407,2467485,0.503,0.119,17583,10930,14637,0.00803076,0,0,0.0771,0.1338,0.2502,0.0417,0.01186,0.1066,0.1197,-0.01055,0.27309,0.78409
3689,2241.3,39919343,2468139,0.533,0.12,16745,10936,14623,0.00802748,0,0,0.0747,0.1489,0.2696,0.0402,0.01184,0.10764,0.1215,-0.00857,0.27235,0.75998
3690,2241.9,39930321,2468800,0.452,0.118,19289,10978,14679,0.0080242,0,0,0.0661,0.1136,0.2319,0.04,0.01147,0.10569,0.12355,-0.00894,0.27757,0.78462
3691,2242.4,39941286,2469466,0.472,0.12,18517,10965,14684,0.0080209,0,0,0.0693,0.1278,0.2378,0.0368,0.01151,0.10854,0.1262,-0.01032,0.28556,0.78086
3692,2243.0,39952242,2470120,0.447,0.117,19438,10956,14665,0.00801761,0,0,0.0635,0.1117,0.2302,0.0418,0.01058,0.10567,0.11855,-0.00818,0.26594,0.77777
3693,2243.6,39963158,2470781,0.431,0.118,19887,10916,14614,0.00801433,0,0,0.0622,0.1069,0.2281,0.0336,0.01095,0.10687,0.12355,-0.00869,0.27644,0.74651
3694,2244.1,39974100,2471431,0.44,0.121,19490,10942,14674,0.00801105,0,0,0.0647,0.1144,0.2309,0.0305,0.01162,0.10897,0.12393,-0.01072,0.28144,0.7573
3695,2244.7,39985065,2472089,0.453,0.119,19159,10965,14665,0.00800777,0,0,0.065,0.1157,0.2368,0.0359,0.0106,0.10793,0.11449,-0.00982,0.26085,0.76397
3696,2245.3,39996011,2472755,0.47,0.119,18585,10946,14654,0.00800448,0,0,0.0642,0.1162,0.2396,0.05,0.01131,0.10723,0.11988,-0.00869,0.26931,0.76004
3697,2245.8,40006952,2473422,0.445,0.12,19358,10941,14650,0.0080012,0,0,0.0649,0.1132,0.2318,0.0356,0.01159,0.10775,0.114,-0.00977,0.25956,0.75227
3698,2246.4,40017911,2474094,0.463,0.121,18765,10959,14694,0.00799791,0,0,0.0671,0.1207,0.2366,0.0382,0.01236,0.10864,0.11925,-0.01087,0.27207,0.73948
3699,2247.0,40028862,2474763,0.471,0.12,18522,10951,14660,0.00799463,0,0,0.0697,0.1284,0.2344,0.0386,0.01181,0.10806,0.11948,-0.01007,0.27087,0.73538
3700,2247.6,40039764,2475429,0.495,0.121,17699,10902,14606,0.00799134,0,0,0.0728,0.1361,0.2394,0.0465,0.01146,0.10937,0.13188,-0.00797,0.2915,0.73802
3701,2248.2,40050718,2476095,0.451,0.118,19249,10954,14682,0.00798807,0,0,0.0663,0.1184,0.228,0.0382,0.01074,0.10718,0.12845,-0.01003,0.28899,0.75306
3702,2248.8,40061631,2476773,0.441,0.119,19487,10913,14613,0.00798478,0,0,0.0662,0.1118,0.2284,0.0343,0.01169,0.10723,0.12337,-0.00819,0.27499,0.74296
3703,2249.4,40072553,2477439,0.463,0.119,18785,10922,14626,0.00798151,0,0,0.0674,0.1229,0.236,0.0364,0.01104,0.10732,0.13613,-0.00839,0.30103,0.7515
3704,2250.0,40083440,2478101,0.454,0.119,19024,10887,14583,0.00797823,0,0,0.0652,0.111,0.2258,0.0517,0.01141,0.10685,0.13364,-0.01046,0.29996,0.73793
3705,2250.5,40094367,2478784,0.451,0.119,19147,10927,14630,0.00797497,0,0,0.0663,0.115,0.2336,0.0365,0.0114,0.10764,0.12775,-0.00994,0.28697,0.72631
3706,2251.1,40105257,2479456,0.449,0.119,19153,10890,14598,0.00797169,0,0,0.0646,0.1127,0.2321,0.0399,0.01158,0.1074,0.13162,-0.01003,0.29509,0.74005
3707,2251.7,40116238,2480128,0.442,0.118,19590,10981,14705,0.00796842,0,0,0.0651,0.1113,0.2317,0.0341,0.0109,0.10716,0.1302,-0.00908,0.29042,0.7443
3708,2252.3,40127171,2480777,0.479,0.121,18236,10933,14642,0.00796513,0,0,0.0674,0.1153,0.2357,0.0603,0.01126,0.10928,0.1209,-0.00813,0.26965,0.72856
3709,2252.8,40138084,2481442,0.446,0.122,19227,10913,14612,0.00796185,0,0,0.0662,0.1134,0.2323,0.0341,0.01158,0.10961,0.12188,-0.01013,0.2759,0.74543
3710,2253.4,40148964,2482113,0.465,0.123,18527,10880,14579,0.00795857,0,0,0.0667,0.1229,0.2391,0.0358,0.01175,0.11064,0.12178,-0.00939,0.27425,0.74779
3711,2254.0,40159907,2482775,0.444,0.12,19407,10943,14649,0.00795531,0,0,0.0636,0.1089,0.2326,0.0386,0.01143,0.10823,0.13096,-0.00973,0.29297,0.72852
3712,2254.7,40170825,2483433,0.562,0.12,16007,10918,14636,0.00795203,0,0,0.0737,0.1455,0.2429,0.0995,0.01146,0.10851,0.13228,-0.00816,0.29243,0.72627
3713,2255.4,40181752,2484096,0.632,0.122,14504,10927,14627,0.00794875,0,0,0.0699,0.1443,0.2418,0.176,0.0117,0.10952,0.13437,-0.00828,0.2968,0.7234
3714,2256.1,40192673,2484766,0.544,0.12,16450,10921,14661,0.00794547,0,0,0.0622,0.1304,0.228,0.1231,0.01138,0.10847,0.13722,-0.00761,0.30107,0.71779
3715,2256.7,40203576,2485429,0.481,0.121,18086,10903,14610,0.0079422,0,0,0.0627,0.1097,0.2275,0.0816,0.01117,0.10985,0.12855,-0.00641,0.28114,0.70573
3716,2257.3,40214504,2486099,0.455,0.121,18968,10928,14637,0.00793893,0,0,0.0625,0.1089,0.23,0.0539,0.0117,0.10869,0.13663,-0.00981,0.30397,0.69844
3717,2257.8,40225405,2486753,0.442,0.121,19351,10901,14619,0.00793565,0,0,0.0639,0.1089,0.2256,0.0438,0.0119,0.10875,0.13434,-0.00732,0.29454,0.70657
3718,2258.4,40236290,2487419,0.435,0.119,19657,10885,14576,0.00793238,0,0,0.0621,0.1058,0.2288,0.0381,0.01045,0.10805,0.13898,-0.00771,0.30454,0.70375
3719,2259.0,40247231,2488086,0.471,0.121,18490,10941,14666,0.00792911,0,0,0.0644,0.1141,0.2325,0.0598,0.0116,0.10907,0.12767,-0.00831,0.2831,0.70256
3720,2259.5,40258144,2488752,0.447,0.121,19211,10913,14650,0.00792583,0,0,0.0634,0.1148,0.2222,0.0462,0.01149,0.10967,0.1231,-0.00944,0.27604,0.69161
3721,2260.1,40269040,2489407,0.456,0.12,18933,10896,14596,0.00792256,0,0,0.0631,0.1167,0.2283,0.0476,0.01103,0.10849,0.13158,-0.00802,0.2901,0.68768
3722,2260.7,40279945,2490088,0.491,0.122,17809,10905,14627,0.00791929,0,0,0.0661,0.1148,0.2288,0.0809,0.01186,0.10965,0.12931,-0.00805,0.28584,0.70203
3723,2261.3,40290821,2490729,0.492,0.122,17705,10876,14608,0.00791602,0,0,0.0681,0.1424,0.2399,0.0417,0.01135,0.11027,0.1248,-0.00919,0.27872,0.67885
3724,2261.9,40301703,2491401,0.466,0.121,18530,10882,14602,0.00791275,0,0,0.067,0.1186,0.2365,0.0437,0.01141,0.10958,0.1311,-0.01013,0.29335,0.68796
3725,2262.5,40312610,2492066,0.467,0.12,18556,10907,14626,0.00790949,0,0,0.0671,0.1262,0.234,0.04,0.01153,0.10842,0.1272,-0.00872,0.28303,0.70738
3726,2263.2,40323471,2492719,0.548,0.122,16199,10861,14584,0.00790622,0,0,0.0778,0.1373,0.2543,0.0789,0.0121,0.1096,0.11844,-0.0084,0.26457,0.68853
3727,2263.9,40334361,2493370,0.557,0.122,16038,10890,14627,0.00790296,0,0,0.0848,0.1586,0.2708,0.0426,0.01153,0.11022,0.11562,-0.00761,0.25753,0.70027
3728,2264.5,40345276,2494035,0.541,0.123,16443,10915,14643,0.00789969,0,0,0.0817,0.156,0.257,0.0466,0.01232,0.10964,0.12899,-0.00781,0.2843,0.67801
3729,2265.3,40356129,2494716,0.629,0.122,14455,10853,14581,0.00789642,0,0,0.0876,0.1779,0.2661,0.0974,0.01133,0.11007,0.13393,-0.00832,0.29519,0.67573
3730,2266.0,40367033,2495373,0.619,0.122,14727,10904,14608,0.00789316,0,0,0.0898,0.1731,0.2923,0.0632,0.01168,0.10983,0.12877,-0.00882,0.28575,0.66982
3731,2266.8,40377966,2496044,0.65,0.122,14162,10933,14648,0.00788989,0,0,0.0928,0.1817,0.3251,0.0507,0.01162,0.10965,0.12659,-0.00868,0.28111,0.67021
3732,2267.6,40388844,2496704,0.65,0.122,14095,10878,14603,0.00788661,0,0,0.0877,0.1884,0.283,0.0905,0.01214,0.1096,0.11916,-0.00873,0.26644,0.67564
3733,2268.2,40399728,2497363,0.563,0.122,15876,10884,14597,0.00788335,0,0,0.084,0.1638,0.2687,0.0469,0.01273,0.10886,0.11798,-0.00854,0.26368,0.67522
3734,2268.9,40410600,2498042,0.538,0.121,16487,10872,14573,0.00788008,0,0,0.0812,0.1503,0.2613,0.0452,0.01104,0.10987,0.1188,-0.00523,0.25856,0.667
3735,2269.6,40421496,2498724,0.564,0.123,15854,10896,14594,0.00787682,0,0,0.079,0.1422,0.2447,0.0979,0.01158,0.11139,0.1208,-0.00821,0.26853,0.66793
3736,2270.3,40432432,2499415,0.607,0.121,15028,10936,14646,0.00787355,0,0,0.0923,0.1589,0.3103,0.0452,0.01149,0.10919,0.12934,-0.00729,0.28377,0.66749
3737,2271.0,40443326,2500085,0.568,0.124,15745,10894,14623,0.00787027,0,0,0.0809,0.1498,0.2707,0.0669,0.01218,0.11089,0.11272,-0.00821,0.25302,0.70916
3738,2271.8,40454257,2500755,0.646,0.122,14230,10931,14648,0.007867,0,0,0.0825,0.1762,0.249,0.1384,0.01137,0.11029,0.10786,-0.00735,0.2414,0.69728
3739,2272.4,40465161,2501432,0.531,0.121,16708,10904,14602,0.00786372,0,0,0.0756,0.1448,0.2399,0.0711,0.01121,0.10947,0.11577,-0.00743,0.25732,0.6937
3740,2273.1,40476065,2502110,0.513,0.122,17163,10904,14650,0.00786045,0,0,0.0776,0.1499,0.2428,0.0429,0.01161,0.10994,0.11929,-0.00713,0.26389,0.70244
3741,2273.7,40486956,2502764,0.521,0.122,16950,10891,14604,0.00785718,0,0,0.0772,0.1473,0.2453,0.0512,0.01118,0.11002,0.11225,-0.00694,0.24963,0.71683
3742,2274.4,40497871,2503427,0.549,0.122,16251,10915,14639,0.00785391,0,0,0.0795,0.1473,0.2639,0.0585,0.01163,0.11039,0.11562,-0.00927,0.26102,0.71554
3743,2275.1,40508742,2504098,0.551,0.123,16134,10871,14602,0.00785064,0,0,0.0812,0.156,0.2623,0.0511,0.01282,0.10998,0.11538,-0.00655,0.2551,0.71596
3744,2275.7,40519646,2504776,0.513,0.121,17197,10904,14656,0.00784738,0,0,0.0816,0.1446,0.2501,0.0366,0.01133,0.10952,0.11233,-0.00925,0.25433,0.71171
3745,2276.3,40530511,2505454,0.497,0.12,17607,10865,14593,0.00784411,0,0,0.0775,0.1358,0.2446,0.0394,0.01113,0.10823,0.10711,-0.00561,0.23691,0.73052
3746,2277.0,40541337,2506124,0.543,0.121,16290,10826,14542,0.00784085,0,0,0.0822,0.1387,0.2493,0.073,0.01109,0.10993,0.10246,-0.00729,0.2313,0.75206
3747,2277.6,40552217,2506805,0.508,0.12,17318,10880,14580,0.0078376,0,0,0.0786,0.143,0.2479,0.0384,0.011,0.1089,0.10907,-0.00698,0.24383,0.74794
3748,2278.2,40563076,2507464,0.517,0.122,16987,10859,14574,0.00783433,0,0,0.0779,0.1455,0.2514,0.042,0.01117,0.11082,0.12282,-0.00868,0.27456,0.73711
3749,2278.9,40573973,2508145,0.584,0.123,15415,10897,14621,0.00783108,0,0,0.083,0.166,0.2594,0.0758,0.01178,0.11059,0.11682,-0.00785,0.26116,0.75517
3750,2279.7,40584866,2508810,0.668,0.124,13761,10893,14587,0.00782781,0,0,0.0929,0.1786,0.2742,0.1221,0.01317,0.11014,0.11542,-0.00652,0.25544,0.73829
3751,2280.5,40595718,2509516,0.615,0.121,14742,10852,14585,0.00782454,0,0,0.0825,0.1667,0.2727,0.0928,0.0116,0.1094,0.10732,-0.00813,0.24282,0.76202
3752,2281.2,40606610,2510186,0.594,0.126,15128,10892,14634,0.00782128,0,0,0.0865,0.1713,0.2826,0.0541,0.01216,0.11295,0.09985,-0.00875,0.22918,0.76581
3753,2281.9,40617479,2510874,0.595,0.124,15117,10869,14581,0.00781802,0,0,0.0822,0.1788,0.2565,0.0772,0.01161,0.11231,0.11143,-0.01068,0.25615,0.76207
3754,2282.7,40628372,2511558,0.606,0.125,14898,10893,14617,0.00781476,0,0,0.0842,0.166,0.2699,0.0862,0.01146,0.11297,0.12173,-0.00861,0.27245,0.75357
3755,2283.4,40639297,2512229,0.559,0.126,15950,10925,14634,0.00781149,0,0,0.085,0.1662,0.2636,0.0446,0.01244,0.11264,0.11862,-0.0088,0.26703,0.78033
3756,2284.1,40650197,2512904,0.609,0.131,14729,10900,14646,0.00780821,0,0,0.0791,0.1689,0.26,0.1015,0.01841,0.1117,0.12018,-0.00962,0.2715,0.76198
3757,2284.9,40661082,2513582,0.649,0.121,14126,10885,14600,0.00780494,0,0,0.0828,0.1906,0.3265,0.0494,0.01196,0.10877,0.12005,-0.00803,0.2682,0.7712
3758,2285.7,40671943,2514272,0.656,0.121,13974,10861,14584,0.00780168,0,0,0.086,0.1966,0.3272,0.0465,0.01173,0.10884,0.1294,-0.00895,0.28853,0.75886
3759,2286.2,40682834,2514960,0.475,0.119,18327,10891,14618,0.00779842,0,0,0.0689,0.1259,0.2348,0.0454,0.01145,0.10743,0.14272,-0.00863,0.31449,0.7557
3760,2286.9,40693746,2515652,0.523,0.12,16973,10912,14638,0.00779515,0,0,0.0824,0.1425,0.2474,0.0506,0.01083,0.1088,0.1249,-0.0083,0.27825,0.76109
3761,2287.5,40704626,2516345,0.489,0.121,17856,10880,14612,0.00779188,0,0,0.0729,0.1321,0.253,0.0308,0.01134,0.10874,0.13165,-0.0082,0.29154,0.76059
3762,2288.1,40715476,2517010,0.439,0.118,19469,10850,14604,0.00778861,0,0,0.0642,0.1113,0.2282,0.0352,0.01096,0.10716,0.12185,-0.00926,0.27385,0.74558
3763,2288.6,40726344,2517692,0.461,0.118,18740,10868,14605,0.00778536,0,0,0.0676,0.1206,0.2267,0.0466,0.01074,0.10728,0.12123,-0.0094,0.27314,0.76321
3764,2289.2,40737189,2518392,0.451,0.121,18980,10845,14553,0.0077821,0,0,0.0681,0.1138,0.2318,0.0371,0.01119,0.10905,0.1259,-0.00936,0.28255,0.77302
3765,2289.8,40748039,2519070,0.45,0.118,19099,10850,14576,0.00777884,0,0,0.0672,0.1198,0.2276,0.0354,0.01093,0.10666,0.12421,-0.01047,0.28118,0.76071
3766,2290.4,40758907,2519762,0.463,0.119,18673,10868,14600,0.00777559,0,0,0.0702,0.1226,0.2346,0.0359,0.0107,0.10762,0.14305,-0.00891,0.31619,0.78945
3767,2291.0,40769787,2520445,0.504,0.122,17394,10880,14590,0.00777233,0,0,0.0671,0.1187,0.238,0.08,0.01135,0.10991,0.1417,-0.00864,0.31284,0.78323
3768,2291.6,40780620,2521118,0.474,0.122,18170,10833,14526,0.00776906,0,0,0.0714,0.1233,0.2362,0.043,0.01161,0.10969,0.13304,-0.00847,0.29519,0.78288
3769,2292.2,40791413,2521806,0.533,0.126,16377,10793,14498,0.00776581,0,0,0.0799,0.1447,0.2653,0.0427,0.0158,0.11015,0.12802,-0.00935,0.28678,0.77453
3770,2293.1,40802278,2522509,0.706,0.12,13151,10865,14595,0.00776258,0,0,0.0908,0.2053,0.2723,0.1376,0.01192,0.10769,0.12858,-0.00848,0.28644,0.79314
3771,2293.8,40813060,2523211,0.61,0.123,14721,10782,14495,0.00775932,0,0,0.0852,0.1859,0.2546,0.0842,0.01229,0.10958,0.11921,-0.00871,0.26806,0.78696
3772,2294.6,40823892,2523905,0.706,0.126,13021,10832,14572,0.00775608,0,0,0.0851,0.1893,0.2997,0.1317,0.01277,0.1122,0.12433,-0.00915,0.27908,0.7817
3773,2295.4,40834677,2524608,0.63,0.12,14367,10785,14492,0.00775283,0,0,0.0881,0.1851,0.2878,0.0694,0.01149,0.10844,0.14282,-0.00918,0.31609,0.77901
3774,2296.1,40845499,2525306,0.552,0.122,16054,10822,14526,0.0077496,0,0,0.0816,0.1627,0.2572,0.0501,0.01188,0.11022,0.14386,-0.00863,0.3165,0.74324
3775,2296.7,40856318,2526009,0.528,0.123,16620,10819,14527,0.00774635,0,0,0.0828,0.1506,0.2576,0.0374,0.01176,0.11038,0.14801,-0.0079,0.3234,0.74777
3776,2297.4,40867141,2526708,0.521,0.12,16891,10823,14526,0.0077431,0,0,0.0798,0.1506,0.2501,0.0408,0.01162,0.10756,0.14205,-0.00926,0.31479,0.78511
3777,2298.0,40877961,2527412,0.568,0.123,15659,10820,14508,0.00773986,0,0,0.0854,0.1586,0.2681,0.0563,0.01214,0.10995,0.145,-0.00909,0.32012,0.77036
3778,2298.7,40888732,2528126,0.579,0.122,15365,10771,14476,0.00773661,0,0,0.0966,0.1676,0.2753,0.0399,0.01171,0.10956,0.13827,-0.00767,0.30368,0.76254
3779,2299.4,40899561,2528827,0.528,0.126,16566,10829,14524,0.00773338,0,0,0.0814,0.1503,0.2468,0.0493,0.01366,0.1117,0.13503,-0.00763,0.29745,0.78367
3780,2300.3,40910418,2529532,0.782,0.126,11961,10857,14560,0.00773013,0,0,0.12,0.1833,0.3673,0.1112,0.01352,0.11173,0.12547,-0.00911,0.28163,0.8055
3781,2301.1,40921283,2530229,0.672,0.123,13676,10865,14575,0.00772687,0,0,0.096,0.1994,0.3233,0.0531,0.01178,0.11048,0.12407,-0.00946,0.27942,0.79961
3782,2301.9,40932118,2530957,0.699,0.123,13195,10835,14516,0.00772362,0,0,0.1064,0.1753,0.3625,0.0542,0.01126,0.1109,0.12771,-0.00934,0.28607,0.77554
3783,2302.8,40943029,2531654,0.749,0.122,12530,10911,14620,0.00772036,0,0,0.1185,0.2117,0.336,0.0824,0.01171,0.10992,0.14428,-0.00812,0.31696,0.78673
3784,2303.6,40953927,2532363,0.676,0.123,13651,10898,14603,0.00771709,0,0,0.0886,0.1845,0.3558,0.0469,0.01162,0.11056,0.13873,-0.00674,0.303,0.78176
3785,2304.4,40964835,2533072,0.662,0.123,13899,10908,14614,0.00771382,0,0,0.0981,0.1943,0.3096,0.0596,0.01171,0.11092,0.13995,-0.00809,0.30779,0.75948
3786,2305.2,40975768,2533793,0.728,0.122,12867,10933,14635,0.00771055,0,0,0.0876,0.2181,0.3138,0.1084,0.01142,0.1099,0.14218,-0.01062,0.31737,0.76253
3787,2306.0,40986662,2534506,0.613,0.125,14763,10894,14613,0.00770727,0,0,0.0924,0.172,0.3015,0.0471,0.01272,0.11166,0.13796,-0.00862,0.3051,0.77492
3788,2306.8,40997565,2535203,0.677,0.125,13597,10903,14612,0.007704,0,0,0.0924,0.202,0.322,0.0603,0.01294,0.11185,0.14491,-0.00791,0.31775,0.78661
3789,2307.6,41008442,2535907,0.691,0.12,13404,10877,14570,0.00770073,0,0,0.0923,0.1961,0.3211,0.0815,0.01171,0.10817,0.14177,-0.00832,0.3123,0.78728
3790,2308.4,41019326,2536598,0.711,0.124,13028,10884,14606,0.00769747,0,0,0.091,0.2142,0.3513,0.0545,0.01245,0.11153,0.14012,-0.00839,0.30901,0.77916
3791,2309.2,41030244,2537294,0.675,0.122,13700,10918,14625,0.0076942,0,0,0.0928,0.211,0.3143,0.0571,0.01171,0.1095,0.13461,-0.00859,0.29831,0.77478
3792,2310.0,41041096,2537992,0.639,0.126,14190,10852,14550,0.00769093,0,0,0.0884,0.1781,0.2799,0.0926,0.01442,0.11088,0.1225,-0.00793,0.27302,0.7913
3793,2310.7,41051954,2538694,0.583,0.121,15431,10858,14579,0.00768767,0,0,0.0916,0.1662,0.2821,0.0429,0.0115,0.10887,0.12244,-0.0078,0.27286,0.80471
3794,2311.4,41062771,2539394,0.593,0.125,15069,10817,14520,0.00768441,0,0,0.0914,0.1705,0.2834,0.0477,0.01175,0.1126,0.12674,-0.00873,0.2835,0.81727
3795,2312.2,41073590,2540101,0.646,0.13,13947,10819,14532,0.00768117,0,0,0.1056,0.1744,0.287,0.0789,0.01696,0.11228,0.13076,-0.00807,0.28983,0.79295
3796,2312.9,41084398,2540802,0.594,0.123,15082,10808,14517,0.00767792,0,0,0.0916,0.1658,0.2842,0.0524,0.01186,0.11019,0.12591,-0.01067,0.28554,0.80589
3797,2313.6,41095216,2541503,0.575,0.123,15505,10818,14528,0.00767468,0,0,0.085,0.1723,0.2736,0.0438,0.01172,0.11064,0.13072,-0.00808,0.28949,0.7752
3798,2314.5,41106072,2542223,0.741,0.128,12496,10856,14545,0.00767144,0,0,0.0963,0.1918,0.3278,0.1251,0.01208,0.11507,0.13861,-0.00876,0.30671,0.77931
3799,2315.3,41116928,2542913,0.751,0.122,12436,10856,14556,0.00766818,0,0,0.0946,0.2272,0.3296,0.0992,0.01178,0.10995,0.14873,-0.00946,0.32793,0.75376
3800,2316.1,41127831,2543616,0.682,0.124,13537,10903,14581,0.00766492,0,0,0.0863,0.1827,0.2791,0.1337,0.01222,0.1107,0.14239,-0.00894,0.31415,0.74889
3801,2317.3,41138673,2544305,0.6,0.122,15035,10842,14541,0.00766165,0,0,0.0833,0.1691,0.266,0.0812,0.01205,0.10912,0.13725,-0.0102,0.30623,0.73943
3802,2318.1,41149571,2544990,0.6,0.129,14932,10898,14574,0.0076584,0,0,0.0872,0.1792,0.2677,0.0662,0.01393,0.11494,0.14073,-0.00739,0.30781,0.75576
3803,2318.8,41160449,2545690,0.582,0.126,15368,10878,14554,0.00765513,0,0,0.087,0.1641,0.2748,0.0557,0.01276,0.11308,0.1508,-0.00972,0.33222,0.72961
3804,2319.5,41171358,2546396,0.597,0.123,15150,10909,14612,0.00765187,0,0,0.0837,0.1558,0.2712,0.0863,0.01182,0.11088,0.1482,-0.01096,0.32954,0.73254
3805,2320.2,41182256,2547100,0.554,0.128,15985,10898,14585,0.00764859,0,0,0.0856,0.1587,0.2672,0.0425,0.01245,0.11477,0.14776,-0.01029,0.32714,0.72187
3806,2320.9,41193209,2547796,0.568,0.121,15896,10953,14645,0.00764532,0,0,0.085,0.1672,0.2654,0.0507,0.01155,0.10871,0.135,-0.0073,0.29581,0.73276
3807,2321.6,41204141,2548492,0.568,0.121,15881,10932,14628,0.00764204,0,0,0.0825,0.155,0.2625,0.0675,0.01155,0.1086,0.14576,-0.00975,0.32212,0.72632
3808,2322.2,41215080,2549197,0.538,0.122,16579,10939,14626,0.00763876,0,0,0.0844,0.1444,0.2571,0.0521,0.01175,0.10972,0.15641,-0.00891,0.34156,0.71489
3809,2322.9,41226074,2549888,0.506,0.121,17558,10994,14681,0.00763548,0,0,0.0754,0.14,0.2523,0.0379,0.01135,0.10886,0.15018,-0.00865,0.32862,0.71814
3810,2323.5,41237024,2550571,0.492,0.129,17634,10950,14631,0.00763218,0,0,0.0717,0.1303,0.2536,0.0367,0.01116,0.11713,0.1451,-0.0105,0.32247,0.738
3811,2324.2,41247927,2551273,0.563,0.125,15838,10903,14553,0.00762889,0,0,0.0792,0.1489,0.2659,0.0692,0.01228,0.1124,0.13731,-0.00843,0.30306,0.7595
3812,2324.9,41258864,2551966,0.572,0.122,15740,10937,14604,0.00762562,0,0,0.0808,0.1678,0.2806,0.0432,0.01231,0.10975,0.13604,-0.0095,0.30261,0.75561
3813,2325.6,41269691,2552655,0.562,0.121,15841,10827,14516,0.00762234,0,0,0.0899,0.1649,0.2697,0.0375,0.01158,0.10947,0.13421,-0.00988,0.30019,0.78839
3814,2326.3,41280594,2553360,0.625,0.123,14589,10903,14589,0.00761909,0,0,0.0864,0.1685,0.2756,0.0943,0.01264,0.1095,0.13126,-0.00852,0.29159,0.78961
3815,2327.0,41291569,2554053,0.575,0.122,15741,10975,14645,0.00761582,0,0,0.0875,0.167,0.2743,0.0459,0.01307,0.10893,0.13979,-0.00861,0.3087,0.78076
3816,2327.7,41302521,2554745,0.586,0.121,15495,10952,14626,0.00761253,0,0,0.0882,0.1597,0.2882,0.05,0.01084,0.10937,0.13884,-0.01029,0.31005,0.77331
3817,2328.5,41313450,2555439,0.632,0.121,14518,10929,14626,0.00760924,0,0,0.0977,0.1672,0.2885,0.0787,0.01181,0.10844,0.13626,-0.01107,0.30621,0.75896
3818,2329.2,41324389,2556130,0.592,0.12,15345,10939,14636,0.00760597,0,0,0.0865,0.1869,0.2743,0.0448,0.01226,0.10779,0.12625,-0.0111,0.28627,0.76096
3819,2329.9,41335304,2556813,0.562,0.121,15972,10915,14597,0.00760268,0,0,0.094,0.1658,0.2592,0.0434,0.01257,0.10782,0.12799,-0.01053,0.28846,0.7505
3820,2330.6,41346214,2557500,0.628,0.122,14532,10910,14576,0.00759941,0,0,0.0834,0.1754,0.2746,0.0949,0.01196,0.10997,0.14042,-0.01025,0.3126,0.73989
3821,2331.4,41357096,2558193,0.628,0.123,14489,10882,14553,0.00759614,0,0,0.0913,0.1861,0.2986,0.0517,0.01203,0.1108,0.15689,-0.0088,0.34246,0.72927
3822,2332.2,41368024,2558880,0.675,0.124,13679,10928,14584,0.00759287,0,0,0.1032,0.1979,0.2889,0.0848,0.01166,0.11197,0.15533,-0.0094,0.34045,0.72291
3823,2333.0,41378915,2559568,0.717,0.125,12940,10891,14573,0.00758959,0,0,0.098,0.1836,0.3386,0.0964,0.01307,0.11134,0.13091,-0.00981,0.29255,0.73184
3824,2333.9,41389832,2560239,0.73,0.122,12803,10917,14597,0.00758633,0,0,0.1012,0.1997,0.3142,0.1151,0.0118,0.11015,0.13912,-0.00837,0.30627,0.7441
3825,2334.6,41400717,2560931,0.624,0.123,14553,10885,14567,0.00758305,0,0,0.0892,0.1788,0.2915,0.065,0.01169,0.11118,0.14077,-0.00751,0.3078,0.74067
3826,2335.5,41411537,2561626,0.723,0.131,12671,10820,14501,0.00757978,0,0,0.0961,0.2137,0.3041,0.1092,0.01982,0.11042,0.13488,-0.0103,0.30136,0.72627
3827,2336.2,41422352,2562287,0.663,0.122,13781,10815,14479,0.00757654,0,0,0.0905,0.1859,0.3284,0.0579,0.01194,0.10967,0.13709,-0.00654,0.29834,0.73195
3828,2337.0,41433193,2562998,0.596,0.121,15133,10841,14503,0.00757329,0,0,0.0983,0.1716,0.2776,0.0482,0.01168,0.10855,0.13887,-0.00863,0.30604,0.72904
3829,2338.6,41444024,2563707,1.499,0.173,6477,10831,14523,0.00757004,0,0,0.0874,0.1784,1.1615,0.0722,0.01296,0.15931,0.12367,-0.00782,0.27398,0.72665
3830,2339.3,41454891,2564388,0.574,0.128,15486,10867,14532,0.00756679,0,0,0.0881,0.1667,0.2705,0.0482,0.01231,0.11528,0.13316,-0.00692,0.29126,0.734
3831,2340.0,41465724,2565062,0.572,0.123,15586,10833,14518,0.00756353,0,0,0.0882,0.1666,0.2705,0.0464,0.01221,0.11074,0.13115,-0.00848,0.29053,0.74482
3832,2340.8,41476573,2565753,0.653,0.124,13973,10849,14528,0.00756028,0,0,0.1036,0.1661,0.2875,0.0955,0.01173,0.11158,0.13422,-0.00827,0.29606,0.73372
3833,2341.5,41487406,2566449,0.552,0.124,16025,10833,14504,0.00755703,0,0,0.0918,0.1603,0.2614,0.0382,0.01203,0.11187,0.13689,-0.00815,0.30094,0.71882
3834,2342.2,41498276,2567157,0.577,0.124,15511,10870,14536,0.00755378,0,0,0.0864,0.1709,0.2695,0.0501,0.01166,0.11165,0.13238,-0.00833,0.29242,0.72911
3835,2342.9,41509120,2567818,0.583,0.122,15377,10844,14519,0.00755052,0,0,0.0795,0.1612,0.2622,0.0799,0.01232,0.10967,0.13873,-0.00869,0.30572,0.72172
3836,2343.6,41519935,2568518,0.576,0.123,15494,10815,14501,0.00754726,0,0,0.0877,0.158,0.2727,0.0571,0.01229,0.10987,0.14321,-0.00787,0.3133,0.73806
3837,2344.3,41530792,2569188,0.556,0.122,16010,10857,14540,0.00754402,0,0,0.0878,0.1559,0.2553,0.0573,0.01258,0.10862,0.13939,-0.00872,0.307,0.71454
3838,2345.0,41541647,2569870,0.61,0.125,14771,10855,14521,0.00754076,0,0,0.0819,0.1507,0.2896,0.0874,0.01438,0.11039,0.14583,-0.0097,0.32188,0.71714
3839,2345.7,41552459,2570556,0.608,0.125,14750,10812,14502,0.00753751,0,0,0.0838,0.1682,0.2751,0.0805,0.01234,0.11258,0.14673,-0.01009,0.32433,0.7095
3840,2346.4,41563377,2571237,0.572,0.12,15771,10918,14599,0.00753426,0,0,0.0923,0.1694,0.2646,0.0458,0.01182,0.10802,0.13997,-0.00838,0.30745,0.71321
3841,2347.2,41574219,2571886,0.625,0.125,14453,10842,14531,0.00753099,0,0,0.0832,0.1663,0.2749,0.1002,0.0127,0.11241,0.13579,-0.00801,0.29857,0.72867
3842,2347.8,41585023,2572558,0.532,0.12,16578,10804,14494,0.00752773,0,0,0.0798,0.1491,0.2562,0.0465,0.01166,0.108,0.13588,-0.00863,0.30007,0.73424
3843,2348.5,41595795,2573224,0.537,0.122,16360,10772,14468,0.00752449,0,0,0.08,0.1528,0.2605,0.0437,0.01234,0.10879,0.14051,-0.00934,0.31054,0.72012
3844,2349.2,41606594,2573920,0.539,0.121,16373,10799,14483,0.00752126,0,0,0.0809,0.1469,0.2569,0.0539,0.01151,0.109,0.13474,-0.00759,0.29556,0.72454
3845,2349.8,41617343,2574601,0.556,0.121,15890,10749,14435,0.00751802,0,0,0.079,0.1513,0.2502,0.0752,0.01185,0.1085,0.12685,-0.00744,0.27953,0.72904
3846,2350.5,41628145,2575279,0.516,0.12,16988,10802,14509,0.0075148,0,0,0.0815,0.1462,0.2495,0.0387,0.01164,0.10794,0.12832,-0.00588,0.27932,0.72618
3847,2351.1,41638923,2575958,0.518,0.122,16833,10778,14481,0.00751156,0,0,0.0791,0.15,0.2449,0.0443,0.01152,0.11001,0.12434,-0.0079,0.27524,0.71664
3848,2351.7,41649716,2576639,0.514,0.119,17050,10793,14465,0.00750832,0,0,0.0839,0.1436,0.2462,0.0402,0.01158,0.10706,0.12329,-0.00878,0.2752,0.73638
3849,2352.5,41660528,2577319,0.592,0.122,15140,10812,14502,0.00750509,0,0,0.0853,0.154,0.2668,0.0856,0.012,0.11,0.12885,-0.00891,0.28653,0.73343
3850,2353.1,41671332,2577991,0.541,0.122,16310,10804,14486,0.00750184,0,0,0.0844,0.1546,0.2624,0.0392,0.01164,0.10977,0.1197,-0.00671,0.26357,0.71624
3851,2353.8,41682180,2578636,0.545,0.121,16295,10848,14535,0.0074986,0,0,0.0838,0.162,0.2587,0.0402,0.01205,0.10864,0.1348,-0.00709,0.29462,0.72309
3852,2354.5,41693017,2579324,0.533,0.121,16559,10837,14508,0.00749535,0,0,0.0809,0.1538,0.2538,0.0444,0.01165,0.10936,0.11938,-0.00653,0.26285,0.73508
3853,2355.2,41703886,2579980,0.578,0.126,15455,10869,14567,0.00749209,0,0,0.0798,0.1667,0.2643,0.0668,0.01224,0.11305,0.12648,-0.00499,0.27378,0.72336
3854,2355.9,41714791,2580638,0.599,0.124,15084,10905,14607,0.00748883,0,0,0.0842,0.1776,0.2996,0.0379,0.01131,0.11187,0.12124,-0.0069,0.26695,0.71303
3855,2356.7,41725634,2581315,0.644,0.126,14081,10843,14522,0.00748556,0,0,0.0875,0.1655,0.298,0.0931,0.01184,0.11379,0.11534,-0.00865,0.2588,0.72261
3856,2357.3,41736421,2582003,0.548,0.123,16083,10787,14481,0.00748231,0,0,0.0869,0.1535,0.2517,0.0557,0.01252,0.10989,0.12335,-0.00886,0.27511,0.71494
3857,2358.1,41747210,2582679,0.591,0.123,15118,10789,14478,0.00747907,0,0,0.0881,0.1628,0.2895,0.0504,0.01125,0.11107,0.12569,-0.006,0.2742,0.72268
3858,2358.7,41758034,2583361,0.542,0.122,16307,10824,14496,0.00747584,0,0,0.084,0.1502,0.2586,0.0489,0.01117,0.11023,0.13114,-0.00906,0.29132,0.72924
3859,2359.4,41768841,2584046,0.518,0.122,16876,10807,14511,0.00747259,0,0,0.08,0.1487,0.2478,0.0418,0.01153,0.11011,0.10993,-0.00748,0.24577,0.73242
3860,2360.0,41779664,2584722,0.535,0.122,16485,10823,14507,0.00746935,0,0,0.0804,0.147,0.2598,0.0475,0.01158,0.10982,0.12489,-0.00844,0.27753,0.72866
3861,2360.8,41790491,2585396,0.683,0.123,13424,10827,14514,0.0074661,0,0,0.09,0.185,0.3085,0.1,0.01161,0.11109,0.12175,-0.00611,0.26655,0.72569
3862,2361.5,41801267,2586072,0.586,0.123,15209,10776,14463,0.00746285,0,0,0.0885,0.1774,0.2779,0.0422,0.01306,0.10906,0.1232,-0.00792,0.27287,0.71219
3863,2362.3,41812076,2586747,0.612,0.121,14754,10809,14496,0.00745962,0,0,0.0901,0.1925,0.285,0.0443,0.01173,0.10847,0.11849,-0.00666,0.26095,0.71241
3864,2363.0,41822857,2587433,0.573,0.122,15523,10781,14465,0.00745638,0,0,0.081,0.1453,0.2738,0.0726,0.01117,0.1103,0.10867,-0.00803,0.24413,0.71921
3865,2363.6,41833677,2588091,0.506,0.121,17237,10820,14501,0.00745314,0,0,0.0733,0.1349,0.2453,0.0529,0.01117,0.10989,0.13242,-0.00674,0.28913,0.72505
3866,2364.3,41844541,2588756,0.536,0.126,16415,10864,14557,0.0074499,0,0,0.0859,0.1513,0.2508,0.048,0.01374,0.11167,0.11825,-0.00712,0.262,0.75617
3867,2365.1,41855363,2589395,0.733,0.124,12628,10822,14506,0.00744664,0,0,0.0922,0.2025,0.3453,0.0927,0.01305,0.11071,0.1314,-0.00723,0.28818,0.73286
3868,2365.9,41866199,2590039,0.705,0.123,13094,10836,14535,0.00744339,0,0,0.0955,0.2057,0.295,0.1085,0.01196,0.11028,0.11043,-0.0086,0.24931,0.75508
3869,2366.9,41877017,2590713,0.801,0.126,11676,10818,14502,0.00744014,0,0,0.0999,0.2349,0.2935,0.1724,0.01361,0.11167,0.12751,-0.00848,0.28278,0.7269
3870,2367.6,41887841,2591378,0.661,0.124,13788,10824,14520,0.00743689,0,0,0.0931,0.1959,0.2755,0.096,0.01326,0.11069,0.12339,-0.0081,0.27401,0.74153
3871,2368.4,41898658,2592045,0.606,0.124,14820,10817,14526,0.00743365,0,0,0.086,0.1763,0.2848,0.0588,0.01283,0.11067,0.11358,-0.00825,0.25498,0.76129
3872,2369.1,41909514,2592707,0.618,0.125,14611,10856,14558,0.0074304,0,0,0.0932,0.1699,0.2984,0.056,0.01509,0.10988,0.1238,-0.00911,0.27689,0.746
3873,2370.0,41920335,2593370,0.747,0.123,12443,10821,14521,0.00742715,0,0,0.0931,0.2173,0.3255,0.1108,0.01312,0.10944,0.13092,-0.00835,0.28932,0.72524
3874,2370.8,41931184,2594032,0.705,0.123,13103,10849,14533,0.0074239,0,0,0.1029,0.1967,0.3184,0.0873,0.01262,0.10973,0.12373,-0.00923,0.27719,0.75836
3875,2371.7,41941985,2594699,0.791,0.123,11816,10801,14496,0.00742064,0,0,0.0861,0.2053,0.3768,0.1227,0.01164,0.11095,0.12038,-0.00758,0.26704,0.74884
3876,2372.6,41952777,2595342,0.731,0.126,12603,10792,14480,0.0074174,0,0,0.0963,0.2009,0.3277,0.1058,0.01293,0.11221,0.12273,-0.00808,0.27258,0.73892
3877,2373.4,41963561,2596025,0.653,0.124,13889,10784,14478,0.00741417,0,0,0.0949,0.1932,0.2985,0.0661,0.01243,0.11088,0.11664,-0.00934,0.26307,0.74957
3878,2374.2,41974364,2596685,0.688,0.124,13303,10803,14489,0.00741093,0,0,0.101,0.1818,0.3302,0.0754,0.01239,0.11079,0.12393,-0.00591,0.27093,0.75967
3879,2375.1,41985203,2597342,0.747,0.123,12448,10839,14550,0.00740769,0,0,0.0916,0.2031,0.3207,0.1321,0.01152,0.1111,0.11141,-0.01186,0.25774,0.75655
3880,2375.9,41996007,2598010,0.713,0.126,12874,10804,14492,0.00740444,0,0,0.1023,0.2292,0.3081,0.0735,0.01383,0.1118,0.12169,-0.0086,0.27167,0.74892
3881,2376.8,42006834,2598676,0.741,0.124,12512,10827,14507,0.0074012,0,0,0.1136,0.2335,0.3077,0.0863,0.01228,0.11143,0.11354,-0.00676,0.25201,0.77074
3882,2377.7,42017631,2599338,0.788,0.123,11849,10797,14492,0.00739795,0,0,0.0977,0.2297,0.3313,0.1293,0.0118,0.11093,0.12995,-0.00719,0.28528,0.74325
3883,2378.5,42028418,2600006,0.686,0.123,13327,10787,14489,0.00739471,0,0,0.0904,0.2041,0.3193,0.0724,0.0122,0.11057,0.10964,-0.00762,0.24553,0.74481
3884,2379.2,42039173,2600674,0.636,0.123,14168,10755,14463,0.00739147,0,0,0.0867,0.1753,0.3168,0.0575,0.01148,0.11093,0.1125,-0.00766,0.2512,0.73527
3885,2380.0,42050014,2601337,0.668,0.122,13718,10841,14541,0.00738825,0,0,0.0915,0.1829,0.2995,0.0945,0.01126,0.11011,0.10711,-0.0066,0.23853,0.75095
3886,2380.8,42060829,2602021,0.663,0.122,13771,10815,14483,0.007385,0,0,0.0956,0.2059,0.3006,0.0609,0.01202,0.11002,0.13188,-0.00901,0.29278,0.7442
3887,2381.6,42071586,2602667,0.627,0.122,14363,10757,14449,0.00738175,0,0,0.0899,0.18,0.2997,0.0571,0.01193,0.10968,0.11568,-0.00961,0.26147,0.73781
3888,2382.3,42082377,2603345,0.657,0.124,13815,10791,14462,0.00737852,0,0,0.095,0.1635,0.2858,0.1125,0.01441,0.10931,0.12057,-0.00776,0.26781,0.75526
3889,2383.1,42093148,2604019,0.601,0.123,14879,10771,14488,0.00737529,0,0,0.0874,0.1691,0.2902,0.0544,0.01227,0.11,0.12797,-0.00913,0.28531,0.75297
3890,2383.8,42103961,2604665,0.602,0.126,14847,10813,14538,0.00737206,0,0,0.0934,0.1704,0.2855,0.0529,0.01174,0.1139,0.1126,-0.0072,0.25069,0.75126
3891,2384.7,42114757,2605331,0.765,0.125,12129,10796,14496,0.00736881,0,0,0.1033,0.2326,0.3078,0.1214,0.01218,0.11229,0.11554,-0.00744,0.25663,0.72345
3892,2385.4,42125562,2605985,0.642,0.121,14163,10805,14512,0.00736557,0,0,0.0891,0.1753,0.2731,0.1047,0.01208,0.10826,0.10735,-0.00676,0.23951,0.76528
3893,2386.4,42136381,2606663,0.781,0.124,11958,10819,14509,0.00736233,0,0,0.0877,0.1992,0.3441,0.1501,0.01228,0.11042,0.10411,-0.0078,0.23498,0.75819
3894,2387.2,42147270,2607302,0.684,0.122,13508,10889,14598,0.00735909,0,0,0.1056,0.1793,0.2932,0.1059,0.01196,0.1097,0.11259,-0.00812,0.25274,0.76902
3895,2388.0,42158095,2607947,0.696,0.118,13292,10825,14486,0.00735582,0,0,0.093,0.2038,0.3479,0.0516,0.0138,0.1038,0.11258,-0.00813,0.25241,0.74648
3896,2388.7,42168887,2608591,0.591,0.119,15188,10792,14468,0.00735257,0,0,0.0917,0.1708,0.2782,0.0505,0.01191,0.10698,0.11431,-0.00988,0.25941,0.74888
3897,2389.5,42179699,2609256,0.665,0.119,13802,10812,14504,0.00734933,0,0,0.084,0.1822,0.3059,0.0926,0.01118,0.10708,0.11728,-0.00788,0.26157,0.76499
3898,2390.2,42190562,2609919,0.613,0.12,14824,10863,14553,0.00734609,0,0,0.0862,0.1841,0.2938,0.0487,0.01207,0.10739,0.1206,-0.00877,0.2701,0.77327
3899,2390.9,42201378,2610583,0.559,0.116,16028,10816,14507,0.00734283,0,0,0.0835,0.1624,0.2689,0.0439,0.01189,0.10374,0.11076,-0.00588,0.24451,0.76489
3900,2391.6,42212196,2611237,0.563,0.12,15841,10818,14512,0.00733959,0,0,0.0787,0.1506,0.2522,0.0817,0.01161,0.10738,0.12273,-0.00777,0.27228,0.76907
3901,2392.3,42222971,2611925,0.574,0.12,15537,10775,14480,0.00733634,0,0,0.0863,0.1588,0.2751,0.0537,0.01203,0.10696,0.12277,-0.0085,0.27371,0.76113
3902,2393.0,42233839,2612574,0.557,0.119,16083,10868,14551,0.00733311,0,0,0.0852,0.1563,0.2728,0.0428,0.01194,0.10649,0.13107,-0.00783,0.2891,0.76925
3903,2393.7,42244651,2613252,0.631,0.119,14420,10812,14499,0.00732985,0,0,0.0837,0.1705,0.2799,0.0971,0.01217,0.10582,0.12639,-0.00872,0.28148,0.76852
3904,2394.4,42255489,2613906,0.539,0.119,16453,10838,14538,0.0073266,0,0,0.0793,0.1508,0.2623,0.0469,0.01178,0.10713,0.13484,-0.00629,0.29357,0.77204
3905,2395.0,42266310,2614563,0.525,0.119,16798,10821,14510,0.00732335,0,0,0.0794,0.1537,0.2501,0.0414,0.01143,0.10761,0.11296,-0.00896,0.25535,0.78711
3906,2395.7,42277193,2615223,0.516,0.121,17078,10883,14575,0.00732011,0,0,0.0774,0.1459,0.2558,0.0368,0.01254,0.10831,0.12209,-0.00801,0.27165,0.78153
3907,2396.4,42287988,2615875,0.606,0.123,14802,10795,14483,0.00731684,0,0,0.0854,0.1691,0.2655,0.086,0.0117,0.11112,0.1191,-0.00826,0.26592,0.76468
3908,2397.1,42298873,2616523,0.563,0.125,15833,10885,14567,0.0073136,0,0,0.0869,0.1581,0.2678,0.0497,0.01222,0.11225,0.13096,-0.00811,0.28952,0.77782
3909,2397.8,42309703,2617195,0.592,0.121,15179,10830,14503,0.00731034,0,0,0.0861,0.1591,0.2741,0.0732,0.01079,0.10978,0.12106,-0.0079,0.26908,0.76263
3910,2398.5,42320500,2617858,0.58,0.123,15353,10797,14485,0.00730709,0,0,0.0807,0.1601,0.2651,0.0743,0.01175,0.11088,0.11411,-0.00721,0.25355,0.74635
3911,2399.2,42331316,2618534,0.577,0.123,15442,10816,14477,0.00730385,0,0,0.0818,0.1731,0.2735,0.049,0.01364,0.10898,0.12465,-0.00716,0.27481,0.7663
3912,2399.9,42342144,2619213,0.551,0.125,16029,10828,14529,0.00730061,0,0,0.091,0.1498,0.2658,0.044,0.01204,0.11254,0.12647,-0.00429,0.27271,0.76616
3913,2400.6,42352953,2619885,0.616,0.121,14662,10809,14510,0.00729736,0,0,0.0819,0.1649,0.2782,0.0911,0.01214,0.1085,0.12359,-0.00874,0.27602,0.77845
3914,2401.3,42363791,2620557,0.556,0.121,16015,10838,14527,0.00729411,0,0,0.0895,0.1538,0.2627,0.0501,0.01251,0.10755,0.10987,-0.00793,0.24706,0.78578
3915,2402.0,42374605,2621229,0.594,0.122,15103,10814,14483,0.00729086,0,0,0.0808,0.1733,0.261,0.0787,0.01207,0.10954,0.12494,-0.00703,0.27514,0.76907
3916,2402.8,42385444,2621898,0.62,0.123,14589,10839,14503,0.00728762,0,0,0.0852,0.1492,0.2677,0.1175,0.01157,0.11099,0.11514,-0.00642,0.25435,0.76991
3917,2403.5,42396206,2622572,0.572,0.121,15531,10762,14460,0.00728437,0,0,0.0836,0.1696,0.2601,0.0587,0.01186,0.10861,0.12913,-0.00733,0.28411,0.76746
3918,2404.2,42406999,2623223,0.539,0.124,16275,10793,14494,0.00728114,0,0,0.081,0.1572,0.2579,0.0432,0.01277,0.11059,0.12608,-0.00713,0.27794,0.79093
3919,2404.8,42417848,2623907,0.544,0.127,16184,10849,14514,0.0072779,0,0,0.0805,0.1473,0.2578,0.058,0.01317,0.11291,0.13682,-0.00909,0.30306,0.77194
3920,2405.5,42428731,2624576,0.579,0.122,15537,10883,14547,0.00727465,0,0,0.0929,0.1663,0.2733,0.0463,0.01169,0.10956,0.13308,-0.00795,0.29325,0.76894
3921,2406.2,42439531,2625232,0.568,0.122,15671,10800,14482,0.00727138,0,0,0.0873,0.1615,0.2663,0.0526,0.012,0.10906,0.12545,-0.00722,0.2768,0.78897
3922,2407.0,42450387,2625894,0.623,0.122,14581,10856,14558,0.00726814,0,0,0.0843,0.1612,0.269,0.1084,0.01202,0.10928,0.12132,-0.00779,0.26977,0.7949
3923,2407.7,42461231,2626570,0.564,0.126,15709,10844,14563,0.00726488,0,0,0.0844,0.1602,0.2668,0.0529,0.01286,0.11263,0.13182,-0.00692,0.28859,0.76528
3924,2408.4,42472052,2627226,0.572,0.122,15598,10821,14542,0.00726163,0,0,0.0812,0.1586,0.2803,0.0519,0.01244,0.10889,0.12438,-0.00743,0.27513,0.79301
3925,2409.1,42482885,2627902,0.64,0.127,14131,10833,14521,0.00725838,0,0,0.0915,0.1578,0.2936,0.0968,0.01375,0.11287,0.13193,-0.00769,0.29056,0.78012
3926,2409.8,42493710,2628573,0.558,0.123,15907,10825,14523,0.00725513,0,0,0.0828,0.163,0.2697,0.0425,0.01337,0.10868,0.12149,-0.00641,0.26727,0.7915
3927,2410.5,42504563,2629229,0.557,0.123,15957,10853,14524,0.00725189,0,0,0.0839,0.1623,0.2656,0.0458,0.01325,0.10894,0.12145,-0.00812,0.27054,0.78535
3928,2411.2,42515421,2629887,0.614,0.123,14740,10858,14578,0.00724863,0,0,0.0824,0.174,0.2676,0.0902,0.01193,0.11002,0.11408,-0.00662,0.25291,0.79399
3929,2412.0,42526241,2630573,0.607,0.123,14827,10820,14507,0.00724537,0,0,0.0842,0.1683,0.2984,0.056,0.01225,0.11008,0.11902,-0.0081,0.26578,0.79628
3930,2412.7,42537079,2631243,0.593,0.124,15117,10838,14541,0.00724213,0,0,0.0823,0.1642,0.2946,0.0523,0.01422,0.10897,0.1192,-0.00853,0.26675,0.7805
3931,2413.4,42547873,2631904,0.632,0.123,14303,10794,14503,0.00723888,0,0,0.0876,0.1626,0.2862,0.0955,0.01228,0.10984,0.11226,-0.00775,0.25126,0.77682
3932,2414.1,42558708,2632576,0.564,0.123,15763,10835,14516,0.00723564,0,0,0.0811,0.1562,0.2816,0.0453,0.01228,0.11043,0.11772,-0.00706,0.26067,0.76887
3933,2414.8,42569531,2633235,0.544,0.123,16224,10823,14517,0.00723239,0,0,0.0798,0.152,0.2667,0.0457,0.01239,0.10998,0.12352,-0.00824,0.2744,0.75119
3934,2415.6,42580336,2633913,0.662,0.132,13616,10805,14475,0.00722914,0,0,0.0898,0.187,0.2928,0.092,0.02114,0.11034,0.11788,-0.00853,0.26388,0.76602
3935,2416.4,42591176,2634564,0.721,0.129,12750,10840,14512,0.0072259,0,0,0.0978,0.1971,0.3206,0.1057,0.01835,0.11019,0.1412,-0.00755,0.30861,0.76776
3936,2417.3,42601982,2635231,0.713,0.126,12874,10806,14495,0.00722265,0,0,0.0988,0.2055,0.3567,0.052,0.01599,0.10994,0.12485,-0.00855,0.27783,0.76387
3937,2417.9,42612843,2635879,0.55,0.124,16115,10861,14549,0.00721941,0,0,0.0751,0.1474,0.254,0.0735,0.01269,0.11086,0.13315,-0.00831,0.29445,0.79911
3938,2418.6,42623670,2636532,0.494,0.123,17559,10827,14514,0.00721615,0,0,0.073,0.1308,0.2502,0.0397,0.01232,0.11008,0.12647,-0.00834,0.28085,0.77856
3939,2419.2,42634488,2637185,0.493,0.12,17660,10818,14518,0.0072129,0,0,0.072,0.1287,0.2501,0.0421,0.01145,0.10786,0.13452,-0.00702,0.29423,0.77315
3940,2419.8,42645330,2637864,0.497,0.121,17537,10842,14511,0.00720965,0,0,0.0709,0.1347,0.2513,0.0403,0.01156,0.10869,0.13665,-0.00678,0.29751,0.73868
3941,2420.5,42656112,2638531,0.545,0.12,16207,10782,14470,0.0072064,0,0,0.0792,0.1499,0.2511,0.0649,0.0123,0.10732,0.13566,-0.00856,0.2993,0.75411
3942,2421.1,42666970,2639208,0.498,0.12,17558,10858,14572,0.00720317,0,0,0.0748,0.1369,0.25,0.0362,0.01165,0.1083,0.13635,-0.00782,0.29917,0.75208
3943,2421.8,42677809,2639853,0.584,0.121,15371,10839,14529,0.00719991,0,0,0.0844,0.1906,0.2699,0.0395,0.01233,0.10767,0.13654,-0.00847,0.30099,0.76178
3944,2422.4,42688638,2640509,0.449,0.12,19033,10829,14505,0.00719666,0,0,0.0662,0.1078,0.2413,0.034,0.01146,0.10781,0.13756,-0.00652,0.29915,0.76397
3945,2423.0,42699460,2641188,0.48,0.119,18069,10822,14495,0.00719341,0,0,0.0659,0.1106,0.2402,0.0633,0.01093,0.10756,0.12762,-0.00778,0.28165,0.75461
3946,2423.5,42710316,2641849,0.462,0.12,18637,10856,14546,0.00719016,0,0,0.0659,0.1143,0.2342,0.048,0.01172,0.10808,0.12721,-0.00739,0.28013,0.76015
3947,2424.1,42721148,2642514,0.466,0.122,18417,10832,14532,0.00718691,0,0,0.0683,0.1241,0.2361,0.0379,0.0117,0.10957,0.1337,-0.00818,0.2944,0.73991
3948,2424.7,42731976,2643165,0.483,0.12,17944,10828,14521,0.00718366,0,0,0.0703,0.1251,0.2449,0.0428,0.01185,0.10789,0.11732,-0.00766,0.26104,0.77109
3949,2425.4,42742853,2643835,0.587,0.12,15384,10877,14561,0.00718041,0,0,0.0791,0.1501,0.2594,0.0986,0.01174,0.10775,0.12576,-0.00921,0.28097,0.76709
3950,2426.0,42753715,2644517,0.487,0.12,17877,10862,14581,0.00717714,0,0,0.0723,0.1396,0.2413,0.034,0.01155,0.10858,0.1217,-0.00945,0.27351,0.78016
3951,2426.6,42764578,2645193,0.45,0.12,19064,10863,14576,0.00717389,0,0,0.0644,0.1088,0.2347,0.0421,0.01112,0.10796,0.11842,-0.01038,0.26885,0.78379
3952,2427.2,42775457,2645850,0.438,0.119,19518,10879,14583,0.00717063,0,0,0.0657,0.1042,0.2356,0.0325,0.0116,0.1074,0.12569,-0.00848,0.27957,0.78342
3953,2427.8,42786327,2646521,0.467,0.121,18509,10870,14546,0.00716736,0,0,0.063,0.1064,0.2243,0.0729,0.01153,0.10882,0.11439,-0.00788,0.25532,0.75135
3954,2428.3,42797229,2647188,0.442,0.121,19376,10902,14614,0.0071641,0,0,0.0633,0.1111,0.2304,0.037,0.01135,0.10913,0.12765,-0.00972,0.28596,0.78243
3955,2428.9,42808090,2647843,0.438,0.121,19413,10861,14568,0.00716083,0,0,0.0633,0.1085,0.2292,0.0372,0.0108,0.11008,0.12044,-0.00958,0.27087,0.75686
3956,2429.5,42818989,2648515,0.457,0.123,18783,10899,14619,0.00715757,0,0,0.0672,0.1115,0.2355,0.0426,0.01329,0.10978,0.12993,-0.00727,0.28549,0.77566
3957,2430.1,42829883,2649201,0.494,0.122,17691,10894,14597,0.0071543,0,0,0.068,0.1248,0.2405,0.0604,0.01144,0.11044,0.11892,-0.01104,0.27107,0.77896
3958,2430.7,42840813,2649860,0.442,0.123,19367,10930,14633,0.00715104,0,0,0.0667,0.1048,0.2262,0.0439,0.01188,0.11053,0.12319,-0.00763,0.27288,0.7855
3959,2431.2,42851729,2650560,0.451,0.123,19019,10916,14648,0.00714776,0,0,0.0664,0.1167,0.2318,0.0364,0.01193,0.11044,0.11784,-0.00917,0.26524,0.78393
3960,2431.8,42862685,2651225,0.44,0.122,19498,10956,14671,0.00714448,0,0,0.0646,0.1096,0.2332,0.0326,0.01125,0.11019,0.12492,-0.00837,0.27772,0.78021
3961,2432.4,42873678,2651877,0.489,0.123,17966,10993,14700,0.00714119,0,0,0.0644,0.111,0.2367,0.0766,0.01317,0.10975,0.12224,-0.00687,0.26952,0.79238
3962,2433.0,42884666,2652517,0.466,0.121,18703,10988,14715,0.0071379,0,0,0.0679,0.1204,0.2456,0.0323,0.0117,0.10913,0.12874,-0.00946,0.28756,0.78215
3963,2433.6,42895651,2653179,0.464,0.121,18776,10985,14670,0.0071346,0,0,0.0691,0.1152,0.2376,0.0423,0.01108,0.10938,0.11592,-0.00905,0.26101,0.77556
3964,2434.2,42906611,2653862,0.441,0.121,19492,10960,14687,0.0071313,0,0,0.0636,0.1115,0.2331,0.0332,0.01142,0.10909,0.12518,-0.00784,0.27731,0.79
3965,2434.8,42917577,2654551,0.476,0.121,18384,10966,14669,0.00712802,0,0,0.0637,0.1068,0.2399,0.0655,0.01148,0.10877,0.12117,-0.00726,0.26803,0.7841
3966,2435.3,42928480,2655219,0.441,0.122,19348,10903,14621,0.00712473,0,0,0.0654,0.1058,0.2296,0.0403,0.01214,0.10997,0.11556,-0.00775,0.25753,0.76614
3967,2435.9,42939448,2655902,0.434,0.121,19740,10968,14644,0.00712146,0,0,0.064,0.106,0.2323,0.0319,0.01191,0.10925,0.11427,-0.00885,0.25732,0.7773
3968,2436.4,42950461,2656573,0.454,0.121,19180,11013,14708,0.00711817,0,0,0.0641,0.1193,0.2312,0.0391,0.01145,0.10862,0.12658,-0.00937,0.28326,0.7974
3969,2437.0,42961417,2657217,0.453,0.123,19044,10956,14667,0.00711486,0,0,0.0657,0.1169,0.2363,0.0338,0.01261,0.10964,0.12613,-0.00805,0.27909,0.75443
3970,2437.6,42972329,2657868,0.464,0.123,18581,10912,14608,0.00711157,0,0,0.0673,0.1203,0.2338,0.0424,0.01155,0.11126,0.12159,-0.00749,0.26882,0.74942
3971,2438.2,42983238,2658538,0.473,0.122,18330,10909,14610,0.0071083,0,0,0.0681,0.1224,0.246,0.037,0.01211,0.10925,0.1236,-0.00811,0.27399,0.74263
3972,2438.8,42994177,2659196,0.494,0.121,17789,10939,14660,0.00710503,0,0,0.0677,0.1224,0.2445,0.059,0.01113,0.10982,0.123,-0.01026,0.2772,0.75202
3973,2439.4,43005104,2659884,0.443,0.123,19290,10927,14653,0.00710175,0,0,0.0657,0.1124,0.226,0.0393,0.01196,0.11058,0.12283,-0.01063,0.27761,0.75409
3974,2440.0,43016001,2660539,0.48,0.123,18064,10897,14612,0.00709847,0,0,0.0674,0.1274,0.2462,0.0389,0.01258,0.11041,0.1199,-0.00895,0.26831,0.74738
3975,2440.6,43026945,2661210,0.455,0.121,18993,10944,14627,0.0070952,0,0,0.0675,0.1167,0.2401,0.0308,0.01162,0.10914,0.13163,-0.00858,0.29086,0.73556
3976,2441.1,43037907,2661861,0.46,0.121,18857,10962,14674,0.00709192,0,0,0.0639,0.1056,0.2284,0.0619,0.01157,0.10957,0.12208,-0.00875,0.2723,0.75048
3977,2441.7,43048812,2662544,0.481,0.123,18064,10905,14629,0.00708863,0,0,0.071,0.1271,0.2467,0.0362,0.0129,0.10948,0.11993,-0.00985,0.26999,0.73676
3978,2442.3,43059767,2663198,0.463,0.123,18697,10955,14687,0.00708536,0,0,0.0671,0.1165,0.2408,0.0385,0.01341,0.10925,0.13678,-0.00613,0.29644,0.7493
3979,2442.9,43070647,2663849,0.447,0.124,19061,10880,14577,0.00708207,0,0,0.0636,0.113,0.2281,0.0425,0.01199,0.11128,0.12799,-0.00669,0.27987,0.74202
3980,2443.5,43081582,2664538,0.519,0.12,17109,10935,14655,0.00707881,0,0,0.0712,0.1215,0.2501,0.0764,0.01057,0.10898,0.12134,-0.00877,0.27026,0.70948
3981,2444.1,43092483,2665195,0.427,0.121,19889,10901,14608,0.00707553,0,0,0.0629,0.1102,0.225,0.0287,0.01158,0.10935,0.12723,-0.00704,0.27853,0.70543
3982,2444.6,43103383,2665848,0.406,0.121,20663,10900,14598,0.00707226,0,0,0.0596,0.0988,0.2197,0.0284,0.01076,0.10996,0.13398,-0.00895,0.29593,0.71172
3983,2445.1,43114265,2666507,0.389,0.121,21343,10882,14596,0.00706899,0,0,0.0576,0.0913,0.2105,0.0295,0.01061,0.11006,0.13551,-0.00817,0.29727,0.70192
3984,2445.7,43125154,2667187,0.43,0.12,19821,10889,14613,0.00706572,0,0,0.0583,0.0964,0.2104,0.0647,0.01024,0.10899,0.12841,-0.00808,0.28308,0.71517
3985,2446.2,43136069,2667830,0.397,0.121,21082,10915,14637,0.00706245,0,0,0.0584,0.0967,0.209,0.0329,0.01135,0.1092,0.12057,-0.00719,0.26553,0.70932
3986,2446.8,43146928,2668498,0.431,0.124,19571,10859,14542,0.00705918,0,0,0.0642,0.1058,0.2234,0.0376,0.01243,0.111,0.12126,-0.00848,0.2694,0.70218
3987,2447.3,43157840,2669153,0.465,0.12,18662,10912,14623,0.00705592,0,0,0.0649,0.1175,0.2408,0.0413,0.01274,0.10662,0.11787,-0.00814,0.26221,0.72104
3988,2447.9,43168720,2669833,0.425,0.119,20008,10880,14588,0.00705265,0,0,0.0569,0.0928,0.2145,0.0608,0.01057,0.10793,0.12115,-0.00726,0.26692,0.71589
3989,2448.4,43179599,2670488,0.359,0.117,22845,10879,14570,0.00704938,0,0,0.0522,0.0848,0.1945,0.0277,0.01146,0.10533,0.12737,-0.00718,0.27919,0.7148
3990,2448.8,43190433,2671155,0.35,0.122,22937,10834,14542,0.00704612,0,0,0.0486,0.0811,0.1956,0.0249,0.01064,0.11117,0.12613,-0.00864,0.27965,0.71741
3991,2449.3,43201244,2671831,0.362,0.118,22503,10811,14518,0.00704287,0,0,0.0525,0.0851,0.1963,0.028,0.0105,0.10763,0.12979,-0.00828,0.28582,0.68686
3992,2449.8,43212103,2672482,0.367,0.119,22348,10859,14552,0.00703963,0,0,0.0542,0.0881,0.2,0.0249,0.01049,0.10804,0.12462,-0.00806,0.27489,0.67806
3993,2450.3,43222933,2673154,0.377,0.12,21801,10830,14541,0.00703637,0,0,0.0482,0.0813,0.1921,0.0554,0.01093,0.10856,0.1191,-0.00738,0.26261,0.68579
3994,2450.8,43233699,2673807,0.364,0.119,22325,10766,14466,0.00703312,0,0,0.0501,0.0834,0.1944,0.0358,0.01076,0.10751,0.13181,-0.00732,0.28803,0.69542
3995,2451.2,43244561,2674461,0.352,0.119,23104,10862,14559,0.00702989,0,0,0.0491,0.0815,0.1922,0.0288,0.01086,0.10744,0.11975,-0.00992,0.26935,0.71259
3996,2451.7,43255384,2675131,0.36,0.119,22621,10823,14565,0.00702663,0,0,0.0495,0.0818,0.1977,0.0307,0.0111,0.10736,0.12041,-0.00877,0.26835,0.71103
3997,2452.2,43266242,2675793,0.346,0.12,23297,10858,14579,0.00702338,0,0,0.048,0.081,0.1927,0.0246,0.01069,0.10859,0.11925,-0.00688,0.26194,0.68969
3998,2452.7,43277033,2676459,0.389,0.12,21234,10791,14543,0.00702013,0,0,0.0497,0.0871,0.195,0.0568,0.01099,0.10837,0.12575,-0.00723,0.27599,0.71419
3999,2453.2,43287846,2677113,0.348,0.122,23005,10813,14552,0.00701689,0,0,0.0488,0.0811,0.1937,0.0243,0.0109,0.1109,0.12725,-0.00544,0.27519,0.69949
4000,2453.6,43298694,2677773,0.359,0.119,22731,10848,14542,0.00701365,0,0,0.0497,0.082,0.1991,0.0278,0.01086,0.1075,0.13081,-0.00834,0.28827,0.71071
4001,2454.5,43309534,2678414,0.359,0.118,22723,10840,14551,0.00701039,0,0,0.0504,0.0841,0.1991,0.0256,0.01079,0.10672,0.1212,-0.00729,0.26711,0.72305
4002,2455.0,43320321,2679084,0.44,0.119,19300,10787,14508,0.00700714,0,0,0.0588,0.1007,0.2191,0.061,0.01122,0.10784,0.1163,-0.00815,0.25894,0.71649
4003,2455.6,43331198,2679732,0.403,0.119,20818,10877,14607,0.0070039,0,0,0.0584,0.0959,0.2195,0.0294,0.01096,0.10798,0.11265,-0.00796,0.25145,0.72874
4004,2456.1,43342054,2680380,0.442,0.121,19288,10856,14545,0.00700064,0,0,0.0656,0.1154,0.2287,0.0323,0.01148,0.10915,0.13139,-0.00903,0.29105,0.72879
4005,2456.7,43352904,2681035,0.464,0.121,18534,10850,14541,0.00699738,0,0,0.0708,0.1173,0.2384,0.0377,0.01177,0.10909,0.12583,-0.008,0.27772,0.71893
4006,2457.3,43363726,2681691,0.417,0.119,20183,10822,14539,0.00699413,0,0,0.0565,0.0909,0.2078,0.0616,0.01123,0.10771,0.10986,-0.0072,0.24407,0.71177
4007,2457.8,43374564,2682341,0.38,0.119,21681,10838,14573,0.00699088,0,0,0.0559,0.0908,0.2059,0.0279,0.01099,0.10808,0.1207,-0.00872,0.26923,0.74284
4008,2458.3,43385390,2682976,0.399,0.12,20841,10826,14546,0.00698763,0,0,0.058,0.0945,0.217,0.0299,0.01137,0.10844,0.11785,-0.00883,0.26309,0.69574
4009,2458.8,43396238,2683635,0.376,0.12,21869,10848,14566,0.00698438,0,0,0.0569,0.0887,0.1974,0.0329,0.01088,0.10902,0.11274,-0.00752,0.2505,0.71424
4010,2459.3,43407125,2684266,0.447,0.118,19266,10887,14601,0.00698113,0,0,0.0607,0.0975,0.221,0.0678,0.01105,0.10682,0.12053,-0.00594,0.2631,0.72756
4011,2459.9,43417984,2684920,0.413,0.118,20452,10859,14566,0.00697786,0,0,0.0611,0.0976,0.2174,0.0364,0.01172,0.10617,0.12228,-0.00734,0.26877,0.68162
4012,2460.5,43428828,2685577,0.482,0.124,17876,10844,14570,0.0069746,0,0,0.0687,0.1289,0.2503,0.0346,0.01161,0.11223,0.12061,-0.00834,0.26771,0.7032
4013,2461.1,43439680,2686212,0.483,0.12,17992,10852,14564,0.00697135,0,0,0.0747,0.1366,0.2375,0.0339,0.01164,0.10845,0.12209,-0.00826,0.27062,0.71146
4014,2461.7,43450525,2686840,0.523,0.125,16734,10845,14554,0.0069681,0,0,0.0723,0.1313,0.2523,0.0675,0.01283,0.11131,0.12458,-0.00924,0.27734,0.69498
4015,2462.3,43461366,2687497,0.496,0.119,17641,10841,14549,0.00696484,0,0,0.0768,0.1368,0.2486,0.0334,0.01146,0.10718,0.13549,-0.00506,0.29065,0.68523
4016,2462.9,43472192,2688154,0.452,0.124,18797,10826,14539,0.00696159,0,0,0.0657,0.1086,0.2259,0.0516,0.01134,0.1123,0.1214,-0.00837,0.26932,0.70292
4017,2463.6,43483049,2688812,0.513,0.124,17036,10857,14567,0.00695834,0,0,0.0715,0.1269,0.2427,0.0722,0.01173,0.11192,0.12881,-0.00857,0.28428,0.68319
4018,2464.3,43493857,2689482,0.648,0.128,13935,10808,14522,0.00695509,0,0,0.0742,0.1445,0.2429,0.186,0.01232,0.11431,0.11506,-0.00881,0.25733,0.68925
4019,2464.9,43504670,2690131,0.499,0.124,17353,10813,14526,0.00695184,0,0,0.0639,0.1156,0.2166,0.1031,0.01198,0.11161,0.12929,-0.00662,0.28128,0.68042
4020,2465.5,43515507,2690796,0.46,0.118,18755,10837,14534,0.0069486,0,0,0.0632,0.1091,0.2341,0.0533,0.01059,0.10727,0.11971,-0.00827,0.26525,0.66831
4021,2466.1,43526347,2691454,0.473,0.12,18270,10840,14570,0.00694535,0,0,0.0677,0.1234,0.2288,0.053,0.01109,0.10895,0.12964,-0.00826,0.28539,0.69062
4022,2466.7,43537202,2692106,0.426,0.121,19852,10855,14599,0.0069421,0,0,0.0633,0.1032,0.2179,0.0413,0.01088,0.10957,0.10912,-0.00913,0.24626,0.70305
4023,2467.2,43548067,2692758,0.433,0.12,19670,10865,14578,0.00693884,0,0,0.0654,0.1069,0.2294,0.0308,0.01126,0.10817,0.13526,-0.0064,0.29276,0.68143
4024,2467.8,43558913,2693411,0.488,0.12,17849,10846,14527,0.00693558,0,0,0.0726,0.1361,0.2395,0.0396,0.01095,0.1086,0.13203,-0.0062,0.28567,0.66313
4025,2468.5,43569812,2694069,0.515,0.12,17178,10899,14645,0.00693233,0,0,0.0744,0.1389,0.2456,0.0558,0.01079,0.10858,0.12573,-0.00825,0.27738,0.67976
4026,2469.1,43580660,2694701,0.508,0.121,17228,10848,14553,0.00692906,0,0,0.0782,0.1404,0.2519,0.0377,0.01237,0.10871,0.11489,-0.00665,0.25217,0.65552
4027,2469.7,43591536,2695361,0.499,0.122,17515,10876,14602,0.0069258,0,0,0.0767,0.1333,0.2527,0.0368,0.01295,0.10813,0.13295,-0.00703,0.28917,0.6655
4028,2470.3,43602389,2695994,0.494,0.12,17682,10853,14575,0.00692254,0,0,0.0737,0.1365,0.2472,0.0363,0.01085,0.10887,0.12859,-0.00727,0.28091,0.66322
4029,2470.9,43613259,2696677,0.499,0.121,17543,10870,14617,0.00691928,0,0,0.0719,0.1318,0.243,0.0521,0.01171,0.10866,0.11705,-0.00911,0.26173,0.67964
4030,2471.7,43624076,2697327,0.591,0.122,15187,10817,14531,0.00691602,0,0,0.0857,0.1644,0.2826,0.058,0.01147,0.10929,0.12773,-0.00777,0.28023,0.66702
4031,2472.4,43634876,2697990,0.608,0.122,14799,10800,14522,0.00691278,0,0,0.0875,0.1914,0.2844,0.0448,0.01228,0.10896,0.1324,-0.00585,0.28559,0.6581
4032,2473.1,43645730,2698645,0.569,0.122,15704,10854,14579,0.00690954,0,0,0.0811,0.1517,0.2567,0.0795,0.0121,0.10963,0.12356,-0.00654,0.26948,0.67053
4033,2473.7,43656616,2699305,0.468,0.124,18385,10886,14623,0.00690628,0,0,0.0681,0.125,0.2406,0.0347,0.01161,0.11173,0.12914,-0.00641,0.2803,0.6657
4034,2474.3,43667473,2699955,0.468,0.121,18437,10857,14589,0.00690302,0,0,0.0694,0.1223,0.2409,0.0357,0.01186,0.1083,0.12318,-0.00693,0.26948,0.67156
4035,2474.8,43678291,2700614,0.44,0.119,19329,10818,14546,0.00689976,0,0,0.0657,0.1109,0.2315,0.0321,0.01129,0.10789,0.12976,-0.00587,0.28052,0.67163
4036,2475.4,43689101,2701282,0.466,0.12,18472,10810,14507,0.00689651,0,0,0.0663,0.1063,0.22,0.073,0.01131,0.10794,0.11251,-0.006,0.24631,0.67367
4037,2476.0,43699970,2701954,0.465,0.119,18600,10869,14636,0.00689327,0,0,0.0689,0.1238,0.2399,0.0326,0.01171,0.10719,0.14134,-0.00818,0.30823,0.66633
4038,2476.6,43710839,2702602,0.469,0.117,18546,10869,14595,0.00689001,0,0,0.0694,0.125,0.2405,0.0345,0.01044,0.10563,0.12104,-0.00559,0.2622,0.64878
4039,2477.1,43721765,2703267,0.439,0.118,19632,10926,14644,0.00688675,0,0,0.0669,0.1126,0.2262,0.0328,0.01171,0.10586,0.12565,-0.00638,0.27308,0.65379
4040,2477.7,43732577,2703926,0.473,0.118,18275,10812,14542,0.00688347,0,0,0.0671,0.1128,0.2256,0.0679,0.01175,0.10613,0.13498,-0.00547,0.29006,0.66497
4041,2478.3,43743469,2704574,0.446,0.117,19345,10892,14607,0.00688023,0,0,0.0651,0.119,0.2291,0.0324,0.01167,0.10529,0.11518,-0.00736,0.25452,0.68655
4042,2478.9,43754369,2705235,0.455,0.117,19034,10900,14616,0.00687696,0,0,0.068,0.1225,0.2313,0.0337,0.011,0.10585,0.12134,-0.00874,0.26967,0.69122
4043,2479.4,43765224,2705895,0.448,0.116,19262,10855,14588,0.00687369,0,0,0.0676,0.1147,0.2329,0.0325,0.01045,0.10499,0.11238,-0.00832,0.25083,0.68587
4044,2480.0,43776089,2706558,0.468,0.116,18617,10865,14610,0.00687043,0,0,0.0631,0.1159,0.2191,0.0694,0.01084,0.10491,0.11563,-0.00722,0.25511,0.68393
4045,2480.6,43787018,2707199,0.426,0.117,20156,10929,14650,0.00686717,0,0,0.0633,0.1129,0.2209,0.0283,0.01089,0.10546,0.11947,-0.00755,0.26346,0.68581
4046,2481.1,43797859,2707871,0.43,0.117,19839,10841,14574,0.00686389,0,0,0.0635,0.112,0.2225,0.0318,0.01082,0.10553,0.12232,-0.00806,0.27037,0.70105
4047,2481.6,43808740,2708528,0.414,0.117,20506,10881,14618,0.00686064,0,0,0.0622,0.1088,0.2148,0.0283,0.01069,0.10526,0.11622,-0.00861,0.25921,0.69561
4048,2482.2,43819609,2709169,0.481,0.116,18212,10869,14598,0.00685738,0,0,0.0643,0.1152,0.2368,0.0646,0.01087,0.10473,0.12587,-0.00695,0.27497,0.68111
4049,2482.8,43830503,2709848,0.47,0.117,18556,10894,14614,0.00685412,0,0,0.0686,0.1244,0.239,0.0376,0.01127,0.10583,0.10804,-0.00723,0.24003,0.69188
4050,2483.4,43841420,2710498,0.436,0.117,19744,10917,14628,0.00685085,0,0,0.0647,0.1072,0.2261,0.0379,0.01106,0.10563,0.11448,-0.00558,0.24967,0.69678
4051,2483.9,43852331,2711156,0.451,0.116,19252,10911,14645,0.00684757,0,0,0.0682,0.1257,0.2266,0.0301,0.0109,0.1048,0.11937,-0.00765,0.26369,0.70436
4052,2484.6,43863229,2711818,0.471,0.117,18514,10898,14617,0.0068443,0,0,0.0648,0.1093,0.23,0.0673,0.01105,0.10578,0.12305,-0.00752,0.27041,0.67742
4053,2485.1,43874141,2712457,0.43,0.118,19920,10912,14643,0.00684103,0,0,0.0633,0.1127,0.2233,0.0308,0.0111,0.10636,0.12435,-0.00673,0.27127,0.66566
4054,2485.7,43885065,2713118,0.48,0.123,18115,10924,14633,0.00683776,0,0,0.069,0.1161,0.2445,0.0502,0.01136,0.11153,0.11651,-0.00538,0.25295,0.66948
4055,2486.3,43895955,2713765,0.455,0.117,19054,10890,14589,0.00683448,0,0,0.0655,0.1252,0.2346,0.0297,0.01205,0.10415,0.12373,-0.00548,0.26732,0.65082
4056,2486.9,43906835,2714422,0.474,0.117,18422,10880,14580,0.00683121,0,0,0.0677,0.1119,0.2293,0.065,0.01043,0.10594,0.1351,-0.00611,0.29111,0.63672
4057,2487.4,43917741,2715074,0.44,0.121,19440,10906,14631,0.00682795,0,0,0.0646,0.1112,0.2284,0.0362,0.01212,0.10818,0.12372,-0.00616,0.2689,0.67029
4058,2488.0,43928651,2715721,0.431,0.117,19922,10910,14632,0.00682468,0,0,0.0643,0.107,0.2284,0.0309,0.01066,0.10604,0.12773,-0.00631,0.27745,0.68557
4059,2488.5,43939574,2716362,0.422,0.118,20220,10923,14656,0.0068214,0,0,0.0626,0.1115,0.2194,0.0284,0.01119,0.10686,0.1314,-0.00513,0.28206,0.65994
4060,2489.1,43950464,2717019,0.444,0.119,19351,10890,14617,0.00681813,0,0,0.0615,0.1081,0.2172,0.0574,0.01126,0.10697,0.11776,-0.00598,0.25694,0.69501
4061,2489.6,43961347,2717670,0.405,0.119,20758,10883,14605,0.00681486,0,0,0.06,0.1021,0.2108,0.0324,0.01222,0.10651,0.1279,-0.0072,0.27923,0.6636
4062,2490.2,43972233,2718320,0.429,0.116,19969,10886,14595,0.0068116,0,0,0.0626,0.1048,0.2295,0.0318,0.01073,0.10533,0.11417,-0.0067,0.25092,0.67332
4063,2490.7,43983102,2718971,0.425,0.118,20027,10869,14588,0.00680833,0,0,0.0629,0.1067,0.2238,0.0318,0.01103,0.10626,0.12952,-0.0077,0.28333,0.65339
4064,2491.3,43993970,2719638,0.469,0.117,18570,10868,14576,0.00680507,0,0,0.0647,0.113,0.2315,0.0595,0.0103,0.10596,0.12567,-0.00547,0.27132,0.66497
4065,2491.8,44004833,2720274,0.426,0.12,19896,10863,14567,0.00680181,0,0,0.0639,0.1118,0.22,0.03,0.01136,0.10864,0.12234,-0.00627,0.26603,0.64715
4066,2492.5,44015704,2720949,0.506,0.121,17321,10871,14568,0.00679855,0,0,0.073,0.1489,0.2508,0.0334,0.01182,0.10932,0.13071,-0.00632,0.28293,0.65246
4067,2493.1,44026544,2721615,0.47,0.124,18240,10840,14557,0.00679529,0,0,0.0701,0.1267,0.2379,0.0352,0.01191,0.11218,0.12175,-0.00662,0.26553,0.64695
4068,2493.7,44037428,2722250,0.543,0.122,16358,10884,14597,0.00679204,0,0,0.0892,0.1383,0.2485,0.0673,0.01154,0.11013,0.10955,-0.00614,0.24039,0.66323
4069,2494.3,44048272,2722909,0.454,0.123,18794,10844,14565,0.00678877,0,0,0.0675,0.12,0.2316,0.0347,0.01149,0.11139,0.12468,-0.00572,0.26959,0.64687
4070,2494.9,44059164,2723559,0.437,0.12,19544,10892,14600,0.00678552,0,0,0.0661,0.1092,0.2299,0.0322,0.01062,0.10884,0.12435,-0.007,0.27145,0.64359
4071,2495.4,44070070,2724209,0.407,0.124,20549,10906,14615,0.00678225,0,0,0.0625,0.1041,0.2116,0.0289,0.01156,0.11169,0.11526,-0.00642,0.25251,0.67476
4072,2496.0,44080930,2724870,0.457,0.123,18717,10860,14579,0.00677898,0,0,0.0654,0.1075,0.2272,0.0573,0.01168,0.11065,0.11522,-0.00873,0.25708,0.67675
4073,2496.6,44091790,2725508,0.467,0.123,18409,10860,14560,0.00677572,0,0,0.0662,0.1217,0.2356,0.0439,0.01184,0.11031,0.11906,-0.00601,0.25916,0.66535
4074,2497.2,44102634,2726165,0.489,0.121,17775,10844,14557,0.00677246,0,0,0.0746,0.1345,0.2422,0.038,0.01091,0.10967,0.11878,-0.00858,0.26364,0.6591
4075,2497.8,44113491,2726824,0.508,0.122,17246,10857,14580,0.00676921,0,0,0.0795,0.1397,0.2465,0.0423,0.01259,0.10865,0.12926,-0.00721,0.28179,0.65374
4076,2498.4,44124332,2727492,0.499,0.124,17393,10841,14539,0.00676595,0,0,0.0699,0.1169,0.2336,0.0785,0.01157,0.11242,0.12766,-0.00688,0.2783,0.68149
4077,2499.0,44135194,2728139,0.501,0.123,17400,10862,14566,0.0067627,0,0,0.0761,0.1398,0.2499,0.0354,0.01188,0.11082,0.1278,-0.00623,0.27727,0.6805
4078,2499.7,44146055,2728797,0.489,0.128,17596,10861,14586,0.00675944,0,0,0.0735,0.1278,0.2511,0.0365,0.01265,0.11522,0.11026,-0.00467,0.239,0.67634
4079,2500.3,44156892,2729487,0.479,0.124,17963,10837,14547,0.00675618,0,0,0.0731,0.132,0.2407,0.0334,0.01134,0.11231,0.13361,-0.00641,0.28911,0.6723
4080,2500.9,44167736,2730155,0.513,0.125,17000,10844,14548,0.00675293,0,0,0.0718,0.1274,0.2417,0.072,0.0112,0.11348,0.11094,-0.00644,0.24388,0.67512
4081,2501.5,44178571,2730831,0.509,0.126,17072,10835,14525,0.00674968,0,0,0.0778,0.1407,0.2532,0.0373,0.01242,0.11285,0.1089,-0.00777,0.24235,0.66806
4082,2502.1,44189363,2731490,0.453,0.123,18743,10792,14477,0.00674643,0,0,0.0703,0.1225,0.2242,0.036,0.01105,0.11152,0.1272,-0.00768,0.27864,0.65707
4083,2502.7,44200174,2732150,0.449,0.124,18886,10811,14538,0.00674319,0,0,0.0696,0.1189,0.2258,0.0344,0.01141,0.11195,0.11975,-0.00696,0.26252,0.67489
4084,2503.3,44210988,2732821,0.515,0.123,16943,10814,14503,0.00673995,0,0,0.0738,0.1309,0.2375,0.0729,0.0115,0.11132,0.11507,-0.00697,0.25287,0.65192
4085,2503.9,44221773,2733492,0.419,0.126,19774,10785,14523,0.0067367,0,0,0.063,0.1075,0.2169,0.0319,0.01161,0.11395,0.11012,-0.00769,0.24454,0.66208
4086,2504.4,44232578,2734169,0.428,0.125,19539,10805,14513,0.00673347,0,0,0.0647,0.1116,0.2198,0.0319,0.01118,0.11358,0.11601,-0.00541,0.2519,0.67217
4087,2505.0,44243420,2734847,0.439,0.125,19232,10842,14566,0.00673023,0,0,0.0651,0.1076,0.229,0.0376,0.01234,0.11189,0.1316,-0.00593,0.2837,0.64187
4088,2505.6,44254280,2735517,0.463,0.126,18429,10860,14572,0.00672697,0,0,0.0641,0.1047,0.2225,0.0718,0.012,0.11389,0.11202,-0.00603,0.24525,0.67972
4089,2506.1,44265142,2736189,0.44,0.124,19264,10862,14570,0.00672372,0,0,0.0667,0.1177,0.225,0.0305,0.01211,0.11155,0.11182,-0.00696,0.24659,0.67147
4090,2506.7,44276008,2736857,0.385,0.125,21297,10866,14555,0.00672046,0,0,0.0576,0.0925,0.2054,0.0294,0.0106,0.1141,0.12016,-0.00669,0.26271,0.67147
4091,2507.2,44286893,2737531,0.402,0.121,20814,10885,14613,0.0067172,0,0,0.0604,0.1004,0.2134,0.0277,0.01045,0.11034,0.10916,-0.00496,0.23727,0.67188
4092,2507.7,44297807,2738220,0.437,0.122,19530,10914,14643,0.00671393,0,0,0.0593,0.0949,0.2102,0.0727,0.0113,0.11002,0.11817,-0.00675,0.25891,0.67638
4093,2508.2,44308716,2738869,0.371,0.116,22419,10909,14609,0.00671066,0,0,0.0555,0.091,0.1983,0.026,0.01061,0.1049,0.11077,-0.00651,0.24354,0.66902
4094,2508.7,44319599,2739548,0.358,0.116,22991,10883,14607,0.00670739,0,0,0.0526,0.0842,0.1942,0.0265,0.01006,0.10537,0.10144,-0.00626,0.22413,0.65056
4095,2509.2,44330519,2740223,0.374,0.115,22316,10920,14635,0.00670412,0,0,0.055,0.0881,0.2026,0.0284,0.01067,0.10418,0.11612,-0.00672,0.25456,0.66103
4096,2509.7,44341411,2740867,0.377,0.117,22039,10892,14597,0.00670084,0,0,0.055,0.0896,0.2044,0.028,0.01037,0.1065,0.11491,-0.00446,0.24756,0.65866
4097,2510.2,44352302,2741540,0.383,0.116,21837,10891,14602,0.00669758,0,0,0.0542,0.0888,0.203,0.0368,0.01048,0.10508,0.12503,-0.00841,0.27542,0.63749
4098,2510.7,44363225,2742208,0.364,0.116,22762,10923,14622,0.00669431,0,0,0.0531,0.0859,0.1983,0.0264,0.01081,0.10511,0.11895,-0.00653,0.25967,0.65104
4099,2511.1,44374070,2742888,0.357,0.115,22982,10845,14570,0.00669103,0,0,0.052,0.0846,0.1947,0.0254,0.01044,0.10453,0.1225,-0.00639,0.26688,0.67969
4100,2511.6,44384913,2743553,0.36,0.115,22793,10843,14553,0.00668778,0,0,0.0523,0.0852,0.1916,0.0312,0.01084,0.10395,0.13995,-0.00642,0.30152,0.65666
4101,2512.1,44395794,2744193,0.357,0.115,23090,10881,14593,0.00668453,0,0,0.052,0.0838,0.194,0.0269,0.01066,0.10357,0.11428,-0.00659,0.2506,0.66243
4102,2512.6,44406672,2744864,0.396,0.118,21171,10878,14591,0.00668126,0,0,0.0547,0.0888,0.1995,0.0531,0.00976,0.10769,0.12396,-0.00631,0.26889,0.62425
4103,2513.1,44417521,2745521,0.369,0.117,22334,10849,14548,0.006678,0,0,0.0544,0.0895,0.1982,0.0271,0.01128,0.10504,0.11349,-0.00659,0.24876,0.64391
4104,2513.6,44428346,2746188,0.37,0.115,22332,10825,14565,0.00667474,0,0,0.0543,0.0876,0.2005,0.0277,0.01004,0.10434,0.10624,-0.00729,0.23579,0.65542
4105,2514.1,44439278,2746857,0.365,0.115,22763,10932,14642,0.0066715,0,0,0.0536,0.0875,0.198,0.0262,0.0104,0.10425,0.1247,-0.00533,0.2688,0.65504
4106,2514.6,44450201,2747491,0.433,0.116,19886,10923,14652,0.00666822,0,0,0.0576,0.0952,0.2148,0.066,0.00998,0.10555,0.1042,-0.00704,0.23148,0.67376
4107,2515.2,44461085,2748131,0.485,0.122,17932,10884,14597,0.00666494,0,0,0.0733,0.1258,0.2416,0.0439,0.01259,0.10931,0.11004,-0.00468,0.23806,0.6463
4108,2515.9,44471963,2748789,0.567,0.118,15879,10878,14585,0.00666167,0,0,0.0872,0.1573,0.275,0.0479,0.01106,0.10625,0.10737,-0.00576,0.23473,0.63599
4109,2516.5,44482762,2749439,0.467,0.118,18470,10799,14481,0.00665841,0,0,0.0726,0.1287,0.2335,0.0323,0.01146,0.10576,0.11752,-0.00652,0.25649,0.63103
4110,2517.2,44493595,2750095,0.554,0.116,16164,10833,14556,0.00665517,0,0,0.0769,0.151,0.2619,0.0643,0.0107,0.10514,0.10595,-0.00774,0.23574,0.62783
4111,2517.7,44504494,2750743,0.457,0.118,18948,10899,14587,0.00665192,0,0,0.0697,0.1237,0.2241,0.0392,0.01139,0.10665,0.10949,-0.00686,0.24093,0.61882
4112,2518.4,44515370,2751408,0.52,0.116,17091,10876,14606,0.00664865,0,0,0.0795,0.1512,0.2508,0.0389,0.01128,0.10424,0.10601,-0.00507,0.23069,0.64209
4113,2519.0,44526228,2752071,0.49,0.121,17759,10858,14593,0.00664539,0,0,0.0734,0.1388,0.2458,0.0324,0.01098,0.10961,0.11234,-0.00723,0.24779,0.64962
4114,2519.6,44537099,2752724,0.469,0.122,18401,10871,14581,0.00664213,0,0,0.0654,0.1139,0.2243,0.0654,0.01102,0.11053,0.10963,-0.00607,0.24003,0.64949
4115,2520.1,44547999,2753369,0.437,0.118,19622,10900,14620,0.00663887,0,0,0.0657,0.1112,0.2267,0.0336,0.01087,0.10707,0.10064,-0.00625,0.22275,0.67536
4116,2520.7,44558844,2754028,0.476,0.118,18255,10845,14526,0.0066356,0,0,0.0716,0.127,0.2404,0.0367,0.01191,0.10613,0.11141,-0.00692,0.24538,0.6571
4117,2521.4,44569753,2754680,0.505,0.118,17520,10909,14618,0.00663235,0,0,0.0804,0.1517,0.244,0.0288,0.01105,0.10625,0.11108,-0.00648,0.24384,0.65572
4118,2522.0,44580565,2755332,0.529,0.117,16724,10812,14526,0.00662907,0,0,0.0774,0.1381,0.2451,0.0684,0.01073,0.10629,0.1065,-0.00668,0.23521,0.66776
4119,2522.6,44591439,2755978,0.457,0.121,18818,10874,14577,0.00662583,0,0,0.0671,0.1189,0.2264,0.0446,0.01131,0.10906,0.11561,-0.00566,0.25127,0.65863
4120,2523.2,44602288,2756642,0.473,0.115,18444,10849,14556,0.00662257,0,0,0.0717,0.1283,0.243,0.03,0.00994,0.10497,0.10141,-0.00579,0.22341,0.68028
4121,2523.7,44613098,2757302,0.426,0.117,19923,10810,14504,0.00661931,0,0,0.0667,0.1103,0.2185,0.0301,0.01166,0.10489,0.11314,-0.00509,0.24529,0.66798
4122,2524.3,44623943,2757958,0.495,0.122,17586,10845,14551,0.00661607,0,0,0.0657,0.1148,0.2366,0.0776,0.01155,0.11008,0.11659,-0.00335,0.2488,0.67419
4123,2525.0,44634796,2758607,0.508,0.121,17241,10853,14547,0.00661282,0,0,0.0754,0.1474,0.2534,0.032,0.01127,0.10969,0.11058,-0.0061,0.24194,0.64899
4124,2525.6,44645643,2759295,0.497,0.126,17412,10847,14568,0.00660956,0,0,0.0758,0.129,0.2507,0.0411,0.01069,0.11533,0.09754,-0.00803,0.22002,0.67223
4125,2526.2,44656509,2759963,0.495,0.124,17571,10866,14576,0.00660631,0,0,0.0793,0.1374,0.24,0.0381,0.01166,0.11167,0.10611,-0.00888,0.239,0.68276
4126,2526.9,44667359,2760622,0.531,0.124,16547,10850,14568,0.00660305,0,0,0.074,0.1304,0.2514,0.0755,0.01125,0.11286,0.12327,-0.00528,0.26575,0.65615
4127,2527.5,44678180,2761292,0.517,0.126,16833,10821,14506,0.00659979,0,0,0.0789,0.1465,0.2491,0.0429,0.0138,0.11102,0.11132,-0.00656,0.24426,0.64427
4128,2528.1,44689003,2761965,0.486,0.12,17861,10823,14529,0.00659655,0,0,0.0737,0.1331,0.246,0.0334,0.01112,0.10813,0.1161,-0.00574,0.25201,0.63132
4129,2528.7,44699903,2762617,0.483,0.12,18078,10900,14601,0.0065933,0,0,0.0736,0.131,0.2441,0.034,0.01183,0.10802,0.11137,-0.00647,0.24437,0.65889
4130,2529.4,44710798,2763269,0.553,0.122,16139,10895,14603,0.00659003,0,0,0.0783,0.14,0.2517,0.0827,0.01215,0.10985,0.10921,-0.00671,0.24047,0.65446
4131,2530.0,44721679,2763935,0.536,0.123,16507,10881,14585,0.00658676,0,0,0.0845,0.153,0.2602,0.0384,0.01134,0.11138,0.10883,-0.0057,0.2378,0.66479
4132,2530.7,44732521,2764612,0.504,0.122,17319,10842,14569,0.0065835,0,0,0.0759,0.1416,0.252,0.0348,0.01192,0.10952,0.10686,-0.00654,0.23526,0.64177
4133,2531.3,44743382,2765253,0.494,0.122,17646,10861,14582,0.00658024,0,0,0.068,0.1261,0.2543,0.0454,0.01194,0.10938,0.11678,-0.00602,0.25397,0.63618
4134,2531.9,44754248,2765928,0.525,0.122,16788,10866,14563,0.00657699,0,0,0.0726,0.1261,0.2467,0.0797,0.01318,0.10839,0.11288,-0.00563,0.24554,0.64796
4135,2532.6,44765099,2766580,0.499,0.125,17384,10851,14559,0.00657373,0,0,0.0739,0.1393,0.2478,0.0377,0.01278,0.11223,0.12151,-0.00667,0.2647,0.63394
4136,2533.2,44775952,2767243,0.489,0.127,17624,10853,14542,0.00657047,0,0,0.0723,0.1338,0.2447,0.0383,0.01351,0.11271,0.11847,-0.00838,0.2623,0.65424
4137,2533.8,44786828,2767885,0.552,0.124,16092,10876,14586,0.00656721,0,0,0.0823,0.1529,0.2569,0.0601,0.01151,0.11179,0.12034,-0.00724,0.26389,0.66353
4138,2534.5,44797715,2768533,0.492,0.133,17423,10887,14572,0.00656395,0,0,0.0723,0.1339,0.2484,0.0374,0.01153,0.12095,0.10455,-0.00731,0.23238,0.66028
4139,2535.2,44808568,2769203,0.636,0.138,14028,10853,14566,0.00656069,0,0,0.0877,0.1557,0.3544,0.0378,0.01199,0.12566,0.10428,-0.00616,0.22935,0.64557
4140,2536.0,44819436,2769853,0.61,0.133,14636,10868,14579,0.00655743,0,0,0.09,0.1501,0.2665,0.1034,0.01187,0.12024,0.10382,-0.0069,0.23013,0.66204
4141,2536.7,44830303,2770530,0.53,0.134,16345,10867,14590,0.00655417,0,0,0.0813,0.1441,0.2614,0.0437,0.01367,0.11998,0.10645,-0.00525,0.23245,0.68976
4142,2537.3,44841140,2771194,0.537,0.132,16192,10837,14559,0.00655091,0,0,0.0809,0.1507,0.269,0.0366,0.01142,0.12028,0.10786,-0.00731,0.23898,0.66084
4143,2538.0,44851988,2771849,0.568,0.137,15387,10848,14572,0.00654766,0,0,0.0855,0.1553,0.2635,0.0635,0.01345,0.12332,0.09814,-0.00756,0.22025,0.67489
4144,2538.7,44862828,2772519,0.525,0.14,16308,10840,14554,0.0065444,0,0,0.0792,0.1428,0.2645,0.0384,0.01225,0.12726,0.09559,-0.00764,0.21539,0.68236
4145,2539.4,44873676,2773190,0.535,0.135,16191,10848,14560,0.00654115,0,0,0.0815,0.1526,0.2588,0.0417,0.01198,0.12305,0.10877,-0.00569,0.23778,0.67727
4146,2540.0,44884568,2773863,0.553,0.133,15874,10892,14617,0.0065379,0,0,0.0817,0.1603,0.2592,0.052,0.01183,0.12081,0.10957,-0.00778,0.24318,0.64858
4147,2540.7,44895403,2774536,0.563,0.129,15655,10835,14550,0.00653463,0,0,0.0835,0.1492,0.2592,0.0713,0.01244,0.11611,0.11985,-0.00616,0.26035,0.6384
4148,2541.4,44906205,2775205,0.509,0.126,16990,10802,14501,0.00653138,0,0,0.0733,0.1331,0.2523,0.0507,0.01178,0.11415,0.10431,-0.00764,0.23232,0.64448
4149,2542.1,44917017,2775865,0.553,0.127,15897,10812,14526,0.00652814,0,0,0.0804,0.1547,0.2708,0.0474,0.01215,0.1142,0.10791,-0.00758,0.23961,0.66011
4150,2542.8,44927827,2776521,0.607,0.124,14791,10810,14549,0.00652489,0,0,0.0864,0.1616,0.2624,0.0963,0.01161,0.11209,0.12155,-0.00618,0.26412,0.66295
4151,2543.6,44938610,2777182,0.646,0.127,13960,10783,14509,0.00652165,0,0,0.0847,0.1929,0.2753,0.0928,0.01219,0.11407,0.13061,-0.00535,0.2803,0.64306
4152,2544.4,44949389,2777857,0.69,0.136,13052,10779,14487,0.00651842,0,0,0.0876,0.1759,0.292,0.1349,0.01235,0.12268,0.10901,-0.00676,0.24017,0.66282
4153,2545.3,44960166,2778509,0.624,0.22,12768,10777,14492,0.00651518,0,0,0.0812,0.169,0.2866,0.0873,0.01214,0.20729,0.11956,-0.00683,0.26092,0.62379
4154,2546.0,44970999,2779164,0.612,0.128,14644,10833,14571,0.00651195,0,0,0.0831,0.1377,0.2746,0.1161,0.01183,0.11601,0.12798,-0.0068,0.27784,0.63464
4155,2546.6,44981822,2779812,0.486,0.125,17741,10823,14534,0.0065087,0,0,0.0756,0.1349,0.2371,0.0379,0.01176,0.11199,0.14451,-0.00515,0.3075,0.62792
4156,2547.3,44992674,2780485,0.566,0.127,15661,10852,14555,0.00650545,0,0,0.0738,0.1607,0.2529,0.0791,0.01111,0.11509,0.13032,-0.00709,0.28293,0.62353
4157,2547.9,45003523,2781132,0.471,0.129,18070,10849,14554,0.0065022,0,0,0.0738,0.1185,0.2357,0.043,0.01113,0.11795,0.12948,-0.00596,0.27883,0.61007
4158,2548.5,45014325,2781795,0.464,0.131,18170,10802,14522,0.00649894,0,0,0.0687,0.1172,0.2406,0.0374,0.01121,0.11884,0.11621,-0.00665,0.25374,0.61639
4159,2549.1,45025135,2782441,0.491,0.127,17486,10810,14503,0.0064957,0,0,0.0703,0.129,0.2558,0.0361,0.01158,0.1151,0.12361,-0.00629,0.26771,0.60898
4160,2549.7,45035937,2783101,0.489,0.127,17517,10802,14515,0.00649246,0,0,0.0695,0.1254,0.24,0.0545,0.01179,0.11508,0.11443,-0.00736,0.25179,0.6323
4161,2550.4,45046796,2783761,0.548,0.123,16184,10859,14581,0.00648922,0,0,0.0744,0.1557,0.254,0.0636,0.01135,0.11157,0.12043,-0.00683,0.2628,0.63694
4162,2551.0,45057669,2784410,0.489,0.124,17713,10873,14591,0.00648596,0,0,0.073,0.1331,0.2431,0.0403,0.01146,0.1126,0.10717,-0.00368,0.23011,0.64908
4163,2551.6,45068493,2785064,0.446,0.122,19035,10824,14559,0.0064827,0,0,0.0629,0.1184,0.2304,0.0346,0.01117,0.11043,0.10621,-0.0064,0.23369,0.65277
4164,2552.2,45079364,2785691,0.487,0.121,17865,10871,14584,0.00647945,0,0,0.0663,0.1193,0.2313,0.0704,0.01109,0.10981,0.10861,-0.00548,0.23657,0.6475
4165,2552.8,45090227,2786331,0.478,0.123,18070,10863,14572,0.00647619,0,0,0.0677,0.1333,0.2388,0.0379,0.01125,0.11184,0.11061,-0.00579,0.24125,0.65131
4166,2553.4,45101076,2786982,0.487,0.125,17707,10849,14553,0.00647293,0,0,0.0695,0.1202,0.2419,0.0557,0.01126,0.11381,0.10362,-0.00775,0.23138,0.66658
4167,2554.1,45111891,2787625,0.53,0.123,16580,10815,14515,0.00646968,0,0,0.0768,0.16,0.2527,0.0402,0.01243,0.10983,0.12393,-0.00607,0.26843,0.65114
4168,2554.7,45122751,2788284,0.52,0.121,16946,10860,14555,0.00646643,0,0,0.0676,0.1379,0.2416,0.0727,0.01044,0.11033,0.11636,-0.00639,0.25444,0.69015
4169,2555.3,45133577,2788944,0.44,0.124,19227,10826,14555,0.00646317,0,0,0.0637,0.1128,0.228,0.035,0.01007,0.11317,0.11012,-0.00556,0.23972,0.64618
4170,2555.8,45144449,2789583,0.444,0.127,19027,10872,14568,0.00645993,0,0,0.0644,0.1113,0.2346,0.034,0.01129,0.11548,0.10698,-0.00722,0.23672,0.64413
4171,2556.4,45155258,2790229,0.452,0.125,18724,10809,14478,0.00645667,0,0,0.068,0.1136,0.2338,0.0366,0.01086,0.11395,0.10609,-0.00757,0.2357,0.64892
4172,2557.1,45166147,2790856,0.526,0.123,16790,10889,14595,0.00645342,0,0,0.0726,0.131,0.2481,0.0737,0.01108,0.11149,0.10739,-0.00788,0.23867,0.62953
4173,2557.7,45176991,2791498,0.465,0.123,18447,10844,14556,0.00645016,0,0,0.0682,0.1191,0.2376,0.0396,0.01113,0.11189,0.12045,-0.0081,0.26486,0.60158
4174,2558.3,45187826,2792152,0.508,0.125,17125,10835,14534,0.0064469,0,0,0.0773,0.1331,0.2603,0.037,0.01067,0.114,0.10867,-0.00646,0.23877,0.65987
4175,2558.9,45198646,2792796,0.525,0.125,16631,10820,14537,0.00644365,0,0,0.0816,0.1379,0.2592,0.0465,0.01139,0.1135,0.10819,-0.00802,0.24062,0.63653
4176,2559.8,45209540,2793450,0.709,0.126,13041,10894,14581,0.00644041,0,0,0.0972,0.2039,0.3124,0.0956,0.01251,0.11337,0.11695,-0.00575,0.2538,0.65247
4177,2560.5,45220410,2794095,0.606,0.128,14795,10870,14594,0.00643714,0,0,0.0871,0.1755,0.2954,0.0483,0.01444,0.11346,0.11248,-0.00577,0.24521,0.67617
4178,2561.2,45231291,2794755,0.597,0.131,14946,10881,14552,0.00643388,0,0,0.0908,0.1677,0.2849,0.0539,0.01234,0.11802,0.10898,-0.00683,0.24006,0.65592
4179,2562.1,45242157,2795392,0.639,0.206,12864,10866,14573,0.00643061,0,0,0.0895,0.1855,0.2953,0.0687,0.01196,0.19318,0.11124,-0.00911,0.24913,0.65564
4180,2562.8,45253028,2796025,0.594,0.131,14995,10871,14508,0.00642735,0,0,0.0857,0.1729,0.276,0.059,0.01509,0.1158,0.10567,-0.00752,0.23468,0.64594
4181,2563.6,45263941,2796675,0.611,0.128,14768,10913,14611,0.00642409,0,0,0.0856,0.1745,0.306,0.0453,0.01187,0.11523,0.11191,-0.00596,0.24436,0.66983
4182,2564.4,45274801,2797322,0.718,0.147,12549,10860,14557,0.00642082,0,0,0.0954,0.2009,0.3075,0.1141,0.01285,0.13413,0.10964,-0.00796,0.24361,0.65574
4183,2565.2,45285723,2797959,0.672,0.142,13431,10922,14620,0.00641756,0,0,0.1022,0.1773,0.3076,0.0846,0.01212,0.12894,0.11147,-0.00626,0.24371,0.64211
4184,2566.0,45296568,2798622,0.673,0.138,13362,10845,14548,0.00641428,0,0,0.0933,0.2036,0.3026,0.0737,0.01223,0.12563,0.10635,-0.00806,0.23724,0.65658
4185,2566.9,45307512,2799261,0.711,0.141,12849,10944,14648,0.00641103,0,0,0.1001,0.1965,0.3008,0.1137,0.01294,0.12715,0.10911,-0.00626,0.23911,0.65398
4186,2567.8,45318375,2799916,0.774,0.138,11923,10863,14562,0.00640775,0,0,0.1028,0.2241,0.3317,0.1149,0.01392,0.12294,0.10504,-0.00614,0.23098,0.67235
4187,2568.7,45329322,2800547,0.782,0.141,11855,10947,14617,0.00640449,0,0,0.0971,0.2159,0.3836,0.0856,0.01436,0.12642,0.1134,-0.00781,0.25097,0.66778
4188,2569.7,45340251,2801208,0.749,0.203,11475,10929,14657,0.0064012,0,0,0.1097,0.2227,0.3124,0.1043,0.01198,0.19097,0.1044,-0.00702,0.23152,0.67781
4189,2570.5,45351157,2801835,0.651,0.141,13770,10906,14594,0.00639792,0,0,0.0945,0.1853,0.318,0.0531,0.01237,0.12828,0.11908,-0.00678,0.26022,0.66359
4190,2571.3,45362043,2802503,0.683,0.142,13195,10886,14611,0.00639465,0,0,0.1033,0.2012,0.32,0.0583,0.0132,0.1284,0.11222,-0.00729,0.24761,0.67061
4191,2572.2,45372925,2803151,0.783,0.133,11888,10882,14595,0.00639139,0,0,0.1288,0.2098,0.323,0.121,0.01387,0.11845,0.1142,-0.00857,0.25412,0.67254
4192,2573.0,45383833,2803790,0.632,0.131,14289,10908,14601,0.00638812,0,0,0.0794,0.1874,0.2881,0.0772,0.01179,0.11897,0.11355,-0.00671,0.24893,0.65868
4193,2573.8,45394794,2804409,0.706,0.127,13161,10961,14672,0.00638485,0,0,0.091,0.1895,0.3043,0.1207,0.01197,0.1147,0.11402,-0.00854,0.25384,0.6827
4194,2574.5,45405742,2805069,0.586,0.128,15335,10948,14650,0.00638156,0,0,0.0826,0.1609,0.2705,0.0718,0.01247,0.11513,0.12637,-0.00798,0.27741,0.6827
4195,2575.3,45416641,2805717,0.546,0.18,15022,10899,14602,0.00637828,0,0,0.0762,0.1425,0.2587,0.0684,0.01196,0.16727,0.12825,-0.0084,0.28171,0.65935
4196,2575.9,45427526,2806371,0.553,0.136,15789,10885,14593,0.00637501,0,0,0.08,0.1497,0.2657,0.0578,0.01203,0.1237,0.11036,-0.00739,0.24439,0.69759
4197,2576.6,45438374,2807008,0.564,0.136,15492,10848,14543,0.00637174,0,0,0.0883,0.1499,0.2719,0.054,0.01169,0.12377,0.1137,-0.00661,0.24951,0.69774
4198,2577.3,45449259,2807635,0.565,0.132,15616,10885,14584,0.00636849,0,0,0.0826,0.1559,0.2712,0.0549,0.01224,0.11976,0.10914,-0.00789,0.24292,0.69637
4199,2578.1,45460198,2808274,0.601,0.13,14961,10939,14617,0.00636522,0,0,0.082,0.1604,0.2677,0.0908,0.0126,0.11711,0.11404,-0.00793,0.25303,0.71491
4200,2578.8,45471100,2808886,0.565,0.128,15736,10902,14602,0.00636194,0,0,0.0749,0.1506,0.2674,0.0722,0.01127,0.11605,0.09577,-0.00859,0.21773,0.70754
4201,2580.4,45481986,2809508,0.683,0.127,13445,10886,14584,0.00635867,0,0,0.0765,0.2293,0.2688,0.108,0.01209,0.11456,0.09496,-0.00978,0.21873,0.72861
4202,2581.2,45492897,2810115,0.632,0.126,14378,10911,14626,0.0063554,0,0,0.0881,0.1816,0.2823,0.0805,0.01289,0.11308,0.10493,-0.00883,0.23665,0.71655
4203,2581.8,45503874,2810735,0.522,0.128,16895,10977,14668,0.00635213,0,0,0.0765,0.1615,0.2464,0.0372,0.01258,0.11519,0.12003,-0.0062,0.26101,0.67225
4204,2582.5,45514755,2811346,0.544,0.126,16230,10881,14591,0.00634884,0,0,0.0766,0.1392,0.2522,0.0761,0.012,0.11378,0.10409,-0.00832,0.23347,0.68094
4205,2583.1,45525705,2811975,0.527,0.125,16809,10950,14662,0.00634557,0,0,0.0774,0.1592,0.2475,0.0425,0.01197,0.11245,0.11064,-0.00698,0.2439,0.68257
4206,2583.8,45536569,2812604,0.504,0.128,17192,10864,14560,0.00634229,0,0,0.0769,0.14,0.2455,0.0414,0.01077,0.11694,0.09665,-0.00554,0.21308,0.68538
4207,2584.4,45547501,2813236,0.512,0.128,17073,10932,14634,0.00633903,0,0,0.0766,0.1451,0.2512,0.0395,0.01192,0.11564,0.11469,-0.00542,0.24881,0.67675
4208,2585.1,45558424,2813853,0.527,0.13,16637,10923,14621,0.00633575,0,0,0.0732,0.1339,0.2421,0.0775,0.0112,0.11816,0.10464,-0.00804,0.23367,0.65538
4209,2585.7,45569337,2814469,0.542,0.127,16310,10913,14632,0.00633247,0,0,0.0774,0.1524,0.2619,0.0505,0.01217,0.11438,0.11121,-0.00877,0.24846,0.67063
4210,2586.4,45580294,2815106,0.529,0.124,16773,10957,14677,0.0063292,0,0,0.0821,0.1464,0.2515,0.0488,0.01132,0.11269,0.12164,-0.00796,0.26753,0.658
4211,2587.0,45591184,2815754,0.527,0.131,16553,10890,14596,0.00632591,0,0,0.0833,0.1512,0.2504,0.0421,0.01157,0.11888,0.11067,-0.00766,0.24528,0.68191
4212,2587.8,45602041,2816390,0.649,0.132,13900,10857,14577,0.00632264,0,0,0.087,0.1741,0.2888,0.0993,0.01632,0.11486,0.11136,-0.00783,0.2468,0.66657
4213,2588.5,45612883,2817064,0.537,0.127,16327,10842,14568,0.00631939,0,0,0.0789,0.1462,0.2698,0.0422,0.01142,0.11502,0.12537,-0.00751,0.27436,0.68102
4214,2589.2,45623717,2817712,0.568,0.126,15602,10834,14555,0.00631614,0,0,0.0823,0.1642,0.2745,0.0473,0.01219,0.11366,0.11967,-0.00614,0.26007,0.66869
4215,2589.9,45634581,2818367,0.618,0.126,14602,10864,14594,0.00631288,0,0,0.0829,0.1606,0.2735,0.1012,0.01141,0.11404,0.10609,-0.00841,0.23776,0.69389
4216,2590.7,45645421,2819004,0.604,0.126,14851,10840,14561,0.00630963,0,0,0.1005,0.1575,0.2876,0.058,0.01125,0.11467,0.10699,-0.0077,0.23817,0.69707
4217,2591.3,45656312,2819666,0.543,0.127,16249,10891,14632,0.00630637,0,0,0.0797,0.146,0.2482,0.0688,0.01182,0.11515,0.10844,-0.00757,0.24057,0.67798
4218,2592.1,45667209,2820299,0.632,0.124,14399,10897,14611,0.00630311,0,0,0.0859,0.1795,0.2581,0.1089,0.01087,0.11313,0.10379,-0.00716,0.23019,0.65838
4219,2592.8,45678066,2820961,0.566,0.128,15636,10857,14600,0.00629984,0,0,0.0837,0.1579,0.2767,0.0479,0.01199,0.11559,0.10455,-0.00638,0.22989,0.63777
4220,2593.5,45688955,2821616,0.625,0.129,14434,10889,14593,0.00629658,0,0,0.0911,0.1873,0.2961,0.0506,0.01238,0.11658,0.10834,-0.00577,0.23659,0.66546
4221,2594.3,45699846,2822263,0.663,0.126,13793,10891,14595,0.00629331,0,0,0.0908,0.1747,0.2778,0.1201,0.0109,0.11449,0.1088,-0.0067,0.23926,0.65578
4222,2595.3,45710780,2822897,0.81,0.197,10858,10934,14677,0.00629005,0,0,0.0873,0.2554,0.2967,0.171,0.01116,0.18487,0.11185,-0.00606,0.24422,0.66732
4223,2596.2,45721647,2823560,0.758,0.134,12175,10867,14586,0.00628677,0,0,0.0924,0.1949,0.291,0.1802,0.01218,0.12136,0.11525,-0.00715,0.2531,0.66081
4224,2597.0,45732557,2824193,0.692,0.135,13191,10910,14619,0.00628351,0,0,0.0908,0.1774,0.2756,0.1485,0.01209,0.12234,0.10405,-0.00808,0.23224,0.63507
4225,2597.8,45743434,2824873,0.654,0.132,13848,10877,14605,0.00628023,0,0,0.087,0.1602,0.2739,0.1324,0.01155,0.11992,0.11829,-0.00699,0.25859,0.63916
4226,2598.8,45754326,2825508,0.718,0.21,11740,10892,14584,0.00627697,0,0,0.0947,0.1881,0.301,0.1342,0.01155,0.19787,0.1118,-0.00676,0.24557,0.67325
4227,2599.6,45765218,2826163,0.69,0.137,13180,10892,14631,0.0062737,0,0,0.1075,0.2011,0.3165,0.0645,0.01344,0.12294,0.10729,-0.00786,0.23828,0.63508
4228,2600.4,45776088,2826798,0.651,0.135,13816,10870,14559,0.00627043,0,0,0.094,0.1753,0.3277,0.0543,0.01114,0.12373,0.10461,-0.00855,0.23457,0.65735
4229,2601.2,45786962,2827440,0.684,0.132,13329,10874,14558,0.00626717,0,0,0.0951,0.19,0.2992,0.0994,0.01139,0.12039,0.1122,-0.00763,0.24771,0.6421
4230,2601.9,45797819,2828087,0.605,0.134,14696,10857,14574,0.00626391,0,0,0.0925,0.1777,0.2872,0.0477,0.01185,0.12135,0.1155,-0.00692,0.25306,0.65688
4231,2602.6,45808682,2828729,0.58,0.132,15243,10863,14561,0.00626065,0,0,0.0846,0.1864,0.258,0.0513,0.01101,0.12091,0.10556,-0.00526,0.22958,0.63502
4232,2603.3,45819522,2829375,0.573,0.131,15394,10840,14547,0.0062574,0,0,0.0832,0.1567,0.2645,0.0683,0.01146,0.11949,0.10725,-0.00781,0.23821,0.64649
4233,2604.1,45830357,2830014,0.582,0.131,15184,10835,14537,0.00625414,0,0,0.0929,0.166,0.2794,0.0437,0.01131,0.11982,0.10082,-0.00875,0.22769,0.68331
4234,2604.8,45841184,2830670,0.571,0.127,15508,10827,14516,0.00625089,0,0,0.0884,0.1572,0.2742,0.0516,0.01284,0.11348,0.1053,-0.00936,0.2376,0.66212
4235,2605.5,45852024,2831315,0.615,0.126,14630,10840,14551,0.00624764,0,0,0.0868,0.1512,0.28,0.0973,0.01125,0.11403,0.10472,-0.00869,0.23532,0.67962
4236,2606.2,45862847,2831944,0.598,0.126,14942,10823,14538,0.00624439,0,0,0.0943,0.1725,0.2846,0.0469,0.01252,0.11298,0.10816,-0.00748,0.24007,0.7042
4237,2606.9,45873687,2832594,0.582,0.127,15285,10840,14535,0.00624115,0,0,0.0904,0.1672,0.2824,0.0424,0.01214,0.11412,0.11125,-0.00764,0.24613,0.66993
4238,2607.7,45884498,2833251,0.589,0.127,15107,10811,14509,0.00623789,0,0,0.0846,0.1588,0.2862,0.0588,0.01309,0.11358,0.10322,-0.0079,0.23067,0.67655
4239,2608.4,45895296,2833878,0.58,0.125,15303,10798,14528,0.00623465,0,0,0.0869,0.16,0.2705,0.0627,0.01226,0.11282,0.1089,-0.00785,0.24196,0.6796
4240,2609.1,45906108,2834536,0.628,0.126,14331,10812,14524,0.00623141,0,0,0.0927,0.166,0.2963,0.073,0.01158,0.11446,0.10574,-0.00971,0.23914,0.66018
4241,2610.0,45916970,2835168,0.768,0.125,12173,10862,14582,0.00622817,0,0,0.0898,0.1963,0.3524,0.1293,0.01152,0.11269,0.10731,-0.00872,0.24033,0.66324
4242,2610.8,45927783,2835812,0.638,0.125,14180,10813,14516,0.00622491,0,0,0.0923,0.1809,0.2795,0.0851,0.01135,0.11302,0.11574,-0.00858,0.2567,0.64826
4243,2611.7,45938629,2836451,0.754,0.129,12293,10846,14568,0.00622167,0,0,0.0927,0.2313,0.3451,0.0847,0.01183,0.11596,0.11518,-0.00713,0.25298,0.67223
4244,2612.5,45949487,2837103,0.688,0.131,13256,10858,14586,0.00621841,0,0,0.0974,0.1692,0.336,0.0852,0.00968,0.12134,0.11482,-0.00769,0.25334,0.6683
4245,2613.2,45960367,2837760,0.593,0.133,14978,10880,14604,0.00621515,0,0,0.0912,0.1672,0.2859,0.0492,0.01264,0.11992,0.11015,-0.00938,0.24744,0.67377
4246,2614.0,45971223,2838418,0.65,0.127,13962,10856,14568,0.00621189,0,0,0.0897,0.1673,0.3003,0.0927,0.01166,0.11526,0.11994,-0.00705,0.2622,0.66203
4247,2614.8,45982052,2839077,0.696,0.129,13131,10829,14549,0.00620863,0,0,0.0936,0.1835,0.2809,0.1379,0.01383,0.11453,0.1217,-0.00714,0.2662,0.68571
4248,2615.6,45992884,2839735,0.637,0.126,14191,10832,14565,0.00620538,0,0,0.0899,0.1777,0.3034,0.066,0.01222,0.11379,0.11695,-0.00676,0.25573,0.66922
4249,2616.3,46003772,2840406,0.649,0.13,13978,10888,14626,0.00620213,0,0,0.0967,0.1847,0.2993,0.0686,0.01456,0.1145,0.11977,-0.00608,0.25989,0.66079
4250,2617.1,46014622,2841076,0.669,0.126,13650,10850,14565,0.00619887,0,0,0.0859,0.1781,0.3101,0.0945,0.01306,0.11283,0.09635,-0.00664,0.214,0.64733
4251,2617.9,46025479,2841730,0.602,0.128,14872,10857,14600,0.00619561,0,0,0.1035,0.168,0.2813,0.0491,0.01337,0.11355,0.10909,-0.00754,0.24146,0.66149
4252,2618.6,46036323,2842400,0.57,0.125,15593,10844,14566,0.00619236,0,0,0.0907,0.1665,0.2732,0.0396,0.011,0.11385,0.10594,-0.00681,0.23389,0.67789
4253,2619.4,46047121,2843078,0.636,0.125,14189,10798,14512,0.0061891,0,0,0.09,0.1803,0.2681,0.0975,0.01176,0.11305,0.10668,-0.0062,0.23407,0.67039
4254,2620.1,46057926,2843753,0.64,0.127,14085,10805,14511,0.00618586,0,0,0.0858,0.1871,0.3004,0.0669,0.01159,0.11488,0.10321,-0.0071,0.22891,0.66979
4255,2621.0,46068763,2844432,0.685,0.134,13235,10837,14549,0.00618262,0,0,0.0909,0.202,0.3515,0.0402,0.01122,0.12255,0.11944,-0.0067,0.26037,0.65361
4256,2621.7,46079583,2845087,0.649,0.132,13848,10820,14499,0.00617937,0,0,0.0798,0.1748,0.2905,0.1041,0.01179,0.11997,0.11618,-0.00746,0.25527,0.64666
4257,2622.5,46090445,2845746,0.595,0.131,14966,10862,14572,0.00617613,0,0,0.0854,0.1842,0.2824,0.0431,0.01177,0.11842,0.11198,-0.00825,0.24822,0.62893
4258,2623.2,46101392,2846389,0.576,0.215,13845,10947,14654,0.00617287,0,0,0.0848,0.1611,0.2824,0.0474,0.01067,0.20384,0.10995,-0.00642,0.24065,0.64055
4259,2624.0,46112240,2847056,0.602,0.135,14727,10848,14578,0.00616958,0,0,0.098,0.1593,0.2833,0.0611,0.01183,0.12262,0.11577,-0.00563,0.25076,0.64389
4260,2624.6,46123108,2847709,0.509,0.132,16948,10868,14557,0.00616633,0,0,0.0739,0.1429,0.2485,0.0435,0.01345,0.11849,0.12138,-0.00783,0.26633,0.64077
4261,2625.4,46133956,2848366,0.616,0.132,14500,10848,14564,0.00616307,0,0,0.0829,0.1637,0.3035,0.0662,0.01305,0.11825,0.1236,-0.00691,0.26908,0.65352
4262,2626.2,46144796,2849024,0.643,0.198,12886,10840,14555,0.00615981,0,0,0.0983,0.1717,0.286,0.0869,0.01147,0.18646,0.12995,-0.00455,0.27681,0.63289
4263,2626.9,46155688,2849682,0.57,0.131,15535,10892,14569,0.00615656,0,0,0.0918,0.1561,0.2771,0.0453,0.0143,0.11613,0.11973,-0.00764,0.26256,0.63545
4264,2627.7,46166538,2850334,0.609,0.126,14772,10850,14550,0.00615329,0,0,0.0862,0.1701,0.2997,0.0526,0.01098,0.1144,0.11792,-0.00582,0.25542,0.64604
4265,2628.4,46177363,2850979,0.59,0.136,14917,10825,14533,0.00615004,0,0,0.0792,0.1516,0.2652,0.0938,0.01295,0.12262,0.12554,-0.00596,0.27093,0.64426
4266,2629.0,46188200,2851631,0.517,0.139,16499,10837,14550,0.00614679,0,0,0.0781,0.1441,0.2563,0.0389,0.01217,0.12694,0.13424,-0.00657,0.2895,0.6415
4267,2629.7,46199070,2852282,0.536,0.144,15978,10870,14593,0.00614354,0,0,0.0772,0.1478,0.2645,0.0468,0.01296,0.13073,0.12069,-0.00598,0.26126,0.64385
4268,2630.4,46209994,2852901,0.553,0.14,15764,10924,14621,0.00614028,0,0,0.0771,0.1476,0.2689,0.0598,0.01254,0.12652,0.13218,-0.00695,0.28623,0.64979
4269,2631.1,46220815,2853549,0.563,0.139,15417,10821,14564,0.006137,0,0,0.0856,0.1651,0.2627,0.0495,0.01259,0.12592,0.11742,-0.00702,0.25698,0.66106
4270,2631.8,46231650,2854195,0.565,0.137,15435,10835,14535,0.00613376,0,0,0.083,0.1539,0.271,0.0568,0.01268,0.12414,0.11678,-0.00759,0.25687,0.66213
4271,2632.6,46242508,2854807,0.613,0.136,14503,10858,14564,0.0061305,0,0,0.086,0.1649,0.266,0.0961,0.01252,0.12257,0.12674,-0.00878,0.27881,0.6336
4272,2633.3,46253483,2855447,0.553,0.135,15945,10975,14677,0.00612725,0,0,0.08,0.1593,0.263,0.0509,0.013,0.12164,0.12665,-0.00619,0.27382,0.66422
4273,2633.9,46264318,2856054,0.561,0.134,15585,10835,14519,0.00612396,0,0,0.079,0.1615,0.2683,0.052,0.01263,0.12138,0.13157,-0.00582,0.28271,0.64863
4274,2634.8,46275195,2856695,0.667,0.135,13559,10877,14572,0.0061207,0,0,0.0968,0.1779,0.2887,0.1034,0.01321,0.12173,0.12342,-0.00964,0.2743,0.66833
4275,2635.5,46286037,2857339,0.573,0.136,15304,10842,14545,0.00611744,0,0,0.0857,0.1565,0.2782,0.0524,0.0139,0.12141,0.11219,-0.00521,0.24341,0.70346
4276,2636.2,46296929,2857972,0.572,0.137,15347,10892,14600,0.00611419,0,0,0.087,0.1564,0.2836,0.0454,0.01272,0.12414,0.11165,-0.00615,0.24394,0.68267
4277,2637.0,46307798,2858589,0.652,0.138,13766,10869,14593,0.00611092,0,0,0.0855,0.1892,0.2912,0.0857,0.01313,0.12422,0.10085,-0.00908,0.22861,0.7161
4278,2637.6,46318772,2859192,0.532,0.138,16394,10974,14675,0.00610766,0,0,0.0764,0.1399,0.2732,0.0421,0.01149,0.12583,0.13231,-0.00683,0.28705,0.71661
4279,2638.2,46329696,2859800,0.485,0.132,17711,10924,14631,0.00610437,0,0,0.0691,0.1298,0.2483,0.0375,0.0131,0.11874,0.12739,-0.01026,0.28395,0.70864
4280,2638.9,46340624,2860425,0.569,0.132,15599,10928,14645,0.00610109,0,0,0.0777,0.1396,0.2529,0.0987,0.0112,0.11992,0.11584,-0.00689,0.25403,0.70173
4281,2639.7,46351563,2861048,0.596,0.129,15088,10939,14636,0.00609781,0,0,0.0833,0.1699,0.2924,0.0501,0.01196,0.11689,0.11705,-0.00747,0.25757,0.69949
4282,2640.4,46362470,2861668,0.585,0.13,15240,10907,14636,0.00609453,0,0,0.0927,0.1682,0.2656,0.0589,0.01302,0.11682,0.12092,-0.00948,0.26937,0.70254
4283,2641.1,46373409,2862285,0.621,0.13,14579,10939,14627,0.00609126,0,0,0.08,0.1775,0.2649,0.0981,0.01219,0.11713,0.11598,-0.00685,0.25377,0.66626
4284,2641.8,46384362,2862922,0.576,0.128,15552,10953,14651,0.00608798,0,0,0.0901,0.161,0.2746,0.0503,0.01201,0.11587,0.10993,-0.0078,0.24386,0.69005
4285,2642.5,46395298,2863540,0.564,0.128,15796,10936,14660,0.00608469,0,0,0.0864,0.1852,0.2484,0.0439,0.01162,0.11635,0.10533,-0.00947,0.23812,0.69987
4286,2643.4,46406245,2864162,0.689,0.128,13398,10947,14658,0.00608141,0,0,0.0969,0.1749,0.3278,0.089,0.01168,0.11631,0.11691,-0.00684,0.25612,0.70874
4287,2644.1,46417184,2864815,0.599,0.132,14961,10939,14637,0.00607813,0,0,0.0839,0.1956,0.2665,0.0529,0.01417,0.11767,0.11784,-0.00742,0.25917,0.71115
4288,2644.7,46428108,2865456,0.529,0.124,16714,10924,14641,0.00607484,0,0,0.077,0.1456,0.2574,0.0495,0.01159,0.11208,0.12018,-0.00595,0.26079,0.701
4289,2645.6,46439045,2866123,0.733,0.128,12701,10937,14646,0.00607157,0,0,0.0947,0.2114,0.3136,0.113,0.01261,0.11536,0.11397,-0.00711,0.25063,0.69767
4290,2646.3,46449984,2866762,0.587,0.137,15112,10939,14671,0.00606829,0,0,0.0848,0.1693,0.2827,0.0497,0.01173,0.12527,0.10883,-0.00781,0.24138,0.66755
4291,2647.2,46460901,2867404,0.651,0.213,12637,10917,14622,0.006065,0,0,0.0926,0.217,0.2975,0.044,0.01198,0.20044,0.10624,-0.0072,0.23491,0.66293
4292,2647.8,46471852,2868078,0.517,0.125,17047,10951,14677,0.00606173,0,0,0.0752,0.1342,0.2552,0.0523,0.01131,0.1138,0.09675,-0.00656,0.21468,0.66325
4293,2648.5,46482747,2868728,0.545,0.126,16238,10895,14612,0.00605844,0,0,0.0761,0.1629,0.2505,0.0551,0.01171,0.11414,0.11593,-0.00747,0.25479,0.65961
4294,2649.1,46493650,2869394,0.508,0.126,17201,10903,14625,0.00605518,0,0,0.0759,0.1407,0.2475,0.0441,0.01174,0.11354,0.10876,-0.00846,0.24277,0.68641
4295,2649.8,46504522,2870063,0.564,0.129,15692,10872,14581,0.0060519,0,0,0.0775,0.174,0.2567,0.0559,0.0124,0.11597,0.09984,-0.00761,0.22314,0.67992
4296,2650.5,46515458,2870717,0.504,0.127,17339,10936,14646,0.00604864,0,0,0.0735,0.1319,0.2484,0.0505,0.01115,0.115,0.10525,-0.00741,0.23316,0.64757
4297,2651.1,46526469,2871402,0.525,0.127,16886,11011,14739,0.00604536,0,0,0.0735,0.1632,0.2451,0.0435,0.01162,0.11483,0.10198,-0.00751,0.22709,0.67072
4298,2651.8,46537456,2872066,0.534,0.125,16685,10987,14708,0.00604206,0,0,0.073,0.135,0.2667,0.0591,0.01125,0.11306,0.10095,-0.00567,0.22105,0.64619
4299,2652.6,46548414,2872719,0.735,0.129,12686,10958,14673,0.00603876,0,0,0.0802,0.2052,0.275,0.1742,0.01342,0.11515,0.10842,-0.00482,0.23421,0.6397
4300,2653.6,46559395,2873382,0.796,0.194,11102,10981,14691,0.00603548,0,0,0.1042,0.2546,0.3355,0.1012,0.01243,0.18056,0.10923,-0.00697,0.24009,0.63709
4301,2654.4,46570370,2874028,0.666,0.128,13816,10975,14703,0.00603218,0,0,0.0813,0.2063,0.2824,0.0961,0.01185,0.11602,0.10479,-0.00705,0.23135,0.63675
4302,2655.1,46581288,2874687,0.507,0.129,17180,10918,14677,0.00602889,0,0,0.0769,0.1255,0.2572,0.0472,0.0114,0.11678,0.10416,-0.00761,0.23176,0.68117
4303,2655.9,46592157,2875326,0.65,0.128,13973,10869,14627,0.00602561,0,0,0.0779,0.1955,0.2706,0.1063,0.01201,0.11508,0.11537,-0.00779,0.25431,0.66324
4304,2656.5,46603048,2875978,0.539,0.127,16371,10891,14630,0.00602235,0,0,0.0825,0.1448,0.2698,0.0416,0.01115,0.11512,0.10364,-0.00714,0.2298,0.6852
4305,2657.2,46613983,2876638,0.534,0.127,16535,10935,14688,0.00601909,0,0,0.0738,0.1699,0.2484,0.0418,0.01292,0.114,0.10596,-0.0066,0.2331,0.66393
4306,2657.9,46624824,2877290,0.599,0.136,14742,10841,14618,0.00601581,0,0,0.0975,0.1585,0.2645,0.079,0.02021,0.11526,0.10096,-0.00691,0.22388,0.67487
4307,2658.8,46635686,2877960,0.7,0.127,13131,10862,14610,0.00601255,0,0,0.0862,0.1915,0.275,0.1476,0.01297,0.11363,0.10549,-0.0076,0.23455,0.69591
4308,2659.4,46646589,2878590,0.504,0.127,17303,10903,14646,0.00600929,0,0,0.0751,0.1318,0.2516,0.0451,0.01088,0.11535,0.12703,-0.0066,0.2755,0.68609
4309,2660.0,46657509,2879238,0.526,0.125,16770,10920,14679,0.00600602,0,0,0.067,0.1436,0.2361,0.079,0.01118,0.11382,0.10282,-0.00578,0.22546,0.68666
4310,2660.6,46668447,2879854,0.476,0.128,18104,10938,14690,0.00600275,0,0,0.0702,0.1211,0.2378,0.0472,0.01145,0.11594,0.09491,-0.00692,0.21186,0.68323
4311,2661.3,46679369,2880494,0.556,0.129,15952,10922,14705,0.00599947,0,0,0.0794,0.171,0.2541,0.0513,0.01218,0.11639,0.09612,-0.00743,0.21548,0.69851
4312,2662.1,46690329,2881133,0.665,0.133,13725,10960,14688,0.00599619,0,0,0.0934,0.1928,0.2952,0.0837,0.01568,0.1172,0.11099,-0.00581,0.24209,0.70907
4313,2662.9,46701252,2881778,0.605,0.13,14861,10923,14699,0.0059929,0,0,0.0866,0.1941,0.2746,0.0497,0.01207,0.11745,0.1042,-0.00816,0.23359,0.74106
4314,2663.6,46712162,2882425,0.565,0.126,15769,10910,14658,0.00598962,0,0,0.0875,0.1611,0.2714,0.0454,0.01185,0.11423,0.11317,-0.00882,0.25286,0.74067
4315,2664.3,46723112,2883068,0.649,0.122,14201,10950,14720,0.00598635,0,0,0.0783,0.2003,0.2696,0.1004,0.01214,0.10991,0.11413,-0.0101,0.25756,0.75991
4316,2665.0,46733992,2883705,0.522,0.126,16794,10880,14630,0.00598307,0,0,0.0759,0.1413,0.2576,0.0473,0.01187,0.11323,0.12086,-0.00667,0.26365,0.71745
4317,2665.6,46744834,2884358,0.529,0.124,16606,10842,14583,0.0059798,0,0,0.0728,0.1632,0.2466,0.0465,0.01314,0.11029,0.12232,-0.00822,0.26968,0.72005
4318,2666.3,46755737,2885010,0.52,0.122,16986,10903,14666,0.00597655,0,0,0.0708,0.1346,0.249,0.0658,0.01249,0.10872,0.12516,-0.0076,0.27454,0.75457
4319,2667.0,46766635,2885649,0.622,0.123,14621,10898,14643,0.00597328,0,0,0.0875,0.1927,0.2659,0.0762,0.0116,0.111,0.11047,-0.00825,0.24596,0.71381
4320,2667.7,46777534,2886277,0.564,0.134,15597,10899,14652,0.00597001,0,0,0.0815,0.1599,0.2625,0.0606,0.01187,0.1218,0.11758,-0.00782,0.25941,0.72184
4321,2668.4,46788376,2886927,0.538,0.124,16380,10842,14606,0.00596674,0,0,0.0764,0.1657,0.2567,0.0388,0.01176,0.11205,0.11696,-0.00871,0.26025,0.74715
4322,2669.0,46799259,2887585,0.536,0.125,16473,10883,14660,0.00596349,0,0,0.0791,0.1433,0.2656,0.0477,0.01128,0.11322,0.12268,-0.00496,0.26393,0.72507
4323,2669.7,46810093,2888215,0.55,0.122,16128,10834,14582,0.00596022,0,0,0.0717,0.174,0.2545,0.0495,0.01143,0.11026,0.11824,-0.00744,0.25999,0.72413
4324,2670.4,46820947,2888840,0.529,0.196,14965,10854,14616,0.00595697,0,0,0.0757,0.1324,0.2528,0.0685,0.01091,0.18462,0.10611,-0.00815,0.23713,0.72293
4325,2671.1,46831792,2889484,0.586,0.124,15284,10845,14624,0.00595372,0,0,0.075,0.167,0.253,0.0911,0.01213,0.11082,0.11067,-0.00653,0.24328,0.74585
4326,2671.7,46842655,2890146,0.466,0.123,18454,10863,14596,0.00595046,0,0,0.0678,0.1212,0.2336,0.0435,0.01114,0.11093,0.11699,-0.00871,0.26018,0.73918
4327,2672.4,46853554,2890770,0.538,0.173,15324,10899,14653,0.0059472,0,0,0.0733,0.1647,0.2541,0.0458,0.01158,0.16138,0.12983,-0.00687,0.28229,0.74747
4328,2673.1,46864394,2891420,0.524,0.129,16603,10840,14608,0.00594393,0,0,0.0771,0.1364,0.2542,0.0559,0.01114,0.11773,0.11216,-0.00722,0.24789,0.76806
4329,2673.7,46875243,2892077,0.512,0.124,17056,10849,14580,0.00594068,0,0,0.0678,0.1538,0.2485,0.0419,0.01184,0.11166,0.11368,-0.0069,0.25009,0.75214
4330,2674.7,46886077,2892717,0.644,0.294,11550,10834,14585,0.00593743,0,0,0.0721,0.1332,0.3942,0.0443,0.02874,0.26525,0.10633,-0.00663,0.23448,0.72032
4331,2675.3,46896935,2893355,0.498,0.118,17641,10858,14598,0.00593418,0,0,0.0637,0.1357,0.2383,0.06,0.01156,0.10592,0.12108,-0.00646,0.26386,0.73819
4332,2675.8,46907825,2893969,0.434,0.116,19810,10890,14618,0.00593092,0,0,0.0646,0.1106,0.2181,0.0405,0.01139,0.10418,0.1196,-0.00775,0.26339,0.73204
4333,2676.4,46918736,2894614,0.47,0.119,18514,10911,14668,0.00592765,0,0,0.0655,0.1344,0.2287,0.0416,0.01195,0.10693,0.11532,-0.00952,0.25846,0.73993
4334,2677.0,46929636,2895233,0.451,0.114,19304,10900,14657,0.00592438,0,0,0.0668,0.1132,0.2299,0.0407,0.01059,0.10316,0.1251,-0.00913,0.2771,0.73024
4335,2677.6,46940468,2895869,0.492,0.115,17831,10832,14587,0.00592111,0,0,0.0666,0.1385,0.24,0.0471,0.01196,0.10304,0.12264,-0.00891,0.2721,0.76009
4336,2678.2,46951356,2896506,0.441,0.115,19611,10888,14618,0.00591786,0,0,0.0613,0.1085,0.23,0.0407,0.01173,0.10265,0.12382,-0.00854,0.27322,0.7182
4337,2678.7,46962270,2897144,0.455,0.116,19123,10914,14682,0.00591459,0,0,0.0617,0.1299,0.2217,0.0417,0.01158,0.10373,0.13764,-0.0079,0.29947,0.71014
4338,2679.3,46973173,2897775,0.426,0.118,20034,10903,14679,0.00591132,0,0,0.061,0.1074,0.2215,0.0364,0.01166,0.10581,0.12605,-0.00669,0.27439,0.75309
4339,2680.0,46984041,2898409,0.586,0.12,15404,10868,14619,0.00590805,0,0,0.0711,0.1659,0.2673,0.0816,0.01134,0.1079,0.13103,-0.00715,0.28487,0.72043
4340,2680.6,46994917,2899083,0.504,0.12,17410,10876,14633,0.00590479,0,0,0.0758,0.1327,0.2544,0.0416,0.01254,0.10724,0.13304,-0.007,0.28833,0.6978
4341,2681.2,47005740,2899757,0.516,0.118,17064,10823,14614,0.00590152,0,0,0.0696,0.1592,0.2492,0.0381,0.01128,0.10655,0.13217,-0.00684,0.28612,0.68718
4342,2681.8,47016575,2900421,0.491,0.121,17698,10835,14574,0.00589828,0,0,0.0652,0.1166,0.2347,0.0743,0.01161,0.10942,0.12716,-0.0053,0.2731,0.69343
4343,2682.5,47027381,2901095,0.497,0.116,17632,10806,14562,0.00589503,0,0,0.0679,0.1472,0.2358,0.0456,0.01194,0.104,0.1392,-0.00592,0.29792,0.65167
4344,2683.0,47038288,2901751,0.463,0.119,18724,10907,14664,0.00589179,0,0,0.0676,0.1165,0.244,0.035,0.01257,0.10641,0.12942,-0.00667,0.27988,0.65359
4345,2683.6,47049169,2902418,0.455,0.119,18963,10881,14655,0.00588851,0,0,0.0631,0.1286,0.223,0.0402,0.01204,0.10652,0.12741,-0.00596,0.27461,0.66779
4346,2684.2,47060013,2903097,0.482,0.118,18056,10844,14638,0.00588525,0,0,0.0647,0.109,0.2359,0.0726,0.01143,0.10645,0.11376,-0.007,0.24963,0.68922
4347,2684.8,47070926,2903765,0.47,0.123,18425,10913,14681,0.005882,0,0,0.0653,0.1311,0.2307,0.0425,0.01173,0.11049,0.11029,-0.00628,0.24122,0.68691
4348,2685.4,47081841,2904440,0.451,0.122,19067,10915,14691,0.00587872,0,0,0.0653,0.1123,0.2345,0.0387,0.01218,0.10895,0.13021,-0.00749,0.28309,0.65443
4349,2686.0,47092715,2905122,0.46,0.118,18814,10874,14653,0.00587545,0,0,0.0625,0.1322,0.224,0.0414,0.01111,0.10654,0.10499,-0.00673,0.23118,0.65722
4350,2686.5,47103606,2905787,0.458,0.121,18811,10891,14646,0.00587219,0,0,0.0666,0.107,0.2396,0.0446,0.01281,0.1079,0.11147,-0.00698,0.2446,0.6556
4351,2687.1,47114489,2906456,0.486,0.119,17983,10883,14651,0.00586892,0,0,0.065,0.129,0.2279,0.0644,0.01123,0.10722,0.11214,-0.00742,0.24714,0.6827
4352,2687.7,47125375,2907127,0.45,0.122,19012,10886,14654,0.00586565,0,0,0.0669,0.1102,0.235,0.0384,0.01206,0.10974,0.10791,-0.0059,0.23553,0.67566
4353,2688.3,47136213,2907785,0.46,0.12,18697,10838,14578,0.00586239,0,0,0.0644,0.1328,0.2243,0.0383,0.01074,0.10874,0.10812,-0.00665,0.23738,0.66901
4354,2688.9,47147107,2908449,0.449,0.119,19182,10894,14653,0.00585914,0,0,0.0644,0.1064,0.2219,0.0563,0.01142,0.10723,0.10384,-0.00704,0.22965,0.67379
4355,2689.5,47157906,2909097,0.473,0.12,18214,10799,14520,0.00585587,0,0,0.0681,0.1375,0.2313,0.036,0.01121,0.10843,0.10353,-0.00765,0.23017,0.66669
4356,2690.1,47168717,2909779,0.445,0.119,19153,10811,14538,0.00585263,0,0,0.0642,0.1028,0.228,0.05,0.01159,0.10754,0.11044,-0.00738,0.24335,0.65927
4357,2690.7,47179605,2910453,0.512,0.119,17252,10888,14635,0.00584938,0,0,0.0659,0.132,0.2304,0.0841,0.01139,0.10711,0.12257,-0.00608,0.26514,0.67125
4358,2691.2,47190447,2911113,0.439,0.125,19200,10842,14583,0.00584612,0,0,0.0644,0.1071,0.2276,0.0402,0.01202,0.11307,0.11746,-0.00721,0.2573,0.68112
4359,2691.9,47201253,2911743,0.48,0.121,17977,10806,14530,0.00584287,0,0,0.0666,0.1355,0.2317,0.0462,0.01302,0.10776,0.11,-0.00878,0.24547,0.67569
4360,2692.5,47212139,2912389,0.487,0.129,17674,10886,14631,0.00583962,0,0,0.0703,0.1253,0.2445,0.0464,0.01249,0.11651,0.11397,-0.00723,0.25058,0.69977
4361,2693.2,47222964,2913030,0.559,0.129,15730,10825,14565,0.00583636,0,0,0.0717,0.1487,0.2473,0.0912,0.01171,0.11718,0.12747,-0.00616,0.27536,0.69361
4362,2693.8,47233772,2913686,0.496,0.132,17220,10808,14534,0.00583311,0,0,0.0722,0.1235,0.2422,0.0582,0.01249,0.11863,0.12276,-0.00698,0.2677,0.70525
4363,2694.5,47244603,2914335,0.549,0.129,15972,10831,14588,0.00582987,0,0,0.0714,0.1552,0.2592,0.0632,0.01322,0.11542,0.11355,-0.00873,0.25317,0.7374
4364,2695.1,47255445,2914970,0.494,0.127,17438,10842,14585,0.00582662,0,0,0.0708,0.1306,0.2476,0.0454,0.01224,0.11475,0.11264,-0.00695,0.24779,0.73962
4365,2695.7,47266308,2915630,0.524,0.128,16651,10863,14618,0.00582337,0,0,0.068,0.1411,0.2416,0.0734,0.01223,0.11561,0.11251,-0.00631,0.24644,0.7557
4366,2696.5,47277124,2916280,0.596,0.133,14820,10816,14542,0.00582011,0,0,0.0881,0.1605,0.2879,0.0599,0.0134,0.11951,0.12169,-0.00627,0.26452,0.73887
4367,2697.2,47287947,2916915,0.583,0.134,15096,10823,14574,0.00581686,0,0,0.079,0.1676,0.2672,0.0696,0.01452,0.11848,0.12035,-0.00852,0.26637,0.74145
4368,2697.9,47298810,2917556,0.588,0.135,15021,10863,14610,0.00581362,0,0,0.0812,0.1568,0.2592,0.0911,0.01423,0.1199,0.11295,-0.00764,0.24986,0.74525
4369,2698.8,47309666,2918192,0.753,0.124,12370,10856,14599,0.00581036,0,0,0.0787,0.1781,0.2662,0.2303,0.01257,0.11135,0.11839,-0.0065,0.25804,0.71147
4370,2699.4,47320503,2918843,0.495,0.122,17569,10837,14574,0.0058071,0,0,0.068,0.1254,0.2435,0.0584,0.01148,0.10973,0.1189,-0.00816,0.26239,0.71128
4371,2700.0,47331381,2919483,0.512,0.122,17173,10878,14629,0.00580385,0,0,0.0673,0.1422,0.2407,0.0615,0.0123,0.10914,0.11389,-0.00752,0.251,0.70318
4372,2700.7,47342208,2920131,0.505,0.122,17247,10827,14584,0.00580059,0,0,0.0721,0.1342,0.2442,0.0549,0.01164,0.11039,0.11575,-0.00727,0.25416,0.70088
4373,2701.3,47353040,2920777,0.488,0.12,17805,10832,14558,0.00579734,0,0,0.0667,0.1487,0.2341,0.0386,0.01118,0.10868,0.1213,-0.00718,0.2648,0.67572
4374,2701.9,47363883,2921441,0.484,0.12,17964,10843,14584,0.00579409,0,0,0.0692,0.1293,0.2441,0.0412,0.01182,0.10758,0.11694,-0.00844,0.25881,0.69522
4375,2702.5,47374699,2922092,0.463,0.118,18597,10816,14561,0.00579084,0,0,0.0624,0.1331,0.2336,0.0342,0.01107,0.10692,0.10527,-0.00735,0.23338,0.70411
4376,2703.0,47385503,2922748,0.401,0.119,20776,10804,14541,0.00578759,0,0,0.0571,0.0924,0.2109,0.0406,0.01096,0.1077,0.12176,-0.00787,0.26733,0.69729
4377,2703.5,47396351,2923410,0.403,0.119,20781,10848,14587,0.00578435,0,0,0.0566,0.1108,0.2042,0.0317,0.01144,0.10702,0.11469,-0.00902,0.25531,0.6805
4378,2704.0,47407205,2924058,0.398,0.12,20951,10854,14599,0.00578109,0,0,0.0567,0.096,0.2135,0.0322,0.01108,0.10833,0.1114,-0.00691,0.24411,0.64751
4379,2704.6,47418078,2924715,0.427,0.119,19910,10873,14603,0.00577784,0,0,0.0552,0.1111,0.2029,0.0578,0.01156,0.10719,0.12817,-0.00933,0.28303,0.69526
4380,2705.0,47428883,2925378,0.361,0.119,22503,10805,14506,0.00577458,0,0,0.0515,0.085,0.1951,0.0295,0.01141,0.10743,0.11038,-0.00858,0.24594,0.69467
4381,2705.6,47439736,2926052,0.395,0.118,21133,10853,14567,0.00577134,0,0,0.0493,0.1017,0.1934,0.0507,0.01116,0.10695,0.11971,-0.00744,0.26203,0.66881
4382,2706.0,47450570,2926694,0.36,0.118,22694,10834,14589,0.00576808,0,0,0.0497,0.0818,0.1935,0.0346,0.01109,0.10637,0.11937,-0.00754,0.26175,0.68653
4383,2706.5,47461319,2927349,0.372,0.118,21913,10749,14451,0.00576483,0,0,0.0487,0.101,0.1929,0.0296,0.0108,0.1073,0.11667,-0.0086,0.25805,0.65156
4384,2707.0,47472105,2927982,0.352,0.118,22914,10786,14513,0.0057616,0,0,0.0488,0.0811,0.1929,0.0296,0.01087,0.10717,0.10711,-0.0056,0.23307,0.66453
4385,2707.5,47482963,2928629,0.371,0.118,22206,10858,14592,0.00575837,0,0,0.0496,0.1003,0.1916,0.0294,0.01071,0.10708,0.11183,-0.00712,0.24602,0.70421
4386,2708.0,47493771,2929269,0.385,0.117,21533,10808,14546,0.00575511,0,0,0.0489,0.0808,0.1953,0.0596,0.01062,0.1064,0.11425,-0.00467,0.2455,0.66569
4387,2708.5,47504549,2929924,0.382,0.116,21635,10778,14502,0.00575187,0,0,0.0488,0.0996,0.1945,0.0395,0.01032,0.1051,0.13099,-0.00731,0.28421,0.66176
4388,2709.0,47515361,2930576,0.345,0.116,23444,10812,14534,0.00574864,0,0,0.0474,0.0787,0.1836,0.035,0.01099,0.10514,0.1178,-0.00636,0.25584,0.6535
4389,2709.4,47526155,2931236,0.364,0.116,22476,10794,14558,0.00574539,0,0,0.0467,0.0967,0.1907,0.0298,0.0106,0.10541,0.11331,-0.00645,0.24734,0.68078
4390,2709.9,47536955,2931884,0.346,0.117,23328,10800,14534,0.00574215,0,0,0.0473,0.0796,0.1911,0.0284,0.01079,0.10547,0.10715,-0.00695,0.23582,0.66311
4391,2710.4,47547694,2932544,0.381,0.115,21678,10739,14471,0.00573891,0,0,0.0482,0.1004,0.191,0.041,0.01018,0.10437,0.12048,-0.01041,0.26923,0.64851
4392,2710.9,47558414,2933208,0.362,0.118,22365,10720,14452,0.00573569,0,0,0.049,0.0806,0.1965,0.0356,0.0119,0.10542,0.12882,-0.00694,0.27905,0.65731
4393,2711.4,47569148,2933882,0.381,0.116,21586,10734,14434,0.00573248,0,0,0.0498,0.1014,0.1913,0.0385,0.01033,0.10566,0.13517,-0.00666,0.29079,0.62215
4394,2711.8,47579858,2934543,0.357,0.117,22569,10710,14434,0.00572926,0,0,0.0504,0.0832,0.1923,0.0316,0.01154,0.10528,0.11194,-0.00772,0.24655,0.63025
4395,2712.3,47590600,2935219,0.362,0.117,22465,10742,14478,0.00572604,0,0,0.0476,0.0978,0.1881,0.0281,0.01089,0.10533,0.12116,-0.00694,0.26363,0.64926
4396,2712.8,47601346,2935888,0.355,0.115,22870,10746,14475,0.00572282,0,0,0.0499,0.0811,0.1937,0.0307,0.00985,0.10437,0.11823,-0.0062,0.25625,0.64575
4397,2713.3,47612100,2936554,0.369,0.116,22160,10754,14482,0.0057196,0,0,0.0469,0.0976,0.1941,0.0307,0.01047,0.10527,0.12433,-0.00862,0.27373,0.68401
4398,2713.8,47622831,2937217,0.376,0.116,21821,10731,14445,0.00571637,0,0,0.0547,0.0879,0.2028,0.0306,0.01054,0.10494,0.13178,-0.00354,0.2783,0.67072
4399,2714.3,47633588,2937871,0.37,0.116,22124,10757,14490,0.00571315,0,0,0.0481,0.0981,0.1949,0.0292,0.01066,0.10501,0.14535,-0.00585,0.31,0.66534
4400,2714.7,47644361,2938547,0.348,0.117,23159,10773,14515,0.00570992,0,0,0.0474,0.0788,0.1876,0.0347,0.01024,0.1062,0.13221,-0.00548,0.2831,0.67712
4401,2715.5,47655099,2939202,0.37,0.116,22089,10738,14482,0.00570669,0,0,0.0491,0.0991,0.192,0.0303,0.01042,0.10507,0.13059,-0.00714,0.28306,0.66428
4402,2716.0,47665850,2939876,0.342,0.117,23439,10751,14468,0.00570347,0,0,0.0475,0.0796,0.1877,0.0268,0.01136,0.10551,0.1396,-0.00809,0.30317,0.68479
4403,2716.5,47676596,2940552,0.398,0.118,20861,10746,14490,0.00570024,0,0,0.055,0.0895,0.2015,0.0516,0.01107,0.10618,0.13319,-0.00817,0.29058,0.68927
4404,2717.0,47687443,2941204,0.401,0.117,20939,10847,14588,0.00569702,0,0,0.0507,0.0843,0.2005,0.0655,0.01074,0.10605,0.12487,-0.00789,0.27339,0.68929
4405,2717.5,47698275,2941846,0.356,0.116,22959,10832,14561,0.00569377,0,0,0.0473,0.0886,0.1903,0.0297,0.01016,0.10539,0.14,-0.00694,0.3015,0.66955
4406,2717.9,47709100,2942508,0.345,0.116,23480,10825,14568,0.00569052,0,0,0.0466,0.0842,0.1858,0.0284,0.01036,0.10524,0.13482,-0.00715,0.29164,0.67657
4407,2718.4,47719831,2943145,0.355,0.115,22834,10731,14467,0.00568727,0,0,0.0485,0.0827,0.1944,0.029,0.0106,0.10456,0.11501,-0.00851,0.2547,0.67304
4408,2718.9,47730634,2943802,0.346,0.116,23388,10803,14570,0.00568405,0,0,0.048,0.0785,0.1922,0.0269,0.01068,0.10528,0.1156,-0.00727,0.25392,0.71871
4409,2719.4,47741368,2944474,0.432,0.115,19613,10734,14451,0.00568081,0,0,0.0468,0.1121,0.1878,0.0853,0.00992,0.10508,0.12184,-0.00938,0.27041,0.70298
4410,2719.9,47752141,2945121,0.351,0.117,23013,10773,14518,0.00567759,0,0,0.0503,0.0832,0.1905,0.027,0.01142,0.10536,0.12292,-0.0079,0.26974,0.71159
4411,2720.4,47762870,2945800,0.368,0.116,22172,10729,14475,0.00567436,0,0,0.0511,0.0844,0.1976,0.0346,0.01028,0.1056,0.12046,-0.00885,0.26671,0.71338
4412,2720.8,47773628,2946443,0.355,0.116,22836,10758,14461,0.00567114,0,0,0.0476,0.0804,0.1907,0.0365,0.01073,0.10492,0.1248,-0.00655,0.27062,0.6977
4413,2721.3,47784404,2947103,0.368,0.117,22174,10776,14504,0.00566791,0,0,0.052,0.0856,0.1998,0.0311,0.01143,0.1058,0.10962,-0.00781,0.24289,0.70961
4414,2721.8,47795135,2947771,0.367,0.116,22220,10731,14435,0.00566468,0,0,0.0505,0.0841,0.1971,0.0352,0.01004,0.10574,0.12447,-0.00639,0.26954,0.69066
4415,2722.3,47805922,2948425,0.353,0.117,22932,10787,14523,0.00566146,0,0,0.0473,0.0797,0.1924,0.034,0.01062,0.10598,0.11707,-0.00793,0.25773,0.6835
4416,2722.7,47816703,2949083,0.352,0.116,23066,10781,14505,0.00565822,0,0,0.05,0.0834,0.1917,0.0266,0.0099,0.1055,0.12099,-0.00692,0.26356,0.68361
4417,2723.2,47827545,2949730,0.358,0.116,22900,10842,14576,0.00565499,0,0,0.0512,0.0838,0.196,0.0268,0.01085,0.10436,0.11914,-0.00531,0.25697,0.71334
4418,2723.7,47838371,2950388,0.355,0.116,23008,10826,14543,0.00565174,0,0,0.0505,0.0832,0.1945,0.0265,0.01021,0.10525,0.12085,-0.00831,0.26627,0.70264
4419,2724.2,47849153,2951041,0.347,0.116,23242,10782,14532,0.00564849,0,0,0.0487,0.0828,0.1898,0.0262,0.01116,0.105,0.12099,-0.00728,0.26452,0.70559
4420,2724.6,47859992,2951711,0.374,0.119,21962,10839,14588,0.00564525,0,0,0.0518,0.0861,0.2001,0.0362,0.0104,0.1087,0.121,-0.00749,0.26479,0.6918
4421,2725.1,47870834,2952365,0.363,0.12,22477,10842,14572,0.005642,0,0,0.0515,0.0843,0.2004,0.0265,0.01109,0.10832,0.1174,-0.00842,0.25906,0.65629
4422,2725.6,47881655,2953032,0.356,0.119,22775,10821,14550,0.00563875,0,0,0.0495,0.0801,0.1974,0.0291,0.01051,0.10824,0.11635,-0.00583,0.25183,0.66233
4423,2726.1,47892471,2953695,0.37,0.119,22132,10816,14553,0.0056355,0,0,0.0523,0.0875,0.2028,0.0273,0.01029,0.10824,0.1223,-0.00879,0.26987,0.68157
4424,2726.6,47903228,2954350,0.418,0.12,19990,10757,14514,0.00563226,0,0,0.0545,0.0876,0.2132,0.0627,0.01054,0.10904,0.11946,-0.00913,0.2649,0.68479
4425,2727.2,47914020,2955007,0.415,0.12,20182,10792,14532,0.00562903,0,0,0.0603,0.1042,0.2222,0.0281,0.01104,0.10868,0.12558,-0.00682,0.27215,0.6524
4426,2727.6,47924757,2955679,0.352,0.119,22791,10737,14468,0.00562579,0,0,0.0483,0.0803,0.1959,0.0274,0.0101,0.10873,0.11943,-0.00809,0.26276,0.68737
4427,2728.1,47935567,2956321,0.37,0.12,22074,10810,14562,0.00562257,0,0,0.0502,0.0837,0.2021,0.0339,0.01092,0.10859,0.1309,-0.00793,0.28523,0.67348
4428,2728.6,47946358,2956991,0.355,0.119,22761,10791,14547,0.00561933,0,0,0.0494,0.0824,0.196,0.0271,0.01025,0.10863,0.1457,-0.00935,0.31771,0.67786
4429,2729.1,47957113,2957664,0.397,0.12,20810,10755,14498,0.00561609,0,0,0.053,0.0857,0.2012,0.0571,0.01102,0.10839,0.14504,-0.00705,0.31157,0.65853
4430,2729.6,47967886,2958321,0.361,0.12,22394,10773,14526,0.00561287,0,0,0.0506,0.0832,0.1981,0.0294,0.01078,0.10866,0.12856,-0.00896,0.28267,0.67926
4431,2730.1,47978690,2958999,0.382,0.119,21558,10804,14529,0.00560963,0,0,0.0555,0.091,0.2076,0.028,0.01052,0.10822,0.12991,-0.00729,0.28216,0.69154
4432,2730.6,47989505,2959655,0.379,0.12,21689,10815,14590,0.00560639,0,0,0.0544,0.0916,0.2062,0.0267,0.01125,0.10822,0.14729,-0.00681,0.31586,0.68422
4433,2731.1,48000311,2960310,0.365,0.118,22352,10806,14570,0.00560315,0,0,0.0532,0.0849,0.2005,0.0267,0.01047,0.1074,0.1273,-0.00616,0.2747,0.69516
4434,2731.6,48011176,2960959,0.395,0.119,21140,10865,14575,0.00559991,0,0,0.052,0.0841,0.1996,0.0588,0.01063,0.10844,0.14632,-0.00699,0.31396,0.65514
4435,2732.1,48021989,2961626,0.352,0.119,22930,10813,14545,0.00559665,0,0,0.0481,0.0811,0.1957,0.0272,0.01082,0.10838,0.1337,-0.00659,0.28805,0.66659
4436,2732.5,48032815,2962293,0.343,0.117,23570,10826,14579,0.0055934,0,0,0.0479,0.0788,0.1904,0.0257,0.01082,0.10535,0.12696,-0.0079,0.27719,0.66777
4437,2733.0,48043651,2962950,0.34,0.117,23686,10836,14602,0.00559016,0,0,0.0463,0.0766,0.1919,0.0256,0.01074,0.10613,0.13062,-0.00627,0.2813,0.67207
4438,2733.4,48054456,2963621,0.348,0.116,23309,10805,14554,0.0055869,0,0,0.0479,0.0787,0.193,0.0281,0.01063,0.1049,0.13517,-0.00576,0.28907,0.64422
4439,2733.9,48065217,2964280,0.378,0.117,21730,10761,14538,0.00558366,0,0,0.0485,0.0806,0.1945,0.0547,0.01146,0.10524,0.13903,-0.00733,0.29976,0.63025
4440,2734.4,48075999,2964962,0.385,0.116,21526,10782,14537,0.00558043,0,0,0.0556,0.0904,0.2103,0.0288,0.01046,0.10499,0.12767,-0.009,0.28055,0.64666
4441,2734.9,48086761,2965638,0.379,0.117,21726,10762,14516,0.0055772,0,0,0.0549,0.0887,0.2066,0.0286,0.01101,0.10535,0.12464,-0.00655,0.26991,0.67632
4442,2735.4,48097506,2966312,0.356,0.117,22684,10745,14502,0.00557397,0,0,0.0519,0.0841,0.1924,0.0281,0.01093,0.10601,0.13686,-0.00799,0.2971,0.66549
4443,2735.9,48108224,2966996,0.341,0.117,23395,10718,14460,0.00557075,0,0,0.0472,0.0788,0.1903,0.0249,0.01076,0.10588,0.11791,-0.00506,0.25345,0.67473
4444,2736.4,48118968,2967669,0.377,0.116,21821,10744,14520,0.00556753,0,0,0.0489,0.0822,0.1884,0.057,0.01076,0.10476,0.12163,-0.00658,0.264,0.67993
4445,2736.8,48129731,2968356,0.341,0.116,23577,10763,14522,0.00556431,0,0,0.0477,0.0805,0.1869,0.0254,0.01095,0.1047,0.12406,-0.0064,0.26851,0.68131
4446,2737.3,48140480,2969055,0.337,0.116,23728,10749,14528,0.00556108,0,0,0.0466,0.0783,0.1854,0.0272,0.01052,0.1047,0.11118,-0.00843,0.24702,0.70144
4447,2737.8,48151272,2969720,0.377,0.116,21877,10792,14514,0.00555786,0,0,0.054,0.0867,0.2085,0.0277,0.0109,0.10522,0.12121,-0.00642,0.26301,0.6964
4448,2738.3,48162076,2970404,0.397,0.119,20915,10804,14555,0.00555462,0,0,0.0562,0.0933,0.2111,0.0366,0.01163,0.10739,0.10975,-0.00608,0.23926,0.6834
4449,2738.8,48172852,2971070,0.382,0.116,21618,10776,14532,0.00555138,0,0,0.0506,0.0832,0.1981,0.0504,0.01082,0.10502,0.1125,-0.00736,0.2472,0.67352
4450,2739.3,48183670,2971724,0.352,0.116,23148,10818,14576,0.00554814,0,0,0.0514,0.0814,0.1901,0.0289,0.01115,0.10412,0.11168,-0.0068,0.24467,0.69451
4451,2739.7,48194471,2972388,0.344,0.114,23599,10801,14582,0.0055449,0,0,0.0483,0.0806,0.1885,0.0263,0.00985,0.10376,0.10658,-0.00697,0.235,0.71241
4452,2740.2,48205273,2973040,0.339,0.118,23627,10802,14574,0.00554166,0,0,0.0465,0.0799,0.1872,0.0252,0.01095,0.10716,0.11003,-0.00633,0.24042,0.69344
4453,2740.7,48216020,2973722,0.394,0.115,21097,10747,14498,0.00553842,0,0,0.0512,0.0848,0.2019,0.0562,0.01065,0.10441,0.1124,-0.00606,0.24461,0.69486
4454,2741.2,48226793,2974411,0.355,0.119,22734,10773,14537,0.00553519,0,0,0.0514,0.0828,0.1941,0.0269,0.01063,0.10774,0.11707,-0.00672,0.25547,0.71262
4455,2741.9,48237574,2975088,0.365,0.339,15318,10781,14536,0.00553196,0,0,0.0479,0.0794,0.1939,0.0438,0.01167,0.32638,0.11952,-0.00818,0.26319,0.70309
4456,2742.4,48248349,2975752,0.434,0.127,19204,10775,14521,0.00552873,0,0,0.063,0.113,0.2266,0.031,0.01196,0.11501,0.11558,-0.00704,0.25285,0.68755
4457,2743.1,48259089,2976430,0.505,0.122,17107,10740,14457,0.0055255,0,0,0.0658,0.1202,0.2359,0.0836,0.01056,0.11147,0.12212,-0.00744,0.26673,0.6876
4458,2743.7,48269866,2977120,0.472,0.123,18112,10777,14551,0.00552227,0,0,0.0696,0.1211,0.2461,0.0351,0.01011,0.11268,0.11545,-0.00696,0.25229,0.67737
4459,2744.3,48280645,2977808,0.497,0.129,17231,10779,14542,0.00551904,0,0,0.0745,0.1371,0.2492,0.0358,0.01128,0.117,0.1137,-0.0071,0.24926,0.69421
4460,2744.9,48291410,2978483,0.475,0.125,17958,10765,14530,0.00551581,0,0,0.068,0.1257,0.2422,0.0386,0.01131,0.11332,0.11749,-0.00346,0.24939,0.67921
4461,2745.5,48302198,2979158,0.46,0.125,18420,10788,14531,0.00551258,0,0,0.063,0.1017,0.2327,0.0629,0.01051,0.11446,0.10148,-0.00692,0.22428,0.67722
4462,2746.0,48313001,2979835,0.389,0.123,21126,10803,14538,0.00550934,0,0,0.0563,0.0932,0.2125,0.0267,0.01064,0.11178,0.107,-0.00675,0.23493,0.67548
4463,2746.5,48323821,2980522,0.396,0.122,20870,10820,14589,0.0055061,0,0,0.0591,0.0946,0.2126,0.0301,0.01112,0.11061,0.10155,-0.00802,0.2267,0.68532
4464,2747.0,48334625,2981210,0.4,0.122,20680,10804,14593,0.00550285,0,0,0.0561,0.1042,0.2098,0.0304,0.01068,0.11105,0.11138,-0.00592,0.24209,0.67989
4465,2747.5,48345420,2981891,0.399,0.125,20604,10795,14538,0.00549961,0,0,0.0542,0.089,0.2041,0.0519,0.01092,0.11354,0.10508,-0.00512,0.22764,0.6594
4466,2748.1,48356199,2982599,0.398,0.13,20421,10779,14545,0.00549637,0,0,0.0575,0.0923,0.2166,0.0311,0.0107,0.11932,0.10227,-0.00444,0.22098,0.68713
4467,2748.6,48367029,2983297,0.381,0.13,21212,10830,14570,0.00549314,0,0,0.0546,0.0909,0.2068,0.0287,0.01081,0.11844,0.11032,-0.00758,0.24304,0.66011
4468,2749.1,48377802,2983986,0.418,0.127,19733,10773,14541,0.00548989,0,0,0.0567,0.1181,0.2116,0.0322,0.01064,0.11644,0.09716,-0.00604,0.21396,0.68775
4469,2749.7,48388619,2984680,0.392,0.126,20877,10817,14559,0.00548666,0,0,0.057,0.0921,0.2095,0.0333,0.01133,0.11449,0.09977,-0.00507,0.21687,0.65549
4470,2750.3,48399400,2985373,0.474,0.126,17989,10781,14528,0.00548341,0,0,0.0663,0.115,0.2307,0.0615,0.01129,0.11411,0.1094,-0.00865,0.24359,0.68452
4471,2750.8,48410229,2986068,0.404,0.123,20535,10829,14560,0.00548018,0,0,0.059,0.0968,0.2094,0.0388,0.0109,0.11218,0.11135,-0.00626,0.24276,0.68777
4472,2751.3,48421033,2986752,0.408,0.125,20265,10804,14561,0.00547693,0,0,0.059,0.0948,0.217,0.0374,0.01145,0.11324,0.11404,-0.00712,0.24978,0.68239
4473,2751.8,48431887,2987436,0.408,0.125,20375,10854,14598,0.00547369,0,0,0.0566,0.0908,0.2032,0.0576,0.01005,0.11418,0.1057,-0.00648,0.23184,0.68302
4474,2752.4,48442716,2988120,0.409,0.126,20255,10829,14578,0.00547043,0,0,0.0586,0.0924,0.2151,0.0426,0.01101,0.11461,0.12703,-0.00594,0.27335,0.67588
4475,2752.9,48453513,2988818,0.394,0.127,20759,10797,14544,0.00546719,0,0,0.0593,0.093,0.2111,0.0302,0.01095,0.11531,0.11573,-0.00619,0.25113,0.665
4476,2753.4,48464353,2989494,0.402,0.125,20586,10840,14588,0.00546395,0,0,0.0588,0.0979,0.2138,0.0312,0.01121,0.11323,0.12763,-0.00818,0.27887,0.66264
4477,2754.0,48475265,2990167,0.404,0.135,20224,10912,14657,0.00546069,0,0,0.0523,0.0882,0.2024,0.0612,0.01248,0.12259,0.12274,-0.00659,0.26581,0.65403
4478,2754.5,48486173,2990821,0.373,0.135,21468,10908,14656,0.00545742,0,0,0.0528,0.0875,0.2048,0.028,0.0111,0.12353,0.11733,-0.00946,0.26075,0.6574
4479,2755.0,48496982,2991496,0.372,0.132,21436,10809,14555,0.00545415,0,0,0.0512,0.0868,0.201,0.0331,0.01158,0.12028,0.10832,-0.00422,0.23246,0.67612
4480,2755.5,48507819,2992165,0.373,0.129,21564,10837,14587,0.00545091,0,0,0.0552,0.0875,0.2025,0.0283,0.01144,0.1174,0.10771,-0.00724,0.23696,0.64779
4481,2756.0,48518656,2992839,0.395,0.127,20745,10837,14597,0.00544765,0,0,0.0536,0.088,0.2061,0.0475,0.01114,0.11574,0.114,-0.00745,0.24986,0.63944
4482,2756.5,48529470,2993491,0.37,0.135,21410,10814,14579,0.0054444,0,0,0.0517,0.0847,0.1979,0.036,0.01141,0.12308,0.11834,-0.0069,0.25773,0.66663
4483,2757.0,48540319,2994153,0.379,0.132,21232,10849,14597,0.00544116,0,0,0.0533,0.0895,0.2085,0.0281,0.01148,0.11981,0.11255,-0.00751,0.24701,0.63403
4484,2757.6,48551100,2994836,0.409,0.136,19789,10781,14542,0.0054379,0,0,0.0587,0.097,0.2156,0.0374,0.01144,0.12429,0.11075,-0.00765,0.24386,0.64936
4485,2758.1,48561899,2995498,0.407,0.132,20052,10799,14568,0.00543467,0,0,0.0594,0.0982,0.2154,0.0336,0.01108,0.1205,0.11328,-0.00725,0.24816,0.65462
4486,2758.6,48572762,2996163,0.38,0.133,21170,10863,14606,0.00543143,0,0,0.0541,0.0882,0.2046,0.0334,0.01198,0.12064,0.10971,-0.00763,0.24163,0.63946
4487,2759.1,48583659,2996830,0.386,0.136,20891,10897,14640,0.00542817,0,0,0.0573,0.0911,0.2103,0.0273,0.01182,0.1234,0.10717,-0.00646,0.23414,0.633
4488,2759.7,48594484,2997478,0.391,0.131,20739,10825,14594,0.0054249,0,0,0.0563,0.0925,0.2116,0.0304,0.01103,0.11986,0.1162,-0.00461,0.24837,0.62108
4489,2760.2,48605350,2998154,0.387,0.132,20949,10866,14597,0.00542165,0,0,0.0582,0.0921,0.21,0.0267,0.01079,0.12052,0.12572,-0.00536,0.26888,0.61913
4490,2760.7,48616215,2998822,0.394,0.131,20675,10865,14622,0.0054184,0,0,0.0573,0.0943,0.2084,0.0344,0.01113,0.11973,0.11585,-0.00496,0.24849,0.63463
4491,2761.2,48627048,2999502,0.366,0.131,21786,10833,14587,0.00541514,0,0,0.0512,0.0864,0.2026,0.0257,0.01184,0.11924,0.13606,-0.00671,0.29238,0.63218
4492,2761.7,48637895,3000175,0.378,0.126,21518,10847,14592,0.00541189,0,0,0.0516,0.0833,0.2051,0.0382,0.0112,0.11412,0.12998,-0.00551,0.27769,0.62028
4493,2762.2,48648738,3000833,0.358,0.124,22498,10843,14592,0.00540863,0,0,0.0519,0.0846,0.1965,0.0246,0.01127,0.11276,0.12538,-0.00596,0.26929,0.60993
4494,2762.7,48659623,3001538,0.366,0.127,22074,10885,14664,0.00540538,0,0,0.0543,0.084,0.2002,0.0278,0.01147,0.1149,0.12329,-0.00861,0.27065,0.63499
4495,2763.2,48670478,3002192,0.366,0.127,21988,10855,14591,0.00540211,0,0,0.0539,0.0862,0.2016,0.0247,0.01081,0.11608,0.12398,-0.00506,0.26457,0.60184
4496,2763.7,48681293,3002864,0.37,0.127,21765,10815,14581,0.00539886,0,0,0.0526,0.0879,0.2029,0.027,0.01094,0.11524,0.11006,-0.00767,0.24238,0.64233
4497,2764.2,48692180,3003518,0.369,0.126,21972,10887,14624,0.00539561,0,0,0.0538,0.0872,0.2013,0.0271,0.01135,0.11447,0.1173,-0.00781,0.25717,0.643
4498,2764.7,48703046,3004179,0.399,0.121,20869,10866,14624,0.00539235,0,0,0.0516,0.0852,0.1994,0.0632,0.01032,0.11076,0.11161,-0.00919,0.2487,0.65813
4499,2765.3,48713946,3004819,0.45,0.126,18931,10900,14648,0.00538909,0,0,0.0656,0.1206,0.2331,0.0309,0.01186,0.11345,0.10732,-0.00574,0.23297,0.63449
4500,2765.9,48724811,3005488,0.475,0.123,18163,10865,14639,0.00538582,0,0,0.0676,0.1243,0.2509,0.0319,0.01053,0.11249,0.12148,-0.00803,0.26593,0.64073
4501,2766.4,48735707,3006132,0.372,0.123,21997,10896,14632,0.00538256,0,0,0.0534,0.0871,0.2064,0.0253,0.0117,0.1111,0.11383,-0.00809,0.25025,0.59517
4502,2766.9,48746646,3006768,0.368,0.127,22100,10939,14653,0.00537929,0,0,0.0538,0.0858,0.2012,0.0274,0.01064,0.1158,0.10961,-0.00736,0.24047,0.6058
4503,2767.4,48757552,3007394,0.382,0.131,21247,10906,14631,0.00537601,0,0,0.056,0.0899,0.2103,0.0262,0.01087,0.11969,0.11178,-0.00569,0.24133,0.59526
4504,2767.9,48768489,3008053,0.415,0.125,20257,10937,14639,0.00537273,0,0,0.0613,0.1042,0.2224,0.0272,0.011,0.11356,0.11927,-0.00706,0.25913,0.60102
4505,2768.4,48779363,3008699,0.366,0.128,22009,10874,14578,0.00536945,0,0,0.0517,0.0856,0.2039,0.0248,0.01078,0.11706,0.12226,-0.00624,0.26329,0.58638
4506,2768.9,48790248,3009351,0.372,0.123,21991,10885,14599,0.00536619,0,0,0.0522,0.0846,0.206,0.0294,0.01045,0.1121,0.1192,-0.00659,0.25766,0.566
4507,2769.4,48801163,3010022,0.372,0.126,21913,10915,14652,0.00536293,0,0,0.054,0.0897,0.2025,0.026,0.01133,0.11419,0.13263,-0.00425,0.28002,0.58335
4508,2769.9,48812081,3010675,0.401,0.123,20826,10918,14636,0.00535965,0,0,0.0602,0.0947,0.2131,0.033,0.01083,0.11206,0.12902,-0.00479,0.27393,0.58813
4509,2770.4,48823049,3011327,0.371,0.129,21968,10968,14668,0.00535638,0,0,0.0521,0.0885,0.2053,0.0246,0.01122,0.11719,0.11887,-0.00698,0.25805,0.59251
4510,2770.9,48833983,3011987,0.379,0.125,21718,10934,14661,0.00535309,0,0,0.0556,0.0882,0.2068,0.028,0.0107,0.11393,0.11891,-0.00769,0.25943,0.58209
4511,2771.4,48844933,3012642,0.37,0.123,22188,10950,14662,0.00534981,0,0,0.0534,0.0885,0.2046,0.0239,0.01079,0.11202,0.13185,-0.00625,0.28251,0.59114
4512,2771.9,48855877,3013304,0.373,0.123,22092,10944,14651,0.00534652,0,0,0.0541,0.0849,0.2043,0.0292,0.01076,0.11185,0.13267,-0.00585,0.28307,0.56465
4513,2772.4,48866787,3013965,0.368,0.12,22376,10910,14622,0.00534324,0,0,0.0531,0.086,0.2019,0.0267,0.01026,0.10927,0.11716,-0.00626,0.25296,0.57286
4514,2773.0,48877692,3014629,0.424,0.124,19900,10905,14628,0.00533996,0,0,0.063,0.099,0.226,0.036,0.01108,0.11268,0.11819,-0.00543,0.25359,0.59258
4515,2773.5,48888642,3015295,0.384,0.125,21498,10950,14649,0.00533669,0,0,0.0548,0.0895,0.2148,0.0254,0.01057,0.114,0.11656,-0.00613,0.25177,0.59912
4516,2774.0,48899593,3015967,0.375,0.122,22036,10951,14681,0.00533341,0,0,0.0548,0.0889,0.2045,0.0266,0.01121,0.11066,0.10886,-0.00828,0.24035,0.56817
4517,2774.5,48910515,3016644,0.38,0.122,21770,10922,14647,0.00533012,0,0,0.0557,0.0908,0.2081,0.0255,0.01076,0.11057,0.10875,-0.00708,0.23778,0.576
4518,2775.0,48921416,3017326,0.348,0.122,23195,10901,14610,0.00532685,0,0,0.0502,0.0801,0.1924,0.0255,0.01089,0.11054,0.10341,-0.00759,0.22823,0.58601
4519,2775.4,48932307,3017989,0.361,0.122,22535,10891,14595,0.00532358,0,0,0.0517,0.0848,0.1991,0.0253,0.01134,0.11086,0.1166,-0.00741,0.25427,0.58574
4520,2776.0,48943209,3018644,0.401,0.123,20801,10902,14636,0.00532031,0,0,0.0534,0.0868,0.204,0.0571,0.01167,0.11077,0.1186,-0.00764,0.25856,0.5707
4521,2776.4,48954159,3019306,0.354,0.122,22971,10950,14672,0.00531704,0,0,0.0491,0.0837,0.1958,0.0259,0.01036,0.11165,0.11984,-0.0055,0.25659,0.55498
4522,2776.9,48965165,3019963,0.35,0.122,23292,11006,14723,0.00531375,0,0,0.0499,0.0799,0.1948,0.0258,0.01071,0.11116,0.10706,-0.00724,0.23443,0.54813
4523,2777.4,48976086,3020635,0.35,0.123,23085,10921,14652,0.00531045,0,0,0.0488,0.0816,0.1954,0.0243,0.01099,0.11168,0.11591,-0.00725,0.25225,0.55725
4524,2777.9,48987055,3021307,0.418,0.125,20202,10969,14688,0.00530717,0,0,0.0544,0.0904,0.2123,0.061,0.01127,0.1133,0.12307,-0.0054,0.26277,0.54824
4525,2778.4,48998041,3021931,0.367,0.123,22430,10986,14706,0.00530388,0,0,0.0548,0.0854,0.2014,0.0257,0.01085,0.11138,0.11859,-0.00516,0.25347,0.56417
4526,2778.9,49009017,3022606,0.362,0.126,22512,10976,14715,0.00530059,0,0,0.0506,0.0819,0.2028,0.0267,0.01069,0.11471,0.12028,-0.00658,0.25966,0.56085
4527,2779.4,49019929,3023238,0.342,0.124,23419,10912,14618,0.00529729,0,0,0.0476,0.0804,0.1899,0.0238,0.01034,0.11367,0.11391,-0.00454,0.24267,0.54373
4528,2779.8,49030870,3023893,0.35,0.122,23171,10941,14626,0.00529402,0,0,0.0486,0.0805,0.196,0.025,0.01027,0.11163,0.12066,-0.00699,0.26142,0.57605
4529,2780.3,49041837,3024557,0.353,0.124,23021,10967,14679,0.00529074,0,0,0.0493,0.0811,0.1986,0.0237,0.0105,0.11283,0.11123,-0.00636,0.24114,0.56397
4530,2780.8,49052771,3025194,0.389,0.127,21202,10934,14640,0.00528745,0,0,0.0528,0.0851,0.199,0.0518,0.01139,0.11518,0.11028,-0.00855,0.24381,0.5823
4531,2781.3,49063690,3025846,0.369,0.126,22091,10919,14654,0.00528417,0,0,0.0526,0.0876,0.2006,0.0279,0.01087,0.11442,0.11628,-0.008,0.25482,0.59193
4532,2781.8,49074632,3026489,0.378,0.124,21823,10942,14682,0.00528089,0,0,0.0544,0.0874,0.208,0.0281,0.01053,0.11273,0.11959,-0.00857,0.26241,0.57735
4533,2782.3,49085553,3027137,0.36,0.125,22518,10921,14637,0.00527761,0,0,0.0516,0.0845,0.2005,0.0235,0.01065,0.1139,0.11467,-0.00693,0.2493,0.57878
4534,2782.8,49096462,3027779,0.387,0.125,21323,10909,14632,0.00527433,0,0,0.0498,0.083,0.1989,0.0552,0.01066,0.11378,0.12004,-0.00738,0.26086,0.57113
4535,2783.3,49107394,3028443,0.368,0.123,22235,10932,14643,0.00527106,0,0,0.0506,0.0844,0.2088,0.0247,0.01005,0.11282,0.11831,-0.00637,0.25568,0.60001
4536,2783.8,49118381,3029083,0.361,0.126,22601,10987,14689,0.00526778,0,0,0.0504,0.0824,0.1971,0.0306,0.01178,0.11357,0.12249,-0.00698,0.26496,0.57113
4537,2784.3,49129310,3029741,0.371,0.125,22042,10929,14628,0.00526449,0,0,0.0521,0.0852,0.2018,0.0318,0.0113,0.11336,0.12908,-0.0044,0.2732,0.59186
4538,2784.8,49140243,3030383,0.381,0.125,21623,10933,14656,0.00526121,0,0,0.0533,0.0935,0.2026,0.0316,0.01133,0.11297,0.1226,-0.00527,0.26197,0.59122
4539,2785.3,49151189,3031056,0.379,0.123,21796,10946,14647,0.00525793,0,0,0.055,0.0899,0.2056,0.029,0.01074,0.11175,0.12018,-0.00672,0.25984,0.57422
4540,2785.8,49162106,3031702,0.4,0.125,20789,10917,14623,0.00525464,0,0,0.0527,0.0851,0.2022,0.0598,0.01081,0.11428,0.12594,-0.00601,0.27021,0.60083
4541,2786.3,49173044,3032352,0.368,0.125,22194,10938,14666,0.00525137,0,0,0.0523,0.0871,0.2014,0.0269,0.01052,0.11425,0.12801,-0.00404,0.27016,0.57827
4542,2786.8,49183972,3032983,0.373,0.124,21947,10928,14610,0.00524809,0,0,0.0524,0.0861,0.2007,0.0341,0.0107,0.11352,0.12463,-0.00643,0.26823,0.58371
4543,2787.3,49194918,3033628,0.377,0.126,21760,10946,14639,0.00524481,0,0,0.0537,0.0869,0.2094,0.0272,0.01088,0.11449,0.13926,-0.00609,0.29685,0.58627
4544,2787.9,49205863,3034269,0.423,0.127,19872,10945,14640,0.00524152,0,0,0.0541,0.0943,0.213,0.0619,0.01041,0.11674,0.13404,-0.00653,0.2874,0.59662
4545,2788.4,49216772,3034905,0.395,0.132,20678,10909,14613,0.00523824,0,0,0.0588,0.0936,0.2128,0.0301,0.01103,0.121,0.13173,-0.00719,0.284,0.58986
4546,2788.9,49227753,3035553,0.405,0.136,20315,10981,14708,0.00523497,0,0,0.0594,0.0967,0.218,0.0307,0.01173,0.12365,0.11658,-0.00767,0.25461,0.58403
4547,2789.5,49238690,3036183,0.411,0.135,20044,10937,14629,0.00523167,0,0,0.0624,0.0977,0.2226,0.0284,0.01171,0.12256,0.11811,-0.00584,0.25405,0.58585
4548,2790.1,49249631,3036838,0.459,0.132,18517,10941,14688,0.00522839,0,0,0.0624,0.1026,0.228,0.0655,0.01142,0.1206,0.12135,-0.00569,0.26015,0.5809
4549,2790.6,49260575,3037478,0.407,0.134,20208,10944,14636,0.00522511,0,0,0.0604,0.1009,0.2171,0.0288,0.0113,0.12272,0.12054,-0.00523,0.25776,0.59459
4550,2791.2,49271522,3038140,0.407,0.133,20297,10947,14656,0.00522183,0,0,0.0606,0.0979,0.2153,0.0329,0.01086,0.1214,0.12266,-0.00515,0.26189,0.59922
4551,2791.7,49282479,3038796,0.418,0.133,19886,10957,14695,0.00521854,0,0,0.0618,0.1019,0.2208,0.0333,0.01095,0.12169,0.11981,-0.00634,0.25858,0.60064
4552,2792.3,49293409,3039435,0.445,0.13,19023,10930,14671,0.00521526,0,0,0.0592,0.1009,0.2202,0.0644,0.01062,0.11883,0.11588,-0.00715,0.25247,0.61408
4553,2792.8,49304348,3040114,0.385,0.134,21070,10939,14694,0.00521198,0,0,0.0553,0.0914,0.2073,0.0311,0.01124,0.12244,0.1201,-0.00596,0.25837,0.60065
4554,2793.3,49315279,3040774,0.387,0.126,21319,10931,14659,0.0052087,0,0,0.0567,0.0946,0.2093,0.0263,0.01126,0.11418,0.12454,-0.00758,0.27071,0.62228
4555,2793.8,49326212,3041435,0.371,0.127,21931,10933,14638,0.00520542,0,0,0.0512,0.0864,0.2049,0.0288,0.01065,0.11622,0.13002,-0.00758,0.28159,0.61378
4556,2794.3,49337139,3042079,0.374,0.126,21871,10927,14656,0.00520214,0,0,0.0509,0.0867,0.1984,0.0376,0.01152,0.11409,0.12052,-0.00508,0.25766,0.6209
4557,2794.8,49348085,3042723,0.374,0.125,21936,10946,14673,0.00519886,0,0,0.053,0.0904,0.2022,0.0283,0.01001,0.11482,0.11764,-0.00738,0.25649,0.62204
4558,2795.3,49359061,3043368,0.376,0.125,21918,10976,14679,0.00519557,0,0,0.0548,0.0889,0.2043,0.0279,0.01044,0.11417,0.11816,-0.00783,0.25844,0.62299
4559,2795.9,49369993,3044008,0.393,0.126,21081,10932,14662,0.00519228,0,0,0.0549,0.096,0.2138,0.0283,0.01028,0.11511,0.12571,-0.00751,0.27315,0.64535
4560,2796.3,49380952,3044654,0.359,0.124,22689,10959,14702,0.005189,0,0,0.0497,0.0836,0.1993,0.0264,0.01098,0.11264,0.11193,-0.00525,0.24109,0.64766
4561,2796.8,49391886,3045303,0.374,0.123,22009,10934,14659,0.00518571,0,0,0.0492,0.0835,0.1971,0.0441,0.01132,0.11132,0.11795,-0.00736,0.25714,0.62916
4562,2797.4,49402810,3045956,0.415,0.123,20309,10924,14667,0.00518243,0,0,0.055,0.098,0.2128,0.0494,0.01058,0.11177,0.11687,-0.0064,0.25276,0.59958
4563,2797.9,49413781,3046599,0.355,0.123,22914,10971,14679,0.00517916,0,0,0.0499,0.0842,0.1944,0.0267,0.01043,0.11274,0.12337,-0.00567,0.26455,0.62603
4564,2798.4,49424723,3047239,0.365,0.122,22458,10942,14683,0.00517587,0,0,0.0494,0.0889,0.196,0.0307,0.01061,0.11141,0.11278,-0.00787,0.2479,0.6392
4565,2798.9,49435681,3047884,0.376,0.122,21984,10958,14676,0.00517258,0,0,0.0497,0.0819,0.1998,0.0448,0.01121,0.11076,0.11991,-0.0066,0.25984,0.66023
4566,2799.3,49446615,3048507,0.363,0.122,22520,10934,14644,0.0051693,0,0,0.0485,0.101,0.1845,0.0293,0.01069,0.11128,0.11738,-0.00759,0.2564,0.6243
4567,2799.8,49457575,3049122,0.362,0.123,22636,10960,14700,0.00516602,0,0,0.048,0.0837,0.19,0.0399,0.01098,0.11136,0.11529,-0.00741,0.25195,0.63521
4568,2800.3,49468565,3049769,0.357,0.122,22937,10990,14703,0.00516273,0,0,0.0485,0.0824,0.1911,0.0347,0.00991,0.11227,0.11628,-0.0063,0.25165,0.62796
4569,2800.8,49479539,3050397,0.391,0.122,21382,10974,14707,0.00515943,0,0,0.0516,0.0861,0.2001,0.0535,0.01117,0.11041,0.12877,-0.00684,0.27759,0.61833
4570,2801.3,49490508,3051019,0.368,0.123,22338,10969,14697,0.00515614,0,0,0.0516,0.0844,0.2057,0.0259,0.0107,0.11241,0.10318,-0.00695,0.22683,0.63716
4571,2801.8,49501510,3051649,0.358,0.123,22868,11002,14731,0.00515285,0,0,0.0501,0.0852,0.1941,0.0291,0.01096,0.1114,0.11932,-0.00678,0.25882,0.64104
4572,2802.3,49512425,3052290,0.357,0.124,22683,10915,14668,0.00514955,0,0,0.0494,0.0818,0.1908,0.035,0.01084,0.1131,0.12137,-0.00716,0.26376,0.6513
4573,2802.8,49523409,3052938,0.389,0.122,21465,10984,14755,0.00514627,0,0,0.0567,0.0928,0.2046,0.0352,0.0107,0.11138,0.10572,-0.00675,0.23181,0.66684
4574,2803.3,49534407,3053564,0.42,0.121,20326,10998,14728,0.00514298,0,0,0.057,0.094,0.2066,0.0621,0.01061,0.11055,0.11351,-0.0077,0.24925,0.66476
4575,2803.8,49545335,3054185,0.355,0.122,22920,10928,14678,0.00513968,0,0,0.0495,0.0855,0.1889,0.0311,0.01099,0.11049,0.11141,-0.00672,0.24302,0.65917
4576,2804.3,49556270,3054812,0.356,0.125,22743,10935,14672,0.0051364,0,0,0.0497,0.0821,0.1952,0.0288,0.01135,0.11333,0.1187,-0.00651,0.25717,0.65751
4577,2804.7,49567185,3055445,0.348,0.122,23191,10915,14657,0.00513312,0,0,0.0467,0.0824,0.1911,0.0282,0.01026,0.11171,0.10993,-0.00877,0.24419,0.66058
4578,2805.2,49578089,3056078,0.355,0.123,22839,10904,14632,0.00512984,0,0,0.0483,0.0826,0.195,0.0289,0.01103,0.11134,0.10427,-0.00641,0.22816,0.662
4579,2805.7,49589079,3056697,0.371,0.128,22028,10990,14735,0.00512657,0,0,0.0495,0.0843,0.1954,0.042,0.01531,0.11195,0.10949,-0.00792,0.24172,0.67159
4580,2806.2,49600005,3057329,0.382,0.121,21709,10926,14662,0.00512328,0,0,0.0506,0.1041,0.1975,0.0301,0.00928,0.1115,0.10231,-0.00715,0.22601,0.69179
4581,2806.7,49610928,3057943,0.351,0.123,23003,10923,14644,0.00512,0,0,0.0475,0.0805,0.1963,0.0272,0.01029,0.11252,0.11073,-0.0077,0.24362,0.66142
4582,2807.2,49621837,3058560,0.369,0.133,21743,10909,14628,0.00511672,0,0,0.0495,0.0833,0.2026,0.0332,0.01145,0.1214,0.11949,-0.00915,0.26409,0.66568
4583,2807.7,49632733,3059178,0.396,0.123,21028,10896,14623,0.00511345,0,0,0.0548,0.0924,0.2011,0.0472,0.01085,0.1114,0.10853,-0.0087,0.24147,0.68634
4584,2808.2,49643691,3059812,0.369,0.124,22233,10958,14690,0.00511018,0,0,0.0509,0.0923,0.1962,0.0296,0.0106,0.11301,0.12216,-0.0084,0.26787,0.66045
4585,2808.8,49654631,3060424,0.421,0.121,20175,10940,14664,0.00510689,0,0,0.06,0.1008,0.2135,0.0472,0.01055,0.10996,0.10985,-0.00839,0.24325,0.66403
4586,2809.3,49665549,3061053,0.398,0.129,20737,10918,14641,0.00510361,0,0,0.057,0.0936,0.204,0.0431,0.0111,0.11743,0.10671,-0.00712,0.23465,0.6841
4587,2809.9,49676472,3061679,0.427,0.166,18429,10923,14668,0.00510034,0,0,0.057,0.0979,0.2078,0.0645,0.01158,0.15362,0.10262,-0.00695,0.22609,0.68106
4588,2810.5,49687336,3062330,0.397,0.21,17914,10864,14588,0.00509706,0,0,0.0551,0.0961,0.2136,0.0321,0.01018,0.19909,0.11587,-0.00771,0.25409,0.67975
4589,2811.0,49698282,3062959,0.373,0.121,22120,10946,14667,0.0050938,0,0,0.0541,0.089,0.2032,0.0271,0.00965,0.11149,0.11666,-0.00573,0.25146,0.6541
4590,2811.5,49709203,3063594,0.372,0.122,22105,10921,14630,0.00509052,0,0,0.0534,0.0867,0.2044,0.0274,0.01012,0.11164,0.11715,-0.00704,0.25518,0.66738
4591,2812.0,49720097,3064234,0.38,0.122,21723,10894,14620,0.00508724,0,0,0.0534,0.0882,0.1989,0.0392,0.01102,0.11054,0.11386,-0.00777,0.25022,0.68244
4592,2812.5,49730987,3064866,0.379,0.122,21723,10890,14627,0.00508397,0,0,0.0545,0.0892,0.2067,0.0288,0.01062,0.11132,0.11862,-0.00639,0.25689,0.67421
4593,2813.0,49741887,3065490,0.382,0.122,21637,10900,14618,0.0050807,0,0,0.0554,0.0908,0.206,0.0297,0.01075,0.11088,0.11236,-0.00705,0.24546,0.65419
4594,2813.5,49752839,3066116,0.397,0.125,21004,10952,14662,0.00507743,0,0,0.0574,0.0946,0.2134,0.0312,0.01016,0.11433,0.12229,-0.00677,0.2647,0.64795
4595,2814.0,49763729,3066775,0.403,0.123,20707,10890,14619,0.00507415,0,0,0.0566,0.0926,0.2025,0.0515,0.0104,0.1119,0.10635,-0.00803,0.23547,0.66184
4596,2814.5,49774631,3067414,0.39,0.124,21230,10902,14621,0.00507088,0,0,0.0547,0.0914,0.2116,0.0318,0.01077,0.11291,0.11755,-0.00629,0.2541,0.63328
4597,2815.1,49785487,3068070,0.392,0.119,21277,10856,14597,0.00506761,0,0,0.0568,0.0966,0.2099,0.0281,0.01011,0.10831,0.10386,-0.00782,0.23001,0.65707
4598,2815.5,49796354,3068713,0.371,0.121,22098,10867,14603,0.00506435,0,0,0.0523,0.086,0.201,0.0318,0.01067,0.10954,0.11292,-0.00739,0.24713,0.64365
4599,2816.0,49807220,3069371,0.366,0.119,22405,10866,14635,0.00506109,0,0,0.0505,0.0844,0.1996,0.0315,0.01035,0.10832,0.11068,-0.00798,0.24386,0.64626
4600,2816.5,49818089,3070015,0.361,0.118,22674,10869,14605,0.00505783,0,0,0.0484,0.0869,0.1951,0.0304,0.0108,0.10739,0.10121,-0.00908,0.22715,0.64988
