update,seconds,decisions,episodes,collect_s,update_s,decisions_per_s,policy_rows,acted_rows,entropy_coef,cut_episodes,tiebreak_unresolved,t_engine,t_encode,t_policy,t_other,t_transfer,t_compute,loss,policy_loss,value_loss,entropy
1,63.6,10898,377,29.53,34.108,171,10898,14545,0.02,0,0,0.0781,0.2528,29.0952,0.1042,0.20472,33.90308,0.10443,-0.00081,0.36179,3.78317
2,65.7,21796,859,0.697,1.325,5389,10898,14542,0.01999673,0,0,0.0573,0.1715,0.3966,0.072,0.01147,1.31248,0.10787,-0.00209,0.36518,3.63214
3,67.7,32711,1363,0.704,1.34,5342,10915,14557,0.01999346,0,0,0.0668,0.1155,0.4414,0.0799,0.0132,1.32568,0.07856,-0.00412,0.31028,3.62445
4,69.8,43585,1853,0.77,1.332,5171,10874,14509,0.01999019,0,0,0.0738,0.1422,0.4719,0.0824,0.01238,1.31934,0.09913,-0.00652,0.35548,3.60648
5,71.9,54417,2366,0.793,1.342,5075,10832,14509,0.01998692,0,0,0.0719,0.1656,0.4772,0.0778,0.01316,1.32781,0.10206,-0.009,0.36506,3.5757
6,73.8,65243,2880,0.664,1.222,5740,10826,14502,0.01998367,0,0,0.0654,0.1126,0.4305,0.0554,0.01166,1.20974,0.06838,-0.00967,0.29887,3.57225
7,75.7,76114,3434,0.652,1.224,5794,10871,14558,0.01998043,0,0,0.0648,0.1137,0.4325,0.0411,0.01096,1.21232,0.09652,-0.00673,0.3474,3.52587
8,77.7,86881,3976,0.713,1.245,5501,10767,14511,0.01997717,0,0,0.0697,0.1356,0.4451,0.0623,0.0128,1.23082,0.08647,-0.00831,0.32838,3.4746
9,79.6,97637,4544,0.709,1.241,5514,10756,14491,0.01997394,0,0,0.0725,0.1308,0.4516,0.0543,0.01181,1.22843,0.08354,-0.0092,0.32265,3.4335
10,81.7,108415,5146,0.817,1.253,5207,10778,14508,0.01997071,0,0,0.0806,0.1561,0.4815,0.0993,0.01223,1.22802,0.08442,-0.00741,0.31875,3.38266
11,83.8,119136,5737,0.854,1.247,5103,10721,14502,0.01996748,0,0,0.0831,0.2269,0.4551,0.0888,0.0123,1.23199,0.0799,-0.00323,0.30022,3.35464
12,85.8,129842,6345,0.744,1.222,5444,10706,14486,0.01996426,0,0,0.0664,0.1594,0.4286,0.0897,0.01118,1.21011,0.09372,-0.00753,0.33354,3.28206
13,87.8,140547,6994,0.76,1.236,5363,10705,14493,0.01996105,0,0,0.0752,0.137,0.4709,0.0765,0.01275,1.22267,0.09836,-0.00756,0.34165,3.25176
14,89.9,151268,7639,0.866,1.235,5104,10721,14517,0.01995784,0,0,0.0765,0.1575,0.5412,0.0903,0.01108,1.22274,0.09807,-0.00537,0.33208,3.1362
15,91.9,161923,8302,0.825,1.226,5194,10655,14463,0.01995462,0,0,0.0788,0.1461,0.5028,0.0975,0.01122,1.21391,0.08922,-0.00498,0.31223,3.10295
16,94.0,172575,8964,0.88,1.226,5060,10652,14472,0.01995142,0,0,0.077,0.1639,0.5412,0.0973,0.01089,1.21404,0.10027,-0.0049,0.33133,3.03183
17,96.1,183222,9626,0.846,1.236,5115,10647,14469,0.01994823,0,0,0.0744,0.1767,0.4892,0.1056,0.01129,1.22346,0.08144,-0.00522,0.29583,3.07039
18,98.2,193792,10285,0.844,1.234,5086,10570,14413,0.01994503,0,0,0.0792,0.175,0.4807,0.1094,0.01051,1.22213,0.10612,-0.00578,0.34311,2.99084
19,100.4,204447,10953,0.962,1.226,4871,10655,14503,0.01994186,0,0,0.0883,0.1652,0.5271,0.1813,0.01105,1.21324,0.09309,-0.00552,0.31424,2.93352
20,102.4,215107,11657,0.772,1.23,5326,10660,14516,0.01993867,0,0,0.0761,0.142,0.4726,0.0813,0.0125,1.21633,0.10695,-0.00352,0.33759,2.92506
21,104.4,225730,12352,0.8,1.232,5229,10623,14459,0.01993547,0,0,0.0814,0.1466,0.4719,0.0997,0.01278,1.21812,0.11993,-0.00402,0.36201,2.8617
22,106.4,236345,13047,0.772,1.218,5335,10615,14451,0.01993228,0,0,0.078,0.1415,0.4726,0.0799,0.01148,1.2053,0.11013,-0.00421,0.34009,2.79459
23,108.5,246951,13773,0.857,1.238,5061,10606,14450,0.0199291,0,0,0.0732,0.1947,0.4693,0.1201,0.01227,1.22542,0.11179,-0.00446,0.34185,2.7436
24,110.4,257510,14489,0.715,1.23,5428,10559,14418,0.01992591,0,0,0.0757,0.1358,0.4577,0.0459,0.01095,1.21815,0.12032,-0.00487,0.35834,2.70903
25,112.4,268086,15227,0.713,1.222,5466,10576,14460,0.01992275,0,0,0.0733,0.1348,0.456,0.0489,0.01133,1.20935,0.11856,-0.00403,0.35077,2.65025
26,114.3,278621,15971,0.722,1.231,5393,10535,14416,0.01991957,0,0,0.072,0.1351,0.4511,0.0642,0.01085,1.21937,0.12236,-0.00422,0.35733,2.61478
27,116.4,289191,16750,0.859,1.268,4968,10570,14440,0.01991641,0,0,0.0828,0.163,0.4978,0.1155,0.01258,1.253,0.13353,-0.00462,0.37502,2.47822
28,118.6,299741,17507,0.877,1.258,4941,10550,14414,0.01991324,0,0,0.0826,0.2079,0.4775,0.1094,0.01253,1.24429,0.1306,-0.00223,0.36503,2.49508
29,120.7,310300,18287,0.88,1.244,4971,10559,14433,0.01991008,0,0,0.0828,0.1686,0.5037,0.1251,0.01179,1.23089,0.11847,-0.00371,0.33996,2.40121
30,122.7,320817,19056,0.768,1.255,5197,10517,14407,0.01990691,0,0,0.0794,0.1427,0.48,0.0663,0.01359,1.24063,0.1203,-0.00405,0.34204,2.34422
31,124.9,331306,19847,0.838,1.369,4753,10489,14357,0.01990375,0,0,0.086,0.156,0.5019,0.0944,0.01221,1.35517,0.1118,-0.00233,0.3195,2.2921
32,127.2,341848,20649,0.857,1.365,4745,10542,14400,0.01990061,0,0,0.0883,0.168,0.51,0.0904,0.01314,1.35073,0.11308,-0.00118,0.31768,2.24053
33,129.5,352309,21445,1.01,1.36,4414,10461,14358,0.01989745,0,0,0.0952,0.1959,0.5734,0.1458,0.01299,1.34554,0.10498,-0.00285,0.30292,2.19229
34,131.8,362781,22237,0.949,1.342,4570,10472,14342,0.01989431,0,0,0.0915,0.2102,0.546,0.1016,0.01322,1.32786,0.1239,-0.00345,0.34084,2.16492
35,133.9,373269,23047,0.86,1.255,4959,10488,14365,0.01989117,0,0,0.0834,0.1751,0.5003,0.101,0.01146,1.24235,0.12815,-0.0047,0.35064,2.13512
36,136.0,383780,23852,0.83,1.265,5017,10511,14382,0.01988802,0,0,0.081,0.1435,0.4953,0.1098,0.01317,1.25123,0.12141,-0.00535,0.33554,2.06203
37,138.1,394276,24661,0.806,1.254,5095,10496,14392,0.01988487,0,0,0.0816,0.1499,0.4943,0.0802,0.01165,1.24109,0.1089,-0.00262,0.3065,2.09859
38,140.1,404789,25460,0.753,1.233,5291,10513,14385,0.01988172,0,0,0.08,0.1459,0.4747,0.0529,0.01298,1.21895,0.15134,-0.00203,0.38867,2.06045
39,142.2,415292,26245,0.902,1.205,4984,10503,14390,0.01987856,0,0,0.085,0.1788,0.4862,0.1524,0.01169,1.19211,0.12867,-0.002,0.34103,2.00399
40,144.2,425811,27075,0.803,1.206,5235,10519,14410,0.01987541,0,0,0.0796,0.1674,0.4725,0.0841,0.01232,1.19253,0.12946,-0.00403,0.34664,2.00373
41,146.2,436312,27873,0.802,1.209,5223,10501,14389,0.01987226,0,0,0.0791,0.1539,0.4728,0.0957,0.01251,1.1946,0.1345,-0.00053,0.34797,1.96017
42,148.1,446808,28667,0.721,1.197,5472,10496,14372,0.01986911,0,0,0.0767,0.1412,0.4477,0.0556,0.01052,1.18512,0.10644,-0.00347,0.29752,1.95571
43,150.1,457309,29460,0.769,1.198,5338,10501,14376,0.01986596,0,0,0.0791,0.149,0.4708,0.0698,0.0128,1.18453,0.11644,-0.00329,0.31732,1.95994
44,152.1,467814,30267,0.763,1.202,5344,10505,14394,0.01986281,0,0,0.0771,0.134,0.457,0.0954,0.01125,1.18994,0.12498,-0.00326,0.33401,1.9515
45,154.0,478336,31068,0.718,1.203,5477,10522,14400,0.01985966,0,0,0.0758,0.1342,0.4474,0.0609,0.01148,1.19047,0.11663,-0.00082,0.31306,1.96793
46,156.0,488874,31871,0.816,1.202,5222,10538,14421,0.0198565,0,0,0.0792,0.1523,0.4953,0.0893,0.01161,1.18932,0.11262,-0.00371,0.30935,1.93115
47,158.1,499399,32662,0.854,1.2,5124,10525,14398,0.01985334,0,0,0.0793,0.1534,0.5073,0.1142,0.01166,1.18614,0.11865,-0.00107,0.31637,1.93725
48,160.3,509966,33461,1.092,1.204,4603,10567,14453,0.01985018,0,0,0.0816,0.2606,0.5745,0.1753,0.01133,1.19136,0.11955,-0.00386,0.3236,1.93371
49,162.5,520484,34241,0.924,1.21,4928,10518,14428,0.01984701,0,0,0.0806,0.197,0.5334,0.1131,0.01322,1.19605,0.10849,-0.00161,0.2973,1.94279
50,164.5,531033,35030,0.793,1.204,5284,10549,14438,0.01984385,0,0,0.0803,0.1562,0.5018,0.0545,0.01218,1.19064,0.11621,-0.00162,0.31211,1.92651
51,166.5,541509,35820,0.795,1.199,5254,10476,14364,0.01984069,0,0,0.0799,0.1539,0.4943,0.0671,0.01251,1.18569,0.11622,-0.00102,0.31064,1.91938
52,169.3,552097,36626,0.823,1.217,5190,10588,14483,0.01983755,0,0,0.0778,0.1795,0.4672,0.0985,0.01244,1.20388,0.11832,-0.00256,0.31845,1.93288
53,171.3,562611,37426,0.796,1.207,5252,10514,14443,0.01983437,0,0,0.0792,0.1716,0.4954,0.0493,0.01175,1.19393,0.10882,-0.00012,0.29566,1.96076
54,173.3,573177,38227,0.796,1.21,5267,10566,14446,0.01983122,0,0,0.0798,0.1673,0.4751,0.074,0.01591,1.19276,0.11243,-0.00155,0.30308,1.894
55,175.5,583704,39013,0.919,1.212,4941,10527,14426,0.01982805,0,0,0.0822,0.204,0.4753,0.1573,0.01446,1.19505,0.10388,-0.00116,0.28649,1.92654
56,177.5,594299,39800,0.843,1.199,5188,10595,14475,0.01982489,0,0,0.0777,0.2136,0.4597,0.0917,0.01201,1.18615,0.11949,-0.00201,0.31805,1.89275
57,179.5,604850,40583,0.728,1.214,5432,10551,14447,0.01982171,0,0,0.0737,0.1495,0.4428,0.0625,0.01112,1.20199,0.13259,-0.00106,0.34732,2.01839
58,181.4,615407,41355,0.683,1.231,5517,10557,14456,0.01981854,0,0,0.0679,0.132,0.4315,0.0518,0.01139,1.21807,0.12376,-0.00348,0.333,1.98109
59,183.3,625969,42126,0.712,1.225,5455,10562,14473,0.01981538,0,0,0.0699,0.1438,0.4478,0.0502,0.0116,1.2117,0.094,-0.00122,0.26979,2.00209
60,185.4,636519,42914,0.867,1.221,5053,10550,14432,0.01981221,0,0,0.0828,0.2027,0.5055,0.0757,0.01141,1.2092,0.1079,-0.00187,0.2985,1.99291
61,187.3,647086,43692,0.687,1.243,5475,10567,14436,0.01980904,0,0,0.0667,0.1301,0.424,0.0659,0.01213,1.23002,0.11375,-0.00094,0.30839,1.99436
62,189.5,657686,44459,0.804,1.331,4964,10600,14472,0.01980587,0,0,0.0767,0.1536,0.49,0.0835,0.01234,1.31814,0.0865,-0.00114,0.25614,2.04119
63,191.5,668231,45234,0.726,1.272,5279,10545,14440,0.01980269,0,0,0.0722,0.1338,0.4385,0.0811,0.01278,1.25834,0.11868,-0.00205,0.31946,1.96936
64,193.3,678788,46003,0.632,1.223,5692,10557,14464,0.01979953,0,0,0.0633,0.1172,0.4146,0.0369,0.01135,1.21084,0.09719,-0.00234,0.27751,1.9809
65,195.2,689314,46781,0.685,1.225,5513,10526,14417,0.01979636,0,0,0.063,0.1249,0.4002,0.0967,0.01242,1.21127,0.09518,-0.00133,0.27229,2.002
66,197.1,699840,47550,0.644,1.2,5710,10526,14428,0.01979321,0,0,0.0629,0.1201,0.4179,0.0428,0.01267,1.18628,0.10355,-0.00272,0.29069,1.97433
67,198.9,710376,48333,0.624,1.202,5771,10536,14440,0.01979005,0,0,0.0638,0.116,0.4097,0.0347,0.0119,1.18887,0.1041,-0.00353,0.29291,1.96176
68,200.7,720979,49090,0.596,1.201,5899,10603,14494,0.01978689,0,0,0.0602,0.1097,0.3889,0.0375,0.01028,1.19028,0.10606,-0.00201,0.29605,2.0192
69,202.6,731535,49873,0.689,1.195,5602,10556,14456,0.01978371,0,0,0.0657,0.1259,0.4267,0.0707,0.01126,1.18288,0.10531,-0.00293,0.2946,1.97436
70,204.6,742174,50631,0.792,1.2,5341,10639,14514,0.01978054,0,0,0.0767,0.16,0.4888,0.0669,0.01316,1.18534,0.098,-0.00267,0.27976,1.98222
71,206.6,752713,51389,0.788,1.202,5297,10539,14448,0.01977735,0,0,0.0788,0.1757,0.4853,0.0478,0.0119,1.18913,0.10174,-0.00242,0.28845,2.02568
72,208.6,763314,52164,0.784,1.207,5324,10601,14497,0.01977419,0,0,0.0803,0.1615,0.467,0.0757,0.0122,1.1938,0.09897,-0.00341,0.2814,1.93761
73,210.6,773897,52942,0.81,1.207,5247,10583,14461,0.01977101,0,0,0.0778,0.1613,0.4767,0.0942,0.01211,1.19396,0.11058,-0.00122,0.30061,1.94765
74,212.5,784505,53728,0.738,1.198,5481,10608,14493,0.01976783,0,0,0.0752,0.1472,0.4574,0.0576,0.01109,1.18553,0.10012,-0.00209,0.28003,1.91217
75,214.5,795055,54499,0.754,1.199,5401,10550,14420,0.01976465,0,0,0.0792,0.1562,0.4753,0.0434,0.01227,1.18604,0.12065,-0.00321,0.32134,1.86241
76,216.5,805621,55280,0.779,1.206,5324,10566,14446,0.01976148,0,0,0.0794,0.1612,0.4807,0.0575,0.01203,1.19266,0.10966,-0.00341,0.29899,1.8432
77,218.5,816175,56074,0.797,1.208,5264,10554,14421,0.01975831,0,0,0.0816,0.1768,0.4887,0.05,0.01243,1.19462,0.11361,-0.00155,0.30182,1.80925
78,220.5,826707,56872,0.808,1.268,5074,10532,14423,0.01975515,0,0,0.0783,0.1731,0.4907,0.0656,0.01283,1.2539,0.11977,-0.00176,0.31582,1.84132
79,222.6,837300,57663,0.827,1.265,5065,10593,14465,0.01975199,0,0,0.0808,0.1654,0.4914,0.0892,0.01207,1.25135,0.10556,-0.00198,0.28895,1.86974
80,224.7,847885,58429,0.759,1.267,5224,10585,14460,0.01974881,0,0,0.0773,0.1601,0.4695,0.0517,0.01209,1.25448,0.10841,-0.00201,0.29431,1.86045
81,226.7,858456,59215,0.808,1.235,5174,10571,14482,0.01974563,0,0,0.0802,0.1592,0.474,0.0943,0.01292,1.22127,0.11025,-0.00051,0.29749,1.92418
82,228.7,868995,59970,0.766,1.233,5273,10539,14418,0.01974246,0,0,0.0747,0.1551,0.4633,0.0729,0.01184,1.21973,0.11063,-0.00155,0.29754,1.8531
83,230.6,879558,60749,0.728,1.21,5449,10563,14442,0.0197393,0,0,0.0736,0.1523,0.4592,0.0432,0.01192,1.19742,0.10819,-0.00293,0.29518,1.84771
84,232.5,890131,61508,0.698,1.21,5544,10573,14466,0.01973613,0,0,0.0694,0.134,0.4372,0.0572,0.01137,1.19742,0.12449,-0.00179,0.32421,1.81477
85,234.5,900717,62264,0.694,1.215,5545,10586,14460,0.01973296,0,0,0.0729,0.1333,0.448,0.0398,0.01199,1.20251,0.10589,-0.00301,0.29051,1.8428
86,236.4,911313,63025,0.709,1.227,5474,10596,14462,0.01972978,0,0,0.0692,0.1404,0.4478,0.0515,0.01126,1.21426,0.12076,-0.00155,0.31908,1.88711
87,238.3,921868,63803,0.708,1.228,5452,10555,14443,0.01972661,0,0,0.0709,0.1463,0.456,0.0346,0.01147,1.21603,0.10371,-0.00141,0.28487,1.89157
88,240.3,932430,64567,0.712,1.23,5439,10562,14449,0.01972344,0,0,0.0709,0.1365,0.446,0.0586,0.01192,1.21689,0.12482,-0.00211,0.32625,1.83511
89,242.2,943007,65336,0.728,1.225,5414,10577,14479,0.01972027,0,0,0.0733,0.1458,0.4677,0.0416,0.01217,1.21206,0.10347,-0.00193,0.28101,1.78045
90,244.2,953581,66120,0.79,1.235,5222,10574,14469,0.0197171,0,0,0.078,0.1562,0.4933,0.0625,0.01278,1.22122,0.11,-0.00203,0.29263,1.73916
91,246.1,964158,66883,0.591,1.222,5832,10577,14479,0.01971393,0,0,0.0579,0.1063,0.3967,0.0304,0.01113,1.21052,0.11321,0.0003,0.29613,1.78309
92,247.9,974705,67658,0.602,1.218,5794,10547,14431,0.01971075,0,0,0.0604,0.1055,0.3942,0.0417,0.01033,1.20727,0.11617,-0.00264,0.3083,1.79269
93,249.7,985340,68437,0.575,1.214,5943,10635,14531,0.01970759,0,0,0.0596,0.1035,0.3828,0.0296,0.01054,1.20274,0.12248,-0.00121,0.31904,1.81804
94,251.5,995926,69222,0.577,1.23,5858,10586,14493,0.0197044,0,0,0.0569,0.1002,0.3807,0.0393,0.01082,1.21849,0.11283,-0.0039,0.3042,1.79468
95,253.4,1006506,69990,0.617,1.28,5577,10580,14471,0.01970122,0,0,0.0604,0.1094,0.3881,0.0595,0.012,1.26702,0.12599,-0.00235,0.32673,1.77804
96,255.2,1017075,70764,0.589,1.276,5665,10569,14468,0.01969805,0,0,0.0613,0.1093,0.3883,0.0304,0.01079,1.26493,0.10939,-0.00184,0.29283,1.786
97,257.1,1027660,71547,0.619,1.276,5587,10585,14485,0.01969488,0,0,0.0608,0.1079,0.3882,0.0619,0.01101,1.26387,0.11601,-0.00217,0.30581,1.76309
98,259.0,1038240,72307,0.593,1.257,5720,10580,14471,0.0196917,0,0,0.0628,0.1087,0.3918,0.0294,0.0102,1.24606,0.12269,-0.00075,0.31797,1.80517
99,260.8,1048863,73090,0.598,1.213,5866,10623,14513,0.01968853,0,0,0.0566,0.1027,0.3816,0.0569,0.01033,1.20232,0.09284,-0.00372,0.26473,1.8187
100,262.6,1059400,73867,0.567,1.219,5900,10537,14423,0.01968534,0,0,0.0562,0.1044,0.3767,0.0299,0.01014,1.20778,0.11239,-0.00289,0.30051,1.7767
101,264.4,1069981,74644,0.626,1.219,5736,10581,14475,0.01968218,0,0,0.0593,0.1077,0.4007,0.0579,0.01062,1.20792,0.12054,-0.00283,0.31666,1.77621
102,266.3,1080533,75417,0.59,1.216,5842,10552,14431,0.01967901,0,0,0.0566,0.1,0.3811,0.0521,0.01121,1.20468,0.11722,-0.00199,0.30728,1.74935
103,268.1,1091144,76198,0.572,1.212,5948,10611,14516,0.01967584,0,0,0.0551,0.0983,0.3731,0.0456,0.01082,1.2004,0.11626,-0.00195,0.30604,1.76945
104,269.9,1101710,76984,0.587,1.206,5895,10566,14455,0.01967266,0,0,0.0586,0.1041,0.3945,0.0298,0.0111,1.19384,0.11391,-0.00234,0.3026,1.78185
105,271.6,1112266,77753,0.59,1.169,6000,10556,14456,0.01966949,0,0,0.0557,0.1042,0.3822,0.0478,0.01123,1.15758,0.13704,-0.0006,0.34724,1.82891
106,273.4,1122868,78534,0.543,1.165,6207,10602,14513,0.01966632,0,0,0.051,0.0957,0.3682,0.0283,0.01133,1.15294,0.10423,-0.00199,0.28352,1.80718
107,275.0,1133446,79297,0.531,1.16,6255,10578,14439,0.01966314,0,0,0.0465,0.0874,0.3496,0.0475,0.01048,1.14909,0.11441,-0.00227,0.30221,1.75125
108,276.8,1143989,80074,0.545,1.16,6183,10543,14438,0.01965997,0,0,0.0475,0.0875,0.3599,0.0506,0.01122,1.14784,0.11068,-0.00165,0.29399,1.76334
109,278.4,1154498,80827,0.516,1.16,6272,10509,14387,0.0196568,0,0,0.0494,0.0875,0.3526,0.0263,0.01075,1.14843,0.12175,-0.00201,0.316,1.74182
110,280.2,1165070,81599,0.578,1.159,6085,10572,14460,0.01965365,0,0,0.051,0.092,0.359,0.0763,0.01024,1.14833,0.12135,-0.00094,0.31164,1.70597
111,281.9,1175659,82380,0.543,1.161,6215,10589,14461,0.01965048,0,0,0.0513,0.0939,0.3579,0.0401,0.01145,1.1486,0.1204,-0.00267,0.31372,1.71943
112,283.6,1186219,83171,0.521,1.175,6226,10560,14459,0.0196473,0,0,0.0487,0.0892,0.3539,0.0296,0.01102,1.16299,0.12725,-0.00214,0.32562,1.70103
113,285.4,1196805,83943,0.593,1.205,5886,10586,14474,0.01964413,0,0,0.0572,0.0994,0.3726,0.064,0.01124,1.19318,0.13086,-0.00233,0.33284,1.69208
114,287.1,1207386,84704,0.573,1.204,5954,10581,14493,0.01964096,0,0,0.0597,0.1038,0.3832,0.026,0.01104,1.19258,0.11516,-0.00329,0.30554,1.74758
115,288.9,1218005,85483,0.593,1.206,5901,10619,14510,0.01963778,0,0,0.0558,0.1053,0.372,0.0603,0.01066,1.19483,0.11083,-0.00218,0.29409,1.73293
116,290.7,1228588,86221,0.577,1.205,5938,10583,14469,0.0196346,0,0,0.0571,0.0999,0.375,0.0452,0.01086,1.19351,0.11229,-0.00139,0.29482,1.71777
117,292.5,1239186,86987,0.574,1.166,6091,10598,14489,0.01963142,0,0,0.0578,0.1009,0.385,0.0301,0.01079,1.15454,0.12778,-0.00115,0.32696,1.76008
118,294.2,1249832,87745,0.615,1.16,5997,10646,14535,0.01962824,0,0,0.0605,0.1165,0.3975,0.0406,0.0103,1.14911,0.11279,-0.00217,0.29724,1.71492
119,295.9,1260434,88498,0.534,1.161,6257,10602,14476,0.01962505,0,0,0.0523,0.0924,0.3621,0.0268,0.01087,1.1494,0.119,-0.00098,0.30802,1.73419
120,297.6,1271013,89252,0.537,1.161,6230,10579,14451,0.01962187,0,0,0.0471,0.0874,0.3499,0.0523,0.0111,1.14935,0.131,-0.00182,0.33284,1.71229
121,299.3,1281619,90023,0.547,1.16,6212,10606,14483,0.0196187,0,0,0.0526,0.0927,0.3643,0.0377,0.01059,1.14884,0.13041,-0.00197,0.33259,1.7286
122,301.1,1292218,90782,0.559,1.162,6160,10599,14492,0.01961551,0,0,0.0545,0.0947,0.3664,0.0431,0.01067,1.1507,0.12037,-0.00175,0.3093,1.65877
123,302.8,1302817,91557,0.564,1.161,6143,10599,14486,0.01961233,0,0,0.0542,0.0934,0.3659,0.0505,0.01078,1.1498,0.12079,-0.00231,0.3128,1.69775
124,304.5,1313439,92284,0.507,1.161,6367,10622,14495,0.01960915,0,0,0.0466,0.087,0.3482,0.0254,0.01047,1.15006,0.11423,-0.00346,0.30206,1.70008
125,306.2,1324053,93051,0.539,1.16,6247,10614,14497,0.01960597,0,0,0.0472,0.0877,0.3551,0.0493,0.01026,1.14889,0.12583,-0.00111,0.32044,1.69743
126,307.9,1334618,93797,0.552,1.161,6170,10565,14425,0.01960278,0,0,0.0501,0.089,0.3572,0.0555,0.01091,1.14888,0.11966,-0.00115,0.30808,1.69542
127,309.5,1345222,94565,0.507,1.16,6362,10604,14467,0.01959961,0,0,0.0468,0.084,0.3507,0.025,0.01008,1.1496,0.12486,-0.00221,0.31983,1.67578
128,311.3,1355830,95305,0.563,1.162,6152,10608,14485,0.01959643,0,0,0.0525,0.0918,0.3663,0.052,0.0111,1.14988,0.12279,-0.00236,0.3162,1.68151
129,313.0,1366451,96043,0.553,1.159,6201,10621,14481,0.01959325,0,0,0.0527,0.0933,0.3663,0.0412,0.01003,1.14865,0.1238,-0.0018,0.31835,1.71387
130,314.6,1377051,96791,0.503,1.16,6374,10600,14470,0.01959006,0,0,0.0463,0.0834,0.3455,0.0275,0.01013,1.14959,0.11137,-0.00256,0.29515,1.7175
131,316.4,1387690,97524,0.543,1.204,6087,10639,14487,0.01958688,0,0,0.0498,0.0911,0.3591,0.0434,0.01148,1.19209,0.11304,-0.00201,0.29774,1.72717
132,318.1,1398272,98276,0.553,1.205,6018,10582,14477,0.01958369,0,0,0.0492,0.0895,0.361,0.0534,0.01103,1.19339,0.1165,-0.00127,0.30316,1.72639
133,319.9,1408897,99031,0.553,1.206,6042,10625,14499,0.01958052,0,0,0.0538,0.0994,0.3695,0.0298,0.01119,1.19417,0.12046,-0.00161,0.31085,1.70349
134,321.7,1419548,99771,0.625,1.214,5792,10651,14503,0.01957733,0,0,0.0561,0.1101,0.3769,0.0821,0.01078,1.19674,0.12552,-0.00252,0.32232,1.69173
135,323.7,1430137,100518,0.76,1.195,5417,10589,14467,0.01957414,0,0,0.0533,0.1535,0.3757,0.1774,0.01125,1.1823,0.10988,-0.0028,0.29222,1.70811
136,325.5,1440719,101288,0.654,1.161,5831,10582,14470,0.01957096,0,0,0.053,0.1248,0.3657,0.1102,0.01108,1.14943,0.10892,-0.00275,0.28822,1.65763
137,327.3,1451352,102037,0.587,1.162,6079,10633,14508,0.01956778,0,0,0.055,0.1061,0.3756,0.0506,0.01109,1.14996,0.10863,-0.00149,0.28711,1.70906
138,329.0,1461975,102802,0.537,1.16,6260,10623,14503,0.01956459,0,0,0.0526,0.095,0.3619,0.0278,0.00997,1.14905,0.12227,-0.00159,0.31486,1.71558
139,330.7,1472583,103539,0.545,1.16,6223,10608,14487,0.01956141,0,0,0.0479,0.0898,0.3555,0.0516,0.0103,1.1488,0.11325,-0.0018,0.29753,1.72346
140,332.3,1483171,104311,0.511,1.161,6334,10588,14473,0.01955823,0,0,0.0472,0.0856,0.3486,0.0292,0.0107,1.14956,0.11852,-0.00178,0.30714,1.70123
141,334.1,1493766,105061,0.604,1.162,6000,10595,14466,0.01955505,0,0,0.0593,0.1058,0.3888,0.0501,0.01084,1.1503,0.11629,-0.00361,0.3083,1.75138
142,335.8,1504361,105826,0.511,1.16,6339,10595,14467,0.01955187,0,0,0.0459,0.0854,0.3528,0.027,0.01053,1.14928,0.11319,-0.00227,0.29912,1.74407
143,337.5,1514956,106588,0.544,1.161,6214,10595,14464,0.01954869,0,0,0.0494,0.0931,0.3555,0.0462,0.01076,1.1494,0.11143,-0.00301,0.297,1.74232
144,339.2,1525556,107353,0.555,1.159,6184,10600,14496,0.01954551,0,0,0.0535,0.095,0.3685,0.0378,0.0103,1.14852,0.11052,-0.002,0.29327,1.74577
145,340.9,1536138,108109,0.538,1.16,6234,10582,14453,0.01954233,0,0,0.0468,0.0865,0.3473,0.0569,0.01053,1.14872,0.11287,-0.0019,0.29604,1.70115
146,342.6,1546769,108860,0.549,1.161,6214,10631,14528,0.01953916,0,0,0.0533,0.095,0.3587,0.0426,0.01047,1.15,0.11618,-0.00106,0.30309,1.75551
147,344.3,1557396,109628,0.529,1.159,6296,10627,14509,0.01953597,0,0,0.0513,0.0952,0.3502,0.0318,0.01023,1.14851,0.10958,-0.00262,0.29004,1.67987
148,346.0,1568007,110383,0.587,1.171,6035,10611,14476,0.01953278,0,0,0.0553,0.1011,0.3762,0.0545,0.01031,1.16021,0.11479,-0.00094,0.29958,1.7437
149,347.9,1578642,111121,0.632,1.196,5817,10635,14499,0.0195296,0,0,0.0588,0.1087,0.399,0.0653,0.01162,1.18401,0.12208,-0.00217,0.31386,1.67301
150,349.7,1589233,111872,0.591,1.214,5866,10591,14466,0.01952641,0,0,0.0563,0.1019,0.3675,0.0653,0.01025,1.20345,0.10725,-0.00175,0.28219,1.64357
151,351.4,1599822,112634,0.551,1.212,6008,10589,14446,0.01952323,0,0,0.056,0.0979,0.366,0.0309,0.01033,1.20071,0.12454,-0.00153,0.3165,1.64821
152,353.4,1610413,113403,0.593,1.214,5862,10591,14472,0.01952005,0,0,0.0554,0.1004,0.367,0.0701,0.01078,1.20206,0.11307,-0.0018,0.29442,1.65684
153,355.2,1621003,114149,0.572,1.213,5935,10590,14455,0.01951688,0,0,0.0601,0.1034,0.3725,0.0357,0.01062,1.20148,0.12021,-0.00171,0.30778,1.63776
154,356.9,1631596,114900,0.591,1.163,6039,10593,14471,0.0195137,0,0,0.0566,0.1039,0.3747,0.0552,0.01305,1.14975,0.10989,-0.00232,0.29155,1.72025
155,358.6,1642158,115671,0.547,1.161,6182,10562,14451,0.01951052,0,0,0.0545,0.0992,0.3643,0.0294,0.01094,1.14958,0.12061,-0.0027,0.31188,1.67268
156,360.4,1652767,116424,0.576,1.161,6105,10609,14488,0.01950735,0,0,0.0544,0.0974,0.3662,0.0585,0.01038,1.15041,0.1276,-0.00093,0.32268,1.68158
157,362.1,1663355,117190,0.594,1.163,6027,10588,14457,0.01950417,0,0,0.0586,0.1098,0.3879,0.0374,0.0109,1.15144,0.11705,-0.00201,0.30246,1.64943
158,363.9,1673905,117938,0.565,1.161,6113,10550,14414,0.01950099,0,0,0.0549,0.0984,0.3679,0.0438,0.01057,1.14952,0.11755,-0.00133,0.30298,1.67258
159,365.6,1684458,118711,0.573,1.162,6084,10553,14438,0.01949783,0,0,0.0569,0.1048,0.3781,0.033,0.01097,1.14982,0.12076,-0.0024,0.31167,1.67583
160,367.3,1695054,119452,0.557,1.16,6170,10596,14472,0.01949466,0,0,0.0547,0.0954,0.3667,0.0406,0.01048,1.14857,0.11976,-0.00294,0.31098,1.68201
161,369.1,1705638,120218,0.578,1.164,6074,10584,14445,0.01949148,0,0,0.0555,0.0969,0.365,0.0607,0.01299,1.15071,0.11715,-0.00152,0.30162,1.64902
162,370.8,1716238,120990,0.573,1.163,6105,10600,14480,0.01948831,0,0,0.0566,0.1071,0.376,0.0332,0.01245,1.15032,0.12425,-0.00167,0.31677,1.66582
163,372.5,1726827,121739,0.56,1.159,6161,10589,14445,0.01948513,0,0,0.0532,0.0965,0.3615,0.0487,0.00987,1.14793,0.11174,-0.00236,0.29165,1.62847
164,374.2,1737401,122495,0.561,1.161,6138,10574,14443,0.01948195,0,0,0.0531,0.0929,0.3613,0.054,0.01236,1.14844,0.1217,-0.00228,0.31011,1.59521
165,375.9,1747999,123260,0.514,1.161,6326,10598,14449,0.01947878,0,0,0.0484,0.0837,0.3534,0.0287,0.01096,1.14953,0.10958,-0.00201,0.28595,1.61127
166,377.7,1758597,124007,0.596,1.165,6018,10598,14481,0.0194756,0,0,0.0566,0.0964,0.3699,0.0733,0.01079,1.15354,0.12056,-0.00226,0.30995,1.65075
167,379.4,1769177,124766,0.537,1.166,6213,10580,14450,0.01947242,0,0,0.0535,0.0932,0.3623,0.0282,0.01042,1.15473,0.1187,-0.00259,0.30539,1.61311
168,381.2,1779747,125533,0.585,1.201,5919,10570,14436,0.01946925,0,0,0.0585,0.1026,0.3778,0.0462,0.01098,1.18902,0.10796,-0.00133,0.28093,1.60132
169,383.0,1790389,126281,0.592,1.201,5935,10642,14518,0.01946608,0,0,0.0614,0.1094,0.3894,0.0321,0.01066,1.1893,0.12449,-0.00075,0.31491,1.65489
170,384.7,1801009,127025,0.591,1.199,5932,10620,14487,0.01946288,0,0,0.0605,0.1044,0.3822,0.0444,0.01153,1.18656,0.11544,-0.00266,0.29977,1.63298
171,386.5,1811594,127773,0.595,1.203,5888,10585,14447,0.0194597,0,0,0.0587,0.1034,0.3877,0.0448,0.01288,1.18955,0.10767,-0.00072,0.28067,1.64142
172,388.3,1822221,128531,0.615,1.191,5886,10627,14497,0.01945652,0,0,0.0588,0.1115,0.3834,0.0611,0.01166,1.17836,0.11692,-0.00084,0.29974,1.65023
173,390.2,1832843,129286,0.613,1.188,5897,10622,14489,0.01945333,0,0,0.0588,0.1069,0.3829,0.0644,0.00996,1.17754,0.10565,-0.00247,0.28049,1.65126
174,391.9,1843468,130032,0.584,1.193,5980,10625,14508,0.01945015,0,0,0.0597,0.1042,0.3862,0.0343,0.01301,1.17889,0.11238,-0.00272,0.29492,1.66426
175,393.7,1854066,130773,0.61,1.19,5887,10598,14475,0.01944696,0,0,0.0594,0.1045,0.3824,0.0641,0.01129,1.17782,0.1132,-0.00161,0.29397,1.65451
176,395.5,1864637,131527,0.585,1.19,5953,10571,14438,0.01944378,0,0,0.0585,0.1031,0.3793,0.0444,0.01049,1.17917,0.11979,-0.00106,0.30533,1.6361
177,397.3,1875260,132271,0.603,1.191,5923,10623,14478,0.01944061,0,0,0.0578,0.1026,0.3814,0.0609,0.01095,1.1792,0.11193,-0.00207,0.2913,1.62799
178,399.1,1885826,133011,0.578,1.19,5976,10566,14433,0.01943742,0,0,0.0585,0.1051,0.3846,0.03,0.01084,1.17831,0.11426,-0.00148,0.29646,1.67174
179,400.9,1896406,133749,0.61,1.19,5880,10580,14462,0.01943425,0,0,0.0592,0.1025,0.3808,0.0671,0.01074,1.1782,0.11822,-0.00093,0.30348,1.67637
180,402.6,1906991,134499,0.57,1.19,6013,10585,14440,0.01943108,0,0,0.0581,0.1053,0.3778,0.0289,0.0111,1.17829,0.10733,-0.00232,0.28471,1.6829
181,404.4,1917593,135235,0.607,1.193,5890,10602,14468,0.0194279,0,0,0.058,0.1041,0.3802,0.065,0.01334,1.17872,0.10175,-0.00241,0.27415,1.69425
182,406.2,1928209,135959,0.585,1.19,5980,10616,14495,0.01942472,0,0,0.0598,0.1107,0.3796,0.0348,0.01203,1.17773,0.11646,-0.0017,0.30385,1.73805
183,408.0,1938801,136696,0.59,1.189,5951,10592,14473,0.01942154,0,0,0.0584,0.107,0.3784,0.0468,0.01058,1.1781,0.10442,-0.00315,0.28086,1.69167
184,409.8,1949403,137457,0.585,1.192,5968,10602,14498,0.01941836,0,0,0.0587,0.1054,0.3841,0.0367,0.01306,1.1779,0.10855,-0.00144,0.28614,1.70353
185,411.5,1959985,138202,0.566,1.188,6034,10582,14465,0.01941518,0,0,0.0547,0.0968,0.3721,0.0424,0.01139,1.17573,0.10836,-0.00122,0.28586,1.71762
186,413.3,1970561,138955,0.554,1.186,6077,10576,14466,0.019412,0,0,0.0496,0.0901,0.3612,0.0533,0.01004,1.17533,0.10137,-0.00143,0.26974,1.65188
187,415.0,1981186,139692,0.579,1.19,6004,10625,14491,0.01940883,0,0,0.0573,0.1043,0.3861,0.0318,0.01105,1.17805,0.10883,-0.00278,0.28898,1.69414
188,416.9,1991771,140419,0.67,1.189,5694,10585,14477,0.01940564,0,0,0.0652,0.1256,0.4241,0.0554,0.01097,1.17713,0.10629,-0.00172,0.28344,1.7369
189,418.7,2002362,141165,0.64,1.194,5777,10591,14467,0.01940247,0,0,0.0645,0.1225,0.4148,0.0379,0.01136,1.1816,0.10372,-0.00314,0.27774,1.64946
190,420.5,2012957,141919,0.627,1.191,5826,10595,14468,0.01939929,0,0,0.066,0.1178,0.4066,0.0365,0.01182,1.17873,0.09777,-0.00189,0.26427,1.67377
191,422.3,2023603,142655,0.609,1.192,5914,10646,14521,0.01939611,0,0,0.0618,0.1092,0.3879,0.0497,0.01347,1.17735,0.11134,-0.0019,0.29132,1.67089
192,424.2,2034208,143402,0.672,1.19,5693,10605,14489,0.01939292,0,0,0.0656,0.1265,0.4003,0.08,0.01162,1.17819,0.1152,-0.0016,0.29953,1.70022
193,426.0,2044829,144127,0.615,1.191,5881,10621,14487,0.01938974,0,0,0.0632,0.1155,0.4032,0.0325,0.01046,1.18009,0.11283,-0.00219,0.29667,1.71779
194,427.9,2055456,144853,0.68,1.193,5675,10627,14511,0.01938655,0,0,0.0682,0.125,0.4123,0.0743,0.01401,1.17786,0.11009,-0.00143,0.29072,1.74558
195,429.8,2066059,145584,0.685,1.192,5649,10603,14466,0.01938336,0,0,0.0687,0.1235,0.4197,0.0732,0.01101,1.17984,0.10701,-0.00269,0.28601,1.71851
196,431.7,2076737,146323,0.73,1.193,5554,10678,14550,0.01938018,0,0,0.075,0.1536,0.4476,0.0539,0.01133,1.18014,0.10101,-0.00249,0.27393,1.72628
197,433.6,2087371,147048,0.723,1.192,5554,10634,14518,0.01937698,0,0,0.0718,0.1422,0.4402,0.0684,0.0107,1.18035,0.09665,-0.0015,0.26329,1.72861
198,435.5,2097996,147760,0.673,1.191,5701,10625,14488,0.01937379,0,0,0.0716,0.1389,0.428,0.0346,0.01173,1.17812,0.11585,-3e-05,0.3,1.76105
199,437.4,2108606,148500,0.727,1.193,5524,10610,14461,0.0193706,0,0,0.0684,0.1347,0.4515,0.0727,0.01208,1.18029,0.10839,-0.00258,0.29041,1.76728
200,439.2,2119223,149223,0.644,1.192,5783,10617,14481,0.01936742,0,0,0.0659,0.1259,0.4144,0.0373,0.01113,1.18048,0.10136,-0.00251,0.27594,1.76056
201,452.3,2129882,149945,0.688,1.207,5625,10659,14528,0.01936423,0,0,0.0685,0.1252,0.4132,0.0806,0.01319,1.1936,0.10746,-0.00211,0.28753,1.76544
202,454.3,2140597,150679,0.675,1.193,5737,10715,14523,0.01936104,0,0,0.0656,0.1184,0.4137,0.077,0.01327,1.17898,0.11096,-0.00294,0.29484,1.7312
203,456.2,2151268,151410,0.677,1.191,5712,10671,14476,0.01935782,0,0,0.0674,0.1231,0.4213,0.0647,0.01321,1.17762,0.13495,-0.00221,0.3409,1.71943
204,458.0,2161957,152122,0.629,1.194,5864,10689,14511,0.01935462,0,0,0.0659,0.1184,0.4105,0.0337,0.01472,1.17872,0.11307,-0.00173,0.2967,1.73328
205,459.9,2172680,152851,0.695,1.194,5678,10723,14514,0.01935141,0,0,0.0678,0.1299,0.4246,0.0726,0.01222,1.18019,0.11306,-0.00242,0.29755,1.72098
206,461.9,2183374,153579,0.801,1.199,5347,10694,14493,0.0193482,0,0,0.0779,0.178,0.4514,0.0937,0.01553,1.18231,0.12349,-0.00184,0.31891,1.76396
207,463.8,2194085,154310,0.735,1.192,5559,10711,14518,0.01934499,0,0,0.0723,0.147,0.4416,0.0739,0.01192,1.17919,0.12172,-0.0023,0.31498,1.72993
208,465.7,2204731,155034,0.697,1.192,5636,10646,14465,0.01934177,0,0,0.0686,0.1295,0.4288,0.0698,0.01245,1.17911,0.11385,-0.00144,0.29859,1.75833
209,467.5,2215389,155752,0.652,1.193,5776,10658,14483,0.01933858,0,0,0.067,0.1271,0.421,0.0374,0.01205,1.17957,0.11051,-0.00294,0.29399,1.73416
210,469.5,2226128,156469,0.723,1.197,5595,10739,14543,0.01933538,0,0,0.0683,0.1457,0.4376,0.0712,0.01174,1.18275,0.11529,-0.00255,0.30181,1.7099
211,471.4,2236822,157219,0.769,1.197,5437,10694,14510,0.01933216,0,0,0.0721,0.1581,0.4447,0.0945,0.01433,1.18184,0.11824,-0.00139,0.30509,1.70254
212,473.3,2247502,157963,0.672,1.191,5733,10680,14497,0.01932895,0,0,0.0671,0.1302,0.4204,0.0541,0.01157,1.17875,0.10651,-0.00208,0.28227,1.68397
213,475.2,2258222,158677,0.694,1.192,5683,10720,14508,0.01932575,0,0,0.0659,0.13,0.4127,0.0857,0.01164,1.17969,0.12336,-0.00258,0.31716,1.68921
214,477.0,2268900,159407,0.665,1.191,5754,10678,14488,0.01932253,0,0,0.0661,0.1159,0.4117,0.0714,0.01175,1.17792,0.11239,-0.00176,0.29404,1.70076
215,478.9,2279564,160128,0.669,1.192,5731,10664,14496,0.01931933,0,0,0.0661,0.1252,0.4212,0.0567,0.01184,1.17906,0.11478,-0.00169,0.29833,1.6923
216,480.8,2290256,160855,0.697,1.191,5661,10692,14500,0.01931613,0,0,0.0672,0.1196,0.4167,0.0937,0.01349,1.17727,0.10807,-0.00237,0.28744,1.72274
217,482.7,2301041,161564,0.694,1.19,5725,10785,14598,0.01931292,0,0,0.0706,0.1349,0.4275,0.0608,0.01145,1.1778,0.12113,-0.00063,0.31064,1.73786
218,484.6,2311746,162273,0.688,1.191,5696,10705,14521,0.01930969,0,0,0.0717,0.1333,0.4297,0.0534,0.01322,1.17749,0.11566,-0.00192,0.30209,1.73316
219,486.4,2322498,163010,0.64,1.192,5869,10752,14557,0.01930648,0,0,0.0689,0.1226,0.4134,0.0354,0.01099,1.17989,0.12564,-0.00204,0.32222,1.73124
220,488.3,2333243,163728,0.759,1.194,5500,10745,14580,0.01930325,0,0,0.0765,0.1518,0.4545,0.0764,0.01257,1.18067,0.11921,-0.00144,0.30874,1.7466
221,490.6,2344012,164425,1.107,1.198,4671,10769,14590,0.01930003,0,0,0.0833,0.213,0.5588,0.2524,0.01412,1.18334,0.11861,-0.0025,0.30948,1.74244
222,492.5,2354757,165144,0.708,1.192,5654,10745,14564,0.0192968,0,0,0.074,0.1446,0.4351,0.0544,0.01167,1.17967,0.10318,-0.00316,0.28053,1.75794
223,494.5,2365535,165872,0.784,1.198,5439,10778,14588,0.01929357,0,0,0.0802,0.1577,0.4677,0.0781,0.01513,1.18093,0.11114,-0.00193,0.2929,1.73019
224,496.7,2376278,166585,1.002,1.203,4872,10743,14560,0.01929034,0,0,0.0891,0.2535,0.5015,0.1579,0.01638,1.18524,0.12161,-0.00147,0.31352,1.7458
225,498.8,2387054,167290,0.872,1.192,5221,10776,14607,0.01928712,0,0,0.084,0.2055,0.4837,0.0984,0.0111,1.18025,0.10558,-0.00199,0.28311,1.7622
226,501.0,2397796,167977,0.967,1.199,4959,10742,14570,0.01928388,0,0,0.0907,0.2181,0.5565,0.1017,0.01581,1.18231,0.10431,-0.0026,0.28357,1.80889
227,502.9,2408534,168696,0.733,1.192,5577,10738,14550,0.01928066,0,0,0.076,0.1512,0.4532,0.0526,0.01158,1.17964,0.11879,-0.00205,0.30972,1.76413
228,504.8,2419278,169409,0.701,1.192,5676,10744,14547,0.01927744,0,0,0.0705,0.1311,0.4237,0.0762,0.01122,1.17961,0.12062,-0.00156,0.31346,1.79218
229,506.7,2430086,170108,0.707,1.194,5685,10808,14627,0.01927422,0,0,0.0744,0.1403,0.4439,0.0484,0.01335,1.18017,0.10924,-0.00291,0.29381,1.80331
230,508.6,2440849,170804,0.722,1.196,5612,10763,14599,0.01927097,0,0,0.072,0.1396,0.4324,0.0778,0.01322,1.18189,0.10411,-0.00282,0.28421,1.82511
231,510.5,2451600,171499,0.715,1.193,5634,10751,14579,0.01926775,0,0,0.0722,0.1407,0.4482,0.0535,0.01337,1.17917,0.10743,-0.00276,0.2914,1.84312
232,512.6,2462303,172218,0.845,1.196,5242,10703,14528,0.01926452,0,0,0.0794,0.1847,0.492,0.0891,0.01346,1.18146,0.10436,-0.00187,0.28342,1.84186
233,514.5,2473038,172917,0.78,1.195,5435,10735,14572,0.01926131,0,0,0.0806,0.1694,0.4815,0.0489,0.01134,1.18268,0.10734,-0.00243,0.29123,1.86146
234,516.6,2483822,173625,0.865,1.197,5230,10784,14597,0.01925809,0,0,0.085,0.1769,0.496,0.1071,0.01379,1.18198,0.10897,-0.00215,0.29478,1.88358
235,518.5,2494588,174333,0.74,1.198,5557,10766,14591,0.01925485,0,0,0.0784,0.1556,0.4648,0.0408,0.0163,1.18089,0.11895,-0.00305,0.31589,1.86682
236,520.5,2505314,175027,0.79,1.2,5390,10726,14571,0.01925162,0,0,0.0753,0.1567,0.4682,0.09,0.01323,1.18557,0.11768,-0.00207,0.31041,1.84151
237,522.5,2516018,175760,0.769,1.192,5458,10704,14511,0.01924841,0,0,0.0783,0.1615,0.4701,0.0588,0.01068,1.18074,0.10375,-0.00337,0.28524,1.8442
238,524.4,2526793,176491,0.722,1.194,5623,10775,14582,0.01924519,0,0,0.0726,0.1332,0.4327,0.0837,0.01309,1.18004,0.10335,-0.00292,0.28349,1.8436
239,526.3,2537557,177216,0.713,1.193,5649,10764,14609,0.01924196,0,0,0.0743,0.1492,0.4474,0.042,0.01146,1.1805,0.10649,-0.00314,0.29133,1.87317
240,528.2,2548312,177942,0.732,1.189,5598,10755,14587,0.01923873,0,0,0.073,0.136,0.4367,0.0865,0.01151,1.17665,0.09809,-0.00189,0.27137,1.8555
241,530.1,2559120,178654,0.651,1.191,5868,10808,14632,0.01923551,0,0,0.0692,0.1231,0.4263,0.0326,0.0108,1.17927,0.12311,-0.00305,0.32363,1.85329
242,531.9,2569882,179366,0.682,1.194,5737,10762,14559,0.01923226,0,0,0.0658,0.1273,0.4111,0.0773,0.01465,1.17908,0.11894,-0.00325,0.31552,1.84956
243,533.8,2580655,180064,0.649,1.191,5856,10773,14577,0.01922904,0,0,0.0679,0.1207,0.4253,0.0349,0.01186,1.17815,0.11248,-0.00266,0.30187,1.86146
244,535.7,2591408,180759,0.733,1.191,5591,10753,14594,0.0192258,0,0,0.0708,0.1426,0.4421,0.0769,0.01193,1.17795,0.09607,-0.00303,0.26981,1.86274
245,537.5,2602165,181473,0.595,1.188,6032,10757,14602,0.01922258,0,0,0.0617,0.1067,0.3897,0.0372,0.01338,1.1739,0.10835,-0.00353,0.29455,1.84127
246,539.3,2612870,182187,0.639,1.191,5850,10705,14522,0.01921935,0,0,0.0623,0.1132,0.3959,0.0678,0.01177,1.17832,0.10564,-0.00345,0.28867,1.83381
247,541.2,2623622,182892,0.662,1.192,5798,10752,14596,0.01921614,0,0,0.0648,0.1139,0.4192,0.0645,0.01091,1.18041,0.11565,-0.00285,0.30964,1.88974
248,543.0,2634364,183599,0.647,1.194,5835,10742,14582,0.01921291,0,0,0.0654,0.1167,0.4277,0.0368,0.01437,1.17924,0.11353,-0.00224,0.30351,1.87262
249,544.9,2645075,184319,0.696,1.197,5658,10711,14540,0.01920969,0,0,0.0705,0.1226,0.4408,0.0623,0.01499,1.17918,0.10201,-0.002,0.28042,1.88441
250,546.9,2655840,185028,0.77,1.196,5477,10765,14580,0.01920648,0,0,0.0719,0.1573,0.4435,0.097,0.01199,1.18278,0.11704,-0.00309,0.31146,1.85362
251,548.9,2666598,185726,0.812,1.191,5371,10758,14551,0.01920325,0,0,0.0664,0.1579,0.4296,0.1578,0.01126,1.1792,0.10993,-0.00201,0.29565,1.86904
252,550.9,2677333,186437,0.7,1.197,5659,10735,14498,0.01920002,0,0,0.0646,0.1202,0.4194,0.0961,0.01432,1.18176,0.11994,-0.00258,0.31487,1.81863
253,552.8,2688131,187159,0.665,1.192,5817,10798,14551,0.0191968,0,0,0.0646,0.1187,0.4249,0.0566,0.01164,1.17896,0.12016,-0.00254,0.31533,1.82156
254,554.6,2698905,187859,0.645,1.192,5865,10774,14507,0.01919356,0,0,0.0641,0.1168,0.4186,0.0451,0.01167,1.1798,0.12575,-0.00261,0.32612,1.80753
255,556.5,2709696,188580,0.668,1.192,5801,10791,14540,0.01919033,0,0,0.064,0.111,0.4175,0.0755,0.01147,1.17991,0.11964,-0.00278,0.31347,1.78836
256,558.3,2720481,189313,0.646,1.192,5865,10785,14543,0.01918709,0,0,0.0645,0.1107,0.4089,0.0624,0.01289,1.17891,0.13183,-0.00242,0.33704,1.78596
257,560.1,2731270,190026,0.616,1.194,5962,10789,14556,0.01918386,0,0,0.0637,0.1086,0.4036,0.0396,0.01405,1.17922,0.12693,-0.00175,0.32525,1.7693
258,562.0,2742063,190743,0.654,1.192,5846,10793,14566,0.01918062,0,0,0.0626,0.1155,0.4092,0.0669,0.01236,1.1789,0.11538,-0.00302,0.30353,1.7397
259,563.9,2752871,191458,0.686,1.196,5741,10808,14575,0.01917738,0,0,0.065,0.1189,0.4248,0.0776,0.01378,1.18154,0.11168,-0.00286,0.29752,1.78435
260,565.7,2763635,192165,0.654,1.193,5830,10764,14526,0.01917414,0,0,0.0647,0.1191,0.4184,0.0514,0.01292,1.17914,0.11662,-0.00319,0.30696,1.75569
261,567.6,2774454,192893,0.717,1.195,5658,10819,14581,0.01917091,0,0,0.0731,0.1371,0.4408,0.0661,0.01477,1.17926,0.12004,-0.00346,0.31288,1.71811
262,569.5,2785229,193608,0.678,1.196,5751,10775,14560,0.01916766,0,0,0.0685,0.1222,0.4266,0.0606,0.01206,1.18176,0.12189,-0.00223,0.3144,1.72574
263,571.4,2795993,194320,0.686,1.196,5720,10764,14498,0.01916443,0,0,0.0672,0.1214,0.4283,0.0693,0.01269,1.1818,0.11674,-0.00286,0.30307,1.66617
264,573.3,2806746,195049,0.662,1.195,5792,10753,14526,0.0191612,0,0,0.0664,0.1239,0.4273,0.0443,0.0126,1.1812,0.10694,-0.00304,0.28451,1.68441
265,575.2,2817534,195755,0.732,1.195,5598,10788,14537,0.01915798,0,0,0.0698,0.1342,0.4416,0.0862,0.01406,1.1805,0.11639,-0.00247,0.30118,1.65621
266,577.1,2828315,196466,0.741,1.195,5570,10781,14569,0.01915474,0,0,0.074,0.1556,0.459,0.052,0.01344,1.18079,0.11156,-0.00232,0.29082,1.64589
267,579.0,2839090,197166,0.708,1.195,5661,10775,14523,0.01915151,0,0,0.0677,0.1261,0.4379,0.0768,0.01294,1.18132,0.12748,-0.00311,0.32434,1.64907
268,580.9,2849947,197851,0.687,1.193,5772,10857,14609,0.01914827,0,0,0.0676,0.1362,0.4425,0.0412,0.01279,1.17972,0.11368,-0.00219,0.29527,1.65864
269,582.7,2860749,198558,0.598,1.19,6044,10802,14550,0.01914502,0,0,0.0583,0.1017,0.3834,0.0542,0.01211,1.17681,0.11836,-0.00265,0.30735,1.70613
270,584.5,2871573,199259,0.631,1.192,5938,10824,14586,0.01914178,0,0,0.0621,0.112,0.3891,0.0679,0.01229,1.17876,0.12205,-0.00264,0.31418,1.6923
271,586.4,2882332,199959,0.65,1.191,5844,10759,14562,0.01913853,0,0,0.0679,0.1255,0.4215,0.0353,0.01229,1.17796,0.11444,-0.00165,0.29803,1.72018
272,588.1,2893164,200676,0.596,1.189,6067,10832,14585,0.0191353,0,0,0.0598,0.1009,0.3808,0.0549,0.01109,1.17702,0.11555,-0.00275,0.30004,1.65781
273,589.9,2903942,201390,0.585,1.188,6077,10778,14535,0.01913205,0,0,0.0571,0.0975,0.3744,0.0561,0.01227,1.17549,0.11786,-0.0029,0.30469,1.6511
274,591.7,2914721,202094,0.553,1.189,6187,10779,14568,0.01912882,0,0,0.0562,0.0941,0.3718,0.0313,0.01206,1.17591,0.11401,-0.00216,0.2959,1.66146
275,593.4,2925530,202805,0.574,1.188,6134,10809,14575,0.01912558,0,0,0.057,0.0946,0.3678,0.0548,0.01168,1.17558,0.11975,-0.00223,0.30727,1.65497
276,595.2,2936283,203537,0.551,1.187,6186,10753,14515,0.01912234,0,0,0.0553,0.0948,0.3695,0.0319,0.01112,1.1751,0.12619,-0.00186,0.31829,1.62625
277,596.9,2947042,204245,0.59,1.188,6053,10759,14515,0.01911912,0,0,0.0579,0.0995,0.3795,0.0528,0.01136,1.17588,0.11113,-0.00249,0.28903,1.6161
278,598.6,2957847,204948,0.519,1.188,6330,10805,14565,0.01911589,0,0,0.0479,0.088,0.3535,0.0295,0.01157,1.17571,0.1077,-0.00154,0.28249,1.6745
279,600.4,2968646,205671,0.542,1.187,6247,10799,14565,0.01911265,0,0,0.0508,0.0893,0.3535,0.0481,0.01118,1.17524,0.12811,-0.00178,0.32132,1.61025
280,602.4,2979471,206398,0.594,1.19,6066,10825,14580,0.01910941,0,0,0.0498,0.1169,0.3643,0.0632,0.01131,1.17791,0.12139,-0.00187,0.30771,1.60121
281,604.2,2990280,207115,0.56,1.188,6182,10809,14572,0.01910616,0,0,0.0547,0.099,0.3796,0.0267,0.01134,1.17643,0.11466,-0.0022,0.29431,1.58558
282,605.9,3001106,207833,0.538,1.193,6252,10826,14586,0.01910292,0,0,0.0502,0.0883,0.3603,0.0395,0.01513,1.17743,0.13016,-0.00119,0.32455,1.61867
283,607.6,3011903,208549,0.542,1.187,6246,10797,14578,0.01909967,0,0,0.0493,0.0888,0.3583,0.0453,0.01079,1.1753,0.12456,-0.00171,0.31394,1.60682
284,609.3,3022744,209254,0.538,1.187,6284,10841,14587,0.01909643,0,0,0.0488,0.0913,0.3539,0.0445,0.01084,1.17521,0.09984,-0.00304,0.26777,1.62356
285,611.1,3033536,209975,0.536,1.188,6261,10792,14574,0.01909318,0,0,0.0505,0.0898,0.3647,0.031,0.01388,1.17323,0.10813,-0.0025,0.28403,1.64412
286,612.8,3044339,210693,0.537,1.187,6268,10803,14561,0.01908994,0,0,0.0498,0.09,0.3601,0.0369,0.01072,1.17513,0.11302,-0.00409,0.29531,1.60001
287,614.5,3055173,211403,0.549,1.187,6243,10834,14594,0.0190867,0,0,0.0512,0.0916,0.3647,0.0415,0.01054,1.17532,0.12075,-0.0018,0.30729,1.62932
288,616.2,3065997,212120,0.508,1.19,6373,10824,14580,0.01908345,0,0,0.0469,0.085,0.351,0.0254,0.01393,1.1756,0.12449,-0.0023,0.31279,1.5516
289,618.0,3076803,212837,0.551,1.189,6209,10806,14547,0.0190802,0,0,0.0496,0.0884,0.3668,0.0466,0.01165,1.17651,0.11815,-0.00195,0.30132,1.60164
290,619.7,3087605,213564,0.532,1.187,6285,10802,14553,0.01907696,0,0,0.0517,0.0883,0.3605,0.0311,0.01148,1.17495,0.1174,-0.00302,0.30193,1.60077
291,621.4,3098446,214292,0.551,1.206,6170,10841,14604,0.01907372,0,0,0.0494,0.086,0.3642,0.0517,0.01254,1.19241,0.10988,-0.00301,0.28634,1.58749
292,623.2,3109180,215006,0.521,1.189,6279,10734,14514,0.01907047,0,0,0.0489,0.0859,0.3565,0.0293,0.01127,1.17672,0.12854,-0.00248,0.3228,1.59311
293,625.0,3119979,215731,0.612,1.196,5972,10799,14574,0.01906725,0,0,0.0597,0.1068,0.3911,0.0544,0.01278,1.1828,0.12046,-0.00224,0.30577,1.58322
294,626.7,3130765,216447,0.556,1.191,6173,10786,14540,0.01906401,0,0,0.0501,0.0895,0.3663,0.0502,0.01145,1.17829,0.12366,-0.00228,0.31197,1.57593
295,628.5,3141592,217178,0.61,1.191,6011,10827,14583,0.01906077,0,0,0.056,0.109,0.38,0.0652,0.0111,1.17899,0.1304,-0.00176,0.32437,1.57517
296,630.3,3152335,217911,0.598,1.211,5939,10743,14506,0.01905752,0,0,0.0579,0.1035,0.3717,0.0647,0.01291,1.19758,0.11876,-0.00281,0.30207,1.5459
297,632.1,3163103,218632,0.576,1.188,6104,10768,14491,0.0190543,0,0,0.0556,0.0946,0.3834,0.0425,0.01097,1.17622,0.12879,-0.00134,0.32039,1.57753
298,633.8,3173856,219356,0.556,1.189,6163,10753,14505,0.01905107,0,0,0.0511,0.0927,0.3621,0.0501,0.01247,1.17561,0.12037,-0.0025,0.30591,1.57878
299,635.6,3184597,220078,0.533,1.188,6241,10741,14499,0.01904784,0,0,0.0487,0.0869,0.3551,0.0419,0.0107,1.17691,0.11807,-0.0018,0.3,1.58139
300,637.3,3195354,220823,0.542,1.188,6216,10757,14505,0.01904462,0,0,0.049,0.087,0.3541,0.052,0.01229,1.17525,0.1221,-0.00333,0.30917,1.53093
301,639.0,3206120,221558,0.551,1.186,6200,10766,14486,0.01904139,0,0,0.0522,0.0905,0.3642,0.0435,0.01111,1.17397,0.12666,-0.00207,0.31607,1.5389
302,640.9,3216899,222289,0.568,1.186,6143,10779,14483,0.01903816,0,0,0.0522,0.0946,0.3636,0.0578,0.0119,1.17396,0.13279,-0.00214,0.32692,1.49824
303,642.6,3227662,223028,0.545,1.188,6213,10763,14457,0.01903493,0,0,0.0522,0.0889,0.3639,0.0396,0.01123,1.17569,0.13278,-0.003,0.32702,1.45687
304,644.4,3238431,223771,0.621,1.187,5955,10769,14454,0.0190317,0,0,0.0583,0.1031,0.384,0.0757,0.01139,1.17498,0.13987,-0.00226,0.33976,1.45849
305,646.1,3249237,224506,0.524,1.189,6307,10806,14510,0.01902847,0,0,0.0488,0.0888,0.3606,0.0262,0.01275,1.17548,0.12575,-0.00238,0.31157,1.45312
306,647.9,3260025,225237,0.551,1.187,6208,10788,14492,0.01902523,0,0,0.0493,0.0885,0.3573,0.0561,0.01072,1.17506,0.13086,-0.00124,0.32122,1.49814
307,649.6,3270851,225978,0.565,1.187,6180,10826,14532,0.01902199,0,0,0.054,0.0943,0.369,0.0479,0.01089,1.17505,0.14763,-0.00145,0.3547,1.48648
308,651.4,3281676,226717,0.556,1.192,6195,10825,14510,0.01901874,0,0,0.0497,0.0876,0.3648,0.0539,0.01365,1.17719,0.141,-0.0018,0.34083,1.45228
309,653.1,3292485,227466,0.562,1.188,6179,10809,14497,0.0190155,0,0,0.0512,0.0866,0.3599,0.0638,0.01154,1.17559,0.12697,-0.00161,0.3129,1.46605
310,654.9,3303275,228210,0.546,1.187,6227,10790,14486,0.01901225,0,0,0.0516,0.0898,0.3631,0.041,0.01165,1.17481,0.14095,-0.0022,0.34225,1.47193
311,656.6,3314076,228954,0.579,1.188,6114,10801,14512,0.01900902,0,0,0.055,0.0944,0.3653,0.0642,0.0109,1.17584,0.13926,-0.0018,0.33729,1.45098
312,658.3,3324876,229696,0.528,1.188,6293,10800,14478,0.01900578,0,0,0.0501,0.0895,0.3577,0.0304,0.01289,1.1749,0.11619,-0.00181,0.29154,1.46104
313,660.1,3335696,230448,0.572,1.188,6147,10820,14509,0.01900254,0,0,0.0521,0.0946,0.3676,0.0577,0.01042,1.17697,0.14331,-0.00133,0.34339,1.42334
314,661.9,3346463,231198,0.578,1.189,6094,10767,14467,0.01899929,0,0,0.0492,0.0942,0.3581,0.0764,0.01086,1.1773,0.13343,-0.00163,0.32371,1.4103
315,663.7,3357246,231932,0.642,1.193,5877,10783,14487,0.01899606,0,0,0.0612,0.1081,0.3966,0.0761,0.01441,1.17776,0.12974,-0.00139,0.3164,1.42534
316,665.5,3368016,232665,0.588,1.189,6061,10770,14464,0.01899283,0,0,0.0543,0.0971,0.3677,0.0685,0.01198,1.17648,0.12201,-0.00235,0.30256,1.41692
317,667.2,3378806,233414,0.546,1.187,6226,10790,14485,0.0189896,0,0,0.0491,0.0877,0.3625,0.0466,0.01085,1.17544,0.13356,-0.00211,0.32561,1.42898
318,668.9,3389604,234151,0.528,1.193,6275,10798,14470,0.01898636,0,0,0.0483,0.0869,0.3616,0.0314,0.01303,1.1788,0.1279,-0.00269,0.31516,1.42144
319,670.7,3400389,234897,0.575,1.187,6122,10785,14490,0.01898312,0,0,0.0546,0.0941,0.3696,0.0564,0.01074,1.17572,0.13172,-0.00195,0.32107,1.41558
320,672.4,3411168,235644,0.54,1.187,6242,10779,14476,0.01897988,0,0,0.049,0.087,0.3578,0.0461,0.01053,1.1756,0.12314,-0.00166,0.30331,1.41507
321,674.1,3421948,236394,0.524,1.189,6293,10780,14475,0.01897665,0,0,0.0518,0.0898,0.3572,0.0248,0.01298,1.17576,0.14153,-0.00199,0.34181,1.44315
322,675.9,3432718,237136,0.553,1.189,6183,10770,14477,0.01897342,0,0,0.0492,0.0882,0.3577,0.0581,0.01106,1.17706,0.12842,-0.00221,0.31583,1.43805
323,677.7,3443549,237868,0.598,1.187,6067,10831,14544,0.01897018,0,0,0.0581,0.1002,0.3903,0.0492,0.01099,1.17556,0.13045,-0.00219,0.32083,1.46403
324,679.4,3454318,238608,0.539,1.19,6230,10769,14452,0.01896694,0,0,0.0504,0.0907,0.3632,0.0348,0.01339,1.17551,0.1346,-0.00186,0.32765,1.44283
325,681.1,3465076,239361,0.554,1.188,6175,10758,14470,0.0189637,0,0,0.0518,0.0897,0.367,0.0452,0.01054,1.17711,0.11974,-0.00121,0.2973,1.4608
326,682.9,3475852,240082,0.541,1.187,6233,10776,14457,0.01896048,0,0,0.0489,0.088,0.3614,0.0431,0.01084,1.17572,0.14233,-0.00191,0.34374,1.45745
327,684.6,3486640,240817,0.551,1.189,6197,10788,14471,0.01895724,0,0,0.0509,0.0882,0.3673,0.045,0.01337,1.17536,0.13258,-0.00139,0.32434,1.4876
328,686.4,3497446,241546,0.591,1.186,6083,10806,14496,0.01895401,0,0,0.0517,0.0912,0.3615,0.0862,0.01092,1.17427,0.11841,-0.00214,0.2968,1.46966
329,688.1,3508232,242277,0.562,1.19,6158,10786,14466,0.01895077,0,0,0.0524,0.0933,0.3608,0.0556,0.01114,1.17761,0.13346,-0.00246,0.32832,1.48977
330,689.9,3519050,243013,0.526,1.19,6303,10818,14505,0.01894753,0,0,0.0487,0.0866,0.3607,0.03,0.0131,1.17673,0.13801,-0.00182,0.33628,1.49394
331,691.6,3529860,243723,0.554,1.187,6208,10810,14505,0.01894429,0,0,0.0488,0.088,0.3611,0.056,0.01073,1.17603,0.12545,-0.00223,0.31108,1.4706
332,693.3,3540678,244471,0.557,1.188,6199,10818,14523,0.01894104,0,0,0.0546,0.093,0.3696,0.0396,0.01155,1.17613,0.1328,-0.00179,0.3248,1.46852
333,695.1,3551504,245196,0.53,1.189,6300,10826,14524,0.0189378,0,0,0.0483,0.0887,0.3565,0.0362,0.01294,1.17514,0.13413,-0.00168,0.32785,1.4843
334,696.8,3562275,245918,0.569,1.187,6134,10771,14473,0.01893455,0,0,0.0576,0.0971,0.3816,0.0323,0.01111,1.17533,0.13576,-0.00123,0.33026,1.48664
335,698.6,3573093,246645,0.559,1.188,6192,10818,14514,0.01893132,0,0,0.0535,0.0936,0.3704,0.0415,0.01073,1.17672,0.12003,-0.0022,0.29978,1.46124
336,700.3,3583898,247375,0.566,1.191,6149,10805,14487,0.01892807,0,0,0.0567,0.0964,0.3727,0.0399,0.0136,1.17711,0.14102,-0.00227,0.34212,1.46705
337,702.2,3594701,248089,0.645,1.191,5882,10803,14504,0.01892483,0,0,0.0592,0.1016,0.3897,0.0947,0.01518,1.17549,0.13477,-0.00167,0.33011,1.51233
338,703.9,3605515,248814,0.566,1.187,6167,10814,14518,0.01892159,0,0,0.0567,0.0955,0.3704,0.0439,0.01132,1.17502,0.12734,-0.00255,0.31612,1.48904
339,705.6,3616360,249535,0.537,1.188,6287,10845,14542,0.01891835,0,0,0.0488,0.0874,0.3523,0.0484,0.01141,1.17601,0.13428,-0.00224,0.33021,1.51065
340,707.4,3627129,250257,0.562,1.186,6161,10769,14472,0.01891509,0,0,0.0505,0.0902,0.3651,0.0559,0.01061,1.17499,0.1347,-0.00239,0.33156,1.51647
341,709.1,3637954,250994,0.57,1.188,6158,10825,14527,0.01891186,0,0,0.0509,0.0878,0.3628,0.0686,0.01142,1.17575,0.11842,-0.00173,0.2984,1.53604
342,710.9,3648805,251724,0.517,1.187,6369,10851,14550,0.01890861,0,0,0.0485,0.0866,0.3509,0.031,0.01118,1.17483,0.14423,-0.00222,0.35092,1.53417
343,712.6,3659568,252449,0.536,1.188,6243,10763,14465,0.01890536,0,0,0.0486,0.0877,0.3511,0.0487,0.01103,1.17595,0.11881,-0.00189,0.30024,1.55614
344,714.4,3670374,253161,0.622,1.186,5978,10806,14484,0.01890213,0,0,0.0472,0.0861,0.3592,0.1291,0.01086,1.17456,0.13194,-0.00124,0.32531,1.55951
345,716.1,3681168,253899,0.549,1.189,6208,10794,14475,0.01889889,0,0,0.0477,0.092,0.3579,0.0517,0.01141,1.1773,0.13348,-0.00201,0.33003,1.56269
346,717.9,3691912,254619,0.57,1.188,6112,10744,14422,0.01889565,0,0,0.0546,0.0951,0.3697,0.0506,0.0105,1.17641,0.12599,-0.00161,0.31414,1.55974
347,719.7,3702739,255353,0.583,1.189,6112,10827,14514,0.01889243,0,0,0.0549,0.0932,0.3671,0.0676,0.01154,1.17659,0.12326,-0.00115,0.30807,1.56814
348,721.4,3713514,256061,0.528,1.189,6275,10775,14477,0.01888918,0,0,0.047,0.0841,0.3595,0.0376,0.01139,1.17695,0.11768,-0.00247,0.29912,1.55704
349,723.1,3724325,256792,0.534,1.19,6271,10811,14506,0.01888595,0,0,0.0469,0.0852,0.3591,0.0427,0.01293,1.1764,0.1254,-0.00185,0.31262,1.53839
350,724.8,3735133,257517,0.52,1.187,6335,10808,14503,0.0188827,0,0,0.0472,0.0848,0.3577,0.03,0.01048,1.17543,0.13006,-0.00243,0.32442,1.5744
351,726.6,3746000,258234,0.565,1.187,6205,10867,14530,0.01887946,0,0,0.0557,0.0918,0.3688,0.0482,0.01061,1.17546,0.1374,-0.00189,0.33608,1.52247
352,728.4,3756846,258954,0.554,1.19,6217,10846,14489,0.0188762,0,0,0.0558,0.0931,0.3678,0.0374,0.01417,1.1756,0.13834,-0.00177,0.33723,1.51012
353,730.2,3767729,259658,0.565,1.187,6211,10883,14546,0.01887295,0,0,0.0548,0.0938,0.3689,0.0477,0.01114,1.17522,0.12554,-0.00146,0.31394,1.58788
354,731.9,3778624,260362,0.55,1.186,6278,10895,14524,0.01886968,0,0,0.0534,0.0933,0.3709,0.0319,0.01087,1.17426,0.14729,-0.00103,0.3564,1.5835
355,733.6,3789524,261069,0.547,1.189,6277,10900,14543,0.01886641,0,0,0.0552,0.0924,0.3705,0.0294,0.01434,1.17402,0.13297,-0.00166,0.32853,1.57055
356,735.4,3800402,261768,0.588,1.185,6135,10878,14519,0.01886314,0,0,0.0571,0.0957,0.3726,0.0628,0.01116,1.17295,0.11778,-0.00229,0.30121,1.61893
357,737.1,3811281,262473,0.557,1.188,6236,10879,14534,0.01885988,0,0,0.0544,0.0944,0.3678,0.04,0.0117,1.17545,0.13095,-0.00184,0.32668,1.61965
358,738.9,3822168,263162,0.6,1.189,6085,10887,14546,0.01885662,0,0,0.055,0.1056,0.3701,0.0691,0.01254,1.17604,0.13,-0.00163,0.32522,1.64299
359,740.7,3833073,263854,0.547,1.187,6290,10905,14522,0.01885335,0,0,0.0536,0.0948,0.3626,0.036,0.01134,1.17475,0.14255,-0.0018,0.34923,1.60525
360,742.4,3843968,264556,0.558,1.188,6242,10895,14543,0.01885008,0,0,0.0544,0.0937,0.3639,0.0455,0.01064,1.1764,0.14127,-0.00074,0.34492,1.61538
361,744.2,3854870,265260,0.628,1.186,6011,10902,14544,0.01884681,0,0,0.0545,0.0953,0.3662,0.1116,0.01047,1.17476,0.13753,-0.00185,0.34092,1.64896
362,746.0,3865760,265973,0.576,1.188,6173,10890,14543,0.01884354,0,0,0.0548,0.0914,0.3637,0.0658,0.01156,1.17621,0.13998,-0.00178,0.3456,1.64713
363,747.8,3876638,266669,0.575,1.189,6168,10878,14527,0.01884027,0,0,0.0555,0.0951,0.3688,0.0558,0.01104,1.17662,0.12837,-0.00225,0.32366,1.65648
364,749.5,3887526,267366,0.558,1.188,6234,10888,14528,0.01883701,0,0,0.0536,0.0942,0.3653,0.0452,0.01186,1.17569,0.12609,-0.00209,0.31853,1.65034
365,751.2,3898436,268064,0.546,1.188,6291,10910,14562,0.01883374,0,0,0.053,0.0919,0.3667,0.0349,0.01189,1.17521,0.14255,-0.00167,0.34936,1.61722
366,753.0,3909316,268787,0.568,1.189,6192,10880,14525,0.01883047,0,0,0.048,0.087,0.3584,0.0749,0.01111,1.1767,0.13454,-0.00311,0.33473,1.57798
367,754.8,3920169,269491,0.578,1.188,6147,10853,14487,0.01882721,0,0,0.0483,0.0892,0.3526,0.0878,0.01114,1.17602,0.13585,-0.00196,0.33394,1.54896
368,756.5,3931058,270195,0.529,1.188,6341,10889,14529,0.01882395,0,0,0.0462,0.088,0.3534,0.0419,0.01136,1.17573,0.13765,-0.0029,0.33939,1.54825
369,758.2,3941987,270910,0.557,1.189,6259,10929,14571,0.01882068,0,0,0.051,0.0906,0.3642,0.051,0.01156,1.17691,0.1316,-0.00226,0.32591,1.54578
370,759.9,3952862,271609,0.522,1.189,6356,10875,14510,0.0188174,0,0,0.0478,0.0849,0.3592,0.0304,0.01142,1.1767,0.12958,-0.00329,0.32345,1.53334
371,761.7,3963780,272313,0.556,1.188,6258,10918,14544,0.01881414,0,0,0.0488,0.0856,0.3623,0.0598,0.01129,1.17619,0.13599,-0.00143,0.33355,1.56037
372,763.4,3974672,273012,0.538,1.188,6308,10892,14538,0.01881087,0,0,0.0536,0.0921,0.3617,0.0308,0.01127,1.17648,0.13797,-0.00193,0.33653,1.50807
373,765.2,3985560,273713,0.578,1.187,6170,10888,14531,0.0188076,0,0,0.0555,0.0984,0.373,0.0508,0.01041,1.17579,0.14385,-0.00192,0.34881,1.52282
374,766.9,3996446,274427,0.536,1.187,6317,10886,14508,0.01880433,0,0,0.053,0.0912,0.3622,0.0295,0.01136,1.17542,0.13221,-0.00233,0.32549,1.49939
375,768.7,4007328,275128,0.634,1.188,5970,10882,14532,0.01880107,0,0,0.063,0.111,0.4074,0.0529,0.01126,1.1764,0.13916,-0.00261,0.34007,1.50336
376,770.5,4018225,275837,0.575,1.192,6167,10897,14520,0.0187978,0,0,0.0601,0.1009,0.3829,0.0315,0.01294,1.178,0.14048,-0.00153,0.34024,1.49551
377,772.3,4029130,276570,0.594,1.188,6118,10905,14558,0.01879453,0,0,0.0591,0.098,0.3826,0.0543,0.01158,1.17601,0.14062,-0.00287,0.34202,1.46453
378,774.0,4040024,277286,0.572,1.19,6185,10894,14549,0.01879126,0,0,0.0591,0.0984,0.3802,0.0339,0.01165,1.17729,0.12759,-0.00194,0.31312,1.43801
379,775.9,4050907,278008,0.649,1.194,5907,10883,14522,0.01878799,0,0,0.0664,0.113,0.3979,0.0715,0.01445,1.17818,0.13172,-0.00253,0.32222,1.4298
380,777.7,4061814,278718,0.668,1.193,5861,10907,14562,0.01878473,0,0,0.0636,0.115,0.4079,0.0817,0.01179,1.17999,0.14148,-0.00249,0.34194,1.43738
381,779.6,4072679,279443,0.659,1.191,5872,10865,14507,0.01878146,0,0,0.0642,0.1146,0.4057,0.0746,0.01316,1.17744,0.1369,-0.00247,0.33289,1.44162
382,781.3,4083572,280164,0.525,1.187,6362,10893,14530,0.0187782,0,0,0.0487,0.0861,0.3593,0.0307,0.01086,1.17585,0.13518,-0.00092,0.32713,1.46272
383,783.0,4094462,280897,0.542,1.188,6297,10890,14515,0.01877493,0,0,0.0494,0.0843,0.353,0.0551,0.01151,1.17525,0.13798,-0.00169,0.33409,1.45783
384,784.7,4105314,281618,0.519,1.19,6349,10852,14469,0.01877166,0,0,0.0484,0.0844,0.3547,0.0314,0.01149,1.1781,0.14145,-0.00231,0.34199,1.45078
385,786.5,4116180,282332,0.528,1.19,6324,10866,14515,0.01876841,0,0,0.0478,0.0836,0.3491,0.0478,0.01269,1.17651,0.13711,-0.00201,0.33314,1.46262
386,788.2,4127080,283069,0.548,1.188,6277,10900,14516,0.01876515,0,0,0.0472,0.0832,0.3649,0.0529,0.01174,1.17572,0.13698,-0.00157,0.3318,1.45769
387,790.0,4137955,283785,0.562,1.189,6211,10875,14526,0.01876188,0,0,0.0547,0.0979,0.3792,0.0301,0.01202,1.17629,0.13504,-0.00154,0.32825,1.46838
388,791.7,4148836,284491,0.564,1.188,6213,10881,14535,0.01875861,0,0,0.0484,0.0848,0.3575,0.0729,0.01135,1.17568,0.12844,-0.00265,0.31697,1.4603
389,793.4,4159732,285217,0.553,1.188,6260,10896,14550,0.01875535,0,0,0.0479,0.085,0.3561,0.0639,0.01178,1.17543,0.13683,-0.00142,0.3313,1.46063
390,795.2,4170613,285927,0.546,1.187,6279,10881,14507,0.01875208,0,0,0.0518,0.0865,0.3517,0.0558,0.01015,1.17623,0.14161,-0.00083,0.33933,1.45195
391,796.9,4181519,286646,0.513,1.16,6516,10906,14540,0.01874882,0,0,0.0461,0.0822,0.3541,0.0309,0.01124,1.14852,0.145,-0.00288,0.34845,1.40515
392,798.5,4192406,287356,0.535,1.161,6420,10887,14552,0.01874554,0,0,0.0477,0.0852,0.3519,0.05,0.0111,1.1493,0.13276,-0.00209,0.32245,1.40659
393,800.2,4203281,288062,0.517,1.161,6479,10875,14516,0.01874228,0,0,0.0481,0.0857,0.3542,0.0294,0.01177,1.14873,0.1213,-0.00212,0.3002,1.42342
394,801.9,4214129,288794,0.534,1.157,6415,10848,14486,0.01873902,0,0,0.047,0.0861,0.3452,0.0554,0.01043,1.14629,0.13555,-0.00057,0.32538,1.41794
395,803.6,4224986,289509,0.527,1.161,6434,10857,14484,0.01873576,0,0,0.0504,0.0885,0.3596,0.0284,0.01137,1.14864,0.13867,-0.00242,0.33556,1.42481
396,805.3,4235889,290215,0.535,1.17,6393,10903,14527,0.0187325,0,0,0.0498,0.0844,0.3475,0.0535,0.01145,1.15821,0.14358,-0.00119,0.3439,1.45094
397,807.0,4246752,290949,0.52,1.17,6428,10863,14514,0.01872923,0,0,0.0486,0.0887,0.3561,0.0269,0.0108,1.15818,0.12699,-0.00194,0.31164,1.43569
398,808.7,4257579,291657,0.532,1.171,6358,10827,14470,0.01872597,0,0,0.0471,0.0838,0.3509,0.0506,0.0109,1.15906,0.14032,-0.00242,0.33936,1.43894
399,810.4,4268447,292376,0.516,1.171,6441,10868,14487,0.01872273,0,0,0.0472,0.0827,0.355,0.0311,0.01141,1.15939,0.14507,-0.00201,0.34816,1.44193
400,812.2,4279330,293099,0.603,1.176,6116,10883,14523,0.01871947,0,0,0.0494,0.088,0.3554,0.1102,0.01161,1.16401,0.12982,-0.0019,0.31688,1.42731
401,814.3,4290152,293807,0.584,1.179,6136,10822,14467,0.0187162,0,0,0.0501,0.0984,0.3647,0.0709,0.01103,1.16795,0.14015,-0.00232,0.33851,1.43138
402,816.1,4301044,294528,0.539,1.179,6340,10892,14533,0.01871295,0,0,0.0471,0.0973,0.3585,0.0364,0.01131,1.16668,0.13074,-0.00285,0.32066,1.42892
403,817.9,4311916,295241,0.543,1.18,6312,10872,14507,0.01870969,0,0,0.0471,0.0848,0.3607,0.0499,0.01171,1.16731,0.14646,-0.00179,0.3507,1.44864
404,819.6,4322749,295935,0.521,1.179,6374,10833,14460,0.01870643,0,0,0.0489,0.0841,0.3609,0.0271,0.01103,1.16688,0.13577,-0.00133,0.32854,1.45243
405,821.3,4333607,296637,0.536,1.182,6318,10858,14514,0.01870318,0,0,0.0488,0.0861,0.3583,0.0431,0.01132,1.1703,0.12339,-0.00222,0.30547,1.45027
406,823.0,4344479,297346,0.555,1.187,6242,10872,14501,0.01869992,0,0,0.048,0.0847,0.365,0.0571,0.01236,1.17371,0.14257,-0.0018,0.34203,1.42514
407,824.8,4355362,298064,0.612,1.187,6050,10883,14532,0.01869666,0,0,0.0616,0.1152,0.4039,0.0315,0.0117,1.17415,0.13402,-0.00162,0.32501,1.43657
408,826.6,4366216,298791,0.626,1.188,5982,10854,14515,0.01869339,0,0,0.0601,0.1076,0.3914,0.0671,0.01186,1.17556,0.14249,-0.00119,0.34144,1.44609
409,828.5,4377055,299491,0.688,1.191,5771,10839,14480,0.01869014,0,0,0.0654,0.1232,0.4298,0.0693,0.0119,1.17786,0.14344,-0.00136,0.3436,1.44429
410,830.4,4387920,300198,0.663,1.19,5866,10865,14503,0.01868688,0,0,0.068,0.1241,0.43,0.0404,0.01168,1.17738,0.13779,-0.00163,0.33192,1.41998
411,832.2,4398775,300912,0.592,1.192,6087,10855,14479,0.01868362,0,0,0.0578,0.0979,0.3784,0.0577,0.01219,1.17865,0.14513,-0.00302,0.35043,1.4487
412,834.0,4409670,301626,0.65,1.192,5915,10895,14539,0.01868037,0,0,0.0659,0.1128,0.4057,0.0658,0.01157,1.17932,0.13249,-0.00189,0.3213,1.40626
413,835.8,4420481,302334,0.643,1.191,5895,10811,14460,0.0186771,0,0,0.0661,0.1227,0.4205,0.0336,0.01214,1.17822,0.14099,-0.00154,0.33717,1.39489
414,837.6,4431373,303060,0.58,1.189,6155,10892,14535,0.01867386,0,0,0.0552,0.0945,0.3737,0.0571,0.01174,1.17637,0.1281,-0.00177,0.31359,1.44138
415,839.4,4442217,303782,0.63,1.191,5953,10844,14494,0.01867059,0,0,0.0618,0.1176,0.4127,0.0384,0.0122,1.17822,0.14135,-0.00159,0.33914,1.42599
416,841.3,4453119,304498,0.664,1.193,5873,10902,14544,0.01866733,0,0,0.0659,0.1265,0.421,0.0505,0.0128,1.17895,0.13369,-0.00085,0.32226,1.4242
417,843.3,4464008,305237,0.801,1.194,5457,10889,14534,0.01866406,0,0,0.0781,0.1613,0.4719,0.0901,0.01304,1.18035,0.13873,-0.00109,0.33199,1.40237
418,845.1,4474895,305959,0.603,1.186,6088,10887,14538,0.0186608,0,0,0.0577,0.1029,0.3836,0.0583,0.01153,1.17333,0.14741,-0.0019,0.35175,1.42343
419,846.9,4485801,306667,0.67,1.19,5865,10906,14546,0.01865753,0,0,0.0642,0.1125,0.4033,0.0899,0.0124,1.17571,0.15012,-0.00223,0.35714,1.40518
420,848.8,4496645,307379,0.704,1.19,5728,10844,14491,0.01865426,0,0,0.065,0.1263,0.4182,0.0941,0.01157,1.17726,0.12804,-0.00166,0.31239,1.42004
421,850.7,4507501,308080,0.658,1.188,5883,10856,14505,0.01865101,0,0,0.0636,0.1171,0.4079,0.0691,0.01283,1.17411,0.13762,-0.00225,0.33305,1.42908
422,852.4,4518387,308807,0.556,1.186,6248,10886,14519,0.01864775,0,0,0.057,0.0942,0.3745,0.0303,0.01217,1.17318,0.13567,-0.00139,0.32807,1.44641
423,854.2,4529222,309512,0.652,1.188,5887,10835,14447,0.01864448,0,0,0.0634,0.114,0.4093,0.0656,0.01269,1.17463,0.13375,-0.00163,0.32352,1.41478
424,856.1,4540100,310237,0.673,1.186,5853,10878,14529,0.01864123,0,0,0.0679,0.1268,0.4164,0.0618,0.01131,1.17354,0.14502,-0.00237,0.34943,1.46568
425,857.8,4550985,310951,0.547,1.185,6284,10885,14532,0.01863797,0,0,0.0564,0.0934,0.369,0.0279,0.01146,1.17301,0.13771,-0.0019,0.33262,1.43226
426,859.7,4561850,311667,0.632,1.187,5971,10865,14488,0.0186347,0,0,0.0618,0.111,0.4032,0.0561,0.01184,1.17477,0.14339,-0.00233,0.34468,1.42834
427,861.5,4572687,312384,0.64,1.195,5908,10837,14471,0.01863144,0,0,0.0631,0.1143,0.411,0.0512,0.01305,1.18089,0.13201,-0.00234,0.32167,1.42161
428,863.4,4583526,313106,0.693,1.189,5757,10839,14455,0.01862819,0,0,0.0643,0.1157,0.4179,0.0955,0.01185,1.17675,0.1441,-0.00163,0.34511,1.44023
429,865.2,4594402,313826,0.621,1.192,5998,10876,14509,0.01862494,0,0,0.0596,0.1052,0.3882,0.0682,0.01164,1.1795,0.13671,-0.00178,0.32962,1.41306
430,867.0,4605253,314528,0.622,1.191,5986,10851,14483,0.01862168,0,0,0.0631,0.1165,0.4048,0.0378,0.01212,1.17771,0.14206,-0.00233,0.33973,1.36794
431,868.8,4616127,315264,0.654,1.193,5889,10874,14507,0.01861842,0,0,0.0638,0.1143,0.4078,0.068,0.01254,1.17941,0.14253,-0.00175,0.34054,1.39603
432,870.6,4626975,315993,0.581,1.19,6126,10848,14476,0.01861516,0,0,0.0575,0.0969,0.3695,0.0573,0.01155,1.17724,0.13967,-0.0021,0.33562,1.39891
433,872.5,4637778,316718,0.676,1.192,5786,10803,14441,0.01861191,0,0,0.0664,0.121,0.4174,0.0708,0.01206,1.17855,0.13082,-0.00276,0.32028,1.42722
434,874.3,4648633,317429,0.655,1.193,5874,10855,14485,0.01860867,0,0,0.0665,0.1299,0.4189,0.0401,0.01211,1.17982,0.14454,-0.00172,0.34456,1.39852
435,876.2,4659446,318141,0.674,1.19,5801,10813,14451,0.01860541,0,0,0.068,0.1259,0.4138,0.0665,0.01311,1.17575,0.12908,-0.00174,0.31401,1.40754
436,878.1,4670245,318855,0.698,1.189,5722,10799,14441,0.01860217,0,0,0.0656,0.1226,0.4173,0.093,0.01252,1.17554,0.14999,-0.00205,0.35652,1.4094
437,879.9,4681131,319575,0.662,1.187,5890,10886,14541,0.01859893,0,0,0.0682,0.1213,0.4116,0.0605,0.01172,1.17423,0.14243,-0.00252,0.34161,1.39006
438,881.8,4691925,320287,0.652,1.186,5875,10794,14429,0.01859566,0,0,0.0652,0.1163,0.4105,0.0597,0.01185,1.17285,0.13573,-0.00209,0.3264,1.36467
439,883.6,4702786,321008,0.616,1.187,6025,10861,14492,0.01859242,0,0,0.0619,0.1073,0.4015,0.045,0.01227,1.17378,0.13576,-0.00166,0.32634,1.38539
440,885.4,4713616,321742,0.643,1.186,5921,10830,14460,0.01858916,0,0,0.0652,0.1164,0.4144,0.0473,0.0117,1.17325,0.1388,-0.00382,0.3368,1.38684
441,887.3,4724413,322472,0.698,1.186,5729,10797,14442,0.01858592,0,0,0.0679,0.1287,0.4224,0.0793,0.01225,1.17336,0.13645,-0.00282,0.33091,1.40856
442,889.1,4735274,323210,0.574,1.188,6163,10861,14511,0.01858268,0,0,0.058,0.0995,0.389,0.028,0.01215,1.17469,0.13097,-0.00253,0.31786,1.36838
443,890.9,4746132,323933,0.691,1.187,5779,10858,14481,0.01857942,0,0,0.0694,0.1287,0.4193,0.074,0.01319,1.17349,0.13371,-0.00301,0.32347,1.34653
444,892.8,4756971,324667,0.634,1.192,5938,10839,14471,0.01857616,0,0,0.0635,0.118,0.4031,0.049,0.01308,1.1777,0.13237,-0.00178,0.31736,1.32049
445,894.6,4767838,325388,0.674,1.187,5839,10867,14486,0.01857291,0,0,0.0647,0.1245,0.4208,0.0639,0.01196,1.17471,0.14241,-0.00061,0.33482,1.31334
446,896.3,4778708,326125,0.533,1.187,6319,10870,14521,0.01856965,0,0,0.0486,0.0864,0.3546,0.0433,0.01141,1.17528,0.13685,-0.00235,0.32654,1.29667
447,898.1,4789559,326853,0.578,1.19,6137,10851,14478,0.01856639,0,0,0.0573,0.0992,0.3924,0.029,0.01117,1.17786,0.14481,-0.00192,0.34029,1.26078
448,899.9,4800408,327578,0.562,1.188,6198,10849,14475,0.01856313,0,0,0.0471,0.09,0.3587,0.0663,0.01207,1.17548,0.12655,-0.0027,0.30503,1.25324
449,901.6,4811285,328334,0.553,1.186,6255,10877,14526,0.01855988,0,0,0.0514,0.0893,0.3624,0.0494,0.0111,1.17444,0.13514,-0.00222,0.32012,1.22338
450,903.3,4822103,329084,0.517,1.188,6347,10818,14452,0.01855661,0,0,0.0467,0.086,0.3571,0.0271,0.01118,1.17549,0.15158,-0.00072,0.34997,1.22261
451,905.1,4832949,329820,0.608,1.19,6034,10846,14500,0.01855337,0,0,0.0598,0.1014,0.3856,0.061,0.01181,1.1772,0.15069,-0.00139,0.34978,1.22906
452,907.1,4843752,330564,0.624,1.189,5957,10803,14505,0.01855012,0,0,0.0646,0.1172,0.4094,0.0329,0.01182,1.17699,0.14014,-0.00082,0.328,1.24183
453,908.9,4854554,331302,0.673,1.183,5818,10802,14493,0.01854687,0,0,0.0643,0.1187,0.4173,0.0731,0.01226,1.17009,0.12319,-0.00207,0.29669,1.24486
454,910.7,4865362,332051,0.583,1.178,6138,10808,14523,0.01854363,0,0,0.058,0.0953,0.3695,0.0597,0.01189,1.16568,0.126,-0.00155,0.30036,1.22038
455,912.5,4876135,332793,0.642,1.181,5910,10773,14468,0.01854039,0,0,0.0657,0.1237,0.4199,0.0329,0.01229,1.16722,0.12204,-0.00089,0.29136,1.22718
456,914.3,4886894,333552,0.659,1.183,5842,10759,14444,0.01853716,0,0,0.0637,0.1155,0.4068,0.0729,0.01188,1.17018,0.12967,-0.00208,0.30701,1.17356
457,916.2,4897641,334305,0.638,1.182,5906,10747,14446,0.01853393,0,0,0.0651,0.116,0.4186,0.0385,0.01227,1.1683,0.1253,-0.00254,0.29978,1.18999
458,918.0,4908423,335045,0.61,1.184,6010,10782,14475,0.01853071,0,0,0.0592,0.1032,0.3975,0.0504,0.01191,1.17067,0.12998,-0.00177,0.30683,1.16894
459,919.8,4919198,335793,0.688,1.187,5746,10775,14497,0.01852747,0,0,0.0674,0.1263,0.4292,0.0655,0.01246,1.17358,0.13258,-0.0013,0.31253,1.20806
460,921.7,4929967,336540,0.695,1.183,5734,10769,14460,0.01852424,0,0,0.0643,0.1198,0.4137,0.0974,0.01208,1.17001,0.1284,-0.00127,0.30367,1.19622
461,923.5,4940740,337295,0.585,1.179,6107,10773,14490,0.01852101,0,0,0.0572,0.0985,0.3722,0.057,0.011,1.16745,0.13395,-0.00302,0.31866,1.20718
462,925.2,4951495,338045,0.532,1.188,6251,10755,14474,0.01851778,0,0,0.0513,0.0894,0.363,0.0286,0.01128,1.17596,0.14142,-0.00104,0.33003,1.2182
463,926.9,4962267,338801,0.565,1.187,6145,10772,14461,0.01851455,0,0,0.0525,0.0898,0.3708,0.0523,0.01164,1.17516,0.1477,-0.00204,0.34424,1.20902
464,928.7,4973033,339562,0.577,1.196,6074,10766,14470,0.01851132,0,0,0.0573,0.0985,0.381,0.0398,0.01353,1.18145,0.142,-0.00165,0.33025,1.16008
465,930.6,4983753,340312,0.652,1.19,5818,10720,14410,0.01850809,0,0,0.0614,0.1052,0.4093,0.0761,0.01237,1.17719,0.1413,-0.0027,0.33111,1.16459
466,932.5,4994547,341064,0.772,1.194,5492,10794,14489,0.01850487,0,0,0.0762,0.1496,0.4655,0.0806,0.01258,1.17993,0.13188,-0.00118,0.30915,1.16295
467,934.5,5005302,341823,0.775,1.196,5458,10755,14455,0.01850164,0,0,0.0794,0.1588,0.4652,0.0712,0.01419,1.18088,0.12103,-0.0013,0.28717,1.14902
468,936.4,5016057,342571,0.723,1.193,5613,10755,14435,0.01849841,0,0,0.068,0.1394,0.4243,0.0915,0.01243,1.17945,0.12701,-0.00176,0.29955,1.13534
469,938.2,5026818,343327,0.634,1.191,5896,10761,14460,0.01849518,0,0,0.0617,0.105,0.3905,0.0769,0.01219,1.17806,0.14562,-0.00167,0.3378,1.16819
470,940.0,5037538,344070,0.604,1.187,5986,10720,14420,0.01849195,0,0,0.0604,0.109,0.396,0.0381,0.01202,1.17464,0.13974,-0.00137,0.3249,1.15367
471,941.8,5048320,344832,0.617,1.183,5991,10782,14467,0.01848874,0,0,0.0605,0.1082,0.3879,0.0601,0.01213,1.17014,0.12718,-0.00244,0.30112,1.13241
472,943.6,5059047,345578,0.628,1.184,5923,10727,14430,0.0184855,0,0,0.0609,0.1089,0.3931,0.0647,0.01226,1.17056,0.1355,-0.00158,0.31544,1.1167
473,945.4,5069780,346327,0.584,1.18,6085,10733,14426,0.01848229,0,0,0.06,0.1035,0.3868,0.0334,0.01209,1.1673,0.1297,-0.00178,0.30476,1.13064
474,947.2,5080509,347069,0.614,1.182,5975,10729,14461,0.01847907,0,0,0.0599,0.103,0.3913,0.06,0.01142,1.16928,0.13078,-0.00188,0.30765,1.14559
475,949.0,5091253,347828,0.603,1.181,6023,10744,14436,0.01847585,0,0,0.0585,0.1033,0.3843,0.0566,0.01195,1.16831,0.13282,-0.00129,0.31007,1.13236
476,950.7,5101984,348574,0.555,1.185,6166,10731,14430,0.01847262,0,0,0.0549,0.0935,0.3756,0.0312,0.01108,1.17288,0.13126,-0.0018,0.30767,1.1244
477,952.7,5112747,349320,0.809,1.191,5383,10763,14479,0.0184694,0,0,0.0703,0.1331,0.4318,0.1734,0.01333,1.17538,0.13919,-0.00178,0.32409,1.14089
478,954.6,5123465,350048,0.709,1.185,5658,10718,14420,0.01846618,0,0,0.0639,0.138,0.4187,0.0883,0.01222,1.17231,0.14429,-0.00195,0.33438,1.13503
479,956.5,5134234,350809,0.641,1.187,5890,10769,14457,0.01846296,0,0,0.0619,0.1118,0.3982,0.0692,0.0123,1.17417,0.11371,-0.0034,0.27519,1.10982
480,958.2,5144964,351554,0.594,1.192,6007,10730,14429,0.01845973,0,0,0.061,0.1065,0.3961,0.0308,0.01128,1.17975,0.14035,-0.00243,0.32642,1.10689
481,960.2,5155774,352287,0.735,1.195,5602,10810,14498,0.01845651,0,0,0.0724,0.133,0.4398,0.0899,0.0141,1.17945,0.12938,-0.00219,0.30424,1.11348
482,962.1,5166545,353038,0.727,1.195,5604,10771,14478,0.01845327,0,0,0.0771,0.1492,0.4586,0.0421,0.01315,1.1808,0.13141,-0.00188,0.30764,1.11258
483,964.1,5177301,353778,0.849,1.198,5255,10756,14464,0.01845004,0,0,0.0807,0.1745,0.4945,0.0995,0.01454,1.18227,0.13282,0.00025,0.3071,1.13721
484,966.1,5188070,354524,0.727,1.198,5593,10769,14484,0.01844681,0,0,0.0719,0.1328,0.4373,0.0853,0.0128,1.18397,0.12097,-0.00147,0.28869,1.18704
485,968.1,5198801,355273,0.863,1.199,5205,10731,14430,0.01844358,0,0,0.0811,0.1698,0.4799,0.1321,0.01537,1.18204,0.13168,-0.00205,0.30964,1.14379
486,970.1,5209579,355996,0.777,1.193,5472,10778,14473,0.01844036,0,0,0.0717,0.1521,0.4459,0.107,0.01338,1.17874,0.13136,-0.00261,0.31102,1.16806
487,972.1,5220364,356728,0.771,1.19,5499,10785,14500,0.01843713,0,0,0.0741,0.1459,0.468,0.083,0.0127,1.17674,0.12734,-0.00367,0.30414,1.14267
488,974.0,5231127,357459,0.707,1.186,5687,10763,14466,0.01843389,0,0,0.072,0.1421,0.4525,0.0403,0.01238,1.17226,0.13597,-0.00293,0.31886,1.11336
489,975.9,5241871,358193,0.742,1.187,5570,10744,14445,0.01843066,0,0,0.0734,0.1348,0.4546,0.0795,0.01289,1.1726,0.13936,-0.0029,0.3254,1.10912
490,977.9,5252618,358934,0.798,1.189,5410,10747,14449,0.01842744,0,0,0.0794,0.1761,0.4998,0.0423,0.01271,1.17522,0.13632,-0.0019,0.31733,1.10944
491,979.9,5263376,359667,0.797,1.183,5432,10758,14460,0.01842421,0,0,0.0796,0.1557,0.4661,0.0957,0.0122,1.17038,0.14407,0.00146,0.3266,1.12335
492,981.8,5274140,360402,0.73,1.184,5622,10764,14453,0.01842099,0,0,0.0712,0.1444,0.4439,0.0709,0.01226,1.17102,0.14601,-0.00265,0.33797,1.10358
493,983.7,5284931,361127,0.724,1.187,5648,10791,14479,0.01841776,0,0,0.0739,0.1395,0.4414,0.069,0.01263,1.17304,0.13574,-0.00191,0.31658,1.12054
494,985.6,5295689,361859,0.732,1.185,5613,10758,14456,0.01841452,0,0,0.0725,0.1377,0.4608,0.0608,0.01227,1.17186,0.13465,-0.00275,0.3155,1.10492
495,987.5,5306494,362579,0.678,1.183,5805,10805,14499,0.01841129,0,0,0.0718,0.1302,0.4375,0.0385,0.01227,1.17022,0.13835,-0.00329,0.32361,1.09504
496,989.3,5317297,363324,0.686,1.191,5756,10803,14518,0.01840805,0,0,0.0696,0.1245,0.424,0.0682,0.01233,1.17731,0.14645,-0.00373,0.33934,1.05875
497,991.2,5328050,364046,0.682,1.192,5737,10753,14470,0.01840481,0,0,0.0637,0.1281,0.4237,0.0669,0.0125,1.17852,0.12781,-0.00414,0.30298,1.06158
498,993.0,5338870,364776,0.635,1.193,5919,10820,14516,0.01840159,0,0,0.0662,0.1172,0.418,0.0338,0.01237,1.17964,0.12755,-0.00289,0.29946,1.04807
499,994.9,5349713,365509,0.664,1.19,5849,10843,14544,0.01839834,0,0,0.065,0.1099,0.4184,0.0706,0.01188,1.17728,0.14017,-0.00208,0.32283,1.04195
500,996.8,5360494,366275,0.7,1.197,5683,10781,14486,0.01839509,0,0,0.0727,0.1349,0.4516,0.0408,0.01557,1.18058,0.12668,-0.00298,0.29791,1.049
501,998.8,5371310,367029,0.793,1.197,5437,10816,14519,0.01839185,0,0,0.0763,0.1509,0.4788,0.0865,0.01608,1.17985,0.12573,-0.0029,0.29689,1.07697
502,1000.8,5382090,367785,0.696,1.195,5701,10780,14525,0.01838861,0,0,0.0669,0.1242,0.4188,0.0864,0.01269,1.18102,0.11143,-0.00331,0.26974,1.09482
503,1002.7,5392825,368560,0.638,1.192,5866,10735,14500,0.01838537,0,0,0.0647,0.1202,0.4134,0.0398,0.01184,1.17896,0.11041,-0.00318,0.26772,1.10261
504,1004.5,5403555,369313,0.667,1.178,5817,10730,14471,0.01838215,0,0,0.0668,0.111,0.4033,0.0855,0.01319,1.16378,0.10888,-0.00256,0.26347,1.10424
505,1006.4,5414243,370075,0.677,1.166,5798,10688,14434,0.01837893,0,0,0.0657,0.1242,0.4164,0.0707,0.01121,1.15339,0.11256,-0.00356,0.27319,1.11427
506,1008.3,5424960,370857,0.747,1.168,5595,10717,14482,0.01837573,0,0,0.0683,0.1334,0.4185,0.1271,0.01172,1.15577,0.11671,-0.00281,0.28058,1.13007
507,1010.1,5435662,371623,0.703,1.168,5718,10702,14443,0.01837251,0,0,0.0651,0.1247,0.423,0.0907,0.01162,1.15585,0.10812,-0.0028,0.26477,1.16854
508,1012.0,5446357,372387,0.645,1.168,5898,10695,14455,0.0183693,0,0,0.0641,0.1233,0.4118,0.0459,0.01171,1.15534,0.11315,-0.00266,0.27526,1.18776
509,1013.9,5457039,373156,0.731,1.182,5582,10682,14450,0.01836609,0,0,0.0711,0.144,0.4508,0.0652,0.01146,1.16992,0.11122,-0.00273,0.27121,1.17844
510,1016.0,5467759,373911,0.96,1.193,4979,10720,14469,0.01836289,0,0,0.0815,0.2302,0.561,0.0878,0.01996,1.17156,0.11434,-0.00318,0.27911,1.20045
511,1018.1,5478404,374664,0.934,1.185,5025,10645,14404,0.01835967,0,0,0.0824,0.1978,0.5326,0.1209,0.01275,1.17077,0.11571,-0.00242,0.28034,1.20105
512,1020.3,5489101,375411,0.936,1.188,5038,10697,14450,0.01835648,0,0,0.0849,0.1918,0.5364,0.1227,0.01176,1.17484,0.11991,-0.00262,0.29118,1.25634
513,1022.3,5499779,376162,0.872,1.195,5166,10678,14436,0.01835327,0,0,0.0816,0.1973,0.5305,0.0628,0.01301,1.18038,0.11592,-0.00342,0.28539,1.27251
514,1024.3,5510437,376921,0.792,1.2,5352,10658,14420,0.01835007,0,0,0.0798,0.1808,0.4775,0.0539,0.01424,1.18439,0.1162,-0.00279,0.28507,1.28308
515,1026.3,5521101,377662,0.759,1.196,5455,10664,14415,0.01834687,0,0,0.0792,0.1574,0.4718,0.0509,0.01357,1.18132,0.11553,-0.00344,0.28524,1.28946
516,1028.3,5531789,378411,0.815,1.195,5319,10688,14420,0.01834367,0,0,0.0793,0.1657,0.4668,0.1026,0.01191,1.1821,0.13127,-0.00229,0.31355,1.26536
517,1030.3,5542439,379157,0.785,1.197,5375,10650,14411,0.01834046,0,0,0.0778,0.1611,0.4644,0.0813,0.013,1.18311,0.12277,-0.0021,0.29704,1.28923
518,1032.2,5553087,379901,0.745,1.194,5492,10648,14386,0.01833727,0,0,0.0756,0.1489,0.4586,0.0619,0.01273,1.17998,0.12422,-0.00163,0.29924,1.29646
519,1034.1,5563760,380647,0.724,1.195,5561,10673,14425,0.01833407,0,0,0.0725,0.1395,0.4428,0.0691,0.0123,1.18189,0.12187,-0.00246,0.29582,1.28621
520,1036.1,5574429,381393,0.747,1.192,5502,10669,14446,0.01833087,0,0,0.0786,0.1545,0.4658,0.0486,0.01271,1.17807,0.13097,-0.00267,0.31479,1.2955
521,1037.9,5585135,382143,0.655,1.187,5811,10706,14455,0.01832767,0,0,0.065,0.1227,0.4146,0.0531,0.01135,1.17461,0.13156,-0.0018,0.31574,1.33679
522,1039.8,5595853,382894,0.695,1.187,5695,10718,14457,0.01832446,0,0,0.0723,0.1392,0.4354,0.048,0.01273,1.17344,0.12096,-0.00209,0.29335,1.28889
523,1041.7,5606535,383630,0.667,1.184,5772,10682,14452,0.01832124,0,0,0.0676,0.1296,0.4241,0.0455,0.01138,1.1716,0.131,-0.00163,0.3135,1.31659
524,1043.6,5617222,384378,0.743,1.182,5554,10687,14450,0.01831804,0,0,0.0703,0.1373,0.4518,0.0833,0.01233,1.16852,0.11956,-0.00196,0.29145,1.3212
525,1045.4,5627908,385116,0.619,1.18,5938,10686,14439,0.01831483,0,0,0.0621,0.1087,0.3979,0.0504,0.01152,1.16828,0.1261,-0.00192,0.30498,1.33584
526,1047.2,5638632,385864,0.659,1.185,5817,10724,14506,0.01831163,0,0,0.0649,0.1191,0.4087,0.066,0.01175,1.1721,0.11006,-0.00229,0.2739,1.34356
527,1049.1,5649278,386616,0.671,1.184,5738,10646,14408,0.01830841,0,0,0.0657,0.1208,0.4169,0.0677,0.01135,1.17194,0.11563,-0.00169,0.28363,1.33765
528,1050.9,5659957,387360,0.661,1.182,5795,10679,14421,0.01830522,0,0,0.0684,0.1293,0.428,0.0353,0.01092,1.17001,0.11431,-0.00176,0.27965,1.29732
529,1052.8,5670651,388106,0.647,1.19,5824,10694,14470,0.01830201,0,0,0.0641,0.1127,0.4095,0.0605,0.01214,1.17604,0.12241,-0.00172,0.29786,1.3549
530,1054.6,5681338,388852,0.653,1.19,5799,10687,14436,0.0182988,0,0,0.0648,0.1127,0.4064,0.0692,0.01211,1.17699,0.12484,-0.0021,0.30315,1.34614
531,1056.4,5692013,389578,0.602,1.189,5961,10675,14443,0.0182956,0,0,0.0624,0.108,0.3951,0.0362,0.01108,1.17706,0.1108,-0.00254,0.27732,1.38368
532,1058.2,5702679,390297,0.621,1.19,5889,10666,14429,0.0182924,0,0,0.0606,0.1066,0.3921,0.0615,0.01305,1.17657,0.1064,-0.00377,0.27043,1.36897
533,1060.0,5713357,391040,0.653,1.188,5801,10678,14441,0.0182892,0,0,0.0642,0.1119,0.4116,0.0654,0.01119,1.17593,0.11903,-0.00221,0.29124,1.33335
534,1061.9,5724065,391769,0.631,1.191,5879,10708,14462,0.01828599,0,0,0.0638,0.1097,0.3939,0.0631,0.01046,1.17945,0.11676,-0.00192,0.28608,1.33192
535,1063.7,5734749,392500,0.642,1.192,5826,10684,14415,0.01828278,0,0,0.0648,0.1192,0.4134,0.0446,0.01296,1.1782,0.12026,-0.00165,0.29197,1.3165
536,1065.5,5745416,393228,0.651,1.191,5792,10667,14448,0.01827958,0,0,0.066,0.1177,0.4003,0.0672,0.01184,1.17782,0.1178,-0.00171,0.28806,1.34174
537,1067.4,5756096,393952,0.659,1.19,5777,10680,14427,0.01827638,0,0,0.0675,0.1311,0.4223,0.0383,0.01068,1.17804,0.12526,-0.00215,0.3035,1.33161
538,1069.2,5766752,394693,0.672,1.17,5787,10656,14431,0.01827317,0,0,0.0659,0.1201,0.4182,0.0676,0.01397,1.15496,0.11655,-0.00299,0.28793,1.33697
539,1071.1,5777439,395416,0.684,1.168,5770,10687,14467,0.01826997,0,0,0.0687,0.1229,0.432,0.0604,0.01174,1.15572,0.11907,-0.0012,0.29015,1.35734
540,1072.9,5788110,396121,0.69,1.166,5748,10671,14410,0.01826677,0,0,0.0661,0.1256,0.4259,0.0723,0.0112,1.15388,0.11087,-0.00171,0.27453,1.35178
541,1074.8,5798776,396852,0.723,1.17,5634,10666,14401,0.01826357,0,0,0.0734,0.1505,0.4583,0.0408,0.01387,1.15544,0.11028,-0.00192,0.27269,1.32215
542,1076.7,5809459,397587,0.655,1.167,5863,10683,14434,0.01826037,0,0,0.0615,0.1141,0.4164,0.0633,0.01191,1.15397,0.11837,-0.00155,0.28886,1.34229
543,1078.5,5820140,398310,0.684,1.168,5767,10681,14444,0.01825716,0,0,0.0656,0.1181,0.4304,0.0698,0.01169,1.15572,0.1262,-0.00185,0.30433,1.32103
544,1080.3,5830871,399045,0.659,1.166,5880,10731,14490,0.01825396,0,0,0.0635,0.1151,0.417,0.0638,0.01313,1.15184,0.11133,-0.00243,0.27508,1.30277
545,1082.1,5841579,399768,0.641,1.169,5915,10708,14465,0.01825074,0,0,0.0651,0.1173,0.4178,0.041,0.01183,1.15571,0.11396,-0.00152,0.2785,1.30251
546,1084.0,5852264,400496,0.685,1.169,5763,10685,14448,0.01824753,0,0,0.0657,0.1196,0.4306,0.0692,0.01104,1.15704,0.11919,-0.00131,0.28891,1.31285
547,1085.9,5862954,401219,0.691,1.192,5679,10690,14435,0.01824432,0,0,0.0641,0.123,0.4354,0.0683,0.01255,1.17785,0.12258,-0.0017,0.29594,1.29839
548,1087.7,5873639,401956,0.649,1.19,5811,10685,14450,0.01824111,0,0,0.0649,0.1205,0.4276,0.0363,0.01105,1.17706,0.11143,-0.00228,0.27432,1.28585
549,1089.6,5884273,402695,0.69,1.193,5647,10634,14416,0.01823791,0,0,0.0661,0.1212,0.4264,0.0759,0.01188,1.18084,0.11627,-0.00201,0.28301,1.27373
550,1091.5,5894944,403412,0.693,1.194,5656,10671,14426,0.01823472,0,0,0.0678,0.1181,0.4322,0.0748,0.01286,1.1801,0.1103,-0.00268,0.27294,1.28845
551,1093.4,5905584,404145,0.684,1.208,5625,10640,14437,0.01823152,0,0,0.0656,0.1198,0.4226,0.0755,0.01164,1.19574,0.10621,-0.00174,0.26388,1.31595
552,1095.4,5916265,404878,0.65,1.209,5746,10681,14450,0.01822832,0,0,0.0668,0.1212,0.423,0.0384,0.01267,1.19605,0.1182,-0.00197,0.28926,1.34221
553,1097.3,5926995,405591,0.669,1.212,5703,10730,14483,0.01822512,0,0,0.0654,0.1205,0.4074,0.0759,0.01563,1.19525,0.10427,-0.00119,0.25988,1.34355
554,1099.3,5937677,406306,0.834,1.209,5229,10682,14458,0.0182219,0,0,0.0746,0.1379,0.4607,0.1605,0.01226,1.19581,0.11278,-0.00232,0.27893,1.33688
555,1101.2,5948417,407028,0.686,1.167,5796,10740,14494,0.0182187,0,0,0.066,0.1208,0.4187,0.0802,0.01175,1.15478,0.12546,-0.00248,0.30534,1.35799
556,1103.0,5959117,407758,0.672,1.166,5822,10700,14460,0.01821547,0,0,0.0644,0.1199,0.4192,0.0688,0.01222,1.15255,0.10553,-0.00294,0.26528,1.32647
557,1104.8,5969811,408490,0.655,1.164,5880,10694,14463,0.01821226,0,0,0.0661,0.1242,0.4245,0.0397,0.01211,1.15151,0.11153,-0.00237,0.27611,1.32632
558,1106.6,5980496,409223,0.603,1.164,6045,10685,14441,0.01820906,0,0,0.0584,0.0996,0.3856,0.0594,0.01122,1.15238,0.11928,-0.0018,0.29118,1.34581
559,1108.3,5991201,409953,0.586,1.162,6121,10705,14443,0.01820585,0,0,0.0605,0.0994,0.3831,0.0434,0.01152,1.15022,0.11651,-0.00223,0.28679,1.35394
560,1110.1,6001898,410684,0.587,1.161,6118,10697,14444,0.01820264,0,0,0.058,0.094,0.3768,0.0585,0.01189,1.14821,0.11188,-0.00253,0.27704,1.32455
561,1111.8,6012521,411397,0.548,1.162,6211,10623,14380,0.01819943,0,0,0.055,0.0958,0.3661,0.0316,0.01091,1.15027,0.10587,-0.00179,0.26359,1.32603
562,1113.5,6023221,412134,0.581,1.162,6140,10700,14474,0.01819624,0,0,0.0582,0.0992,0.3802,0.0431,0.01082,1.1504,0.11606,-0.00234,0.28512,1.32768
563,1115.3,6033887,412847,0.564,1.166,6164,10666,14408,0.01819303,0,0,0.0587,0.098,0.3784,0.0293,0.01457,1.15077,0.10173,-0.00209,0.25709,1.35913
564,1117.0,6044559,413584,0.584,1.17,6084,10672,14428,0.01818983,0,0,0.0586,0.0969,0.3745,0.0538,0.01108,1.15843,0.11613,-0.00227,0.28602,1.35292
565,1118.8,6055239,414306,0.578,1.171,6107,10680,14455,0.01818663,0,0,0.0567,0.0971,0.3747,0.0491,0.01062,1.15979,0.11209,-0.00228,0.27907,1.38347
566,1120.5,6065926,415029,0.57,1.175,6127,10687,14462,0.01818343,0,0,0.0576,0.1013,0.3799,0.0308,0.01429,1.15956,0.11021,-0.00117,0.27219,1.35912
567,1122.3,6076624,415755,0.593,1.171,6065,10698,14452,0.01818022,0,0,0.0575,0.0984,0.3782,0.0591,0.01069,1.15934,0.11232,-0.00217,0.27775,1.34156
568,1124.0,6087367,416468,0.55,1.174,6229,10743,14494,0.01817701,0,0,0.0553,0.0949,0.3704,0.0297,0.01091,1.16285,0.11344,-0.00217,0.28079,1.36389
569,1125.8,6098102,417184,0.579,1.219,5971,10735,14526,0.01817379,0,0,0.0583,0.0976,0.3746,0.0488,0.01326,1.20448,0.11142,-0.00144,0.27515,1.35951
570,1127.6,6108795,417896,0.569,1.217,5987,10693,14456,0.01817057,0,0,0.0577,0.1003,0.373,0.038,0.0105,1.20572,0.10577,-0.00275,0.26642,1.35883
571,1129.4,6119505,418600,0.599,1.221,5884,10710,14474,0.01816736,0,0,0.0613,0.1032,0.3925,0.0417,0.01334,1.20736,0.12135,-0.00209,0.29467,1.31516
572,1131.3,6130235,419306,0.649,1.219,5745,10730,14489,0.01816415,0,0,0.063,0.1073,0.4009,0.0779,0.01107,1.20675,0.11021,-0.00236,0.27363,1.33463
573,1133.1,6140924,420032,0.596,1.221,5882,10689,14445,0.01816093,0,0,0.0624,0.1102,0.3921,0.0313,0.01342,1.20717,0.11773,-0.00117,0.28735,1.36436
574,1134.9,6151632,420745,0.624,1.22,5806,10708,14485,0.01815772,0,0,0.063,0.1083,0.3964,0.0567,0.01111,1.2083,0.1095,-0.00241,0.27343,1.36625
575,1136.8,6162338,421471,0.607,1.222,5855,10706,14456,0.01815451,0,0,0.0641,0.1068,0.3985,0.0375,0.01336,1.2076,0.11126,-0.00177,0.27412,1.32375
576,1138.6,6173030,422195,0.588,1.193,6001,10692,14477,0.0181513,0,0,0.0584,0.1005,0.3775,0.0519,0.0111,1.18173,0.11277,-0.00198,0.27859,1.35189
577,1140.3,6183725,422916,0.596,1.179,6026,10695,14482,0.01814809,0,0,0.0587,0.0979,0.3855,0.0541,0.01118,1.16662,0.09018,-0.00186,0.23364,1.36569
578,1142.1,6194455,423626,0.598,1.163,6096,10730,14503,0.01814488,0,0,0.0558,0.0975,0.3847,0.0598,0.01199,1.14976,0.11559,-0.0017,0.28399,1.36149
579,1143.8,6205172,424351,0.556,1.163,6235,10717,14463,0.01814166,0,0,0.0553,0.0964,0.3735,0.0307,0.01147,1.15056,0.10793,-0.00168,0.2669,1.31379
580,1145.5,6215877,425060,0.572,1.161,6178,10705,14461,0.01813845,0,0,0.057,0.1037,0.3802,0.031,0.01055,1.1495,0.11115,-0.00164,0.27404,1.336
581,1147.3,6226580,425780,0.627,1.166,5971,10703,14455,0.01813524,0,0,0.0629,0.1154,0.4036,0.0447,0.01454,1.15053,0.12451,-0.00155,0.30067,1.33874
582,1149.1,6237332,426506,0.593,1.161,6128,10752,14526,0.01813203,0,0,0.0591,0.1014,0.3704,0.0625,0.01071,1.14975,0.11389,-0.00251,0.27962,1.29072
583,1150.9,6247996,427230,0.593,1.163,6072,10664,14456,0.0181288,0,0,0.0613,0.1048,0.3834,0.0436,0.01143,1.1509,0.11083,-0.0024,0.27506,1.34078
584,1152.6,6258718,427945,0.608,1.167,6040,10722,14496,0.0181256,0,0,0.0617,0.1031,0.3849,0.058,0.0148,1.15174,0.11811,-0.0028,0.29035,1.33844
585,1154.4,6269394,428649,0.585,1.164,6107,10676,14442,0.01812238,0,0,0.0614,0.1063,0.3846,0.0324,0.0107,1.1519,0.10041,-0.00221,0.25422,1.35161
586,1156.2,6280131,429362,0.657,1.174,5861,10737,14506,0.01811918,0,0,0.0685,0.1253,0.4071,0.0566,0.01144,1.16206,0.11567,-0.00209,0.28548,1.37827
587,1158.1,6290831,430062,0.687,1.193,5692,10700,14467,0.01811596,0,0,0.0678,0.1369,0.442,0.0399,0.01336,1.17909,0.10952,-0.00295,0.27431,1.36235
588,1159.9,6301520,430785,0.651,1.188,5813,10689,14463,0.01811275,0,0,0.0625,0.1172,0.4162,0.055,0.01132,1.17594,0.1092,-0.00143,0.27184,1.39602
589,1161.7,6312250,431502,0.624,1.189,5916,10730,14487,0.01810954,0,0,0.065,0.12,0.4061,0.0331,0.01258,1.17609,0.11446,-0.00259,0.28337,1.3607
590,1163.5,6322967,432210,0.602,1.187,5990,10717,14485,0.01810632,0,0,0.0562,0.1008,0.3862,0.0587,0.01116,1.17557,0.11956,-0.00242,0.29333,1.36347
591,1165.2,6333651,432914,0.552,1.161,6236,10684,14465,0.01810311,0,0,0.0497,0.0893,0.3593,0.0536,0.01111,1.14956,0.09794,-0.00262,0.25156,1.39327
592,1167.0,6344351,433643,0.59,1.159,6116,10700,14469,0.0180999,0,0,0.0601,0.1081,0.386,0.0359,0.01155,1.1472,0.10435,-0.00169,0.26208,1.38147
593,1168.7,6355033,434352,0.545,1.162,6256,10682,14452,0.01809669,0,0,0.0481,0.0864,0.3534,0.0575,0.01175,1.14953,0.10792,-0.00267,0.27146,1.38932
594,1170.4,6365776,435076,0.51,1.159,6439,10743,14489,0.01809349,0,0,0.0476,0.0854,0.3474,0.0291,0.01047,1.14792,0.1062,-0.00245,0.26739,1.38414
595,1172.1,6376449,435775,0.528,1.175,6266,10673,14416,0.01809027,0,0,0.0475,0.084,0.3511,0.0459,0.01177,1.16234,0.12037,-0.00244,0.29534,1.37392
596,1173.8,6387150,436488,0.607,1.162,6049,10701,14474,0.01808707,0,0,0.0594,0.1064,0.3863,0.0551,0.01081,1.15043,0.11239,-0.00073,0.27649,1.38952
597,1175.8,6397825,437223,0.741,1.169,5590,10675,14440,0.01808385,0,0,0.0723,0.1516,0.4465,0.0701,0.01285,1.15563,0.10776,-0.00184,0.26951,1.39091
598,1177.6,6408486,437957,0.636,1.165,5917,10661,14439,0.01808065,0,0,0.0614,0.1098,0.3968,0.0686,0.01241,1.15198,0.12102,-0.00154,0.29467,1.37044
599,1179.4,6419184,438676,0.642,1.167,5915,10698,14448,0.01807745,0,0,0.0634,0.1165,0.4007,0.0616,0.01113,1.15476,0.11952,-0.00159,0.29079,1.34375
600,1181.2,6429913,439391,0.672,1.166,5838,10729,14521,0.01807424,0,0,0.0652,0.1201,0.4181,0.0681,0.01194,1.15366,0.10851,-0.00152,0.26941,1.36498
601,1183.5,6440579,440119,0.728,1.17,5618,10666,14474,0.01807103,0,0,0.0692,0.1473,0.4322,0.0798,0.01147,1.15805,0.10705,-0.00284,0.27079,1.41141
602,1185.5,6451287,440841,0.637,1.166,5939,10708,14472,0.01806783,0,0,0.0655,0.1228,0.4162,0.0323,0.01046,1.15463,0.11025,-0.00126,0.27461,1.42725
603,1187.3,6461984,441564,0.648,1.167,5892,10697,14475,0.01806461,0,0,0.0683,0.118,0.417,0.0451,0.01269,1.15336,0.11145,-0.00189,0.27787,1.41671
604,1189.3,6472678,442293,0.643,1.281,5558,10694,14444,0.0180614,0,0,0.065,0.1212,0.4214,0.0353,0.0115,1.26899,0.11749,-0.00145,0.28903,1.41614
605,1191.2,6483400,442998,0.69,1.28,5443,10722,14475,0.0180582,0,0,0.0696,0.129,0.4315,0.0597,0.01172,1.26742,0.11715,-0.0015,0.28849,1.41723
606,1193.3,6494106,443708,0.777,1.291,5178,10706,14474,0.01805498,0,0,0.0782,0.1499,0.4596,0.089,0.01562,1.27381,0.11731,-0.00178,0.28931,1.41637
607,1195.4,6504837,444427,0.84,1.279,5064,10731,14469,0.01805177,0,0,0.0768,0.1528,0.461,0.1489,0.01248,1.26598,0.10882,-0.00187,0.27337,1.44016
608,1197.4,6515575,445152,0.722,1.282,5359,10738,14472,0.01804855,0,0,0.0697,0.1264,0.4293,0.0967,0.01185,1.26907,0.12586,-0.00255,0.30781,1.41268
609,1199.3,6526248,445860,0.69,1.194,5667,10673,14430,0.01804533,0,0,0.0721,0.1307,0.4452,0.0417,0.01293,1.17966,0.12497,-0.00179,0.30563,1.44379
610,1201.3,6536981,446575,0.798,1.196,5382,10733,14508,0.01804213,0,0,0.0755,0.1503,0.4724,0.1001,0.01294,1.18227,0.13147,-0.00133,0.31784,1.44774
611,1203.6,6547677,447271,0.655,1.191,5797,10696,14452,0.01803891,0,0,0.0662,0.1211,0.4212,0.0462,0.0119,1.17755,0.1314,-0.00161,0.31782,1.43621
612,1205.5,6558420,447997,0.691,1.194,5699,10743,14494,0.0180357,0,0,0.0691,0.1242,0.4244,0.0737,0.01337,1.17958,0.12339,-0.00218,0.3023,1.41811
613,1207.4,6569089,448716,0.667,1.191,5741,10669,14411,0.01803247,0,0,0.0656,0.1153,0.4144,0.072,0.01196,1.17841,0.1222,-0.00153,0.29809,1.4036
614,1209.2,6579803,449445,0.621,1.191,5915,10714,14440,0.01802927,0,0,0.0656,0.1136,0.4037,0.0378,0.01156,1.17846,0.12881,-0.00148,0.31223,1.4324
615,1211.0,6590501,450129,0.632,1.193,5863,10698,14434,0.01802606,0,0,0.0645,0.1131,0.407,0.0471,0.01246,1.17949,0.10894,-0.00187,0.27353,1.43939
616,1212.9,6601170,450829,0.687,1.172,5740,10669,14411,0.01802285,0,0,0.0667,0.1235,0.4211,0.0754,0.01142,1.15937,0.11266,-0.00206,0.28199,1.4581
617,1214.7,6611872,451529,0.691,1.164,5769,10702,14447,0.01801965,0,0,0.0678,0.1331,0.4333,0.0572,0.01085,1.15215,0.13259,-0.00248,0.32222,1.44551
618,1216.6,6622546,452252,0.693,1.167,5738,10674,14433,0.01801644,0,0,0.0731,0.137,0.4224,0.0606,0.01144,1.15486,0.12794,-0.0012,0.3103,1.44355
619,1218.4,6633220,452951,0.699,1.164,5729,10674,14453,0.01801324,0,0,0.0679,0.1284,0.4309,0.0717,0.01082,1.15274,0.1174,-0.00199,0.29179,1.47149
620,1220.4,6643870,453659,0.742,1.177,5552,10650,14423,0.01801003,0,0,0.0702,0.1372,0.4313,0.1029,0.01927,1.15676,0.13272,-0.00071,0.31943,1.45942
621,1222.2,6654514,454378,0.666,1.17,5795,10644,14401,0.01800684,0,0,0.0713,0.1257,0.4254,0.0439,0.01145,1.15771,0.10696,-0.0024,0.27084,1.4478
622,1224.2,6665198,455100,0.824,1.169,5361,10684,14450,0.01800365,0,0,0.0752,0.1568,0.4567,0.1353,0.01232,1.15561,0.10668,-0.0022,0.27035,1.46081
623,1226.2,6675892,455815,0.822,1.167,5378,10694,14464,0.01800044,0,0,0.0773,0.1578,0.4888,0.0979,0.01241,1.1536,0.11899,-0.00298,0.29661,1.4633
624,1228.1,6686555,456536,0.736,1.169,5600,10663,14424,0.01799723,0,0,0.0747,0.1388,0.446,0.0761,0.01196,1.15553,0.12271,-0.00302,0.30322,1.43774
625,1230.0,6697255,457263,0.731,1.169,5631,10700,14447,0.01799403,0,0,0.0718,0.1418,0.4385,0.0786,0.01341,1.15523,0.11877,-0.00249,0.29429,1.43839
626,1231.8,6707897,457980,0.642,1.164,5893,10642,14425,0.01799082,0,0,0.0667,0.1243,0.4176,0.0337,0.01112,1.15146,0.11622,-0.00039,0.28461,1.42808
627,1233.6,6718565,458699,0.637,1.166,5915,10668,14436,0.01798763,0,0,0.0644,0.1146,0.4017,0.0565,0.011,1.15461,0.12341,-0.00283,0.3039,1.42921
628,1235.4,6729267,459408,0.648,1.165,5903,10702,14444,0.01798443,0,0,0.0681,0.1216,0.4245,0.0339,0.01134,1.15284,0.13245,-0.00172,0.31962,1.42529
629,1237.2,6739993,460131,0.638,1.164,5951,10726,14484,0.01798122,0,0,0.066,0.1193,0.4073,0.0456,0.01095,1.15255,0.13103,-0.0017,0.31645,1.41774
630,1239.0,6750703,460847,0.649,1.165,5906,10710,14457,0.017978,0,0,0.0658,0.1231,0.4157,0.0441,0.01128,1.1527,0.12152,-0.00324,0.30068,1.4225
631,1240.9,6761367,461574,0.699,1.166,5716,10664,14420,0.01797479,0,0,0.0685,0.1298,0.4252,0.0759,0.01052,1.15491,0.11474,-0.00256,0.28495,1.40066
632,1242.8,6772064,462277,0.704,1.166,5721,10697,14430,0.01797159,0,0,0.0744,0.143,0.4386,0.0476,0.01212,1.153,0.11371,-0.00249,0.28283,1.40283
633,1244.6,6782735,462995,0.657,1.176,5821,10671,14430,0.01796838,0,0,0.0674,0.1234,0.413,0.0533,0.01171,1.16348,0.11843,-0.00199,0.29133,1.40496
634,1246.5,6793377,463722,0.768,1.193,5428,10642,14405,0.01796518,0,0,0.0766,0.1556,0.4888,0.0467,0.01223,1.17958,0.1153,-0.00277,0.28512,1.36265
635,1248.7,6804024,464465,0.91,1.191,5067,10647,14416,0.01796199,0,0,0.0878,0.1948,0.514,0.1137,0.01262,1.17753,0.12727,-0.00193,0.30752,1.36748
636,1250.6,6814677,465176,0.785,1.191,5391,10653,14384,0.01795879,0,0,0.0764,0.1473,0.45,0.1111,0.01206,1.17819,0.11949,-0.0021,0.29142,1.34307
637,1252.6,6825412,465899,0.725,1.241,5461,10735,14510,0.0179556,0,0,0.075,0.1452,0.4526,0.0522,0.01263,1.22681,0.12875,-0.00206,0.30991,1.34466
638,1254.8,6836049,466620,0.87,1.294,4917,10637,14376,0.01795238,0,0,0.0851,0.1808,0.5277,0.0761,0.01245,1.28012,0.12942,-0.00181,0.31106,1.35342
639,1256.8,6846702,467331,0.739,1.291,5248,10653,14421,0.01794919,0,0,0.0773,0.1393,0.4559,0.0668,0.01269,1.27731,0.12345,-0.00143,0.29659,1.30465
640,1258.8,6857358,468046,0.758,1.295,5192,10656,14416,0.01794599,0,0,0.0746,0.1473,0.4623,0.0736,0.01445,1.27925,0.1387,-0.00208,0.32861,1.31091
641,1260.9,6868053,468767,0.784,1.232,5306,10695,14460,0.01794279,0,0,0.0788,0.1465,0.4719,0.0866,0.01245,1.21855,0.12509,-0.00248,0.30295,1.33203
642,1262.8,6878734,469472,0.733,1.195,5539,10681,14447,0.01793958,0,0,0.0752,0.1469,0.4592,0.0519,0.01158,1.18228,0.12578,-0.00232,0.3039,1.32914
643,1264.7,6889430,470185,0.724,1.195,5573,10696,14456,0.01793638,0,0,0.073,0.1401,0.4541,0.057,0.01224,1.18189,0.12588,-0.00253,0.30376,1.30873
644,1266.6,6900112,470900,0.667,1.196,5732,10682,14455,0.01793317,0,0,0.0695,0.1298,0.4298,0.038,0.01167,1.18374,0.1229,-0.00277,0.2983,1.30919
645,1268.5,6910793,471617,0.733,1.182,5580,10681,14425,0.01792997,0,0,0.0767,0.1468,0.4472,0.0618,0.013,1.16802,0.12485,-0.00242,0.30142,1.30742
646,1270.4,6921507,472323,0.701,1.167,5736,10714,14478,0.01792676,0,0,0.0718,0.1356,0.4391,0.0549,0.01167,1.15419,0.11309,-0.00164,0.27739,1.33661
647,1272.3,6932165,473037,0.823,1.171,5345,10658,14414,0.01792355,0,0,0.08,0.1621,0.4826,0.0983,0.01207,1.15806,0.1358,-0.00162,0.32189,1.31245
648,1274.2,6942865,473750,0.707,1.169,5704,10700,14480,0.01792035,0,0,0.0741,0.1427,0.4335,0.0571,0.01143,1.15619,0.1247,-0.00173,0.29959,1.30335
649,1276.1,6953554,474454,0.71,1.166,5698,10689,14461,0.01791714,0,0,0.0724,0.1336,0.4256,0.0782,0.01184,1.15319,0.11635,-0.00348,0.28618,1.29844
650,1278.0,6964250,475170,0.702,1.169,5716,10696,14462,0.01791393,0,0,0.0712,0.1335,0.4328,0.0649,0.01193,1.1557,0.11882,-0.00126,0.2878,1.32941
651,1279.8,6974949,475889,0.71,1.168,5698,10699,14431,0.01791073,0,0,0.0776,0.1504,0.4431,0.0385,0.01195,1.15521,0.14088,-0.00184,0.33216,1.30445
652,1281.9,6985705,476598,0.735,1.167,5654,10756,14458,0.01790752,0,0,0.075,0.1434,0.4327,0.0843,0.01101,1.15494,0.11703,-0.00235,0.28476,1.28414
653,1283.8,6996429,477319,0.713,1.163,5717,10724,14420,0.01790429,0,0,0.076,0.1546,0.4436,0.0384,0.01123,1.15097,0.13189,-0.0013,0.31145,1.25893
654,1285.8,7007122,478033,0.805,1.168,5420,10693,14384,0.01790107,0,0,0.0811,0.1678,0.4735,0.0828,0.01165,1.15462,0.13844,-0.00224,0.32575,1.23996
655,1287.8,7017854,478750,0.835,1.169,5355,10732,14439,0.01789786,0,0,0.0797,0.1653,0.4808,0.1092,0.01264,1.15538,0.13067,-0.00172,0.31008,1.26533
656,1289.8,7028554,479467,0.785,1.167,5481,10700,14395,0.01789464,0,0,0.078,0.1588,0.4708,0.0776,0.01177,1.15422,0.13279,-0.00129,0.31435,1.29054
657,1291.6,7039273,480196,0.72,1.17,5673,10719,14411,0.01789143,0,0,0.072,0.1397,0.4383,0.07,0.0122,1.15637,0.13391,-0.00285,0.31943,1.28277
658,1293.5,7049974,480941,0.736,1.173,5608,10701,14378,0.01788822,0,0,0.0785,0.1483,0.462,0.0467,0.01508,1.15643,0.13763,-0.00171,0.32446,1.2791
659,1295.5,7060714,481664,0.792,1.168,5480,10740,14441,0.01788501,0,0,0.0771,0.1548,0.4635,0.0969,0.01185,1.15473,0.12999,-0.00181,0.30952,1.28415
660,1297.6,7071419,482392,0.924,1.169,5114,10705,14391,0.01788179,0,0,0.0818,0.2039,0.5449,0.0934,0.01241,1.15577,0.12457,-0.00168,0.29757,1.26004
661,1299.5,7082156,483120,0.775,1.17,5520,10737,14436,0.01787857,0,0,0.0778,0.1715,0.4868,0.0392,0.01237,1.15687,0.13959,-0.0015,0.32687,1.25009
662,1301.5,7092877,483849,0.799,1.169,5447,10721,14416,0.01787535,0,0,0.078,0.1578,0.4756,0.0879,0.01273,1.15529,0.13301,-0.00149,0.31407,1.26075
663,1303.5,7103573,484566,0.793,1.169,5453,10696,14394,0.01787214,0,0,0.0794,0.1684,0.477,0.0682,0.01241,1.15538,0.12741,-0.00254,0.30484,1.25761
664,1305.5,7114317,485299,0.849,1.17,5321,10744,14445,0.01786893,0,0,0.083,0.1711,0.4988,0.0961,0.01348,1.15551,0.11876,-0.00155,0.28565,1.26021
665,1307.4,7125099,486004,0.737,1.171,5649,10782,14471,0.0178657,0,0,0.0761,0.1514,0.4664,0.0433,0.01278,1.15749,0.14297,-0.00141,0.33425,1.2732
666,1309.4,7135863,486707,0.773,1.189,5487,10764,14461,0.01786247,0,0,0.0791,0.1582,0.4704,0.0651,0.01242,1.17563,0.12826,-0.00124,0.30439,1.27044
667,1311.2,7146611,487431,0.657,1.189,5822,10748,14459,0.01785924,0,0,0.069,0.1289,0.4206,0.0382,0.01129,1.1769,0.12652,-0.00139,0.30094,1.26348
668,1313.1,7157363,488153,0.699,1.189,5696,10752,14424,0.01785602,0,0,0.072,0.1353,0.4362,0.0556,0.01157,1.17552,0.14511,-0.00141,0.33844,1.27134
669,1315.1,7168081,488875,0.793,1.193,5397,10718,14415,0.01785279,0,0,0.0772,0.1564,0.4706,0.0888,0.01467,1.1776,0.12383,-0.00199,0.29698,1.27015
670,1317.1,7178821,489594,0.688,1.27,5485,10740,14440,0.01784958,0,0,0.0717,0.1382,0.4406,0.038,0.01148,1.25727,0.1371,-0.00241,0.32342,1.24375
671,1319.1,7189571,490312,0.747,1.291,5274,10750,14443,0.01784635,0,0,0.0735,0.1356,0.4521,0.0859,0.01261,1.27769,0.13042,-0.00259,0.31162,1.2772
672,1320.9,7200308,491031,0.653,1.194,5813,10737,14452,0.01784313,0,0,0.0675,0.1251,0.4247,0.0361,0.01246,1.18044,0.12553,-0.00092,0.29751,1.24972
673,1322.8,7211040,491742,0.654,1.191,5818,10732,14432,0.01783991,0,0,0.067,0.1172,0.4085,0.0608,0.01117,1.17893,0.1396,-0.00139,0.32659,1.24995
674,1324.6,7221803,492458,0.686,1.182,5764,10763,14466,0.01783669,0,0,0.0714,0.1244,0.4257,0.0642,0.01224,1.16865,0.12462,-0.00124,0.29518,1.21841
675,1326.4,7232521,493193,0.628,1.165,5978,10718,14420,0.01783346,0,0,0.0641,0.1178,0.4082,0.0378,0.01134,1.15247,0.12773,-0.00173,0.30303,1.23657
676,1328.3,7243254,493902,0.679,1.164,5823,10733,14430,0.01783024,0,0,0.0687,0.1284,0.4192,0.0627,0.01041,1.15319,0.136,-0.00223,0.31973,1.21342
677,1330.1,7253990,494606,0.695,1.166,5770,10736,14415,0.01782702,0,0,0.0698,0.128,0.4284,0.0685,0.01306,1.15213,0.11901,-0.00127,0.28431,1.22666
678,1332.0,7264737,495316,0.71,1.167,5726,10747,14443,0.0178238,0,0,0.0736,0.14,0.439,0.0574,0.01113,1.15461,0.11939,-0.00173,0.28582,1.22282
679,1333.9,7275488,496038,0.712,1.167,5722,10751,14450,0.01782058,0,0,0.0675,0.1331,0.4226,0.0887,0.01168,1.15453,0.13716,-0.00085,0.31947,1.21938
680,1335.8,7286195,496753,0.698,1.166,5743,10707,14411,0.01781735,0,0,0.0685,0.1214,0.4175,0.0911,0.01257,1.15247,0.11969,-0.00195,0.287,1.22679
681,1337.6,7296938,497444,0.703,1.165,5753,10743,14429,0.01781414,0,0,0.0706,0.1314,0.4276,0.0732,0.01098,1.1527,0.12997,-0.00223,0.30815,1.22794
682,1339.4,7307679,498180,0.644,1.169,5924,10741,14420,0.01781092,0,0,0.0654,0.1211,0.4099,0.0476,0.01236,1.15567,0.12121,-0.00139,0.28839,1.2125
683,1341.3,7318413,498873,0.681,1.165,5813,10734,14464,0.0178077,0,0,0.0679,0.1228,0.4225,0.0681,0.01039,1.15398,0.12518,-0.00179,0.29781,1.23177
684,1343.2,7329216,499577,0.755,1.166,5623,10803,14523,0.01780448,0,0,0.0789,0.1555,0.4615,0.0592,0.01147,1.15345,0.11331,-0.00139,0.27377,1.24643
685,1345.1,7339944,500296,0.759,1.168,5568,10728,14446,0.01780124,0,0,0.0776,0.1557,0.4684,0.0574,0.01206,1.15479,0.12784,-0.00208,0.30374,1.23329
686,1347.0,7350711,501003,0.737,1.165,5659,10767,14441,0.01779802,0,0,0.0738,0.1437,0.4442,0.0757,0.01166,1.15279,0.12915,-0.00114,0.3037,1.21144
687,1349.0,7361439,501696,0.79,1.207,5373,10728,14432,0.01779479,0,0,0.0836,0.1618,0.4867,0.0576,0.0111,1.19484,0.12537,-0.00257,0.29916,1.21614
688,1350.9,7372220,502399,0.661,1.217,5738,10781,14491,0.01779157,0,0,0.0704,0.1317,0.4235,0.0357,0.01382,1.20293,0.12836,-0.0015,0.30316,1.22119
689,1352.9,7382947,503106,0.719,1.216,5543,10727,14406,0.01778833,0,0,0.0764,0.1425,0.4428,0.0574,0.01156,1.20394,0.136,-0.00106,0.31725,1.21241
690,1354.8,7393706,503810,0.751,1.215,5473,10759,14467,0.01778512,0,0,0.0788,0.1529,0.4613,0.0575,0.01161,1.20272,0.11798,-0.00209,0.28327,1.21293
691,1356.7,7404434,504519,0.694,1.187,5704,10728,14427,0.01778189,0,0,0.0748,0.1441,0.4378,0.0377,0.01123,1.17458,0.13206,-0.00117,0.30887,1.19266
692,1358.6,7415171,505231,0.723,1.167,5681,10737,14443,0.01777867,0,0,0.0722,0.1359,0.4316,0.0838,0.01229,1.15328,0.12788,-0.00172,0.30222,1.21004
693,1360.5,7425935,505936,0.753,1.169,5600,10764,14475,0.01777545,0,0,0.0744,0.1404,0.4324,0.1056,0.0133,1.15517,0.12448,-0.00174,0.2959,1.22222
694,1362.5,7436724,506638,0.826,1.168,5412,10789,14483,0.01777222,0,0,0.0791,0.1589,0.4769,0.1107,0.01153,1.15508,0.13282,-0.00062,0.31002,1.21363
695,1364.4,7447477,507370,0.764,1.165,5573,10753,14454,0.01776898,0,0,0.0749,0.1484,0.4639,0.0769,0.01122,1.15328,0.12112,-0.00168,0.28879,1.21555
696,1366.3,7458213,508079,0.641,1.164,5948,10736,14430,0.01776576,0,0,0.0678,0.1254,0.413,0.0344,0.01175,1.1518,0.13379,-0.00105,0.31239,1.20243
697,1368.1,7468911,508780,0.661,1.164,5860,10698,14403,0.01776254,0,0,0.0662,0.1224,0.4138,0.0588,0.01187,1.15168,0.12775,-0.00205,0.30179,1.18721
698,1370.0,7479619,509487,0.764,1.169,5541,10708,14402,0.01775933,0,0,0.0752,0.1498,0.4685,0.0701,0.01245,1.1555,0.13622,-0.00187,0.31781,1.17216
699,1371.9,7490347,510213,0.685,1.168,5791,10728,14439,0.01775611,0,0,0.0722,0.1341,0.4388,0.0396,0.01144,1.15522,0.14097,-0.00177,0.32703,1.17
700,1373.9,7501083,510917,0.827,1.167,5384,10736,14418,0.0177529,0,0,0.0799,0.1663,0.4841,0.0967,0.01172,1.1547,0.13719,-0.00118,0.31903,1.1908
701,1375.7,7511953,511616,0.703,1.171,5800,10870,14512,0.01774968,0,0,0.0674,0.1255,0.4339,0.0768,0.01327,1.15653,0.13391,-0.00145,0.31227,1.17011
702,1377.8,7522788,512302,0.709,1.166,5779,10835,14476,0.01774641,0,0,0.072,0.1371,0.4408,0.0595,0.01107,1.1537,0.14568,-0.00166,0.3356,1.15325
703,1379.6,7533576,513012,0.692,1.167,5801,10788,14419,0.01774316,0,0,0.0707,0.1397,0.4307,0.051,0.0121,1.1544,0.13589,-0.00112,0.3145,1.14079
704,1381.5,7544348,513717,0.684,1.209,5692,10772,14410,0.01773993,0,0,0.0652,0.1236,0.4207,0.0741,0.01375,1.1939,0.13534,-0.00127,0.31427,1.15661
705,1383.4,7555105,514411,0.651,1.209,5784,10757,14388,0.0177367,0,0,0.0676,0.1227,0.4151,0.0455,0.01169,1.19637,0.16188,-0.00157,0.36751,1.14519
706,1385.3,7565913,515133,0.693,1.208,5687,10808,14458,0.01773347,0,0,0.0707,0.1275,0.4261,0.0683,0.01213,1.19479,0.1299,-0.00227,0.30476,1.13966
707,1387.2,7576685,515851,0.676,1.208,5718,10772,14405,0.01773023,0,0,0.0695,0.124,0.4197,0.0632,0.01266,1.19404,0.13748,-0.00081,0.31626,1.11895
708,1389.0,7587489,516549,0.602,1.205,5978,10804,14451,0.01772699,0,0,0.0629,0.108,0.3993,0.0319,0.01107,1.19331,0.14174,-0.00122,0.32698,1.15784
709,1390.8,7598296,517222,0.624,1.206,5905,10807,14439,0.01772375,0,0,0.0641,0.1072,0.3988,0.0538,0.01336,1.19202,0.14881,-0.00205,0.34302,1.16497
710,1392.7,7609064,517948,0.698,1.206,5655,10768,14426,0.01772051,0,0,0.0691,0.1312,0.4321,0.0653,0.01081,1.19454,0.13645,-0.0011,0.3159,1.15114
711,1394.6,7619852,518658,0.639,1.205,5850,10788,14437,0.01771728,0,0,0.0648,0.1176,0.3975,0.0589,0.0107,1.19381,0.15042,-0.00186,0.34552,1.15612
712,1396.4,7630640,519360,0.626,1.194,5928,10788,14418,0.01771404,0,0,0.0631,0.1103,0.3951,0.0577,0.01185,1.18092,0.14598,-0.002,0.33643,1.14208
713,1398.2,7641442,520070,0.633,1.163,6013,10802,14433,0.01771081,0,0,0.0623,0.1037,0.3967,0.0707,0.01105,1.15109,0.12704,-0.00121,0.29804,1.1724
714,1400.0,7652183,520768,0.626,1.167,5989,10741,14384,0.01770757,0,0,0.0641,0.1122,0.4098,0.0401,0.01092,1.15567,0.14043,-0.00084,0.32334,1.15164
715,1401.8,7662928,521469,0.64,1.167,5947,10745,14392,0.01770435,0,0,0.0623,0.1088,0.4054,0.0635,0.01123,1.155,0.14183,-0.00121,0.32676,1.14877
716,1403.6,7673645,522186,0.625,1.166,5985,10717,14361,0.01770112,0,0,0.0631,0.1121,0.401,0.0484,0.01109,1.15406,0.13216,-0.0007,0.30626,1.145
717,1405.4,7684391,522899,0.612,1.172,6025,10746,14399,0.01769791,0,0,0.0631,0.1092,0.4031,0.0363,0.0142,1.15686,0.13677,-0.00144,0.31762,1.16445
718,1407.2,7695156,523618,0.683,1.168,5818,10765,14395,0.01769468,0,0,0.066,0.1198,0.4252,0.0718,0.01065,1.1561,0.15177,-0.00126,0.34739,1.16815
719,1409.0,7705931,524324,0.646,1.167,5944,10775,14418,0.01769145,0,0,0.0646,0.1104,0.4215,0.049,0.01109,1.15544,0.13596,-0.00118,0.31645,1.19175
720,1410.8,7716660,525040,0.631,1.166,5970,10729,14354,0.01768822,0,0,0.0628,0.1094,0.4077,0.0513,0.01284,1.15235,0.14815,-0.00037,0.33883,1.18163
721,1412.6,7727344,525751,0.631,1.178,5905,10684,14331,0.017685,0,0,0.0647,0.1108,0.405,0.0506,0.01153,1.16569,0.1544,-0.00136,0.353,1.17302
722,1414.5,7738132,526447,0.677,1.194,5767,10788,14430,0.0176818,0,0,0.0655,0.1242,0.4345,0.0524,0.01158,1.18141,0.15324,-0.00122,0.35057,1.17781
723,1416.3,7748877,527158,0.659,1.195,5797,10745,14375,0.01767856,0,0,0.0654,0.1186,0.4229,0.052,0.01232,1.18123,0.16151,-0.00153,0.36633,1.13825
724,1418.2,7759602,527870,0.67,1.196,5748,10725,14346,0.01767534,0,0,0.0647,0.1182,0.4318,0.0552,0.01282,1.18218,0.15055,-0.00156,0.34586,1.17793
725,1420.1,7770324,528571,0.695,1.195,5674,10722,14349,0.01767212,0,0,0.0654,0.1202,0.4476,0.0613,0.01187,1.18242,0.1486,-0.00205,0.3427,1.17098
726,1422.0,7781060,529278,0.71,1.169,5713,10736,14380,0.0176689,0,0,0.0718,0.1319,0.4513,0.0554,0.01277,1.1549,0.14589,-0.0015,0.33625,1.17402
727,1424.1,7791783,530004,0.967,1.17,5018,10723,14363,0.01766568,0,0,0.081,0.2132,0.5741,0.0985,0.01335,1.15589,0.15231,-0.00134,0.34891,1.17718
728,1426.0,7802564,530705,0.713,1.167,5735,10781,14407,0.01766247,0,0,0.0763,0.1455,0.4391,0.0519,0.01198,1.154,0.15268,-0.00096,0.34893,1.17957
729,1427.9,7813294,531412,0.777,1.17,5512,10730,14373,0.01765923,0,0,0.0735,0.1727,0.4718,0.059,0.01245,1.1563,0.15589,-0.001,0.35422,1.145
730,1429.8,7824011,532145,0.707,1.169,5712,10717,14361,0.01765601,0,0,0.0716,0.1409,0.4526,0.0417,0.01201,1.15649,0.15327,-0.00131,0.35048,1.17015
731,1431.7,7834722,532840,0.703,1.169,5722,10711,14356,0.0176528,0,0,0.0731,0.1394,0.4402,0.05,0.01168,1.1568,0.1475,-0.00108,0.33898,1.18451
732,1433.6,7845476,533566,0.718,1.169,5697,10754,14395,0.01764958,0,0,0.076,0.1391,0.4412,0.0621,0.0132,1.15518,0.14401,-0.00216,0.33311,1.15493
733,1435.6,7856192,534278,0.87,1.172,5248,10716,14369,0.01764636,0,0,0.0827,0.1879,0.5249,0.0746,0.01241,1.15848,0.14422,-0.00184,0.33433,1.19584
734,1437.6,7866889,534989,0.77,1.166,5524,10697,14362,0.01764314,0,0,0.0769,0.1571,0.4773,0.0592,0.01137,1.15365,0.12453,-0.00134,0.29371,1.18906
735,1439.5,7877632,535705,0.779,1.172,5508,10743,14368,0.01763993,0,0,0.0779,0.1607,0.4701,0.0701,0.01381,1.15666,0.15422,-0.00139,0.35236,1.16637
736,1441.4,7888344,536408,0.755,1.172,5560,10712,14356,0.01763671,0,0,0.0767,0.1545,0.4749,0.0484,0.0132,1.15715,0.1413,-0.00182,0.32662,1.14454
737,1443.4,7899096,537115,0.756,1.167,5592,10752,14396,0.0176335,0,0,0.0767,0.1521,0.4633,0.0637,0.01203,1.15392,0.14426,-0.00165,0.33211,1.14249
738,1445.2,7909849,537818,0.648,1.228,5733,10753,14394,0.01763027,0,0,0.0697,0.1308,0.4164,0.0307,0.01282,1.21359,0.13895,-0.00109,0.32063,1.14992
739,1447.2,7920596,538550,0.758,1.23,5406,10747,14396,0.01762705,0,0,0.0788,0.1376,0.4535,0.0881,0.01173,1.21692,0.13531,-0.0015,0.31386,1.14124
740,1449.4,7931369,539265,0.973,1.233,4884,10773,14426,0.01762382,0,0,0.0868,0.1876,0.4992,0.1995,0.01281,1.21843,0.14549,-0.00191,0.33575,1.16192
741,1451.5,7942115,539983,0.813,1.23,5261,10746,14378,0.01762059,0,0,0.0822,0.158,0.4805,0.0922,0.01467,1.21427,0.12989,-0.0011,0.30222,1.14198
742,1453.3,7952850,540689,0.65,1.164,5918,10735,14363,0.01761737,0,0,0.067,0.1244,0.4174,0.0412,0.01115,1.15216,0.14423,-0.00089,0.33093,1.15442
743,1455.1,7963566,541395,0.669,1.165,5844,10716,14367,0.01761415,0,0,0.0675,0.1247,0.4219,0.0547,0.01199,1.15187,0.13044,-0.00145,0.30443,1.15429
744,1456.9,7974318,542095,0.613,1.163,6052,10752,14395,0.01761093,0,0,0.0638,0.1138,0.4044,0.0313,0.01108,1.15139,0.14743,-0.00183,0.33818,1.12591
745,1458.7,7985047,542795,0.606,1.162,6070,10729,14391,0.0176077,0,0,0.0599,0.0996,0.3829,0.0633,0.01045,1.15074,0.13206,-0.00126,0.30646,1.13061
746,1460.4,7995784,543508,0.588,1.161,6139,10737,14388,0.01760449,0,0,0.0593,0.1003,0.385,0.0433,0.01108,1.14913,0.13732,-0.00047,0.31548,1.1329
747,1462.2,8006563,544229,0.593,1.163,6139,10779,14430,0.01760126,0,0,0.06,0.1011,0.3826,0.0494,0.01159,1.1505,0.13835,-0.00069,0.31835,1.14401
748,1463.9,8017291,544936,0.586,1.159,6146,10728,14377,0.01759803,0,0,0.06,0.1041,0.3859,0.0361,0.0104,1.14836,0.13422,-0.00086,0.3097,1.12343
749,1465.7,8028053,545642,0.615,1.162,6060,10762,14377,0.01759481,0,0,0.0625,0.1084,0.394,0.0496,0.01115,1.14968,0.14263,-0.00206,0.32862,1.11504
750,1467.5,8038819,546355,0.6,1.163,6106,10766,14414,0.01759158,0,0,0.0632,0.108,0.3994,0.0293,0.01161,1.15076,0.14726,-0.0012,0.33688,1.13576
751,1469.3,8049625,547059,0.641,1.161,5996,10806,14449,0.01758835,0,0,0.0635,0.1139,0.4014,0.0626,0.01014,1.15012,0.1417,-0.00206,0.32693,1.12064
752,1471.2,8060378,547760,0.607,1.164,6072,10753,14379,0.01758511,0,0,0.0603,0.1082,0.3901,0.0488,0.01144,1.15166,0.14319,-0.00146,0.32911,1.13193
753,1472.9,8071131,548460,0.572,1.165,6192,10753,14373,0.01758189,0,0,0.0584,0.0995,0.3849,0.0294,0.01196,1.15182,0.1477,-0.00237,0.33887,1.10131
754,1474.7,8081868,549147,0.596,1.162,6110,10737,14377,0.01757866,0,0,0.0598,0.1013,0.3883,0.0461,0.01031,1.15074,0.13056,-0.00095,0.30344,1.14982
755,1476.4,8092643,549852,0.585,1.168,6146,10775,14409,0.01757544,0,0,0.059,0.0993,0.3797,0.0468,0.01099,1.1568,0.13825,-0.00068,0.31818,1.14705
756,1478.2,8103399,550551,0.563,1.192,6127,10756,14372,0.01757221,0,0,0.053,0.0893,0.3657,0.0552,0.01166,1.17991,0.13358,-0.00124,0.30954,1.13565
757,1480.0,8114136,551245,0.564,1.194,6109,10737,14371,0.01756898,0,0,0.0561,0.0983,0.3744,0.0349,0.01068,1.18201,0.13299,-0.0011,0.30833,1.14277
758,1481.9,8124895,551960,0.726,1.194,5602,10759,14393,0.01756576,0,0,0.0732,0.1404,0.433,0.0798,0.01206,1.18138,0.13466,-0.00127,0.31176,1.13614
759,1483.6,8135620,552647,0.549,1.194,6153,10725,14368,0.01756253,0,0,0.0546,0.0936,0.37,0.0307,0.01167,1.18173,0.13467,-0.00125,0.31194,1.1416
760,1485.4,8146393,553347,0.585,1.19,6069,10773,14408,0.01755931,0,0,0.0584,0.0958,0.3721,0.0585,0.0114,1.17829,0.14372,-0.00135,0.32929,1.11464
761,1487.2,8157152,554037,0.573,1.189,6107,10759,14382,0.01755608,0,0,0.0541,0.0914,0.3691,0.0586,0.01117,1.17663,0.1463,-0.00118,0.33385,1.1077
762,1488.9,8167912,554753,0.545,1.189,6204,10760,14382,0.01755285,0,0,0.0534,0.092,0.3693,0.0309,0.01133,1.17675,0.13687,-0.0002,0.31281,1.10188
763,1490.7,8178666,555457,0.578,1.189,6087,10754,14387,0.01754963,0,0,0.0549,0.0955,0.3739,0.0537,0.01128,1.17669,0.14656,-0.00045,0.33309,1.11336
764,1492.4,8189398,556163,0.544,1.19,6190,10732,14375,0.0175464,0,0,0.0543,0.0928,0.3676,0.0294,0.01142,1.17738,0.14169,-0.00067,0.32352,1.10548
765,1494.2,8200140,556863,0.631,1.188,5905,10742,14374,0.01754318,0,0,0.0611,0.1114,0.4028,0.0562,0.01147,1.17554,0.13833,-0.00122,0.31788,1.10569
766,1496.0,8210896,557567,0.559,1.186,6162,10756,14403,0.01753996,0,0,0.0561,0.094,0.3738,0.0354,0.01077,1.17479,0.14624,-0.00156,0.3338,1.08926
767,1497.7,8221619,558279,0.562,1.188,6125,10723,14353,0.01753673,0,0,0.0503,0.0886,0.3669,0.0567,0.01074,1.17674,0.13376,-0.00116,0.30765,1.07799
768,1499.4,8232324,558989,0.546,1.19,6168,10705,14336,0.01753351,0,0,0.0474,0.0828,0.3586,0.0572,0.01254,1.17634,0.13968,-0.00126,0.32007,1.08928
769,1501.1,8243063,559699,0.521,1.186,6292,10739,14385,0.0175303,0,0,0.0479,0.0847,0.3588,0.0291,0.0114,1.17405,0.1502,-0.00172,0.34163,1.07816
770,1502.9,8253821,560415,0.541,1.187,6224,10758,14399,0.01752708,0,0,0.0473,0.0835,0.3564,0.0541,0.01077,1.17549,0.14488,-0.00121,0.32959,1.06729
771,1504.6,8264560,561123,0.54,1.189,6209,10739,14376,0.01752385,0,0,0.0529,0.0927,0.3649,0.03,0.0114,1.17693,0.13776,-0.00127,0.31514,1.05798
772,1506.4,8275313,561836,0.571,1.187,6118,10753,14386,0.01752063,0,0,0.0534,0.0943,0.3678,0.0553,0.01123,1.17492,0.14226,-0.0003,0.32314,1.0851
773,1508.1,8286076,562535,0.552,1.187,6187,10763,14411,0.01751741,0,0,0.0542,0.0939,0.3735,0.0309,0.01128,1.17515,0.13827,-0.00145,0.31735,1.08237
774,1509.9,8296802,563251,0.573,1.189,6087,10726,14384,0.01751418,0,0,0.0537,0.094,0.3705,0.0552,0.01141,1.17653,0.13201,-0.00125,0.30378,1.0634
775,1511.6,8307561,563952,0.574,1.188,6105,10759,14389,0.01751096,0,0,0.0548,0.0958,0.3707,0.0528,0.01087,1.17653,0.132,-0.00111,0.30274,1.04269
776,1513.4,8318326,564670,0.547,1.189,6200,10765,14415,0.01750773,0,0,0.0536,0.0948,0.369,0.0297,0.01161,1.17665,0.14393,-0.00023,0.32493,1.04602
777,1515.1,8329036,565376,0.572,1.189,6084,10710,14338,0.0175045,0,0,0.0548,0.0935,0.3703,0.0531,0.01164,1.17631,0.13715,5e-05,0.31047,1.03621
778,1516.9,8339747,566101,0.6,1.189,5986,10711,14352,0.01750129,0,0,0.058,0.0985,0.3826,0.0609,0.01133,1.17746,0.13483,-0.00017,0.30664,1.04669
779,1518.6,8350494,566810,0.534,1.186,6247,10747,14372,0.01749808,0,0,0.0538,0.0901,0.3614,0.0287,0.01121,1.17451,0.13397,-0.00134,0.30708,1.04179
780,1520.4,8361232,567519,0.541,1.187,6213,10738,14371,0.01749485,0,0,0.0464,0.0824,0.3583,0.0541,0.0118,1.17472,0.14341,-0.00106,0.32497,1.02985
781,1522.1,8371939,568228,0.553,1.189,6149,10707,14343,0.01749163,0,0,0.0479,0.0843,0.3652,0.0551,0.01115,1.17699,0.13677,-0.00083,0.31158,1.04031
782,1523.8,8382676,568944,0.515,1.187,6309,10737,14382,0.01748842,0,0,0.0478,0.084,0.3542,0.0292,0.01144,1.17463,0.14267,-0.00034,0.32235,1.03853
783,1525.6,8393345,569644,0.555,1.19,6114,10669,14296,0.0174852,0,0,0.0497,0.0899,0.3598,0.0557,0.01294,1.17624,0.14326,0.00023,0.32284,1.05172
784,1527.3,8404093,570364,0.558,1.191,6145,10748,14400,0.017482,0,0,0.0546,0.094,0.3754,0.0343,0.01218,1.17763,0.14564,-0.00052,0.32874,1.04121
785,1529.1,8414818,571069,0.647,1.193,5829,10725,14339,0.01747877,0,0,0.0627,0.1066,0.4151,0.0623,0.01241,1.17989,0.14144,-0.00153,0.32165,1.02133
786,1531.0,8425523,571787,0.696,1.194,5663,10705,14346,0.01747555,0,0,0.0607,0.1097,0.4097,0.116,0.01289,1.18048,0.14235,-0.00054,0.32176,1.0297
787,1532.9,8436240,572506,0.674,1.192,5744,10717,14361,0.01747234,0,0,0.0618,0.109,0.414,0.0893,0.01208,1.17883,0.13832,-6e-05,0.31266,1.02707
788,1534.7,8446959,573213,0.623,1.192,5904,10719,14352,0.01746913,0,0,0.0606,0.1038,0.4042,0.0548,0.01151,1.17995,0.13624,-0.00109,0.31039,1.02283
789,1536.5,8457703,573939,0.608,1.189,5980,10744,14383,0.01746591,0,0,0.0588,0.1017,0.3845,0.0631,0.01152,1.17635,0.12623,-0.0013,0.2913,1.03747
790,1538.3,8468446,574649,0.586,1.19,6050,10743,14368,0.01746269,0,0,0.0586,0.1015,0.39,0.0358,0.01196,1.17707,0.1299,-0.00119,0.2985,1.03971
791,1540.1,8479188,575351,0.599,1.187,6015,10742,14374,0.01745947,0,0,0.0586,0.1005,0.3801,0.0598,0.01134,1.17495,0.14404,-0.00073,0.32615,1.04856
792,1541.9,8489908,576047,0.596,1.19,6002,10720,14354,0.01745624,0,0,0.0581,0.0999,0.3765,0.0618,0.01171,1.17727,0.13686,-0.00134,0.31291,1.04581
793,1543.6,8500629,576770,0.562,1.188,6128,10721,14370,0.01745303,0,0,0.0588,0.0968,0.3763,0.0301,0.01101,1.17593,0.13652,-0.00066,0.31029,1.02933
794,1545.4,8511373,577483,0.578,1.187,6088,10744,14382,0.01744981,0,0,0.0562,0.0925,0.3731,0.0564,0.01049,1.17535,0.13826,-0.00228,0.317,1.02882
795,1547.2,8522136,578186,0.604,1.191,5998,10763,14390,0.01744659,0,0,0.0582,0.0994,0.3842,0.0621,0.01214,1.17768,0.13295,-0.00075,0.30321,1.02655
796,1548.9,8532864,578902,0.57,1.19,6096,10728,14360,0.01744336,0,0,0.0582,0.0985,0.3789,0.0347,0.01208,1.17685,0.14197,-0.00123,0.32227,1.02833
797,1550.7,8543592,579598,0.603,1.189,5987,10728,14361,0.01744014,0,0,0.0577,0.1007,0.3872,0.0576,0.01108,1.17697,0.13512,-0.00103,0.30834,1.03305
798,1552.5,8554313,580311,0.602,1.19,5982,10721,14374,0.01743692,0,0,0.0586,0.0987,0.3822,0.0628,0.01167,1.17734,0.13624,-0.0006,0.31011,1.04505
799,1554.3,8565065,581024,0.565,1.188,6132,10752,14381,0.01743371,0,0,0.0587,0.0973,0.3777,0.0315,0.0119,1.17559,0.12748,-0.00123,0.2941,1.05223
800,1556.1,8575823,581734,0.593,1.189,6039,10758,14390,0.01743048,0,0,0.0583,0.0993,0.3785,0.0567,0.01141,1.17645,0.14702,-0.00042,0.3307,1.02706
801,1558.2,8586528,582439,0.611,1.189,5948,10705,14340,0.01742725,0,0,0.057,0.1067,0.3826,0.0646,0.01149,1.17666,0.1454,-0.00041,0.32747,1.02821
802,1560.0,8597199,583150,0.549,1.188,6143,10671,14365,0.01742404,0,0,0.0541,0.0938,0.3699,0.0311,0.01127,1.17612,0.12525,0.0004,0.2861,1.04415
803,1561.8,8607886,583868,0.593,1.189,5998,10687,14386,0.01742084,0,0,0.0547,0.0951,0.3751,0.0676,0.01215,1.17638,0.11879,-0.0012,0.27567,1.0249
804,1563.5,8618566,584587,0.559,1.188,6113,10680,14391,0.01741763,0,0,0.0551,0.0946,0.3754,0.0344,0.01146,1.17547,0.13587,-0.00153,0.31148,1.05327
805,1565.3,8629244,585306,0.587,1.188,6017,10678,14372,0.01741443,0,0,0.0548,0.0929,0.3791,0.0604,0.0114,1.17547,0.11839,-0.00066,0.2743,1.03918
806,1567.0,8639927,586031,0.558,1.188,6117,10683,14391,0.01741123,0,0,0.0554,0.0946,0.3794,0.029,0.01245,1.17497,0.1307,-0.00083,0.29964,1.05017
807,1568.8,8650575,586747,0.592,1.188,5980,10648,14330,0.01740802,0,0,0.0538,0.0986,0.3787,0.0614,0.01142,1.17604,0.13646,0.00012,0.3083,1.02313
808,1570.6,8661244,587466,0.555,1.189,6117,10669,14375,0.01740483,0,0,0.0543,0.0936,0.3715,0.0356,0.01139,1.1769,0.13425,0.00031,0.30379,1.0317
809,1572.3,8671936,588183,0.58,1.189,6043,10692,14402,0.01740163,0,0,0.0554,0.0968,0.3796,0.0487,0.01063,1.17735,0.14732,-0.00053,0.33177,1.03681
810,1574.1,8682631,588902,0.611,1.19,5940,10695,14374,0.01739842,0,0,0.0573,0.1094,0.3875,0.0567,0.01193,1.17706,0.13261,0.00027,0.30007,1.01693
811,1576.0,8693324,589629,0.701,1.192,5649,10693,14414,0.01739521,0,0,0.0682,0.1246,0.4359,0.0719,0.01044,1.1809,0.13354,-0.00059,0.30349,1.01274
812,1577.9,8703988,590359,0.665,1.191,5746,10664,14339,0.017392,0,0,0.0678,0.1205,0.4214,0.0548,0.01136,1.17914,0.12943,-0.00013,0.29416,1.00747
813,1579.7,8714667,591085,0.632,1.19,5862,10679,14386,0.0173888,0,0,0.0618,0.1074,0.398,0.0644,0.01188,1.17759,0.13029,-0.00092,0.29764,1.01238
814,1581.6,8725306,591804,0.654,1.192,5763,10639,14353,0.0173856,0,0,0.0631,0.1093,0.406,0.0754,0.01293,1.17883,0.13802,1e-05,0.31155,1.02207
815,1583.4,8735991,592504,0.633,1.19,5859,10685,14389,0.01738241,0,0,0.0632,0.1128,0.3961,0.0612,0.01285,1.17673,0.12622,-0.00066,0.28994,1.04033
816,1585.2,8746661,593235,0.624,1.19,5883,10670,14380,0.0173792,0,0,0.0633,0.1085,0.3975,0.0547,0.01078,1.17808,0.13605,-0.00107,0.31046,1.04194
817,1587.1,8757320,593950,0.702,1.195,5618,10659,14369,0.017376,0,0,0.0686,0.1309,0.4248,0.0775,0.01261,1.18199,0.1286,-0.00074,0.29467,1.03572
818,1589.0,8767997,594670,0.736,1.195,5528,10677,14360,0.0173728,0,0,0.0716,0.1443,0.4451,0.0753,0.01313,1.18112,0.13311,-0.00115,0.30392,1.01847
819,1590.9,8778690,595397,0.671,1.188,5752,10693,14403,0.0173696,0,0,0.0669,0.1314,0.4348,0.0375,0.01122,1.1764,0.12412,-0.00065,0.2851,1.02373
820,1592.7,8789382,596119,0.605,1.189,5961,10692,14412,0.01736639,0,0,0.0555,0.0983,0.3787,0.0722,0.01228,1.176,0.13638,-0.00019,0.30801,1.00356
821,1594.5,8800092,596819,0.58,1.189,6056,10710,14421,0.01736319,0,0,0.0564,0.0966,0.3761,0.0508,0.01032,1.17753,0.14698,7e-05,0.32962,1.0313
822,1596.4,8810782,597554,0.749,1.194,5500,10690,14410,0.01735997,0,0,0.071,0.1441,0.4479,0.0863,0.01232,1.18085,0.11524,-0.0005,0.26726,1.03035
823,1598.3,8821449,598259,0.72,1.195,5570,10667,14363,0.01735677,0,0,0.0698,0.1291,0.4291,0.0919,0.01178,1.18201,0.13318,-0.00113,0.30457,1.03553
824,1600.2,8832148,598982,0.701,1.193,5648,10699,14412,0.01735357,0,0,0.0679,0.125,0.4299,0.0783,0.01198,1.18033,0.12882,-0.00021,0.29459,1.05214
825,1602.1,8842859,599701,0.699,1.193,5662,10711,14407,0.01735036,0,0,0.0689,0.1297,0.4342,0.0658,0.01238,1.1798,0.12949,-0.00052,0.29627,1.04494
826,1604.0,8853536,600422,0.697,1.192,5650,10677,14368,0.01734714,0,0,0.0677,0.1286,0.4259,0.0751,0.01173,1.17955,0.13226,-0.00114,0.30308,1.04558
827,1605.9,8864220,601137,0.764,1.193,5459,10684,14364,0.01734394,0,0,0.0729,0.1461,0.4499,0.0952,0.01241,1.17979,0.14006,-0.00138,0.31906,1.04318
828,1607.8,8874885,601853,0.691,1.191,5667,10665,14363,0.01734073,0,0,0.0696,0.1355,0.4348,0.0514,0.01082,1.17866,0.14017,-0.00043,0.3177,1.05249
829,1609.7,8885574,602572,0.705,1.192,5635,10689,14376,0.01733753,0,0,0.0689,0.1242,0.4299,0.082,0.01243,1.17869,0.13434,-0.00133,0.30778,1.05099
830,1611.6,8896231,603281,0.691,1.192,5658,10657,14348,0.01733433,0,0,0.0683,0.1258,0.4289,0.0685,0.01244,1.17892,0.13686,-0.00123,0.31307,1.064
831,1613.5,8906904,603994,0.723,1.189,5582,10673,14363,0.01733113,0,0,0.0675,0.1306,0.423,0.1015,0.01191,1.17674,0.13358,-7e-05,0.30345,1.04329
832,1615.4,8917594,604721,0.683,1.191,5704,10690,14391,0.01732793,0,0,0.0674,0.1264,0.4274,0.062,0.01247,1.17763,0.13016,-0.00039,0.29641,1.01921
833,1617.2,8928290,605440,0.642,1.19,5838,10696,14367,0.01732472,0,0,0.0668,0.1212,0.4174,0.0364,0.0118,1.17762,0.14444,-0.00089,0.32673,1.04112
834,1619.1,8938966,606145,0.682,1.191,5701,10676,14372,0.01732151,0,0,0.0653,0.1268,0.413,0.0767,0.01188,1.17816,0.13282,-0.00105,0.30324,1.02491
835,1621.0,8949704,606844,0.674,1.19,5761,10738,14416,0.01731831,0,0,0.0695,0.1263,0.4373,0.0405,0.01213,1.17747,0.12871,-0.00035,0.29376,1.02882
836,1622.9,8960386,607565,0.698,1.189,5661,10682,14377,0.01731509,0,0,0.0661,0.123,0.4267,0.0825,0.01153,1.17623,0.13653,-0.00059,0.30945,1.01706
837,1624.7,8971067,608271,0.685,1.187,5705,10681,14382,0.01731188,0,0,0.0674,0.1175,0.4151,0.0849,0.01219,1.17442,0.1357,-0.00124,0.30898,1.01362
838,1626.6,8981773,608994,0.658,1.19,5794,10706,14399,0.01730868,0,0,0.0654,0.1165,0.4114,0.0648,0.0111,1.17758,0.14378,-0.00097,0.3246,1.01425
839,1628.4,8992418,609719,0.67,1.19,5723,10645,14345,0.01730547,0,0,0.0678,0.1318,0.4311,0.0394,0.01201,1.17726,0.13282,-0.0,0.30114,1.02521
840,1630.3,9003075,610436,0.7,1.189,5641,10657,14355,0.01730227,0,0,0.0663,0.1247,0.439,0.0697,0.01229,1.17633,0.12885,-0.0009,0.29458,1.01381
841,1632.2,9013739,611163,0.703,1.188,5639,10664,14356,0.01729908,0,0,0.065,0.1297,0.4228,0.0851,0.01159,1.17602,0.13591,-0.0011,0.30882,1.00576
842,1634.1,9024414,611871,0.658,1.191,5774,10675,14377,0.01729588,0,0,0.0648,0.1148,0.406,0.0721,0.01223,1.17806,0.12525,-0.00148,0.28739,0.98029
843,1636.0,9035116,612571,0.709,1.192,5629,10702,14415,0.01729268,0,0,0.0678,0.1279,0.4228,0.0905,0.01231,1.17921,0.13088,-0.0013,0.29832,0.9823
844,1638.0,9045797,613285,0.79,1.192,5387,10681,14360,0.01728947,0,0,0.0754,0.1509,0.4631,0.1009,0.01304,1.17832,0.13818,-0.00129,0.31294,0.98268
845,1639.9,9056467,614004,0.744,1.19,5517,10670,14365,0.01728626,0,0,0.0733,0.1369,0.4505,0.0834,0.01113,1.17782,0.12367,-0.00029,0.28186,0.98167
846,1641.9,9067143,614725,0.804,1.194,5342,10676,14369,0.01728306,0,0,0.0751,0.1615,0.4668,0.1006,0.01408,1.1794,0.13645,-0.00118,0.3098,0.99913
847,1643.8,9077817,615434,0.699,1.189,5652,10674,14342,0.01727986,0,0,0.0717,0.1332,0.4399,0.0544,0.01148,1.1767,0.13483,-0.0004,0.30364,0.95959
848,1645.6,9088502,616136,0.685,1.19,5700,10685,14381,0.01727665,0,0,0.0675,0.1197,0.4142,0.0833,0.01149,1.17744,0.13442,-0.0003,0.30357,0.98764
849,1647.5,9099212,616851,0.7,1.193,5656,10710,14404,0.01727345,0,0,0.0729,0.1333,0.4277,0.0664,0.01236,1.17959,0.13689,-0.00098,0.31055,1.00756
850,1649.5,9109878,617566,0.721,1.192,5575,10666,14374,0.01727024,0,0,0.0713,0.1321,0.4392,0.0788,0.01217,1.17892,0.12798,-0.00116,0.29267,0.99585
851,1651.4,9120570,618272,0.761,1.191,5478,10692,14400,0.01726704,0,0,0.0733,0.1495,0.4443,0.0938,0.01231,1.1777,0.12042,-0.00131,0.27831,1.00917
852,1653.7,9131254,618971,0.957,1.193,4969,10684,14373,0.01726383,0,0,0.0851,0.2361,0.5451,0.0905,0.01223,1.1802,0.13079,-0.00053,0.29765,1.01393
853,1655.7,9141931,619682,0.744,1.191,5517,10677,14380,0.01726062,0,0,0.0762,0.1538,0.4642,0.0502,0.01164,1.17827,0.12883,-0.00162,0.29615,1.02168
854,1657.6,9152588,620411,0.713,1.192,5593,10657,14338,0.01725742,0,0,0.0678,0.1273,0.4345,0.0835,0.01305,1.17853,0.13534,0.00043,0.30464,1.00874
855,1659.5,9163275,621131,0.717,1.19,5602,10687,14397,0.01725422,0,0,0.07,0.1314,0.4335,0.0823,0.01206,1.17732,0.14018,-0.00113,0.31799,1.02527
856,1661.4,9173927,621853,0.693,1.191,5655,10652,14349,0.01725102,0,0,0.0733,0.1391,0.4417,0.0387,0.01223,1.1776,0.13057,-0.0005,0.29819,1.04513
857,1663.2,9184633,622565,0.702,1.19,5659,10706,14387,0.01724782,0,0,0.0676,0.1305,0.4358,0.068,0.01195,1.177,0.12383,-0.0006,0.28479,1.04142
858,1665.2,9195330,623282,0.719,1.191,5600,10697,14412,0.01724461,0,0,0.0727,0.1413,0.4489,0.0563,0.01247,1.17776,0.11547,-0.00106,0.26983,1.06612
859,1667.1,9205995,623996,0.724,1.187,5582,10665,14376,0.0172414,0,0,0.0736,0.1343,0.4421,0.0737,0.01102,1.17506,0.12618,-0.0011,0.29088,1.05312
860,1668.9,9216711,624715,0.656,1.19,5806,10716,14422,0.0172382,0,0,0.0664,0.1252,0.4245,0.0394,0.01277,1.17644,0.13151,-0.00106,0.30187,1.06563
861,1670.8,9227398,625419,0.681,1.189,5717,10687,14381,0.01723499,0,0,0.0676,0.124,0.4258,0.0632,0.01169,1.17633,0.12224,-0.00137,0.28372,1.05923
862,1672.6,9238037,626142,0.657,1.191,5758,10639,14368,0.01723178,0,0,0.0656,0.1156,0.4055,0.07,0.01326,1.17699,0.12899,-0.002,0.29899,1.07404
863,1674.4,9248755,626858,0.604,1.188,5980,10718,14401,0.01722859,0,0,0.0634,0.109,0.3952,0.0367,0.01127,1.17595,0.12598,8e-05,0.28855,1.06625
864,1676.3,9259405,627585,0.685,1.191,5679,10650,14349,0.01722537,0,0,0.0694,0.1228,0.424,0.0684,0.01191,1.17786,0.12515,-0.00019,0.28814,1.08732
865,1678.2,9270081,628301,0.723,1.191,5579,10676,14370,0.01722218,0,0,0.0716,0.1341,0.4397,0.0771,0.01123,1.17887,0.12531,-0.00151,0.2907,1.0758
866,1680.1,9280820,629027,0.676,1.192,5748,10739,14464,0.01721898,0,0,0.069,0.1238,0.4289,0.0547,0.01241,1.17881,0.12591,-0.00139,0.29132,1.06671
867,1682.0,9291537,629734,0.737,1.191,5560,10717,14421,0.01721575,0,0,0.0733,0.1401,0.4407,0.0826,0.01175,1.17797,0.1137,-0.00199,0.26877,1.08643
868,1684.0,9302229,630453,0.831,1.197,5272,10692,14385,0.01721254,0,0,0.0809,0.1828,0.5015,0.0662,0.01401,1.18166,0.13306,-0.00085,0.3036,1.03962
869,1686.1,9312930,631157,0.857,1.193,5220,10701,14387,0.01720933,0,0,0.0812,0.1871,0.4984,0.0902,0.01241,1.17981,0.12608,-0.00073,0.28994,1.05516
870,1688.2,9323651,631887,0.885,1.195,5155,10721,14433,0.01720612,0,0,0.0827,0.1892,0.4958,0.1172,0.01281,1.1803,0.11837,-0.0016,0.27676,1.0698
871,1690.5,9334389,632612,1.123,1.197,4629,10738,14444,0.0172029,0,0,0.0896,0.3414,0.5714,0.1204,0.01397,1.18187,0.13028,-0.00082,0.2991,1.07256
872,1692.5,9345096,633331,0.795,1.195,5381,10707,14424,0.01719968,0,0,0.072,0.1463,0.4521,0.1245,0.01322,1.18069,0.12057,-0.00025,0.2782,1.06269
873,1694.3,9355859,634053,0.66,1.19,5818,10763,14456,0.01719647,0,0,0.0651,0.1158,0.4156,0.0638,0.01121,1.1776,0.13336,-0.00109,0.30482,1.04431
874,1696.3,9366594,634788,0.756,1.191,5515,10735,14442,0.01719324,0,0,0.0722,0.1434,0.4434,0.0967,0.01255,1.17766,0.11494,-0.00067,0.26817,1.07467
875,1698.2,9377290,635500,0.691,1.191,5684,10696,14402,0.01719002,0,0,0.0673,0.1253,0.4219,0.0761,0.01129,1.17898,0.11967,-0.00154,0.27836,1.04521
876,1700.0,9388023,636232,0.679,1.191,5740,10733,14458,0.01718681,0,0,0.0685,0.1214,0.4192,0.0697,0.01227,1.17795,0.11955,-0.001,0.27652,1.03036
877,1701.9,9398714,636958,0.629,1.189,5882,10691,14387,0.01718359,0,0,0.0654,0.1148,0.4131,0.0358,0.01078,1.17705,0.13073,-0.00068,0.29961,1.06992
878,1703.7,9409426,637699,0.677,1.19,5736,10712,14405,0.01718039,0,0,0.0691,0.1195,0.4245,0.0641,0.01366,1.17604,0.13585,0.00011,0.30795,1.06094
879,1705.6,9420164,638430,0.678,1.189,5749,10738,14452,0.01717717,0,0,0.0697,0.1274,0.4162,0.0652,0.01131,1.17707,0.14775,-0.00036,0.33272,1.06237
880,1707.5,9430829,639141,0.743,1.194,5505,10665,14369,0.01717395,0,0,0.0756,0.147,0.4499,0.0708,0.01204,1.18064,0.13659,-0.0009,0.31193,1.07557
881,1709.6,9441510,639879,0.87,1.195,5173,10681,14397,0.01717075,0,0,0.0805,0.1854,0.5077,0.0964,0.01428,1.17938,0.11693,-0.00093,0.27199,1.05563
882,1711.9,9452244,640614,1.153,1.196,4569,10734,14435,0.01716755,0,0,0.084,0.3107,0.629,0.1295,0.01325,1.18197,0.12627,-7e-05,0.28908,1.05967
883,1714.1,9462994,641350,0.974,1.193,4962,10750,14473,0.01716433,0,0,0.082,0.2241,0.5465,0.1211,0.01139,1.18032,0.11701,-0.00163,0.27381,1.06431
884,1716.1,9473699,642094,0.786,1.196,5401,10705,14406,0.0171611,0,0,0.0851,0.1748,0.4828,0.0432,0.01364,1.18158,0.11543,3e-05,0.26774,1.07688
885,1718.3,9484395,642820,1.029,1.192,4815,10696,14391,0.01715789,0,0,0.0836,0.2083,0.6346,0.1025,0.01267,1.17869,0.13601,-0.00234,0.31329,1.06615
886,1720.4,9495125,643543,0.882,1.194,5169,10730,14420,0.01715468,0,0,0.0841,0.1789,0.5183,0.1004,0.01276,1.18068,0.11965,-0.00049,0.27703,1.07068
887,1722.5,9505835,644264,0.925,1.207,5023,10710,14405,0.01715146,0,0,0.0837,0.1917,0.5405,0.1094,0.01208,1.1934,0.11931,-0.00207,0.27914,1.06053
888,1724.6,9516532,644992,0.904,1.195,5096,10697,14417,0.01714825,0,0,0.0812,0.1757,0.5178,0.1287,0.01333,1.18112,0.13686,-0.00151,0.31368,1.07729
889,1726.8,9527250,645718,0.935,1.194,5034,10718,14438,0.01714504,0,0,0.0801,0.2031,0.5122,0.1395,0.0118,1.18143,0.13481,-0.00162,0.3096,1.07169
890,1728.8,9537983,646457,0.894,1.194,5140,10733,14446,0.01714182,0,0,0.0817,0.1939,0.5083,0.11,0.01461,1.17874,0.13278,-0.00073,0.30327,1.0575
891,1730.9,9548670,647200,0.863,1.193,5199,10687,14397,0.01713861,0,0,0.0823,0.1841,0.5191,0.0771,0.01159,1.18045,0.11935,-0.00124,0.2776,1.06275
892,1732.8,9559381,647916,0.687,1.196,5689,10711,14404,0.0171354,0,0,0.0719,0.1261,0.4427,0.046,0.01283,1.18179,0.12586,-0.00081,0.28938,1.05151
893,1734.7,9570074,648654,0.711,1.192,5616,10693,14406,0.01713219,0,0,0.0691,0.1279,0.4346,0.0799,0.01212,1.17957,0.1392,-1e-05,0.31423,1.04517
894,1736.6,9580758,649368,0.721,1.195,5576,10684,14394,0.01712898,0,0,0.0731,0.1449,0.4527,0.0505,0.0125,1.18158,0.13342,-0.00166,0.30559,1.03407
895,1738.5,9591427,650102,0.755,1.192,5478,10669,14405,0.01712577,0,0,0.076,0.1417,0.4601,0.0776,0.01183,1.17945,0.13119,-0.00206,0.30259,1.05347
896,1740.5,9602126,650831,0.732,1.191,5565,10699,14421,0.01712257,0,0,0.0717,0.131,0.4571,0.0718,0.01286,1.17713,0.12768,-0.00155,0.29425,1.04496
897,1742.4,9612833,651550,0.741,1.192,5538,10707,14403,0.01711936,0,0,0.0694,0.1384,0.4485,0.0848,0.01213,1.17924,0.13475,-0.0004,0.30551,1.02854
898,1744.3,9623555,652274,0.702,1.194,5656,10722,14422,0.01711615,0,0,0.0725,0.1354,0.453,0.0407,0.01256,1.18076,0.14358,0.00079,0.32196,1.06252
899,1746.3,9634268,653009,0.758,1.193,5492,10713,14420,0.01711293,0,0,0.0698,0.1299,0.4409,0.117,0.01233,1.17975,0.13584,-0.00043,0.30877,1.05819
900,1748.2,9644966,653739,0.722,1.193,5585,10698,14414,0.01710972,0,0,0.0709,0.1242,0.4436,0.0833,0.01361,1.17844,0.13829,-0.00085,0.31459,1.06118
901,1750.1,9655642,654459,0.725,1.195,5561,10676,14394,0.01710651,0,0,0.0749,0.1472,0.4563,0.0466,0.01167,1.1821,0.13097,-0.00023,0.29854,1.05643
902,1752.1,9666360,655175,0.714,1.19,5631,10718,14415,0.01710331,0,0,0.0677,0.1326,0.4295,0.084,0.01193,1.17659,0.12734,-0.00147,0.2937,1.05452
903,1754.0,9677036,655906,0.711,1.192,5610,10676,14405,0.01710009,0,0,0.0721,0.1275,0.454,0.0575,0.01127,1.17975,0.13551,-0.00069,0.30858,1.05784
904,1755.9,9687719,656628,0.663,1.189,5768,10683,14380,0.01709689,0,0,0.0665,0.1188,0.4155,0.0619,0.01194,1.17647,0.13152,-0.00098,0.30181,1.07681
905,1757.7,9698407,657356,0.623,1.19,5893,10688,14394,0.01709368,0,0,0.0623,0.1074,0.3994,0.0544,0.01148,1.17807,0.12903,-0.00105,0.29714,1.08166
906,1759.6,9709093,658078,0.71,1.188,5632,10686,14385,0.01709048,0,0,0.0694,0.131,0.4236,0.0859,0.01086,1.17592,0.13758,-0.00024,0.31224,1.07058
907,1761.4,9719776,658791,0.589,1.186,6018,10683,14399,0.01708727,0,0,0.0605,0.1048,0.3939,0.0299,0.01101,1.17432,0.14526,-0.00066,0.32796,1.05699
908,1763.2,9730462,659507,0.63,1.186,5884,10686,14362,0.01708407,0,0,0.0618,0.1078,0.3997,0.0602,0.01081,1.17473,0.13199,-0.00087,0.30184,1.05723
909,1765.0,9741167,660244,0.636,1.19,5865,10705,14380,0.01708086,0,0,0.0664,0.1169,0.4146,0.0376,0.01149,1.17731,0.14583,-0.00161,0.33038,1.03927
910,1766.9,9751811,660971,0.662,1.189,5752,10644,14356,0.01707765,0,0,0.0655,0.1124,0.4121,0.0717,0.01113,1.17678,0.13331,-0.0011,0.30383,1.0251
911,1768.7,9762520,661694,0.662,1.19,5784,10709,14413,0.01707446,0,0,0.0697,0.1296,0.4277,0.0349,0.01212,1.1768,0.13877,-0.00176,0.31644,1.03593
912,1770.6,9773181,662425,0.671,1.188,5735,10661,14350,0.01707124,0,0,0.0638,0.1145,0.4079,0.0848,0.01132,1.17572,0.1406,-0.00015,0.31778,1.06209
913,1772.4,9783853,663142,0.627,1.189,5877,10672,14376,0.01706805,0,0,0.0638,0.1103,0.4067,0.0461,0.01134,1.17685,0.13728,-0.00117,0.31345,1.07095
914,1774.2,9794576,663857,0.653,1.187,5827,10723,14418,0.01706484,0,0,0.0645,0.1201,0.4141,0.0546,0.01131,1.1751,0.15279,-0.00067,0.34333,1.06682
915,1776.0,9805300,664578,0.591,1.187,6031,10724,14426,0.01706163,0,0,0.0606,0.1031,0.3953,0.0321,0.01067,1.1754,0.13794,-0.00071,0.31393,1.07329
916,1777.8,9815986,665295,0.595,1.187,5997,10686,14401,0.01705841,0,0,0.0589,0.1001,0.3817,0.0539,0.01095,1.1753,0.14326,-0.00242,0.32762,1.06287
917,1779.6,9826701,666022,0.627,1.185,5911,10715,14383,0.0170552,0,0,0.0618,0.1097,0.3939,0.0618,0.01077,1.17399,0.13933,-0.00102,0.31731,1.07329
918,1781.4,9837369,666739,0.563,1.185,6101,10668,14352,0.01705199,0,0,0.059,0.0961,0.3772,0.031,0.01097,1.17359,0.13428,-0.00068,0.30618,1.06317
919,1783.1,9848079,667504,0.583,1.186,6053,10710,14389,0.01704879,0,0,0.0556,0.0923,0.3715,0.0639,0.01047,1.17486,0.14113,-0.00064,0.31931,1.04897
920,1784.9,9858748,668215,0.558,1.187,6113,10669,14368,0.01704558,0,0,0.0569,0.0924,0.3755,0.0334,0.01123,1.17516,0.12259,-0.00101,0.28334,1.06027
921,1786.7,9869443,668958,0.67,1.192,5744,10695,14403,0.01704238,0,0,0.0672,0.1276,0.433,0.0418,0.01184,1.17982,0.13896,-0.00071,0.31543,1.05815
922,1788.5,9880118,669670,0.613,1.189,5922,10675,14363,0.01703917,0,0,0.0638,0.1123,0.4045,0.0328,0.01134,1.17722,0.14317,-8e-05,0.32268,1.06163
923,1790.4,9890820,670398,0.628,1.187,5896,10702,14415,0.01703596,0,0,0.0637,0.1079,0.398,0.0589,0.01086,1.17495,0.14303,-0.00068,0.32345,1.05711
924,1792.2,9901500,671114,0.689,1.19,5684,10680,14385,0.01703275,0,0,0.0669,0.1255,0.4257,0.071,0.01111,1.1774,0.12978,-0.00065,0.29628,1.03993
925,1794.2,9912193,671824,0.798,1.191,5378,10693,14387,0.01702955,0,0,0.0761,0.1524,0.4674,0.1018,0.01106,1.17874,0.1243,-0.00187,0.2879,1.04409
926,1796.2,9922899,672534,0.736,1.19,5560,10706,14424,0.01702634,0,0,0.0691,0.1352,0.444,0.0873,0.01187,1.17728,0.14383,-0.00117,0.32604,1.05841
927,1798.0,9933629,673249,0.672,1.188,5769,10730,14439,0.01702313,0,0,0.0684,0.1335,0.4325,0.0378,0.01136,1.1757,0.12786,-0.00162,0.29508,1.06076
928,1799.9,9944315,673969,0.677,1.19,5722,10686,14390,0.01701991,0,0,0.0704,0.1313,0.4277,0.0479,0.01186,1.17761,0.13334,-0.00081,0.305,1.07789
929,1801.8,9955003,674689,0.683,1.189,5708,10688,14385,0.01701671,0,0,0.0693,0.1264,0.438,0.0496,0.01102,1.17736,0.13991,-0.00113,0.31834,1.06563
930,1803.7,9965683,675411,0.715,1.191,5602,10680,14355,0.0170135,0,0,0.072,0.1331,0.4351,0.075,0.01152,1.1787,0.13525,-0.00114,0.30886,1.06032
931,1805.9,9976390,676121,0.646,1.189,5833,10707,14408,0.0170103,0,0,0.0655,0.1266,0.4127,0.0416,0.01157,1.17658,0.11438,-0.00149,0.26857,1.08248
932,1807.8,9987110,676829,0.661,1.188,5797,10720,14392,0.01700708,0,0,0.0641,0.1172,0.4123,0.0679,0.01151,1.17525,0.13708,-0.00179,0.31455,1.08206
933,1809.6,9997816,677530,0.61,1.187,5956,10706,14390,0.01700387,0,0,0.0599,0.1018,0.3883,0.0601,0.01113,1.17543,0.13827,-0.00068,0.31429,1.06967
934,1811.4,10008473,678243,0.601,1.189,5955,10657,14379,0.01700066,0,0,0.06,0.1035,0.3866,0.0509,0.01137,1.17668,0.13379,-0.00073,0.30502,1.05833
935,1813.2,10019173,678934,0.618,1.187,5928,10700,14381,0.01699746,0,0,0.0613,0.111,0.3975,0.0484,0.01087,1.17488,0.13831,-0.00121,0.31535,1.06824
936,1814.9,10029861,679634,0.583,1.186,6039,10688,14375,0.01699425,0,0,0.0617,0.1023,0.388,0.0314,0.01072,1.17468,0.14229,-0.00082,0.3215,1.03821
937,1816.7,10040537,680354,0.614,1.186,5931,10676,14388,0.01699104,0,0,0.061,0.1012,0.3884,0.0636,0.01116,1.17379,0.1232,-0.00195,0.28545,1.03431
938,1818.5,10051222,681062,0.583,1.186,6039,10685,14382,0.01698784,0,0,0.0594,0.1006,0.3793,0.044,0.0108,1.17442,0.1287,-0.00235,0.29731,1.03615
939,1820.3,10061927,681768,0.63,1.186,5895,10705,14361,0.01698463,0,0,0.0618,0.1071,0.3959,0.0651,0.01138,1.17386,0.12507,-0.00075,0.28601,1.0118
940,1822.1,10072614,682474,0.579,1.188,6047,10687,14393,0.01698142,0,0,0.0582,0.0992,0.3902,0.0319,0.01088,1.17639,0.14489,-0.00082,0.32611,1.02168
941,1823.9,10083322,683181,0.595,1.185,6017,10708,14419,0.01697822,0,0,0.0571,0.0993,0.3866,0.0517,0.01101,1.1733,0.13129,-0.00208,0.30123,1.01542
942,1825.6,10094009,683890,0.571,1.188,6078,10687,14378,0.016975,0,0,0.0566,0.1,0.3806,0.0334,0.01108,1.17598,0.12504,-0.00062,0.2853,1.00107
943,1827.4,10104778,684605,0.624,1.188,5946,10769,14441,0.0169718,0,0,0.0609,0.1046,0.391,0.0672,0.01061,1.17602,0.13113,-0.00189,0.29973,0.9923
944,1829.2,10115481,685303,0.577,1.187,6067,10703,14375,0.01696857,0,0,0.0594,0.1007,0.3852,0.0319,0.01074,1.17563,0.12402,-0.00195,0.28564,0.99319
945,1831.0,10126173,686025,0.651,1.188,5814,10692,14410,0.01696536,0,0,0.0615,0.1123,0.4047,0.0728,0.0112,1.17586,0.12842,-0.00141,0.29461,1.03006
946,1833.0,10136897,686729,0.771,1.192,5464,10724,14417,0.01696215,0,0,0.0721,0.1639,0.4763,0.0588,0.01199,1.17849,0.12483,-0.0011,0.28635,1.01685
947,1835.1,10147618,687428,0.862,1.192,5220,10721,14399,0.01695893,0,0,0.0806,0.1776,0.533,0.0708,0.01151,1.17937,0.13588,-0.00041,0.30713,1.01877
948,1837.4,10158347,688142,1.12,1.191,4643,10729,14405,0.01695571,0,0,0.0843,0.2734,0.6658,0.0965,0.01318,1.17619,0.14215,-9e-05,0.31879,1.01171
949,1839.6,10169054,688844,1.045,1.192,4787,10707,14368,0.0169525,0,0,0.0836,0.2499,0.5929,0.1186,0.01418,1.17656,0.13396,-0.0004,0.30269,1.00208
950,1841.6,10179745,689539,0.848,1.191,5244,10691,14401,0.01694928,0,0,0.0801,0.1861,0.5011,0.0802,0.01299,1.17736,0.13566,-0.00136,0.30864,1.02087
951,1843.7,10190458,690234,0.886,1.193,5154,10713,14402,0.01694608,0,0,0.0813,0.1875,0.4892,0.1279,0.01218,1.17983,0.1397,-0.00141,0.31668,1.01643
952,1846.2,10201207,690958,1.18,1.196,4524,10749,14462,0.01694286,0,0,0.0902,0.3219,0.6327,0.1348,0.01279,1.18255,0.13959,-0.00125,0.31612,1.0163
953,1848.4,10211884,691666,1.0,1.193,4869,10677,14377,0.01693964,0,0,0.082,0.2502,0.546,0.1213,0.01402,1.17814,0.13536,-0.00044,0.30624,1.02273
954,1850.7,10222603,692374,1.052,1.192,4776,10719,14388,0.01693643,0,0,0.0826,0.2286,0.6202,0.1206,0.01156,1.17976,0.14182,-0.001,0.32032,1.02371
955,1852.9,10233329,693085,1.035,1.193,4815,10726,14394,0.01693322,0,0,0.0809,0.2122,0.6436,0.098,0.01179,1.17979,0.13669,-0.00076,0.30939,1.0186
956,1855.1,10244004,693801,1.027,1.196,4801,10675,14370,0.01693,0,0,0.0834,0.2248,0.581,0.1383,0.01548,1.17968,0.13674,-0.00079,0.30959,1.01996
957,1857.4,10254715,694490,1.039,1.195,4793,10711,14384,0.0169268,0,0,0.0803,0.2551,0.5765,0.1274,0.01225,1.18195,0.13453,-0.00158,0.30657,1.01415
958,1859.7,10265406,695210,1.083,1.193,4696,10691,14377,0.01692359,0,0,0.0805,0.2701,0.6117,0.1208,0.01192,1.18048,0.13776,-0.00134,0.31246,1.01246
959,1861.9,10276083,695919,1.05,1.193,4761,10677,14370,0.01692038,0,0,0.0823,0.215,0.611,0.1413,0.01139,1.18023,0.13453,-0.00088,0.30552,1.02581
960,1864.2,10286752,696651,1.094,1.207,4637,10669,14389,0.01691718,0,0,0.0825,0.2557,0.5863,0.1693,0.02277,1.18331,0.13607,-0.00126,0.30911,1.01788
961,1866.5,10297415,697350,1.15,1.198,4540,10663,14356,0.01691397,0,0,0.0816,0.2736,0.6464,0.1487,0.01606,1.18142,0.14056,-0.00088,0.31742,1.02091
962,1868.9,10308141,698060,1.13,1.195,4614,10726,14416,0.01691078,0,0,0.0881,0.2951,0.5894,0.1571,0.01128,1.18246,0.13153,-0.0017,0.30047,1.00574
963,1871.2,10318873,698783,1.178,1.196,4521,10732,14423,0.01690756,0,0,0.0887,0.311,0.6509,0.1273,0.01203,1.18277,0.14162,-0.00093,0.31837,0.98342
964,1873.7,10329565,699493,1.233,1.197,4400,10692,14393,0.01690434,0,0,0.0817,0.2924,0.7006,0.1586,0.01215,1.18336,0.13298,-0.00141,0.30142,0.96511
965,1876.0,10340268,700200,1.121,1.202,4608,10703,14391,0.01690113,0,0,0.0882,0.2606,0.6571,0.1151,0.01111,1.18963,0.14013,-0.00074,0.31583,1.0082
966,1878.3,10350974,700923,1.134,1.204,4579,10706,14409,0.01689792,0,0,0.0847,0.2665,0.6076,0.1754,0.01379,1.1849,0.13562,-0.00108,0.30783,1.0192
967,1880.6,10361701,701648,1.064,1.192,4755,10727,14427,0.01689471,0,0,0.0841,0.3313,0.536,0.1125,0.0116,1.17965,0.12453,-0.00083,0.28416,0.98937
968,1882.9,10372386,702381,1.102,1.2,4643,10685,14379,0.01689149,0,0,0.0821,0.2386,0.6591,0.1219,0.01677,1.1818,0.13511,-0.00083,0.30592,1.00749
969,1885.2,10383108,703099,1.12,1.182,4659,10722,14389,0.01688828,0,0,0.082,0.2713,0.657,0.1093,0.01296,1.16798,0.11616,-0.00096,0.26914,1.03319
970,1887.3,10393817,703823,0.961,1.186,4987,10709,14387,0.01688507,0,0,0.0791,0.2221,0.5582,0.1019,0.03024,1.15447,0.12192,-0.00038,0.2792,1.02462
971,1889.5,10404544,704537,1.026,1.169,4887,10727,14409,0.01688185,0,0,0.0817,0.211,0.5757,0.158,0.01135,1.15617,0.13737,-0.00175,0.3117,0.9911
972,1891.7,10415274,705261,0.965,1.167,5033,10730,14416,0.01687864,0,0,0.0802,0.2271,0.5715,0.0858,0.01171,1.15456,0.12193,-0.0017,0.28024,0.97739
973,1893.8,10425990,705994,0.975,1.166,5006,10716,14387,0.01687542,0,0,0.0792,0.1941,0.5775,0.124,0.01114,1.15395,0.14604,-0.00169,0.32926,1.00131
974,1896.0,10436728,706706,0.97,1.169,5019,10738,14435,0.0168722,0,0,0.0798,0.2007,0.5953,0.0944,0.01165,1.15658,0.13257,0.00029,0.2987,1.01207
975,1898.2,10447467,707442,1.065,1.169,4806,10739,14453,0.01686898,0,0,0.0828,0.2701,0.5877,0.1249,0.01187,1.15609,0.13693,-0.00065,0.30928,1.01112
976,1900.3,10458123,708164,0.992,1.167,4936,10656,14357,0.01686576,0,0,0.0819,0.2061,0.5911,0.1129,0.01161,1.15417,0.12766,-0.00129,0.29206,1.01244
977,1902.6,10468839,708901,1.068,1.167,4793,10716,14410,0.01686256,0,0,0.0808,0.2543,0.6106,0.1226,0.01157,1.15457,0.13946,-0.0011,0.31445,0.98801
978,1904.9,10479506,709620,1.093,1.176,4702,10667,14344,0.01685935,0,0,0.0805,0.2391,0.6369,0.1365,0.01379,1.15833,0.13225,-0.00115,0.30022,0.99121
979,1907.1,10490215,710358,1.092,1.178,4718,10709,14378,0.01685615,0,0,0.0839,0.2491,0.6127,0.1458,0.01436,1.16207,0.12195,-0.00157,0.28057,0.99472
980,1909.4,10500939,711092,1.057,1.174,4805,10724,14394,0.01685294,0,0,0.0805,0.2501,0.5774,0.1493,0.01512,1.1583,0.13263,-0.00144,0.30077,0.96816
981,1911.5,10511639,711821,0.951,1.17,5044,10700,14403,0.01684972,0,0,0.0802,0.2161,0.565,0.0896,0.01269,1.15668,0.12521,-0.00037,0.28357,0.96136
982,1913.7,10522304,712566,1.046,1.172,4808,10665,14370,0.01684651,0,0,0.0856,0.242,0.621,0.0973,0.01434,1.15659,0.12796,-0.00112,0.29076,0.96774
983,1915.9,10533003,713290,1.031,1.171,4860,10699,14385,0.01684331,0,0,0.0849,0.2281,0.5856,0.1323,0.01189,1.15754,0.13495,-0.00036,0.30261,0.95012
984,1918.2,10543709,714013,1.086,1.174,4737,10706,14402,0.0168401,0,0,0.0897,0.2761,0.5803,0.1404,0.01226,1.16019,0.1313,-0.00062,0.29575,0.94762
985,1920.3,10554376,714741,0.947,1.176,5025,10667,14318,0.01683689,0,0,0.08,0.2387,0.568,0.0602,0.01245,1.16267,0.13237,-0.00137,0.29836,0.91706
986,1922.4,10565081,715471,0.95,1.179,5029,10705,14398,0.01683369,0,0,0.08,0.2293,0.5453,0.095,0.01232,1.1652,0.1331,-0.00182,0.30005,0.89697
987,1924.6,10575797,716199,1.022,1.173,4883,10716,14399,0.01683048,0,0,0.0812,0.2396,0.5956,0.1051,0.01202,1.16021,0.13909,-0.00136,0.31134,0.90486
988,1926.7,10586483,716911,0.946,1.191,5001,10686,14361,0.01682726,0,0,0.0804,0.2033,0.5694,0.0929,0.01251,1.17742,0.14282,-0.00036,0.31672,0.90201
989,1928.9,10597170,717639,1.014,1.191,4847,10687,14382,0.01682406,0,0,0.0831,0.2214,0.5849,0.1249,0.01205,1.17749,0.14304,-0.00143,0.31964,0.91277
990,1931.1,10607910,718364,0.983,1.19,4941,10740,14427,0.01682085,0,0,0.0826,0.2334,0.5791,0.0883,0.01143,1.17743,0.13491,-0.00131,0.30208,0.88084
991,1933.4,10618626,719077,1.044,1.192,4792,10716,14405,0.01681763,0,0,0.0877,0.2149,0.6152,0.1261,0.01224,1.17895,0.14189,-0.0012,0.31525,0.86462
992,1935.6,10629318,719820,1.086,1.192,4694,10692,14372,0.01681441,0,0,0.0836,0.1953,0.6673,0.1403,0.01232,1.17825,0.1274,-0.00127,0.28605,0.85356
993,1937.8,10640014,720549,0.973,1.189,4946,10696,14375,0.0168112,0,0,0.0828,0.2252,0.5596,0.1057,0.01175,1.175,0.13173,-0.00191,0.29643,0.86673
994,1940.0,10650672,721273,0.974,1.19,4925,10658,14356,0.016808,0,0,0.0817,0.2222,0.5311,0.1391,0.01207,1.1761,0.11951,-0.00184,0.27264,0.89036
995,1942.3,10661410,722007,1.09,1.199,4691,10738,14448,0.0168048,0,0,0.088,0.2306,0.6069,0.1646,0.0144,1.18251,0.13303,-0.00056,0.2971,0.89045
996,1944.6,10672088,722737,1.14,1.196,4570,10678,14366,0.01680158,0,0,0.1018,0.267,0.5657,0.2056,0.01618,1.17869,0.14303,-0.00123,0.31788,0.87383
997,1946.8,10682757,723479,1.03,1.19,4805,10669,14361,0.01679837,0,0,0.0969,0.2416,0.5584,0.1334,0.01284,1.17615,0.13743,-0.00121,0.30718,0.89007
998,1949.1,10693484,724213,1.076,1.188,4738,10727,14397,0.01679517,0,0,0.0843,0.2862,0.5764,0.1286,0.01167,1.17585,0.1279,-0.00074,0.28716,0.88978
999,1951.2,10704172,724951,0.944,1.185,5019,10688,14381,0.01679195,0,0,0.0825,0.1992,0.5437,0.1188,0.01169,1.17267,0.12706,-0.00156,0.28685,0.88158
1000,1953.4,10714848,725698,0.976,1.186,4937,10676,14376,0.01678875,0,0,0.0837,0.2165,0.5545,0.1215,0.01151,1.17378,0.12602,-0.00136,0.28462,0.88931
1001,1956.1,10725626,726442,0.958,1.188,5023,10778,14413,0.01678555,0,0,0.0831,0.255,0.5153,0.1047,0.01185,1.17506,0.14019,-0.00186,0.31377,0.88335
1002,1958.5,10736383,727178,0.952,1.189,5024,10757,14399,0.01678231,0,0,0.0842,0.2098,0.5539,0.1041,0.01183,1.1763,0.13506,-0.00232,0.30502,0.90139
1003,1960.7,10747120,727906,0.939,1.188,5049,10737,14355,0.01677909,0,0,0.0825,0.1929,0.5405,0.1229,0.01191,1.17481,0.15804,-0.00056,0.34815,0.92185
1004,1962.8,10757868,728632,0.925,1.188,5086,10748,14352,0.01677586,0,0,0.0824,0.2025,0.5093,0.1311,0.01183,1.17498,0.14289,-0.00055,0.31827,0.93593
1005,1964.9,10768637,729369,0.916,1.191,5111,10769,14396,0.01677264,0,0,0.0803,0.2117,0.5424,0.082,0.01131,1.17835,0.15186,-0.00049,0.33616,0.93776
1006,1966.9,10779392,730081,0.855,1.19,5261,10755,14370,0.01676941,0,0,0.081,0.1799,0.5173,0.0764,0.01226,1.17638,0.14865,-0.00126,0.33149,0.9446
1007,1968.8,10790165,730796,0.735,1.19,5596,10773,14394,0.01676618,0,0,0.0764,0.145,0.4461,0.0677,0.01258,1.1762,0.15505,-0.00093,0.34356,0.9425
1008,1970.8,10800941,731519,0.739,1.186,5595,10776,14385,0.01676295,0,0,0.0722,0.1485,0.4432,0.0756,0.01157,1.17381,0.15736,-0.00142,0.34932,0.94701
1009,1972.7,10811732,732243,0.707,1.187,5699,10791,14435,0.01675972,0,0,0.0752,0.1454,0.4471,0.0389,0.01163,1.1743,0.14436,-0.00223,0.32517,0.95418
1010,1974.6,10822511,732962,0.715,1.184,5677,10779,14409,0.01675648,0,0,0.0756,0.1416,0.4408,0.0571,0.01203,1.17079,0.15521,-0.00044,0.34291,0.94314
1011,1976.4,10833288,733680,0.681,1.185,5776,10777,14403,0.01675325,0,0,0.0726,0.1387,0.4312,0.0387,0.01171,1.1722,0.15217,-0.002,0.34003,0.94513
1012,1978.3,10844077,734395,0.726,1.183,5649,10789,14407,0.01675001,0,0,0.0766,0.1514,0.4463,0.0522,0.01245,1.1702,0.16017,0.00031,0.35148,0.9481
1013,1980.2,10854835,735126,0.71,1.184,5681,10758,14382,0.01674678,0,0,0.074,0.1448,0.446,0.0447,0.0114,1.17176,0.14617,-0.00133,0.327,0.95499
1014,1982.1,10865595,735846,0.722,1.184,5646,10760,14385,0.01674355,0,0,0.0747,0.1439,0.4424,0.0612,0.01168,1.17108,0.1522,-0.00086,0.33785,0.94751
1015,1984.0,10876417,736567,0.712,1.183,5710,10822,14448,0.01674032,0,0,0.0733,0.1413,0.4394,0.0582,0.01196,1.17035,0.15846,-0.0017,0.35158,0.93425
1016,1986.0,10887208,737298,0.736,1.187,5610,10791,14424,0.01673707,0,0,0.0772,0.1467,0.4467,0.0657,0.0127,1.17341,0.14032,-0.00128,0.31477,0.94292
1017,1987.9,10897991,738017,0.752,1.182,5575,10783,14400,0.01673384,0,0,0.0769,0.1495,0.4455,0.0799,0.01147,1.16996,0.15012,-0.00211,0.33624,0.94974
1018,1989.8,10908761,738754,0.724,1.226,5521,10770,14423,0.0167306,0,0,0.0765,0.1458,0.4564,0.0455,0.01135,1.21416,0.15399,-0.00045,0.3406,0.94793
1019,1991.8,10919548,739490,0.769,1.233,5389,10787,14393,0.01672737,0,0,0.0801,0.1488,0.46,0.0797,0.01218,1.22005,0.15738,0.00077,0.34504,0.9507
1020,1993.8,10930359,740231,0.734,1.23,5505,10811,14439,0.01672414,0,0,0.0792,0.1448,0.4548,0.0555,0.0126,1.2162,0.15689,0.00377,0.33834,0.95994
1021,1995.8,10941116,740942,0.784,1.188,5454,10757,14354,0.01672089,0,0,0.0791,0.1477,0.4653,0.0923,0.01222,1.175,0.15421,0.0003,0.33998,0.96221
1022,1997.7,10951856,741657,0.749,1.197,5520,10740,14361,0.01671767,0,0,0.0768,0.1484,0.4579,0.0655,0.01142,1.1848,0.15815,0.00042,0.34787,0.96974
1023,1999.6,10962637,742376,0.713,1.185,5681,10781,14390,0.01671444,0,0,0.0728,0.1375,0.4349,0.0675,0.01204,1.1723,0.14601,-0.00146,0.32664,0.94847
1024,2001.5,10973408,743104,0.671,1.187,5796,10771,14406,0.01671121,0,0,0.0698,0.1309,0.4265,0.0435,0.01153,1.175,0.14698,-0.00095,0.32754,0.94764
1025,2003.5,10984137,743805,0.816,1.188,5355,10729,14334,0.01670798,0,0,0.0796,0.1646,0.4841,0.0878,0.0122,1.17444,0.1506,0.00099,0.33083,0.94622
1026,2005.5,10994931,744535,0.793,1.176,5484,10794,14412,0.01670476,0,0,0.0796,0.1598,0.4724,0.0808,0.01274,1.16189,0.14187,0.00295,0.30911,0.93617
1027,2007.3,11005710,745270,0.699,1.165,5781,10779,14420,0.01670152,0,0,0.0716,0.1386,0.4488,0.0403,0.01186,1.1523,0.15752,0.00064,0.34426,0.9126
1028,2009.2,11016453,745985,0.752,1.166,5601,10743,14356,0.01669829,0,0,0.0746,0.1476,0.4531,0.0767,0.01163,1.15355,0.14201,0.00157,0.31175,0.92417
1029,2011.1,11027228,746706,0.686,1.168,5813,10775,14383,0.01669506,0,0,0.071,0.1367,0.4364,0.0415,0.01162,1.15517,0.13821,-0.00014,0.30769,0.92802
1030,2013.3,11038003,747435,1.071,1.172,4803,10775,14415,0.01669183,0,0,0.0836,0.2734,0.596,0.1182,0.01184,1.15947,0.14334,-0.00052,0.31842,0.91948
1031,2015.6,11048783,748141,1.09,1.177,4756,10780,14404,0.0166886,0,0,0.0788,0.2572,0.5673,0.1866,0.01203,1.16357,0.14978,-0.00027,0.33082,0.9199
1032,2018.1,11059516,748881,1.325,1.182,4282,10733,14353,0.01668537,0,0,0.0893,0.4222,0.6644,0.149,0.01172,1.16834,0.13599,-0.00174,0.30541,0.89695
1033,2020.6,11070291,749610,1.308,1.192,4310,10775,14393,0.01668215,0,0,0.0878,0.3772,0.6938,0.149,0.01409,1.17708,0.15184,-0.00158,0.33657,0.89095
1034,2022.9,11081104,750327,1.14,1.193,4635,10813,14427,0.01667891,0,0,0.0875,0.3287,0.5985,0.1253,0.01233,1.17954,0.14964,-0.00079,0.33012,0.87735
1035,2025.7,11091897,751056,1.556,1.194,3926,10793,14421,0.01667567,0,0,0.4596,0.3328,0.6457,0.1175,0.01251,1.18019,0.13709,-0.00101,0.3047,0.85502
1036,2028.1,11102663,751782,1.22,1.207,4436,10766,14385,0.01667243,0,0,0.0831,0.2984,0.7009,0.138,0.01234,1.1878,0.14319,0.00015,0.31434,0.84731
1037,2030.6,11113456,752491,1.255,1.195,4405,10793,14418,0.0166692,0,0,0.0979,0.296,0.6957,0.1655,0.01288,1.18128,0.12732,0.00026,0.28324,0.87313
1038,2033.1,11124282,753209,1.317,1.194,4313,10826,14446,0.01666596,0,0,0.0917,0.3523,0.722,0.1508,0.01191,1.18026,0.13269,0.0008,0.29257,0.86386
1039,2035.7,11135060,753917,1.392,1.196,4164,10778,14396,0.01666272,0,0,0.0896,0.2983,0.8024,0.2019,0.01264,1.18178,0.13237,-0.00013,0.29398,0.86936
1040,2037.9,11145858,754627,1.059,1.191,4800,10798,14425,0.01665948,0,0,0.0836,0.2675,0.5863,0.1213,0.01213,1.17797,0.13927,-0.00178,0.31109,0.86983
1041,2040.1,11156657,755341,0.944,1.19,5061,10799,14423,0.01665624,0,0,0.081,0.2078,0.5516,0.1036,0.01259,1.1762,0.12906,-0.00041,0.28756,0.85928
1042,2042.1,11167500,756043,0.866,1.19,5273,10843,14488,0.016653,0,0,0.0856,0.1946,0.5145,0.0716,0.01227,1.17664,0.1327,0.00059,0.29296,0.86259
1043,2044.0,11178325,756755,0.727,1.19,5648,10825,14440,0.01664975,0,0,0.0747,0.1496,0.4587,0.044,0.01127,1.1772,0.13576,-0.00115,0.3018,0.84
1044,2046.1,11189149,757463,0.92,1.186,5140,10824,14468,0.0166465,0,0,0.0807,0.2086,0.5518,0.0788,0.01184,1.17289,0.13824,-8e-05,0.30458,0.83941
1045,2048.4,11199978,758180,1.119,1.189,4693,10829,14466,0.01664326,0,0,0.0814,0.2712,0.5722,0.1937,0.01889,1.16906,0.14208,0.00266,0.30722,0.85264
1046,2050.7,11210775,758883,1.057,1.187,4812,10797,14448,0.01664001,0,0,0.0848,0.224,0.6056,0.1421,0.01316,1.17198,0.13564,-0.0006,0.30073,0.84888
1047,2053.0,11221602,759589,1.163,1.191,4600,10827,14457,0.01663677,0,0,0.0867,0.2725,0.6551,0.149,0.01179,1.17776,0.13197,0.00225,0.2877,0.84909
1048,2055.2,11232375,760305,0.944,1.191,5046,10773,14405,0.01663352,0,0,0.0848,0.2217,0.5198,0.1179,0.01208,1.17787,0.13065,-0.00046,0.2898,0.82906
1049,2057.2,11243164,761011,0.855,1.189,5280,10789,14431,0.01663029,0,0,0.0811,0.1689,0.4958,0.1088,0.0111,1.17647,0.12924,0.00156,0.28359,0.84883
1050,2059.3,11253970,761711,0.881,1.188,5223,10806,14443,0.01662705,0,0,0.0804,0.1837,0.5299,0.0875,0.01155,1.17501,0.12062,0.00027,0.26775,0.8133
1051,2061.2,11264770,762419,0.732,1.187,5627,10800,14433,0.01662381,0,0,0.0766,0.1519,0.4537,0.0499,0.01229,1.17405,0.13159,0.00206,0.28564,0.79952
1052,2063.3,11275595,763115,0.772,1.189,5522,10825,14440,0.01662057,0,0,0.0749,0.1517,0.4559,0.0893,0.01136,1.17636,0.14689,0.00012,0.32035,0.80609
1053,2065.3,11286401,763812,0.766,1.189,5528,10806,14421,0.01661732,0,0,0.0782,0.1575,0.477,0.0528,0.01178,1.17631,0.12632,0.00097,0.27695,0.78988
1054,2067.3,11297195,764512,0.782,1.187,5480,10794,14420,0.01661408,0,0,0.0778,0.1572,0.4714,0.0758,0.01285,1.17353,0.11639,-0.00079,0.26077,0.79453
1055,2069.2,11308021,765210,0.792,1.189,5467,10826,14454,0.01661084,0,0,0.0814,0.1632,0.4911,0.056,0.01348,1.17413,0.13019,-0.00173,0.29009,0.79034
1056,2071.2,11318794,765921,0.778,1.186,5486,10773,14407,0.01660759,0,0,0.0789,0.1644,0.4799,0.0548,0.01212,1.17246,0.13022,-0.00059,0.2876,0.782
1057,2073.1,11329562,766615,0.75,1.185,5565,10768,14386,0.01660436,0,0,0.0751,0.1428,0.454,0.0777,0.01213,1.17202,0.12493,0.00051,0.27442,0.77053
1058,2075.1,11340372,767319,0.778,1.185,5509,10810,14442,0.01660113,0,0,0.0796,0.1677,0.4698,0.0606,0.01196,1.17169,0.12081,-0.00167,0.27039,0.76634
1059,2077.0,11351184,768030,0.738,1.183,5628,10812,14447,0.01659789,0,0,0.0755,0.1449,0.4456,0.0721,0.01203,1.17024,0.1242,0.00052,0.27267,0.76246
1060,2078.9,11361986,768734,0.699,1.181,5746,10802,14446,0.01659464,0,0,0.0721,0.1358,0.4464,0.0443,0.01149,1.1687,0.12772,0.00173,0.27718,0.75941
1061,2080.8,11372746,769426,0.746,1.185,5572,10760,14391,0.0165914,0,0,0.0718,0.1498,0.4426,0.0821,0.01178,1.17188,0.12257,-0.00373,0.27733,0.74566
1062,2082.8,11383585,770143,0.731,1.184,5660,10839,14491,0.01658818,0,0,0.0777,0.1494,0.4608,0.0434,0.01113,1.17152,0.12812,0.00075,0.28004,0.76234
1063,2084.7,11394352,770839,0.771,1.184,5507,10767,14401,0.01658492,0,0,0.0793,0.1598,0.4489,0.083,0.01184,1.17135,0.11962,-0.00122,0.2667,0.75405
1064,2086.6,11405126,771575,0.743,1.189,5577,10774,14402,0.01658169,0,0,0.0761,0.1514,0.4599,0.0559,0.01254,1.17509,0.11626,-0.00124,0.25968,0.74473
1065,2088.7,11415928,772289,0.817,1.188,5388,10802,14439,0.01657846,0,0,0.081,0.1706,0.4937,0.0714,0.01266,1.17453,0.11605,-1e-05,0.25745,0.76413
1066,2090.7,11426715,772971,0.836,1.191,5322,10787,14420,0.01657522,0,0,0.081,0.1733,0.5208,0.0611,0.01242,1.17718,0.12179,0.00059,0.26752,0.75762
1067,2092.8,11437566,773655,0.907,1.19,5174,10851,14476,0.01657199,0,0,0.0835,0.1789,0.528,0.117,0.01343,1.17525,0.10961,-0.00199,0.24879,0.77249
1068,2094.9,11448370,774326,0.916,1.192,5124,10804,14447,0.01656873,0,0,0.0811,0.2033,0.518,0.1138,0.01371,1.17762,0.11412,-0.00049,0.25476,0.77027
1069,2096.9,11459170,775013,0.84,1.189,5324,10800,14428,0.01656549,0,0,0.0811,0.1888,0.5099,0.06,0.01192,1.17586,0.11887,-0.00227,0.26726,0.75393
1070,2098.9,11469969,775690,0.782,1.192,5472,10799,14437,0.01656225,0,0,0.0813,0.1717,0.4764,0.0523,0.01166,1.1787,0.11536,-0.00064,0.25666,0.74453
1071,2100.9,11480845,776342,0.849,1.19,5335,10876,14522,0.01655901,0,0,0.0855,0.1812,0.5046,0.0779,0.01307,1.17541,0.09514,-0.0019,0.21975,0.77518
1072,2102.9,11491683,776987,0.832,1.184,5376,10838,14471,0.01655575,0,0,0.0795,0.1682,0.4807,0.1033,0.01473,1.16835,0.10259,-0.00234,0.23612,0.79316
1073,2105.0,11502527,777656,0.904,1.185,5192,10844,14471,0.0165525,0,0,0.0803,0.202,0.5101,0.1115,0.01308,1.17074,0.10254,-0.00099,0.23246,0.76689
1074,2107.1,11513378,778304,0.899,1.184,5209,10851,14487,0.01654924,0,0,0.079,0.1971,0.5191,0.1038,0.01217,1.17116,0.09668,-0.00238,0.22443,0.79539
1075,2109.2,11524246,778943,0.916,1.179,5187,10868,14486,0.01654599,0,0,0.0807,0.1949,0.5292,0.1114,0.01373,1.16409,0.10533,-0.00134,0.23988,0.8022
1076,2111.3,11535083,779586,0.946,1.168,5125,10837,14470,0.01654273,0,0,0.0815,0.1978,0.5269,0.1398,0.01226,1.15494,0.10051,-0.00126,0.23009,0.80231
1077,2113.5,11545918,780238,0.958,1.172,5086,10835,14447,0.01653948,0,0,0.082,0.208,0.5211,0.147,0.01555,1.15575,0.09444,-0.00064,0.2161,0.78389
1078,2115.5,11556787,780905,0.881,1.168,5304,10869,14512,0.01653622,0,0,0.0781,0.1773,0.4965,0.1295,0.01175,1.15518,0.1076,-0.00294,0.24735,0.7946
1079,2117.6,11567650,781550,0.936,1.172,5154,10863,14493,0.01653296,0,0,0.0791,0.1854,0.555,0.1163,0.01441,1.15631,0.10174,-0.00145,0.23302,0.80525
1080,2119.6,11578482,782199,0.826,1.182,5393,10832,14432,0.0165297,0,0,0.0796,0.1882,0.5034,0.0552,0.02655,1.15426,0.10453,-0.00157,0.23852,0.79618
1081,2121.6,11589327,782834,0.845,1.169,5386,10845,14465,0.01652646,0,0,0.0792,0.171,0.4828,0.1119,0.01275,1.15464,0.10982,-0.00282,0.25127,0.78605
1082,2123.5,11600125,783492,0.695,1.17,5788,10798,14437,0.0165232,0,0,0.0681,0.1336,0.4384,0.0551,0.01243,1.15679,0.12304,-0.00121,0.27405,0.77326
1083,2125.4,11610958,784134,0.704,1.181,5747,10833,14447,0.01651996,0,0,0.0709,0.1311,0.4371,0.0652,0.01164,1.16809,0.107,-0.0012,0.24192,0.77275
1084,2127.3,11621753,784779,0.676,1.188,5790,10795,14425,0.01651671,0,0,0.0665,0.1316,0.4384,0.0397,0.01145,1.17565,0.10971,-0.00139,0.24794,0.77883
1085,2129.2,11632645,785397,0.707,1.187,5751,10892,14519,0.01651347,0,0,0.0663,0.129,0.4375,0.0742,0.01182,1.17409,0.10813,0.00017,0.24182,0.78396
1086,2131.0,11643488,786022,0.677,1.189,5813,10843,14467,0.01651021,0,0,0.0692,0.1279,0.44,0.0395,0.01122,1.17654,0.12177,-0.0009,0.27125,0.78438
1087,2133.0,11654356,786667,0.771,1.189,5546,10868,14483,0.01650695,0,0,0.0719,0.1419,0.4627,0.0941,0.0118,1.1763,0.10734,-0.00056,0.24142,0.77645
1088,2134.9,11665128,787290,0.71,1.179,5702,10772,14406,0.01650369,0,0,0.0733,0.1411,0.4517,0.0438,0.01136,1.16713,0.10181,-0.00297,0.23523,0.77796
1089,2136.8,11675962,787944,0.749,1.183,5609,10834,14462,0.01650046,0,0,0.0749,0.1498,0.4657,0.0583,0.01259,1.16952,0.11252,-0.00016,0.25063,0.76562
1090,2138.6,11686758,788579,0.663,1.179,5861,10796,14421,0.01649721,0,0,0.0667,0.1218,0.4175,0.0569,0.0122,1.16582,0.11885,-0.00043,0.26338,0.75221
1091,2140.4,11697575,789238,0.632,1.176,5984,10817,14447,0.01649397,0,0,0.0657,0.1186,0.4093,0.0382,0.0117,1.16338,0.10124,-0.00209,0.23075,0.7303
1092,2142.3,11708418,789864,0.626,1.175,6020,10843,14484,0.01649073,0,0,0.0587,0.108,0.3995,0.0601,0.01089,1.16327,0.10768,0.00038,0.23948,0.75454
1093,2144.1,11719205,790499,0.635,1.177,5953,10787,14439,0.01648747,0,0,0.0595,0.1055,0.3942,0.0757,0.01126,1.16506,0.10519,-0.00047,0.23645,0.76209
1094,2145.9,11730002,791153,0.667,1.175,5862,10797,14414,0.01648424,0,0,0.0677,0.1285,0.4177,0.053,0.01137,1.16303,0.10775,-0.0007,0.24109,0.73388
1095,2147.7,11740852,791778,0.66,1.177,5905,10850,14501,0.016481,0,0,0.0681,0.1184,0.4158,0.0579,0.01144,1.16479,0.0962,-0.00105,0.21894,0.74145
1096,2149.6,11751712,792393,0.676,1.18,5850,10860,14482,0.01647774,0,0,0.0678,0.1237,0.4118,0.0727,0.01107,1.16853,0.10253,-0.00188,0.23356,0.75085
1097,2151.5,11762521,793026,0.746,1.184,5600,10809,14442,0.01647449,0,0,0.071,0.1334,0.4277,0.1138,0.01088,1.17257,0.09821,0.0003,0.22022,0.74017
1098,2153.4,11773319,793657,0.707,1.187,5701,10798,14414,0.01647124,0,0,0.0723,0.1399,0.4282,0.0666,0.01143,1.17461,0.11371,0.00123,0.24875,0.72219
1099,2155.4,11784089,794306,0.771,1.184,5509,10770,14413,0.016468,0,0,0.0771,0.1569,0.4608,0.0766,0.01134,1.17165,0.11439,0.00506,0.24249,0.72333
1100,2157.3,11794859,794963,0.726,1.188,5628,10770,14400,0.01646477,0,0,0.0743,0.1452,0.4358,0.0708,0.0117,1.17477,0.11159,-1e-05,0.24696,0.72162
1101,2159.9,11805687,795594,1.382,1.2,4194,10828,14461,0.01646154,0,0,0.2608,0.2316,0.7836,0.1058,0.0158,1.18287,0.11131,-0.0009,0.24944,0.76066
1102,2162.5,11816494,796213,1.424,1.2,4117,10807,14440,0.01645829,0,0,0.3111,0.2334,0.7627,0.1171,0.01964,1.17704,0.10509,-0.00025,0.23473,0.73025
1103,2165.4,11827343,796833,1.335,1.236,4220,10849,14470,0.01645505,0,0,0.2251,0.2616,0.707,0.1411,0.01946,1.21529,0.11577,-3e-05,0.25589,0.73843
1104,2168.0,11838103,797478,1.467,1.187,4054,10760,14375,0.0164518,0,0,0.2771,0.2471,0.7698,0.1729,0.02299,1.16332,0.11968,-0.00086,0.26472,0.71797
1105,2170.3,11848940,798108,1.111,1.176,4740,10837,14475,0.01644857,0,0,0.14,0.2525,0.6101,0.1083,0.01189,1.163,0.12611,-0.00133,0.27856,0.71996
1106,2173.4,11859786,798737,1.824,1.264,3512,10846,14488,0.01644532,0,0,0.4265,0.3355,0.9667,0.0956,0.0207,1.22511,0.12869,-0.0,0.28153,0.73423
1107,2176.3,11870619,799374,1.664,1.236,3735,10833,14475,0.01644206,0,0,0.3594,0.3047,0.882,0.1176,0.0169,1.21669,0.11495,0.00091,0.25335,0.7682
1108,2179.0,11881449,800002,1.513,1.189,4008,10830,14453,0.01643881,0,0,0.2053,0.2565,0.8948,0.1563,0.01411,1.17393,0.11704,-0.0006,0.2598,0.7454
1109,2181.5,11892235,800627,1.3,1.19,4331,10786,14423,0.01643557,0,0,0.24,0.2457,0.7229,0.0913,0.01246,1.17663,0.12038,-0.0,0.26482,0.73214
1110,2184.2,11903088,801274,1.502,1.207,4005,10853,14472,0.01643233,0,0,0.2976,0.2455,0.8422,0.1171,0.01375,1.19253,0.10812,-0.00024,0.24076,0.73138
1111,2187.0,11913952,801867,1.601,1.192,3889,10864,14492,0.01642907,0,0,0.3962,0.2279,0.8472,0.1302,0.0126,1.17817,0.11183,0.00102,0.24617,0.74736
1112,2189.8,11924790,802492,1.558,1.196,3934,10838,14488,0.01642581,0,0,0.2985,0.2281,0.9042,0.1276,0.01811,1.17719,0.11551,-0.00029,0.25595,0.74122
1113,2192.5,11935618,803123,1.509,1.199,3999,10828,14472,0.01642256,0,0,0.2707,0.261,0.853,0.1241,0.01668,1.18116,0.10674,7e-05,0.23754,0.73665
1114,2195.1,11946445,803762,1.418,1.206,4126,10827,14464,0.01641931,0,0,0.2335,0.2228,0.8237,0.1376,0.02677,1.17854,0.09824,-0.00194,0.22475,0.74213
1115,2197.7,11957322,804378,1.407,1.192,4185,10877,14517,0.01641607,0,0,0.2397,0.2615,0.8064,0.0993,0.0171,1.1736,0.10415,0.00032,0.23297,0.77126
1116,2200.1,11968173,804991,1.173,1.184,4604,10851,14491,0.0164128,0,0,0.1842,0.2222,0.6618,0.1048,0.01468,1.16822,0.12502,-0.00079,0.27683,0.76813
1117,2202.4,11979019,805616,1.15,1.187,4642,10846,14468,0.01640955,0,0,0.1924,0.2071,0.6525,0.0976,0.01226,1.17351,0.10436,-0.0001,0.23419,0.77003
1118,2204.5,11989871,806245,0.898,1.177,5229,10852,14483,0.01640629,0,0,0.1027,0.227,0.4879,0.0807,0.01465,1.16122,0.10702,-0.00134,0.24145,0.75312
1119,2206.5,12000674,806870,0.81,1.187,5410,10803,14430,0.01640304,0,0,0.0819,0.1823,0.4521,0.0934,0.01187,1.17463,0.11488,-0.0005,0.25568,0.7601
1120,2208.5,12011461,807521,0.811,1.183,5408,10787,14426,0.0163998,0,0,0.0813,0.1751,0.4553,0.0996,0.01181,1.17004,0.10515,0.00017,0.23444,0.74597
1121,2210.4,12022231,808184,0.784,1.183,5474,10770,14426,0.01639656,0,0,0.0832,0.1691,0.4541,0.0777,0.01137,1.17099,0.10738,-0.00042,0.23975,0.73621
1122,2212.4,12032992,808847,0.809,1.186,5392,10761,14393,0.01639333,0,0,0.0819,0.1747,0.4623,0.0905,0.01209,1.17313,0.11144,-0.00309,0.25272,0.72169
1123,2214.5,12043777,809516,0.902,1.187,5164,10785,14427,0.0163901,0,0,0.084,0.1894,0.489,0.1394,0.01157,1.17449,0.1112,-0.00271,0.25109,0.70942
1124,2216.6,12054509,810191,0.905,1.187,5129,10732,14391,0.01638687,0,0,0.0833,0.2176,0.5233,0.0812,0.01095,1.17485,0.1115,0.00024,0.24513,0.68995
1125,2218.5,12065252,810881,0.744,1.187,5564,10743,14381,0.01638365,0,0,0.0773,0.1591,0.4683,0.0391,0.01128,1.1747,0.12607,0.00021,0.27392,0.67722
1126,2220.5,12075939,811585,0.804,1.185,5373,10687,14306,0.01638042,0,0,0.085,0.1733,0.4645,0.0812,0.01215,1.17198,0.11039,-0.00165,0.24641,0.68159
1127,2222.6,12086675,812273,0.881,1.187,5192,10736,14367,0.01637722,0,0,0.0869,0.2075,0.513,0.0737,0.01168,1.17357,0.12084,0.00105,0.2615,0.66951
1128,2224.6,12097403,812968,0.849,1.187,5269,10728,14378,0.016374,0,0,0.0917,0.1792,0.4958,0.0826,0.01149,1.1745,0.13493,0.00132,0.28866,0.65487
1129,2226.6,12108129,813665,0.783,1.185,5449,10726,14349,0.01637078,0,0,0.0813,0.1674,0.4643,0.0702,0.01172,1.17282,0.13102,-0.00097,0.28555,0.65853
1130,2228.5,12118885,814376,0.728,1.185,5625,10756,14396,0.01636756,0,0,0.0754,0.1419,0.4424,0.0681,0.0122,1.17143,0.12567,0.00087,0.27048,0.63785
1131,2230.4,12129617,815071,0.744,1.172,5602,10732,14378,0.01636433,0,0,0.0773,0.1516,0.4423,0.0726,0.01198,1.15882,0.11335,0.0003,0.24739,0.65017
1132,2232.4,12140344,815778,0.841,1.174,5324,10727,14343,0.01636111,0,0,0.0784,0.1827,0.4733,0.1062,0.01256,1.16017,0.11883,-0.00018,0.25884,0.63629
1133,2234.5,12151039,816479,0.845,1.176,5291,10695,14342,0.0163579,0,0,0.0782,0.1643,0.4496,0.1531,0.01195,1.16283,0.1177,0.00263,0.25141,0.64991
1134,2236.5,12161764,817186,0.863,1.176,5261,10725,14349,0.01635469,0,0,0.0848,0.1853,0.509,0.0837,0.01344,1.16117,0.10782,-0.00104,0.23874,0.64242
1135,2238.5,12172453,817882,0.821,1.168,5376,10689,14354,0.01635147,0,0,0.0826,0.1727,0.5038,0.0615,0.01157,1.1552,0.12207,-0.00124,0.26756,0.64031
1136,2240.5,12183155,818585,0.827,1.17,5360,10702,14342,0.01634826,0,0,0.0823,0.182,0.4825,0.08,0.01221,1.15661,0.11671,-0.0015,0.2577,0.65109
1137,2242.4,12193851,819270,0.732,1.169,5625,10696,14319,0.01634505,0,0,0.0804,0.153,0.4529,0.0461,0.01163,1.15541,0.12682,-0.0015,0.27684,0.61791
1138,2244.3,12204581,819964,0.78,1.166,5515,10730,14357,0.01634184,0,0,0.0749,0.1642,0.4439,0.0966,0.01153,1.1534,0.11917,-0.00093,0.26078,0.62979
1139,2246.3,12215312,820659,0.759,1.179,5535,10731,14368,0.01633863,0,0,0.0789,0.1576,0.4561,0.0664,0.01181,1.1668,0.12865,0.00093,0.2759,0.62575
1140,2248.1,12226030,821355,0.688,1.176,5751,10718,14341,0.01633541,0,0,0.0758,0.1383,0.4357,0.0378,0.01112,1.16405,0.11213,-0.0014,0.24748,0.62476
1141,2250.1,12236713,822056,0.734,1.178,5589,10683,14297,0.01633219,0,0,0.0725,0.1413,0.4339,0.0861,0.0118,1.16528,0.10903,-0.00168,0.24139,0.61108
1142,2252.0,12247436,822750,0.761,1.177,5533,10723,14351,0.01632899,0,0,0.0745,0.1435,0.4333,0.1098,0.01177,1.16402,0.11878,-0.00106,0.25975,0.61468
1143,2253.9,12258117,823446,0.7,1.185,5666,10681,14333,0.01632577,0,0,0.0672,0.1247,0.4207,0.087,0.01199,1.17251,0.13334,-0.00027,0.28664,0.59474
1144,2255.8,12268806,824145,0.71,1.187,5635,10689,14338,0.01632256,0,0,0.0675,0.1383,0.4242,0.0795,0.01232,1.17434,0.11846,0.00048,0.25593,0.61167
1145,2257.7,12279497,824836,0.742,1.186,5546,10691,14323,0.01631936,0,0,0.0781,0.1502,0.4478,0.0659,0.01099,1.17382,0.12033,-0.00036,0.26216,0.63654
1146,2259.5,12290137,825536,0.658,1.185,5774,10640,14265,0.01631615,0,0,0.0646,0.1173,0.4187,0.0577,0.01112,1.17269,0.11829,0.00041,0.25631,0.6296
1147,2261.4,12300835,826228,0.639,1.183,5872,10698,14323,0.01631296,0,0,0.0664,0.1215,0.4101,0.0411,0.01138,1.17064,0.12194,0.00052,0.26383,0.64322
1148,2263.2,12311524,826925,0.666,1.163,5842,10689,14313,0.01630975,0,0,0.0659,0.1212,0.4141,0.0651,0.01089,1.15163,0.12549,-0.00052,0.27307,0.64497
1149,2265.0,12322215,827627,0.639,1.166,5923,10691,14322,0.01630654,0,0,0.0634,0.1128,0.3993,0.0633,0.01062,1.15484,0.12797,-0.00127,0.28033,0.66967
1150,2266.9,12332947,828318,0.685,1.165,5800,10732,14376,0.01630334,0,0,0.0636,0.1241,0.4107,0.0865,0.01134,1.1531,0.11275,-0.00205,0.25181,0.68085
1151,2268.8,12343621,828994,0.789,1.168,5456,10674,14297,0.01630012,0,0,0.0772,0.1629,0.4713,0.0774,0.01229,1.15449,0.11493,-0.00151,0.25478,0.67208
1152,2270.7,12354309,829697,0.744,1.184,5543,10688,14305,0.01629691,0,0,0.07,0.1385,0.4317,0.1037,0.01206,1.17113,0.12682,-0.00105,0.27735,0.66326
1153,2272.9,12364980,830404,0.855,1.167,5275,10671,14328,0.01629371,0,0,0.0773,0.169,0.4761,0.1331,0.01168,1.15459,0.12251,-0.00086,0.26918,0.68841
1154,2274.8,12375625,831092,0.705,1.166,5689,10645,14277,0.01629051,0,0,0.0675,0.1319,0.4342,0.0714,0.0118,1.15346,0.11726,-0.00065,0.25819,0.68691
1155,2276.6,12386317,831799,0.662,1.165,5854,10692,14349,0.01628731,0,0,0.0654,0.1192,0.4115,0.0655,0.01139,1.15264,0.12042,-0.00028,0.2641,0.69675
1156,2278.4,12396991,832491,0.637,1.171,5903,10674,14310,0.0162841,0,0,0.0648,0.1178,0.4159,0.0386,0.0114,1.15902,0.12331,0.00189,0.26466,0.67007
1157,2280.3,12407680,833185,0.692,1.171,5740,10689,14328,0.0162809,0,0,0.0683,0.13,0.4306,0.0627,0.01168,1.15801,0.12379,-0.00183,0.27354,0.68495
1158,2282.1,12418403,833886,0.664,1.169,5850,10723,14362,0.0162777,0,0,0.0643,0.1131,0.4082,0.0783,0.01116,1.15683,0.12348,-0.00155,0.27232,0.68338
1159,2284.0,12429087,834574,0.681,1.173,5763,10684,14313,0.01627448,0,0,0.0691,0.142,0.4189,0.0506,0.01051,1.16217,0.12721,-0.00095,0.27813,0.67007
1160,2285.8,12439727,835272,0.647,1.194,5780,10640,14297,0.01627127,0,0,0.0657,0.119,0.4062,0.0562,0.01201,1.1809,0.11292,0.00022,0.2473,0.67312
1161,2287.8,12450441,835963,0.759,1.213,5433,10714,14353,0.01626808,0,0,0.0771,0.1453,0.4473,0.0894,0.01366,1.19831,0.12729,-0.00112,0.27851,0.66648
1162,2289.7,12461155,836652,0.675,1.223,5646,10714,14357,0.01626487,0,0,0.0718,0.1218,0.4254,0.0562,0.01192,1.20916,0.12321,-0.00156,0.271,0.66003
1163,2291.8,12471812,837333,0.877,1.212,5100,10657,14304,0.01626165,0,0,0.0803,0.1872,0.4884,0.1214,0.01221,1.19944,0.11523,-0.00204,0.25618,0.6654
1164,2293.7,12482564,838030,0.769,1.188,5494,10752,14403,0.01625846,0,0,0.0722,0.1539,0.4461,0.0971,0.01134,1.17546,0.11207,-0.00124,0.24911,0.69187
1165,2295.6,12493270,838713,0.689,1.167,5769,10706,14354,0.01625523,0,0,0.0674,0.1248,0.4151,0.0817,0.01225,1.15376,0.12208,-0.00226,0.26997,0.65445
1166,2297.4,12503961,839396,0.666,1.163,5843,10691,14344,0.01625202,0,0,0.0664,0.1194,0.4124,0.0682,0.01052,1.15204,0.11942,-0.00194,0.26422,0.66142
1167,2299.4,12514607,840094,0.83,1.167,5330,10646,14289,0.01624881,0,0,0.0818,0.1789,0.4767,0.0925,0.01275,1.1537,0.10935,-0.00013,0.23991,0.64497
1168,2301.3,12525221,840797,0.675,1.164,5771,10614,14278,0.01624562,0,0,0.0667,0.1177,0.4165,0.0739,0.01147,1.15197,0.09972,-0.00119,0.22352,0.66814
1169,2303.1,12535905,841498,0.658,1.164,5865,10684,14310,0.01624243,0,0,0.0669,0.12,0.4072,0.0639,0.01123,1.15147,0.11275,-0.00202,0.25129,0.66938
1170,2304.9,12546568,842182,0.665,1.165,5827,10663,14285,0.01623923,0,0,0.0679,0.1279,0.4269,0.0422,0.01037,1.15378,0.12489,-0.00019,0.27181,0.66687
1171,2306.7,12557225,842876,0.621,1.162,5978,10657,14306,0.01623603,0,0,0.0601,0.1051,0.3986,0.0571,0.01139,1.14978,0.12224,-0.00427,0.27447,0.66029
1172,2308.5,12567923,843576,0.626,1.162,5984,10698,14365,0.01623283,0,0,0.0616,0.1068,0.3956,0.0617,0.01092,1.15046,0.11886,-0.00144,0.26192,0.65694
1173,2310.2,12578620,844272,0.57,1.16,6181,10697,14332,0.01622962,0,0,0.0571,0.1017,0.3826,0.0288,0.01105,1.14862,0.11929,-0.00055,0.26087,0.65216
1174,2312.0,12589287,844953,0.583,1.16,6119,10667,14311,0.01622641,0,0,0.0577,0.0978,0.3801,0.0474,0.0113,1.14803,0.11672,-0.00324,0.26077,0.64226
1175,2313.7,12599992,845659,0.578,1.16,6158,10705,14352,0.01622321,0,0,0.0555,0.0957,0.3755,0.0512,0.01055,1.14908,0.11724,-0.00062,0.25688,0.65247
1176,2315.4,12610679,846334,0.577,1.162,6144,10687,14324,0.01622,0,0,0.0571,0.0973,0.3767,0.0463,0.01042,1.15093,0.12722,-0.00201,0.27894,0.63098
1177,2317.1,12621368,847037,0.547,1.161,6260,10689,14333,0.0162168,0,0,0.0545,0.0947,0.3699,0.0279,0.01104,1.14885,0.12453,-0.00198,0.27411,0.64982
1178,2319.0,12632071,847733,0.642,1.201,5807,10703,14340,0.01621359,0,0,0.0641,0.1168,0.4103,0.051,0.01094,1.18909,0.12634,-0.00076,0.27524,0.64883
1179,2320.8,12642761,848438,0.635,1.203,5816,10690,14357,0.01621038,0,0,0.0652,0.1179,0.4066,0.0452,0.01145,1.191,0.13683,-0.00175,0.29777,0.63561
1180,2322.7,12653425,849133,0.637,1.199,5807,10664,14342,0.01620717,0,0,0.0621,0.1115,0.404,0.0595,0.0112,1.18731,0.1286,-0.00088,0.27923,0.62535
1181,2324.5,12664104,849846,0.653,1.199,5764,10679,14330,0.01620397,0,0,0.0613,0.1194,0.3926,0.08,0.011,1.18756,0.13499,-0.00133,0.29303,0.6288
1182,2326.3,12674801,850534,0.606,1.201,5921,10697,14354,0.01620077,0,0,0.0617,0.1062,0.3953,0.0427,0.01035,1.18962,0.14285,0.00061,0.30439,0.61502
1183,2328.3,12685469,851260,0.805,1.2,5321,10668,14331,0.01619756,0,0,0.0666,0.1586,0.4133,0.1668,0.01188,1.18688,0.13269,-0.00182,0.28962,0.63616
1184,2330.1,12696160,851956,0.595,1.199,5960,10691,14370,0.01619436,0,0,0.0575,0.1019,0.381,0.0544,0.01111,1.18711,0.13845,-0.00046,0.29721,0.59854
1185,2332.0,12706860,852666,0.695,1.2,5645,10700,14362,0.01619115,0,0,0.0653,0.1236,0.4148,0.0913,0.01123,1.18848,0.12493,-0.00248,0.275,0.62295
1186,2333.8,12717537,853377,0.589,1.182,6027,10677,14329,0.01618794,0,0,0.0601,0.1004,0.3847,0.0442,0.01096,1.1705,0.13093,-0.00054,0.28239,0.60061
1187,2335.5,12728231,854084,0.595,1.159,6094,10694,14391,0.01618474,0,0,0.0598,0.1018,0.3875,0.0463,0.01079,1.14801,0.13976,-0.00237,0.30401,0.60984
1188,2337.3,12738897,854799,0.603,1.166,6029,10666,14341,0.01618153,0,0,0.0575,0.0969,0.3738,0.0752,0.01123,1.15334,0.13873,-0.00078,0.29828,0.59532
1189,2339.1,12749558,855503,0.636,1.169,5907,10661,14324,0.01617833,0,0,0.0666,0.117,0.4138,0.0387,0.01181,1.15616,0.12698,-0.00256,0.27869,0.60623
1190,2340.9,12760258,856214,0.649,1.165,5899,10700,14375,0.01617513,0,0,0.0647,0.1147,0.4137,0.0561,0.01147,1.15242,0.133,-0.00198,0.28929,0.59775
1191,2342.8,12770878,856932,0.704,1.167,5676,10620,14266,0.01617192,0,0,0.066,0.1233,0.427,0.0879,0.01204,1.1541,0.13379,-0.00331,0.2942,0.61835
1192,2344.7,12781508,857664,0.729,1.166,5612,10630,14291,0.01616874,0,0,0.0657,0.1203,0.4219,0.1208,0.01184,1.153,0.11875,-0.00294,0.26439,0.64988
1193,2346.5,12792161,858372,0.669,1.165,5809,10653,14305,0.01616555,0,0,0.0668,0.1175,0.4101,0.0745,0.01124,1.15282,0.1141,-0.00335,0.25626,0.66068
1194,2348.4,12802821,859060,0.661,1.167,5833,10660,14312,0.01616235,0,0,0.0669,0.1249,0.4291,0.0398,0.01134,1.15438,0.1175,-0.00297,0.26371,0.70453
1195,2350.5,12813507,859735,0.931,1.19,5038,10686,14325,0.01615915,0,0,0.0997,0.1446,0.4995,0.1869,0.01215,1.1773,0.10967,-0.00181,0.24604,0.71459
1196,2352.4,12824239,860413,0.722,1.193,5606,10732,14387,0.01615595,0,0,0.0711,0.1333,0.4405,0.0767,0.01203,1.17975,0.11206,0.00146,0.245,0.7368
1197,2354.3,12834929,861091,0.707,1.192,5630,10690,14356,0.01615273,0,0,0.0687,0.1232,0.4322,0.0825,0.01202,1.17918,0.11467,-0.00168,0.25694,0.75006
1198,2356.2,12845696,861764,0.69,1.192,5722,10767,14418,0.01614952,0,0,0.0684,0.1273,0.4202,0.0736,0.01161,1.17959,0.10423,-0.00254,0.238,0.75766
1199,2358.0,12856474,862402,0.692,1.174,5778,10778,14446,0.01614629,0,0,0.0675,0.1266,0.4208,0.0767,0.01134,1.1616,0.09529,-0.00121,0.21819,0.78051
1200,2359.9,12867239,863076,0.696,1.166,5782,10765,14431,0.01614306,0,0,0.0673,0.1294,0.4282,0.0708,0.01112,1.15378,0.11421,-0.00474,0.26288,0.77379
1201,2362.1,12878007,863736,0.68,1.165,5836,10768,14421,0.01613983,0,0,0.0662,0.1298,0.4122,0.0723,0.01118,1.15279,0.11183,-0.00103,0.25074,0.77478
1202,2364.1,12888813,864374,0.652,1.166,5943,10806,14474,0.0161366,0,0,0.0654,0.1209,0.4075,0.0579,0.01222,1.15349,0.1041,-0.00271,0.23904,0.78732
1203,2365.9,12899518,865053,0.66,1.166,5861,10705,14398,0.01613336,0,0,0.0666,0.1209,0.4143,0.0585,0.01155,1.15381,0.10674,-0.00253,0.24358,0.77566
1204,2367.8,12910297,865707,0.742,1.164,5657,10779,14447,0.01613014,0,0,0.0722,0.1383,0.4342,0.0973,0.01121,1.15132,0.10558,-0.00214,0.24091,0.78922
1205,2369.7,12921001,866380,0.697,1.166,5744,10704,14367,0.01612691,0,0,0.0707,0.1317,0.42,0.0746,0.01169,1.15385,0.11551,-0.00177,0.25928,0.76657
1206,2371.5,12931808,867042,0.703,1.167,5781,10807,14501,0.0161237,0,0,0.0737,0.1365,0.441,0.0515,0.01198,1.15388,0.11479,-0.00245,0.25904,0.76164
1207,2373.4,12942564,867705,0.708,1.166,5738,10756,14437,0.01612046,0,0,0.0704,0.1335,0.4337,0.0706,0.01206,1.15333,0.09325,-0.00413,0.22002,0.78322
1208,2375.4,12953295,868390,0.769,1.167,5542,10731,14433,0.01611723,0,0,0.0773,0.1493,0.4395,0.103,0.01136,1.15488,0.0982,-0.00335,0.228,0.77255
1209,2377.2,12964038,869047,0.697,1.167,5764,10743,14421,0.01611401,0,0,0.0684,0.1273,0.4222,0.0794,0.01119,1.15474,0.10355,-0.00056,0.23427,0.80806
1210,2379.0,12974790,869711,0.637,1.163,5974,10752,14444,0.01611079,0,0,0.0642,0.1206,0.4115,0.0409,0.01102,1.1509,0.09979,-0.00234,0.23099,0.82982
1211,2380.8,12985534,870406,0.66,1.165,5889,10744,14426,0.01610756,0,0,0.0647,0.1188,0.4101,0.0663,0.01126,1.15234,0.1033,-0.00225,0.23683,0.79888
1212,2382.7,12996317,871082,0.661,1.246,5656,10783,14460,0.01610434,0,0,0.0651,0.1212,0.409,0.0654,0.01131,1.23321,0.10464,-0.0004,0.23587,0.80041
1213,2384.7,13007062,871761,0.667,1.247,5615,10745,14440,0.0161011,0,0,0.0716,0.1276,0.4234,0.0442,0.01152,1.23442,0.103,-0.00243,0.23641,0.79327
1214,2386.6,13017811,872448,0.696,1.25,5523,10749,14423,0.01609788,0,0,0.0694,0.1305,0.424,0.0722,0.0116,1.23756,0.1064,-0.00326,0.2442,0.77246
1215,2388.6,13028541,873147,0.72,1.252,5440,10730,14410,0.01609466,0,0,0.0719,0.1322,0.4314,0.0845,0.01187,1.23971,0.09714,-0.00287,0.22517,0.78183
1216,2390.7,13039297,873834,0.831,1.253,5162,10756,14445,0.01609144,0,0,0.0842,0.1698,0.4872,0.0896,0.01158,1.2404,0.10175,-0.00205,0.23275,0.78172
1217,2392.7,13050069,874543,0.775,1.253,5311,10772,14459,0.01608821,0,0,0.0797,0.1459,0.4603,0.0892,0.01256,1.23941,0.09759,-0.00233,0.22423,0.75804
1218,2394.7,13060837,875250,0.801,1.19,5409,10768,14440,0.01608498,0,0,0.0803,0.165,0.4779,0.0774,0.01304,1.17627,0.10812,-0.00392,0.24772,0.73491
1219,2396.5,13071551,875957,0.671,1.187,5766,10714,14375,0.01608175,0,0,0.067,0.129,0.4196,0.0554,0.01159,1.17443,0.10361,-0.00223,0.23507,0.7274
1220,2398.5,13082261,876681,0.736,1.187,5570,10710,14409,0.01607853,0,0,0.0722,0.1481,0.4421,0.0732,0.01125,1.17506,0.10416,-0.00161,0.2358,0.75443
1221,2400.4,13092949,877389,0.731,1.19,5566,10688,14356,0.01607532,0,0,0.0729,0.1387,0.4412,0.078,0.0118,1.17697,0.10564,-0.00281,0.2402,0.72444
1222,2402.3,13103669,878115,0.747,1.19,5535,10720,14422,0.01607212,0,0,0.0766,0.1548,0.4598,0.0558,0.01192,1.17699,0.09836,-0.00386,0.22799,0.73229
1223,2404.2,13114365,878843,0.698,1.19,5666,10696,14361,0.0160689,0,0,0.07,0.1316,0.4324,0.0642,0.01162,1.17711,0.10068,-0.00131,0.22776,0.73968
1224,2406.6,13125049,879571,0.788,1.168,5463,10684,14366,0.01606569,0,0,0.0725,0.1959,0.4532,0.0659,0.01134,1.15537,0.10184,-0.00286,0.23243,0.71643
1225,2408.6,13135794,880288,0.76,1.168,5572,10745,14412,0.01606249,0,0,0.0743,0.1536,0.4632,0.0687,0.01227,1.1552,0.11733,-0.00349,0.26475,0.71943
1226,2410.5,13146528,881017,0.775,1.171,5518,10734,14421,0.01605926,0,0,0.0761,0.1636,0.4661,0.0689,0.01394,1.15564,0.10374,-0.00026,0.2317,0.73722
1227,2412.4,13157222,881735,0.729,1.166,5642,10694,14377,0.01605604,0,0,0.0724,0.1362,0.4295,0.0913,0.01149,1.15364,0.10614,-0.00062,0.23698,0.73036
1228,2414.3,13167969,882470,0.694,1.166,5778,10747,14429,0.01605283,0,0,0.0732,0.1397,0.4361,0.045,0.01224,1.15293,0.09972,-0.00379,0.23062,0.73509
1229,2416.1,13178668,883200,0.664,1.163,5854,10699,14362,0.01604961,0,0,0.0678,0.1251,0.413,0.0584,0.01101,1.15161,0.10422,-0.00412,0.23921,0.70199
1230,2417.9,13189353,883917,0.665,1.168,5829,10685,14357,0.0160464,0,0,0.0673,0.122,0.4112,0.0648,0.01131,1.15549,0.09712,-0.003,0.22276,0.70143
1231,2419.7,13200010,884651,0.665,1.167,5816,10657,14322,0.01604319,0,0,0.0664,0.1236,0.425,0.0504,0.01162,1.1546,0.1089,-0.0019,0.24411,0.70151
1232,2421.6,13210702,885369,0.679,1.167,5791,10692,14377,0.01604,0,0,0.0682,0.1304,0.4192,0.061,0.01148,1.15499,0.0985,-0.0039,0.2273,0.70103
1233,2423.4,13221407,886089,0.669,1.166,5833,10705,14398,0.01603679,0,0,0.0665,0.1211,0.4167,0.0647,0.01146,1.15417,0.10686,-0.00307,0.24245,0.70415
1234,2425.2,13232059,886810,0.649,1.163,5878,10652,14305,0.01603358,0,0,0.0651,0.1169,0.415,0.052,0.01061,1.15206,0.12106,-0.00206,0.26799,0.67835
1235,2427.1,13242721,887539,0.666,1.166,5819,10662,14365,0.01603038,0,0,0.0717,0.13,0.4294,0.0349,0.01145,1.15419,0.10143,-0.00269,0.23025,0.68684
1236,2428.9,13253402,888261,0.681,1.166,5784,10681,14355,0.01602718,0,0,0.0651,0.1243,0.4141,0.0772,0.011,1.15401,0.12135,-0.00309,0.27107,0.69262
1237,2430.7,13264099,888988,0.645,1.167,5903,10697,14366,0.01602398,0,0,0.066,0.122,0.4176,0.0398,0.01154,1.154,0.12324,-0.00123,0.27074,0.68036
1238,2432.6,13274796,889701,0.738,1.166,5616,10697,14380,0.01602077,0,0,0.0734,0.146,0.4419,0.077,0.01187,1.15348,0.11044,-0.00231,0.24687,0.66738
1239,2434.5,13285453,890415,0.701,1.168,5702,10657,14337,0.01601756,0,0,0.0699,0.1383,0.4406,0.0526,0.01173,1.15494,0.12481,-0.00227,0.27519,0.65623
1240,2436.3,13296129,891138,0.674,1.164,5810,10676,14361,0.01601436,0,0,0.0699,0.1323,0.4209,0.0508,0.01111,1.15167,0.11296,-0.00055,0.24877,0.67879
1241,2438.2,13306766,891847,0.693,1.181,5675,10637,14331,0.01601116,0,0,0.0701,0.1326,0.4315,0.059,0.01096,1.16865,0.11562,-0.0018,0.25659,0.67906
1242,2440.1,13317432,892578,0.697,1.181,5678,10666,14353,0.01600797,0,0,0.0728,0.1376,0.4441,0.0426,0.01141,1.1687,0.11264,-0.00236,0.25143,0.66936
1243,2442.2,13328083,893298,0.9,1.179,5124,10651,14361,0.01600477,0,0,0.0837,0.1715,0.4702,0.1744,0.01163,1.16622,0.10533,-0.00181,0.23592,0.67623
1244,2444.2,13338779,894015,0.822,1.182,5337,10696,14386,0.01600158,0,0,0.0771,0.1605,0.4655,0.119,0.01259,1.16791,0.12166,-0.00258,0.27013,0.67636
1245,2446.2,13349501,894736,0.787,1.26,5238,10722,14400,0.01599837,0,0,0.0789,0.1614,0.4836,0.0631,0.01056,1.24844,0.1236,-0.00109,0.27057,0.66248
1246,2448.3,13360206,895451,0.799,1.289,5126,10705,14381,0.01599515,0,0,0.0832,0.1638,0.4869,0.0648,0.01211,1.27623,0.1205,-0.0017,0.26565,0.66449
1247,2450.4,13370904,896170,0.819,1.289,5076,10698,14370,0.01599194,0,0,0.0857,0.1608,0.5075,0.065,0.01308,1.27457,0.11965,-0.0021,0.26446,0.65571
1248,2452.6,13381617,896892,0.843,1.288,5028,10713,14370,0.01598873,0,0,0.0841,0.168,0.4937,0.0972,0.01234,1.27414,0.10682,-0.00245,0.23972,0.6625
1249,2454.5,13392307,897601,0.786,1.19,5410,10690,14384,0.01598551,0,0,0.0815,0.1538,0.4805,0.0698,0.01203,1.1771,0.11501,-0.00089,0.25316,0.66796
1250,2456.5,13403018,898313,0.765,1.19,5480,10711,14381,0.01598231,0,0,0.0821,0.1542,0.4743,0.0542,0.01234,1.17677,0.11861,-0.00306,0.26474,0.66951
1251,2458.4,13413718,899038,0.752,1.189,5514,10700,14374,0.01597909,0,0,0.0748,0.141,0.4574,0.0785,0.01256,1.17535,0.12524,0.00079,0.27027,0.66889
1252,2460.5,13424444,899735,0.736,1.189,5572,10726,14408,0.01597588,0,0,0.0742,0.1468,0.4526,0.0626,0.01136,1.17655,0.10113,-0.00259,0.22928,0.6837
1253,2462.5,13435134,900447,0.766,1.17,5521,10690,14369,0.01597267,0,0,0.0781,0.1564,0.4892,0.0425,0.01184,1.15725,0.11591,-0.00228,0.25805,0.6783
1254,2464.3,13445879,901149,0.727,1.164,5680,10745,14425,0.01596946,0,0,0.0733,0.1381,0.4422,0.0735,0.0117,1.15192,0.12179,-0.00392,0.2729,0.67242
1255,2466.2,13456587,901842,0.684,1.17,5775,10708,14393,0.01596624,0,0,0.0681,0.1205,0.4331,0.0626,0.01245,1.15616,0.11561,-0.00094,0.25398,0.65359
1256,2468.1,13467335,902552,0.68,1.168,5815,10748,14412,0.01596302,0,0,0.069,0.1318,0.4384,0.0411,0.0111,1.1557,0.12247,-0.0027,0.2714,0.65944
1257,2469.9,13478074,903251,0.717,1.167,5699,10739,14431,0.0159598,0,0,0.0722,0.1344,0.4484,0.0624,0.01089,1.15547,0.10389,-0.00454,0.23781,0.65663
1258,2471.9,13488828,903943,0.751,1.169,5600,10754,14440,0.01595658,0,0,0.0732,0.1444,0.4642,0.0691,0.01202,1.15652,0.09946,-0.00355,0.22701,0.6578
1259,2473.8,13499577,904647,0.766,1.169,5555,10749,14404,0.01595335,0,0,0.0748,0.1483,0.4622,0.0805,0.01199,1.15604,0.10866,-0.00305,0.24415,0.64975
1260,2475.8,13510285,905355,0.838,1.17,5334,10708,14395,0.01595013,0,0,0.0695,0.1457,0.4363,0.1863,0.01159,1.157,0.11188,-0.00162,0.24842,0.67161
1261,2477.7,13520991,906060,0.778,1.169,5498,10706,14384,0.01594691,0,0,0.0757,0.1563,0.4688,0.0773,0.01235,1.1561,0.12257,-0.00045,0.26693,0.65528
1262,2479.6,13531715,906775,0.718,1.166,5693,10724,14389,0.0159437,0,0,0.0744,0.1397,0.4449,0.0589,0.01165,1.15343,0.11367,-0.00338,0.25481,0.64937
1263,2481.5,13542440,907452,0.708,1.168,5717,10725,14397,0.01594049,0,0,0.07,0.1336,0.4336,0.0707,0.01154,1.15549,0.12449,-0.00328,0.27664,0.66155
1264,2483.4,13553121,908162,0.676,1.166,5799,10681,14356,0.01593727,0,0,0.0695,0.1305,0.4347,0.0409,0.0107,1.15478,0.12133,-0.00442,0.27207,0.64556
1265,2485.3,13563827,908856,0.73,1.168,5638,10706,14361,0.01593406,0,0,0.0719,0.1409,0.4409,0.0766,0.01214,1.15536,0.12018,-0.00402,0.26924,0.65441
1266,2487.1,13574503,909562,0.714,1.167,5675,10676,14351,0.01593085,0,0,0.0699,0.1426,0.4587,0.0427,0.0117,1.15438,0.10865,-0.00425,0.24685,0.66064
1267,2489.0,13585234,910282,0.739,1.17,5621,10731,14388,0.01592765,0,0,0.073,0.1385,0.4519,0.0752,0.01228,1.15638,0.1153,-0.00224,0.25621,0.66331
1268,2490.9,13595976,910968,0.701,1.167,5751,10742,14419,0.01592443,0,0,0.072,0.1382,0.4453,0.0457,0.01232,1.15342,0.11374,-0.00378,0.25661,0.67696
1269,2492.8,13606735,911683,0.709,1.167,5736,10759,14448,0.01592121,0,0,0.0684,0.1279,0.4364,0.0758,0.01169,1.15438,0.11261,-0.00471,0.25559,0.65753
1270,2494.7,13617478,912373,0.75,1.171,5594,10743,14441,0.01591798,0,0,0.0755,0.1515,0.4577,0.0651,0.01362,1.15596,0.11955,-0.0043,0.26855,0.65471
1271,2496.6,13628282,913080,0.74,1.168,5664,10804,14475,0.01591476,0,0,0.0737,0.1441,0.4572,0.0646,0.0118,1.15498,0.11913,-0.00223,0.26331,0.64753
1272,2498.6,13639067,913765,0.773,1.173,5544,10785,14450,0.01591152,0,0,0.0744,0.1518,0.456,0.0906,0.01256,1.1591,0.13275,-0.00443,0.29503,0.64921
1273,2500.4,13649851,914453,0.718,1.168,5718,10784,14456,0.01590828,0,0,0.0736,0.1449,0.4553,0.0444,0.01064,1.1562,0.1276,-0.00511,0.28714,0.68272
1274,2502.4,13660676,915131,0.735,1.176,5664,10825,14490,0.01590504,0,0,0.0754,0.1438,0.4391,0.0771,0.01144,1.16349,0.12654,-0.00399,0.28274,0.68152
1275,2504.2,13671468,915804,0.672,1.176,5842,10792,14477,0.0159018,0,0,0.0654,0.1208,0.4192,0.0664,0.01159,1.16332,0.12065,-0.00409,0.27152,0.69288
1276,2506.0,13682267,916485,0.625,1.174,6003,10799,14476,0.01589856,0,0,0.0637,0.1152,0.4117,0.0346,0.01106,1.16202,0.13027,-0.0038,0.28976,0.68004
1277,2507.8,13693088,917157,0.645,1.174,5947,10821,14479,0.01589532,0,0,0.0619,0.1094,0.4117,0.0625,0.01089,1.16232,0.12951,-0.00389,0.2885,0.68268
1278,2509.6,13703871,917838,0.601,1.197,5996,10783,14474,0.01589207,0,0,0.0612,0.1066,0.4003,0.0331,0.01101,1.18557,0.12079,-0.00528,0.27368,0.67755
1279,2511.5,13714674,918508,0.637,1.274,5653,10803,14492,0.01588884,0,0,0.0643,0.105,0.3986,0.0691,0.01119,1.2622,0.12758,-0.00428,0.28543,0.68335
1280,2513.4,13725468,919183,0.605,1.247,5829,10794,14444,0.0158856,0,0,0.0642,0.1079,0.3987,0.0341,0.01117,1.23508,0.12231,-0.00349,0.27288,0.67016
1281,2515.2,13736266,919852,0.596,1.183,6070,10798,14482,0.01588236,0,0,0.0588,0.1,0.3791,0.0585,0.01084,1.17111,0.11367,-0.00385,0.25682,0.68623
1282,2517.0,13747080,920527,0.613,1.185,6015,10814,14490,0.01587912,0,0,0.0611,0.0998,0.385,0.0666,0.01119,1.17335,0.11756,-0.00377,0.26456,0.68926
1283,2518.7,13757918,921192,0.587,1.162,6195,10838,14500,0.01587588,0,0,0.0605,0.103,0.3932,0.0308,0.01111,1.15016,0.12503,-0.0049,0.28149,0.68175
1284,2520.5,13768728,921861,0.583,1.16,6201,10810,14474,0.01587262,0,0,0.057,0.0968,0.3757,0.0534,0.01126,1.14843,0.12559,-0.00497,0.28264,0.67753
1285,2522.2,13779580,922533,0.585,1.163,6210,10852,14522,0.01586938,0,0,0.058,0.0984,0.3752,0.0532,0.01113,1.15088,0.11611,-0.00531,0.26431,0.67662
1286,2524.0,13790385,923206,0.597,1.163,6138,10805,14482,0.01586613,0,0,0.0572,0.097,0.3783,0.0648,0.0113,1.15131,0.12767,-0.0012,0.27852,0.65488
1287,2525.7,13801235,923888,0.55,1.163,6335,10850,14517,0.01586288,0,0,0.0581,0.0939,0.3667,0.0309,0.01076,1.15151,0.12558,-0.00503,0.28224,0.66243
1288,2527.6,13812070,924562,0.709,1.166,5780,10835,14509,0.01585963,0,0,0.0686,0.1275,0.4345,0.078,0.01101,1.15403,0.11243,-0.00503,0.25612,0.66894
1289,2529.4,13822915,925244,0.661,1.164,5942,10845,14509,0.01585638,0,0,0.0637,0.1186,0.4112,0.0673,0.01181,1.15181,0.11364,-0.00619,0.26166,0.69366
1290,2531.2,13833714,925912,0.659,1.166,5917,10799,14467,0.01585313,0,0,0.0706,0.1258,0.4243,0.0387,0.01159,1.15324,0.11266,-0.00425,0.25577,0.69227
1291,2533.0,13844573,926586,0.634,1.167,6032,10859,14529,0.01584989,0,0,0.0614,0.1103,0.4002,0.0619,0.01128,1.15443,0.1157,-0.00575,0.26507,0.69968
1292,2534.8,13855451,927268,0.613,1.166,6116,10878,14546,0.01584663,0,0,0.0634,0.1104,0.4048,0.0342,0.01045,1.15453,0.11612,-0.00324,0.26045,0.68583
1293,2536.6,13866252,927927,0.658,1.162,5935,10801,14477,0.01584336,0,0,0.0651,0.1189,0.4157,0.0585,0.0108,1.15031,0.11293,-0.00175,0.25126,0.6911
1294,2538.4,13877066,928614,0.606,1.163,6114,10814,14493,0.01584012,0,0,0.0596,0.1025,0.3847,0.0593,0.01116,1.15046,0.11589,-0.00457,0.26247,0.68023
1295,2540.1,13887925,929304,0.572,1.161,6264,10859,14555,0.01583688,0,0,0.0574,0.1007,0.3828,0.0312,0.01045,1.15008,0.10931,-0.00321,0.24645,0.67584
1296,2541.9,13898775,929973,0.565,1.179,6223,10850,14530,0.01583362,0,0,0.0534,0.092,0.3685,0.0511,0.01136,1.1666,0.1038,-0.00272,0.2351,0.69649
1297,2543.6,13909602,930651,0.552,1.215,6126,10827,14503,0.01583037,0,0,0.0561,0.0977,0.3668,0.0315,0.01128,1.20327,0.1202,-0.00301,0.26787,0.6779
1298,2545.4,13920454,931329,0.601,1.206,6004,10852,14512,0.01582712,0,0,0.0577,0.0996,0.3837,0.0604,0.01134,1.19385,0.12699,-0.00042,0.27589,0.66553
1299,2547.2,13931304,931983,0.585,1.205,6065,10850,14512,0.01582386,0,0,0.0613,0.1051,0.3851,0.033,0.01065,1.19318,0.11854,0.00038,0.25813,0.68899
1300,2549.0,13942164,932658,0.6,1.206,6013,10860,14546,0.01582061,0,0,0.0593,0.1025,0.3776,0.0602,0.01185,1.19382,0.12224,-0.00316,0.27282,0.69552
1301,2550.8,13953004,933331,0.581,1.162,6219,10840,14506,0.01581735,0,0,0.0593,0.1048,0.3852,0.0322,0.01067,1.15024,0.11918,-0.0008,0.26115,0.66972
1302,2552.6,13963856,934017,0.588,1.162,6202,10852,14531,0.0158141,0,0,0.0568,0.0997,0.3732,0.0581,0.01143,1.14961,0.12713,0.00042,0.27405,0.65267
1303,2554.4,13974730,934696,0.587,1.162,6215,10874,14516,0.01581084,0,0,0.0574,0.0973,0.3754,0.0572,0.01132,1.15022,0.12282,-0.0028,0.27186,0.65242
1304,2556.2,13985651,935398,0.7,1.161,5868,10921,14583,0.01580758,0,0,0.0551,0.0973,0.3707,0.177,0.01073,1.14974,0.12469,-0.00393,0.27759,0.6435
1305,2558.0,13996529,936108,0.595,1.162,6190,10878,14545,0.0158043,0,0,0.0545,0.094,0.3646,0.0821,0.01023,1.15112,0.11558,-0.00444,0.26116,0.66847
1306,2559.7,14007419,936802,0.57,1.161,6291,10890,14558,0.01580104,0,0,0.0569,0.0961,0.3719,0.0447,0.01126,1.14955,0.12858,-0.00332,0.28497,0.66998
1307,2561.5,14018337,937494,0.578,1.161,6278,10918,14585,0.01579777,0,0,0.0568,0.0964,0.3683,0.0561,0.01074,1.14985,0.13344,-0.00375,0.29579,0.67697
1308,2563.2,14029209,938216,0.586,1.165,6210,10872,14540,0.0157945,0,0,0.0591,0.0987,0.3833,0.0449,0.01094,1.15307,0.11115,-0.00213,0.24767,0.66828
1309,2565.1,14040093,938904,0.673,1.167,5916,10884,14535,0.01579124,0,0,0.0656,0.1213,0.4113,0.0747,0.01152,1.15461,0.10773,-0.00311,0.2428,0.66861
1310,2566.9,14050960,939609,0.644,1.168,6000,10867,14531,0.01578797,0,0,0.0681,0.12,0.4146,0.0411,0.01248,1.15415,0.12011,-0.00414,0.2691,0.65243
1311,2568.7,14061863,940319,0.681,1.165,5905,10903,14575,0.01578471,0,0,0.0665,0.1221,0.4222,0.0701,0.01124,1.15341,0.11955,-0.00305,0.26599,0.65829
1312,2570.6,14072750,941011,0.714,1.167,5786,10887,14564,0.01578144,0,0,0.0722,0.1372,0.4387,0.0663,0.01205,1.15452,0.12098,-0.00216,0.26774,0.68015
1313,2572.5,14083634,941699,0.683,1.168,5880,10884,14540,0.01577817,0,0,0.0656,0.1264,0.4234,0.0678,0.01204,1.15471,0.13788,-0.00331,0.30427,0.69389
1314,2574.4,14094478,942402,0.694,1.2,5726,10844,14530,0.01577491,0,0,0.0709,0.1348,0.4479,0.0402,0.01106,1.18796,0.12237,-0.0039,0.27388,0.67647
1315,2576.3,14105339,943095,0.711,1.21,5654,10861,14513,0.01577166,0,0,0.0691,0.1314,0.4357,0.0746,0.0117,1.19766,0.11866,-0.00244,0.26355,0.67631
1316,2578.2,14116204,943798,0.686,1.208,5735,10865,14535,0.0157684,0,0,0.0717,0.131,0.432,0.0515,0.01151,1.19604,0.11993,-0.00281,0.26653,0.668
1317,2580.0,14127081,944509,0.634,1.208,5903,10877,14533,0.01576514,0,0,0.065,0.1164,0.4145,0.0386,0.01158,1.19594,0.12427,-0.00512,0.27948,0.65698
1318,2581.9,14137975,945193,0.685,1.209,5753,10894,14551,0.01576188,0,0,0.0697,0.1276,0.4271,0.0608,0.01213,1.19574,0.11846,-0.00567,0.26938,0.66979
1319,2583.8,14148896,945902,0.657,1.209,5853,10921,14589,0.01575861,0,0,0.067,0.1177,0.4111,0.0616,0.01121,1.19666,0.11932,-0.00183,0.26302,0.65796
1320,2585.7,14159760,946613,0.719,1.201,5657,10864,14534,0.01575533,0,0,0.0742,0.1261,0.4269,0.0921,0.01205,1.18825,0.11869,-0.00339,0.26518,0.66679
1321,2587.6,14170619,947306,0.707,1.188,5729,10859,14519,0.01575207,0,0,0.0734,0.1392,0.434,0.0606,0.01126,1.17605,0.11641,-0.00105,0.25572,0.66023
1322,2589.5,14181511,948012,0.71,1.187,5744,10892,14564,0.01574881,0,0,0.0756,0.137,0.4438,0.0533,0.01133,1.17436,0.13707,-0.00409,0.30303,0.65802
1323,2591.4,14192414,948711,0.747,1.165,5704,10903,14571,0.01574555,0,0,0.0767,0.149,0.4465,0.0747,0.01013,1.15341,0.11727,-0.00183,0.2597,0.68245
1324,2593.3,14203296,949401,0.769,1.169,5614,10882,14553,0.01574228,0,0,0.0765,0.154,0.4492,0.0895,0.01206,1.15615,0.11962,-0.00614,0.2723,0.66027
1325,2595.2,14214199,950076,0.735,1.167,5734,10903,14562,0.01573901,0,0,0.0726,0.1434,0.433,0.0857,0.01106,1.1548,0.11277,-0.00581,0.25797,0.66097
1326,2597.2,14225067,950787,0.777,1.168,5588,10868,14519,0.01573574,0,0,0.0753,0.151,0.4681,0.0825,0.01265,1.15413,0.10745,-0.00647,0.24931,0.68249
1327,2599.2,14235953,951472,0.816,1.167,5489,10886,14543,0.01573248,0,0,0.0783,0.1591,0.4779,0.1008,0.01126,1.155,0.10804,-0.0047,0.24716,0.68884
1328,2601.0,14246866,952176,0.697,1.165,5859,10913,14598,0.01572921,0,0,0.0722,0.1427,0.4325,0.0499,0.01077,1.15337,0.11887,-0.00474,0.26826,0.66879
1329,2602.9,14257744,952874,0.658,1.165,5969,10878,14553,0.01572594,0,0,0.0659,0.1209,0.4181,0.0531,0.01097,1.15263,0.10504,-0.00378,0.23881,0.67276
1330,2604.7,14268616,953571,0.66,1.165,5957,10872,14531,0.01572268,0,0,0.0662,0.1194,0.4162,0.0581,0.01139,1.15323,0.10818,-0.00577,0.24916,0.67578
1331,2606.5,14279441,954287,0.618,1.184,6007,10825,14507,0.01571942,0,0,0.0632,0.1116,0.4119,0.0314,0.01077,1.17209,0.11626,-0.00385,0.2609,0.6579
1332,2608.4,14290303,955021,0.697,1.187,5766,10862,14545,0.01571617,0,0,0.0677,0.1244,0.42,0.0853,0.01165,1.17391,0.10855,-0.00288,0.24389,0.66899
1333,2610.2,14301154,955714,0.666,1.185,5865,10851,14509,0.01571291,0,0,0.0642,0.1113,0.4021,0.0881,0.01088,1.17299,0.11203,-0.00868,0.2628,0.68011
1334,2612.0,14311927,956417,0.643,1.184,5894,10773,14449,0.01570965,0,0,0.0634,0.1091,0.3984,0.0726,0.01095,1.17264,0.12297,-0.00511,0.27773,0.68615
1335,2613.9,14322681,957126,0.641,1.177,5916,10754,14416,0.01570642,0,0,0.0659,0.1185,0.4143,0.042,0.01085,1.16521,0.12235,-0.00434,0.27471,0.67876
1336,2615.7,14333518,957830,0.653,1.165,5960,10837,14503,0.0157032,0,0,0.0633,0.1114,0.4057,0.0727,0.01176,1.15275,0.1241,-0.00497,0.27935,0.67565
1337,2617.5,14344320,958558,0.647,1.173,5934,10802,14467,0.01569994,0,0,0.0708,0.1239,0.4181,0.0341,0.01826,1.15412,0.11755,-0.00612,0.26929,0.69856
1338,2619.4,14355082,959268,0.733,1.163,5678,10762,14430,0.0156967,0,0,0.0727,0.1391,0.4453,0.0755,0.01023,1.15154,0.11607,-0.00716,0.26876,0.71027
1339,2621.4,14365839,959993,0.81,1.167,5443,10757,14427,0.01569348,0,0,0.0803,0.1737,0.4703,0.0853,0.01219,1.15358,0.11816,-0.00589,0.27025,0.70579
1340,2623.4,14376593,960713,0.808,1.169,5440,10754,14430,0.01569025,0,0,0.0766,0.1617,0.4665,0.1032,0.01237,1.15501,0.11865,-0.00596,0.27139,0.70637
1341,2625.3,14387348,961434,0.781,1.168,5519,10755,14394,0.01568702,0,0,0.0771,0.162,0.4735,0.0681,0.01171,1.15519,0.12787,-0.00311,0.28431,0.71203
1342,2627.2,14398119,962145,0.764,1.166,5582,10771,14448,0.0156838,0,0,0.0763,0.144,0.4474,0.0961,0.01159,1.15354,0.12059,-0.00696,0.27773,0.72142
1343,2629.2,14408901,962884,0.823,1.166,5420,10782,14485,0.01568056,0,0,0.0822,0.1592,0.4734,0.1085,0.01144,1.15346,0.12045,-0.00274,0.27003,0.75389
1344,2631.1,14419657,963608,0.736,1.162,5667,10756,14439,0.01567733,0,0,0.0725,0.1382,0.4368,0.0885,0.01007,1.1512,0.11812,-0.00437,0.26842,0.74698
1345,2633.0,14430457,964322,0.671,1.167,5876,10800,14480,0.0156741,0,0,0.0654,0.1177,0.413,0.0753,0.01101,1.15455,0.11811,-0.00625,0.27262,0.76226
1346,2634.8,14441251,965031,0.65,1.166,5945,10794,14473,0.01567086,0,0,0.0695,0.1259,0.4181,0.0364,0.01122,1.15382,0.12321,-0.00693,0.28372,0.74782
1347,2636.7,14452050,965745,0.723,1.163,5725,10799,14477,0.01566762,0,0,0.07,0.1358,0.441,0.0766,0.01025,1.15187,0.13393,-0.00618,0.30396,0.75773
1348,2638.6,14462835,966454,0.693,1.216,5648,10785,14470,0.01566438,0,0,0.071,0.1307,0.4302,0.0612,0.01074,1.20459,0.14039,-0.00293,0.30999,0.74501
1349,2640.6,14473662,967180,0.796,1.221,5370,10827,14505,0.01566115,0,0,0.0832,0.1673,0.4717,0.0735,0.01201,1.2076,0.13848,-0.00242,0.30518,0.74668
1350,2642.6,14484509,967894,0.744,1.222,5516,10847,14537,0.0156579,0,0,0.0787,0.1593,0.4575,0.0488,0.01193,1.2089,0.12784,-0.00612,0.29169,0.75873
1351,2644.7,14495403,968602,0.88,1.222,5184,10894,14567,0.01565465,0,0,0.0864,0.1789,0.5238,0.0907,0.01244,1.20838,0.12868,-0.00576,0.29267,0.75973
1352,2646.9,14506268,969338,0.856,1.223,5224,10865,14532,0.01565138,0,0,0.0839,0.1738,0.4918,0.107,0.0142,1.20801,0.1285,-0.00589,0.29294,0.77143
1353,2648.9,14517139,970043,0.784,1.189,5512,10871,14536,0.01564812,0,0,0.0801,0.1677,0.4912,0.0447,0.01157,1.17616,0.12697,-0.00927,0.29724,0.79057
1354,2650.9,14528033,970768,0.78,1.19,5530,10894,14581,0.01564486,0,0,0.0793,0.1557,0.4633,0.0815,0.01169,1.17779,0.13535,-0.00585,0.30712,0.7897
1355,2652.8,14538908,971474,0.739,1.19,5638,10875,14565,0.01564159,0,0,0.0767,0.1521,0.4646,0.0455,0.01403,1.17489,0.12754,-0.00817,0.29621,0.7927
1356,2654.7,14549810,972200,0.713,1.162,5813,10902,14582,0.01563833,0,0,0.0694,0.1334,0.4341,0.0761,0.01144,1.14998,0.13302,-0.00568,0.30211,0.7899
1357,2656.7,14560669,972916,0.794,1.172,5525,10859,14508,0.01563506,0,0,0.0764,0.1608,0.4645,0.0922,0.01618,1.15479,0.13282,-0.00587,0.30167,0.77699
1358,2658.5,14571573,973635,0.692,1.167,5864,10904,14561,0.0156318,0,0,0.0722,0.1328,0.4433,0.0442,0.01196,1.15437,0.13779,-0.00712,0.31513,0.80993
1359,2660.4,14582422,974351,0.73,1.167,5720,10849,14536,0.01562853,0,0,0.0722,0.1347,0.4404,0.0828,0.01226,1.15315,0.12814,-0.00818,0.29776,0.80391
1360,2662.3,14593283,975071,0.736,1.166,5711,10861,14510,0.01562527,0,0,0.0722,0.1306,0.4416,0.0916,0.01214,1.15272,0.13001,-0.00768,0.3006,0.80697
1361,2664.1,14604172,975794,0.651,1.163,6001,10889,14553,0.01562202,0,0,0.0636,0.1139,0.3981,0.0753,0.01125,1.15133,0.14227,-0.0065,0.32231,0.79278
1362,2665.9,14615036,976529,0.622,1.161,6093,10864,14527,0.01561875,0,0,0.0629,0.1084,0.3965,0.054,0.01102,1.14953,0.12558,-0.00956,0.29514,0.79563
1363,2667.8,14625924,977246,0.692,1.166,5858,10888,14552,0.01561549,0,0,0.0671,0.1283,0.4314,0.0655,0.01287,1.15229,0.1336,-0.00586,0.30319,0.77716
1364,2669.6,14636768,977958,0.652,1.165,5969,10844,14519,0.01561222,0,0,0.0642,0.1161,0.4189,0.0525,0.01035,1.1539,0.12978,-0.00495,0.29397,0.78562
1365,2671.4,14647639,978687,0.65,1.181,5938,10871,14536,0.01560897,0,0,0.0644,0.1126,0.4061,0.0667,0.01162,1.16853,0.12244,-0.00644,0.2819,0.77358
1366,2673.3,14658452,979427,0.696,1.182,5758,10813,14498,0.01560571,0,0,0.0673,0.1251,0.4306,0.073,0.0132,1.16776,0.12107,-0.0081,0.28305,0.79186
1367,2675.1,14669273,980153,0.667,1.182,5854,10821,14508,0.01560246,0,0,0.0725,0.1196,0.4046,0.07,0.01173,1.16895,0.12225,-0.00749,0.28346,0.76852
1368,2677.0,14680104,980898,0.714,1.181,5714,10831,14485,0.01559922,0,0,0.0651,0.1177,0.4099,0.1217,0.01129,1.16881,0.13781,-0.00397,0.30724,0.75858
1369,2678.9,14690942,981636,0.734,1.165,5708,10838,14490,0.01559597,0,0,0.0694,0.127,0.4229,0.1146,0.01213,1.15213,0.14643,-0.00386,0.32424,0.7582
1370,2680.8,14701784,982387,0.652,1.166,5963,10842,14504,0.01559272,0,0,0.068,0.1222,0.4227,0.0391,0.01139,1.15411,0.11707,-0.0066,0.27129,0.76826
1371,2682.6,14712628,983150,0.708,1.164,5793,10844,14514,0.01558946,0,0,0.0687,0.1304,0.4362,0.0722,0.01112,1.15251,0.12048,-0.00725,0.27938,0.76719
1372,2684.5,14723444,983894,0.677,1.168,5862,10816,14482,0.01558621,0,0,0.0652,0.1164,0.4301,0.0658,0.01375,1.15328,0.12949,-0.00642,0.29674,0.79911
1373,2686.3,14734252,984651,0.649,1.166,5955,10808,14457,0.01558297,0,0,0.0659,0.1145,0.4285,0.0398,0.01116,1.15423,0.13135,-0.00619,0.29977,0.79247
1374,2688.2,14745096,985406,0.734,1.168,5704,10844,14519,0.01557972,0,0,0.0711,0.1389,0.4377,0.086,0.01232,1.15418,0.12843,-0.00724,0.29566,0.78033
1375,2690.0,14755930,986154,0.671,1.167,5894,10834,14482,0.01557647,0,0,0.0695,0.1317,0.4298,0.0399,0.01232,1.15404,0.12032,-0.00522,0.27493,0.76558
1376,2691.9,14766751,986924,0.712,1.166,5761,10821,14492,0.01557322,0,0,0.068,0.1164,0.4254,0.102,0.01079,1.15466,0.13466,-0.00377,0.30032,0.75258
1377,2693.9,14777583,987672,0.771,1.168,5588,10832,14524,0.01556997,0,0,0.0731,0.1441,0.4542,0.0992,0.01249,1.15428,0.12575,-0.00574,0.28782,0.79761
1378,2695.7,14788473,988424,0.697,1.165,5848,10890,14559,0.01556673,0,0,0.0688,0.1275,0.4337,0.067,0.01268,1.15131,0.13497,-0.00467,0.30379,0.78772
1379,2697.5,14799321,989187,0.669,1.164,5917,10848,14520,0.01556346,0,0,0.0678,0.1231,0.4326,0.0454,0.01126,1.15181,0.11796,-0.00573,0.27219,0.79691
1380,2699.4,14810151,989944,0.728,1.167,5717,10830,14492,0.0155602,0,0,0.0714,0.1352,0.4557,0.0652,0.0118,1.15385,0.13105,-0.00606,0.29904,0.79762
1381,2701.3,14820991,990682,0.693,1.167,5829,10840,14501,0.01555695,0,0,0.071,0.1348,0.44,0.0469,0.01284,1.15324,0.11487,-0.00653,0.26744,0.79205
1382,2703.3,14831872,991435,0.763,1.243,5425,10881,14553,0.0155537,0,0,0.0737,0.1397,0.4543,0.0949,0.0125,1.22955,0.11831,-0.00591,0.27295,0.78819
1383,2705.3,14842697,992188,0.729,1.243,5489,10825,14489,0.01555044,0,0,0.076,0.1445,0.4644,0.0444,0.0116,1.23026,0.12411,-0.00681,0.28655,0.79437
1384,2707.3,14853502,992938,0.727,1.244,5482,10805,14470,0.01554719,0,0,0.0725,0.1319,0.4368,0.0857,0.0139,1.22901,0.13287,-0.00678,0.30398,0.79365
1385,2709.2,14864234,993681,0.743,1.242,5406,10732,14385,0.01554395,0,0,0.0699,0.1375,0.4495,0.0862,0.01251,1.22867,0.11783,-0.00505,0.27047,0.79494
1386,2711.2,14875029,994424,0.798,1.198,5406,10795,14459,0.01554073,0,0,0.0779,0.1599,0.4725,0.088,0.01128,1.18626,0.12318,-0.00509,0.28124,0.79488
1387,2713.2,14885805,995190,0.757,1.201,5504,10776,14456,0.01553749,0,0,0.0792,0.1545,0.467,0.0564,0.01321,1.18624,0.11911,-0.00793,0.27899,0.80228
1388,2715.2,14896589,995958,0.777,1.199,5457,10784,14449,0.01553426,0,0,0.0758,0.152,0.4635,0.0855,0.01146,1.18658,0.10948,-0.00746,0.25882,0.8025
1389,2717.1,14907292,996701,0.778,1.199,5413,10703,14368,0.01553102,0,0,0.0751,0.1471,0.4623,0.094,0.01242,1.18562,0.12039,-0.00609,0.27781,0.80042
1390,2719.2,14918012,997454,0.824,1.202,5291,10720,14387,0.01552781,0,0,0.0842,0.1691,0.4713,0.0997,0.01499,1.1858,0.11441,-0.00676,0.26747,0.80925
1391,2721.2,14928722,998216,0.784,1.196,5409,10710,14370,0.0155246,0,0,0.0763,0.1516,0.4649,0.0907,0.01213,1.18334,0.12205,-0.00547,0.27942,0.78536
1392,2723.2,14939503,998990,0.809,1.196,5377,10781,14439,0.01552138,0,0,0.0792,0.1721,0.4751,0.0823,0.01215,1.18326,0.11414,-0.00605,0.26436,0.77227
1393,2725.1,14950252,999742,0.747,1.201,5519,10749,14416,0.01551815,0,0,0.0716,0.1413,0.4502,0.0842,0.01477,1.18474,0.12251,-0.00643,0.28159,0.76354
1394,2727.1,14960984,1000509,0.773,1.199,5443,10732,14384,0.01551492,0,0,0.0702,0.1319,0.4422,0.1284,0.01226,1.18576,0.11746,-0.00496,0.26854,0.76338
1395,2729.0,14971714,1001262,0.736,1.196,5553,10730,14396,0.0155117,0,0,0.0688,0.1322,0.4451,0.0903,0.01183,1.1832,0.11626,-0.00625,0.26869,0.76274
1396,2730.9,14982477,1002025,0.666,1.201,5763,10763,14439,0.01550849,0,0,0.0684,0.1242,0.4339,0.0398,0.01441,1.18589,0.11483,-0.00515,0.26365,0.76389
1397,2732.8,14993195,1002784,0.715,1.198,5602,10718,14383,0.01550526,0,0,0.0664,0.1284,0.4438,0.0762,0.0114,1.18603,0.13325,-0.00371,0.29749,0.75993
1398,2734.7,15003920,1003550,0.659,1.199,5773,10725,14390,0.01550204,0,0,0.066,0.1155,0.4119,0.0651,0.01126,1.18713,0.12349,-0.00835,0.28763,0.77225
1399,2736.5,15014626,1004310,0.623,1.2,5872,10706,14374,0.01549882,0,0,0.0649,0.1106,0.4027,0.0448,0.01339,1.18602,0.13446,-0.00416,0.30142,0.77999
1400,2738.2,15025375,1005080,0.558,1.194,6135,10749,14405,0.01549561,0,0,0.0488,0.0863,0.3646,0.0582,0.01024,1.18281,0.12572,-0.00657,0.28889,0.78439
1401,2740.3,15036098,1005836,0.558,1.196,6113,10723,14386,0.01549239,0,0,0.0493,0.0907,0.3595,0.0584,0.01104,1.18458,0.13381,-0.00433,0.30067,0.78737
1402,2742.1,15046845,1006619,0.556,1.177,6201,10747,14401,0.01548917,0,0,0.0475,0.0842,0.3665,0.058,0.01078,1.16549,0.12941,-0.00381,0.29087,0.78857
1403,2743.8,15057508,1007387,0.515,1.16,6365,10663,14296,0.01548595,0,0,0.0475,0.0834,0.3553,0.0293,0.01059,1.14846,0.14472,-0.00481,0.32368,0.79505
1404,2745.5,15068248,1008157,0.538,1.16,6325,10740,14431,0.01548275,0,0,0.0468,0.0828,0.3534,0.0546,0.01087,1.14879,0.13434,-0.00619,0.30535,0.78412
1405,2747.2,15078937,1008926,0.509,1.157,6415,10689,14332,0.01547953,0,0,0.0461,0.0822,0.3534,0.0273,0.01028,1.14635,0.13179,-0.00527,0.29872,0.79443
1406,2748.9,15089616,1009688,0.544,1.16,6265,10679,14339,0.01547632,0,0,0.0483,0.084,0.3541,0.0577,0.0109,1.14879,0.13167,-0.00736,0.30293,0.80379
1407,2750.6,15100319,1010457,0.544,1.16,6282,10703,14358,0.01547312,0,0,0.0513,0.0909,0.3617,0.0405,0.01171,1.14718,0.13992,-0.0066,0.31784,0.80132
1408,2752.2,15111010,1011234,0.524,1.159,6355,10691,14345,0.0154699,0,0,0.0469,0.0942,0.3502,0.0325,0.01086,1.14705,0.12973,-0.00589,0.29597,0.79906
1409,2753.9,15121658,1012013,0.529,1.162,6300,10648,14311,0.0154667,0,0,0.0475,0.0849,0.3453,0.0511,0.01076,1.15015,0.12562,-0.00556,0.28726,0.80491
1410,2755.6,15132338,1012761,0.504,1.161,6416,10680,14332,0.0154635,0,0,0.0461,0.0824,0.3474,0.0277,0.01118,1.14906,0.13925,-0.00447,0.31225,0.80234
1411,2757.3,15143033,1013528,0.528,1.158,6342,10695,14371,0.0154603,0,0,0.0458,0.0817,0.349,0.0517,0.01081,1.14661,0.12929,-0.00796,0.29891,0.78939
1412,2759.0,15153688,1014307,0.53,1.16,6302,10655,14323,0.01545709,0,0,0.0475,0.0838,0.3529,0.0463,0.01037,1.14913,0.12473,-0.00649,0.28751,0.81054
1413,2760.7,15164373,1015064,0.524,1.16,6344,10685,14348,0.01545389,0,0,0.0523,0.0875,0.3575,0.0271,0.0105,1.14886,0.12843,-0.00501,0.29158,0.7996
1414,2762.4,15175006,1015842,0.556,1.162,6191,10633,14277,0.01545069,0,0,0.0509,0.0882,0.3605,0.0564,0.01135,1.14945,0.12665,-0.00624,0.28985,0.77881
1415,2764.1,15185683,1016601,0.522,1.159,6353,10677,14320,0.0154475,0,0,0.0481,0.0844,0.3518,0.0376,0.01043,1.1476,0.11479,-0.00834,0.27132,0.81102
1416,2765.8,15196337,1017354,0.551,1.174,6175,10654,14303,0.0154443,0,0,0.0476,0.0856,0.3554,0.0625,0.01109,1.1624,0.13121,-0.00645,0.29965,0.78764
1417,2767.6,15206961,1018122,0.592,1.242,5793,10624,14311,0.0154411,0,0,0.0583,0.0975,0.389,0.0467,0.01117,1.23023,0.12665,-0.00572,0.28916,0.79101
1418,2769.5,15217593,1018884,0.67,1.247,5548,10632,14287,0.01543791,0,0,0.0694,0.1235,0.4366,0.0401,0.01205,1.23385,0.14049,-0.00633,0.31823,0.79607
1419,2771.6,15228222,1019644,0.826,1.245,5133,10629,14279,0.01543472,0,0,0.0712,0.131,0.4466,0.1769,0.01186,1.23199,0.1375,-0.00515,0.30901,0.76797
1420,2773.5,15238870,1020409,0.66,1.188,5760,10648,14328,0.01543153,0,0,0.0658,0.1173,0.4138,0.0633,0.01303,1.17453,0.13968,0.00073,0.30194,0.77925
1421,2775.3,15249521,1021172,0.684,1.198,5660,10651,14308,0.01542834,0,0,0.0697,0.1337,0.4418,0.0392,0.01143,1.18511,0.13168,-0.00547,0.29829,0.77718
1422,2777.3,15260161,1021950,0.71,1.202,5567,10640,14311,0.01542514,0,0,0.0738,0.135,0.4405,0.0603,0.01188,1.1889,0.12983,-0.00669,0.29688,0.77255
1423,2779.1,15270815,1022723,0.685,1.198,5660,10654,14318,0.01542195,0,0,0.0737,0.132,0.4374,0.0413,0.01171,1.18514,0.13334,-0.00532,0.30154,0.78554
1424,2781.1,15281442,1023483,0.732,1.197,5510,10627,14302,0.01541876,0,0,0.0733,0.131,0.4415,0.0858,0.01117,1.18518,0.13037,-0.00582,0.29703,0.79918
1425,2783.0,15292129,1024257,0.72,1.165,5670,10687,14328,0.01541557,0,0,0.0761,0.145,0.4485,0.0507,0.01052,1.15314,0.12987,-0.00682,0.29785,0.79303
1426,2784.9,15302794,1025043,0.773,1.167,5496,10665,14329,0.01541236,0,0,0.0765,0.151,0.4651,0.0805,0.01245,1.15425,0.1312,-0.00725,0.30114,0.78628
1427,2786.8,15313424,1025818,0.771,1.165,5491,10630,14275,0.01540916,0,0,0.0753,0.1481,0.4578,0.0902,0.01145,1.15245,0.1202,-0.0085,0.28159,0.78495
1428,2788.7,15324033,1026562,0.675,1.165,5767,10609,14265,0.01540597,0,0,0.0676,0.1307,0.4369,0.0396,0.01184,1.15224,0.12733,-0.0058,0.29052,0.78717
1429,2790.5,15334671,1027325,0.654,1.165,5846,10638,14303,0.01540279,0,0,0.0645,0.1156,0.4149,0.0594,0.01014,1.15452,0.12942,-0.00636,0.29489,0.75766
1430,2792.5,15345342,1028095,0.84,1.166,5320,10671,14319,0.0153996,0,0,0.0792,0.178,0.5032,0.0792,0.01175,1.15358,0.12198,-0.00823,0.28379,0.75849
1431,2794.3,15355960,1028869,0.64,1.166,5878,10618,14272,0.0153964,0,0,0.0634,0.1125,0.4073,0.0572,0.01147,1.15362,0.12005,-0.00632,0.27556,0.74125
1432,2796.2,15366635,1029626,0.7,1.166,5721,10675,14343,0.01539321,0,0,0.0656,0.1347,0.4146,0.0854,0.01165,1.15314,0.11989,-0.00699,0.27704,0.75669
1433,2797.9,15377340,1030375,0.61,1.169,6016,10705,14361,0.01539001,0,0,0.0618,0.113,0.3943,0.041,0.01067,1.15762,0.11369,-0.00807,0.26774,0.78735
1434,2799.8,15388033,1031130,0.626,1.185,5905,10693,14345,0.0153868,0,0,0.0662,0.1145,0.4106,0.0348,0.01139,1.17259,0.13589,-0.00557,0.30709,0.78578
1435,2801.7,15398710,1031875,0.756,1.183,5505,10677,14330,0.01538359,0,0,0.0703,0.1292,0.4265,0.1304,0.01186,1.1705,0.12361,-0.00545,0.28236,0.78794
1436,2803.5,15409363,1032632,0.651,1.182,5812,10653,14329,0.01538039,0,0,0.0651,0.119,0.4142,0.0528,0.01108,1.16995,0.11446,-0.00619,0.26559,0.79001
1437,2805.3,15420062,1033381,0.606,1.182,5982,10699,14374,0.01537719,0,0,0.0629,0.1081,0.3972,0.0379,0.01128,1.1704,0.12251,-0.00648,0.2824,0.79379
1438,2807.1,15430760,1034111,0.603,1.186,5978,10698,14342,0.01537398,0,0,0.0619,0.107,0.3934,0.041,0.01215,1.17354,0.10969,-0.00744,0.2588,0.79834
1439,2809.0,15441438,1034849,0.659,1.188,5779,10678,14357,0.01537077,0,0,0.0672,0.1193,0.4185,0.0544,0.01291,1.17475,0.11247,-0.00741,0.26459,0.80787
1440,2810.8,15452132,1035574,0.642,1.188,5843,10694,14372,0.01536757,0,0,0.0657,0.1166,0.4191,0.0406,0.01173,1.17571,0.11543,-0.00954,0.27468,0.80435
1441,2812.7,15462848,1036298,0.706,1.189,5656,10716,14388,0.01536436,0,0,0.0726,0.1391,0.4353,0.0587,0.01136,1.17622,0.11377,-0.00885,0.27098,0.83765
1442,2814.7,15473547,1037037,0.806,1.182,5383,10699,14358,0.01536115,0,0,0.0797,0.1734,0.5075,0.0451,0.01299,1.16816,0.12293,-0.00622,0.2837,0.82748
1443,2816.6,15484217,1037785,0.763,1.181,5490,10670,14344,0.01535794,0,0,0.0787,0.1554,0.4645,0.0641,0.0113,1.16853,0.12242,-0.00838,0.28682,0.82108
1444,2818.5,15494868,1038519,0.718,1.2,5554,10651,14305,0.01535473,0,0,0.0704,0.1368,0.437,0.0734,0.01147,1.18787,0.12042,-0.00778,0.28166,0.82309
1445,2820.4,15505569,1039255,0.645,1.178,5870,10701,14385,0.01535154,0,0,0.0662,0.1207,0.422,0.0357,0.01065,1.16706,0.11705,-0.00613,0.27166,0.82415
1446,2822.2,15516247,1039989,0.668,1.179,5781,10678,14328,0.01534833,0,0,0.0691,0.1275,0.4195,0.0515,0.01106,1.16727,0.12241,-0.00589,0.28152,0.81208
1447,2824.2,15526962,1040722,0.81,1.182,5378,10715,14370,0.01534513,0,0,0.0782,0.1716,0.4771,0.0832,0.01133,1.16998,0.12736,-0.00409,0.28763,0.80581
1448,2826.2,15537612,1041447,0.768,1.183,5458,10650,14292,0.01534191,0,0,0.0738,0.147,0.4468,0.1006,0.01176,1.17032,0.12917,-0.00809,0.29902,0.79832
1449,2828.1,15548296,1042200,0.816,1.183,5347,10684,14349,0.01533872,0,0,0.0774,0.1596,0.4753,0.1032,0.01103,1.17053,0.12243,-0.0049,0.27918,0.7987
1450,2830.1,15558994,1042930,0.718,1.183,5628,10698,14360,0.01533551,0,0,0.073,0.1423,0.452,0.0504,0.01106,1.17125,0.11867,-0.00521,0.27287,0.81849
1451,2832.0,15569693,1043652,0.725,1.189,5590,10699,14367,0.0153323,0,0,0.0704,0.1383,0.4454,0.0708,0.01194,1.17617,0.12218,-0.00709,0.28413,0.83434
1452,2833.9,15580382,1044390,0.631,1.194,5856,10689,14330,0.01532909,0,0,0.0666,0.1198,0.4091,0.0359,0.01218,1.1809,0.11686,-0.00527,0.26921,0.8137
1453,2835.8,15591105,1045129,0.721,1.196,5594,10723,14359,0.01532589,0,0,0.0708,0.1339,0.439,0.0771,0.01285,1.1823,0.12793,-0.0035,0.28792,0.81749
1454,2837.7,15601789,1045871,0.63,1.192,5864,10684,14324,0.01532267,0,0,0.0656,0.1178,0.4133,0.0334,0.01159,1.1796,0.12645,-0.00749,0.29278,0.81284
1455,2839.5,15612501,1046616,0.662,1.193,5773,10712,14352,0.01531946,0,0,0.0664,0.1159,0.42,0.0598,0.01201,1.18073,0.12737,-0.00586,0.2908,0.79401
1456,2841.4,15623234,1047360,0.673,1.188,5766,10733,14393,0.01531625,0,0,0.0703,0.1276,0.4295,0.0455,0.01172,1.17593,0.13068,-0.00549,0.29712,0.80894
1457,2843.3,15633944,1048090,0.686,1.185,5725,10710,14341,0.01531303,0,0,0.0643,0.1226,0.4097,0.0895,0.01147,1.17232,0.13669,-0.00476,0.30754,0.80454
1458,2845.1,15644668,1048819,0.654,1.19,5817,10724,14371,0.01530982,0,0,0.0656,0.1135,0.4048,0.07,0.01152,1.17727,0.13911,-0.0042,0.31099,0.79588
1459,2847.2,15655387,1049537,0.929,1.182,5078,10719,14368,0.0153066,0,0,0.0805,0.1897,0.5308,0.1281,0.01068,1.17017,0.13729,-0.00544,0.30984,0.79656
1460,2849.2,15666131,1050275,0.765,1.181,5522,10744,14371,0.01530338,0,0,0.0777,0.1594,0.4897,0.0379,0.01174,1.16848,0.13227,-0.00607,0.30091,0.79124
1461,2851.1,15676837,1051018,0.753,1.185,5525,10706,14357,0.01530016,0,0,0.0766,0.1483,0.4531,0.0753,0.01164,1.17185,0.13993,-0.00688,0.31788,0.79256
1462,2853.1,15687523,1051754,0.773,1.182,5466,10686,14319,0.01529695,0,0,0.0781,0.1538,0.4597,0.0817,0.01151,1.16924,0.14016,-0.00444,0.31333,0.78834
1463,2854.9,15698227,1052489,0.71,1.181,5660,10704,14363,0.01529374,0,0,0.0734,0.1419,0.4466,0.0484,0.01228,1.16772,0.13757,-0.00707,0.31352,0.79233
1464,2856.9,15708981,1053215,0.747,1.18,5582,10754,14397,0.01529053,0,0,0.0715,0.1411,0.4317,0.1023,0.01168,1.16735,0.12568,-0.00784,0.29177,0.80915
1465,2858.7,15719733,1053951,0.674,1.181,5798,10752,14394,0.01528731,0,0,0.0666,0.1191,0.4146,0.0738,0.01139,1.1684,0.12293,-0.00687,0.2837,0.78835
1466,2860.6,15730453,1054694,0.669,1.179,5801,10720,14333,0.01528408,0,0,0.0686,0.1286,0.4274,0.0441,0.01152,1.1668,0.1384,-0.00589,0.31278,0.7917
1467,2862.5,15741110,1055452,0.689,1.187,5681,10657,14295,0.01528086,0,0,0.0684,0.1283,0.427,0.0654,0.01173,1.1741,0.12198,-0.00418,0.27614,0.77973
1468,2864.5,15751817,1056178,0.821,1.192,5320,10707,14339,0.01527767,0,0,0.0791,0.1723,0.4894,0.0797,0.01307,1.17809,0.1291,-0.00853,0.30033,0.82029
1469,2866.4,15762514,1056936,0.787,1.187,5417,10697,14335,0.01527445,0,0,0.0777,0.164,0.458,0.0877,0.01151,1.175,0.13004,-0.00479,0.29427,0.80604
1470,2868.4,15773211,1057691,0.777,1.188,5443,10697,14335,0.01527125,0,0,0.0795,0.1755,0.4734,0.0487,0.01213,1.17487,0.12425,-0.00745,0.28819,0.81179
1471,2870.4,15783927,1058450,0.769,1.187,5478,10716,14347,0.01526804,0,0,0.0799,0.1541,0.4551,0.0797,0.01117,1.1753,0.12609,-0.00828,0.29344,0.8086
1472,2872.3,15794612,1059212,0.74,1.19,5534,10685,14319,0.01526482,0,0,0.081,0.155,0.4669,0.0376,0.01137,1.17745,0.12401,-0.0056,0.28395,0.81005
1473,2874.3,15805311,1059972,0.848,1.189,5253,10699,14313,0.01526162,0,0,0.0844,0.1774,0.495,0.0908,0.01213,1.17584,0.11961,-0.00667,0.27767,0.82311
1474,2876.3,15815967,1060732,0.791,1.187,5388,10656,14292,0.01525841,0,0,0.082,0.1626,0.5043,0.0419,0.01131,1.17463,0.11611,-0.006,0.26935,0.82356
1475,2878.3,15826634,1061499,0.78,1.182,5438,10667,14311,0.01525521,0,0,0.0794,0.16,0.469,0.0712,0.01218,1.16877,0.1151,-0.00594,0.26727,0.82595
1476,2880.2,15837299,1062246,0.734,1.173,5593,10665,14294,0.01525201,0,0,0.0755,0.1461,0.434,0.0781,0.01286,1.15909,0.12803,-0.0065,0.29441,0.83169
1477,2882.2,15847956,1063016,0.864,1.173,5231,10657,14288,0.01524881,0,0,0.079,0.1606,0.4552,0.1692,0.01117,1.16126,0.12423,-0.00966,0.2928,0.82092
1478,2884.2,15858614,1063766,0.777,1.177,5455,10658,14296,0.01524561,0,0,0.0779,0.1494,0.461,0.089,0.0122,1.16353,0.13088,-0.00809,0.30359,0.84165
1479,2886.2,15869281,1064517,0.821,1.176,5341,10667,14275,0.01524242,0,0,0.0801,0.1734,0.4779,0.0896,0.0113,1.16365,0.13621,-0.00565,0.30899,0.82847
1480,2888.2,15879942,1065292,0.811,1.187,5334,10661,14284,0.01523922,0,0,0.0837,0.1826,0.4932,0.0518,0.01227,1.17405,0.11935,-0.01032,0.2851,0.84506
1481,2890.1,15890573,1066061,0.795,1.172,5404,10631,14269,0.01523602,0,0,0.0793,0.1627,0.4782,0.0748,0.01215,1.15928,0.12844,-0.00833,0.29903,0.83689
1482,2892.0,15901233,1066835,0.744,1.161,5598,10660,14282,0.01523283,0,0,0.0716,0.1346,0.4535,0.0841,0.01154,1.14823,0.13681,-0.00853,0.31592,0.8283
1483,2893.9,15911841,1067597,0.657,1.183,5766,10608,14224,0.01522963,0,0,0.0667,0.1262,0.4273,0.0366,0.0117,1.17023,0.13567,-0.00575,0.30857,0.84459
1484,2895.8,15922499,1068364,0.726,1.19,5562,10658,14293,0.01522645,0,0,0.0715,0.1368,0.4401,0.0778,0.01231,1.17696,0.13633,-0.00701,0.31245,0.84646
1485,2897.7,15933120,1069131,0.74,1.172,5553,10621,14256,0.01522325,0,0,0.0718,0.1386,0.4532,0.0769,0.01209,1.15908,0.13672,-0.00761,0.31469,0.85504
1486,2899.6,15943818,1069908,0.714,1.187,5628,10698,14338,0.01522006,0,0,0.0765,0.1395,0.4475,0.0506,0.01171,1.17428,0.1259,-0.0083,0.29443,0.8555
1487,2901.5,15954456,1070669,0.654,1.193,5761,10638,14266,0.01521685,0,0,0.0628,0.1121,0.4066,0.0723,0.01196,1.17986,0.12331,-0.00839,0.28896,0.84012
1488,2903.3,15965141,1071443,0.663,1.169,5834,10685,14336,0.01521366,0,0,0.0683,0.1233,0.4333,0.0383,0.0117,1.1559,0.1323,-0.00635,0.30393,0.87487
1489,2905.2,15975749,1072208,0.706,1.183,5615,10608,14243,0.01521046,0,0,0.0672,0.1263,0.4413,0.0712,0.0122,1.1701,0.12827,-0.00997,0.30222,0.84603
1490,2907.0,15986394,1072960,0.677,1.192,5696,10645,14291,0.01520728,0,0,0.0654,0.1126,0.4231,0.076,0.01217,1.17897,0.1225,-0.00879,0.28957,0.88745
1491,2908.9,15997045,1073729,0.637,1.171,5891,10651,14264,0.01520408,0,0,0.0659,0.1164,0.4183,0.0362,0.01086,1.15951,0.1335,-0.00947,0.31252,0.87385
1492,2910.7,16007709,1074479,0.69,1.168,5738,10664,14288,0.01520089,0,0,0.0639,0.1214,0.4231,0.0821,0.01144,1.15582,0.12131,-0.00904,0.28715,0.87017
1493,2912.5,16018408,1075231,0.634,1.173,5922,10699,14311,0.01519769,0,0,0.0621,0.1136,0.4168,0.0412,0.01156,1.16067,0.1248,-0.00767,0.29113,0.86185
1494,2914.3,16029133,1075976,0.659,1.155,5913,10725,14348,0.01519448,0,0,0.0641,0.1136,0.4158,0.0658,0.0116,1.14225,0.11929,-0.00855,0.28187,0.86159
1495,2916.2,16039846,1076714,0.667,1.162,5857,10713,14365,0.01519126,0,0,0.0651,0.1115,0.4214,0.0694,0.01187,1.14896,0.10808,-0.0073,0.25744,0.87784
1496,2918.0,16050571,1077470,0.63,1.177,5936,10725,14362,0.01518805,0,0,0.0641,0.1117,0.412,0.0421,0.0114,1.16459,0.10925,-0.00438,0.25309,0.85036
1497,2919.8,16061263,1078186,0.684,1.164,5786,10692,14335,0.01518483,0,0,0.0673,0.1227,0.421,0.0726,0.01218,1.1513,0.10721,-0.00884,0.25833,0.86323
1498,2921.7,16072009,1078949,0.666,1.167,5861,10746,14403,0.01518162,0,0,0.0655,0.116,0.4154,0.0696,0.01098,1.15529,0.10612,-0.00676,0.25224,0.87225
1499,2923.5,16082680,1079696,0.633,1.181,5885,10671,14325,0.0151784,0,0,0.063,0.1153,0.413,0.0413,0.0115,1.16831,0.09888,-0.00618,0.23665,0.87355
1500,2925.2,16093374,1080435,0.61,1.161,6039,10694,14345,0.0151752,0,0,0.0608,0.1036,0.3848,0.0607,0.01118,1.14902,0.11088,-0.00755,0.2635,0.87766
1501,2927.0,16104055,1081174,0.587,1.182,6036,10681,14313,0.01517199,0,0,0.0615,0.102,0.3913,0.0327,0.01156,1.16975,0.1178,-0.00456,0.27172,0.88981
1502,2929.0,16114756,1081920,0.636,1.186,5874,10701,14341,0.01516878,0,0,0.0618,0.1112,0.4037,0.0589,0.01178,1.17377,0.09561,-0.00747,0.2341,0.92102
1503,2930.6,16125490,1082665,0.523,1.168,6347,10734,14372,0.01516557,0,0,0.0497,0.087,0.3568,0.03,0.01063,1.15636,0.10598,-0.00705,0.25335,0.89975
1504,2932.4,16136239,1083391,0.604,1.185,6009,10749,14389,0.01516235,0,0,0.0589,0.0982,0.3819,0.0647,0.01158,1.17291,0.09619,-0.00676,0.23355,0.91123
1505,2934.2,16146976,1084125,0.576,1.187,6091,10737,14378,0.01515913,0,0,0.057,0.0984,0.3751,0.0453,0.01088,1.17545,0.11401,-0.00553,0.26638,0.90061
1506,2935.9,16157707,1084883,0.575,1.166,6162,10731,14372,0.01515591,0,0,0.0595,0.1005,0.3823,0.0328,0.01164,1.15405,0.10644,-0.00652,0.25374,0.91774
1507,2937.7,16168396,1085617,0.598,1.189,5981,10689,14343,0.01515269,0,0,0.0598,0.1013,0.3923,0.045,0.01048,1.17734,0.11206,-0.006,0.26341,0.90036
1508,2939.5,16179119,1086356,0.56,1.18,6162,10723,14378,0.01514948,0,0,0.0572,0.0958,0.3785,0.0289,0.01156,1.1676,0.10914,-0.00703,0.26027,0.92175
1509,2941.2,16189855,1087098,0.526,1.168,6335,10736,14399,0.01514626,0,0,0.0496,0.085,0.3502,0.0416,0.01146,1.15613,0.10313,-0.00891,0.25234,0.93264
1510,2942.9,16200593,1087832,0.538,1.178,6260,10738,14372,0.01514304,0,0,0.0528,0.0922,0.366,0.0268,0.01104,1.16578,0.11029,-0.01034,0.26921,0.92252
1511,2944.7,16211364,1088563,0.642,1.166,5958,10771,14395,0.01513982,0,0,0.0615,0.1102,0.3989,0.071,0.01127,1.15425,0.12627,-0.00594,0.29261,0.9311
1512,2946.5,16222114,1089280,0.629,1.165,5992,10750,14405,0.01513659,0,0,0.0638,0.1173,0.4122,0.0359,0.01155,1.15248,0.11063,-0.0102,0.27099,0.96892
1513,2948.3,16232848,1090019,0.622,1.176,5969,10734,14361,0.01513337,0,0,0.0612,0.111,0.3945,0.0554,0.01108,1.16438,0.12541,-0.00877,0.29788,0.975
1514,2950.1,16243566,1090748,0.634,1.163,5962,10718,14367,0.01513015,0,0,0.063,0.1103,0.3997,0.0613,0.01137,1.15121,0.12562,-0.00861,0.29846,0.99118
1515,2951.9,16254266,1091479,0.644,1.162,5925,10700,14335,0.01512693,0,0,0.065,0.1164,0.4212,0.0418,0.01219,1.14883,0.12074,-0.00976,0.29123,0.99914
1516,2953.7,16264967,1092220,0.626,1.178,5932,10701,14345,0.01512372,0,0,0.063,0.1095,0.4011,0.0523,0.01084,1.16588,0.10852,-0.0116,0.27025,0.99215
1517,2955.7,16275671,1092965,0.794,1.169,5452,10704,14329,0.01512051,0,0,0.0656,0.1476,0.4164,0.1646,0.01127,1.15722,0.12433,-0.01202,0.30275,0.99334
1518,2957.5,16286365,1093707,0.651,1.158,5911,10694,14317,0.0151173,0,0,0.0636,0.1154,0.411,0.0613,0.01072,1.14646,0.12715,-0.00566,0.29532,0.9821
1519,2959.3,16297061,1094483,0.645,1.189,5831,10696,14324,0.01511409,0,0,0.0653,0.1316,0.4125,0.0358,0.01104,1.17739,0.11289,-0.00974,0.27483,0.97792
1520,2961.1,16307706,1095234,0.634,1.177,5877,10645,14280,0.01511088,0,0,0.0627,0.1107,0.3929,0.0682,0.01127,1.1646,0.12141,-0.00538,0.28315,0.97804
1521,2962.9,16318399,1096004,0.645,1.175,5877,10693,14312,0.01510769,0,0,0.0647,0.1236,0.4195,0.0372,0.01106,1.16243,0.11267,-0.01121,0.2772,0.97408
1522,2964.8,16329075,1096769,0.664,1.191,5756,10676,14288,0.01510448,0,0,0.0644,0.1116,0.4102,0.0774,0.01148,1.1789,0.11253,-0.00947,0.2732,0.96633
1523,2966.6,16339708,1097516,0.6,1.177,5984,10633,14257,0.01510128,0,0,0.0619,0.1032,0.3915,0.0436,0.01044,1.1654,0.10524,-0.01082,0.26115,0.961
1524,2968.4,16350366,1098273,0.659,1.177,5808,10658,14289,0.01509809,0,0,0.063,0.1138,0.414,0.0679,0.01091,1.16468,0.11301,-0.01114,0.27751,0.96742
1525,2970.2,16361080,1099052,0.655,1.187,5817,10714,14346,0.01509489,0,0,0.0639,0.1166,0.41,0.0644,0.01187,1.17449,0.11006,-0.01167,0.27286,0.97414
1526,2972.0,16371727,1099808,0.573,1.177,6085,10647,14263,0.01509168,0,0,0.0586,0.0993,0.3828,0.0323,0.01146,1.16445,0.09913,-0.00824,0.24414,0.97464
1527,2973.8,16382421,1100568,0.656,1.172,5849,10694,14334,0.01508848,0,0,0.0656,0.1172,0.4134,0.06,0.01059,1.16069,0.11711,-0.01064,0.2839,0.94122
1528,2975.6,16393117,1101348,0.609,1.169,6017,10696,14358,0.01508527,0,0,0.0629,0.1129,0.3995,0.0336,0.01112,1.15705,0.1009,-0.00849,0.24798,0.96811
1529,2977.3,16403798,1102110,0.574,1.149,6200,10681,14341,0.01508206,0,0,0.0568,0.0955,0.3702,0.0518,0.01085,1.13683,0.1036,-0.00753,0.25189,0.98234
1530,2979.1,16414446,1102862,0.621,1.159,5983,10648,14296,0.01507886,0,0,0.0636,0.1136,0.4052,0.0389,0.01198,1.14577,0.10194,-0.00731,0.2474,0.95817
1531,2980.9,16425136,1103625,0.65,1.171,5870,10690,14340,0.01507567,0,0,0.0631,0.1143,0.3971,0.0752,0.01189,1.15887,0.11623,-0.00547,0.27241,0.96183
1532,2982.7,16435751,1104391,0.594,1.161,6051,10615,14230,0.01507246,0,0,0.058,0.0932,0.37,0.0724,0.0105,1.14937,0.09841,-0.00722,0.24007,0.95578
1533,2984.5,16446451,1105150,0.636,1.171,5921,10700,14353,0.01506927,0,0,0.0642,0.1164,0.4137,0.042,0.01096,1.15914,0.1114,-0.00276,0.25712,0.95513
1534,2986.3,16457109,1105907,0.636,1.18,5869,10658,14294,0.01506606,0,0,0.0637,0.1123,0.3968,0.0629,0.01108,1.16867,0.11084,-0.00679,0.26437,0.96595
1535,2988.1,16467786,1106679,0.597,1.165,6060,10677,14341,0.01506287,0,0,0.0584,0.0964,0.3813,0.0608,0.01161,1.15253,0.10601,-0.00985,0.26012,0.9425
1536,2989.9,16478455,1107409,0.629,1.172,5926,10669,14314,0.01505966,0,0,0.0629,0.1195,0.4095,0.0367,0.01138,1.15953,0.11275,-0.00864,0.27194,0.9681
1537,2991.7,16489114,1108188,0.65,1.191,5790,10659,14319,0.01505646,0,0,0.0649,0.1141,0.3995,0.0717,0.01218,1.17775,0.09954,-0.00959,0.24689,0.95081
1538,2993.5,16499818,1108927,0.576,1.165,6146,10704,14352,0.01505327,0,0,0.0577,0.094,0.3795,0.0449,0.01146,1.15292,0.11933,-0.00853,0.28403,0.94091
1539,2995.3,16510424,1109674,0.631,1.182,5849,10606,14262,0.01505005,0,0,0.0649,0.1158,0.4171,0.0336,0.01109,1.16997,0.12401,-0.0066,0.28956,0.94173
1540,2997.1,16521090,1110399,0.648,1.189,5804,10666,14310,0.01504687,0,0,0.0658,0.119,0.4068,0.0567,0.01212,1.17641,0.1197,-0.00855,0.28565,0.96802
1541,2998.9,16531737,1111137,0.583,1.167,6084,10647,14302,0.01504367,0,0,0.06,0.1062,0.3869,0.0301,0.01174,1.15449,0.10272,-0.00846,0.25138,0.96408
1542,3000.6,16542381,1111888,0.612,1.183,5931,10644,14309,0.01504048,0,0,0.0634,0.1075,0.3988,0.0422,0.01145,1.17063,0.12423,-0.00803,0.29304,0.94798
1543,3002.4,16553016,1112632,0.611,1.187,5914,10635,14283,0.01503729,0,0,0.0629,0.1173,0.3995,0.0314,0.01251,1.17372,0.1207,-0.00697,0.28465,0.9746
1544,3004.3,16563672,1113361,0.642,1.167,5891,10656,14307,0.0150341,0,0,0.064,0.1141,0.4051,0.0587,0.01207,1.154,0.13406,-0.00856,0.31449,0.9727
1545,3006.1,16574322,1114106,0.653,1.181,5807,10650,14287,0.0150309,0,0,0.0629,0.1078,0.4083,0.0736,0.01178,1.16879,0.12166,-0.00735,0.28723,0.97176
1546,3008.4,16584958,1114840,0.691,1.171,5711,10636,14293,0.0150277,0,0,0.0652,0.142,0.4046,0.0795,0.0103,1.15931,0.12426,-0.00944,0.29734,0.99618
1547,3010.1,16595642,1115592,0.569,1.154,6199,10684,14332,0.01502451,0,0,0.0578,0.1006,0.3766,0.0343,0.01174,1.1419,0.11592,-0.00814,0.27807,0.99713
1548,3011.9,16606300,1116324,0.674,1.155,5829,10658,14299,0.01502131,0,0,0.0654,0.1342,0.4146,0.0597,0.01079,1.14301,0.12462,-0.00877,0.29667,0.99471
1549,3013.8,16616932,1117077,0.646,1.174,5841,10632,14293,0.01501811,0,0,0.0656,0.117,0.4107,0.0528,0.01161,1.16189,0.1115,-0.01097,0.27535,1.01228
1550,3015.6,16627612,1117830,0.653,1.164,5878,10680,14344,0.01501492,0,0,0.0626,0.1095,0.3954,0.0859,0.0107,1.1521,0.11557,-0.00792,0.27749,1.01589
1551,3017.4,16638259,1118570,0.641,1.165,5895,10647,14276,0.01501172,0,0,0.0634,0.1169,0.4071,0.0535,0.01084,1.1535,0.13418,-0.01028,0.31899,1.00162
1552,3019.4,16648913,1119315,0.659,1.181,5790,10654,14301,0.01500852,0,0,0.0646,0.1162,0.4136,0.065,0.01096,1.16889,0.12659,-0.01165,0.30644,0.99824
1553,3021.1,16659614,1120060,0.619,1.169,5986,10701,14381,0.01500533,0,0,0.0624,0.1138,0.3989,0.0437,0.01139,1.15683,0.12096,-0.01299,0.29874,1.02768
1554,3022.9,16670295,1120819,0.63,1.174,5922,10681,14328,0.01500212,0,0,0.0621,0.1137,0.3956,0.0582,0.01126,1.16193,0.12459,-0.00879,0.29666,0.99602
1555,3024.8,16680948,1121550,0.69,1.19,5665,10653,14301,0.01499891,0,0,0.0683,0.1229,0.4239,0.0751,0.01143,1.17802,0.12273,-0.00832,0.29194,0.99432
1556,3026.7,16691619,1122288,0.679,1.18,5740,10671,14319,0.01499572,0,0,0.0716,0.1348,0.4318,0.0408,0.0114,1.16761,0.12425,-0.00725,0.29323,1.00807
1557,3028.5,16702298,1123041,0.642,1.178,5867,10679,14304,0.01499251,0,0,0.0626,0.1078,0.3973,0.0746,0.0121,1.1649,0.11994,-0.0093,0.28938,1.03082
1558,3030.4,16712983,1123768,0.717,1.191,5598,10685,14327,0.01498931,0,0,0.0708,0.1368,0.4327,0.077,0.01135,1.17921,0.1286,-0.01136,0.31018,1.00951
1559,3032.3,16723657,1124504,0.66,1.181,5797,10674,14325,0.01498611,0,0,0.0685,0.1306,0.4266,0.0346,0.0114,1.16892,0.12334,-0.0066,0.29076,1.03001
1560,3034.1,16734310,1125243,0.68,1.167,5769,10653,14331,0.0149829,0,0,0.0664,0.1218,0.4269,0.0649,0.0109,1.15493,0.12331,-0.00922,0.29567,1.02184
1561,3036.0,16744981,1125979,0.696,1.191,5653,10671,14311,0.01497971,0,0,0.0701,0.1281,0.4258,0.0722,0.01093,1.17959,0.11477,-0.00913,0.27899,1.04152
1562,3037.8,16755618,1126713,0.616,1.183,5912,10637,14264,0.01497651,0,0,0.0631,0.1128,0.4054,0.0349,0.01206,1.16999,0.12835,-0.0087,0.30585,1.06055
1563,3039.6,16766318,1127448,0.645,1.147,5970,10700,14332,0.01497331,0,0,0.0648,0.1124,0.4102,0.0577,0.01001,1.13635,0.12043,-0.0081,0.28839,1.04634
1564,3041.3,16777056,1128212,0.59,1.167,6114,10738,14388,0.0149701,0,0,0.0579,0.0973,0.3763,0.058,0.00992,1.15603,0.13524,-0.0065,0.3151,1.05591
1565,3043.1,16787687,1128948,0.605,1.161,6020,10631,14270,0.01496688,0,0,0.0612,0.1141,0.3949,0.035,0.01059,1.14942,0.12232,-0.00914,0.29487,1.06749
1566,3044.9,16798364,1129700,0.667,1.152,5873,10677,14321,0.01496369,0,0,0.0657,0.12,0.4111,0.0698,0.01152,1.13935,0.11095,-0.01286,0.27991,1.07878
1567,3046.7,16809018,1130450,0.56,1.175,6140,10654,14288,0.01496049,0,0,0.0567,0.0935,0.3784,0.0314,0.01012,1.16417,0.12105,-0.01007,0.29421,1.06866
1568,3048.5,16819680,1131173,0.629,1.169,5928,10662,14294,0.01495729,0,0,0.0617,0.1145,0.3921,0.061,0.01133,1.15734,0.13165,-0.00679,0.30825,1.04868
1569,3050.3,16830333,1131926,0.63,1.166,5933,10653,14294,0.0149541,0,0,0.0642,0.1177,0.4105,0.0376,0.01158,1.15329,0.11976,-0.00824,0.28837,1.08219
1570,3052.0,16841020,1132677,0.595,1.178,6026,10687,14309,0.0149509,0,0,0.06,0.1018,0.3823,0.051,0.011,1.16673,0.10584,-0.01084,0.26687,1.12059
1571,3053.8,16851680,1133425,0.623,1.168,5952,10660,14313,0.01494769,0,0,0.0624,0.1105,0.4017,0.0486,0.01187,1.15516,0.10749,-0.01267,0.27385,1.12157
1572,3055.6,16862316,1134175,0.651,1.177,5819,10636,14270,0.0149445,0,0,0.0641,0.114,0.4127,0.0605,0.01097,1.16506,0.12219,-0.01151,0.2999,1.0876
1573,3057.4,16872984,1134917,0.595,1.186,5990,10668,14317,0.01494131,0,0,0.0587,0.097,0.3755,0.0636,0.01128,1.17361,0.11828,-0.0095,0.28943,1.13342
1574,3059.2,16883603,1135662,0.617,1.172,5936,10619,14265,0.0149381,0,0,0.0585,0.1008,0.3736,0.0844,0.0113,1.15946,0.12231,-0.01316,0.30421,1.11355
1575,3061.0,16894245,1136406,0.576,1.179,6062,10642,14279,0.01493492,0,0,0.0574,0.0929,0.3666,0.0591,0.0108,1.16784,0.10834,-0.01189,0.27467,1.14505
1576,3062.8,16904870,1137135,0.597,1.186,5957,10625,14264,0.01493173,0,0,0.0574,0.0933,0.3725,0.0742,0.01121,1.17409,0.11542,-0.01276,0.29042,1.14001
1577,3064.5,16915473,1137873,0.552,1.166,6170,10603,14262,0.01492854,0,0,0.0578,0.092,0.3725,0.0299,0.01124,1.15421,0.12316,-0.01193,0.30356,1.11806
1578,3066.2,16926120,1138623,0.577,1.183,6049,10647,14296,0.01492536,0,0,0.0586,0.0952,0.3704,0.053,0.01044,1.17194,0.11361,-0.01178,0.28355,1.09776
1579,3068.0,16936757,1139357,0.55,1.183,6139,10637,14304,0.01492216,0,0,0.0585,0.0943,0.3664,0.0305,0.01121,1.17095,0.12189,-0.00919,0.29531,1.11125
1580,3069.7,16947391,1140096,0.599,1.167,6019,10634,14286,0.01491897,0,0,0.06,0.1005,0.379,0.0598,0.01154,1.15493,0.11035,-0.00748,0.26866,1.10569
1581,3071.5,16958035,1140822,0.632,1.169,5911,10644,14281,0.01491578,0,0,0.0616,0.1125,0.3925,0.065,0.01136,1.15684,0.11737,-0.01515,0.29735,1.08305
1582,3073.3,16968613,1141560,0.558,1.161,6153,10578,14222,0.01491259,0,0,0.0589,0.0955,0.3725,0.0312,0.01076,1.14958,0.10205,-0.01181,0.26036,1.09455
1583,3075.0,16979237,1142300,0.614,1.15,6023,10624,14263,0.01490942,0,0,0.0594,0.1045,0.3884,0.0618,0.01096,1.13803,0.10161,-0.0111,0.25787,1.0885
1584,3076.8,16989902,1143043,0.614,1.173,5967,10665,14312,0.01490623,0,0,0.0593,0.1035,0.3896,0.0617,0.01146,1.16099,0.12271,-0.01076,0.29911,1.07943
1585,3078.6,17000557,1143782,0.584,1.167,6082,10655,14328,0.01490303,0,0,0.0597,0.1023,0.391,0.0313,0.01113,1.15539,0.10731,-0.01161,0.26974,1.07038
1586,3080.3,17011184,1144542,0.61,1.166,5985,10627,14275,0.01489983,0,0,0.0588,0.1015,0.3911,0.0582,0.01117,1.15419,0.10496,-0.00747,0.25676,1.07028
1587,3082.1,17021789,1145277,0.558,1.177,6114,10605,14245,0.01489664,0,0,0.0572,0.0958,0.3749,0.0299,0.01097,1.16513,0.11093,-0.0071,0.26654,1.02329
1588,3083.8,17032448,1146014,0.567,1.159,6174,10659,14299,0.01489346,0,0,0.0528,0.0924,0.3626,0.0592,0.01075,1.14785,0.11609,-0.00914,0.281,1.02589
1589,3085.5,17043098,1146737,0.538,1.17,6236,10650,14326,0.01489027,0,0,0.053,0.0922,0.363,0.0301,0.01128,1.15757,0.12403,-0.00695,0.29206,1.01046
1590,3087.3,17053701,1147486,0.557,1.187,6079,10603,14267,0.01488707,0,0,0.0533,0.0901,0.3627,0.0509,0.0114,1.17513,0.11151,-0.00889,0.27152,1.03191
1591,3088.9,17064327,1148236,0.515,1.163,6332,10626,14302,0.01488389,0,0,0.0478,0.086,0.3519,0.0288,0.01096,1.15177,0.10981,-0.00939,0.26935,1.03987
1592,3090.7,17074950,1148967,0.546,1.183,6143,10623,14276,0.0148807,0,0,0.048,0.0859,0.3544,0.0577,0.01126,1.17109,0.11458,-0.00853,0.27694,1.03251
1593,3092.4,17085560,1149724,0.551,1.187,6106,10610,14283,0.01487752,0,0,0.0543,0.094,0.373,0.0297,0.01054,1.17526,0.10757,-0.01001,0.26586,1.03153
1594,3094.1,17096155,1150467,0.552,1.165,6172,10595,14243,0.01487433,0,0,0.0486,0.084,0.3622,0.057,0.01037,1.15381,0.11191,-0.00831,0.2713,1.03767
1595,3095.8,17106759,1151212,0.509,1.181,6275,10604,14247,0.01487115,0,0,0.0479,0.0836,0.3474,0.0299,0.01088,1.16961,0.1047,-0.00781,0.25561,1.02901
1596,3097.5,17117387,1151955,0.533,1.167,6252,10628,14270,0.01486797,0,0,0.046,0.0829,0.3587,0.0454,0.01044,1.15572,0.1128,-0.00968,0.27601,1.04415
1597,3099.2,17128021,1152689,0.536,1.173,6220,10634,14283,0.01486478,0,0,0.0463,0.0841,0.3546,0.0513,0.01078,1.162,0.11716,-0.0093,0.28343,1.0265
1598,3100.9,17138617,1153399,0.527,1.187,6182,10596,14246,0.01486159,0,0,0.0514,0.0879,0.3601,0.0275,0.01123,1.17483,0.11012,-0.01055,0.27227,1.04062
1599,3102.7,17149243,1154157,0.597,1.152,6077,10626,14298,0.01485841,0,0,0.0585,0.0976,0.3843,0.0567,0.01063,1.13991,0.10987,-0.00666,0.26402,1.04224
1600,3104.4,17159863,1154887,0.525,1.162,6295,10620,14272,0.01485523,0,0,0.0504,0.0869,0.36,0.0277,0.01044,1.15097,0.10735,-0.00755,0.26036,1.02835
1601,3106.4,17170554,1155616,0.528,1.164,6319,10691,14364,0.01485204,0,0,0.0465,0.0824,0.3456,0.0534,0.01035,1.1529,0.11007,-0.00927,0.26969,1.04341
1602,3108.1,17181228,1156336,0.53,1.144,6376,10674,14333,0.01484883,0,0,0.0453,0.0814,0.3543,0.0494,0.0111,1.13177,0.1094,-0.00592,0.26134,1.03381
1603,3109.8,17191905,1157075,0.504,1.164,6401,10677,14331,0.01484563,0,0,0.0473,0.0822,0.3486,0.0259,0.0105,1.15297,0.10721,-0.01083,0.26687,1.03702
1604,3111.5,17202580,1157817,0.529,1.17,6285,10675,14339,0.01484243,0,0,0.0464,0.0802,0.3483,0.0538,0.01087,1.158,0.10011,-0.00925,0.24944,1.03508
1605,3113.2,17213279,1158534,0.556,1.164,6221,10699,14393,0.01483923,0,0,0.053,0.0895,0.3643,0.0492,0.01148,1.15148,0.09986,-0.00968,0.25051,1.05912
1606,3114.9,17223953,1159243,0.542,1.178,6208,10674,14347,0.01483602,0,0,0.0532,0.092,0.3671,0.0295,0.01018,1.16683,0.10389,-0.00919,0.25699,1.03878
1607,3116.6,17234691,1159955,0.531,1.164,6333,10738,14387,0.01483281,0,0,0.0468,0.0835,0.3539,0.0473,0.01086,1.15246,0.10577,-0.00955,0.26208,1.0601
1608,3118.3,17245401,1160658,0.522,1.171,6326,10710,14401,0.01482959,0,0,0.0479,0.0822,0.3637,0.0281,0.01074,1.1598,0.09822,-0.01194,0.25199,1.06745
1609,3120.0,17256107,1161353,0.524,1.187,6257,10706,14357,0.01482638,0,0,0.0453,0.0799,0.3478,0.0507,0.0107,1.17593,0.1097,-0.00788,0.267,1.07376
1610,3121.7,17266845,1162068,0.521,1.169,6356,10738,14396,0.01482317,0,0,0.0495,0.0853,0.3574,0.0287,0.01146,1.15655,0.10244,-0.00937,0.25453,1.04244
1611,3123.4,17277560,1162787,0.537,1.188,6212,10715,14367,0.01481995,0,0,0.0481,0.0832,0.3597,0.0463,0.01242,1.17435,0.10231,-0.00777,0.25069,1.03049
1612,3125.2,17288285,1163504,0.545,1.182,6209,10725,14380,0.01481673,0,0,0.053,0.0901,0.3599,0.0422,0.01113,1.17049,0.11294,-0.00766,0.27187,1.03485
1613,3126.9,17299032,1164229,0.565,1.173,6183,10747,14419,0.01481351,0,0,0.0543,0.0939,0.3774,0.0395,0.01883,1.15367,0.09859,-0.00762,0.24322,1.04009
1614,3128.7,17309721,1164950,0.555,1.185,6142,10689,14354,0.01481029,0,0,0.0475,0.0831,0.363,0.0617,0.01139,1.17314,0.09828,-0.01071,0.24948,1.06373
1615,3130.3,17320437,1165667,0.521,1.17,6340,10716,14377,0.01480708,0,0,0.0479,0.0848,0.3576,0.0303,0.01104,1.15787,0.10232,-0.01187,0.25973,1.05837
1616,3132.1,17331144,1166394,0.534,1.173,6273,10707,14399,0.01480387,0,0,0.0481,0.0839,0.3571,0.0451,0.01116,1.16079,0.1076,-0.01041,0.26722,1.05353
1617,3133.8,17341860,1167108,0.55,1.183,6185,10716,14379,0.01480066,0,0,0.0528,0.0917,0.3658,0.0397,0.01088,1.17119,0.11828,-0.00747,0.28285,1.05913
1618,3135.5,17352612,1167814,0.521,1.147,6446,10752,14409,0.01479744,0,0,0.0499,0.086,0.3578,0.0269,0.01053,1.13596,0.10817,-0.01155,0.27124,1.07412
1619,3137.2,17363344,1168521,0.589,1.165,6121,10732,14430,0.01479422,0,0,0.053,0.1046,0.3641,0.0668,0.01113,1.15292,0.09442,-0.01306,0.24728,1.0924
1620,3138.9,17374107,1169221,0.504,1.162,6460,10763,14458,0.014791,0,0,0.0455,0.0808,0.3464,0.0313,0.01082,1.15065,0.10182,-0.01188,0.25921,1.07526
1621,3140.6,17384872,1169924,0.54,1.146,6384,10765,14441,0.01478777,0,0,0.0471,0.0832,0.3544,0.0557,0.01037,1.13488,0.10266,-0.01236,0.26245,1.0962
1622,3142.3,17395602,1170630,0.517,1.171,6355,10730,14394,0.01478454,0,0,0.0463,0.0831,0.3569,0.0312,0.01092,1.15927,0.10674,-0.01169,0.2691,1.09025
1623,3144.0,17406311,1171342,0.547,1.164,6258,10709,14385,0.01478132,0,0,0.0523,0.0888,0.3539,0.0523,0.01097,1.1524,0.11705,-0.012,0.29006,1.0815
1624,3145.7,17417005,1172051,0.544,1.167,6251,10694,14355,0.01477811,0,0,0.0548,0.092,0.3641,0.0328,0.01081,1.15573,0.10494,-0.01219,0.26594,1.07187
1625,3147.4,17427694,1172756,0.551,1.178,6179,10689,14355,0.0147749,0,0,0.0515,0.087,0.3552,0.0577,0.01109,1.16657,0.10833,-0.01081,0.2692,1.04682
1626,3149.1,17438396,1173454,0.514,1.157,6406,10702,14372,0.01477169,0,0,0.0467,0.0837,0.3557,0.0277,0.01123,1.14508,0.10531,-0.01264,0.26784,1.08092
1627,3150.8,17449145,1174161,0.556,1.184,6181,10749,14437,0.01476848,0,0,0.0501,0.0885,0.3617,0.0554,0.01104,1.17188,0.10242,-0.00701,0.2508,1.08186
1628,3152.6,17459870,1174889,0.581,1.184,6076,10725,14387,0.01476526,0,0,0.0585,0.0965,0.3719,0.0544,0.0111,1.1717,0.10045,-0.01059,0.25354,1.06522
1629,3154.3,17470599,1175581,0.564,1.167,6197,10729,14392,0.01476204,0,0,0.0562,0.0958,0.3806,0.0317,0.01174,1.15452,0.09676,-0.01027,0.24616,1.08695
1630,3156.1,17481295,1176302,0.585,1.187,6036,10696,14352,0.01475882,0,0,0.0552,0.0979,0.3775,0.0544,0.01143,1.17495,0.09628,-0.01109,0.24548,1.04093
1631,3157.8,17491998,1177024,0.568,1.178,6129,10703,14369,0.01475561,0,0,0.0549,0.094,0.3669,0.0525,0.01112,1.16599,0.10847,-0.01007,0.26804,1.04898
1632,3159.6,17502708,1177743,0.578,1.17,6127,10710,14377,0.0147524,0,0,0.0578,0.1002,0.3865,0.0334,0.01126,1.15827,0.10843,-0.00751,0.2626,1.04094
1633,3161.4,17513453,1178454,0.644,1.185,5877,10745,14386,0.01474919,0,0,0.0564,0.0969,0.3706,0.1198,0.01177,1.17223,0.11009,-0.00933,0.26991,1.05301
1634,3163.2,17524164,1179164,0.631,1.173,5939,10711,14372,0.01474596,0,0,0.0551,0.0944,0.3729,0.1083,0.0111,1.16103,0.11622,-0.00672,0.2763,1.03173
1635,3165.0,17534874,1179860,0.586,1.171,6095,10710,14372,0.01474275,0,0,0.0588,0.1012,0.3961,0.0303,0.01095,1.15909,0.10564,-0.00755,0.25735,1.05028
1636,3166.7,17545628,1180583,0.58,1.172,6139,10754,14391,0.01473954,0,0,0.0533,0.0935,0.3691,0.064,0.01199,1.15933,0.09761,-0.01002,0.24578,1.03538
1637,3168.4,17556356,1181274,0.57,1.151,6234,10728,14400,0.01473631,0,0,0.0553,0.0944,0.3694,0.0505,0.0118,1.13869,0.10078,-0.01017,0.25237,1.03413
1638,3170.2,17567055,1181976,0.556,1.161,6232,10699,14372,0.01473309,0,0,0.0553,0.096,0.3737,0.031,0.01114,1.14899,0.11858,-0.00791,0.2833,1.02901
1639,3171.9,17577787,1182668,0.559,1.166,6222,10732,14410,0.01472988,0,0,0.0531,0.0926,0.3645,0.0491,0.0108,1.15401,0.10554,-0.0083,0.2583,1.03911
1640,3173.6,17588510,1183368,0.551,1.146,6320,10723,14384,0.01472666,0,0,0.0539,0.0952,0.3725,0.0291,0.01033,1.13488,0.09948,-0.00964,0.24831,1.02108
1641,3175.3,17599222,1184078,0.569,1.175,6141,10712,14392,0.01472345,0,0,0.0537,0.096,0.3679,0.0516,0.01132,1.16293,0.10187,-0.00774,0.24945,1.02675
1642,3177.1,17609928,1184759,0.557,1.173,6188,10706,14364,0.01472023,0,0,0.0539,0.095,0.3665,0.0414,0.01093,1.16166,0.10834,-0.00854,0.26358,1.01291
1643,3178.8,17620632,1185476,0.573,1.16,6179,10704,14369,0.01471702,0,0,0.0555,0.0945,0.3716,0.0509,0.0108,1.14834,0.09591,-0.00739,0.23597,0.99788
1644,3180.6,17631389,1186168,0.577,1.18,6120,10757,14424,0.01471381,0,0,0.054,0.0954,0.3723,0.0558,0.01095,1.16857,0.09788,-0.00737,0.23959,0.98813
1645,3182.3,17642101,1186862,0.542,1.168,6265,10712,14363,0.01471058,0,0,0.0538,0.0921,0.3649,0.0311,0.01106,1.15621,0.10503,-0.01061,0.26037,0.98867
1646,3184.0,17652845,1187569,0.57,1.175,6157,10744,14436,0.01470737,0,0,0.0548,0.0931,0.3678,0.0541,0.01108,1.16346,0.1131,-0.00724,0.26968,0.98626
1647,3185.7,17663543,1188256,0.545,1.189,6169,10698,14354,0.01470415,0,0,0.0543,0.0923,0.3669,0.0316,0.01057,1.17787,0.10626,-0.00962,0.26171,1.0189
1648,3187.5,17674222,1188959,0.575,1.167,6129,10679,14349,0.01470094,0,0,0.0556,0.0962,0.3722,0.0512,0.01107,1.15534,0.10732,-0.00978,0.26393,1.01109
1649,3189.2,17684936,1189661,0.57,1.18,6119,10714,14391,0.01469773,0,0,0.0589,0.0968,0.3838,0.031,0.01132,1.16835,0.10611,-0.00932,0.26065,1.01341
1650,3191.0,17695657,1190356,0.558,1.187,6146,10721,14365,0.01469452,0,0,0.0546,0.089,0.3625,0.0516,0.01112,1.17498,0.10767,-0.01079,0.26632,1.00002
1651,3192.7,17706339,1191057,0.542,1.163,6264,10682,14358,0.0146913,0,0,0.0566,0.0911,0.3646,0.03,0.01095,1.15097,0.10136,-0.0123,0.257,1.00977
1652,3194.6,17717043,1191752,0.604,1.182,5993,10704,14388,0.0146881,0,0,0.0593,0.1001,0.379,0.0652,0.01078,1.17081,0.11361,-0.00967,0.27629,1.01205
1653,3196.3,17727765,1192448,0.582,1.182,6077,10722,14380,0.01468489,0,0,0.0581,0.0981,0.3792,0.0467,0.01053,1.17091,0.11737,-0.00641,0.27789,1.03256
1654,3198.1,17738459,1193158,0.585,1.16,6127,10694,14377,0.01468167,0,0,0.0572,0.0967,0.3753,0.0562,0.01073,1.14829,0.0992,-0.01146,0.2514,1.02468
1655,3199.9,17749133,1193855,0.598,1.17,6039,10674,14340,0.01467846,0,0,0.0598,0.1067,0.3938,0.0374,0.01089,1.15839,0.1108,-0.01001,0.27155,1.01997
1656,3201.6,17759844,1194575,0.57,1.163,6181,10711,14384,0.01467526,0,0,0.0564,0.0932,0.3677,0.0527,0.01094,1.15122,0.11198,-0.00765,0.26878,1.00599
1657,3203.3,17770558,1195297,0.559,1.153,6259,10714,14395,0.01467205,0,0,0.0565,0.0957,0.3754,0.0316,0.01104,1.14085,0.11155,-0.00746,0.26778,1.01409
1658,3205.1,17781241,1196012,0.599,1.17,6039,10683,14390,0.01466883,0,0,0.0564,0.0988,0.3837,0.0602,0.01128,1.1577,0.11113,-0.01198,0.27655,1.03363
1659,3206.8,17791983,1196715,0.575,1.167,6166,10742,14383,0.01466563,0,0,0.0573,0.1026,0.383,0.0325,0.01092,1.1549,0.10876,-0.00933,0.26684,1.04544
1660,3208.6,17802750,1197430,0.614,1.168,6044,10767,14460,0.01466241,0,0,0.0607,0.1044,0.3905,0.0582,0.01128,1.15569,0.10872,-0.00798,0.26384,1.0382
1661,3210.4,17813430,1198141,0.612,1.179,5964,10680,14361,0.01465917,0,0,0.0604,0.1032,0.389,0.0593,0.01092,1.16729,0.09743,-0.00978,0.2447,1.03295
1662,3212.2,17824132,1198875,0.648,1.166,5897,10702,14379,0.01465597,0,0,0.0615,0.1131,0.4119,0.0619,0.01125,1.15416,0.111,-0.01113,0.27375,1.00597
1663,3214.0,17834810,1199597,0.619,1.171,5963,10678,14366,0.01465276,0,0,0.0627,0.108,0.4119,0.0365,0.01093,1.15982,0.09378,-0.0105,0.23844,1.01977
1664,3215.8,17845515,1200312,0.578,1.186,6065,10705,14365,0.01464956,0,0,0.0587,0.0944,0.3702,0.0552,0.01113,1.1745,0.10413,-0.0092,0.25622,1.00834
1665,3217.5,17856241,1201059,0.619,1.167,6006,10726,14400,0.01464635,0,0,0.0619,0.1053,0.3894,0.0623,0.01094,1.15507,0.09489,-0.00803,0.23589,1.0259
1666,3219.4,17866947,1201770,0.627,1.179,5926,10706,14401,0.01464313,0,0,0.0644,0.1106,0.4147,0.0374,0.01122,1.16714,0.10366,-0.00971,0.25667,1.02202
1667,3221.1,17877635,1202490,0.585,1.186,6035,10688,14369,0.01463992,0,0,0.0589,0.0956,0.3744,0.0565,0.01112,1.17364,0.09378,-0.00887,0.23429,0.99021
1668,3222.9,17888334,1203223,0.593,1.166,6084,10699,14396,0.01463671,0,0,0.0624,0.1041,0.3942,0.0323,0.01158,1.15288,0.10037,-0.00802,0.24617,1.00405
1669,3224.8,17899024,1203921,0.695,1.18,5703,10690,14362,0.0146335,0,0,0.0685,0.1281,0.4321,0.0663,0.01133,1.16756,0.09449,-0.01017,0.23897,1.01308
1670,3226.6,17909739,1204662,0.637,1.187,5872,10715,14384,0.01463029,0,0,0.0664,0.1179,0.4191,0.0341,0.01184,1.17468,0.10635,-0.00764,0.2571,0.99461
1671,3228.4,17920443,1205415,0.686,1.166,5778,10704,14399,0.01462708,0,0,0.0681,0.123,0.4307,0.0645,0.0114,1.15393,0.08763,-0.00975,0.22407,1.00243
1672,3230.3,17931109,1206143,0.658,1.176,5817,10666,14321,0.01462387,0,0,0.0658,0.1163,0.4173,0.0584,0.01153,1.16338,0.0914,-0.01262,0.23727,0.99979
1673,3232.0,17941790,1206877,0.598,1.171,6036,10681,14347,0.01462067,0,0,0.0598,0.1007,0.375,0.0628,0.01099,1.1594,0.09626,-0.00926,0.2401,0.99395
1674,3233.8,17952482,1207630,0.571,1.154,6201,10692,14371,0.01461746,0,0,0.0586,0.1001,0.3793,0.0325,0.01144,1.14154,0.08558,-0.00984,0.21993,0.99464
1675,3235.6,17963143,1208346,0.63,1.169,5926,10661,14356,0.01461426,0,0,0.0599,0.1101,0.3885,0.0717,0.01049,1.15754,0.09233,-0.00781,0.22945,0.99802
1676,3237.3,17973853,1209101,0.544,1.17,6247,10710,14386,0.01461106,0,0,0.055,0.0945,0.3644,0.0304,0.0112,1.15842,0.10501,-0.01086,0.26052,0.98468
1677,3239.0,17984541,1209816,0.576,1.152,6184,10688,14384,0.01460784,0,0,0.0553,0.0956,0.3721,0.0532,0.01099,1.1402,0.09119,-0.01023,0.23213,1.00216
1678,3240.9,17995251,1210554,0.705,1.174,5700,10710,14383,0.01460464,0,0,0.0635,0.1152,0.3978,0.128,0.01074,1.16294,0.10538,-0.00812,0.25618,0.99897
1679,3242.7,18005966,1211282,0.595,1.171,6067,10715,14383,0.01460142,0,0,0.0527,0.0905,0.3645,0.0872,0.01079,1.15957,0.0872,-0.00962,0.22391,1.03646
1680,3244.4,18016685,1212011,0.63,1.153,6013,10719,14414,0.01459821,0,0,0.0557,0.0988,0.3762,0.0992,0.01101,1.14107,0.10462,-0.00968,0.2587,1.03095
1681,3246.2,18027391,1212722,0.598,1.18,6022,10706,14365,0.01459499,0,0,0.0579,0.1009,0.3852,0.0541,0.01123,1.16778,0.08731,-0.00931,0.22295,1.0178
1682,3248.0,18038056,1213433,0.574,1.176,6095,10665,14333,0.01459178,0,0,0.0549,0.0959,0.3684,0.0544,0.01121,1.16425,0.10133,-0.0076,0.24683,0.99266
1683,3249.7,18048735,1214160,0.567,1.17,6150,10679,14343,0.01458858,0,0,0.0562,0.0991,0.3707,0.0405,0.01151,1.15762,0.08543,-0.01066,0.22194,1.02
1684,3251.5,18059422,1214893,0.588,1.183,6033,10687,14366,0.01458538,0,0,0.0561,0.0983,0.3701,0.0638,0.01103,1.17126,0.09117,-0.00901,0.22993,1.01363
1685,3253.2,18070108,1215616,0.559,1.176,6156,10686,14357,0.01458217,0,0,0.0574,0.098,0.373,0.0311,0.01147,1.16413,0.09028,-0.0059,0.22184,1.01097
1686,3255.0,18080778,1216353,0.588,1.17,6071,10670,14343,0.01457897,0,0,0.0575,0.0964,0.3804,0.0538,0.01082,1.15805,0.09765,-0.01038,0.24657,1.04627
1687,3256.7,18091501,1217089,0.559,1.183,6153,10723,14402,0.01457577,0,0,0.0579,0.0964,0.3734,0.0318,0.01022,1.17237,0.0943,-0.01039,0.23938,1.02903
1688,3258.5,18102212,1217821,0.604,1.163,6064,10711,14376,0.01457255,0,0,0.0601,0.1025,0.3864,0.0546,0.01093,1.15109,0.095,-0.00879,0.23764,1.03193
1689,3260.2,18112967,1218558,0.565,1.18,6164,10755,14422,0.01456934,0,0,0.0573,0.0945,0.3793,0.0341,0.01226,1.16674,0.09107,-0.01217,0.23655,1.03213
1690,3261.9,18123706,1219286,0.538,1.178,6258,10739,14404,0.01456611,0,0,0.0508,0.087,0.3522,0.0481,0.01035,1.167,0.09447,-0.01224,0.24376,1.04138
1691,3263.6,18134459,1220016,0.536,1.145,6396,10753,14435,0.01456289,0,0,0.0462,0.0826,0.3502,0.0573,0.01131,1.13285,0.09648,-0.00963,0.24287,1.0524
1692,3265.4,18145235,1220746,0.599,1.166,6104,10776,14464,0.01455966,0,0,0.0608,0.1098,0.4005,0.0283,0.01097,1.15439,0.10738,-0.00997,0.26539,1.0538
1693,3267.1,18155975,1221487,0.573,1.159,6201,10740,14411,0.01455643,0,0,0.0579,0.0942,0.3671,0.0539,0.01087,1.1472,0.11043,-0.00927,0.26968,1.03976
1694,3268.9,18166688,1222213,0.64,1.146,5997,10713,14397,0.01455321,0,0,0.0659,0.122,0.4144,0.0381,0.01072,1.13419,0.10816,-0.01176,0.27152,1.08801
1695,3270.7,18177393,1222932,0.652,1.172,5869,10705,14387,0.01454999,0,0,0.0674,0.1132,0.4102,0.0609,0.01024,1.16117,0.10012,-0.01006,0.25183,1.08085
1696,3272.5,18188143,1223670,0.586,1.175,6105,10750,14410,0.01454678,0,0,0.0625,0.1041,0.3851,0.0344,0.01087,1.16267,0.10105,-0.01436,0.26229,1.08147
1697,3274.3,18198861,1224393,0.69,1.16,5794,10718,14393,0.01454356,0,0,0.0701,0.1304,0.4356,0.0535,0.01134,1.14829,0.08909,-0.0121,0.23345,1.0681
1698,3276.2,18209570,1225130,0.632,1.179,5915,10709,14405,0.01454034,0,0,0.0627,0.1063,0.3913,0.0717,0.01134,1.16658,0.08512,-0.01121,0.22441,1.09202
1699,3278.0,18220310,1225851,0.643,1.176,5904,10740,14418,0.01453713,0,0,0.0699,0.1251,0.4091,0.0388,0.01234,1.16281,0.08096,-0.01179,0.21786,1.11322
1700,3280.0,18231046,1226572,0.825,1.167,5388,10736,14409,0.01453391,0,0,0.0773,0.159,0.493,0.0961,0.01165,1.15481,0.09762,-0.0128,0.25316,1.11219
1701,3281.9,18241751,1227308,0.761,1.185,5502,10705,14375,0.01453069,0,0,0.0786,0.1684,0.4709,0.0433,0.01154,1.17199,0.08991,-0.00989,0.23168,1.10436
1702,3284.1,18252484,1228056,0.83,1.192,5307,10733,14428,0.01452747,0,0,0.0801,0.1822,0.4858,0.0817,0.01376,1.1776,0.08884,-0.01184,0.23293,1.08609
1703,3286.1,18263190,1228784,0.796,1.178,5423,10706,14385,0.01452425,0,0,0.08,0.1592,0.4776,0.0789,0.01155,1.16587,0.09254,-0.01107,0.23932,1.105
1704,3288.1,18273928,1229515,0.857,1.167,5306,10738,14412,0.01452104,0,0,0.0824,0.1974,0.5009,0.0766,0.01172,1.15364,0.09709,-0.01225,0.25078,1.10566
1705,3290.1,18284656,1230241,0.819,1.183,5360,10728,14430,0.01451782,0,0,0.0789,0.1744,0.4651,0.1006,0.01167,1.16995,0.09193,-0.01033,0.23652,1.1018
1706,3292.1,18295374,1230981,0.777,1.187,5456,10718,14393,0.0145146,0,0,0.0809,0.1668,0.4559,0.0735,0.01176,1.17453,0.09624,-0.00871,0.24243,1.12088
1707,3294.0,18306084,1231700,0.775,1.168,5512,10710,14397,0.01451139,0,0,0.0783,0.163,0.4684,0.0649,0.01146,1.15576,0.11129,-0.01149,0.27841,1.13158
1708,3295.9,18316829,1232429,0.721,1.158,5717,10745,14441,0.01450817,0,0,0.0757,0.1478,0.44,0.0576,0.01182,1.14558,0.09528,-0.00941,0.24191,1.12118
1709,3297.8,18327558,1233167,0.76,1.173,5550,10729,14399,0.01450495,0,0,0.078,0.1501,0.4596,0.0728,0.01122,1.16014,0.09115,-0.01195,0.23962,1.15169
1710,3299.7,18338277,1233904,0.747,1.163,5613,10719,14393,0.01450173,0,0,0.0777,0.1561,0.4701,0.0427,0.01369,1.14812,0.10082,-0.01104,0.25595,1.11098
1711,3301.7,18349004,1234630,0.848,1.15,5367,10727,14409,0.01449852,0,0,0.0781,0.1964,0.4737,0.1003,0.01366,1.13545,0.10158,-0.01079,0.25712,1.11644
1712,3303.8,18359800,1235350,0.876,1.165,5288,10796,14483,0.0144953,0,0,0.0827,0.1842,0.4858,0.1238,0.01267,1.15161,0.091,-0.01164,0.23821,1.13565
1713,3305.8,18370571,1236074,0.836,1.173,5363,10771,14438,0.01449206,0,0,0.0806,0.1803,0.4868,0.0881,0.01291,1.15889,0.09479,-0.01138,0.24506,1.12922
1714,3307.7,18381284,1236796,0.779,1.159,5529,10713,14373,0.01448883,0,0,0.0775,0.1636,0.4692,0.0685,0.01074,1.14677,0.08645,-0.0111,0.22786,1.13061
1715,3309.6,18392033,1237518,0.753,1.151,5646,10749,14448,0.01448561,0,0,0.08,0.1519,0.4544,0.0664,0.01283,1.13716,0.09285,-0.00951,0.23768,1.13699
1716,3311.6,18402802,1238256,0.772,1.191,5484,10769,14437,0.01448239,0,0,0.0795,0.1705,0.4739,0.0485,0.01102,1.17939,0.0917,-0.01148,0.23936,1.13903
1717,3313.5,18413541,1238985,0.678,1.188,5756,10739,14411,0.01447916,0,0,0.0685,0.1251,0.4095,0.0747,0.01145,1.17502,0.10462,-0.01332,0.26885,1.13876
1718,3315.3,18424287,1239696,0.665,1.166,5869,10746,14427,0.01447594,0,0,0.0688,0.127,0.4199,0.0496,0.01116,1.15358,0.10684,-0.00888,0.26403,1.12583
1719,3317.2,18434997,1240427,0.713,1.191,5625,10710,14398,0.01447271,0,0,0.0713,0.1312,0.4373,0.0731,0.01113,1.17911,0.08581,-0.01482,0.23418,1.13709
1720,3319.1,18445767,1241140,0.664,1.188,5817,10770,14451,0.0144695,0,0,0.0662,0.1249,0.4078,0.0651,0.01189,1.17477,0.10214,-0.01306,0.2629,1.12347
1721,3320.8,18456500,1241864,0.61,1.166,6045,10733,14416,0.01446627,0,0,0.0636,0.113,0.3991,0.0341,0.01227,1.15243,0.0953,-0.01391,0.25126,1.13443
1722,3322.7,18467234,1242589,0.676,1.188,5760,10734,14397,0.01446305,0,0,0.0663,0.1255,0.4201,0.064,0.01116,1.17554,0.09744,-0.01195,0.25092,1.11069
1723,3324.5,18477985,1243309,0.623,1.185,5947,10751,14426,0.01445983,0,0,0.0628,0.1074,0.3941,0.0587,0.01107,1.17289,0.10028,-0.00976,0.25295,1.13659
1724,3326.3,18488695,1244029,0.622,1.161,6006,10710,14381,0.0144566,0,0,0.064,0.1181,0.4073,0.0324,0.01113,1.14956,0.09166,-0.01224,0.24057,1.13361
1725,3328.1,18499421,1244736,0.67,1.171,5827,10726,14410,0.01445339,0,0,0.0619,0.1108,0.3997,0.0978,0.01098,1.15868,0.09846,-0.014,0.25795,1.14216
1726,3329.9,18510159,1245446,0.635,1.174,5937,10738,14406,0.01445017,0,0,0.0626,0.1112,0.3978,0.063,0.01144,1.16174,0.10616,-0.01186,0.26965,1.16285
1727,3331.9,18520877,1246160,0.751,1.169,5580,10718,14402,0.01444695,0,0,0.0739,0.1452,0.4652,0.0669,0.01164,1.15686,0.09934,-0.00935,0.2511,1.16674
1728,3333.7,18531614,1246889,0.684,1.169,5795,10737,14405,0.01444374,0,0,0.0714,0.1399,0.4314,0.0409,0.01175,1.15632,0.10123,-0.01046,0.25792,1.1955
1729,3335.6,18542371,1247601,0.708,1.182,5693,10757,14425,0.01444052,0,0,0.0696,0.1291,0.4249,0.084,0.01177,1.16914,0.10979,-0.01217,0.2785,1.19787
1730,3337.4,18553140,1248297,0.679,1.157,5867,10769,14461,0.01443729,0,0,0.0695,0.1355,0.4356,0.0383,0.01136,1.14451,0.09664,-0.0141,0.25566,1.18388
1731,3339.3,18563973,1249004,0.659,1.171,5922,10833,14542,0.01443406,0,0,0.065,0.1179,0.4085,0.0674,0.01096,1.15867,0.11169,-0.01236,0.28238,1.18819
1732,3341.1,18574802,1249728,0.64,1.178,5958,10829,14512,0.01443081,0,0,0.0669,0.1243,0.4143,0.0342,0.01132,1.16592,0.10182,-0.00874,0.25484,1.16871
1733,3343.0,18585538,1250448,0.725,1.176,5647,10736,14422,0.01442756,0,0,0.0722,0.1339,0.4305,0.0882,0.01487,1.16026,0.09018,-0.01562,0.2461,1.19523
1734,3345.0,18596314,1251137,0.806,1.179,5428,10776,14454,0.01442434,0,0,0.0797,0.168,0.5039,0.0547,0.01411,1.16399,0.09992,-0.01269,0.26044,1.22104
1735,3347.0,18607046,1251849,0.824,1.19,5329,10732,14450,0.01442111,0,0,0.0797,0.1661,0.4948,0.0837,0.01179,1.17688,0.10489,-0.00999,0.26445,1.20322
1736,3349.1,18617801,1252551,0.879,1.188,5204,10755,14440,0.01441789,0,0,0.0849,0.1841,0.4947,0.115,0.01235,1.17458,0.09724,-0.01146,0.2522,1.2067
1737,3351.1,18628521,1253258,0.83,1.171,5357,10720,14394,0.01441466,0,0,0.0801,0.1704,0.4687,0.1109,0.01187,1.15807,0.10802,-0.00922,0.26978,1.22462
1738,3352.9,18639291,1253964,0.698,1.184,5722,10770,14448,0.01441144,0,0,0.077,0.1419,0.4339,0.0455,0.01172,1.17124,0.11148,-0.01176,0.28194,1.23065
1739,3354.9,18650085,1254662,0.799,1.19,5427,10794,14471,0.01440821,0,0,0.0766,0.1534,0.467,0.102,0.01144,1.17752,0.09639,-0.01231,0.25284,1.23019
1740,3356.9,18660867,1255345,0.794,1.176,5473,10782,14485,0.01440497,0,0,0.0821,0.167,0.4951,0.0494,0.01201,1.16311,0.09367,-0.01966,0.26258,1.24747
1741,3358.8,18671649,1256044,0.707,1.175,5728,10782,14482,0.01440174,0,0,0.0702,0.1302,0.4232,0.0837,0.01067,1.16329,0.113,-0.01094,0.2834,1.23363
1742,3360.7,18682398,1256731,0.698,1.169,5757,10749,14432,0.01439851,0,0,0.0702,0.1317,0.4195,0.0766,0.01144,1.15695,0.10182,-0.01595,0.27142,1.24598
1743,3362.5,18693172,1257417,0.683,1.168,5822,10774,14474,0.01439528,0,0,0.0699,0.1275,0.4136,0.0719,0.01112,1.1557,0.09077,-0.01509,0.24809,1.26341
1744,3364.3,18703965,1258120,0.637,1.176,5951,10793,14492,0.01439205,0,0,0.0662,0.125,0.4134,0.0326,0.01036,1.16523,0.09651,-0.01207,0.25358,1.26475
1745,3366.1,18714736,1258816,0.652,1.169,5916,10771,14439,0.01438881,0,0,0.0657,0.1173,0.4081,0.0608,0.01115,1.15681,0.10594,-0.0159,0.27939,1.24108
1746,3367.9,18725523,1259523,0.633,1.169,5986,10787,14467,0.01438558,0,0,0.065,0.1171,0.4075,0.0429,0.01106,1.15739,0.10247,-0.01281,0.26627,1.2413
1747,3369.7,18736303,1260218,0.634,1.168,5983,10780,14463,0.01438234,0,0,0.0631,0.1137,0.3981,0.059,0.01151,1.15527,0.10424,-0.01069,0.26622,1.26405
1748,3371.6,18747064,1260917,0.636,1.171,5955,10761,14448,0.01437911,0,0,0.0629,0.1123,0.3995,0.0618,0.01192,1.15807,0.10496,-0.01157,0.2689,1.24635
1749,3373.4,18757850,1261635,0.674,1.168,5854,10786,14452,0.01437588,0,0,0.0654,0.1217,0.3989,0.0883,0.01102,1.15642,0.1002,-0.01442,0.26548,1.26015
1750,3375.2,18768595,1262346,0.664,1.172,5853,10745,14427,0.01437264,0,0,0.0655,0.1217,0.406,0.0709,0.01091,1.16007,0.10367,-0.01301,0.26924,1.24856
1751,3377.1,18779345,1263052,0.668,1.175,5835,10750,14420,0.01436942,0,0,0.0704,0.1283,0.4189,0.0499,0.0122,1.16195,0.11243,-0.01317,0.28639,1.22481
1752,3379.0,18790102,1263767,0.623,1.173,5987,10757,14429,0.0143662,0,0,0.0623,0.1057,0.3927,0.0625,0.0107,1.1619,0.10503,-0.01054,0.26596,1.21196
1753,3380.9,18800858,1264474,0.688,1.173,5781,10756,14420,0.01436297,0,0,0.068,0.1232,0.428,0.0685,0.01194,1.15995,0.10781,-0.01466,0.2801,1.22448
1754,3382.7,18811646,1265174,0.663,1.191,5820,10788,14461,0.01435974,0,0,0.0677,0.1219,0.4239,0.0497,0.01138,1.17807,0.11325,-0.01241,0.28647,1.2242
1755,3384.6,18822411,1265861,0.686,1.202,5702,10765,14430,0.01435651,0,0,0.0665,0.122,0.4316,0.0659,0.01069,1.19016,0.11386,-0.01122,0.28557,1.23344
1756,3386.4,18833187,1266558,0.63,1.202,5883,10776,14463,0.01435328,0,0,0.067,0.1172,0.4101,0.036,0.01145,1.18919,0.10419,-0.01459,0.27331,1.2454
1757,3388.4,18844012,1267264,0.769,1.204,5486,10825,14488,0.01435004,0,0,0.079,0.1553,0.4601,0.0748,0.01257,1.19029,0.10659,-0.01246,0.27383,1.24464
1758,3390.4,18854801,1267969,0.786,1.195,5445,10789,14480,0.0143468,0,0,0.0764,0.1494,0.4636,0.0965,0.01178,1.18272,0.12214,-0.01013,0.30068,1.25913
1759,3392.3,18865612,1268658,0.715,1.169,5737,10811,14485,0.01434356,0,0,0.0762,0.1415,0.4477,0.0496,0.0117,1.15668,0.09994,-0.01009,0.25675,1.27855
1760,3394.2,18876435,1269364,0.763,1.168,5606,10823,14510,0.01434032,0,0,0.0736,0.1479,0.4459,0.0956,0.01117,1.15575,0.09532,-0.01421,0.25541,1.26677
1761,3396.1,18887231,1270038,0.697,1.17,5782,10796,14464,0.01433707,0,0,0.0723,0.136,0.4227,0.0663,0.01152,1.15752,0.10235,-0.00861,0.25879,1.28638
1762,3397.9,18898012,1270739,0.689,1.171,5798,10781,14452,0.01433383,0,0,0.074,0.1381,0.4326,0.044,0.01133,1.1583,0.11056,-0.01263,0.28211,1.24639
1763,3399.8,18908832,1271436,0.709,1.167,5768,10820,14482,0.0143306,0,0,0.0744,0.1407,0.4364,0.0578,0.0113,1.15427,0.10794,-0.01171,0.27498,1.24495
1764,3401.8,18919651,1272148,0.821,1.169,5437,10819,14481,0.01432735,0,0,0.0817,0.1609,0.4637,0.1147,0.01131,1.15638,0.10935,-0.00971,0.27498,1.28606
1765,3403.8,18930438,1272848,0.798,1.17,5481,10787,14451,0.0143241,0,0,0.0779,0.1483,0.4455,0.1265,0.01037,1.15855,0.10264,-0.01104,0.26372,1.26936
1766,3405.7,18941292,1273542,0.777,1.169,5580,10854,14530,0.01432087,0,0,0.0784,0.1531,0.4611,0.0841,0.01152,1.15608,0.09916,-0.01097,0.25648,1.26503
1767,3407.7,18952097,1274247,0.769,1.17,5574,10805,14464,0.01431761,0,0,0.0794,0.1622,0.4709,0.0562,0.01172,1.15694,0.10188,-0.01101,0.26163,1.25219
1768,3409.6,18962906,1274939,0.79,1.172,5509,10809,14471,0.01431437,0,0,0.0783,0.153,0.4742,0.0846,0.01212,1.15914,0.10681,-0.0073,0.2641,1.25309
1769,3411.6,18973761,1275657,0.78,1.172,5562,10855,14519,0.01431113,0,0,0.0801,0.161,0.4746,0.0639,0.01213,1.15882,0.10494,-0.00913,0.26366,1.24111
1770,3413.5,18984585,1276335,0.766,1.169,5593,10824,14493,0.01430787,0,0,0.0794,0.1635,0.4655,0.0575,0.01245,1.15601,0.11394,-0.00581,0.27499,1.24014
1771,3415.5,18995400,1277056,0.811,1.223,5315,10815,14483,0.01430462,0,0,0.079,0.1522,0.467,0.1132,0.01626,1.20624,0.10053,-0.01109,0.25991,1.28166
1772,3417.6,19006218,1277753,0.862,1.219,5198,10818,14476,0.01430138,0,0,0.0799,0.1589,0.4622,0.1614,0.01149,1.20618,0.1,-0.01312,0.26263,1.27154
1773,3419.6,19017029,1278474,0.758,1.217,5473,10811,14470,0.01429813,0,0,0.0706,0.1265,0.435,0.1259,0.01136,1.20443,0.09824,-0.01084,0.25378,1.2458
1774,3421.5,19027796,1279178,0.691,1.217,5641,10767,14422,0.01429489,0,0,0.0709,0.1354,0.4358,0.049,0.01247,1.20394,0.09253,-0.0106,0.24187,1.24535
1775,3423.4,19038590,1279890,0.704,1.172,5754,10794,14464,0.01429166,0,0,0.0718,0.1353,0.442,0.0552,0.01228,1.15832,0.10713,-0.01367,0.27664,1.22623
1776,3425.2,19049350,1280597,0.664,1.172,5859,10760,14415,0.01428842,0,0,0.0667,0.1266,0.4297,0.0412,0.01206,1.15944,0.10578,-0.01553,0.27846,1.25402
1777,3427.1,19060107,1281312,0.672,1.171,5836,10757,14451,0.0142852,0,0,0.0671,0.1246,0.4247,0.0556,0.01206,1.15833,0.10211,-0.01261,0.26471,1.23484
1778,3428.9,19070841,1282008,0.661,1.174,5849,10734,14386,0.01428197,0,0,0.0687,0.1201,0.4292,0.0432,0.01169,1.16127,0.1086,-0.01132,0.27555,1.25058
1779,3430.7,19081586,1282717,0.657,1.171,5877,10745,14392,0.01427875,0,0,0.0642,0.1149,0.4148,0.0632,0.01171,1.15857,0.11087,-0.01495,0.28728,1.24797
1780,3432.6,19092337,1283427,0.663,1.17,5866,10751,14437,0.01427552,0,0,0.0679,0.1265,0.4288,0.0396,0.01104,1.15782,0.10482,-0.01087,0.26698,1.24715
1781,3434.4,19103125,1284127,0.677,1.173,5833,10788,14440,0.0142723,0,0,0.0648,0.1232,0.4309,0.0579,0.01108,1.1608,0.09716,-0.01446,0.26025,1.29656
1782,3436.2,19113914,1284832,0.651,1.172,5917,10789,14453,0.01426906,0,0,0.0676,0.1178,0.4205,0.0453,0.01128,1.15994,0.08893,-0.01198,0.23842,1.28185
1783,3438.1,19124702,1285517,0.648,1.168,5940,10788,14470,0.01426583,0,0,0.0623,0.1099,0.413,0.0628,0.01199,1.1551,0.10296,-0.01214,0.26759,1.31103
1784,3439.8,19135477,1286214,0.611,1.168,6057,10775,14440,0.01426259,0,0,0.062,0.1089,0.4076,0.0321,0.01079,1.15663,0.09763,-0.01076,0.25353,1.28836
1785,3441.7,19146304,1286914,0.649,1.172,5947,10827,14482,0.01425936,0,0,0.0624,0.1148,0.4126,0.0592,0.01063,1.15987,0.0932,-0.0147,0.25216,1.27466
1786,3443.5,19157063,1287609,0.682,1.167,5817,10759,14401,0.01425611,0,0,0.0669,0.1279,0.4356,0.0517,0.0113,1.15521,0.09281,-0.01387,0.2503,1.29587
1787,3445.5,19167883,1288297,0.795,1.171,5505,10820,14491,0.01425288,0,0,0.0773,0.1545,0.4726,0.0907,0.0122,1.15743,0.09543,-0.00747,0.24174,1.26062
1788,3447.4,19178673,1288999,0.737,1.217,5522,10790,14463,0.01424964,0,0,0.077,0.1492,0.4587,0.0523,0.01231,1.20366,0.08292,-0.01423,0.23104,1.28848
1789,3449.3,19189455,1289694,0.707,1.213,5616,10782,14437,0.0142464,0,0,0.0797,0.1445,0.4416,0.0411,0.01129,1.20085,0.09797,-0.01314,0.25833,1.26731
1790,3451.2,19200233,1290385,0.658,1.209,5772,10778,14451,0.01424316,0,0,0.0714,0.1195,0.4148,0.0519,0.01047,1.19827,0.09192,-0.01523,0.25062,1.27473
1791,3453.1,19210980,1291099,0.702,1.216,5602,10747,14423,0.01423993,0,0,0.0751,0.1398,0.4364,0.0511,0.01158,1.20343,0.08335,-0.01451,0.23198,1.2729
1792,3455.0,19221772,1291792,0.636,1.209,5848,10792,14463,0.01423671,0,0,0.0662,0.1143,0.4064,0.0495,0.01064,1.19735,0.08913,-0.01215,0.23806,1.24725
1793,3456.8,19232547,1292490,0.605,1.21,5939,10775,14469,0.01423347,0,0,0.0642,0.1093,0.3975,0.0337,0.01109,1.19779,0.08648,-0.00834,0.22545,1.25828
1794,3458.6,19243328,1293191,0.606,1.213,5929,10781,14439,0.01423024,0,0,0.0614,0.1003,0.3788,0.0654,0.01105,1.20078,0.08448,-0.01167,0.2272,1.22565
1795,3460.5,19254151,1293881,0.646,1.213,5821,10823,14466,0.014227,0,0,0.0668,0.1237,0.4094,0.0461,0.01198,1.20047,0.0899,-0.0109,0.23768,1.26756
1796,3462.3,19264961,1294582,0.673,1.205,5757,10810,14478,0.01422375,0,0,0.0671,0.126,0.4132,0.0669,0.01176,1.19197,0.08374,-0.01134,0.22618,1.26689
1797,3464.2,19275811,1295261,0.635,1.17,6012,10850,14515,0.01422051,0,0,0.0653,0.1237,0.4082,0.0375,0.01187,1.15745,0.08573,-0.01436,0.2362,1.26699
1798,3465.9,19286611,1295955,0.624,1.164,6039,10800,14456,0.01421726,0,0,0.062,0.1064,0.3906,0.0649,0.01118,1.15241,0.0852,-0.01035,0.22711,1.26595
1799,3467.7,19297421,1296648,0.567,1.165,6242,10810,14459,0.01421402,0,0,0.0569,0.0998,0.3774,0.0331,0.01108,1.15268,0.08781,-0.01183,0.23601,1.29211
1800,3469.4,19308194,1297351,0.528,1.165,6363,10773,14428,0.01421077,0,0,0.0474,0.0831,0.3509,0.047,0.01088,1.15318,0.0811,-0.01159,0.2218,1.28154
1801,3471.5,19318944,1298055,0.533,1.162,6340,10750,14408,0.01420754,0,0,0.0456,0.084,0.3486,0.0548,0.01115,1.1508,0.07876,-0.01561,0.22508,1.27895
1802,3473.3,19329690,1298765,0.514,1.164,6404,10746,14450,0.01420432,0,0,0.0471,0.085,0.3533,0.0289,0.01036,1.15243,0.07628,-0.01188,0.21332,1.30181
1803,3475.0,19340422,1299471,0.544,1.167,6272,10732,14433,0.01420109,0,0,0.0471,0.0847,0.3554,0.0564,0.0104,1.1564,0.08129,-0.01194,0.22263,1.27311
1804,3476.8,19351147,1300185,0.619,1.169,5999,10725,14441,0.01419787,0,0,0.0631,0.1162,0.3973,0.042,0.01225,1.15615,0.07665,-0.0118,0.21296,1.26947
1805,3478.6,19361836,1300899,0.656,1.174,5842,10689,14402,0.01419466,0,0,0.0629,0.1217,0.408,0.0631,0.0099,1.16327,0.06636,-0.01418,0.19683,1.25946
1806,3480.4,19372555,1301607,0.606,1.188,5977,10719,14446,0.01419145,0,0,0.0629,0.1112,0.4021,0.0295,0.0108,1.1763,0.0776,-0.01106,0.21284,1.25085
1807,3482.3,19383247,1302323,0.647,1.188,5827,10692,14419,0.01418823,0,0,0.0631,0.1171,0.4066,0.0607,0.01161,1.17495,0.0762,-0.00919,0.20667,1.26459
1808,3484.1,19393958,1303015,0.648,1.186,5840,10711,14428,0.01418503,0,0,0.0645,0.1165,0.4083,0.0591,0.01098,1.17396,0.07204,-0.00979,0.20085,1.31153
1809,3485.9,19404680,1303746,0.618,1.189,5931,10722,14465,0.01418181,0,0,0.0635,0.1125,0.4067,0.0357,0.01111,1.17733,0.08486,-0.00984,0.22557,1.27576
1810,3487.7,19415403,1304420,0.635,1.166,5953,10723,14411,0.0141786,0,0,0.0609,0.1129,0.4023,0.0592,0.01152,1.1534,0.08242,-0.01212,0.22529,1.27682
1811,3489.5,19426118,1305141,0.636,1.167,5943,10715,14439,0.01417538,0,0,0.0626,0.1146,0.4078,0.051,0.01096,1.15499,0.07717,-0.01253,0.21568,1.27962
1812,3491.3,19436840,1305848,0.639,1.168,5933,10722,14437,0.01417216,0,0,0.0639,0.1178,0.4133,0.0443,0.01166,1.15556,0.07826,-0.01023,0.21359,1.29161
1813,3493.0,19447566,1306554,0.517,1.162,6387,10726,14444,0.01416895,0,0,0.0458,0.0833,0.3482,0.0397,0.0113,1.1502,0.0832,-0.01301,0.2295,1.3084
1814,3494.7,19458269,1307253,0.542,1.166,6267,10703,14420,0.01416573,0,0,0.0486,0.0847,0.3575,0.0514,0.01132,1.15364,0.08121,-0.01067,0.22081,1.30773
1815,3496.5,19468990,1307962,0.665,1.169,5844,10721,14467,0.01416252,0,0,0.063,0.1216,0.3988,0.0818,0.01144,1.15734,0.07632,-0.01089,0.21099,1.29137
1816,3498.3,19479720,1308680,0.635,1.164,5965,10730,14449,0.0141593,0,0,0.0491,0.0867,0.3532,0.1456,0.01041,1.15296,0.07678,-0.01077,0.21184,1.29713
1817,3500.2,19490462,1309380,0.687,1.169,5788,10742,14462,0.01415608,0,0,0.0628,0.1149,0.4052,0.104,0.0116,1.15659,0.09126,-0.01136,0.24185,1.29349
1818,3502.0,19501177,1310075,0.667,1.17,5832,10715,14436,0.01415286,0,0,0.0652,0.1202,0.4141,0.0678,0.01095,1.15815,0.086,-0.01065,0.23037,1.30975
1819,3503.8,19511883,1310784,0.628,1.169,5958,10706,14427,0.01414965,0,0,0.0602,0.1072,0.3895,0.071,0.01135,1.15705,0.07584,-0.01119,0.21074,1.29657
1820,3505.6,19522579,1311500,0.631,1.167,5946,10696,14403,0.01414644,0,0,0.0642,0.1121,0.4122,0.0429,0.0112,1.15553,0.08474,-0.00891,0.22376,1.28863
1821,3507.4,19533273,1312209,0.586,1.171,6087,10694,14430,0.01414323,0,0,0.0589,0.0992,0.3806,0.0476,0.01135,1.15824,0.079,-0.00993,0.21413,1.28193
1822,3509.1,19543940,1312916,0.578,1.167,6115,10667,14377,0.01414002,0,0,0.0581,0.1017,0.3844,0.0336,0.01113,1.1548,0.08647,-0.01259,0.23393,1.2664
1823,3511.0,19554655,1313612,0.606,1.231,5833,10715,14421,0.01413682,0,0,0.058,0.1041,0.3895,0.0545,0.01183,1.21835,0.08099,-0.00933,0.2166,1.27173
1824,3512.9,19565344,1314312,0.626,1.267,5648,10689,14423,0.0141336,0,0,0.0647,0.1067,0.4017,0.0528,0.01116,1.25455,0.07929,-0.01023,0.21558,1.29229
1825,3514.7,19576050,1315024,0.618,1.264,5690,10706,14426,0.0141304,0,0,0.0633,0.1073,0.4056,0.0418,0.01144,1.25147,0.07588,-0.01075,0.21058,1.32097
1826,3516.6,19586722,1315715,0.631,1.267,5622,10672,14390,0.01412719,0,0,0.0632,0.1088,0.4023,0.0566,0.0114,1.25504,0.09443,-0.00605,0.23764,1.29814
1827,3518.5,19597451,1316416,0.617,1.267,5695,10729,14459,0.01412398,0,0,0.0626,0.1062,0.4,0.0486,0.0115,1.25423,0.07503,-0.01436,0.21578,1.30994
1828,3520.4,19608157,1317110,0.577,1.262,5821,10706,14420,0.01412076,0,0,0.057,0.1017,0.3858,0.0327,0.01205,1.2493,0.07876,-0.01068,0.21664,1.33702
1829,3522.1,19618814,1317803,0.58,1.191,6017,10657,14399,0.01411755,0,0,0.0503,0.0899,0.3783,0.0613,0.01115,1.17946,0.08054,-0.01129,0.22125,1.33135
1830,3523.8,19629545,1318514,0.514,1.188,6305,10731,14461,0.01411436,0,0,0.0469,0.0844,0.3566,0.0264,0.01131,1.1756,0.06997,-0.01439,0.20689,1.35219
1831,3525.6,19640254,1319205,0.55,1.189,6159,10709,14434,0.01411114,0,0,0.0479,0.0853,0.3601,0.0566,0.01128,1.17669,0.08614,-0.01129,0.23243,1.33084
1832,3527.3,19650935,1319905,0.535,1.185,6209,10681,14393,0.01410792,0,0,0.0491,0.0863,0.3601,0.0397,0.01059,1.17401,0.08694,-0.01304,0.23731,1.32422
1833,3529.0,19661647,1320590,0.521,1.185,6278,10712,14437,0.01410472,0,0,0.0472,0.0846,0.3523,0.0371,0.01087,1.17342,0.07274,-0.01435,0.21248,1.35748
1834,3530.7,19672371,1321283,0.536,1.184,6234,10724,14456,0.01410151,0,0,0.0493,0.0908,0.3646,0.0317,0.01043,1.17268,0.07614,-0.01777,0.22529,1.32827
1835,3532.5,19683085,1321954,0.548,1.189,6167,10714,14438,0.01409829,0,0,0.0467,0.0852,0.3625,0.0535,0.01133,1.17723,0.08496,-0.01433,0.23706,1.36487
1836,3534.2,19693862,1322631,0.518,1.184,6332,10777,14476,0.01409507,0,0,0.0492,0.0894,0.3529,0.0262,0.01083,1.17289,0.08085,-0.01321,0.22631,1.35477
1837,3535.9,19704600,1323317,0.538,1.164,6306,10738,14455,0.01409184,0,0,0.0478,0.0845,0.3537,0.0525,0.01072,1.15289,0.08154,-0.01017,0.22079,1.32606
1838,3537.6,19715324,1324016,0.525,1.162,6354,10724,14454,0.01408862,0,0,0.0484,0.0866,0.351,0.0394,0.01147,1.1502,0.06635,-0.01162,0.19349,1.33245
1839,3539.2,19726044,1324701,0.518,1.164,6373,10720,14431,0.0140854,0,0,0.0462,0.0823,0.3561,0.0337,0.01094,1.15218,0.07776,-0.01048,0.21311,1.30013
1840,3540.9,19736778,1325367,0.533,1.165,6322,10734,14439,0.01408219,0,0,0.0494,0.0868,0.3579,0.0388,0.01121,1.1531,0.0816,-0.0119,0.22442,1.32882
1841,3542.6,19747530,1326053,0.547,1.165,6279,10752,14505,0.01407897,0,0,0.0494,0.0871,0.3571,0.0538,0.0109,1.15305,0.08337,-0.01392,0.23298,1.36434
1842,3544.3,19758248,1326737,0.532,1.165,6317,10718,14434,0.01407574,0,0,0.0479,0.0861,0.3578,0.04,0.01121,1.15299,0.06651,-0.01256,0.19612,1.34903
1843,3546.0,19768998,1327414,0.516,1.163,6400,10750,14465,0.01407253,0,0,0.0472,0.0849,0.3537,0.0307,0.01058,1.15197,0.07487,-0.01549,0.21868,1.3486
1844,3547.7,19779697,1328090,0.536,1.165,6290,10699,14436,0.0140693,0,0,0.048,0.0845,0.3535,0.0497,0.01141,1.15259,0.07507,-0.01304,0.21457,1.36258
1845,3549.5,19790476,1328764,0.638,1.171,5959,10779,14496,0.01406609,0,0,0.0639,0.119,0.4204,0.0343,0.01221,1.15815,0.09071,-0.00909,0.23771,1.35491
1846,3551.4,19801207,1329447,0.651,1.169,5897,10731,14456,0.01406286,0,0,0.0626,0.1179,0.4063,0.064,0.01151,1.15669,0.08719,-0.01102,0.2345,1.35358
1847,3553.2,19811901,1330137,0.628,1.168,5954,10694,14417,0.01405964,0,0,0.0611,0.1123,0.4085,0.0462,0.01047,1.15634,0.08737,-0.01373,0.24108,1.38219
1848,3555.0,19822619,1330819,0.647,1.171,5895,10718,14431,0.01405643,0,0,0.0633,0.1128,0.4168,0.0542,0.01154,1.15882,0.08163,-0.01438,0.23028,1.36104
1849,3556.8,19833360,1331491,0.635,1.17,5950,10741,14485,0.01405321,0,0,0.0647,0.1173,0.4105,0.0424,0.01012,1.15921,0.0947,-0.01297,0.25354,1.35903
1850,3558.6,19844107,1332176,0.696,1.168,5764,10747,14479,0.01404999,0,0,0.0675,0.1277,0.432,0.0689,0.01163,1.15605,0.08439,-0.01265,0.23264,1.37205
1851,3560.5,19854803,1332860,0.645,1.173,5882,10696,14435,0.01404677,0,0,0.0646,0.116,0.4143,0.0506,0.01199,1.16021,0.07854,-0.01409,0.22356,1.36309
1852,3562.4,19865499,1333551,0.646,1.173,5877,10696,14409,0.01404356,0,0,0.0661,0.1207,0.4213,0.0383,0.01105,1.16117,0.08624,-0.01345,0.23766,1.3633
1853,3564.3,19876211,1334229,0.68,1.17,5788,10712,14435,0.01404035,0,0,0.064,0.1149,0.4119,0.0896,0.01138,1.15823,0.07965,-0.01272,0.22352,1.38118
1854,3566.1,19886927,1334919,0.635,1.172,5931,10716,14439,0.01403714,0,0,0.0611,0.1107,0.3983,0.0646,0.01185,1.15922,0.07762,-0.01229,0.21819,1.36598
1855,3567.9,19897652,1335591,0.636,1.179,5909,10725,14440,0.01403392,0,0,0.0604,0.1081,0.3974,0.0704,0.01146,1.16615,0.08576,-0.01581,0.241,1.3492
1856,3569.7,19908415,1336285,0.63,1.177,5958,10763,14499,0.0140307,0,0,0.0636,0.115,0.4051,0.0463,0.01144,1.16418,0.07089,-0.01359,0.208,1.39125
1857,3571.5,19919089,1336965,0.625,1.176,5925,10674,14409,0.01402748,0,0,0.063,0.1125,0.4058,0.0438,0.01163,1.16405,0.09167,-0.01005,0.24137,1.35194
1858,3573.4,19929823,1337652,0.645,1.179,5885,10734,14439,0.01402427,0,0,0.0645,0.1108,0.4043,0.0655,0.01123,1.1668,0.08324,-0.01244,0.2295,1.35967
1859,3575.2,19940522,1338344,0.622,1.267,5662,10699,14433,0.01402105,0,0,0.0621,0.1114,0.4044,0.0444,0.01026,1.25602,0.08014,-0.00962,0.2172,1.34434
1860,3577.3,19951237,1339035,0.797,1.292,5129,10715,14461,0.01401784,0,0,0.0806,0.1616,0.4891,0.0656,0.013,1.27806,0.08032,-0.0135,0.22483,1.32723
1861,3579.5,19961924,1339729,0.879,1.294,4919,10687,14414,0.01401463,0,0,0.0852,0.1648,0.5026,0.1259,0.01255,1.28037,0.08048,-0.01455,0.22619,1.28927
1862,3581.6,19972573,1340426,0.817,1.286,5064,10649,14383,0.01401142,0,0,0.0819,0.1624,0.4898,0.083,0.01219,1.2727,0.07627,-0.01523,0.22016,1.32596
1863,3583.6,19983291,1341143,0.66,1.284,5516,10718,14448,0.01400823,0,0,0.0687,0.1263,0.4251,0.0394,0.01179,1.27087,0.08425,-0.01226,0.23082,1.34944
1864,3585.5,19993970,1341840,0.689,1.285,5409,10679,14385,0.01400501,0,0,0.0687,0.1164,0.4222,0.0823,0.01265,1.27153,0.08789,-0.01108,0.23515,1.32875
1865,3587.5,20004671,1342535,0.711,1.283,5366,10701,14458,0.01400181,0,0,0.0675,0.1158,0.4175,0.1104,0.01153,1.27067,0.079,-0.01499,0.22562,1.34371
1866,3589.4,20015360,1343239,0.697,1.188,5672,10689,14398,0.0139986,0,0,0.0674,0.1312,0.4346,0.0637,0.01198,1.17474,0.09305,-0.01506,0.25332,1.32552
1867,3591.3,20026082,1343919,0.713,1.185,5647,10722,14418,0.01399539,0,0,0.0698,0.137,0.4393,0.0671,0.01122,1.17323,0.08947,-0.01418,0.2443,1.32233
1868,3593.2,20036788,1344622,0.686,1.191,5705,10706,14430,0.01399218,0,0,0.07,0.1265,0.437,0.0524,0.01237,1.17726,0.09659,-0.01191,0.25397,1.32081
1869,3595.1,20047505,1345312,0.742,1.188,5553,10717,14428,0.01398896,0,0,0.0742,0.1514,0.4567,0.0595,0.01141,1.17588,0.09431,-0.01203,0.24935,1.31053
1870,3597.0,20058172,1345995,0.715,1.186,5613,10667,14378,0.01398575,0,0,0.074,0.145,0.4468,0.049,0.01141,1.17335,0.09541,-0.01193,0.25217,1.34048
1871,3599.0,20068865,1346695,0.79,1.173,5448,10693,14426,0.01398255,0,0,0.0759,0.1638,0.4504,0.1,0.0118,1.15991,0.09089,-0.01458,0.24862,1.34743
1872,3600.8,20079554,1347393,0.688,1.168,5758,10689,14401,0.01397934,0,0,0.068,0.1321,0.4331,0.0552,0.01151,1.1554,0.08317,-0.01666,0.2371,1.33918
1873,3602.8,20090239,1348088,0.757,1.168,5551,10685,14388,0.01397613,0,0,0.0753,0.1506,0.4547,0.076,0.01174,1.15504,0.103,-0.01456,0.2712,1.2906
1874,3604.8,20100949,1348794,0.828,1.17,5359,10710,14437,0.01397293,0,0,0.0815,0.1633,0.4765,0.107,0.01239,1.15722,0.08912,-0.0168,0.24823,1.30217
1875,3606.6,20111648,1349490,0.712,1.167,5695,10699,14416,0.01396972,0,0,0.0705,0.1339,0.4394,0.0679,0.01245,1.15362,0.10063,-0.01587,0.26917,1.29503
1876,3609.1,20122354,1350202,0.807,1.166,5424,10706,14409,0.01396651,0,0,0.0753,0.1925,0.4488,0.0908,0.01135,1.15348,0.1044,-0.01389,0.27129,1.24222
1877,3610.9,20133013,1350894,0.646,1.165,5887,10659,14397,0.01396329,0,0,0.0673,0.1205,0.4233,0.0346,0.01097,1.15325,0.09769,-0.01512,0.26082,1.26041
1878,3612.7,20143689,1351604,0.638,1.165,5919,10676,14417,0.0139601,0,0,0.0667,0.1223,0.4113,0.0382,0.0111,1.15297,0.09484,-0.01396,0.25304,1.26972
1879,3614.5,20154380,1352297,0.655,1.167,5866,10691,14409,0.01395689,0,0,0.0643,0.1126,0.4021,0.0765,0.01143,1.1548,0.10508,-0.01312,0.27064,1.22638
1880,3616.3,20165116,1353010,0.633,1.166,5968,10736,14466,0.01395369,0,0,0.0637,0.1135,0.4083,0.0477,0.0117,1.15313,0.09637,-0.01384,0.25537,1.25267
1881,3618.2,20175827,1353708,0.717,1.166,5687,10711,14430,0.01395047,0,0,0.0697,0.1306,0.4247,0.0923,0.01253,1.15236,0.09666,-0.01322,0.25429,1.23737
1882,3620.1,20186551,1354406,0.701,1.165,5749,10724,14424,0.01394725,0,0,0.0674,0.1244,0.4122,0.0969,0.01192,1.15191,0.09463,-0.0147,0.25197,1.1941
1883,3621.9,20197287,1355111,0.63,1.167,5975,10736,14463,0.01394403,0,0,0.0613,0.108,0.3917,0.0691,0.01125,1.1547,0.08984,-0.01342,0.24081,1.23012
1884,3623.7,20208003,1355814,0.642,1.165,5928,10716,14449,0.01394081,0,0,0.0679,0.1246,0.4124,0.0373,0.01213,1.15253,0.0938,-0.01421,0.2505,1.23621
1885,3625.5,20218739,1356512,0.672,1.165,5844,10736,14461,0.0139376,0,0,0.0665,0.1233,0.4044,0.0778,0.01179,1.1523,0.09456,-0.01208,0.24812,1.25027
1886,3627.4,20229474,1357211,0.68,1.167,5813,10735,14441,0.01393438,0,0,0.0659,0.125,0.4237,0.0652,0.01163,1.15439,0.10845,-0.01239,0.27632,1.24326
1887,3629.2,20240178,1357910,0.653,1.167,5881,10704,14441,0.01393116,0,0,0.0678,0.1236,0.4264,0.0352,0.01203,1.15431,0.11426,-0.01342,0.28972,1.23271
1888,3631.0,20250851,1358597,0.686,1.172,5744,10673,14394,0.01392795,0,0,0.0679,0.1245,0.4273,0.066,0.01077,1.16065,0.09468,-0.01206,0.24805,1.24166
1889,3632.9,20261533,1359294,0.626,1.177,5924,10682,14383,0.01392474,0,0,0.061,0.1129,0.406,0.046,0.01185,1.16423,0.0954,-0.01583,0.25764,1.26308
1890,3634.7,20272214,1359993,0.681,1.176,5750,10681,14398,0.01392154,0,0,0.0706,0.1335,0.4256,0.0518,0.01246,1.16277,0.0989,-0.01312,0.2587,1.24547
1891,3636.6,20282964,1360674,0.701,1.173,5735,10750,14481,0.01391834,0,0,0.0675,0.1212,0.4393,0.0733,0.01082,1.16167,0.10236,-0.01565,0.27112,1.26066
1892,3638.4,20293656,1361361,0.619,1.199,5882,10692,14433,0.01391511,0,0,0.0633,0.1089,0.4009,0.0454,0.01159,1.18631,0.08289,-0.01343,0.22811,1.27441
1893,3640.4,20304395,1362047,0.695,1.285,5422,10739,14441,0.0139119,0,0,0.0696,0.1262,0.4454,0.054,0.01346,1.27094,0.11135,-0.01159,0.27972,1.21667
1894,3642.3,20315055,1362733,0.667,1.282,5471,10660,14388,0.01390868,0,0,0.0663,0.1145,0.4148,0.0711,0.01124,1.26983,0.10782,-0.01536,0.28082,1.23947
1895,3644.2,20325711,1363417,0.619,1.283,5603,10656,14389,0.01390548,0,0,0.0633,0.1101,0.3985,0.0472,0.01137,1.27048,0.09032,-0.01387,0.24367,1.26875
1896,3646.2,20336405,1364103,0.656,1.286,5507,10694,14399,0.01390229,0,0,0.0674,0.115,0.4176,0.0561,0.01393,1.27084,0.10341,-0.01442,0.2708,1.2635
1897,3648.1,20347087,1364798,0.674,1.215,5656,10682,14395,0.01389908,0,0,0.0665,0.1168,0.4171,0.0732,0.01256,1.20152,0.08947,-0.01398,0.24202,1.26324
1898,3649.9,20357777,1365484,0.627,1.188,5890,10690,14400,0.01389587,0,0,0.0638,0.1159,0.398,0.0495,0.01082,1.17615,0.09439,-0.01273,0.24865,1.23812
1899,3651.7,20368449,1366176,0.637,1.187,5850,10672,14402,0.01389267,0,0,0.0647,0.1125,0.409,0.0506,0.01217,1.17439,0.09893,-0.00782,0.24907,1.28013
1900,3653.6,20379178,1366881,0.696,1.189,5693,10729,14463,0.01388947,0,0,0.0705,0.1292,0.4197,0.0766,0.01056,1.17734,0.09132,-0.01509,0.24871,1.2923
1901,3655.4,20389894,1367579,0.658,1.188,5805,10716,14451,0.01388625,0,0,0.0654,0.1253,0.4082,0.0593,0.01139,1.17551,0.08975,-0.01217,0.23911,1.26983
1902,3657.4,20400587,1368269,0.659,1.189,5789,10693,14419,0.01388303,0,0,0.0663,0.1241,0.4313,0.0371,0.01337,1.17432,0.10494,-0.01172,0.26802,1.24913
1903,3659.3,20411240,1368973,0.683,1.193,5680,10653,14368,0.01387982,0,0,0.0669,0.1146,0.4299,0.0713,0.01252,1.17941,0.08258,-0.01218,0.22429,1.25204
1904,3661.2,20421878,1369688,0.678,1.19,5696,10638,14343,0.01387663,0,0,0.0673,0.1205,0.4331,0.057,0.01177,1.17717,0.08371,-0.01186,0.22558,1.24159
1905,3663.0,20432552,1370398,0.683,1.175,5745,10674,14383,0.01387344,0,0,0.0683,0.1281,0.4397,0.0468,0.01208,1.16208,0.08412,-0.00955,0.22133,1.22489
1906,3664.9,20443256,1371108,0.695,1.167,5751,10704,14395,0.01387023,0,0,0.0698,0.121,0.4269,0.0769,0.01065,1.15521,0.10341,-0.01076,0.26247,1.22998
1907,3666.7,20453901,1371811,0.673,1.167,5786,10645,14354,0.01386702,0,0,0.0651,0.1213,0.4349,0.0518,0.0117,1.15396,0.09538,-0.01274,0.25089,1.24975
1908,3668.6,20464580,1372513,0.677,1.168,5786,10679,14397,0.01386383,0,0,0.0659,0.1223,0.4328,0.0563,0.01175,1.15547,0.09005,-0.01133,0.23733,1.24666
1909,3670.4,20475235,1373228,0.643,1.167,5886,10655,14389,0.01386063,0,0,0.0671,0.113,0.4191,0.0436,0.01083,1.1555,0.08933,-0.00765,0.2287,1.25329
1910,3672.2,20485951,1373931,0.665,1.167,5850,10716,14432,0.01385743,0,0,0.0643,0.1137,0.4217,0.0655,0.01139,1.15411,0.08209,-0.01358,0.22606,1.25328
1911,3674.1,20496631,1374636,0.69,1.17,5742,10680,14377,0.01385421,0,0,0.0649,0.12,0.4233,0.082,0.01145,1.15687,0.09039,-0.01215,0.23963,1.2469
1912,3675.9,20507337,1375338,0.642,1.166,5921,10706,14435,0.01385101,0,0,0.0644,0.116,0.4234,0.0385,0.01181,1.15312,0.08984,-0.00846,0.23211,1.2821
1913,3677.7,20517984,1376053,0.647,1.166,5873,10647,14369,0.0138478,0,0,0.0619,0.1143,0.4144,0.0561,0.01164,1.15357,0.08787,-0.01013,0.23054,1.24705
1914,3679.5,20528656,1376765,0.647,1.169,5878,10672,14373,0.0138446,0,0,0.0632,0.1082,0.4061,0.069,0.01153,1.15689,0.09182,-0.01218,0.24164,1.21469
1915,3681.3,20539342,1377486,0.631,1.165,5950,10686,14400,0.0138414,0,0,0.0634,0.113,0.4165,0.0381,0.01187,1.15233,0.09702,-0.00614,0.24094,1.25031
1916,3683.1,20549996,1378199,0.634,1.165,5924,10654,14390,0.0138382,0,0,0.0613,0.1113,0.4142,0.0468,0.01047,1.15329,0.10545,-0.00547,0.25545,1.21401
1917,3684.9,20560689,1378900,0.647,1.166,5898,10693,14400,0.013835,0,0,0.0633,0.1062,0.4185,0.0589,0.01095,1.1543,0.09959,-0.00932,0.25109,1.20222
1918,3686.7,20571276,1379614,0.632,1.165,5892,10587,14313,0.01383179,0,0,0.0641,0.1114,0.4185,0.0375,0.01158,1.1526,0.09274,-0.00897,0.23679,1.20637
1919,3688.5,20581887,1380325,0.65,1.164,5850,10611,14327,0.01382862,0,0,0.0641,0.1203,0.4161,0.0492,0.01078,1.15228,0.09566,-0.01047,0.24542,1.19909
1920,3690.4,20592525,1381053,0.699,1.165,5708,10638,14349,0.01382543,0,0,0.0674,0.1298,0.4417,0.06,0.01164,1.15254,0.09787,-0.012,0.25287,1.19873
1921,3692.1,20603125,1381752,0.546,1.162,6205,10600,14307,0.01382224,0,0,0.0571,0.0914,0.372,0.0256,0.01037,1.15085,0.09568,-0.01288,0.25027,1.19921
1922,3693.9,20613764,1382460,0.629,1.168,5919,10639,14349,0.01381906,0,0,0.062,0.1094,0.4055,0.0526,0.01152,1.1556,0.09492,-0.00833,0.24047,1.22896
1923,3695.6,20624437,1383163,0.553,1.175,6177,10673,14363,0.01381587,0,0,0.0544,0.0942,0.3718,0.0328,0.01153,1.16237,0.10028,-0.01165,0.25707,1.20181
1924,3697.4,20635073,1383876,0.585,1.172,6055,10636,14350,0.01381267,0,0,0.0561,0.0975,0.376,0.055,0.01156,1.15961,0.09465,-0.00922,0.24082,1.19714
1925,3699.1,20645698,1384567,0.557,1.172,6144,10625,14337,0.01380948,0,0,0.0582,0.0949,0.3739,0.0302,0.01015,1.16127,0.10267,-0.00963,0.25831,1.22037
1926,3700.9,20656340,1385265,0.576,1.172,6087,10642,14347,0.01380629,0,0,0.0586,0.0965,0.3873,0.0336,0.01082,1.16082,0.09178,-0.01255,0.2425,1.22562
1927,3702.6,20666995,1385966,0.581,1.202,5977,10655,14348,0.0138031,0,0,0.0586,0.1006,0.383,0.0388,0.01087,1.19004,0.09226,-0.01099,0.24071,1.23934
1928,3704.6,20677644,1386671,0.626,1.283,5577,10649,14360,0.0137999,0,0,0.0636,0.1058,0.4087,0.0481,0.01123,1.27114,0.09676,-0.00985,0.24832,1.27196
1929,3706.6,20688301,1387361,0.752,1.256,5308,10657,14373,0.01379671,0,0,0.0681,0.1212,0.4209,0.1415,0.01231,1.24321,0.09651,-0.01194,0.25286,1.30316
1930,3708.5,20698972,1388082,0.719,1.183,5610,10671,14383,0.01379351,0,0,0.0592,0.102,0.3902,0.1681,0.01059,1.17138,0.08547,-0.01253,0.23111,1.27348
1931,3710.3,20709675,1388782,0.611,1.185,5961,10703,14403,0.01379031,0,0,0.0588,0.104,0.3772,0.0707,0.01154,1.17264,0.09056,-0.01491,0.2456,1.2569
1932,3712.0,20720384,1389513,0.6,1.161,6081,10709,14410,0.0137871,0,0,0.0578,0.095,0.3786,0.0689,0.01021,1.1498,0.08269,-0.01407,0.22855,1.27086
1933,3713.8,20731099,1390219,0.571,1.163,6179,10715,14430,0.01378388,0,0,0.0585,0.0962,0.38,0.0362,0.01117,1.15146,0.09551,-0.01262,0.25053,1.24353
1934,3715.5,20741822,1390936,0.593,1.163,6105,10723,14434,0.01378067,0,0,0.0572,0.0957,0.3769,0.0635,0.01095,1.15139,0.09408,-0.01106,0.24529,1.27014
1935,3717.2,20752531,1391651,0.555,1.163,6231,10709,14434,0.01377745,0,0,0.0571,0.0956,0.3741,0.0286,0.01134,1.15111,0.09022,-0.0104,0.23605,1.26315
1936,3719.0,20763235,1392374,0.582,1.164,6130,10704,14391,0.01377424,0,0,0.0578,0.0987,0.3779,0.0479,0.01059,1.15237,0.09438,-0.01047,0.24489,1.27758
1937,3720.7,20773954,1393108,0.559,1.163,6226,10719,14415,0.01377103,0,0,0.0575,0.0957,0.3778,0.0281,0.01112,1.15074,0.08916,-0.01236,0.23803,1.26993
1938,3722.4,20784673,1393822,0.566,1.162,6205,10719,14426,0.01376781,0,0,0.0543,0.0936,0.3673,0.0503,0.01062,1.15033,0.09167,-0.01225,0.24253,1.25996
1939,3724.2,20795399,1394544,0.575,1.161,6179,10726,14445,0.0137646,0,0,0.0564,0.0955,0.3776,0.0451,0.01081,1.14977,0.08091,-0.0116,0.21976,1.26195
1940,3725.9,20806168,1395297,0.55,1.161,6292,10769,14484,0.01376138,0,0,0.0563,0.095,0.3741,0.0251,0.01082,1.14951,0.08008,-0.01262,0.22049,1.27435
1941,3727.6,20816914,1396010,0.544,1.161,6301,10746,14451,0.01375815,0,0,0.0542,0.0915,0.3615,0.0368,0.01103,1.14946,0.08449,-0.01087,0.22593,1.27997
1942,3729.4,20827658,1396744,0.604,1.162,6084,10744,14459,0.01375493,0,0,0.0583,0.1075,0.3918,0.0459,0.01059,1.15079,0.077,-0.01087,0.21061,1.26772
1943,3731.2,20838441,1397464,0.648,1.165,5947,10783,14497,0.0137517,0,0,0.0655,0.1219,0.4215,0.0394,0.01018,1.15402,0.08926,-0.00864,0.23077,1.27138
1944,3733.0,20849185,1398212,0.66,1.164,5890,10744,14466,0.01374847,0,0,0.0677,0.1246,0.434,0.0336,0.01118,1.15225,0.08215,-0.01164,0.22163,1.23815
1945,3734.8,20859950,1398967,0.592,1.181,6071,10765,14503,0.01374524,0,0,0.0613,0.1013,0.394,0.0352,0.01126,1.16932,0.08347,-0.01072,0.22175,1.21422
1946,3736.6,20870664,1399694,0.622,1.207,5859,10714,14453,0.01374201,0,0,0.0651,0.1098,0.3984,0.0488,0.01107,1.19479,0.08139,-0.01005,0.21672,1.231
1947,3738.4,20881427,1400427,0.63,1.207,5860,10763,14484,0.0137388,0,0,0.0662,0.1085,0.4022,0.0534,0.01044,1.19519,0.08626,-0.0092,0.2248,1.23294
1948,3740.3,20892171,1401158,0.631,1.209,5838,10744,14489,0.01373557,0,0,0.0673,0.1161,0.4156,0.0319,0.01161,1.19696,0.07866,-0.01091,0.21282,1.2263
1949,3742.1,20902910,1401882,0.6,1.209,5937,10739,14496,0.01373235,0,0,0.0634,0.1052,0.3993,0.0321,0.01232,1.19541,0.07752,-0.00895,0.20756,1.26088
1950,3743.9,20913694,1402605,0.643,1.164,5969,10784,14517,0.01372913,0,0,0.0661,0.1114,0.413,0.0521,0.01158,1.15144,0.09097,-0.00966,0.23573,1.25538
1951,3745.7,20924407,1403344,0.638,1.166,5939,10713,14455,0.01372589,0,0,0.0635,0.1101,0.3972,0.0675,0.01118,1.15376,0.07246,-0.01163,0.20365,1.2919
1952,3747.6,20935151,1404080,0.595,1.161,6118,10744,14484,0.01372268,0,0,0.0622,0.1059,0.3945,0.0326,0.01056,1.14948,0.08328,-0.01056,0.22352,1.30609
1953,3749.4,20945834,1404794,0.616,1.163,6004,10683,14429,0.01371945,0,0,0.0603,0.1031,0.387,0.0658,0.01134,1.1508,0.07629,-0.00957,0.20789,1.31818
1954,3751.1,20956549,1405493,0.581,1.162,6148,10715,14413,0.01371625,0,0,0.0584,0.1024,0.391,0.0295,0.0107,1.14993,0.07805,-0.01139,0.21476,1.30817
1955,3752.9,20967282,1406229,0.6,1.163,6090,10733,14457,0.01371304,0,0,0.0584,0.1022,0.3797,0.0595,0.01172,1.15001,0.08121,-0.01042,0.21884,1.29741
1956,3754.6,20978007,1406963,0.564,1.161,6216,10725,14429,0.01370982,0,0,0.0574,0.0981,0.3768,0.032,0.01116,1.14934,0.07795,-0.01323,0.21784,1.29394
1957,3756.3,20988712,1407704,0.597,1.162,6087,10705,14435,0.0137066,0,0,0.0573,0.0948,0.3815,0.0634,0.0116,1.14937,0.0765,-0.01072,0.21039,1.3115
1958,3758.0,20999407,1408421,0.534,1.16,6314,10695,14410,0.01370339,0,0,0.053,0.0901,0.3619,0.0286,0.01057,1.14892,0.09468,-0.01266,0.25066,1.31309
1959,3759.8,21010145,1409154,0.578,1.16,6178,10738,14474,0.01370018,0,0,0.055,0.0981,0.3677,0.0574,0.00992,1.1495,0.081,-0.01041,0.21841,1.29912
1960,3761.5,21020811,1409882,0.568,1.162,6166,10666,14372,0.01369696,0,0,0.0542,0.0898,0.365,0.0591,0.01055,1.15038,0.07965,-0.0132,0.22155,1.30868
1961,3763.2,21031562,1410599,0.562,1.162,6234,10751,14435,0.01369376,0,0,0.0582,0.0941,0.3788,0.0312,0.01059,1.15057,0.07421,-0.01304,0.20995,1.29382
1962,3765.0,21042291,1411330,0.587,1.162,6134,10729,14453,0.01369053,0,0,0.0577,0.0966,0.3779,0.0548,0.01064,1.15078,0.09089,-0.01247,0.24202,1.28946
1963,3766.7,21052961,1412055,0.545,1.17,6222,10670,14372,0.01368731,0,0,0.0562,0.0931,0.3663,0.029,0.01122,1.15826,0.08766,-0.01326,0.23669,1.27315
1964,3768.4,21063680,1412785,0.56,1.19,6126,10719,14420,0.01368411,0,0,0.0535,0.0913,0.3639,0.0512,0.01115,1.17801,0.08282,-0.0129,0.22575,1.2537
1965,3770.2,21074397,1413499,0.532,1.189,6229,10717,14443,0.0136809,0,0,0.0523,0.0907,0.3592,0.0297,0.01071,1.17719,0.09062,-0.01497,0.24568,1.26064
1966,3771.9,21085142,1414218,0.553,1.189,6168,10745,14455,0.01367768,0,0,0.0543,0.0897,0.3574,0.0518,0.01109,1.17698,0.0691,-0.01215,0.19742,1.2766
1967,3773.6,21095933,1414952,0.54,1.189,6243,10791,14521,0.01367446,0,0,0.0532,0.0913,0.3658,0.0294,0.01121,1.1769,0.08117,-0.01104,0.21839,1.24219
1968,3775.4,21106655,1415682,0.557,1.188,6147,10722,14450,0.01367122,0,0,0.0534,0.0902,0.3619,0.0511,0.01076,1.17635,0.08624,-0.01223,0.23081,1.23842
1969,3777.1,21117374,1416412,0.566,1.193,6095,10719,14429,0.013668,0,0,0.0574,0.0958,0.3817,0.031,0.01154,1.1805,0.08592,-0.01217,0.23,1.23721
1970,3779.0,21128099,1417124,0.714,1.193,5624,10725,14430,0.01366479,0,0,0.07,0.1297,0.4344,0.08,0.0117,1.18029,0.09319,-0.0145,0.24914,1.23554
1971,3781.0,21138861,1417834,0.749,1.196,5534,10762,14460,0.01366157,0,0,0.078,0.1551,0.4708,0.0451,0.01188,1.1826,0.09411,-0.01388,0.24941,1.22417
1972,3782.9,21149595,1418543,0.77,1.18,5505,10734,14416,0.01365834,0,0,0.0778,0.1526,0.4569,0.0829,0.01167,1.16739,0.09273,-0.01172,0.24223,1.22058
1973,3784.9,21160326,1419269,0.774,1.165,5535,10731,14393,0.01365512,0,0,0.0769,0.159,0.4539,0.0843,0.01139,1.15249,0.0997,-0.0106,0.2538,1.21553
1974,3786.6,21171011,1419975,0.577,1.162,6143,10685,14389,0.0136519,0,0,0.0597,0.1011,0.3834,0.0327,0.01081,1.15097,0.08022,-0.01102,0.21669,1.2533
1975,3788.4,21181745,1420684,0.584,1.163,6146,10734,14448,0.0136487,0,0,0.0587,0.0943,0.373,0.0576,0.01164,1.15029,0.09366,-0.01265,0.24678,1.25097
1976,3790.1,21192480,1421408,0.546,1.162,6287,10735,14409,0.01364548,0,0,0.0539,0.0921,0.3676,0.0321,0.01106,1.14998,0.08866,-0.00809,0.22722,1.23572
1977,3791.8,21203181,1422133,0.556,1.161,6235,10701,14400,0.01364226,0,0,0.0535,0.0905,0.3641,0.0475,0.01141,1.14866,0.09713,-0.0097,0.24712,1.22642
1978,3793.5,21213887,1422856,0.57,1.161,6184,10706,14439,0.01363905,0,0,0.0542,0.0921,0.3694,0.0544,0.01057,1.14995,0.10216,-0.01035,0.25865,1.23299
1979,3795.2,21224571,1423584,0.558,1.16,6220,10684,14396,0.01363583,0,0,0.0572,0.097,0.3759,0.0276,0.01155,1.14763,0.08302,-0.01214,0.2241,1.2385
1980,3797.0,21235241,1424296,0.564,1.161,6185,10670,14375,0.01363263,0,0,0.0537,0.0902,0.3643,0.0561,0.01101,1.14924,0.08531,-0.01035,0.22423,1.20733
1981,3798.7,21245926,1425016,0.533,1.167,6285,10685,14387,0.01362943,0,0,0.0533,0.0889,0.361,0.0293,0.01113,1.15552,0.08336,-0.01212,0.2244,1.22625
1982,3800.4,21256623,1425756,0.569,1.181,6113,10697,14423,0.01362622,0,0,0.0551,0.0914,0.3681,0.0545,0.01035,1.16982,0.08327,-0.01188,0.22403,1.23827
1983,3802.1,21267339,1426474,0.548,1.18,6202,10716,14432,0.01362301,0,0,0.0544,0.0917,0.3724,0.0293,0.01046,1.16881,0.09784,-0.01035,0.24984,1.22853
1984,3803.9,21278053,1427202,0.57,1.182,6116,10714,14424,0.0136198,0,0,0.0551,0.0927,0.3666,0.0553,0.0107,1.17062,0.09,-0.01007,0.23405,1.24463
1985,3805.6,21288816,1427925,0.549,1.18,6225,10763,14461,0.01361658,0,0,0.056,0.0953,0.3667,0.0308,0.01099,1.16864,0.08837,-0.01168,0.23363,1.23194
1986,3807.4,21299550,1428650,0.581,1.165,6146,10734,14455,0.01361336,0,0,0.056,0.0967,0.3726,0.0556,0.01125,1.15308,0.10163,-0.01062,0.25837,1.24438
1987,3809.1,21310274,1429365,0.533,1.161,6331,10724,14441,0.01361014,0,0,0.0526,0.0888,0.3622,0.0291,0.01094,1.14947,0.09249,-0.01422,0.24717,1.24008
1988,3810.8,21321022,1430111,0.567,1.161,6221,10748,14483,0.01360692,0,0,0.0543,0.094,0.3627,0.0561,0.01173,1.14842,0.09395,-0.012,0.24568,1.24119
1989,3812.5,21331771,1430837,0.537,1.164,6322,10749,14445,0.01360369,0,0,0.0541,0.0927,0.36,0.03,0.01127,1.15133,0.10758,-0.00721,0.2629,1.22436
1990,3814.3,21342522,1431565,0.616,1.167,6030,10751,14463,0.01360047,0,0,0.0602,0.1012,0.3877,0.0664,0.01203,1.15453,0.0985,-0.00931,0.24896,1.22589
1991,3816.2,21353241,1432290,0.727,1.167,5659,10719,14433,0.01359724,0,0,0.0751,0.1473,0.4589,0.0455,0.01097,1.15545,0.10625,-0.01473,0.27586,1.24658
1992,3818.1,21364012,1433004,0.767,1.165,5573,10771,14486,0.01359403,0,0,0.0755,0.1543,0.4592,0.0785,0.01122,1.15295,0.09436,-0.01466,0.2516,1.23407
1993,3820.1,21374721,1433759,0.798,1.168,5448,10709,14426,0.0135908,0,0,0.0788,0.1579,0.4792,0.0819,0.01214,1.15507,0.0895,-0.01163,0.2361,1.24484
1994,3821.9,21385450,1434497,0.637,1.166,5951,10729,14468,0.01358758,0,0,0.0678,0.1241,0.409,0.0364,0.01133,1.15311,0.08983,-0.01088,0.23555,1.25542
1995,3823.7,21396219,1435225,0.696,1.166,5783,10769,14481,0.01358437,0,0,0.0708,0.1299,0.4293,0.0657,0.01178,1.15364,0.08821,-0.0099,0.23075,1.27103
1996,3825.6,21406931,1435943,0.646,1.165,5917,10712,14439,0.01358113,0,0,0.0677,0.1216,0.4092,0.0473,0.0113,1.15248,0.09958,-0.01467,0.26198,1.23259
1997,3827.6,21417688,1436667,0.86,1.165,5312,10757,14463,0.01357792,0,0,0.0777,0.1444,0.4463,0.1917,0.00991,1.15397,0.09287,-0.01387,0.24684,1.22879
1998,3829.5,21428420,1437407,0.72,1.165,5695,10732,14460,0.01357469,0,0,0.0696,0.1343,0.4299,0.0858,0.0111,1.15285,0.08785,-0.01176,0.23229,1.218
1999,3831.3,21439130,1438139,0.64,1.193,5841,10710,14429,0.01357147,0,0,0.0662,0.1219,0.4115,0.0407,0.01083,1.18155,0.09384,-0.00935,0.23858,1.18684
2000,3833.2,21449834,1438887,0.659,1.207,5736,10704,14392,0.01356826,0,0,0.0635,0.1112,0.4021,0.0825,0.01089,1.1948,0.09348,-0.01303,0.2453,1.1897
2001,3835.4,21460603,1439609,0.683,1.209,5692,10769,14442,0.01356505,0,0,0.0673,0.1229,0.4153,0.078,0.01141,1.19634,0.0976,-0.01192,0.2512,1.18527
2002,3837.5,21471385,1440332,0.704,1.211,5630,10782,14444,0.01356182,0,0,0.073,0.1336,0.4271,0.0707,0.0136,1.19585,0.0961,-0.01373,0.25132,1.16751
2003,3839.3,21482136,1441068,0.646,1.207,5801,10751,14410,0.01355858,0,0,0.0688,0.1229,0.4153,0.039,0.01172,1.19497,0.09696,-0.01105,0.24757,1.16347
2004,3841.2,21492901,1441782,0.657,1.189,5834,10765,14441,0.01355536,0,0,0.0682,0.124,0.4121,0.0523,0.01115,1.17655,0.09815,-0.01313,0.25457,1.18056
2005,3843.0,21503654,1442515,0.662,1.186,5819,10753,14407,0.01355213,0,0,0.0647,0.1167,0.4132,0.0677,0.01245,1.17217,0.09469,-0.00686,0.23479,1.16911
2006,3844.9,21514437,1443234,0.657,1.185,5856,10783,14457,0.0135489,0,0,0.068,0.1278,0.4201,0.0408,0.0111,1.17263,0.09305,-0.01116,0.2399,1.16108
2007,3846.7,21525197,1443966,0.658,1.18,5852,10760,14427,0.01354567,0,0,0.0672,0.1289,0.4137,0.0485,0.01112,1.16851,0.09652,-0.01174,0.24827,1.17229
2008,3848.5,21535971,1444672,0.677,1.165,5850,10774,14430,0.01354244,0,0,0.0672,0.1269,0.4097,0.0731,0.01256,1.15152,0.09776,-0.00848,0.24372,1.15338
2009,3850.3,21546733,1445383,0.614,1.164,6051,10762,14426,0.01353921,0,0,0.0631,0.1112,0.4027,0.0374,0.01091,1.15207,0.08509,-0.01181,0.22581,1.18194
2010,3852.2,21557521,1446112,0.69,1.169,5804,10788,14484,0.01353598,0,0,0.0712,0.1332,0.426,0.0593,0.01168,1.15609,0.09908,-0.01101,0.25237,1.18927
2011,3854.1,21568339,1446815,0.731,1.166,5703,10818,14495,0.01353274,0,0,0.0756,0.1544,0.4528,0.0477,0.01253,1.1527,0.09272,-0.01301,0.24301,1.16551
2012,3856.0,21579175,1447538,0.769,1.164,5606,10836,14504,0.0135295,0,0,0.0777,0.1581,0.4565,0.0764,0.012,1.15137,0.0982,-0.01149,0.25146,1.18516
2013,3858.0,21589943,1448255,0.808,1.168,5448,10768,14436,0.01352625,0,0,0.0785,0.1646,0.4885,0.077,0.01252,1.15445,0.10196,-0.01048,0.25621,1.15808
2014,3859.8,21600725,1448979,0.646,1.164,5957,10782,14452,0.01352302,0,0,0.069,0.1277,0.4137,0.0353,0.0124,1.151,0.09691,-0.00934,0.24348,1.1454
2015,3861.6,21611440,1449702,0.663,1.166,5859,10715,14386,0.01351978,0,0,0.0677,0.1242,0.4075,0.0631,0.01194,1.15327,0.08979,-0.01283,0.23645,1.15424
2016,3863.6,21622159,1450418,0.752,1.183,5541,10719,14385,0.01351657,0,0,0.0776,0.1624,0.4733,0.0385,0.01191,1.16983,0.10533,-0.00929,0.26056,1.1586
2017,3865.5,21632936,1451120,0.728,1.184,5636,10777,14439,0.01351335,0,0,0.0743,0.1412,0.4422,0.0702,0.01241,1.17094,0.10022,-0.01322,0.25795,1.15019
2018,3867.4,21643658,1451836,0.71,1.185,5658,10722,14392,0.01351012,0,0,0.0708,0.1358,0.4254,0.0781,0.01282,1.17107,0.10184,-0.01223,0.25865,1.12926
2019,3869.3,21654414,1452569,0.698,1.182,5722,10756,14441,0.0135069,0,0,0.0752,0.139,0.4452,0.0382,0.01177,1.16933,0.09924,-0.01185,0.25327,1.15121
2020,3871.1,21665132,1453319,0.697,1.185,5693,10718,14384,0.01350368,0,0,0.0705,0.1299,0.4233,0.0736,0.01258,1.17191,0.09264,-0.01319,0.24292,1.15763
2021,3873.0,21675883,1454052,0.662,1.185,5822,10751,14417,0.01350046,0,0,0.0704,0.1275,0.4267,0.0372,0.01228,1.17154,0.09189,-0.00978,0.23437,1.14928
2022,3874.8,21686623,1454787,0.676,1.185,5772,10740,14425,0.01349724,0,0,0.0701,0.1275,0.4224,0.0561,0.01183,1.17189,0.08238,-0.00793,0.21131,1.13736
2023,3876.6,21697397,1455521,0.614,1.183,5997,10774,14446,0.01349401,0,0,0.0658,0.116,0.4001,0.0317,0.01174,1.17049,0.08643,-0.01112,0.22593,1.14187
2024,3878.5,21708165,1456265,0.668,1.182,5819,10768,14457,0.01349078,0,0,0.0676,0.1258,0.4107,0.0641,0.01107,1.17042,0.0815,-0.00988,0.21413,1.16218
2025,3880.3,21718912,1457002,0.646,1.187,5864,10747,14419,0.01348755,0,0,0.0673,0.1191,0.4135,0.0459,0.01177,1.17423,0.09028,-0.01068,0.23318,1.15913
2026,3882.3,21729679,1457730,0.826,1.188,5347,10767,14456,0.01348433,0,0,0.0793,0.1759,0.4883,0.0822,0.01222,1.17488,0.08857,-0.01058,0.22985,1.16995
2027,3884.2,21740467,1458448,0.663,1.185,5838,10788,14445,0.0134811,0,0,0.0699,0.1343,0.4205,0.0386,0.01149,1.17216,0.09933,-0.01036,0.25124,1.18151
2028,3886.1,21751222,1459174,0.699,1.186,5704,10755,14419,0.01347786,0,0,0.0706,0.135,0.4242,0.0697,0.01141,1.17386,0.09252,-0.00737,0.23126,1.16833
2029,3888.0,21761993,1459906,0.749,1.185,5571,10771,14424,0.01347463,0,0,0.0735,0.1432,0.4472,0.0849,0.01203,1.17135,0.09932,-0.01211,0.2547,1.18187
2030,3889.8,21772736,1460614,0.637,1.186,5894,10743,14420,0.0134714,0,0,0.0661,0.1194,0.4113,0.0404,0.01118,1.17335,0.09192,-0.01092,0.23773,1.18914
2031,3891.8,21783503,1461346,0.794,1.187,5435,10767,14426,0.01346818,0,0,0.0799,0.1628,0.4713,0.0801,0.01167,1.17418,0.09441,-0.01477,0.25034,1.18697
2032,3893.8,21794288,1462073,0.779,1.187,5486,10785,14430,0.01346495,0,0,0.0789,0.1567,0.4674,0.0763,0.01268,1.17281,0.09499,-0.01101,0.24448,1.20599
2033,3895.7,21805046,1462810,0.693,1.186,5727,10758,14412,0.01346171,0,0,0.0737,0.1356,0.4343,0.0494,0.01147,1.17299,0.11125,-0.01083,0.27588,1.17755
2034,3897.6,21815805,1463535,0.729,1.185,5623,10759,14433,0.01345849,0,0,0.0759,0.1491,0.453,0.0506,0.01113,1.17282,0.10038,-0.00989,0.25212,1.17298
2035,3899.4,21826609,1464259,0.641,1.183,5921,10804,14490,0.01345526,0,0,0.0682,0.1223,0.4142,0.0366,0.01239,1.17035,0.0941,-0.0125,0.24522,1.18985
2036,3901.2,21837410,1464973,0.661,1.185,5849,10801,14470,0.01345202,0,0,0.0667,0.1191,0.4126,0.0628,0.01132,1.17339,0.09758,-0.01247,0.25172,1.1756
2037,3903.1,21848192,1465691,0.625,1.183,5965,10782,14470,0.01344878,0,0,0.0659,0.1196,0.407,0.0321,0.01152,1.17049,0.09198,-0.00923,0.2342,1.18168
2038,3904.9,21859004,1466398,0.643,1.185,5915,10812,14468,0.01344554,0,0,0.065,0.1164,0.4029,0.0591,0.01205,1.1716,0.08237,-0.00931,0.21541,1.19147
2039,3906.7,21869785,1467111,0.627,1.183,5956,10781,14465,0.0134423,0,0,0.0641,0.1213,0.4067,0.0348,0.01104,1.17109,0.10433,-0.0085,0.25733,1.17804
2040,3908.5,21880638,1467815,0.636,1.184,5962,10853,14516,0.01343906,0,0,0.0653,0.1116,0.4064,0.0532,0.01108,1.17161,0.09709,-0.01081,0.24754,1.18089
2041,3910.4,21891440,1468545,0.69,1.185,5761,10802,14469,0.01343581,0,0,0.0746,0.1354,0.4317,0.0482,0.01262,1.1716,0.09356,-0.00964,0.23819,1.18362
2042,3912.3,21902225,1469249,0.686,1.198,5723,10785,14449,0.01343257,0,0,0.0667,0.1282,0.4221,0.0693,0.01126,1.18624,0.08551,-0.01087,0.22506,1.20279
2043,3914.1,21913018,1469969,0.654,1.184,5871,10793,14449,0.01342933,0,0,0.0667,0.1226,0.41,0.0549,0.01121,1.17227,0.09165,-0.01359,0.24159,1.15824
2044,3915.9,21923766,1470688,0.619,1.183,5966,10748,14423,0.01342609,0,0,0.0664,0.118,0.3997,0.0346,0.01244,1.16964,0.08255,-0.01244,0.22168,1.17998
2045,3917.7,21934529,1471417,0.624,1.183,5956,10763,14437,0.01342287,0,0,0.0631,0.1075,0.3947,0.0585,0.01123,1.171,0.09107,-0.01362,0.24102,1.17898
2046,3919.5,21945308,1472110,0.627,1.182,5960,10779,14462,0.01341964,0,0,0.0677,0.1178,0.4098,0.0312,0.01101,1.17004,0.09451,-0.00635,0.23283,1.15932
2047,3921.4,21956088,1472831,0.662,1.183,5842,10780,14446,0.01341641,0,0,0.0664,0.1234,0.4123,0.0602,0.01219,1.16998,0.09435,-0.00951,0.23882,1.15901
2048,3923.3,21966861,1473558,0.698,1.187,5717,10773,14459,0.01341317,0,0,0.0689,0.1237,0.4277,0.0777,0.01155,1.17407,0.09887,-0.01474,0.25792,1.14375
2049,3925.1,21977653,1474259,0.676,1.187,5790,10792,14452,0.01340994,0,0,0.0714,0.1315,0.4303,0.0433,0.01235,1.17431,0.0918,-0.01037,0.23493,1.14107
2050,3926.9,21988446,1474965,0.639,1.182,5924,10793,14453,0.0134067,0,0,0.066,0.1137,0.4029,0.0569,0.01177,1.16966,0.09426,-0.00996,0.23951,1.1581
2051,3928.8,21999233,1475683,0.641,1.186,5905,10787,14457,0.01340347,0,0,0.0657,0.113,0.4029,0.0594,0.01092,1.174,0.08782,-0.00759,0.22228,1.17374
2052,3930.9,22010045,1476394,0.772,1.192,5504,10812,14503,0.01340023,0,0,0.0847,0.1589,0.4614,0.0673,0.01389,1.17713,0.08918,-0.01048,0.23157,1.20315
2053,3933.1,22020851,1477129,1.019,1.189,4894,10806,14487,0.01339699,0,0,0.0847,0.1986,0.4894,0.2465,0.01246,1.17529,0.09069,-0.00901,0.23133,1.19232
2054,3935.1,22031638,1477843,0.837,1.19,5322,10787,14469,0.01339374,0,0,0.0794,0.1591,0.4788,0.1196,0.01173,1.17695,0.09444,-0.00803,0.23682,1.1898
2055,3937.0,22042462,1478558,0.648,1.187,5899,10824,14504,0.01339051,0,0,0.0692,0.1202,0.4244,0.0346,0.01166,1.17418,0.09397,-0.01167,0.24355,1.20561
2056,3938.8,22053248,1479303,0.666,1.188,5816,10786,14463,0.01338726,0,0,0.0655,0.119,0.4158,0.0661,0.01522,1.1723,0.09128,-0.01321,0.24093,1.19316
2057,3940.7,22064005,1480024,0.651,1.184,5861,10757,14436,0.01338403,0,0,0.0677,0.1206,0.4123,0.0504,0.01104,1.17255,0.10645,-0.00827,0.26124,1.18854
2058,3942.5,22074759,1480771,0.615,1.186,5969,10754,14432,0.0133808,0,0,0.0639,0.1127,0.4046,0.0342,0.01158,1.17333,0.10364,-0.01134,0.26162,1.18294
2059,3944.3,22085542,1481489,0.669,1.188,5805,10783,14464,0.01337757,0,0,0.0675,0.12,0.413,0.0685,0.01305,1.17471,0.09677,-0.0123,0.25001,1.19058
2060,3946.2,22096266,1482202,0.667,1.187,5782,10724,14416,0.01337434,0,0,0.0688,0.1255,0.4176,0.0555,0.0121,1.17419,0.09998,-0.01075,0.25372,1.20591
2061,3948.1,22107046,1482922,0.679,1.186,5778,10780,14452,0.01337112,0,0,0.0704,0.1246,0.433,0.0512,0.01172,1.17374,0.09788,-0.00945,0.24671,1.19854
2062,3949.9,22117847,1483632,0.665,1.188,5830,10801,14495,0.01336789,0,0,0.0697,0.1219,0.4315,0.0417,0.01532,1.17184,0.09427,-0.01062,0.2418,1.19725
2063,3951.8,22128639,1484351,0.696,1.187,5731,10792,14495,0.01336465,0,0,0.069,0.1183,0.4263,0.0827,0.01196,1.17412,0.09128,-0.01016,0.23477,1.19306
2064,3953.6,22139419,1485060,0.65,1.188,5865,10780,14450,0.01336141,0,0,0.0693,0.1229,0.4214,0.0368,0.01158,1.17534,0.10715,-0.01002,0.26574,1.17561
2065,3955.5,22150182,1485780,0.68,1.189,5758,10763,14462,0.01335817,0,0,0.0692,0.1206,0.4265,0.0643,0.01264,1.1747,0.1009,-0.00808,0.24908,1.16507
2066,3957.4,22160957,1486497,0.699,1.188,5709,10775,14457,0.01335495,0,0,0.068,0.1258,0.4331,0.0723,0.01248,1.17444,0.10155,-0.00905,0.25275,1.18123
2067,3959.2,22171756,1487205,0.652,1.188,5869,10799,14455,0.01335171,0,0,0.0694,0.1211,0.4147,0.0464,0.01226,1.1753,0.10043,-0.01144,0.25592,1.20514
2068,3961.1,22182555,1487927,0.695,1.189,5732,10799,14479,0.01334847,0,0,0.0691,0.126,0.4298,0.0704,0.01223,1.17575,0.09933,-0.01131,0.25279,1.17985
2069,3963.0,22193385,1488658,0.667,1.186,5846,10830,14526,0.01334523,0,0,0.0682,0.1239,0.4265,0.048,0.01153,1.17348,0.09664,-0.01421,0.25314,1.17793
2070,3964.8,22204135,1489380,0.674,1.19,5769,10750,14436,0.01334198,0,0,0.0708,0.1212,0.426,0.0555,0.01222,1.17692,0.09207,-0.01107,0.23777,1.18027
2071,3966.7,22214904,1490113,0.678,1.19,5764,10769,14455,0.01333876,0,0,0.0721,0.1304,0.4367,0.0389,0.01195,1.1773,0.10045,-0.0132,0.25866,1.17553
2072,3968.7,22225643,1490835,0.824,1.19,5332,10739,14450,0.01333553,0,0,0.0819,0.1621,0.486,0.0937,0.01316,1.17648,0.11425,-0.01014,0.27972,1.15993
2073,3970.7,22236441,1491554,0.805,1.189,5415,10798,14469,0.01333231,0,0,0.0803,0.159,0.4789,0.087,0.0132,1.17477,0.09266,-0.01207,0.24047,1.16326
2074,3972.7,22247235,1492298,0.777,1.197,5468,10794,14486,0.01332907,0,0,0.084,0.1669,0.4776,0.0488,0.01263,1.18306,0.09721,-0.01033,0.24615,1.16551
2075,3974.7,22258000,1493016,0.785,1.191,5449,10765,14454,0.01332583,0,0,0.0804,0.1544,0.4733,0.0767,0.01232,1.17711,0.0991,-0.0111,0.25173,1.17597
2076,3976.6,22268765,1493754,0.707,1.189,5677,10765,14445,0.0133226,0,0,0.0731,0.1384,0.4388,0.0571,0.01338,1.17455,0.08855,-0.01407,0.23734,1.20449
2077,3978.4,22279564,1494489,0.68,1.189,5778,10799,14502,0.01331937,0,0,0.0689,0.1245,0.4286,0.0583,0.01279,1.17509,0.09729,-0.01089,0.24748,1.16819
2078,3980.3,22290282,1495240,0.645,1.184,5862,10718,14414,0.01331613,0,0,0.0648,0.1126,0.4026,0.0649,0.01109,1.17134,0.09488,-0.01057,0.24246,1.18462
2079,3982.1,22301036,1495972,0.62,1.183,5966,10754,14424,0.01331292,0,0,0.0621,0.1067,0.3955,0.0556,0.0114,1.17045,0.0968,-0.01305,0.25083,1.16932
2080,3983.8,22311779,1496721,0.567,1.181,6147,10743,14414,0.01330969,0,0,0.0581,0.0967,0.3799,0.0322,0.01054,1.16966,0.09559,-0.00992,0.24195,1.16146
2081,3985.5,22322558,1497455,0.553,1.182,6214,10779,14454,0.01330647,0,0,0.0555,0.092,0.3667,0.0388,0.01202,1.16894,0.09326,-0.00698,0.23212,1.18921
2082,3987.3,22333326,1498190,0.542,1.181,6251,10768,14422,0.01330323,0,0,0.0552,0.0913,0.3675,0.0278,0.01139,1.16883,0.08384,-0.01288,0.22472,1.1754
2083,3989.0,22344051,1498920,0.555,1.18,6181,10725,14419,0.0133,0,0,0.0539,0.0922,0.3641,0.0447,0.01077,1.16871,0.0978,-0.00967,0.24696,1.20405
2084,3990.7,22354815,1499658,0.539,1.181,6259,10764,14458,0.01329678,0,0,0.0549,0.0922,0.3658,0.0256,0.01148,1.16901,0.09612,-0.01154,0.24769,1.21683
2085,3992.5,22365549,1500398,0.565,1.181,6148,10734,14411,0.01329356,0,0,0.0569,0.0939,0.3733,0.0411,0.01091,1.16907,0.10318,-0.00517,0.24891,1.21171
2086,3994.2,22376337,1501132,0.555,1.179,6223,10788,14465,0.01329034,0,0,0.0566,0.0935,0.3728,0.0318,0.01075,1.16749,0.09894,-0.01079,0.25189,1.22013
2087,3996.0,22387131,1501853,0.636,1.184,5933,10794,14472,0.0132871,0,0,0.0636,0.1143,0.4008,0.0568,0.01189,1.17103,0.10116,-0.01184,0.25784,1.19859
2088,3997.9,22397878,1502586,0.699,1.186,5702,10747,14436,0.01328386,0,0,0.0643,0.1291,0.4397,0.0658,0.01203,1.17289,0.09136,-0.01144,0.23772,1.20886
2089,3999.7,22408693,1503330,0.642,1.184,5925,10815,14470,0.01328064,0,0,0.0642,0.1129,0.412,0.0526,0.01114,1.17171,0.09386,-0.01236,0.24424,1.19724
2090,4001.6,22419507,1504045,0.677,1.186,5806,10814,14500,0.01327739,0,0,0.0644,0.1235,0.4224,0.0665,0.01157,1.17316,0.10353,-0.0098,0.25865,1.20475
2091,4003.4,22430327,1504781,0.645,1.182,5923,10820,14501,0.01327415,0,0,0.0627,0.1088,0.3997,0.0735,0.01105,1.17033,0.09799,-0.01209,0.2519,1.19585
2092,4005.2,22441103,1505508,0.571,1.185,6139,10776,14442,0.0132709,0,0,0.0594,0.0986,0.3796,0.0333,0.01214,1.17171,0.09289,-0.00956,0.2368,1.20173
2093,4007.0,22451887,1506252,0.656,1.187,5849,10784,14469,0.01326767,0,0,0.0671,0.1163,0.4084,0.0647,0.01135,1.17489,0.09938,-0.01124,0.25274,1.1865
2094,4008.9,22462621,1506993,0.672,1.186,5779,10734,14407,0.01326443,0,0,0.0661,0.1183,0.4158,0.0716,0.01082,1.1738,0.08345,-0.01232,0.2236,1.20871
2095,4010.7,22473384,1507746,0.679,1.174,5807,10763,14451,0.01326121,0,0,0.0691,0.1322,0.4315,0.0463,0.01128,1.16233,0.08925,-0.00992,0.23042,1.2096
2096,4012.5,22484157,1508457,0.568,1.189,6129,10773,14434,0.01325798,0,0,0.0569,0.0945,0.3715,0.0455,0.01066,1.17795,0.08896,-0.01251,0.23503,1.21024
2097,4014.2,22494967,1509205,0.562,1.185,6188,10810,14487,0.01325475,0,0,0.0545,0.0924,0.3689,0.0463,0.01071,1.1733,0.09579,-0.0085,0.24057,1.20691
2098,4016.0,22505719,1509925,0.549,1.19,6182,10752,14429,0.01325151,0,0,0.0547,0.0929,0.3721,0.0297,0.01239,1.17659,0.0879,-0.01238,0.23299,1.22345
2099,4017.8,22516477,1510661,0.59,1.187,6054,10758,14437,0.01324828,0,0,0.0584,0.0961,0.3804,0.0548,0.01124,1.17536,0.08405,-0.00943,0.21882,1.20255
2100,4019.5,22527228,1511396,0.551,1.164,6267,10751,14428,0.01324506,0,0,0.0559,0.0946,0.3696,0.0312,0.01194,1.15162,0.09486,-0.01027,0.24187,1.19266
2101,4021.2,22537970,1512137,0.587,1.19,6047,10742,14433,0.01324183,0,0,0.0566,0.0966,0.3751,0.0584,0.01145,1.17751,0.09469,-0.009,0.23912,1.19872
2102,4023.1,22548727,1512860,0.586,1.182,6082,10757,14431,0.01323861,0,0,0.0549,0.0942,0.365,0.0723,0.01116,1.17012,0.09425,-0.01024,0.24132,1.22193
2103,4024.8,22559520,1513576,0.557,1.163,6272,10793,14473,0.01323538,0,0,0.0564,0.0943,0.3774,0.0293,0.01079,1.15183,0.08874,-0.00956,0.22914,1.22946
2104,4026.7,22570298,1514289,0.697,1.188,5720,10778,14481,0.01323214,0,0,0.0686,0.1272,0.4281,0.0727,0.01242,1.1746,0.11149,-0.00988,0.27503,1.22068
2105,4028.6,22581045,1515034,0.67,1.188,5785,10747,14398,0.01322891,0,0,0.0673,0.1195,0.4164,0.0666,0.01152,1.17542,0.10502,-0.01018,0.26248,1.21266
2106,4030.5,22591834,1515763,0.756,1.167,5611,10789,14473,0.01322569,0,0,0.0776,0.1721,0.4685,0.0379,0.01194,1.15381,0.10321,-0.01088,0.26038,1.21703
2107,4032.4,22602615,1516461,0.685,1.186,5764,10781,14481,0.01322245,0,0,0.0678,0.1261,0.4193,0.0714,0.01293,1.1719,0.09691,-0.00897,0.24359,1.20359
2108,4034.2,22613404,1517172,0.626,1.19,5939,10789,14467,0.01321922,0,0,0.0657,0.1202,0.4048,0.0355,0.01181,1.17775,0.1026,-0.01075,0.25939,1.23702
2109,4036.1,22624187,1517880,0.775,1.171,5540,10783,14491,0.01321598,0,0,0.0677,0.1188,0.4029,0.1855,0.01403,1.15629,0.09446,-0.0115,0.24477,1.24311
2110,4038.0,22634915,1518595,0.697,1.186,5699,10728,14412,0.01321274,0,0,0.0652,0.117,0.4035,0.1109,0.01292,1.17189,0.09906,-0.00973,0.25,1.22684
2111,4039.9,22645677,1519322,0.698,1.192,5694,10762,14445,0.01320953,0,0,0.0722,0.142,0.4357,0.0485,0.01087,1.17992,0.09278,-0.01071,0.23962,1.23567
2112,4041.8,22656427,1520059,0.7,1.172,5742,10750,14443,0.0132063,0,0,0.0708,0.1375,0.4344,0.0575,0.01144,1.1592,0.09639,-0.01077,0.24685,1.23198
2113,4043.6,22667192,1520792,0.59,1.18,6083,10765,14447,0.01320307,0,0,0.0611,0.1083,0.392,0.0289,0.01125,1.16761,0.10303,-0.00798,0.25444,1.22752
2114,4045.4,22677945,1521514,0.605,1.19,5991,10753,14442,0.01319984,0,0,0.0611,0.1058,0.388,0.0501,0.01088,1.17825,0.09972,-0.00923,0.2505,1.23467
2115,4047.2,22688695,1522226,0.658,1.17,5880,10750,14420,0.01319662,0,0,0.0693,0.1269,0.4219,0.0404,0.01209,1.15669,0.09537,-0.01042,0.24447,1.24573
2116,4049.0,22699417,1522972,0.681,1.183,5752,10722,14427,0.01319339,0,0,0.0716,0.1308,0.4246,0.0541,0.01102,1.17114,0.10081,-0.00934,0.25301,1.23951
2117,4050.8,22710196,1523695,0.586,1.189,6071,10779,14465,0.01319017,0,0,0.0616,0.1031,0.391,0.0302,0.01066,1.17803,0.10139,-0.01087,0.25703,1.23192
2118,4052.6,22720962,1524430,0.593,1.171,6103,10766,14435,0.01318694,0,0,0.0609,0.0999,0.387,0.045,0.01106,1.15945,0.0957,-0.00991,0.24291,1.20125
2119,4054.5,22731701,1525188,0.676,1.189,5757,10739,14451,0.01318371,0,0,0.0672,0.1246,0.4236,0.0607,0.0121,1.17629,0.09081,-0.01133,0.2358,1.19484
2120,4056.3,22742460,1525933,0.66,1.191,5813,10759,14438,0.01318049,0,0,0.0696,0.1266,0.4188,0.0453,0.01157,1.17764,0.09787,-0.00807,0.24317,1.18767
2121,4058.1,22753189,1526659,0.673,1.167,5831,10729,14420,0.01317726,0,0,0.069,0.1223,0.4206,0.0611,0.01094,1.15513,0.10775,-0.00646,0.25992,1.19516
2122,4060.1,22763954,1527403,0.742,1.184,5588,10765,14447,0.01317404,0,0,0.0713,0.1412,0.4391,0.0906,0.01275,1.17069,0.09305,-0.01084,0.23972,1.21206
2123,4062.0,22774696,1528142,0.772,1.195,5461,10742,14418,0.01317081,0,0,0.0768,0.1522,0.4499,0.0928,0.01252,1.1817,0.10473,-0.01119,0.26349,1.20137
2124,4064.0,22785480,1528869,0.756,1.181,5570,10784,14463,0.01316759,0,0,0.0778,0.1482,0.4736,0.056,0.0114,1.16816,0.09461,-0.00743,0.23523,1.18266
2125,4065.9,22796243,1529617,0.774,1.172,5531,10763,14459,0.01316436,0,0,0.0788,0.1574,0.4662,0.0716,0.01097,1.16037,0.08694,-0.00802,0.22149,1.19969
2126,4067.8,22807025,1530348,0.719,1.189,5649,10782,14452,0.01316113,0,0,0.0728,0.1309,0.4293,0.0864,0.01259,1.17576,0.09691,-0.00948,0.24458,1.20751
2127,4069.6,22817796,1531096,0.597,1.179,6067,10771,14447,0.01315789,0,0,0.0607,0.1037,0.3864,0.0459,0.01116,1.16675,0.10528,-0.0105,0.26286,1.18976
2128,4071.5,22828539,1531820,0.67,1.174,5828,10743,14419,0.01315466,0,0,0.0688,0.1194,0.4213,0.06,0.01119,1.16156,0.09722,-0.00812,0.24221,1.19784
2129,4073.3,22839283,1532556,0.658,1.192,5807,10744,14448,0.01315144,0,0,0.0706,0.1298,0.4228,0.0353,0.01195,1.17894,0.08731,-0.01067,0.22736,1.19373
2130,4075.2,22849992,1533299,0.686,1.18,5739,10709,14405,0.01314822,0,0,0.0701,0.1286,0.4195,0.0678,0.01142,1.16793,0.07972,-0.01136,0.21374,1.20088
2131,4076.9,22860754,1534033,0.584,1.169,6137,10762,14451,0.013145,0,0,0.0605,0.1019,0.388,0.0337,0.0112,1.15759,0.091,-0.00543,0.22507,1.22474
2132,4078.8,22871495,1534761,0.636,1.191,5880,10741,14412,0.01314177,0,0,0.0649,0.1169,0.4042,0.0495,0.01209,1.17844,0.0872,-0.01019,0.22672,1.21497
2133,4080.6,22882279,1535495,0.633,1.178,5955,10784,14461,0.01313855,0,0,0.067,0.1187,0.4113,0.0358,0.01088,1.16634,0.09145,-0.01034,0.23509,1.19909
2134,4082.4,22893061,1536225,0.693,1.17,5785,10782,14460,0.01313532,0,0,0.0704,0.1305,0.4328,0.0596,0.01163,1.15789,0.08793,-0.00791,0.22386,1.225
2135,4084.3,22903843,1536941,0.635,1.192,5902,10782,14464,0.01313208,0,0,0.0686,0.1174,0.4147,0.0345,0.01132,1.17961,0.10758,-0.0096,0.26578,1.19614
2136,4086.0,22914637,1537670,0.611,1.177,6037,10794,14502,0.01312885,0,0,0.0632,0.1089,0.3918,0.0469,0.01028,1.16606,0.09772,-0.00891,0.24474,1.19896
2137,4087.9,22925469,1538390,0.706,1.173,5765,10832,14528,0.01312561,0,0,0.0777,0.1445,0.4471,0.0364,0.01189,1.16046,0.08994,-0.00858,0.22815,1.18489
2138,4089.8,22936280,1539082,0.716,1.19,5673,10811,14494,0.01312236,0,0,0.0767,0.1454,0.4426,0.0513,0.011,1.17786,0.10564,-0.01205,0.26597,1.16542
2139,4091.7,22947084,1539789,0.739,1.183,5620,10804,14531,0.01311912,0,0,0.0765,0.1492,0.4499,0.0634,0.01136,1.17127,0.09115,-0.01163,0.23707,1.20148
2140,4093.6,22957867,1540502,0.69,1.17,5798,10783,14471,0.01311587,0,0,0.0717,0.1302,0.4335,0.0543,0.01147,1.1579,0.09114,-0.01216,0.23823,1.20612
2141,4095.5,22968644,1541201,0.709,1.191,5673,10777,14479,0.01311264,0,0,0.0767,0.1452,0.4495,0.0373,0.0121,1.1781,0.0966,-0.01217,0.24891,1.19622
2142,4097.6,22979469,1541914,0.88,1.19,5231,10825,14525,0.01310941,0,0,0.0801,0.2109,0.4935,0.0953,0.01157,1.17669,0.09877,-0.01089,0.25082,1.20151
2143,4099.7,22990271,1542614,0.889,1.179,5222,10802,14512,0.01310616,0,0,0.0819,0.203,0.524,0.0802,0.01186,1.16626,0.10017,-0.01138,0.25477,1.2079
2144,4101.8,23001061,1543334,0.988,1.172,4997,10790,14473,0.01310292,0,0,0.0858,0.2243,0.5708,0.1067,0.01298,1.15763,0.0884,-0.00952,0.22679,1.18121
2145,4103.8,23011846,1544052,0.802,1.191,5412,10785,14463,0.01309968,0,0,0.0811,0.1787,0.4929,0.0491,0.01266,1.17701,0.09389,-0.00984,0.23887,1.19862
2146,4105.7,23022656,1544773,0.707,1.189,5703,10810,14507,0.01309645,0,0,0.071,0.1307,0.4311,0.0738,0.01103,1.17703,0.09608,-0.01106,0.24522,1.18079
2147,4107.7,23033490,1545475,0.841,1.168,5392,10834,14528,0.0130932,0,0,0.0733,0.1444,0.4395,0.184,0.011,1.15616,0.09723,-0.00984,0.24628,1.22715
2148,4109.6,23044288,1546196,0.751,1.178,5597,10798,14481,0.01308995,0,0,0.066,0.1192,0.4206,0.1454,0.0125,1.16472,0.09231,-0.00984,0.23639,1.22559
2149,4111.5,23055080,1546905,0.689,1.189,5747,10792,14465,0.01308671,0,0,0.0673,0.1242,0.4193,0.0783,0.01151,1.17648,0.088,-0.01205,0.23226,1.22888
2150,4113.3,23065896,1547622,0.621,1.171,6034,10816,14497,0.01308348,0,0,0.0642,0.1144,0.4076,0.0351,0.01116,1.15902,0.09991,-0.01216,0.25601,1.21741
2151,4115.2,23076628,1548337,0.693,1.179,5733,10732,14412,0.01308023,0,0,0.0674,0.1274,0.4218,0.0762,0.01266,1.1657,0.09235,-0.00957,0.23576,1.22003
2152,4117.3,23087433,1549068,0.753,1.189,5561,10805,14510,0.01307701,0,0,0.074,0.1578,0.4379,0.0838,0.01248,1.17597,0.0916,-0.01292,0.2412,1.2294
2153,4119.2,23098212,1549778,0.72,1.185,5658,10779,14466,0.01307377,0,0,0.0774,0.1493,0.4498,0.0438,0.01256,1.17116,0.08916,-0.01136,0.23398,1.25995
2154,4121.2,23109000,1550499,0.782,1.169,5532,10788,14458,0.01307054,0,0,0.0787,0.1584,0.4629,0.0814,0.01203,1.15571,0.08764,-0.0103,0.22766,1.21568
2155,4123.1,23119774,1551241,0.743,1.191,5572,10774,14465,0.0130673,0,0,0.0747,0.1438,0.443,0.0815,0.01169,1.17797,0.09133,-0.01075,0.23606,1.2202
2156,4124.9,23130523,1551968,0.642,1.19,5868,10749,14429,0.01306407,0,0,0.0674,0.1252,0.4154,0.0341,0.01096,1.17792,0.08497,-0.00939,0.22079,1.22684
2157,4126.9,23141309,1552699,0.783,1.17,5522,10786,14495,0.01306084,0,0,0.0759,0.1489,0.4483,0.1104,0.01269,1.15631,0.09565,-0.01084,0.24473,1.21594
2158,4128.9,23152043,1553453,0.807,1.182,5397,10734,14402,0.01305761,0,0,0.0781,0.157,0.4675,0.1046,0.01168,1.16944,0.08446,-0.01163,0.22345,1.19731
2159,4130.8,23162793,1554202,0.769,1.193,5480,10750,14423,0.01305439,0,0,0.0786,0.1574,0.4611,0.0722,0.01199,1.17958,0.09389,-0.00869,0.2364,1.19614
2160,4132.8,23173532,1554934,0.766,1.183,5511,10739,14428,0.01305116,0,0,0.0786,0.1577,0.4485,0.0811,0.01201,1.16985,0.08601,-0.00945,0.22275,1.21958
2161,4134.7,23184278,1555665,0.682,1.175,5788,10746,14408,0.01304794,0,0,0.0703,0.1341,0.4371,0.0402,0.01173,1.1621,0.10194,-0.00955,0.25471,1.21576
2162,4136.7,23195008,1556413,0.828,1.193,5309,10730,14397,0.01304472,0,0,0.0801,0.1774,0.4851,0.0852,0.01178,1.18039,0.08751,-0.00764,0.22149,1.19542
2163,4138.8,23205755,1557150,0.93,1.197,5052,10747,14415,0.0130415,0,0,0.0837,0.2245,0.5223,0.0999,0.01301,1.18273,0.08998,-0.00965,0.23186,1.25003
2164,4140.8,23216528,1557876,0.823,1.174,5395,10773,14437,0.01303827,0,0,0.0797,0.1778,0.5003,0.0654,0.01261,1.15991,0.10032,-0.01033,0.25317,1.22258
2165,4142.9,23227280,1558595,0.963,1.176,5028,10752,14432,0.01303504,0,0,0.0868,0.2201,0.5399,0.116,0.01218,1.16259,0.09328,-0.01268,0.24354,1.21224
2166,4144.9,23238074,1559316,0.8,1.191,5422,10794,14454,0.01303182,0,0,0.0779,0.1693,0.4666,0.0862,0.01202,1.17802,0.09334,-0.01009,0.23885,1.22719
2167,4146.7,23248803,1560028,0.629,1.181,5926,10729,14363,0.01302858,0,0,0.0661,0.1183,0.407,0.0381,0.01092,1.16942,0.10001,-0.0113,0.25439,1.21897
2168,4148.6,23259511,1560753,0.734,1.17,5625,10708,14395,0.01302536,0,0,0.0751,0.1475,0.4485,0.0626,0.01136,1.15766,0.10246,-0.01172,0.25928,1.18737
2169,4150.6,23270279,1561480,0.715,1.194,5639,10768,14444,0.01302215,0,0,0.0783,0.1469,0.4507,0.0394,0.01187,1.18123,0.09786,-0.0128,0.2538,1.24686
2170,4152.5,23281040,1562206,0.75,1.192,5541,10761,14401,0.01301892,0,0,0.0791,0.1518,0.4484,0.0706,0.01185,1.17936,0.09903,-0.01299,0.25587,1.22213
2171,4154.4,23291768,1562933,0.691,1.165,5779,10728,14396,0.01301569,0,0,0.0729,0.133,0.4263,0.0587,0.01073,1.15382,0.09462,-0.0139,0.2484,1.20535
2172,4156.1,23302554,1563645,0.598,1.187,6043,10786,14442,0.01301247,0,0,0.0637,0.1084,0.3924,0.0334,0.01125,1.17484,0.10838,-0.01145,0.27129,1.21513
2173,4158.1,23313268,1564360,0.754,1.192,5503,10714,14377,0.01300923,0,0,0.0781,0.1452,0.4422,0.0889,0.01201,1.17914,0.0979,-0.01144,0.24983,1.19738
2174,4160.0,23324020,1565084,0.781,1.172,5505,10752,14442,0.01300602,0,0,0.0795,0.1545,0.4739,0.0732,0.0112,1.15983,0.10337,-0.0139,0.26495,1.16952
2175,4162.0,23334780,1565806,0.748,1.179,5585,10760,14417,0.01300279,0,0,0.08,0.1591,0.4672,0.0414,0.012,1.16599,0.1117,-0.01327,0.2798,1.14858
2176,4163.9,23345501,1566525,0.729,1.192,5581,10721,14408,0.01299957,0,0,0.0752,0.1408,0.4444,0.0682,0.01204,1.17925,0.11136,-0.01304,0.2787,1.14956
2177,4165.7,23356268,1567240,0.679,1.177,5800,10767,14444,0.01299635,0,0,0.0735,0.1366,0.4362,0.0331,0.01077,1.16496,0.11191,-0.01185,0.27718,1.14053
2178,4167.7,23367019,1567953,0.787,1.175,5480,10751,14394,0.01299312,0,0,0.077,0.1567,0.469,0.0842,0.01243,1.16154,0.11895,-0.01314,0.29328,1.12001
2179,4169.7,23377802,1568673,0.767,1.193,5503,10783,14485,0.01298989,0,0,0.077,0.1482,0.4535,0.0884,0.01221,1.17913,0.11289,-0.01199,0.27841,1.10295
2180,4171.8,23388547,1569372,0.96,1.195,4986,10745,14411,0.01298666,0,0,0.082,0.2187,0.532,0.1275,0.01219,1.1816,0.11166,-0.0097,0.27169,1.11484
2181,4173.9,23399298,1570091,0.916,1.179,5132,10751,14428,0.01298344,0,0,0.0825,0.2241,0.5134,0.0961,0.01349,1.16451,0.11116,-0.00914,0.27004,1.1337
2182,4175.8,23410045,1570780,0.743,1.179,5593,10747,14414,0.01298021,0,0,0.0749,0.144,0.4521,0.0719,0.01163,1.16601,0.11036,-0.01155,0.27251,1.10519
2183,4177.9,23420799,1571500,0.847,1.194,5267,10754,14424,0.01297699,0,0,0.0821,0.1765,0.5015,0.087,0.01197,1.18102,0.10817,-0.01358,0.2718,1.09021
2184,4180.0,23431520,1572216,0.879,1.194,5170,10721,14403,0.01297376,0,0,0.083,0.1803,0.5177,0.0985,0.01292,1.18005,0.11277,-0.01359,0.28072,1.07973
2185,4182.0,23442255,1572927,0.837,1.172,5345,10735,14388,0.01297054,0,0,0.0796,0.1748,0.5039,0.0783,0.01194,1.15911,0.11513,-0.0115,0.28107,1.07199
2186,4184.1,23452980,1573648,0.956,1.179,5023,10725,14385,0.01296732,0,0,0.0842,0.2332,0.5491,0.0898,0.01187,1.166,0.11362,-0.01098,0.27669,1.06012
2187,4186.3,23463695,1574360,1.02,1.194,4841,10715,14381,0.01296411,0,0,0.0885,0.2463,0.582,0.1033,0.01384,1.17857,0.10654,-0.01184,0.26425,1.06037
2188,4188.4,23474428,1575055,0.855,1.204,5214,10733,14383,0.01296089,0,0,0.0817,0.1765,0.4943,0.1024,0.01245,1.19021,0.11216,-0.01228,0.27539,1.0225
2189,4190.3,23485175,1575775,0.783,1.172,5497,10747,14411,0.01295767,0,0,0.0739,0.1397,0.4469,0.1228,0.01192,1.15879,0.12686,-0.01265,0.30592,1.03805
2190,4192.4,23495906,1576498,0.886,1.173,5212,10731,14398,0.01295445,0,0,0.0815,0.177,0.5113,0.1163,0.01253,1.15924,0.11678,-0.01102,0.28254,1.04008
2191,4194.4,23506649,1577202,0.854,1.194,5248,10743,14389,0.01295123,0,0,0.0811,0.1806,0.4859,0.106,0.01191,1.18069,0.10456,-0.0143,0.26545,1.07085
2192,4196.5,23517432,1577906,0.844,1.195,5290,10783,14474,0.01294801,0,0,0.079,0.1749,0.5031,0.0866,0.01204,1.18143,0.12595,-0.01256,0.30462,1.06583
2193,4198.4,23528229,1578592,0.799,1.17,5482,10797,14479,0.01294477,0,0,0.08,0.1755,0.503,0.0406,0.01188,1.15735,0.11063,-0.01483,0.27969,1.11084
2194,4200.3,23538987,1579291,0.691,1.183,5740,10758,14451,0.01294153,0,0,0.0712,0.1406,0.436,0.0432,0.01149,1.17082,0.12154,-0.01255,0.29612,1.07979
2195,4202.3,23549757,1580010,0.763,1.194,5504,10770,14429,0.0129383,0,0,0.0792,0.1554,0.4568,0.0719,0.01182,1.18074,0.11302,-0.01172,0.27794,1.09961
2196,4204.2,23560533,1580710,0.76,1.179,5558,10776,14438,0.01293507,0,0,0.081,0.1595,0.4758,0.0433,0.01259,1.16551,0.11615,-0.01479,0.29092,1.12237
2197,4206.2,23571309,1581423,0.797,1.176,5462,10776,14439,0.01293184,0,0,0.0783,0.1538,0.4676,0.0972,0.0119,1.16316,0.11867,-0.01258,0.29179,1.13264
2198,4208.1,23582023,1582134,0.713,1.19,5630,10714,14374,0.01292861,0,0,0.0766,0.1467,0.4526,0.037,0.01171,1.17748,0.11648,-0.01532,0.29247,1.1168
2199,4210.5,23592816,1582848,0.726,1.191,5630,10793,14454,0.01292539,0,0,0.0735,0.173,0.4289,0.0504,0.01196,1.17801,0.12126,-0.01047,0.29291,1.1388
2200,4212.4,23603596,1583565,0.681,1.174,5809,10780,14432,0.01292216,0,0,0.0725,0.1357,0.4344,0.0389,0.01031,1.16291,0.12353,-0.01443,0.30528,1.1357
2201,4214.9,23614374,1584277,0.821,1.169,5416,10778,14439,0.01291892,0,0,0.08,0.1694,0.4815,0.0904,0.01203,1.15609,0.11909,-0.01339,0.29377,1.11539
2202,4217.0,23625166,1584985,0.805,1.181,5434,10792,14471,0.01291569,0,0,0.0812,0.1666,0.4734,0.0837,0.01256,1.16757,0.12811,-0.0117,0.30813,1.10397
2203,4219.1,23635981,1585707,0.92,1.194,5115,10815,14473,0.01291245,0,0,0.0822,0.1853,0.4927,0.1597,0.01229,1.18101,0.11329,-0.01114,0.27746,1.10709
2204,4221.1,23646795,1586414,0.762,1.19,5539,10814,14491,0.01290921,0,0,0.0734,0.1461,0.4349,0.1076,0.01244,1.17694,0.1068,-0.01114,0.26463,1.11413
2205,4223.1,23657609,1587115,0.829,1.171,5407,10814,14513,0.01290596,0,0,0.0793,0.1711,0.4883,0.0908,0.01245,1.15697,0.11142,-0.01241,0.276,1.09827
2206,4225.1,23668469,1587826,0.849,1.184,5341,10860,14523,0.01290272,0,0,0.0789,0.1716,0.477,0.1217,0.01322,1.17008,0.11379,-0.01065,0.27796,1.12697
2207,4227.2,23679315,1588518,0.864,1.193,5272,10846,14522,0.01289946,0,0,0.083,0.1738,0.5221,0.085,0.01222,1.18005,0.10805,-0.0125,0.2691,1.08529
2208,4229.4,23690196,1589226,0.97,1.192,5034,10881,14568,0.01289621,0,0,0.0877,0.2362,0.5712,0.0745,0.01398,1.17678,0.12458,-0.01226,0.30269,1.12488
2209,4231.3,23701036,1589925,0.764,1.172,5597,10840,14531,0.01289294,0,0,0.0815,0.1617,0.4823,0.0388,0.01249,1.15886,0.11879,-0.01183,0.2896,1.09957
2210,4233.2,23711878,1590634,0.736,1.191,5627,10842,14514,0.01288969,0,0,0.0734,0.146,0.4463,0.07,0.01421,1.17579,0.12605,-0.01091,0.3019,1.0846
2211,4235.1,23722706,1591353,0.675,1.192,5800,10828,14489,0.01288644,0,0,0.0725,0.1352,0.4295,0.038,0.01198,1.17905,0.12709,-0.01159,0.30533,1.08574
2212,4236.9,23733533,1592048,0.693,1.169,5817,10827,14493,0.01288319,0,0,0.0688,0.1243,0.4366,0.063,0.01123,1.15649,0.12593,-0.0119,0.30369,1.0882
2213,4238.8,23744340,1592734,0.663,1.185,5847,10807,14497,0.01287994,0,0,0.0699,0.1256,0.4297,0.038,0.01184,1.17265,0.13504,-0.01014,0.31883,1.10493
2214,4240.7,23755171,1593432,0.667,1.198,5809,10831,14511,0.0128767,0,0,0.0665,0.1213,0.4228,0.0564,0.01274,1.18412,0.13376,-0.01158,0.31909,1.10312
2215,4242.5,23765952,1594124,0.658,1.175,5881,10781,14462,0.01287345,0,0,0.0674,0.1231,0.4333,0.0342,0.01132,1.16293,0.12884,-0.00756,0.30077,1.08608
2216,4244.3,23776755,1594828,0.668,1.188,5821,10803,14505,0.01287021,0,0,0.0692,0.126,0.4265,0.046,0.01417,1.1731,0.13295,-0.0112,0.3171,1.11908
2217,4246.2,23787556,1595532,0.67,1.196,5789,10801,14483,0.01286697,0,0,0.0678,0.1219,0.4224,0.0581,0.01245,1.18243,0.12662,-0.00987,0.30079,1.08056
2218,4248.0,23798272,1596217,0.672,1.152,5876,10716,14397,0.01286373,0,0,0.0686,0.121,0.4226,0.0601,0.01162,1.13903,0.13437,-0.0127,0.32179,1.07472
2219,4249.9,23809038,1596930,0.691,1.162,5809,10766,14454,0.01286052,0,0,0.0668,0.1196,0.4259,0.079,0.01312,1.14806,0.12192,-0.01196,0.29556,1.08099
2220,4251.7,23819841,1597618,0.647,1.173,5936,10803,14472,0.01285729,0,0,0.0654,0.1186,0.4192,0.044,0.01246,1.15954,0.12789,-0.01088,0.30442,1.04619
2221,4253.6,23830599,1598301,0.709,1.159,5760,10758,14456,0.01285405,0,0,0.0682,0.1303,0.4385,0.0717,0.01303,1.14498,0.13775,-0.01018,0.32337,1.06945
2222,4255.4,23841421,1599011,0.621,1.159,6081,10822,14489,0.01285082,0,0,0.0643,0.1078,0.4138,0.0347,0.01139,1.14673,0.14131,-0.01259,0.33458,1.04192
2223,4257.3,23852174,1599694,0.764,1.17,5558,10753,14435,0.01284757,0,0,0.0745,0.1522,0.4557,0.0818,0.01252,1.15647,0.13304,-0.01294,0.31834,1.0269
2224,4259.4,23862939,1600374,0.979,1.17,5009,10765,14480,0.01284435,0,0,0.0819,0.1986,0.4949,0.2035,0.01477,1.15416,0.12338,-0.01204,0.29811,1.0618
2225,4261.4,23873781,1601061,0.814,1.149,5525,10842,14519,0.01284112,0,0,0.0779,0.1578,0.4704,0.1078,0.012,1.13578,0.13425,-0.01005,0.31556,1.04954
2226,4263.3,23884577,1601744,0.752,1.164,5635,10796,14476,0.01283787,0,0,0.0759,0.147,0.4646,0.0646,0.01217,1.15071,0.12646,-0.01243,0.3047,1.0483
2227,4265.2,23895394,1602417,0.73,1.169,5697,10817,14505,0.01283463,0,0,0.072,0.1406,0.4534,0.0641,0.01137,1.15616,0.12268,-0.01174,0.29528,1.02999
2228,4267.2,23906195,1603105,0.789,1.157,5549,10801,14475,0.01283138,0,0,0.0777,0.1635,0.4805,0.0675,0.01274,1.14367,0.13521,-0.00854,0.31379,1.02489
2229,4269.1,23916995,1603793,0.753,1.153,5664,10800,14483,0.01282814,0,0,0.0775,0.1595,0.4763,0.0401,0.01141,1.14104,0.13532,-0.01011,0.31675,1.00936
2230,4271.0,23927765,1604480,0.762,1.173,5566,10770,14444,0.0128249,0,0,0.0763,0.1548,0.4619,0.0691,0.01492,1.15684,0.12787,-0.01143,0.30441,1.00595
2231,4272.8,23938574,1605164,0.668,1.164,5902,10809,14480,0.01282167,0,0,0.0687,0.1229,0.4231,0.0529,0.01148,1.15142,0.12472,-0.01286,0.30107,1.01049
2232,4274.6,23949362,1605843,0.636,1.15,6040,10788,14481,0.01281843,0,0,0.0671,0.112,0.4173,0.0396,0.01192,1.13758,0.13324,-0.00945,0.31125,1.00953
2233,4276.5,23960174,1606541,0.664,1.169,5900,10812,14484,0.01281519,0,0,0.0665,0.1202,0.4223,0.0546,0.01115,1.15685,0.12621,-0.01267,0.30334,0.99795
2234,4278.3,23970960,1607254,0.633,1.166,5996,10786,14474,0.01281195,0,0,0.0687,0.1225,0.4105,0.0314,0.01206,1.15269,0.13927,-0.00969,0.32349,0.99798
2235,4280.0,23981747,1607950,0.635,1.145,6061,10787,14460,0.01280871,0,0,0.0645,0.109,0.3975,0.0636,0.01086,1.13359,0.13037,-0.01359,0.31366,1.00517
2236,4281.8,23992523,1608667,0.592,1.166,6130,10776,14460,0.01280548,0,0,0.0597,0.1008,0.383,0.0481,0.0112,1.15415,0.13535,-0.01331,0.32287,0.99756
2237,4283.5,24003300,1609362,0.537,1.156,6369,10777,14460,0.01280224,0,0,0.0549,0.0921,0.3626,0.0271,0.01072,1.14396,0.12906,-0.01332,0.31064,1.01069
2238,4285.2,24014121,1610057,0.57,1.149,6296,10821,14515,0.01279901,0,0,0.0538,0.0909,0.3645,0.0607,0.01058,1.13743,0.13315,-0.01296,0.31843,1.0237
2239,4286.9,24024915,1610794,0.56,1.167,6252,10794,14501,0.01279576,0,0,0.053,0.0903,0.3608,0.0554,0.01128,1.15486,0.12376,-0.01628,0.30626,1.02335
2240,4288.7,24035742,1611495,0.556,1.169,6277,10827,14511,0.01279253,0,0,0.0537,0.0912,0.3639,0.0473,0.0104,1.15774,0.1294,-0.0127,0.30973,0.99833
2241,4290.4,24046527,1612215,0.573,1.178,6159,10785,14474,0.01278928,0,0,0.0549,0.0924,0.3622,0.0631,0.01134,1.16634,0.13048,-0.01288,0.31181,0.98089
2242,4292.1,24057300,1612923,0.538,1.183,6260,10773,14454,0.01278604,0,0,0.0546,0.0895,0.364,0.0302,0.01037,1.17156,0.13016,-0.00933,0.30453,0.99891
2243,4293.9,24068072,1613651,0.619,1.168,6030,10772,14472,0.01278281,0,0,0.0584,0.1036,0.3871,0.0694,0.0122,1.15508,0.13933,-0.01008,0.32414,0.99038
2244,4295.7,24078849,1614348,0.621,1.179,5987,10777,14449,0.01277958,0,0,0.0631,0.1149,0.407,0.036,0.01175,1.16649,0.13703,-0.01316,0.32552,0.98351
2245,4297.6,24089632,1615059,0.667,1.182,5830,10783,14469,0.01277635,0,0,0.0646,0.1214,0.4109,0.0703,0.01171,1.16984,0.12255,-0.01185,0.29418,0.993
2246,4299.3,24100388,1615783,0.575,1.16,6199,10756,14432,0.01277311,0,0,0.0552,0.0929,0.3656,0.0612,0.01074,1.14891,0.12485,-0.00915,0.29313,0.98368
2247,4301.0,24111123,1616492,0.548,1.178,6219,10735,14418,0.01276988,0,0,0.0554,0.0925,0.3683,0.0316,0.01091,1.16653,0.14428,-0.0102,0.3341,0.98405
2248,4302.8,24121895,1617201,0.629,1.177,5964,10772,14454,0.01276666,0,0,0.066,0.1211,0.4013,0.0408,0.01174,1.16431,0.12712,-0.01018,0.29935,0.96925
2249,4304.7,24132620,1617910,0.665,1.161,5875,10725,14384,0.01276343,0,0,0.0647,0.1237,0.4142,0.0619,0.01115,1.14882,0.13437,-0.00718,0.30775,0.96598
2250,4306.5,24143344,1618624,0.613,1.183,5971,10724,14387,0.01276021,0,0,0.0627,0.1112,0.4004,0.0387,0.01172,1.17009,0.11962,-0.01007,0.28404,0.9661
2251,4308.3,24154061,1619335,0.631,1.177,5926,10717,14403,0.012757,0,0,0.065,0.1152,0.399,0.0518,0.0105,1.16594,0.13141,-0.01046,0.30892,0.98632
2252,4310.3,24164801,1620031,0.755,1.163,5598,10740,14395,0.01275378,0,0,0.0666,0.1272,0.409,0.1527,0.01215,1.15008,0.12965,-0.01273,0.31011,0.9939
2253,4312.2,24175567,1620747,0.7,1.181,5722,10766,14434,0.01275056,0,0,0.0646,0.114,0.4163,0.1055,0.01218,1.16813,0.13751,-0.01196,0.32429,0.99442
2254,4314.1,24186349,1621448,0.652,1.188,5861,10782,14438,0.01274733,0,0,0.0642,0.1222,0.3974,0.0678,0.01128,1.17616,0.13278,-0.01316,0.31712,0.9905
2255,4315.8,24197163,1622140,0.617,1.166,6063,10814,14489,0.0127441,0,0,0.0618,0.108,0.3955,0.0519,0.0115,1.15398,0.13495,-0.01419,0.32361,0.9939
2256,4317.6,24207928,1622839,0.601,1.182,6037,10765,14446,0.01274085,0,0,0.0627,0.1078,0.3927,0.038,0.01158,1.16944,0.13051,-0.01155,0.30974,1.00543
2257,4319.5,24218752,1623537,0.641,1.188,5917,10824,14486,0.01273762,0,0,0.0655,0.1096,0.3995,0.0666,0.01167,1.17566,0.13199,-0.01344,0.31616,0.99291
2258,4321.2,24229538,1624227,0.614,1.167,6056,10786,14459,0.01273437,0,0,0.0627,0.1065,0.3977,0.0475,0.01136,1.15451,0.14002,-0.00891,0.32336,1.00146
2259,4323.1,24240285,1624929,0.625,1.186,5932,10747,14424,0.01273114,0,0,0.0625,0.1079,0.3959,0.059,0.01155,1.17384,0.14134,-0.01337,0.33463,0.98995
2260,4325.0,24251064,1625612,0.719,1.189,5648,10779,14454,0.01272791,0,0,0.0639,0.1187,0.405,0.1315,0.01088,1.17782,0.12888,-0.01366,0.3105,0.99866
2261,4326.9,24261825,1626295,0.782,1.171,5510,10761,14444,0.01272468,0,0,0.0748,0.146,0.4512,0.11,0.01227,1.15786,0.1381,-0.01304,0.32729,0.98276
2262,4328.8,24272573,1627006,0.709,1.169,5724,10748,14420,0.01272145,0,0,0.0736,0.1493,0.4434,0.0429,0.01169,1.15578,0.11668,-0.01398,0.28658,0.99244
2263,4330.7,24283363,1627715,0.749,1.183,5584,10790,14463,0.01271823,0,0,0.0744,0.1461,0.4403,0.0882,0.01339,1.16933,0.12751,-0.01283,0.3061,0.99986
2264,4332.6,24294104,1628404,0.659,1.167,5881,10741,14412,0.01271499,0,0,0.0652,0.1187,0.4077,0.0675,0.01126,1.15512,0.13077,-0.01276,0.31258,1.0035
2265,4334.3,24304864,1629100,0.609,1.167,6058,10760,14437,0.01271177,0,0,0.0618,0.1072,0.3921,0.0476,0.01035,1.15617,0.12566,-0.01177,0.30049,1.00799
2266,4336.2,24315632,1629783,0.64,1.184,5904,10768,14427,0.01270854,0,0,0.062,0.1084,0.393,0.0764,0.01166,1.17179,0.13719,-0.01497,0.32955,0.99307
2267,4337.9,24326409,1630482,0.624,1.167,6015,10777,14454,0.01270531,0,0,0.0628,0.1116,0.4018,0.048,0.0114,1.15499,0.14019,-0.01373,0.33322,0.99862
2268,4339.8,24337158,1631195,0.657,1.171,5879,10749,14423,0.01270208,0,0,0.0657,0.12,0.4021,0.0691,0.01173,1.159,0.13483,-0.01422,0.32369,1.00673
2269,4341.6,24347941,1631884,0.617,1.186,5983,10783,14454,0.01269885,0,0,0.0644,0.1099,0.4007,0.0419,0.01184,1.1729,0.14042,-0.01241,0.33053,0.97891
2270,4343.4,24358727,1632564,0.647,1.168,5943,10786,14448,0.01269562,0,0,0.0631,0.1114,0.3983,0.0745,0.01196,1.15494,0.12354,-0.01548,0.30311,0.98779
2271,4345.2,24369515,1633257,0.639,1.171,5959,10788,14467,0.01269238,0,0,0.0628,0.1111,0.4002,0.0649,0.0122,1.15823,0.13164,-0.01206,0.3128,1.00091
2272,4347.1,24380282,1633944,0.678,1.184,5785,10767,14432,0.01268915,0,0,0.0642,0.1166,0.4013,0.0955,0.0113,1.17162,0.13408,-0.01085,0.31451,0.97087
2273,4348.9,24391041,1634647,0.642,1.165,5953,10759,14438,0.01268592,0,0,0.0633,0.1119,0.3983,0.0687,0.01072,1.15357,0.13751,-0.01459,0.32867,0.96441
2274,4350.7,24401811,1635323,0.615,1.174,6023,10770,14443,0.01268269,0,0,0.0625,0.1118,0.4016,0.0386,0.01201,1.16089,0.14088,-0.0135,0.33335,0.96999
2275,4352.5,24412590,1636024,0.611,1.182,6014,10779,14457,0.01267946,0,0,0.0606,0.1079,0.3828,0.0593,0.01046,1.17045,0.13184,-0.01273,0.31428,0.9913
2276,4354.3,24423395,1636717,0.647,1.166,5960,10805,14461,0.01267622,0,0,0.0625,0.1116,0.3975,0.0749,0.01058,1.15497,0.13257,-0.0154,0.32064,0.97424
2277,4356.1,24434195,1637401,0.661,1.174,5885,10800,14473,0.01267298,0,0,0.0703,0.1354,0.4206,0.0347,0.01148,1.16189,0.13485,-0.01244,0.31979,0.99473
2278,4357.9,24444977,1638098,0.638,1.183,5920,10782,14453,0.01266974,0,0,0.0643,0.1108,0.3951,0.0682,0.01094,1.17107,0.12681,-0.0125,0.30421,1.01022
2279,4359.7,24455822,1638785,0.614,1.162,6107,10845,14548,0.01266651,0,0,0.0635,0.1114,0.3952,0.0439,0.01119,1.14991,0.13687,-0.01537,0.33022,1.01528
2280,4361.5,24466584,1639475,0.675,1.169,5835,10762,14440,0.01266325,0,0,0.0653,0.1169,0.4158,0.0774,0.01161,1.15668,0.13535,-0.01251,0.3209,0.99457
2281,4363.4,24477376,1640176,0.625,1.179,5979,10792,14472,0.01266002,0,0,0.0625,0.1088,0.3901,0.0639,0.01053,1.16796,0.14269,-0.01339,0.33785,1.01494
2282,4365.3,24488144,1640866,0.761,1.166,5589,10768,14441,0.01265679,0,0,0.0699,0.1363,0.4516,0.1032,0.01271,1.15246,0.13051,-0.01243,0.31183,1.02477
2283,4367.2,24498898,1641563,0.743,1.17,5622,10754,14419,0.01265356,0,0,0.0723,0.1384,0.4455,0.0867,0.0122,1.15658,0.13151,-0.01521,0.31882,1.00288
2284,4369.1,24509700,1642261,0.702,1.184,5726,10802,14466,0.01265033,0,0,0.0752,0.1471,0.4396,0.0405,0.01144,1.17181,0.13579,-0.01331,0.32313,0.98552
2285,4370.9,24520447,1642973,0.663,1.172,5857,10747,14417,0.01264709,0,0,0.0654,0.1177,0.4123,0.0674,0.01152,1.15957,0.12781,-0.01346,0.308,1.00649
2286,4372.7,24531207,1643667,0.638,1.169,5957,10760,14447,0.01264387,0,0,0.0642,0.1186,0.418,0.0369,0.01089,1.15687,0.13702,-0.0134,0.326,0.99485
2287,4374.5,24541935,1644367,0.64,1.182,5888,10728,14393,0.01264064,0,0,0.0621,0.1127,0.4014,0.0636,0.01142,1.16992,0.13592,-0.01296,0.32266,0.98477
2288,4376.4,24552721,1645070,0.677,1.225,5673,10786,14478,0.01263742,0,0,0.0623,0.1107,0.4022,0.1014,0.01138,1.21256,0.12715,-0.01213,0.30334,0.98058
2289,4378.3,24563471,1645759,0.655,1.224,5723,10750,14430,0.01263418,0,0,0.0655,0.1152,0.4033,0.0707,0.01107,1.21171,0.12747,-0.01025,0.30034,0.98541
2290,4380.2,24574294,1646467,0.596,1.239,5898,10823,14503,0.01263096,0,0,0.0618,0.1086,0.3875,0.0383,0.0132,1.22476,0.13321,-0.0122,0.31634,1.00977
2291,4382.0,24585058,1647165,0.679,1.173,5812,10764,14458,0.01262771,0,0,0.0666,0.1188,0.4161,0.0776,0.01153,1.1606,0.12073,-0.01184,0.29061,1.00811
2292,4383.8,24595771,1647864,0.628,1.168,5964,10713,14406,0.01262448,0,0,0.0646,0.1169,0.4091,0.0375,0.01136,1.15568,0.13915,-0.01199,0.32713,0.98414
2293,4385.8,24606518,1648560,0.756,1.187,5531,10747,14418,0.01262127,0,0,0.0742,0.1473,0.4526,0.0822,0.01524,1.17067,0.13166,-0.01214,0.3126,0.99035
2294,4387.6,24617268,1649249,0.628,1.173,5970,10750,14432,0.01261804,0,0,0.065,0.1129,0.413,0.0368,0.01193,1.16024,0.13729,-0.01249,0.32427,0.97906
2295,4389.4,24628003,1649949,0.691,1.167,5777,10735,14427,0.01261482,0,0,0.0676,0.123,0.4253,0.0753,0.01153,1.15469,0.14086,-0.00779,0.32193,0.97618
2296,4391.2,24638774,1650656,0.643,1.178,5914,10771,14478,0.0126116,0,0,0.0663,0.1223,0.4178,0.0368,0.01077,1.16657,0.12523,-0.01025,0.29594,0.99045
2297,4393.0,24649528,1651354,0.639,1.16,5978,10754,14456,0.01260837,0,0,0.0636,0.1145,0.3995,0.0614,0.01032,1.14845,0.13197,-0.01051,0.31003,0.99386
2298,4394.8,24660253,1652056,0.646,1.156,5954,10725,14406,0.01260514,0,0,0.0655,0.127,0.4131,0.04,0.01309,1.14208,0.12892,-0.01265,0.30821,0.99422
2299,4396.7,24671006,1652743,0.653,1.167,5908,10753,14441,0.01260192,0,0,0.0646,0.117,0.4056,0.066,0.01071,1.1555,0.13025,-0.0129,0.31126,0.99015
2300,4398.4,24681748,1653432,0.606,1.16,6083,10742,14414,0.0125987,0,0,0.0617,0.1116,0.3953,0.0373,0.01161,1.14747,0.12446,-0.01247,0.29855,0.97983
2301,4400.3,24692493,1654134,0.696,1.152,5813,10745,14435,0.01259548,0,0,0.0681,0.1265,0.4321,0.0695,0.01455,1.13663,0.13123,-0.01316,0.3131,0.96625
2302,4402.3,24703235,1654804,0.693,1.168,5771,10742,14393,0.01259225,0,0,0.065,0.1257,0.4242,0.0781,0.01238,1.15537,0.13248,-0.01058,0.31165,1.01334
2303,4404.1,24714037,1655483,0.621,1.166,6044,10802,14442,0.01258903,0,0,0.0637,0.1187,0.4014,0.0373,0.012,1.15319,0.12942,-0.01374,0.31072,0.96937
2304,4405.8,24724809,1656185,0.632,1.149,6048,10772,14426,0.01258579,0,0,0.0617,0.1035,0.4047,0.0622,0.0117,1.13619,0.12827,-0.01389,0.30876,0.9709
2305,4407.7,24735585,1656876,0.64,1.176,5935,10776,14455,0.01258256,0,0,0.0619,0.1124,0.414,0.0514,0.01151,1.1634,0.13018,-0.01269,0.31072,0.99287
2306,4409.5,24746343,1657579,0.639,1.18,5913,10758,14434,0.01257932,0,0,0.0646,0.1137,0.4217,0.0394,0.01163,1.16748,0.13303,-0.01104,0.31303,0.98929
2307,4411.3,24757115,1658287,0.637,1.161,5991,10772,14460,0.0125761,0,0,0.065,0.1151,0.4058,0.0508,0.01037,1.15025,0.1215,-0.01137,0.29046,0.98319
2308,4413.1,24767884,1658985,0.661,1.186,5832,10769,14432,0.01257287,0,0,0.0647,0.1235,0.4218,0.0507,0.01196,1.17325,0.12166,-0.01046,0.28878,0.97566
2309,4414.9,24778678,1659675,0.601,1.177,6071,10794,14479,0.01256963,0,0,0.0589,0.1003,0.3782,0.0635,0.01122,1.16521,0.11626,-0.01206,0.28127,0.97967
2310,4416.7,24789444,1660363,0.656,1.162,5920,10766,14474,0.0125664,0,0,0.0643,0.1154,0.4101,0.0664,0.01136,1.1502,0.13691,-0.00965,0.31836,1.00374
2311,4418.6,24800236,1661059,0.657,1.187,5852,10792,14479,0.01256317,0,0,0.0679,0.1267,0.4245,0.0378,0.01092,1.17528,0.13512,-0.0127,0.32034,0.9835
2312,4420.4,24811066,1661743,0.665,1.183,5860,10830,14509,0.01255993,0,0,0.064,0.122,0.4181,0.0612,0.01306,1.16894,0.12526,-0.01071,0.29704,0.99934
2313,4422.2,24821864,1662422,0.65,1.166,5945,10798,14469,0.01255668,0,0,0.0642,0.1195,0.4211,0.0455,0.01358,1.15158,0.12962,-0.01241,0.3094,1.00878
2314,4424.1,24832704,1663112,0.648,1.184,5916,10840,14544,0.01255344,0,0,0.0646,0.1148,0.4153,0.0536,0.01164,1.17169,0.12488,-0.01175,0.29794,0.98306
2315,4425.9,24843510,1663811,0.667,1.181,5847,10806,14482,0.01255019,0,0,0.0654,0.1175,0.4211,0.0629,0.01176,1.16871,0.12425,-0.01058,0.29473,0.99835
2316,4427.8,24854280,1664499,0.658,1.186,5838,10770,14430,0.01254695,0,0,0.0665,0.1216,0.4269,0.0434,0.01185,1.17352,0.13857,-0.01226,0.32671,0.99797
2317,4429.6,24865098,1665202,0.669,1.189,5823,10818,14507,0.01254372,0,0,0.0656,0.1169,0.429,0.0578,0.01134,1.17638,0.12306,-0.0136,0.29872,1.01278
2318,4431.4,24875899,1665892,0.641,1.187,5909,10801,14456,0.01254047,0,0,0.0642,0.1172,0.4196,0.0396,0.01166,1.17489,0.13675,-0.01298,0.32425,0.98841
2319,4433.3,24886688,1666579,0.654,1.178,5890,10789,14448,0.01253723,0,0,0.0671,0.1196,0.4181,0.0488,0.01097,1.16588,0.12332,-0.01428,0.30052,1.01027
2320,4435.3,24897515,1667256,0.805,1.181,5451,10827,14479,0.01253399,0,0,0.0623,0.1182,0.4265,0.1978,0.01153,1.16871,0.12754,-0.01212,0.30445,1.00255
2321,4437.2,24908304,1667950,0.711,1.181,5703,10789,14452,0.01253075,0,0,0.0661,0.1169,0.4258,0.1025,0.01333,1.16639,0.13434,-0.01148,0.31695,1.00939
2322,4439.0,24919120,1668622,0.67,1.179,5851,10816,14484,0.01252751,0,0,0.0654,0.1167,0.415,0.0727,0.01188,1.16593,0.13358,-0.01565,0.32453,1.04109
2323,4440.9,24930039,1669306,0.682,1.183,5852,10919,14569,0.01252426,0,0,0.0663,0.1199,0.4239,0.0723,0.01124,1.17129,0.12585,-0.01468,0.30661,1.01954
2324,4442.7,24940902,1669978,0.686,1.185,5807,10863,14516,0.01252099,0,0,0.0697,0.1282,0.4425,0.0451,0.01234,1.17152,0.12701,-0.0138,0.30771,1.04185
2325,4444.6,24951755,1670652,0.674,1.187,5833,10853,14531,0.01251773,0,0,0.0661,0.1215,0.4259,0.0605,0.01135,1.17456,0.12162,-0.01727,0.30394,1.04444
2326,4446.5,24962601,1671347,0.663,1.185,5869,10846,14530,0.01251447,0,0,0.0665,0.1231,0.419,0.0546,0.01185,1.172,0.12523,-0.01306,0.30276,1.04602
2327,4448.4,24973445,1672037,0.717,1.184,5702,10844,14526,0.01251122,0,0,0.0702,0.1365,0.4428,0.0676,0.01226,1.17108,0.12525,-0.01105,0.29886,1.04987
2328,4450.2,24984269,1672701,0.67,1.182,5846,10824,14495,0.01250797,0,0,0.0671,0.1241,0.4369,0.0417,0.01215,1.16868,0.11914,-0.01328,0.29085,1.03949
2329,4452.1,24995093,1673368,0.67,1.181,5848,10824,14474,0.01250472,0,0,0.0659,0.1255,0.4154,0.0634,0.01088,1.169,0.12253,-0.01482,0.30084,1.04546
2330,4453.9,25005973,1674040,0.642,1.18,5974,10880,14550,0.01250147,0,0,0.0643,0.123,0.408,0.0464,0.01182,1.16699,0.1182,-0.01487,0.29139,1.01021
2331,4455.7,25016831,1674733,0.59,1.177,6143,10858,14520,0.01249821,0,0,0.061,0.1052,0.3867,0.0375,0.01129,1.16486,0.12346,-0.01717,0.30709,1.03369
2332,4457.4,25027716,1675412,0.577,1.174,6215,10885,14565,0.01249495,0,0,0.0572,0.0971,0.3763,0.0464,0.01082,1.16275,0.12892,-0.01371,0.31031,1.00302
2333,4459.1,25038574,1676104,0.529,1.173,6381,10858,14526,0.01249169,0,0,0.0511,0.0888,0.3603,0.0284,0.01097,1.16139,0.12193,-0.0153,0.3002,1.02973
2334,4460.8,25049435,1676774,0.53,1.181,6347,10861,14508,0.01248843,0,0,0.0475,0.0849,0.3526,0.0446,0.01181,1.16901,0.11196,-0.01605,0.28128,1.01117
2335,4462.6,25060291,1677454,0.563,1.175,6246,10856,14536,0.01248517,0,0,0.0565,0.0979,0.3798,0.0289,0.01179,1.1623,0.12826,-0.01513,0.31191,1.00586
2336,4464.3,25071177,1678137,0.547,1.175,6321,10886,14535,0.01248191,0,0,0.0506,0.0883,0.3588,0.0497,0.01143,1.16273,0.11805,-0.01624,0.29308,0.98176
2337,4466.0,25082027,1678810,0.541,1.158,6384,10850,14520,0.01247865,0,0,0.0504,0.087,0.3469,0.057,0.01092,1.14665,0.13146,-0.0128,0.31305,0.98361
2338,4467.7,25092902,1679484,0.519,1.181,6398,10875,14539,0.01247539,0,0,0.0465,0.0839,0.3585,0.0301,0.01113,1.16871,0.11923,-0.01445,0.29172,0.97616
2339,4469.4,25103752,1680184,0.538,1.167,6364,10850,14521,0.01247213,0,0,0.0479,0.0844,0.3535,0.0522,0.01003,1.15614,0.11853,-0.01273,0.28679,0.97308
2340,4471.1,25114614,1680857,0.538,1.166,6375,10862,14527,0.01246887,0,0,0.0527,0.0925,0.3625,0.0303,0.01053,1.15424,0.11224,-0.01401,0.27724,0.99191
2341,4472.8,25125478,1681543,0.553,1.187,6242,10864,14537,0.01246562,0,0,0.0547,0.091,0.3585,0.0488,0.01155,1.17499,0.1149,-0.01528,0.28456,0.97088
2342,4474.6,25136347,1682208,0.567,1.163,6284,10869,14535,0.01246236,0,0,0.0581,0.0999,0.3818,0.0272,0.01086,1.15116,0.11593,-0.01635,0.28898,0.97997
2343,4476.3,25147191,1682894,0.592,1.176,6131,10844,14494,0.0124591,0,0,0.057,0.1018,0.3791,0.0543,0.0106,1.16492,0.12224,-0.01323,0.29549,0.98524
2344,4478.1,25158030,1683575,0.564,1.183,6207,10839,14520,0.01245584,0,0,0.0554,0.0987,0.3706,0.0391,0.01106,1.17063,0.11598,-0.01349,0.28379,0.99753
2345,4479.8,25168880,1684246,0.565,1.161,6284,10850,14523,0.01245259,0,0,0.0569,0.0969,0.3745,0.037,0.01039,1.15027,0.11806,-0.01005,0.28093,0.99209
2346,4481.5,25179709,1684937,0.561,1.185,6203,10829,14510,0.01244934,0,0,0.0542,0.0946,0.3673,0.0449,0.01117,1.17268,0.1167,-0.01222,0.28234,0.98453
2347,4483.3,25190571,1685614,0.536,1.175,6349,10862,14540,0.01244609,0,0,0.0525,0.0915,0.3617,0.0304,0.01082,1.16289,0.12103,-0.01182,0.29037,0.99077
2348,4485.0,25201407,1686275,0.596,1.168,6143,10836,14493,0.01244283,0,0,0.0571,0.0993,0.3872,0.0521,0.01125,1.15604,0.11297,-0.01281,0.27598,0.98088
2349,4486.8,25212298,1686948,0.613,1.183,6064,10891,14579,0.01243958,0,0,0.0621,0.1103,0.4041,0.0362,0.01104,1.17119,0.12992,-0.01124,0.30733,1.00521
2350,4488.6,25223151,1687612,0.643,1.168,5992,10853,14534,0.01243631,0,0,0.0615,0.1086,0.3981,0.0751,0.01112,1.15586,0.11224,-0.01155,0.27207,0.98514
2351,4490.4,25234062,1688275,0.653,1.162,6011,10911,14575,0.01243305,0,0,0.0614,0.1078,0.399,0.0849,0.01098,1.15023,0.11677,-0.00924,0.2761,0.96846
2352,4492.3,25244934,1688929,0.602,1.176,6116,10872,14526,0.01242978,0,0,0.0568,0.1013,0.389,0.055,0.0113,1.16354,0.13052,-0.01255,0.31003,0.96171
2353,4494.1,25255826,1689581,0.541,1.169,6367,10892,14549,0.01242652,0,0,0.0541,0.0929,0.363,0.0313,0.01108,1.15747,0.12964,-0.01419,0.31218,0.98674
2354,4495.8,25266665,1690247,0.565,1.158,6290,10839,14502,0.01242325,0,0,0.0563,0.0968,0.3676,0.0441,0.011,1.14666,0.12936,-0.01261,0.30792,0.96504
2355,4497.5,25277506,1690923,0.578,1.164,6223,10841,14523,0.01242,0,0,0.058,0.1038,0.3857,0.0307,0.01086,1.1523,0.11232,-0.01434,0.2775,0.9731
2356,4499.2,25288346,1691576,0.547,1.148,6393,10840,14503,0.01241675,0,0,0.0535,0.0937,0.3659,0.0341,0.01089,1.13682,0.11902,-0.01252,0.28724,0.97322
2357,4500.9,25299200,1692242,0.556,1.157,6338,10854,14538,0.0124135,0,0,0.0527,0.0939,0.3684,0.0409,0.01115,1.14476,0.12853,-0.01313,0.30759,0.9781
2358,4502.6,25310076,1692891,0.493,1.165,6560,10876,14538,0.01241024,0,0,0.0449,0.0808,0.3409,0.0266,0.01037,1.15342,0.13138,-0.01142,0.30962,0.96809
2359,4504.3,25320913,1693551,0.516,1.146,6519,10837,14503,0.01240698,0,0,0.0489,0.0838,0.3468,0.0369,0.01133,1.1339,0.11737,-0.01488,0.28872,0.97634
2360,4505.9,25331783,1694205,0.509,1.16,6513,10870,14555,0.01240373,0,0,0.0462,0.0862,0.3475,0.0296,0.01067,1.14825,0.12727,-0.014,0.30673,0.9757
2361,4507.6,25342622,1694868,0.543,1.168,6335,10839,14515,0.01240047,0,0,0.0497,0.0852,0.351,0.0574,0.01072,1.156,0.11504,-0.01329,0.28091,0.97815
2362,4509.3,25353447,1695560,0.545,1.164,6335,10825,14511,0.01239721,0,0,0.0571,0.0945,0.3651,0.028,0.0105,1.15283,0.13645,-0.01166,0.32015,0.96515
2363,4511.1,25364268,1696238,0.581,1.169,6182,10821,14496,0.01239397,0,0,0.0562,0.0978,0.373,0.0542,0.01205,1.15629,0.12295,-0.00915,0.2882,0.96882
2364,4512.9,25375114,1696894,0.585,1.178,6153,10846,14505,0.01239072,0,0,0.0595,0.1063,0.3857,0.0332,0.01086,1.1664,0.1237,-0.00918,0.28938,0.95317
2365,4514.6,25385932,1697554,0.596,1.18,6093,10818,14477,0.01238747,0,0,0.0587,0.0962,0.3775,0.0632,0.01076,1.16859,0.1311,-0.01258,0.31129,0.96557
2366,4516.4,25396735,1698213,0.547,1.183,6246,10803,14473,0.01238422,0,0,0.0567,0.0917,0.3699,0.0283,0.01138,1.17094,0.12179,-0.0133,0.2948,0.99355
2367,4518.1,25407559,1698872,0.604,1.178,6073,10824,14502,0.01238098,0,0,0.0606,0.1001,0.3875,0.0563,0.01096,1.16606,0.12708,-0.01429,0.30753,1.00127
2368,4519.9,25418340,1699531,0.567,1.171,6202,10781,14457,0.01237773,0,0,0.0574,0.0955,0.3758,0.0387,0.01064,1.1598,0.12656,-0.0144,0.30608,0.97584
2369,4521.6,25429138,1700209,0.559,1.169,6249,10798,14464,0.0123745,0,0,0.0573,0.0925,0.3668,0.0426,0.01128,1.15672,0.12916,-0.01389,0.3103,0.97838
2370,4523.3,25439922,1700875,0.559,1.147,6322,10784,14450,0.01237126,0,0,0.0569,0.0983,0.3753,0.0284,0.01141,1.13465,0.12822,-0.0147,0.30986,0.97066
2371,4525.1,25450769,1701546,0.601,1.164,6148,10847,14532,0.01236802,0,0,0.0573,0.0988,0.3881,0.0565,0.00999,1.15296,0.13744,-0.01307,0.32499,0.96859
2372,4526.8,25461553,1702214,0.556,1.165,6267,10784,14484,0.01236477,0,0,0.0568,0.0951,0.3722,0.0318,0.0119,1.15238,0.12978,-0.01541,0.3143,0.96696
2373,4528.6,25472358,1702884,0.59,1.154,6195,10805,14511,0.01236153,0,0,0.0573,0.0982,0.3791,0.0557,0.01228,1.14081,0.12632,-0.01504,0.30719,0.9902
2374,4530.3,25483177,1703534,0.585,1.173,6153,10819,14501,0.01235829,0,0,0.0584,0.1004,0.387,0.0392,0.01084,1.16196,0.11641,-0.01358,0.28419,0.97943
2375,4532.0,25493973,1704194,0.568,1.165,6231,10796,14445,0.01235505,0,0,0.055,0.0929,0.3641,0.0557,0.01144,1.15272,0.11683,-0.01044,0.27888,0.98511
2376,4533.7,25504774,1704867,0.545,1.159,6341,10801,14500,0.01235181,0,0,0.0551,0.0917,0.3689,0.029,0.01028,1.14769,0.12377,-0.01275,0.29737,0.98463
2377,4535.5,25515611,1705521,0.564,1.173,6240,10837,14515,0.01234857,0,0,0.0551,0.0919,0.3653,0.0516,0.01074,1.16137,0.1245,-0.01803,0.30953,0.99107
2378,4537.3,25526455,1706186,0.611,1.17,6089,10844,14539,0.01234532,0,0,0.0598,0.106,0.3899,0.0553,0.01196,1.15725,0.11633,-0.01493,0.28707,0.99386
2379,4539.0,25537249,1706860,0.549,1.169,6282,10794,14499,0.01234206,0,0,0.0549,0.093,0.3693,0.0321,0.01064,1.1577,0.11726,-0.01232,0.28439,1.02152
2380,4540.7,25548076,1707518,0.548,1.179,6268,10827,14529,0.01233883,0,0,0.0525,0.0889,0.3555,0.0511,0.0115,1.16726,0.11854,-0.01457,0.29144,1.02257
2381,4542.4,25558930,1708173,0.539,1.16,6388,10854,14515,0.01233558,0,0,0.053,0.0904,0.3581,0.038,0.01141,1.14764,0.12627,-0.01409,0.30572,1.01295
2382,4544.2,25569769,1708839,0.557,1.181,6237,10839,14529,0.01233232,0,0,0.052,0.0905,0.3639,0.0502,0.01078,1.16998,0.12849,-0.01512,0.3123,1.01605
2383,4545.9,25580584,1709501,0.558,1.18,6223,10815,14484,0.01232907,0,0,0.0528,0.0895,0.3568,0.059,0.01099,1.16806,0.12645,-0.015,0.30875,1.04849
2384,4547.7,25591427,1710171,0.64,1.183,5949,10843,14538,0.01232582,0,0,0.0531,0.0913,0.3612,0.1342,0.01103,1.17077,0.11811,-0.01673,0.29554,1.04954
2385,4549.5,25602239,1710847,0.583,1.184,6118,10812,14490,0.01232257,0,0,0.0548,0.0909,0.3647,0.0728,0.0109,1.17238,0.10686,-0.01602,0.27142,1.04066
2386,4551.2,25613093,1711514,0.562,1.182,6223,10854,14514,0.01231933,0,0,0.0509,0.0916,0.3655,0.0539,0.01092,1.17061,0.12416,-0.01659,0.30732,1.04827
2387,4552.9,25623915,1712175,0.537,1.172,6331,10822,14476,0.01231607,0,0,0.0473,0.0833,0.3496,0.0568,0.01101,1.16047,0.11726,-0.01632,0.29278,1.03968
2388,4554.6,25634707,1712860,0.511,1.177,6392,10792,14469,0.01231283,0,0,0.0462,0.0829,0.3526,0.0291,0.0109,1.16592,0.12156,-0.01174,0.29189,1.02681
2389,4556.4,25645527,1713530,0.583,1.178,6144,10820,14489,0.01230959,0,0,0.0549,0.0949,0.3734,0.0599,0.0104,1.16676,0.11416,-0.01598,0.2853,1.01627
2390,4558.3,25656329,1714198,0.737,1.179,5638,10802,14475,0.01230634,0,0,0.0729,0.172,0.454,0.0383,0.01221,1.16586,0.11875,-0.01848,0.29912,1.00195
2391,4560.1,25667144,1714854,0.651,1.172,5934,10815,14467,0.0123031,0,0,0.0637,0.1114,0.4136,0.062,0.01176,1.1594,0.12551,-0.01471,0.30523,1.00766
2392,4561.9,25677922,1715535,0.603,1.152,6143,10778,14451,0.01229986,0,0,0.0605,0.0998,0.3842,0.0581,0.01106,1.13997,0.1273,-0.01223,0.30461,1.03846
2393,4563.6,25688740,1716183,0.541,1.155,6381,10818,14500,0.01229662,0,0,0.0541,0.0931,0.3648,0.0288,0.01123,1.14277,0.11792,-0.01646,0.29388,1.02133
2394,4565.3,25699552,1716837,0.546,1.167,6314,10812,14456,0.01229338,0,0,0.0519,0.0883,0.3533,0.0521,0.01119,1.15488,0.12495,-0.01104,0.29653,0.99799
2395,4567.0,25710407,1717513,0.54,1.144,6446,10855,14527,0.01229013,0,0,0.0539,0.0921,0.3637,0.0304,0.01079,1.13235,0.11783,-0.0124,0.28494,0.99617
2396,4568.7,25721158,1718194,0.556,1.176,6208,10751,14426,0.01228688,0,0,0.0545,0.0908,0.3597,0.0508,0.01155,1.16386,0.12195,-0.01632,0.30062,0.98002
2397,4570.4,25731967,1718870,0.528,1.177,6339,10809,14492,0.01228365,0,0,0.0529,0.0899,0.356,0.0297,0.01112,1.16481,0.12262,-0.00973,0.28907,0.99245
2398,4572.1,25742721,1719545,0.559,1.157,6268,10754,14414,0.01228041,0,0,0.0522,0.0896,0.3666,0.0501,0.01059,1.14572,0.13261,-0.01164,0.31232,0.97027
2399,4573.9,25753501,1720229,0.545,1.177,6261,10780,14438,0.01227718,0,0,0.0537,0.0916,0.3583,0.041,0.01144,1.16494,0.11562,-0.01176,0.27828,0.95826
2400,4575.6,25764263,1720912,0.559,1.176,6203,10762,14433,0.01227395,0,0,0.0533,0.0926,0.3575,0.0559,0.01129,1.1638,0.12157,-0.01209,0.29091,0.96121
2401,4577.7,25775026,1721595,0.594,1.174,6091,10763,14429,0.01227072,0,0,0.0567,0.0945,0.3717,0.0706,0.0111,1.16178,0.12814,-0.01167,0.30244,0.92984
2402,4579.5,25785808,1722263,0.544,1.19,6218,10782,14430,0.01226749,0,0,0.0545,0.0944,0.3647,0.0305,0.01079,1.17805,0.1202,-0.01509,0.29351,0.93493
2403,4581.3,25796633,1722941,0.57,1.187,6160,10825,14491,0.01226426,0,0,0.0551,0.0944,0.374,0.047,0.01057,1.17564,0.12095,-0.01234,0.28997,0.95406
2404,4583.0,25807461,1723618,0.537,1.175,6324,10828,14509,0.01226101,0,0,0.0474,0.0909,0.3561,0.0425,0.01096,1.16365,0.14121,-0.01261,0.33139,0.96832
2405,4584.7,25818289,1724278,0.507,1.164,6480,10828,14516,0.01225776,0,0,0.0465,0.0833,0.347,0.03,0.01089,1.15261,0.11893,-0.01506,0.29226,0.99086
2406,4586.3,25829140,1724944,0.515,1.149,6518,10851,14533,0.01225451,0,0,0.0466,0.0852,0.3474,0.0361,0.01127,1.13748,0.11881,-0.01547,0.29333,1.01063
2407,4588.0,25840004,1725619,0.541,1.158,6393,10864,14535,0.01225126,0,0,0.0468,0.0854,0.3538,0.0548,0.011,1.14666,0.1266,-0.01543,0.30833,0.99067
2408,4589.7,25850797,1726299,0.508,1.165,6449,10793,14477,0.012248,0,0,0.0473,0.0838,0.3471,0.0299,0.01069,1.15393,0.12138,-0.01473,0.29726,1.02205
2409,4591.5,25861640,1726957,0.619,1.148,6136,10843,14525,0.01224476,0,0,0.0578,0.103,0.3904,0.0677,0.01127,1.13603,0.12817,-0.01583,0.31225,0.99035
2410,4593.2,25872455,1727624,0.608,1.165,6100,10815,14478,0.01224151,0,0,0.0615,0.1117,0.3988,0.0355,0.01099,1.15367,0.11736,-0.01502,0.28898,0.98996
2411,4595.0,25883297,1728319,0.607,1.165,6118,10842,14505,0.01223826,0,0,0.0621,0.1124,0.3947,0.0375,0.01143,1.15331,0.12304,-0.01395,0.29819,0.9886
2412,4596.7,25894127,1728990,0.588,1.144,6253,10830,14485,0.01223501,0,0,0.0584,0.1021,0.3776,0.0502,0.01073,1.13207,0.12204,-0.01487,0.29758,0.97103
2413,4598.5,25904913,1729673,0.545,1.165,6305,10786,14466,0.01223176,0,0,0.0548,0.0937,0.3681,0.0286,0.01117,1.15293,0.12011,-0.01251,0.28882,0.96407
2414,4600.2,25915804,1730346,0.545,1.154,6410,10891,14551,0.01222853,0,0,0.0533,0.0905,0.3602,0.0413,0.01058,1.14247,0.12461,-0.01433,0.30147,0.96475
2415,4601.9,25926645,1731031,0.568,1.151,6304,10841,14515,0.01222526,0,0,0.0538,0.096,0.3666,0.0519,0.01047,1.14008,0.12676,-0.00847,0.29441,0.9798
2416,4603.6,25937509,1731707,0.529,1.166,6411,10864,14554,0.01222201,0,0,0.0528,0.0905,0.3573,0.028,0.01014,1.15489,0.13122,-0.01222,0.31124,0.99614
2417,4605.3,25948346,1732376,0.541,1.152,6401,10837,14525,0.01221875,0,0,0.0524,0.09,0.3598,0.0391,0.01154,1.13931,0.11865,-0.00873,0.27914,0.99812
2418,4607.0,25959217,1733056,0.55,1.157,6370,10871,14571,0.0122155,0,0,0.0514,0.0892,0.3555,0.0538,0.01109,1.14485,0.12597,-0.01524,0.3064,0.98184
2419,4608.7,25970069,1733731,0.533,1.201,6260,10852,14513,0.01221223,0,0,0.0523,0.0901,0.358,0.0322,0.0111,1.18913,0.1099,-0.01503,0.27383,0.98135
2420,4610.4,25980930,1734416,0.563,1.179,6235,10861,14577,0.01220898,0,0,0.0538,0.0926,0.3655,0.0509,0.01074,1.16756,0.09877,-0.01276,0.2465,0.95983
2421,4612.4,25991807,1735128,0.746,1.195,5607,10877,14551,0.01220572,0,0,0.0573,0.105,0.3746,0.2086,0.0107,1.18316,0.11733,-0.01409,0.28618,0.95614
2422,4614.2,26002650,1735823,0.599,1.201,6025,10843,14512,0.01220246,0,0,0.0579,0.0972,0.3745,0.069,0.01126,1.18924,0.11208,-0.01317,0.27436,0.97823
2423,4616.0,26013484,1736506,0.588,1.181,6125,10834,14489,0.01219921,0,0,0.0578,0.0974,0.3799,0.0528,0.0111,1.16901,0.11728,-0.00812,0.27466,0.97727
2424,4617.8,26024374,1737193,0.638,1.201,5921,10890,14578,0.01219595,0,0,0.0649,0.1252,0.4135,0.0342,0.01153,1.18887,0.11178,-0.01353,0.27452,0.97931
2425,4619.6,26035282,1737870,0.646,1.198,5915,10908,14575,0.01219269,0,0,0.0625,0.1147,0.4075,0.0612,0.01109,1.18637,0.10569,-0.01188,0.2599,1.01625
2426,4621.4,26046145,1738541,0.593,1.182,6120,10863,14549,0.01218942,0,0,0.0607,0.1056,0.3882,0.0384,0.011,1.1703,0.10484,-0.01152,0.25734,1.01056
2427,4623.2,26057046,1739221,0.601,1.187,6096,10901,14592,0.01218616,0,0,0.0594,0.0983,0.3818,0.0614,0.01171,1.17461,0.11903,-0.01429,0.29154,1.02217
2428,4624.9,26067880,1739895,0.556,1.158,6321,10834,14512,0.01218289,0,0,0.0538,0.0916,0.3602,0.05,0.01078,1.14688,0.12459,-0.01231,0.29834,1.00737
2429,4626.6,26078762,1740571,0.539,1.149,6450,10882,14567,0.01217964,0,0,0.0532,0.0922,0.366,0.0272,0.01077,1.13708,0.11877,-0.01498,0.29232,1.01854
2430,4628.3,26089579,1741250,0.543,1.161,6346,10817,14518,0.01217637,0,0,0.0525,0.0904,0.3558,0.0447,0.01041,1.14998,0.10944,-0.01275,0.26864,0.99588
2431,4630.0,26100412,1741930,0.522,1.148,6488,10833,14505,0.01217313,0,0,0.052,0.0885,0.3539,0.0274,0.01073,1.13656,0.11618,-0.01214,0.28051,0.97977
2432,4631.7,26111241,1742581,0.56,1.156,6310,10829,14491,0.01216988,0,0,0.0527,0.0892,0.3611,0.0571,0.01074,1.14474,0.11181,-0.01502,0.27802,1.00098
2433,4633.4,26122113,1743253,0.521,1.166,6443,10872,14546,0.01216663,0,0,0.051,0.0873,0.3515,0.0315,0.01066,1.1545,0.11583,-0.01247,0.2805,0.98251
2434,4635.1,26132968,1743938,0.565,1.144,6351,10855,14544,0.01216337,0,0,0.0545,0.0939,0.3629,0.0537,0.01048,1.13307,0.12863,-0.01287,0.3069,0.98249
2435,4636.8,26143847,1744618,0.572,1.163,6268,10879,14567,0.01216011,0,0,0.0533,0.0913,0.3594,0.0682,0.01054,1.15226,0.11213,-0.01318,0.27525,1.01239
2436,4638.5,26154713,1745281,0.526,1.158,6453,10866,14539,0.01215685,0,0,0.0523,0.0874,0.3565,0.0301,0.01124,1.14565,0.11021,-0.01492,0.27443,0.99465
2437,4640.2,26165578,1745936,0.547,1.168,6336,10865,14548,0.01215359,0,0,0.0533,0.0904,0.3594,0.0438,0.0103,1.1569,0.11126,-0.01458,0.2761,1.00392
2438,4641.9,26176461,1746618,0.53,1.184,6350,10883,14549,0.01215033,0,0,0.0519,0.0899,0.3588,0.0294,0.01149,1.17176,0.12706,-0.01395,0.3062,0.99497
2439,4643.6,26187323,1747290,0.521,1.168,6429,10862,14526,0.01214706,0,0,0.0466,0.0844,0.3513,0.0387,0.01036,1.15746,0.12181,-0.01035,0.28877,1.0067
2440,4645.4,26198188,1747948,0.543,1.175,6324,10865,14547,0.0121438,0,0,0.0493,0.0865,0.3552,0.0518,0.01113,1.16342,0.1259,-0.00939,0.29459,0.98826
2441,4647.1,26209034,1748626,0.543,1.185,6276,10846,14525,0.01214054,0,0,0.0546,0.0931,0.3661,0.0291,0.0107,1.17365,0.11858,-0.01263,0.28645,0.98955
2442,4648.8,26219867,1749284,0.52,1.146,6505,10833,14500,0.01213729,0,0,0.0453,0.0822,0.3506,0.0418,0.0101,1.13486,0.11737,-0.01245,0.28371,0.99102
2443,4650.5,26230722,1749956,0.57,1.161,6272,10855,14528,0.01213404,0,0,0.0523,0.0908,0.3631,0.0633,0.01096,1.14953,0.11645,-0.011,0.27833,0.96523
2444,4652.1,26241573,1750634,0.507,1.156,6526,10851,14536,0.01213078,0,0,0.0465,0.0833,0.3474,0.0294,0.01036,1.14506,0.11101,-0.0122,0.2698,0.96345
2445,4653.8,26252429,1751321,0.527,1.148,6483,10856,14535,0.01212753,0,0,0.0454,0.083,0.3495,0.0489,0.011,1.13592,0.11709,-0.01204,0.28118,0.94529
2446,4655.5,26263264,1751985,0.535,1.164,6375,10835,14516,0.01212427,0,0,0.0453,0.0823,0.352,0.0556,0.01091,1.15271,0.11992,-0.01071,0.28429,0.9494
2447,4657.2,26274136,1752679,0.529,1.152,6465,10872,14560,0.01212102,0,0,0.0523,0.0888,0.3582,0.0302,0.01137,1.13998,0.11292,-0.01129,0.27153,0.95267
2448,4658.9,26284952,1753361,0.547,1.155,6356,10816,14514,0.01211776,0,0,0.0509,0.0891,0.3562,0.051,0.01069,1.14313,0.10603,-0.01431,0.26445,0.98015
2449,4660.6,26295779,1754046,0.512,1.165,6460,10827,14524,0.01211451,0,0,0.0466,0.0817,0.3514,0.0318,0.01117,1.15274,0.10708,-0.01219,0.2627,0.99696
2450,4662.3,26306609,1754713,0.533,1.145,6455,10830,14508,0.01211127,0,0,0.0473,0.0829,0.347,0.056,0.01054,1.13353,0.11091,-0.01243,0.27037,0.97833
2451,4664.0,26317442,1755390,0.532,1.166,6381,10833,14527,0.01210802,0,0,0.0528,0.0902,0.3608,0.0282,0.01122,1.15377,0.11405,-0.01292,0.27805,0.99559
2452,4665.7,26328282,1756062,0.532,1.161,6404,10840,14504,0.01210477,0,0,0.0465,0.082,0.3502,0.0528,0.01134,1.14905,0.10943,-0.0113,0.26564,0.99914
2453,4667.4,26339060,1756713,0.534,1.145,6422,10778,14450,0.01210152,0,0,0.047,0.0839,0.3497,0.0531,0.0109,1.13311,0.11262,-0.0133,0.27626,1.00938
2454,4669.1,26349862,1757373,0.514,1.163,6443,10802,14469,0.01209828,0,0,0.0453,0.0832,0.3568,0.0284,0.01091,1.15121,0.11455,-0.01334,0.28008,1.00461
2455,4670.8,26360681,1758040,0.513,1.154,6491,10819,14522,0.01209504,0,0,0.0468,0.0838,0.3463,0.036,0.01067,1.14248,0.11095,-0.01396,0.27369,0.98769
2456,4672.5,26371490,1758695,0.53,1.24,6108,10809,14480,0.0120918,0,0,0.0468,0.0833,0.3605,0.0394,0.01148,1.22744,0.11115,-0.01419,0.2745,0.98538
2457,4674.4,26382326,1759374,0.585,1.253,5895,10836,14530,0.01208855,0,0,0.0586,0.1026,0.3786,0.0454,0.01085,1.24136,0.11982,-0.01342,0.29014,0.97902
2458,4676.2,26393135,1760051,0.583,1.229,5964,10809,14482,0.0120853,0,0,0.0577,0.1042,0.3852,0.0364,0.01069,1.21762,0.12555,-0.01358,0.30117,0.94778
2459,4678.0,26403975,1760713,0.575,1.245,5957,10840,14530,0.01208206,0,0,0.0508,0.0916,0.3714,0.0607,0.01078,1.23336,0.12042,-0.01238,0.2888,0.96023
2460,4679.8,26414806,1761350,0.522,1.244,6132,10831,14522,0.01207881,0,0,0.0478,0.0873,0.3543,0.0328,0.01078,1.23268,0.11699,-0.01522,0.28808,0.97914
2461,4681.6,26425617,1762024,0.571,1.231,5999,10811,14501,0.01207556,0,0,0.0544,0.0959,0.3712,0.0493,0.01133,1.21925,0.10989,-0.01409,0.27075,0.94361
2462,4683.3,26436433,1762686,0.564,1.209,6099,10816,14539,0.01207231,0,0,0.0579,0.0994,0.3786,0.0286,0.01078,1.1973,0.11763,-0.01492,0.28845,0.96736
2463,4685.1,26447275,1763338,0.534,1.17,6364,10842,14526,0.01206907,0,0,0.0502,0.0868,0.3595,0.0375,0.01092,1.1581,0.12919,-0.01426,0.31006,0.95905
2464,4686.8,26458106,1764012,0.526,1.173,6374,10831,14526,0.01206582,0,0,0.0459,0.0835,0.3505,0.0459,0.0109,1.16187,0.11976,-0.01164,0.28561,0.9455
2465,4688.4,26468956,1764656,0.512,1.184,6398,10850,14540,0.01206257,0,0,0.0472,0.0847,0.3526,0.0272,0.01043,1.17287,0.1101,-0.01222,0.26733,0.94084
2466,4690.2,26479755,1765299,0.586,1.164,6171,10799,14471,0.01205931,0,0,0.0546,0.0944,0.3774,0.0594,0.01133,1.1521,0.11357,-0.01355,0.27672,0.93256
2467,4691.9,26490607,1765971,0.532,1.18,6338,10852,14560,0.01205607,0,0,0.048,0.0828,0.3479,0.0536,0.01084,1.16832,0.11771,-0.00933,0.27659,0.9337
2468,4693.6,26501440,1766621,0.531,1.177,6344,10833,14537,0.01205282,0,0,0.0511,0.0868,0.3562,0.0364,0.01071,1.16576,0.12153,-0.01057,0.28649,0.92421
2469,4695.3,26512313,1767287,0.549,1.162,6353,10873,14576,0.01204957,0,0,0.0501,0.0872,0.3633,0.0488,0.01073,1.15081,0.12096,-0.01233,0.28877,0.92034
2470,4697.0,26523174,1767960,0.544,1.165,6355,10861,14536,0.01204631,0,0,0.0514,0.0891,0.3617,0.0414,0.01033,1.15436,0.12526,-0.01224,0.29753,0.93547
2471,4698.7,26534033,1768609,0.52,1.153,6492,10859,14539,0.01204305,0,0,0.0486,0.0854,0.3557,0.0302,0.01093,1.14093,0.12307,-0.01245,0.29361,0.93708
2472,4700.4,26544869,1769299,0.567,1.154,6297,10836,14530,0.01203979,0,0,0.0548,0.0949,0.3716,0.0455,0.01062,1.1427,0.11015,-0.01233,0.26825,0.96701
2473,4702.1,26555707,1769974,0.527,1.168,6393,10838,14520,0.01203654,0,0,0.0526,0.0885,0.359,0.0271,0.0123,1.15507,0.11288,-0.01176,0.27218,0.9517
2474,4703.9,26566537,1770654,0.582,1.146,6268,10830,14524,0.01203329,0,0,0.0535,0.0976,0.3683,0.0623,0.01073,1.1348,0.11715,-0.01237,0.28215,0.96077
2475,4705.6,26577381,1771311,0.558,1.161,6308,10844,14561,0.01203004,0,0,0.0551,0.0951,0.3741,0.0333,0.01103,1.14968,0.11166,-0.01101,0.26822,0.95061
2476,4707.3,26588267,1771974,0.522,1.164,6458,10886,14564,0.01202679,0,0,0.0512,0.0889,0.3523,0.0293,0.01127,1.15198,0.11991,-0.01079,0.2847,0.9688
2477,4709.0,26599139,1772633,0.549,1.144,6421,10872,14554,0.01202352,0,0,0.0504,0.0871,0.3558,0.0561,0.01098,1.13225,0.1325,-0.01411,0.31563,0.9325
2478,4710.6,26609998,1773288,0.504,1.163,6513,10859,14547,0.01202026,0,0,0.0465,0.082,0.3471,0.0282,0.01096,1.15184,0.12044,-0.01291,0.28985,0.96244
2479,4712.3,26620856,1773939,0.551,1.155,6365,10858,14545,0.012017,0,0,0.054,0.0923,0.3676,0.0369,0.01084,1.14364,0.12033,-0.01348,0.29066,0.95872
2480,4714.2,26631747,1774594,0.688,1.154,5914,10891,14569,0.01201374,0,0,0.0618,0.1043,0.3884,0.1331,0.01416,1.13906,0.13088,-0.01248,0.30962,0.95278
2481,4716.0,26642607,1775246,0.623,1.165,6074,10860,14556,0.01201048,0,0,0.0523,0.0884,0.3588,0.1233,0.01132,1.15314,0.13151,-0.00814,0.30259,0.96979
2482,4717.7,26653488,1775895,0.559,1.156,6346,10881,14574,0.01200722,0,0,0.053,0.092,0.3661,0.0479,0.01085,1.14382,0.13183,-0.01281,0.3124,0.96248
2483,4719.4,26664381,1776550,0.539,1.156,6426,10893,14583,0.01200395,0,0,0.0532,0.0908,0.3661,0.0289,0.011,1.1442,0.14021,-0.01026,0.32409,0.96429
2484,4721.2,26675256,1777203,0.628,1.171,6046,10875,14556,0.01200069,0,0,0.062,0.113,0.4015,0.0511,0.01222,1.15807,0.13619,-0.01542,0.32612,0.9539
2485,4723.0,26686119,1777863,0.631,1.153,6092,10863,14560,0.01199742,0,0,0.062,0.1114,0.4077,0.0496,0.01131,1.1405,0.13128,-0.01005,0.30563,0.95757
2486,4724.8,26697020,1778520,0.667,1.157,5977,10901,14594,0.01199416,0,0,0.0682,0.1205,0.4186,0.0599,0.01122,1.14466,0.13175,-0.00929,0.30439,0.93003
2487,4726.6,26707942,1779169,0.643,1.17,6023,10922,14623,0.01199089,0,0,0.0592,0.1093,0.3921,0.0825,0.01119,1.15835,0.12572,-0.01382,0.30203,0.95673
2488,4728.4,26718859,1779827,0.608,1.153,6197,10917,14619,0.01198762,0,0,0.0606,0.106,0.3944,0.0475,0.01099,1.14126,0.11762,-0.01369,0.28574,0.96422
2489,4730.1,26729775,1780470,0.599,1.16,6207,10916,14624,0.01198434,0,0,0.0606,0.1073,0.3964,0.0349,0.01272,1.14605,0.11868,-0.01143,0.28307,0.9536
2490,4731.9,26740693,1781114,0.616,1.17,6113,10918,14606,0.01198107,0,0,0.0602,0.106,0.3901,0.0598,0.01023,1.15883,0.13117,-0.01147,0.30837,0.96441
2491,4733.7,26751580,1781757,0.624,1.163,6091,10887,14585,0.01197779,0,0,0.0628,0.1173,0.4129,0.0313,0.01169,1.1506,0.12597,-0.01405,0.30344,0.97667
2492,4735.5,26762534,1782390,0.649,1.189,5958,10954,14659,0.01197453,0,0,0.0607,0.1107,0.4021,0.0756,0.01033,1.17817,0.12759,-0.01345,0.30519,0.96461
2493,4737.4,26773453,1783037,0.625,1.284,5720,10919,14604,0.01197124,0,0,0.0651,0.1143,0.4066,0.039,0.01198,1.27092,0.11739,-0.01305,0.28422,0.97474
2494,4739.3,26784360,1783686,0.624,1.259,5794,10907,14619,0.01196796,0,0,0.0627,0.1074,0.4014,0.0523,0.01089,1.24715,0.13065,-0.01603,0.31661,0.97166
2495,4741.3,26795278,1784312,0.655,1.282,5637,10918,14607,0.01196469,0,0,0.067,0.1228,0.4248,0.04,0.01228,1.26912,0.12394,-0.01303,0.29679,0.95551
2496,4743.2,26806238,1784940,0.687,1.288,5548,10960,14687,0.01196142,0,0,0.068,0.1192,0.4238,0.0764,0.01254,1.27382,0.12422,-0.01585,0.30345,0.97435
2497,4745.2,26817182,1785578,0.71,1.263,5548,10944,14643,0.01195813,0,0,0.0658,0.1207,0.4246,0.0985,0.01181,1.25024,0.12389,-0.01479,0.29978,0.93732
2498,4747.2,26828122,1786225,0.687,1.279,5564,10940,14658,0.01195485,0,0,0.0663,0.1188,0.4243,0.0775,0.01203,1.26628,0.12712,-0.01235,0.30233,0.97828
2499,4749.1,26839031,1786884,0.634,1.283,5688,10909,14611,0.01195156,0,0,0.0623,0.1092,0.3969,0.0659,0.01142,1.2712,0.12339,-0.01401,0.29835,0.98545
2500,4750.9,26849999,1787513,0.611,1.161,6190,10968,14686,0.01194829,0,0,0.0588,0.1041,0.3916,0.057,0.01068,1.14916,0.13262,-0.01608,0.32093,0.98455
2501,4752.6,26860917,1788151,0.58,1.184,6188,10918,14626,0.011945,0,0,0.0588,0.1024,0.3864,0.0325,0.01111,1.17213,0.12479,-0.01137,0.29586,0.98569
2502,4754.5,26871912,1788802,0.596,1.185,6173,10995,14680,0.01194172,0,0,0.0591,0.106,0.3852,0.0461,0.01148,1.17266,0.12337,-0.01539,0.30058,0.9653
2503,4756.3,26882829,1789436,0.595,1.167,6198,10917,14638,0.01193843,0,0,0.0595,0.1001,0.3851,0.05,0.01122,1.15457,0.11947,-0.01222,0.28676,0.97895
2504,4758.1,26893789,1790080,0.611,1.184,6107,10960,14672,0.01193515,0,0,0.0615,0.1106,0.3954,0.0431,0.01121,1.1721,0.12926,-0.01417,0.30969,0.95631
2505,4759.8,26904688,1790729,0.587,1.18,6170,10899,14606,0.01193186,0,0,0.0565,0.0967,0.3735,0.0598,0.01139,1.16751,0.13165,-0.01167,0.30938,0.95245
2506,4761.7,26915665,1791369,0.693,1.165,5909,10977,14659,0.01192859,0,0,0.0662,0.1355,0.4347,0.0565,0.01136,1.15264,0.12581,-0.0142,0.30326,0.97461
2507,4763.5,26926615,1791999,0.61,1.185,6100,10950,14641,0.0119253,0,0,0.0619,0.1101,0.4012,0.0369,0.01126,1.17274,0.11748,-0.01393,0.28594,0.96911
2508,4765.3,26937560,1792646,0.628,1.179,6057,10945,14640,0.01192202,0,0,0.0618,0.1114,0.4079,0.047,0.01119,1.16682,0.11549,-0.01563,0.28527,0.96575
2509,4767.1,26948507,1793284,0.611,1.166,6161,10947,14624,0.01191873,0,0,0.0611,0.1047,0.3976,0.0471,0.01028,1.15534,0.12667,-0.01663,0.30933,0.95385
2510,4768.8,26959449,1793939,0.581,1.166,6265,10942,14617,0.01191545,0,0,0.0591,0.1011,0.3891,0.0314,0.01061,1.15458,0.11715,-0.01374,0.28434,0.94685
2511,4770.5,26970382,1794585,0.516,1.156,6538,10933,14619,0.01191217,0,0,0.0454,0.0809,0.3507,0.0395,0.01049,1.14467,0.11646,-0.01376,0.28341,0.96416
2512,4772.2,26981305,1795219,0.58,1.154,6301,10923,14597,0.01190889,0,0,0.0564,0.1018,0.3911,0.0307,0.01082,1.14203,0.11377,-0.01326,0.2766,0.94667
2513,4774.0,26992260,1795877,0.625,1.166,6117,10955,14635,0.01190561,0,0,0.0605,0.113,0.4046,0.0469,0.01122,1.15401,0.11206,-0.01604,0.27968,0.98652
2514,4775.8,27003186,1796544,0.582,1.15,6308,10926,14614,0.01190232,0,0,0.0607,0.1038,0.3743,0.0435,0.01142,1.13776,0.11985,-0.013,0.2889,0.97491
2515,4777.5,27014136,1797192,0.62,1.155,6171,10950,14625,0.01189904,0,0,0.0645,0.1076,0.3946,0.0529,0.01073,1.14322,0.12722,-0.01355,0.30486,0.9798
2516,4779.3,27025097,1797864,0.564,1.164,6345,10961,14651,0.01189576,0,0,0.0589,0.0951,0.3697,0.0399,0.00967,1.1534,0.11684,-0.01305,0.2836,1.00099
2517,4781.0,27036080,1798498,0.576,1.146,6375,10983,14627,0.01189247,0,0,0.0584,0.0946,0.3706,0.0529,0.01103,1.1346,0.12044,-0.01379,0.29238,1.00549
2518,4782.7,27047014,1799171,0.581,1.164,6266,10934,14619,0.01188918,0,0,0.0598,0.1051,0.3859,0.0305,0.01149,1.15124,0.11041,-0.01368,0.27253,1.02443
2519,4784.5,27057904,1799836,0.619,1.169,6089,10890,14594,0.0118859,0,0,0.0627,0.1151,0.3926,0.0488,0.0117,1.15668,0.12016,-0.01403,0.29238,1.00996
2520,4786.3,27068860,1800489,0.661,1.145,6064,10956,14643,0.01188263,0,0,0.0624,0.1159,0.407,0.076,0.01116,1.13357,0.12205,-0.01495,0.29796,1.00824
2521,4788.0,27079754,1801164,0.509,1.161,6523,10894,14589,0.01187934,0,0,0.0482,0.0856,0.3497,0.0258,0.01046,1.14976,0.13694,-0.0141,0.32541,0.98272
2522,4789.7,27090687,1801811,0.531,1.157,6477,10933,14608,0.01187607,0,0,0.0469,0.0834,0.3483,0.0524,0.01098,1.14522,0.11991,-0.01528,0.29378,0.98521
2523,4791.4,27101622,1802467,0.603,1.148,6246,10935,14622,0.01187279,0,0,0.0594,0.1086,0.3936,0.0414,0.01132,1.13574,0.10771,-0.01752,0.27369,0.97907
2524,4793.1,27112526,1803134,0.52,1.164,6474,10904,14589,0.01186951,0,0,0.0471,0.0864,0.3522,0.0347,0.01015,1.15289,0.12233,-0.01572,0.29896,0.96392
2525,4794.8,27123461,1803802,0.536,1.152,6476,10935,14627,0.01186624,0,0,0.0524,0.0896,0.3604,0.034,0.0099,1.14156,0.11696,-0.01449,0.28651,0.9948
2526,4796.5,27134394,1804457,0.517,1.154,6543,10933,14606,0.01186296,0,0,0.0457,0.0833,0.3518,0.0358,0.01117,1.1425,0.11485,-0.01418,0.28154,0.98909
2527,4798.2,27145309,1805124,0.532,1.165,6431,10915,14599,0.01185968,0,0,0.0477,0.0857,0.3576,0.0408,0.0105,1.15393,0.10882,-0.01594,0.27305,0.99143
2528,4799.9,27156230,1805794,0.512,1.205,6359,10921,14605,0.01185641,0,0,0.0472,0.0836,0.3553,0.026,0.01084,1.19378,0.13342,-0.01098,0.31176,0.96822
2529,4801.8,27167098,1806456,0.589,1.276,5828,10868,14525,0.01185313,0,0,0.0505,0.0903,0.3851,0.0628,0.01092,1.26459,0.12817,-0.01515,0.31001,0.98615
2530,4803.6,27178000,1807145,0.551,1.275,5970,10902,14596,0.01184987,0,0,0.0536,0.0939,0.3706,0.0329,0.0116,1.26258,0.12161,-0.01476,0.29567,0.96725
2531,4805.4,27188899,1807806,0.575,1.259,5942,10899,14583,0.0118466,0,0,0.0492,0.0883,0.3921,0.0452,0.01137,1.2474,0.11919,-0.0165,0.29443,0.97342
2532,4807.3,27199792,1808488,0.558,1.277,5938,10893,14553,0.01184333,0,0,0.0504,0.0901,0.3842,0.033,0.01124,1.26488,0.12642,-0.01683,0.30972,0.98037
2533,4809.1,27210726,1809157,0.563,1.234,6083,10934,14623,0.01184006,0,0,0.0499,0.0886,0.3739,0.0507,0.01079,1.22286,0.1194,-0.01157,0.28472,0.96206
2534,4811.3,27221622,1809837,0.624,1.162,6098,10896,14584,0.01183678,0,0,0.057,0.0998,0.3778,0.0898,0.01087,1.15037,0.12921,-0.01194,0.30478,0.95002
2535,4812.9,27232518,1810499,0.508,1.18,6455,10896,14577,0.01183351,0,0,0.0482,0.085,0.3478,0.0266,0.01043,1.1693,0.12594,-0.01204,0.29823,0.94031
2536,4814.7,27243450,1811172,0.551,1.172,6344,10932,14620,0.01183024,0,0,0.0536,0.0932,0.366,0.0383,0.01129,1.15997,0.12206,-0.01272,0.29243,0.96586
2537,4816.4,27254352,1811834,0.581,1.153,6287,10902,14603,0.01182697,0,0,0.0535,0.0948,0.3685,0.0647,0.01056,1.14148,0.1164,-0.01371,0.2837,0.99265
2538,4818.1,27265196,1812508,0.507,1.162,6494,10844,14542,0.01182369,0,0,0.0451,0.0807,0.3452,0.0363,0.01029,1.1514,0.11251,-0.01242,0.27323,0.98882
2539,4819.8,27276103,1813167,0.53,1.147,6503,10907,14587,0.01182044,0,0,0.0491,0.0846,0.3572,0.039,0.0116,1.13505,0.12096,-0.01516,0.296,1.00513
2540,4821.4,27286978,1813840,0.523,1.162,6452,10875,14581,0.01181717,0,0,0.0503,0.0864,0.3561,0.0305,0.01119,1.15044,0.12444,-0.00953,0.2919,1.01351
2541,4823.1,27297822,1814496,0.543,1.162,6361,10844,14521,0.01181391,0,0,0.0483,0.0834,0.35,0.0609,0.01108,1.14987,0.12156,-0.01714,0.30093,0.99562
2542,4825.0,27308644,1815164,0.71,1.147,5829,10822,14490,0.01181065,0,0,0.0594,0.1101,0.3809,0.1595,0.01075,1.13513,0.12662,-0.01293,0.30204,0.97158
2543,4826.7,27319501,1815831,0.58,1.162,6231,10857,14528,0.01180741,0,0,0.0489,0.0888,0.3639,0.0787,0.0109,1.15043,0.1188,-0.01567,0.29193,0.97373
2544,4828.4,27330354,1816487,0.513,1.157,6501,10853,14523,0.01180415,0,0,0.0452,0.0795,0.3404,0.0474,0.01048,1.1457,0.11948,-0.01453,0.29031,0.94375
2545,4830.1,27341251,1817138,0.511,1.15,6559,10897,14577,0.01180089,0,0,0.0457,0.0811,0.3481,0.0361,0.01097,1.13867,0.12656,-0.01297,0.30112,0.93495
2546,4831.8,27352186,1817767,0.588,1.169,6223,10935,14597,0.01179762,0,0,0.0568,0.0984,0.3877,0.0454,0.0111,1.15706,0.1261,-0.01471,0.30441,0.96613
2547,4833.6,27363071,1818402,0.585,1.153,6263,10885,14530,0.01179434,0,0,0.0577,0.1038,0.3877,0.0363,0.01135,1.14034,0.11581,-0.01477,0.28411,0.97231
2548,4835.3,27374005,1819045,0.619,1.156,6160,10934,14609,0.01179108,0,0,0.0598,0.11,0.4005,0.0487,0.01153,1.14372,0.13023,-0.01054,0.30434,0.96695
2549,4837.1,27384924,1819678,0.589,1.167,6219,10919,14591,0.0117878,0,0,0.0566,0.0961,0.374,0.0619,0.0103,1.15592,0.11486,-0.00943,0.27128,0.9633
2550,4838.8,27395814,1820317,0.576,1.149,6314,10890,14562,0.01178452,0,0,0.0555,0.1013,0.3851,0.0343,0.01057,1.13733,0.13116,-0.00969,0.30396,0.94444
2551,4840.5,27406786,1820944,0.558,1.158,6396,10972,14645,0.01178126,0,0,0.0552,0.0949,0.3701,0.0376,0.01077,1.14621,0.11382,-0.0154,0.2813,0.9703
2552,4842.4,27417708,1821596,0.534,1.165,6429,10922,14579,0.01177796,0,0,0.052,0.0934,0.3591,0.0294,0.01028,1.15394,0.13536,-0.01372,0.32001,0.92802
2553,4844.0,27428623,1822241,0.523,1.144,6547,10915,14581,0.01177469,0,0,0.047,0.0851,0.3505,0.0405,0.01078,1.13272,0.12278,-0.0132,0.29402,0.93694
2554,4845.7,27439578,1822898,0.502,1.159,6595,10955,14637,0.01177141,0,0,0.0465,0.0824,0.3466,0.0262,0.01086,1.14785,0.13075,-0.01373,0.3106,0.91867
2555,4847.4,27450491,1823545,0.502,1.161,6563,10913,14564,0.01176813,0,0,0.0455,0.0801,0.3415,0.0347,0.01091,1.1493,0.11745,-0.00865,0.27498,0.96754
2556,4849.1,27461389,1824198,0.563,1.146,6377,10898,14558,0.01176485,0,0,0.0543,0.0944,0.369,0.0453,0.01026,1.13507,0.14076,-0.01472,0.33288,0.93191
2557,4850.8,27472294,1824839,0.584,1.165,6235,10905,14556,0.01176158,0,0,0.0548,0.0959,0.3724,0.061,0.01081,1.15351,0.13141,-0.01513,0.31535,0.94625
2558,4852.5,27483170,1825497,0.534,1.155,6437,10876,14531,0.01175831,0,0,0.0524,0.0911,0.36,0.0308,0.01147,1.14308,0.12764,-0.01525,0.30871,0.9748
2559,4854.2,27494056,1826128,0.556,1.151,6377,10886,14544,0.01175505,0,0,0.0544,0.0941,0.3672,0.0407,0.0112,1.13887,0.11375,-0.01531,0.28132,0.98733
2560,4855.9,27504997,1826795,0.549,1.163,6390,10941,14594,0.01175178,0,0,0.0532,0.0914,0.3582,0.0458,0.01039,1.1524,0.1161,-0.01662,0.28844,0.97837
2561,4857.6,27515898,1827435,0.541,1.146,6463,10901,14562,0.0117485,0,0,0.052,0.0912,0.3581,0.0399,0.0106,1.13423,0.12549,-0.0178,0.3098,0.98774
2562,4859.4,27526795,1828103,0.567,1.158,6316,10897,14585,0.01174523,0,0,0.0535,0.0932,0.3638,0.0564,0.01098,1.14681,0.12726,-0.0117,0.30092,0.97915
2563,4861.0,27537698,1828738,0.526,1.165,6450,10903,14567,0.01174196,0,0,0.0524,0.0897,0.3555,0.028,0.01116,1.15305,0.12226,-0.01326,0.29508,1.02355
2564,4862.7,27548608,1829394,0.558,1.144,6411,10910,14582,0.01173869,0,0,0.0527,0.0912,0.3594,0.0549,0.01094,1.13178,0.1173,-0.01706,0.29295,1.03232
2565,4864.6,27559494,1830038,0.531,1.28,6009,10886,14547,0.01173542,0,0,0.0525,0.0899,0.3599,0.0289,0.01146,1.26809,0.11348,-0.01379,0.27876,1.03136
2566,4866.4,27570440,1830676,0.569,1.272,5944,10946,14605,0.01173215,0,0,0.0575,0.0987,0.3712,0.0416,0.01216,1.25937,0.11497,-0.01695,0.28778,1.02017
2567,4868.2,27581364,1831328,0.585,1.167,6238,10924,14607,0.01172887,0,0,0.0589,0.1008,0.3899,0.035,0.01115,1.15462,0.11401,-0.01537,0.28307,1.03604
2568,4869.9,27592291,1831983,0.581,1.183,6191,10927,14587,0.01172559,0,0,0.0562,0.1022,0.3786,0.0444,0.01106,1.17169,0.11023,-0.01505,0.27449,1.02037
2569,4871.6,27603276,1832641,0.556,1.164,6389,10985,14640,0.01172231,0,0,0.053,0.0928,0.3618,0.0482,0.0112,1.1518,0.11992,-0.014,0.29129,0.99957
2570,4873.3,27614231,1833292,0.539,1.156,6463,10955,14612,0.01171902,0,0,0.0533,0.0917,0.3603,0.0335,0.01107,1.14435,0.13062,-0.01241,0.31011,1.02635
2571,4875.1,27625202,1833939,0.58,1.166,6285,10971,14631,0.01171573,0,0,0.0514,0.0894,0.355,0.0843,0.01126,1.15361,0.12024,-0.01331,0.29126,1.03121
2572,4876.8,27636166,1834594,0.54,1.146,6504,10964,14654,0.01171244,0,0,0.0469,0.0829,0.3468,0.0633,0.01105,1.13414,0.11512,-0.01629,0.28653,1.0125
2573,4878.5,27647085,1835252,0.545,1.16,6403,10919,14600,0.01170915,0,0,0.0487,0.0882,0.3592,0.0492,0.01063,1.1486,0.1179,-0.01496,0.28948,1.01497
2574,4880.1,27658032,1835935,0.51,1.158,6564,10947,14611,0.01170587,0,0,0.0456,0.0801,0.3455,0.0387,0.01078,1.14633,0.11638,-0.01369,0.28384,1.01219
2575,4881.8,27668961,1836590,0.518,1.15,6551,10929,14596,0.01170259,0,0,0.0501,0.0864,0.354,0.0275,0.0117,1.13787,0.11956,-0.01329,0.28909,0.99983
2576,4883.6,27679877,1837253,0.584,1.164,6246,10916,14583,0.01169931,0,0,0.0584,0.0993,0.3799,0.0465,0.01073,1.15216,0.12783,-0.01585,0.31112,1.0152
2577,4885.3,27690800,1837923,0.559,1.153,6380,10923,14595,0.01169604,0,0,0.0584,0.0973,0.3737,0.0297,0.01108,1.14129,0.1137,-0.01723,0.28597,1.03086
2578,4887.0,27701719,1838572,0.582,1.152,6296,10919,14579,0.01169276,0,0,0.0577,0.0972,0.3787,0.0483,0.01102,1.14059,0.10654,-0.01588,0.26968,1.06154
2579,4888.8,27712624,1839223,0.582,1.166,6239,10905,14578,0.01168948,0,0,0.0582,0.0944,0.3731,0.0561,0.01061,1.15477,0.11489,-0.01651,0.2873,1.04769
2580,4890.6,27723498,1839891,0.664,1.159,5965,10874,14558,0.01168621,0,0,0.0643,0.1204,0.4224,0.0572,0.01374,1.14414,0.10082,-0.0163,0.25925,1.06982
2581,4892.4,27734390,1840557,0.623,1.159,6112,10892,14576,0.01168295,0,0,0.0614,0.1114,0.3979,0.0524,0.01147,1.14674,0.10315,-0.01592,0.26319,1.07234
2582,4894.1,27745281,1841225,0.602,1.167,6157,10891,14560,0.01167968,0,0,0.0594,0.1104,0.3958,0.0366,0.01013,1.15566,0.11323,-0.0179,0.28679,1.04965
2583,4895.9,27756177,1841895,0.579,1.164,6253,10896,14559,0.01167642,0,0,0.0567,0.0981,0.3866,0.0375,0.01094,1.15214,0.1145,-0.01574,0.28461,1.03298
2584,4897.6,27767039,1842563,0.542,1.189,6274,10862,14526,0.01167315,0,0,0.05,0.0882,0.3607,0.043,0.01094,1.17763,0.11943,-0.01728,0.29698,1.00946
2585,4899.3,27777926,1843213,0.507,1.194,6402,10887,14545,0.01166989,0,0,0.0464,0.0824,0.3457,0.0324,0.01137,1.18146,0.11585,-0.01708,0.28987,1.02897
2586,4901.0,27788808,1843872,0.555,1.177,6282,10882,14562,0.01166662,0,0,0.0502,0.0895,0.3569,0.0584,0.01065,1.16566,0.11456,-0.01704,0.28695,1.01742
2587,4902.7,27799719,1844521,0.518,1.196,6365,10911,14590,0.01166336,0,0,0.0466,0.0841,0.3584,0.029,0.01107,1.18396,0.12065,-0.01786,0.30068,1.01452
2588,4904.5,27810652,1845178,0.536,1.19,6336,10933,14606,0.01166008,0,0,0.0477,0.0843,0.3562,0.0477,0.01164,1.17754,0.1123,-0.01503,0.27839,1.01755
2589,4906.2,27821548,1845819,0.518,1.183,6405,10896,14586,0.0116568,0,0,0.0481,0.0854,0.3506,0.0337,0.01154,1.17115,0.11288,-0.01703,0.28348,1.01551
2590,4907.9,27832414,1846473,0.543,1.198,6239,10866,14540,0.01165354,0,0,0.0513,0.0904,0.3572,0.0446,0.01166,1.18552,0.10341,-0.01391,0.25884,1.03819
2591,4909.6,27843311,1847114,0.519,1.166,6467,10897,14583,0.01165028,0,0,0.0472,0.084,0.356,0.032,0.01071,1.15439,0.10607,-0.01201,0.25954,1.00303
2592,4911.3,27854183,1847782,0.553,1.18,6273,10872,14546,0.01164701,0,0,0.051,0.0878,0.3611,0.0533,0.01121,1.16788,0.11903,-0.01667,0.29453,0.99299
2593,4913.0,27865097,1848441,0.545,1.165,6383,10914,14588,0.01164375,0,0,0.0526,0.0902,0.3602,0.0416,0.01051,1.15375,0.11693,-0.01618,0.28951,1.00023
2594,4914.7,27875989,1849096,0.524,1.143,6535,10892,14553,0.01164047,0,0,0.0497,0.087,0.3538,0.0335,0.00999,1.132,0.10256,-0.01766,0.26402,1.01264
2595,4916.4,27886881,1849763,0.515,1.162,6497,10892,14567,0.0116372,0,0,0.0456,0.0829,0.3448,0.0412,0.01057,1.15067,0.1158,-0.01556,0.28589,0.99539
2596,4918.0,27897753,1850429,0.496,1.156,6583,10872,14554,0.01163394,0,0,0.0454,0.0818,0.3445,0.0243,0.01081,1.14394,0.11676,-0.01603,0.28828,0.97578
2597,4919.8,27908661,1851103,0.57,1.154,6327,10908,14581,0.01163067,0,0,0.0541,0.0942,0.37,0.0518,0.01032,1.14298,0.11652,-0.01076,0.27672,0.95204
2598,4921.5,27919527,1851780,0.555,1.166,6313,10866,14552,0.0116274,0,0,0.0537,0.0926,0.3631,0.0456,0.01133,1.15437,0.12813,-0.01273,0.30346,0.93512
2599,4923.2,27930404,1852454,0.544,1.149,6426,10877,14556,0.01162414,0,0,0.0549,0.0931,0.3681,0.0282,0.01147,1.13628,0.10927,-0.01354,0.26747,0.93968
2600,4924.9,27941227,1853120,0.553,1.16,6319,10823,14502,0.01162088,0,0,0.0543,0.093,0.3628,0.0432,0.01158,1.14727,0.12274,-0.01558,0.298,0.9186
2601,4927.0,27952100,1853801,0.642,1.166,6013,10873,14525,0.01161763,0,0,0.0522,0.092,0.3556,0.1422,0.01108,1.15461,0.12651,-0.0158,0.30632,0.93378
2602,4929.0,27962965,1854475,0.673,1.18,5862,10865,14539,0.01161437,0,0,0.0562,0.0955,0.3687,0.1526,0.01136,1.16827,0.11956,-0.01529,0.29157,0.94217
2603,4930.8,27973881,1855156,0.618,1.172,6096,10916,14597,0.01161111,0,0,0.0615,0.1055,0.4056,0.0457,0.01203,1.15965,0.11656,-0.01359,0.28208,0.93816
2604,4932.6,27984722,1855846,0.618,1.188,6002,10841,14520,0.01160784,0,0,0.0603,0.1018,0.3994,0.0569,0.01176,1.17512,0.1174,-0.01568,0.28773,0.92859
2605,4934.3,27995608,1856510,0.588,1.175,6175,10886,14592,0.01160458,0,0,0.0603,0.1062,0.3911,0.0306,0.01079,1.16312,0.12759,-0.01381,0.30436,0.92864
2606,4936.2,28006453,1857182,0.658,1.172,5926,10845,14545,0.01160132,0,0,0.0644,0.1176,0.423,0.0533,0.01067,1.16048,0.12232,-0.01662,0.2999,0.94879
2607,4938.0,28017245,1857864,0.632,1.185,5938,10792,14469,0.01159806,0,0,0.0594,0.1045,0.3958,0.0728,0.01183,1.17239,0.11473,-0.01535,0.28206,0.9441
2608,4939.8,28028035,1858550,0.596,1.174,6094,10790,14449,0.01159483,0,0,0.0602,0.107,0.3952,0.034,0.0112,1.16223,0.10965,-0.01505,0.27146,0.95094
2609,4941.6,28038873,1859217,0.631,1.175,5998,10838,14511,0.01159159,0,0,0.0613,0.109,0.3981,0.0629,0.0118,1.1628,0.11242,-0.01698,0.28092,0.95441
2610,4943.3,28049741,1859894,0.593,1.186,6107,10868,14560,0.01158834,0,0,0.061,0.1055,0.3905,0.0362,0.01154,1.17391,0.11127,-0.01437,0.27359,0.96286
2611,4945.1,28060572,1860554,0.588,1.151,6228,10831,14528,0.01158508,0,0,0.0595,0.1014,0.3889,0.0385,0.01132,1.13892,0.12232,-0.01418,0.29549,0.9708
2612,4946.8,28071399,1861217,0.59,1.158,6194,10827,14527,0.01158183,0,0,0.0598,0.1057,0.3928,0.0313,0.01156,1.14589,0.12016,-0.01533,0.29327,0.96211
2613,4948.6,28082230,1861887,0.564,1.167,6258,10831,14498,0.01157858,0,0,0.055,0.0933,0.3708,0.0453,0.01079,1.15496,0.11692,-0.01344,0.28254,0.94269
2614,4950.3,28093108,1862561,0.592,1.164,6194,10878,14544,0.01157533,0,0,0.0581,0.1011,0.3933,0.0392,0.01254,1.15091,0.12119,-0.01296,0.2905,0.95945
2615,4952.2,28103930,1863241,0.759,1.163,5632,10822,14536,0.01157207,0,0,0.0638,0.1201,0.4235,0.1512,0.01186,1.15018,0.12124,-0.01457,0.29368,0.95345
2616,4954.1,28114756,1863898,0.662,1.168,5914,10826,14508,0.01156882,0,0,0.0588,0.1025,0.3855,0.1156,0.01109,1.15632,0.12641,-0.015,0.30476,0.94863
2617,4955.8,28125589,1864559,0.62,1.15,6120,10833,14515,0.01156557,0,0,0.06,0.1052,0.3953,0.0593,0.01126,1.13824,0.11326,-0.01595,0.28052,0.95596
2618,4957.6,28136487,1865221,0.574,1.159,6288,10898,14588,0.01156232,0,0,0.0571,0.099,0.3829,0.0346,0.01116,1.14744,0.11663,-0.01603,0.28862,1.0073
2619,4959.3,28147339,1865885,0.576,1.169,6219,10852,14566,0.01155905,0,0,0.0582,0.0996,0.3748,0.043,0.01133,1.15717,0.1096,-0.01458,0.27207,1.0261
2620,4961.1,28158235,1866544,0.611,1.174,6105,10896,14586,0.0115558,0,0,0.0581,0.1006,0.3905,0.0621,0.01155,1.16113,0.12439,-0.01928,0.31154,1.04684
2621,4963.0,28169132,1867207,0.652,1.19,5914,10897,14587,0.01155253,0,0,0.0674,0.1213,0.419,0.0446,0.01089,1.178,0.11991,-0.0186,0.30115,1.04424
2622,4964.8,28180030,1867876,0.648,1.196,5910,10898,14570,0.01154926,0,0,0.0646,0.1142,0.4027,0.0664,0.0115,1.18407,0.11213,-0.01594,0.28037,1.04861
2623,4966.7,28190921,1868532,0.688,1.172,5856,10891,14565,0.01154599,0,0,0.0711,0.13,0.435,0.0521,0.01117,1.15971,0.1231,-0.01663,0.30401,1.06311
2624,4968.5,28201793,1869173,0.652,1.191,5901,10872,14572,0.01154272,0,0,0.0675,0.1254,0.4227,0.0361,0.01113,1.17822,0.11238,-0.01616,0.2818,1.07091
2625,4970.4,28212699,1869841,0.71,1.195,5725,10906,14579,0.01153946,0,0,0.0668,0.1196,0.4136,0.1097,0.01114,1.18335,0.12238,-0.01783,0.30511,1.06975
2626,4972.3,28223624,1870493,0.678,1.175,5897,10925,14586,0.01153619,0,0,0.067,0.1346,0.4193,0.057,0.01067,1.16294,0.12083,-0.01734,0.30021,1.0347
2627,4974.2,28234557,1871171,0.783,1.189,5545,10933,14638,0.01153291,0,0,0.0761,0.1503,0.4756,0.0807,0.01258,1.17518,0.11892,-0.01804,0.2985,1.06599
2628,4976.2,28245444,1871836,0.752,1.18,5634,10887,14580,0.01152963,0,0,0.0766,0.1567,0.4555,0.0636,0.01168,1.16714,0.11874,-0.01953,0.30012,1.02245
2629,4978.1,28256339,1872512,0.776,1.159,5629,10895,14593,0.01152637,0,0,0.0717,0.1465,0.4539,0.1041,0.01142,1.14699,0.11422,-0.01719,0.28663,1.03292
2630,4979.9,28267237,1873177,0.641,1.151,6080,10898,14581,0.0115231,0,0,0.0588,0.1039,0.387,0.0914,0.01053,1.14011,0.11371,-0.01766,0.28736,1.06844
2631,4981.7,28278118,1873856,0.604,1.167,6146,10881,14573,0.01151983,0,0,0.0591,0.1038,0.3862,0.0546,0.0108,1.15512,0.11172,-0.01768,0.28226,1.01915
2632,4983.4,28289030,1874527,0.584,1.155,6275,10912,14596,0.01151656,0,0,0.058,0.1008,0.3812,0.0443,0.01078,1.14295,0.1113,-0.0169,0.28011,1.02954
2633,4985.2,28299923,1875192,0.646,1.155,6050,10893,14572,0.01151329,0,0,0.0616,0.1056,0.3929,0.0858,0.01122,1.14266,0.1117,-0.01917,0.28531,1.02279
2634,4987.0,28310847,1875861,0.631,1.167,6073,10924,14609,0.01151002,0,0,0.0581,0.0999,0.3837,0.0898,0.01098,1.15557,0.12161,-0.01913,0.30458,1.00361
2635,4988.8,28321760,1876537,0.605,1.155,6200,10913,14609,0.01150675,0,0,0.0593,0.1102,0.4031,0.0325,0.0106,1.14367,0.1218,-0.01735,0.30158,1.01111
2636,4990.5,28332687,1877207,0.595,1.158,6233,10927,14611,0.01150347,0,0,0.0584,0.1021,0.3894,0.0453,0.01164,1.14541,0.12144,-0.01234,0.2909,1.01375
2637,4992.3,28343600,1877888,0.596,1.18,6142,10913,14585,0.01150019,0,0,0.0572,0.0969,0.3751,0.0673,0.01115,1.16826,0.11654,-0.01708,0.29029,1.00254
2638,4994.0,28354498,1878539,0.546,1.165,6368,10898,14591,0.01149692,0,0,0.0534,0.0932,0.3688,0.0308,0.01123,1.15323,0.11576,-0.01788,0.29053,1.01125
2639,4995.7,28365397,1879200,0.551,1.184,6282,10899,14579,0.01149365,0,0,0.0484,0.0866,0.3573,0.059,0.01097,1.17191,0.12687,-0.01498,0.30642,0.98841
2640,4997.5,28376280,1879867,0.537,1.182,6328,10883,14553,0.01149038,0,0,0.0528,0.0891,0.3638,0.0317,0.0113,1.17043,0.11706,-0.01677,0.29086,1.00911
2641,4999.2,28387103,1880528,0.543,1.177,6295,10823,14503,0.01148712,0,0,0.0499,0.0878,0.3635,0.0415,0.01033,1.1656,0.12433,-0.01593,0.30363,1.00558
2642,5000.9,28397957,1881204,0.542,1.164,6363,10854,14539,0.01148387,0,0,0.0495,0.0852,0.3524,0.0546,0.01087,1.15261,0.12188,-0.01894,0.30471,1.00516
2643,5002.6,28408873,1881888,0.52,1.164,6481,10916,14602,0.01148061,0,0,0.0458,0.0811,0.3563,0.0367,0.01069,1.15281,0.11815,-0.01926,0.29764,0.99404
2644,5004.3,28419759,1882570,0.52,1.163,6468,10886,14551,0.01147734,0,0,0.0454,0.0814,0.3527,0.0401,0.01068,1.15209,0.11815,-0.01889,0.29642,0.97315
2645,5005.9,28430606,1883244,0.512,1.167,6461,10847,14526,0.01147407,0,0,0.0448,0.0799,0.3503,0.0373,0.01104,1.15471,0.11276,-0.02027,0.28867,0.98533
2646,5007.8,28441464,1883931,0.653,1.176,5935,10858,14542,0.01147082,0,0,0.0635,0.1154,0.4167,0.0573,0.0113,1.16407,0.11381,-0.01627,0.28336,1.01117
2647,5009.6,28452290,1884619,0.636,1.168,6000,10826,14528,0.01146756,0,0,0.064,0.1064,0.4037,0.0622,0.01105,1.15624,0.11609,-0.0221,0.29944,1.00546
2648,5011.4,28463140,1885329,0.641,1.17,5993,10850,14526,0.01146431,0,0,0.0629,0.1138,0.4049,0.059,0.01024,1.15742,0.12163,-0.01804,0.30232,1.00288
2649,5013.3,28473999,1886005,0.709,1.168,5786,10859,14560,0.01146106,0,0,0.0629,0.1204,0.4039,0.1219,0.01051,1.15613,0.1171,-0.01737,0.29213,1.01129
2650,5015.0,28484893,1886697,0.537,1.164,6405,10894,14589,0.0114578,0,0,0.0477,0.0846,0.3494,0.0553,0.01118,1.15203,0.11967,-0.01618,0.29461,0.99949
2651,5016.6,28495795,1887400,0.519,1.163,6483,10902,14599,0.01145453,0,0,0.0462,0.0825,0.3541,0.0359,0.00995,1.15217,0.12306,-0.02021,0.30966,1.00926
2652,5018.5,28506613,1888095,0.538,1.163,6359,10818,14545,0.01145126,0,0,0.0457,0.0842,0.3525,0.0561,0.01063,1.15143,0.10694,-0.0204,0.27803,1.01919
2653,5020.1,28517387,1888790,0.507,1.163,6452,10774,14506,0.01144802,0,0,0.0465,0.0853,0.348,0.0273,0.01053,1.15157,0.11325,-0.01706,0.28496,1.06351
2654,5021.8,28528182,1889486,0.524,1.163,6398,10795,14549,0.01144478,0,0,0.0478,0.0844,0.3524,0.0396,0.01035,1.15197,0.10515,-0.01682,0.26833,1.06553
2655,5023.5,28538969,1890157,0.534,1.163,6353,10787,14525,0.01144155,0,0,0.0484,0.0859,0.3575,0.0427,0.01081,1.15169,0.09322,-0.01858,0.24827,1.07844
2656,5025.2,28549741,1890843,0.543,1.191,6213,10772,14489,0.01143831,0,0,0.0479,0.0846,0.3532,0.0568,0.01056,1.17982,0.09755,-0.0182,0.2562,1.0799
2657,5027.0,28560588,1891534,0.524,1.191,6324,10847,14587,0.01143508,0,0,0.0466,0.0835,0.3583,0.0357,0.01091,1.17947,0.10917,-0.0164,0.27572,1.07463
2658,5028.7,28571401,1892220,0.543,1.191,6236,10813,14532,0.01143182,0,0,0.0482,0.0843,0.3626,0.0477,0.01076,1.1798,0.10898,-0.01913,0.28043,1.05923
2659,5030.4,28582199,1892896,0.551,1.192,6195,10798,14532,0.01142858,0,0,0.0466,0.084,0.3659,0.0545,0.0106,1.18053,0.10702,-0.02058,0.27989,1.08098
2660,5032.1,28593028,1893601,0.521,1.186,6342,10829,14550,0.01142534,0,0,0.0479,0.0847,0.3585,0.03,0.01136,1.17429,0.10991,-0.0168,0.27791,1.07136
2661,5033.9,28603831,1894285,0.533,1.185,6288,10803,14555,0.01142209,0,0,0.0469,0.085,0.3602,0.0411,0.01094,1.17316,0.10577,-0.01882,0.27373,1.07498
2662,5035.6,28614679,1894975,0.514,1.185,6385,10848,14577,0.01141885,0,0,0.0482,0.0882,0.3481,0.0298,0.01115,1.17289,0.10694,-0.01733,0.27314,1.0771
2663,5037.3,28625493,1895627,0.529,1.181,6325,10814,14558,0.0114156,0,0,0.0476,0.0851,0.3576,0.0385,0.01072,1.16942,0.10667,-0.01937,0.27684,1.08437
2664,5039.0,28636313,1896306,0.537,1.184,6287,10820,14556,0.01141235,0,0,0.0502,0.0908,0.3681,0.0283,0.01129,1.17176,0.10673,-0.01752,0.27309,1.07759
2665,5040.7,28647107,1896978,0.538,1.183,6272,10794,14514,0.01140911,0,0,0.0475,0.0858,0.3574,0.047,0.01097,1.1716,0.11146,-0.02046,0.28843,1.07697
2666,5042.4,28657947,1897673,0.525,1.186,6336,10840,14589,0.01140587,0,0,0.0489,0.0868,0.3514,0.0382,0.01059,1.17428,0.11441,-0.01976,0.29324,1.09148
2667,5044.2,28668726,1898319,0.576,1.186,6118,10779,14521,0.01140262,0,0,0.0547,0.0946,0.3787,0.0476,0.01127,1.17423,0.10038,-0.02066,0.26754,1.11667
2668,5045.9,28679570,1899007,0.518,1.184,6372,10844,14585,0.01139938,0,0,0.0472,0.0851,0.3558,0.0301,0.01097,1.17193,0.10973,-0.01953,0.28326,1.08489
2669,5047.6,28690349,1899679,0.552,1.186,6200,10779,14517,0.01139613,0,0,0.0498,0.0871,0.3594,0.0558,0.01083,1.17481,0.10483,-0.0211,0.27674,1.09149
2670,5049.4,28701178,1900360,0.571,1.19,6150,10829,14557,0.0113929,0,0,0.0575,0.098,0.3847,0.0306,0.01121,1.17811,0.11408,-0.02156,0.29614,1.09115
2671,5051.2,28711978,1901034,0.617,1.192,5971,10800,14551,0.01138965,0,0,0.06,0.1095,0.3999,0.0477,0.01202,1.17875,0.11436,-0.0184,0.29031,1.08785
2672,5053.0,28722840,1901701,0.596,1.189,6086,10862,14602,0.01138641,0,0,0.0596,0.1042,0.3941,0.0375,0.01122,1.17702,0.12443,-0.02199,0.31822,1.11389
2673,5054.8,28733685,1902351,0.635,1.189,5945,10845,14575,0.01138315,0,0,0.0622,0.1069,0.4041,0.0621,0.01129,1.17685,0.11209,-0.0141,0.27736,1.09785
2674,5056.6,28744504,1903003,0.61,1.186,6025,10819,14550,0.01137989,0,0,0.0602,0.1102,0.3995,0.0402,0.01153,1.17336,0.11085,-0.02178,0.29055,1.11181
2675,5058.4,28755370,1903662,0.588,1.187,6123,10866,14609,0.01137665,0,0,0.0551,0.0974,0.3738,0.0613,0.0111,1.17513,0.10688,-0.02127,0.28189,1.12441
2676,5060.1,28766175,1904330,0.567,1.184,6172,10805,14523,0.01137339,0,0,0.0535,0.095,0.3718,0.0462,0.01098,1.17237,0.11505,-0.01981,0.295,1.11201
2677,5061.9,28777002,1904986,0.544,1.184,6266,10827,14561,0.01137015,0,0,0.054,0.0928,0.3688,0.0284,0.0109,1.17225,0.10188,-0.01941,0.26795,1.11586
2678,5063.7,28787798,1905660,0.608,1.19,6004,10796,14538,0.0113669,0,0,0.0573,0.0981,0.3807,0.0721,0.0114,1.1772,0.1128,-0.01709,0.28496,1.10802
2679,5065.5,28798607,1906342,0.653,1.187,5875,10809,14539,0.01136366,0,0,0.0538,0.0984,0.3704,0.1305,0.01137,1.17454,0.12052,-0.01772,0.30123,1.08836
2680,5067.3,28809427,1907020,0.636,1.183,5947,10820,14582,0.01136042,0,0,0.0564,0.0989,0.3736,0.1075,0.01166,1.17062,0.11644,-0.01909,0.29644,1.11708
2681,5069.1,28820224,1907704,0.592,1.186,6072,10797,14554,0.01135717,0,0,0.0554,0.0953,0.3719,0.0695,0.01076,1.17481,0.10949,-0.01859,0.28134,1.10872
2682,5070.8,28831041,1908358,0.557,1.185,6211,10817,14562,0.01135393,0,0,0.0556,0.0986,0.3725,0.0299,0.01136,1.17293,0.11484,-0.02121,0.29676,1.08622
2683,5072.6,28841851,1909020,0.575,1.185,6141,10810,14525,0.01135069,0,0,0.0538,0.0921,0.3663,0.0626,0.01129,1.17325,0.11196,-0.01911,0.28638,1.06858
2684,5074.3,28852656,1909711,0.544,1.189,6235,10805,14527,0.01134744,0,0,0.0548,0.0935,0.3653,0.0305,0.0113,1.17696,0.11563,-0.0182,0.2921,1.07699
2685,5076.1,28863442,1910403,0.587,1.183,6091,10786,14519,0.0113442,0,0,0.0555,0.0945,0.3741,0.0633,0.01144,1.17124,0.1187,-0.01605,0.29356,1.05977
2686,5077.9,28874244,1911090,0.566,1.187,6164,10802,14525,0.01134097,0,0,0.0564,0.0976,0.3797,0.0318,0.01147,1.1746,0.1076,-0.01598,0.2713,1.06429
2687,5079.6,28885051,1911781,0.582,1.185,6113,10807,14526,0.01133773,0,0,0.0576,0.0994,0.3812,0.0441,0.01083,1.17388,0.11854,-0.01796,0.29746,1.07909
2688,5081.4,28895841,1912464,0.552,1.183,6220,10790,14514,0.01133448,0,0,0.0547,0.0931,0.3739,0.0301,0.0107,1.17179,0.11849,-0.01898,0.29938,1.07845
2689,5083.1,28906607,1913147,0.541,1.185,6235,10766,14498,0.01133125,0,0,0.0496,0.087,0.3602,0.0446,0.01124,1.17306,0.11456,-0.01668,0.28652,1.06034
2690,5084.9,28917363,1913844,0.607,1.189,5988,10756,14483,0.01132802,0,0,0.062,0.1089,0.4069,0.0291,0.01162,1.17692,0.11469,-0.01201,0.27822,1.09553
2691,5086.7,28928189,1914527,0.592,1.186,6091,10826,14534,0.01132479,0,0,0.0589,0.0977,0.3863,0.0487,0.01116,1.17382,0.11384,-0.0157,0.28416,1.10787
2692,5088.4,28938959,1915208,0.589,1.187,6062,10770,14498,0.01132154,0,0,0.0595,0.0987,0.382,0.0492,0.01142,1.17482,0.11947,-0.01365,0.29067,1.07879
2693,5090.2,28949741,1915897,0.599,1.185,6043,10782,14511,0.01131831,0,0,0.0615,0.1004,0.3832,0.054,0.01084,1.17366,0.11245,-0.01595,0.28216,1.11994
2694,5092.0,28960546,1916592,0.607,1.187,6024,10805,14530,0.01131508,0,0,0.0609,0.1039,0.3884,0.0533,0.01084,1.17559,0.11753,-0.01554,0.29129,1.11181
2695,5093.8,28971315,1917292,0.617,1.19,5960,10769,14504,0.01131184,0,0,0.0629,0.111,0.4047,0.0382,0.01117,1.17815,0.11446,-0.01708,0.28858,1.12683
2696,5095.7,28982107,1917965,0.647,1.192,5869,10792,14533,0.01130861,0,0,0.0643,0.119,0.4123,0.0516,0.01156,1.17923,0.1041,-0.01497,0.26416,1.15047
2697,5097.5,28992883,1918660,0.64,1.187,5900,10776,14506,0.01130537,0,0,0.0646,0.1159,0.411,0.048,0.01071,1.17549,0.10864,-0.01893,0.28114,1.15047
2698,5099.4,29003658,1919334,0.685,1.192,5743,10775,14511,0.01130214,0,0,0.0706,0.1377,0.4344,0.0422,0.01097,1.17958,0.11268,-0.01661,0.28366,1.10907
2699,5101.3,29014473,1920022,0.767,1.19,5525,10815,14545,0.0112989,0,0,0.0758,0.1491,0.454,0.0884,0.01108,1.17801,0.11437,-0.01834,0.29112,1.13752
2700,5103.3,29025330,1920705,0.772,1.188,5539,10857,14564,0.01129566,0,0,0.0745,0.1476,0.4491,0.1007,0.01163,1.17573,0.1118,-0.01506,0.27895,1.11661
2701,5105.2,29036120,1921403,0.738,1.194,5582,10790,14545,0.0112924,0,0,0.071,0.1359,0.4417,0.0898,0.01213,1.18141,0.10022,-0.02023,0.26695,1.15296
2702,5107.3,29047004,1922082,0.746,1.193,5614,10884,14585,0.01128916,0,0,0.0726,0.1535,0.4466,0.0728,0.01322,1.17879,0.11487,-0.01499,0.28459,1.10148
2703,5109.2,29057859,1922783,0.684,1.191,5792,10855,14567,0.0112859,0,0,0.0691,0.1319,0.428,0.0546,0.01144,1.17817,0.11614,-0.01717,0.29203,1.12571
2704,5111.1,29068722,1923459,0.664,1.192,5852,10863,14587,0.01128264,0,0,0.0635,0.1229,0.4053,0.0726,0.01211,1.17831,0.11609,-0.01474,0.28682,1.11466
2705,5113.0,29079543,1924134,0.749,1.193,5572,10821,14522,0.01127938,0,0,0.0636,0.1198,0.4036,0.1616,0.01153,1.18075,0.11976,-0.01662,0.29807,1.12184
2706,5114.8,29090347,1924826,0.642,1.191,5896,10804,14530,0.01127614,0,0,0.0626,0.1109,0.3934,0.0747,0.01065,1.17894,0.12002,-0.01968,0.30426,1.10175
2707,5116.7,29101201,1925517,0.657,1.187,5884,10854,14569,0.0112729,0,0,0.0683,0.1237,0.422,0.0434,0.01123,1.17533,0.11762,-0.01816,0.29665,1.11337
2708,5118.5,29111975,1926207,0.669,1.19,5795,10774,14474,0.01126964,0,0,0.0656,0.1253,0.416,0.0621,0.01116,1.17741,0.11417,-0.01806,0.28939,1.10566
2709,5120.4,29122805,1926884,0.681,1.19,5788,10830,14539,0.01126641,0,0,0.0639,0.1174,0.4056,0.0939,0.0117,1.17771,0.12292,-0.01548,0.30172,1.10564
2710,5122.3,29133619,1927560,0.667,1.188,5831,10814,14515,0.01126316,0,0,0.0647,0.1154,0.4119,0.0751,0.01146,1.17534,0.1163,-0.0193,0.2961,1.10557
2711,5124.1,29144442,1928232,0.602,1.188,6045,10823,14547,0.01125991,0,0,0.0619,0.1101,0.3948,0.0353,0.01062,1.17667,0.11239,-0.01756,0.28582,1.15049
2712,5125.9,29155284,1928892,0.644,1.19,5913,10842,14571,0.01125667,0,0,0.0612,0.1145,0.4091,0.0588,0.01102,1.17797,0.10109,-0.01796,0.26337,1.12235
2713,5127.7,29166160,1929569,0.602,1.19,6069,10876,14568,0.01125341,0,0,0.0625,0.1097,0.3958,0.0337,0.01122,1.17787,0.11153,-0.01951,0.28737,1.12328
2714,5129.5,29176965,1930260,0.651,1.188,5876,10805,14523,0.01125015,0,0,0.0629,0.1155,0.3967,0.0759,0.0113,1.17587,0.12728,-0.01641,0.31244,1.11457
2715,5131.3,29187774,1930938,0.616,1.186,5999,10809,14536,0.01124691,0,0,0.0632,0.1092,0.4038,0.0396,0.01072,1.17468,0.11199,-0.01856,0.28724,1.1628
2716,5133.1,29198592,1931626,0.636,1.188,5930,10818,14531,0.01124367,0,0,0.0627,0.1111,0.3986,0.0639,0.01133,1.17547,0.11691,-0.01943,0.29842,1.14423
2717,5135.0,29209380,1932307,0.707,1.19,5688,10788,14488,0.01124042,0,0,0.0665,0.1186,0.417,0.1048,0.01126,1.17763,0.12716,-0.01661,0.31276,1.12224
2718,5136.9,29220174,1932976,0.648,1.19,5873,10794,14522,0.01123719,0,0,0.0626,0.11,0.4043,0.0707,0.0115,1.17783,0.12109,-0.01242,0.29267,1.14149
2719,5138.7,29230934,1933663,0.669,1.185,5806,10760,14475,0.01123395,0,0,0.0704,0.131,0.4272,0.0402,0.01108,1.17278,0.11201,-0.01668,0.2826,1.12315
2720,5140.6,29241670,1934341,0.686,1.187,5731,10736,14441,0.01123072,0,0,0.0658,0.1234,0.4223,0.0747,0.01139,1.175,0.11304,-0.01643,0.28407,1.11828
2721,5142.4,29252479,1935040,0.606,1.188,6024,10809,14543,0.0112275,0,0,0.0647,0.1086,0.4003,0.0328,0.01099,1.17614,0.11403,-0.01787,0.28807,1.08117
2722,5144.2,29263319,1935699,0.632,1.188,5956,10840,14589,0.01122426,0,0,0.0612,0.1085,0.3956,0.0671,0.01131,1.17547,0.1116,-0.0176,0.28278,1.08672
2723,5146.1,29274120,1936361,0.701,1.186,5723,10801,14522,0.011221,0,0,0.0692,0.1291,0.4244,0.0781,0.01121,1.17435,0.11221,-0.01754,0.28449,1.11339
2724,5148.0,29284909,1937031,0.721,1.188,5654,10789,14524,0.01121776,0,0,0.0764,0.153,0.4508,0.0403,0.01182,1.17452,0.10741,-0.0164,0.27233,1.10192
2725,5150.0,29295685,1937718,0.779,1.189,5475,10776,14486,0.01121453,0,0,0.0762,0.1499,0.4569,0.0964,0.0125,1.17538,0.10535,-0.01723,0.27043,1.12733
2726,5152.0,29306498,1938393,0.779,1.192,5486,10813,14526,0.01121129,0,0,0.076,0.1564,0.4656,0.081,0.01278,1.17827,0.12114,-0.01802,0.30316,1.10796
2727,5154.0,29317293,1939061,0.848,1.19,5297,10795,14524,0.01120805,0,0,0.0811,0.1677,0.4914,0.1075,0.01126,1.17741,0.11232,-0.0182,0.28558,1.09499
2728,5156.0,29328138,1939737,0.806,1.187,5442,10845,14572,0.01120481,0,0,0.0811,0.1607,0.4768,0.0872,0.01165,1.17442,0.11461,-0.01929,0.29236,1.09627
2729,5158.0,29338930,1940407,0.79,1.188,5457,10792,14495,0.01120156,0,0,0.0802,0.1592,0.4799,0.0704,0.01114,1.17545,0.11288,-0.0168,0.28298,1.05454
2730,5160.0,29349726,1941084,0.819,1.188,5379,10796,14498,0.01119832,0,0,0.0803,0.1616,0.4859,0.0915,0.0122,1.17471,0.11158,-0.01499,0.27742,1.08429
2731,5162.0,29360503,1941741,0.862,1.188,5257,10777,14479,0.01119508,0,0,0.0795,0.1946,0.5051,0.083,0.01191,1.17506,0.10839,-0.01735,0.27543,1.06888
2732,5164.0,29371289,1942415,0.75,1.187,5567,10786,14503,0.01119185,0,0,0.0743,0.141,0.4447,0.0903,0.01093,1.17519,0.10799,-0.01622,0.27266,1.0833
2733,5165.9,29382116,1943079,0.793,1.19,5459,10827,14515,0.01118861,0,0,0.076,0.1557,0.463,0.0987,0.01255,1.17439,0.11655,-0.01576,0.28879,1.08032
2734,5168.2,29392935,1943748,1.09,1.192,4741,10819,14512,0.01118537,0,0,0.094,0.2955,0.5637,0.1364,0.01205,1.17726,0.12155,-0.01784,0.3024,1.05533
2735,5170.5,29403767,1944430,1.1,1.202,4707,10832,14543,0.01118212,0,0,0.0902,0.2786,0.5539,0.1772,0.01127,1.18626,0.11482,-0.01807,0.29024,1.09347
2736,5172.8,29414598,1945108,1.11,1.196,4697,10831,14540,0.01117887,0,0,0.085,0.2953,0.5852,0.1445,0.01231,1.18227,0.10858,-0.01722,0.27613,1.09727
2737,5175.1,29425376,1945792,1.07,1.192,4765,10778,14466,0.01117562,0,0,0.1017,0.2419,0.611,0.1157,0.01119,1.17939,0.12413,-0.02112,0.31478,1.08672
2738,5177.2,29436109,1946490,0.861,1.191,5231,10733,14465,0.01117239,0,0,0.0801,0.1809,0.4985,0.1017,0.01224,1.17738,0.11727,-0.01724,0.29405,1.12003
2739,5179.1,29446906,1947168,0.757,1.197,5525,10797,14535,0.01116917,0,0,0.0788,0.1576,0.4753,0.0454,0.01205,1.18404,0.10822,-0.01953,0.28149,1.16331
2740,5181.3,29457734,1947848,0.975,1.191,4998,10828,14527,0.01116593,0,0,0.0798,0.218,0.5714,0.1061,0.01464,1.17567,0.11965,-0.01482,0.29439,1.13943
2741,5183.3,29468520,1948525,0.836,1.192,5319,10786,14516,0.01116268,0,0,0.08,0.1794,0.5036,0.0728,0.01324,1.17637,0.11105,-0.01696,0.28204,1.16571
2742,5185.5,29479348,1949214,0.994,1.193,4952,10828,14558,0.01115944,0,0,0.0941,0.2083,0.5534,0.1381,0.01205,1.17954,0.11593,-0.01724,0.29236,1.16564
2743,5187.6,29490197,1949891,0.899,1.189,5194,10849,14561,0.0111562,0,0,0.0865,0.1872,0.5113,0.1142,0.01171,1.17657,0.12625,-0.01528,0.30892,1.15948
2744,5189.6,29501042,1950567,0.823,1.187,5395,10845,14561,0.01115294,0,0,0.081,0.171,0.496,0.0748,0.0116,1.17486,0.11021,-0.01881,0.28414,1.17006
2745,5191.6,29511908,1951234,0.785,1.189,5504,10866,14579,0.01114969,0,0,0.082,0.1612,0.4728,0.0692,0.01191,1.17606,0.10666,-0.01804,0.2757,1.17904
2746,5193.6,29522725,1951915,0.874,1.19,5241,10817,14561,0.01114643,0,0,0.0818,0.1841,0.5032,0.105,0.0114,1.1759,0.10286,-0.01662,0.26523,1.17832
2747,5195.7,29533587,1952593,0.856,1.19,5309,10862,14585,0.01114318,0,0,0.0787,0.1746,0.4703,0.1322,0.01246,1.17637,0.12099,-0.01715,0.30182,1.14613
2748,5197.7,29544413,1953267,0.852,1.187,5311,10826,14555,0.01113992,0,0,0.0811,0.1793,0.5085,0.0828,0.01246,1.1733,0.1133,-0.01611,0.28465,1.15962
2749,5199.6,29555257,1953918,0.736,1.186,5640,10844,14559,0.01113668,0,0,0.0737,0.1514,0.4547,0.0564,0.01092,1.17483,0.10684,-0.01869,0.27671,1.1521
2750,5201.6,29566116,1954603,0.778,1.19,5519,10859,14598,0.01113342,0,0,0.0779,0.1539,0.4582,0.0877,0.01283,1.17631,0.11604,-0.01523,0.28834,1.1592
2751,5203.6,29577025,1955268,0.82,1.188,5432,10909,14659,0.01113017,0,0,0.0796,0.1726,0.4993,0.0682,0.01178,1.17555,0.1157,-0.01662,0.28999,1.1392
2752,5205.8,29587893,1955926,0.855,1.188,5319,10868,14618,0.01112689,0,0,0.0768,0.1614,0.5145,0.1026,0.01225,1.17472,0.11947,-0.0162,0.29679,1.14295
2753,5207.7,29598768,1956585,0.717,1.189,5704,10875,14578,0.01112363,0,0,0.0775,0.1441,0.4493,0.0464,0.01182,1.17626,0.10973,-0.0173,0.27881,1.1125
2754,5209.6,29609661,1957257,0.715,1.188,5727,10893,14658,0.01112037,0,0,0.0678,0.1327,0.4303,0.0838,0.01108,1.1755,0.10773,-0.018,0.27724,1.15825
2755,5211.7,29620566,1957915,0.876,1.193,5270,10905,14633,0.0111171,0,0,0.0792,0.1862,0.5148,0.0961,0.01343,1.17775,0.11192,-0.01749,0.28409,1.13593
2756,5213.8,29631429,1958585,0.92,1.194,5138,10863,14597,0.01111383,0,0,0.0837,0.1753,0.4959,0.165,0.01271,1.18009,0.1109,-0.01923,0.28549,1.13515
2757,5215.8,29642310,1959265,0.785,1.189,5512,10881,14635,0.01111057,0,0,0.0791,0.1627,0.4773,0.0664,0.01144,1.17627,0.11234,-0.01421,0.2781,1.12436
2758,5217.7,29653166,1959936,0.745,1.187,5619,10856,14574,0.01110731,0,0,0.0747,0.1549,0.4545,0.0608,0.01156,1.17452,0.11461,-0.0134,0.28147,1.14615
2759,5219.7,29664014,1960609,0.774,1.186,5534,10848,14594,0.01110405,0,0,0.0769,0.1503,0.4717,0.0746,0.0103,1.17518,0.09895,-0.01735,0.25746,1.11941
2760,5221.6,29674871,1961273,0.753,1.188,5595,10857,14576,0.0111008,0,0,0.0769,0.1452,0.4408,0.09,0.01176,1.17492,0.10357,-0.01643,0.26449,1.10271
2761,5223.5,29685804,1961936,0.711,1.188,5758,10933,14651,0.01109754,0,0,0.0757,0.1472,0.4464,0.0413,0.01199,1.17536,0.10625,-0.01317,0.26271,1.075
2762,5225.5,29696706,1962618,0.754,1.186,5620,10902,14623,0.01109426,0,0,0.0741,0.146,0.462,0.0719,0.01158,1.17268,0.10919,-0.01189,0.26656,1.09956
2763,5227.5,29707638,1963286,0.828,1.191,5417,10932,14669,0.01109099,0,0,0.0759,0.1555,0.4799,0.1163,0.01221,1.17721,0.11295,-0.01374,0.27792,1.10589
2764,5229.5,29718566,1963946,0.845,1.188,5375,10928,14667,0.01108771,0,0,0.0771,0.1594,0.471,0.1378,0.01222,1.17493,0.10641,-0.01463,0.2668,1.11444
2765,5231.5,29729476,1964612,0.777,1.19,5548,10910,14619,0.01108443,0,0,0.0825,0.1679,0.483,0.0434,0.01231,1.1763,0.1181,-0.01979,0.30054,1.11619
2766,5233.5,29740387,1965265,0.823,1.189,5425,10911,14621,0.01108116,0,0,0.0803,0.1686,0.488,0.0857,0.0124,1.17513,0.11205,-0.01675,0.28267,1.13109
2767,5235.4,29751321,1965930,0.715,1.189,5742,10934,14638,0.01107788,0,0,0.0719,0.133,0.4529,0.0571,0.01191,1.17607,0.12298,-0.01473,0.30032,1.12436
2768,5237.3,29762218,1966594,0.737,1.188,5661,10897,14634,0.0110746,0,0,0.0707,0.14,0.4555,0.0704,0.01168,1.17578,0.10804,-0.01725,0.27644,1.16766
2769,5239.3,29773138,1967264,0.757,1.186,5620,10920,14646,0.01107133,0,0,0.0804,0.1496,0.4603,0.0669,0.01116,1.17378,0.11813,-0.01533,0.29224,1.1436
2770,5241.3,29784032,1967938,0.807,1.19,5454,10894,14621,0.01106806,0,0,0.0772,0.153,0.474,0.1027,0.01325,1.17615,0.11963,-0.01942,0.30383,1.16264
2771,5243.3,29794885,1968609,0.809,1.193,5422,10853,14559,0.01106479,0,0,0.0797,0.1671,0.4866,0.0755,0.01436,1.17754,0.12614,-0.01576,0.30915,1.14515
2772,5245.2,29805814,1969303,0.753,1.189,5628,10929,14650,0.01106153,0,0,0.0734,0.139,0.4552,0.0853,0.01291,1.17541,0.11022,-0.01703,0.28009,1.15701
2773,5247.2,29816736,1969972,0.806,1.189,5473,10922,14625,0.01105826,0,0,0.0767,0.1767,0.4816,0.0712,0.01224,1.17607,0.1259,-0.01794,0.3129,1.13972
2774,5249.2,29827694,1970652,0.79,1.193,5525,10958,14678,0.01105498,0,0,0.0824,0.1637,0.4777,0.0665,0.01216,1.17965,0.1295,-0.01449,0.31293,1.12879
2775,5251.3,29838554,1971329,0.869,1.191,5274,10860,14559,0.01105169,0,0,0.0794,0.1839,0.5095,0.0958,0.01185,1.17778,0.10641,-0.018,0.27423,1.14947
2776,5253.2,29849477,1971977,0.789,1.201,5491,10923,14646,0.01104843,0,0,0.0764,0.1567,0.4806,0.075,0.02446,1.17401,0.13109,-0.01924,0.326,1.14709
2777,5255.2,29860370,1972638,0.783,1.193,5513,10893,14613,0.01104516,0,0,0.0696,0.1406,0.4396,0.1334,0.01194,1.17997,0.11233,-0.02057,0.29205,1.189
2778,5257.2,29871270,1973280,0.832,1.191,5388,10900,14622,0.01104189,0,0,0.0763,0.1699,0.4693,0.117,0.0124,1.1771,0.11085,-0.01894,0.28574,1.18491
2779,5259.2,29882177,1973938,0.793,1.19,5500,10907,14628,0.01103862,0,0,0.0809,0.1671,0.492,0.0532,0.01296,1.17574,0.10985,-0.01943,0.28534,1.21345
2780,5261.3,29893073,1974581,0.854,1.188,5336,10896,14610,0.01103535,0,0,0.0815,0.1853,0.5104,0.077,0.01295,1.17365,0.10815,-0.01871,0.28023,1.20203
2781,5263.2,29903935,1975200,0.715,1.185,5717,10862,14575,0.01103208,0,0,0.0722,0.1379,0.4409,0.0638,0.01182,1.1724,0.11039,-0.02245,0.2921,1.19699
2782,5265.1,29914822,1975849,0.7,1.188,5765,10887,14610,0.01102882,0,0,0.0721,0.1362,0.4488,0.0432,0.01164,1.17553,0.10972,-0.0181,0.28254,1.21972
2783,5267.1,29925723,1976489,0.807,1.188,5467,10901,14614,0.01102555,0,0,0.0792,0.1637,0.4787,0.085,0.01209,1.17452,0.11739,-0.01626,0.29267,1.15029
2784,5269.1,29936651,1977146,0.823,1.19,5427,10928,14661,0.01102228,0,0,0.0791,0.1646,0.4915,0.0884,0.01081,1.17835,0.11457,-0.01915,0.29381,1.19634
2785,5271.1,29947553,1977797,0.838,1.192,5372,10902,14625,0.011019,0,0,0.0826,0.1902,0.4796,0.0855,0.01286,1.17786,0.10422,-0.02018,0.275,1.18902
2786,5273.0,29958436,1978436,0.748,1.189,5618,10883,14602,0.01101573,0,0,0.0762,0.1533,0.4738,0.0445,0.01159,1.17633,0.11001,-0.01644,0.27915,1.1918
2787,5275.0,29969282,1979083,0.772,1.189,5530,10846,14577,0.01101247,0,0,0.0776,0.1548,0.463,0.0765,0.01304,1.17538,0.1139,-0.01945,0.2936,1.22163
2788,5276.9,29980159,1979727,0.728,1.187,5678,10877,14589,0.01100922,0,0,0.0701,0.1402,0.4417,0.0762,0.01141,1.17506,0.11098,-0.02446,0.29764,1.21517
2789,5278.9,29991000,1980360,0.834,1.191,5355,10841,14588,0.01100595,0,0,0.0829,0.166,0.4983,0.0867,0.01371,1.17594,0.1009,-0.02219,0.27318,1.22621
2790,5280.9,30001898,1981003,0.753,1.188,5614,10898,14598,0.0110027,0,0,0.0803,0.1655,0.4711,0.0358,0.01187,1.17558,0.10214,-0.0204,0.27245,1.2432
2791,5282.8,30012761,1981641,0.718,1.203,5653,10863,14600,0.01099943,0,0,0.0717,0.1409,0.431,0.0748,0.01196,1.19034,0.09071,-0.02137,0.25181,1.25626
2792,5284.8,30023626,1982277,0.775,1.188,5536,10865,14601,0.01099617,0,0,0.0804,0.1519,0.457,0.0855,0.01159,1.17535,0.10214,-0.02051,0.27261,1.24196
2793,5286.7,30034516,1982917,0.748,1.187,5629,10890,14635,0.01099291,0,0,0.0789,0.1542,0.4692,0.0454,0.01167,1.17412,0.09942,-0.01949,0.26496,1.23535
2794,5288.7,30045427,1983545,0.791,1.186,5520,10911,14647,0.01098965,0,0,0.0817,0.159,0.474,0.076,0.01221,1.17283,0.10473,-0.01629,0.26885,1.22034
2795,5290.6,30056255,1984179,0.773,1.189,5519,10828,14568,0.01098637,0,0,0.0821,0.1558,0.4499,0.085,0.01149,1.17563,0.09613,-0.0214,0.26209,1.22979
2796,5292.7,30067157,1984832,0.915,1.191,5176,10902,14651,0.01098312,0,0,0.0788,0.1846,0.4724,0.179,0.01218,1.17797,0.09033,-0.02329,0.25493,1.26072
2797,5294.8,30078015,1985466,0.848,1.188,5333,10858,14584,0.01097985,0,0,0.0799,0.1901,0.4873,0.0904,0.0123,1.17503,0.08661,-0.02027,0.2413,1.25368
2798,5296.8,30088959,1986111,0.836,1.187,5409,10944,14678,0.0109766,0,0,0.0787,0.1775,0.5164,0.0638,0.0119,1.17419,0.09292,-0.0176,0.2479,1.22334
2799,5298.8,30099875,1986744,0.795,1.189,5502,10916,14641,0.01097331,0,0,0.0815,0.1661,0.478,0.0696,0.01185,1.17597,0.10085,-0.01586,0.26008,1.21474
2800,5300.6,30110786,1987391,0.645,1.186,5958,10911,14611,0.01097004,0,0,0.0655,0.1152,0.4083,0.0562,0.01113,1.17427,0.09354,-0.01706,0.24774,1.20938
2801,5302.9,30121635,1988028,0.701,1.188,5746,10849,14606,0.01096676,0,0,0.0677,0.1329,0.4235,0.0766,0.01182,1.17478,0.09772,-0.02132,0.265,1.22661
2802,5305.1,30132502,1988665,0.795,1.19,5473,10867,14588,0.01096351,0,0,0.0738,0.1494,0.4581,0.114,0.01175,1.17703,0.09797,-0.01949,0.26169,1.22086
2803,5307.2,30143413,1989293,0.914,1.193,5177,10911,14625,0.01096025,0,0,0.0819,0.1756,0.4899,0.1671,0.01224,1.17986,0.09658,-0.01968,0.25871,1.19478
2804,5309.1,30154358,1989928,0.73,1.187,5710,10945,14677,0.01095698,0,0,0.0716,0.1323,0.4326,0.0934,0.0115,1.17426,0.09441,-0.02123,0.25747,1.19486
2805,5311.1,30165302,1990555,0.781,1.191,5551,10944,14679,0.01095369,0,0,0.0752,0.142,0.4473,0.1166,0.01369,1.17598,0.09103,-0.01962,0.24755,1.19836
2806,5313.0,30176238,1991176,0.748,1.189,5644,10936,14663,0.01095041,0,0,0.0786,0.1523,0.4728,0.0447,0.01117,1.17644,0.09082,-0.01703,0.24267,1.23174
2807,5315.1,30187192,1991788,0.889,1.19,5270,10954,14699,0.01094713,0,0,0.0824,0.1845,0.4818,0.14,0.01236,1.17653,0.09519,-0.02028,0.25757,1.21685
2808,5317.1,30198115,1992406,0.822,1.189,5429,10923,14660,0.01094384,0,0,0.0765,0.1589,0.459,0.128,0.01155,1.17673,0.08697,-0.0213,0.2434,1.22688
2809,5319.0,30209034,1993023,0.684,1.186,5841,10919,14646,0.01094057,0,0,0.0691,0.1324,0.4362,0.0462,0.0115,1.17306,0.09714,-0.01955,0.26003,1.21803
2810,5321.0,30219963,1993657,0.859,1.187,5341,10929,14663,0.01093729,0,0,0.0782,0.1737,0.5063,0.1009,0.01267,1.17349,0.08544,-0.02151,0.24047,1.21446
2811,5323.0,30230884,1994262,0.803,1.186,5491,10921,14649,0.01093401,0,0,0.0781,0.161,0.4769,0.0867,0.01144,1.1736,0.09521,-0.017,0.2511,1.21945
2812,5324.9,30241800,1994899,0.689,1.186,5821,10916,14673,0.01093073,0,0,0.0748,0.141,0.4334,0.0401,0.01199,1.17307,0.10205,-0.01673,0.26409,1.21354
2813,5326.7,30252724,1995519,0.664,1.183,5912,10924,14640,0.01092746,0,0,0.0654,0.121,0.4166,0.0615,0.01127,1.17118,0.10197,-0.01789,0.26536,1.17399
2814,5328.6,30263644,1996161,0.698,1.189,5785,10920,14652,0.01092418,0,0,0.0714,0.1409,0.438,0.0482,0.0115,1.17621,0.09251,-0.01905,0.24814,1.14489
2815,5330.6,30274529,1996784,0.77,1.188,5560,10885,14638,0.01092091,0,0,0.0756,0.1477,0.4428,0.104,0.01165,1.17496,0.10152,-0.01908,0.26667,1.16598
2816,5332.6,30285426,1997423,0.788,1.189,5511,10897,14649,0.01091764,0,0,0.0779,0.1541,0.4626,0.0937,0.01241,1.17561,0.10108,-0.01985,0.26723,1.16239
2817,5334.4,30296331,1998043,0.65,1.188,5931,10905,14658,0.01091437,0,0,0.0643,0.1188,0.4031,0.0641,0.01117,1.176,0.09578,-0.01672,0.25029,1.15813
2818,5336.3,30307234,1998667,0.73,1.188,5685,10903,14637,0.0109111,0,0,0.0733,0.1407,0.4389,0.0772,0.01162,1.17539,0.09687,-0.01956,0.25837,1.16863
2819,5338.2,30318181,1999287,0.725,1.185,5730,10947,14693,0.01090783,0,0,0.0712,0.1303,0.4381,0.0857,0.01017,1.17388,0.09617,-0.01711,0.25213,1.17218
2820,5340.1,30329075,1999898,0.734,1.188,5669,10894,14616,0.01090455,0,0,0.0736,0.14,0.4399,0.0801,0.0117,1.17548,0.11351,-0.02138,0.29473,1.14352
2821,5342.0,30339960,2000546,0.642,1.182,5968,10885,14648,0.01090128,0,0,0.0609,0.1079,0.3943,0.0793,0.01091,1.16986,0.09094,-0.0192,0.24612,1.18524
2822,5343.7,30350821,2001182,0.578,1.184,6162,10861,14610,0.01089801,0,0,0.0558,0.0948,0.3714,0.0564,0.01113,1.17222,0.09858,-0.02127,0.26449,1.13737
2823,5345.6,30361733,2001837,0.644,1.182,5978,10912,14643,0.01089475,0,0,0.0646,0.1091,0.4002,0.07,0.0107,1.17002,0.09966,-0.0191,0.26345,1.19022
2824,5347.5,30372627,2002468,0.702,1.19,5760,10894,14657,0.01089148,0,0,0.0714,0.1271,0.4278,0.0752,0.01217,1.17694,0.09748,-0.02072,0.26194,1.17297
2825,5349.3,30383586,2003117,0.667,1.185,5915,10959,14665,0.01088821,0,0,0.0712,0.1265,0.4256,0.0441,0.01162,1.17274,0.09723,-0.02113,0.26226,1.17302
2826,5351.2,30394487,2003753,0.731,1.188,5680,10901,14624,0.01088492,0,0,0.0723,0.1313,0.427,0.1004,0.01214,1.1751,0.09082,-0.01798,0.24326,1.17821
2827,5353.1,30405397,2004398,0.721,1.185,5724,10910,14634,0.01088165,0,0,0.0707,0.1318,0.4236,0.0953,0.01197,1.17137,0.10684,-0.01742,0.27421,1.18049
2828,5355.0,30416316,2005041,0.716,1.185,5744,10919,14669,0.01087838,0,0,0.0729,0.1397,0.4463,0.057,0.01177,1.17201,0.1083,-0.01858,0.27936,1.17663
2829,5357.1,30427236,2005677,0.86,1.185,5339,10920,14659,0.01087511,0,0,0.0794,0.1616,0.468,0.1513,0.01132,1.17302,0.08894,-0.02058,0.24456,1.17325
2830,5359.1,30438140,2006310,0.797,1.189,5492,10904,14644,0.01087183,0,0,0.0755,0.1509,0.4713,0.0989,0.01161,1.17623,0.09701,-0.01937,0.2585,1.18379
2831,5361.0,30449026,2006943,0.739,1.19,5646,10886,14603,0.01086856,0,0,0.0753,0.1493,0.4533,0.0607,0.01136,1.17742,0.09772,-0.01777,0.25623,1.16212
2832,5363.0,30459926,2007599,0.787,1.186,5523,10900,14655,0.01086529,0,0,0.08,0.1532,0.4697,0.0843,0.0115,1.17349,0.10448,-0.01662,0.26706,1.14413
2833,5364.9,30470794,2008254,0.708,1.188,5735,10868,14608,0.01086202,0,0,0.0746,0.1403,0.4491,0.0435,0.0117,1.17487,0.10213,-0.02156,0.2719,1.12898
2834,5366.8,30481667,2008889,0.751,1.186,5613,10873,14620,0.01085876,0,0,0.0744,0.1517,0.4553,0.0696,0.01126,1.17401,0.09176,-0.02053,0.24968,1.1559
2835,5368.6,30492544,2009548,0.661,1.186,5887,10877,14620,0.0108555,0,0,0.0669,0.1266,0.4304,0.0376,0.01217,1.17297,0.0933,-0.0199,0.25141,1.15242
2836,5370.6,30503417,2010210,0.79,1.19,5490,10873,14620,0.01085224,0,0,0.0775,0.1576,0.4732,0.082,0.01215,1.17683,0.09338,-0.01671,0.24555,1.16828
2837,5372.6,30514263,2010872,0.744,1.19,5610,10846,14592,0.01084897,0,0,0.0763,0.1586,0.4642,0.0445,0.01398,1.17438,0.09345,-0.02047,0.25289,1.15397
2838,5374.6,30525164,2011511,0.88,1.19,5266,10901,14620,0.01084572,0,0,0.0793,0.1632,0.4626,0.1754,0.01239,1.17601,0.10863,-0.01877,0.2794,1.13424
2839,5376.6,30536032,2012161,0.785,1.188,5507,10868,14620,0.01084245,0,0,0.077,0.1518,0.4558,0.1006,0.01179,1.1756,0.09858,-0.01921,0.26038,1.14356
2840,5378.6,30546958,2012808,0.782,1.187,5550,10926,14656,0.01083919,0,0,0.0768,0.1576,0.4611,0.0861,0.01198,1.1741,0.1042,-0.01697,0.26627,1.10356
2841,5380.5,30557820,2013450,0.696,1.184,5777,10862,14574,0.01083591,0,0,0.0724,0.1387,0.4398,0.0453,0.01108,1.17195,0.09435,-0.01772,0.24886,1.14021
2842,5382.4,30568719,2014098,0.739,1.186,5664,10899,14624,0.01083265,0,0,0.0718,0.1413,0.4418,0.0837,0.01165,1.17302,0.10041,-0.01813,0.26208,1.15445
2843,5384.3,30579604,2014749,0.757,1.186,5601,10885,14641,0.01082938,0,0,0.0752,0.149,0.454,0.0788,0.01189,1.1733,0.10021,-0.01702,0.25961,1.16115
2844,5386.3,30590505,2015388,0.755,1.187,5613,10901,14633,0.01082612,0,0,0.0759,0.1454,0.4446,0.0893,0.01125,1.17461,0.09188,-0.01811,0.24545,1.17678
2845,5388.4,30601364,2016033,0.943,1.187,5099,10859,14570,0.01082285,0,0,0.0804,0.2093,0.5079,0.1448,0.01219,1.17324,0.10257,-0.01881,0.26733,1.13526
2846,5390.4,30612252,2016680,0.856,1.195,5307,10888,14611,0.01081959,0,0,0.0816,0.1754,0.5049,0.0943,0.01858,1.1758,0.09536,-0.02109,0.25769,1.14559
2847,5392.4,30623147,2017348,0.784,1.176,5557,10895,14635,0.01081632,0,0,0.0766,0.1505,0.4584,0.099,0.01175,1.16342,0.10996,-0.01907,0.28262,1.13542
2848,5394.4,30634046,2017977,0.794,1.169,5552,10899,14644,0.01081306,0,0,0.0775,0.1651,0.4715,0.08,0.012,1.15606,0.1014,-0.01858,0.26508,1.16123
2849,5396.5,30644980,2018643,0.938,1.177,5169,10934,14661,0.01080979,0,0,0.0791,0.2005,0.5511,0.1074,0.01585,1.16015,0.09889,-0.01617,0.25459,1.13206
2850,5398.6,30655933,2019284,0.94,1.169,5192,10953,14689,0.01080651,0,0,0.0793,0.2044,0.5259,0.1309,0.01167,1.15615,0.09541,-0.01903,0.25454,1.18692
2851,5400.6,30666910,2019916,0.832,1.173,5476,10977,14663,0.01080322,0,0,0.0806,0.183,0.494,0.0741,0.01291,1.15884,0.11097,-0.01547,0.27767,1.14774
2852,5402.8,30677889,2020565,0.848,1.17,5440,10979,14659,0.01079993,0,0,0.0789,0.1671,0.4971,0.1052,0.01359,1.15505,0.11771,-0.01864,0.2967,1.11102
2853,5404.8,30688889,2021176,0.875,1.175,5366,11000,14688,0.01079663,0,0,0.0823,0.1821,0.5443,0.0667,0.01307,1.16051,0.11472,-0.02107,0.29513,1.09038
2854,5406.9,30699846,2021801,0.911,1.168,5270,10957,14636,0.01079333,0,0,0.0813,0.1973,0.5204,0.1116,0.0125,1.15497,0.1145,-0.01818,0.28945,1.11603
2855,5408.8,30710824,2022460,0.72,1.168,5815,10978,14654,0.01079005,0,0,0.0769,0.1462,0.4379,0.0592,0.01191,1.155,0.11263,-0.02029,0.28906,1.0762
2856,5410.7,30721799,2023096,0.76,1.17,5685,10975,14651,0.01078675,0,0,0.0751,0.1467,0.455,0.0832,0.01283,1.15652,0.11654,-0.01709,0.29099,1.09944
2857,5413.2,30732805,2023731,0.837,1.171,5481,11006,14685,0.01078346,0,0,0.0817,0.1815,0.4595,0.1144,0.01177,1.15743,0.12002,-0.01619,0.29627,1.10591
2858,5415.2,30743770,2024385,0.802,1.17,5561,10965,14623,0.01078016,0,0,0.08,0.1672,0.456,0.0987,0.01361,1.15552,0.12186,-0.02092,0.30933,1.10273
2859,5417.1,30754743,2025031,0.773,1.187,5601,10973,14663,0.01077687,0,0,0.0771,0.1419,0.4486,0.1049,0.01171,1.17409,0.11588,-0.01982,0.29532,1.10983
2860,5419.0,30765723,2025674,0.727,1.188,5735,10980,14672,0.01077358,0,0,0.073,0.1409,0.4503,0.0627,0.01303,1.17362,0.1241,-0.01886,0.31016,1.12557
2861,5421.0,30776744,2026306,0.723,1.186,5772,11021,14696,0.01077028,0,0,0.0735,0.1413,0.4451,0.0633,0.01279,1.17254,0.11886,-0.02203,0.30631,1.1381
2862,5422.8,30787724,2026959,0.666,1.185,5932,10980,14675,0.01076698,0,0,0.0694,0.1306,0.4221,0.0439,0.01123,1.17254,0.10776,-0.01987,0.28012,1.1543
2863,5424.7,30798707,2027606,0.69,1.185,5859,10983,14645,0.01076368,0,0,0.0717,0.138,0.4268,0.0534,0.01106,1.17284,0.13306,-0.02027,0.33093,1.12722
2864,5426.5,30809731,2028246,0.657,1.185,5983,11024,14710,0.01076039,0,0,0.0666,0.1244,0.4262,0.0403,0.01198,1.17188,0.11898,-0.01868,0.29921,1.1105
2865,5428.4,30820689,2028886,0.672,1.181,5913,10958,14633,0.01075708,0,0,0.0679,0.1238,0.4171,0.0635,0.01094,1.16909,0.10696,-0.01804,0.27439,1.13318
2866,5430.2,30831670,2029533,0.655,1.181,5980,10981,14689,0.01075379,0,0,0.0671,0.1211,0.4016,0.0651,0.01111,1.16952,0.11391,-0.02053,0.29331,1.13585
2867,5432.2,30842646,2030171,0.758,1.182,5658,10976,14640,0.0107505,0,0,0.076,0.1616,0.4805,0.0399,0.01178,1.16938,0.11877,-0.01969,0.30081,1.11096
2868,5434.0,30853675,2030819,0.669,1.18,5963,11029,14717,0.01074721,0,0,0.0663,0.1218,0.4175,0.0638,0.01129,1.16839,0.11543,-0.02125,0.29785,1.13966
2869,5435.8,30864694,2031460,0.618,1.182,6122,11019,14711,0.0107439,0,0,0.0648,0.1135,0.4046,0.0348,0.01131,1.16989,0.12561,-0.01965,0.31495,1.13649
2870,5437.7,30875681,2032108,0.691,1.184,5859,10987,14667,0.01074059,0,0,0.0663,0.1304,0.4269,0.0673,0.01209,1.17139,0.11454,-0.02024,0.29427,1.14968
2871,5439.6,30886671,2032755,0.763,1.184,5644,10990,14676,0.0107373,0,0,0.0748,0.1752,0.4606,0.0526,0.01171,1.1713,0.11191,-0.02461,0.2977,1.14815
2872,5441.7,30897630,2033388,0.899,1.187,5252,10959,14636,0.010734,0,0,0.0793,0.1893,0.5345,0.0962,0.01303,1.17326,0.12695,-0.02069,0.31954,1.13005
2873,5443.9,30908593,2034044,1.039,1.185,4928,10963,14638,0.01073071,0,0,0.0825,0.2871,0.5656,0.104,0.01216,1.17239,0.12869,-0.02103,0.32339,1.11586
2874,5446.1,30919610,2034696,0.945,1.199,5140,11017,14675,0.01072742,0,0,0.0803,0.2005,0.5614,0.1027,0.02315,1.17446,0.1103,-0.01952,0.28281,1.0798
2875,5448.3,30930612,2035364,1.009,1.185,5013,11002,14678,0.01072412,0,0,0.0817,0.2275,0.6046,0.0955,0.01162,1.17255,0.12268,-0.0188,0.3064,1.09311
2876,5450.3,30941550,2036005,0.802,1.186,5503,10938,14598,0.01072082,0,0,0.0784,0.1888,0.4839,0.0508,0.01233,1.17228,0.12192,-0.01786,0.30264,1.07644
2877,5452.3,30952507,2036657,0.847,1.187,5387,10957,14632,0.01071754,0,0,0.0802,0.1844,0.4885,0.0936,0.0124,1.17393,0.11667,-0.01903,0.29452,1.07849
2878,5454.4,30963450,2037310,0.904,1.189,5227,10943,14611,0.01071425,0,0,0.0815,0.1832,0.5232,0.1165,0.01206,1.17577,0.121,-0.01989,0.30559,1.11127
2879,5456.6,30974413,2037948,1.043,1.188,4913,10963,14624,0.01071097,0,0,0.0825,0.2185,0.6149,0.1275,0.01238,1.17446,0.09801,-0.02209,0.26306,1.06703
2880,5458.8,30985363,2038577,0.963,1.185,5097,10950,14644,0.01070768,0,0,0.0817,0.2101,0.5401,0.1313,0.01309,1.17095,0.1078,-0.01997,0.27927,1.10802
2881,5461.1,30996355,2039213,1.15,1.19,4697,10992,14646,0.01070439,0,0,0.0824,0.253,0.6395,0.1751,0.01203,1.17699,0.11366,-0.01261,0.27651,1.11926
2882,5463.4,31007281,2039854,1.138,1.188,4696,10926,14608,0.01070109,0,0,0.0821,0.2613,0.6495,0.1456,0.01566,1.17132,0.1143,-0.01665,0.28599,1.12596
2883,5465.6,31018233,2040487,1.005,1.186,5000,10952,14620,0.01069782,0,0,0.0829,0.1863,0.6141,0.1215,0.01147,1.17287,0.11131,-0.01629,0.27902,1.11331
2884,5468.0,31029141,2041134,1.135,1.186,4701,10908,14580,0.01069453,0,0,0.0839,0.261,0.6124,0.1775,0.01224,1.17228,0.10515,-0.02038,0.27539,1.13761
2885,5470.2,31040111,2041769,1.038,1.189,4927,10970,14623,0.01069126,0,0,0.0855,0.2624,0.5404,0.1494,0.01267,1.17474,0.11894,-0.01758,0.29723,1.13144
2886,5472.5,31051061,2042400,1.107,1.186,4775,10950,14643,0.01068797,0,0,0.0825,0.2343,0.6468,0.1437,0.01155,1.17306,0.11752,-0.0209,0.30079,1.11966
2887,5474.7,31062060,2043033,1.052,1.189,4908,10999,14667,0.01068468,0,0,0.0861,0.209,0.6189,0.138,0.01355,1.17395,0.12077,-0.0231,0.3118,1.12549
2888,5477.1,31073024,2043679,1.173,1.196,4629,10964,14672,0.01068138,0,0,0.0832,0.2277,0.7004,0.1617,0.02068,1.17397,0.11402,-0.02037,0.29304,1.13582
2889,5479.4,31083961,2044310,1.093,1.186,4797,10937,14630,0.01067809,0,0,0.0832,0.2843,0.5967,0.1294,0.01155,1.17367,0.12205,-0.01993,0.30798,1.12492
2890,5481.7,31094911,2044957,1.169,1.187,4648,10950,14647,0.01067481,0,0,0.0834,0.3285,0.6423,0.1148,0.01185,1.17364,0.11343,-0.01829,0.28735,1.11899
2891,5484.1,31105854,2045605,1.186,1.193,4600,10943,14637,0.01067153,0,0,0.0854,0.2736,0.6208,0.2066,0.01248,1.1768,0.1223,-0.01887,0.30586,1.10206
2892,5486.4,31116786,2046240,1.154,1.187,4669,10932,14626,0.01066824,0,0,0.0833,0.2977,0.6629,0.1099,0.01166,1.17443,0.11146,-0.01899,0.28431,1.09749
2893,5488.7,31127758,2046893,1.029,1.184,4959,10972,14670,0.01066496,0,0,0.0836,0.2261,0.5962,0.1231,0.01251,1.1698,0.11289,-0.01818,0.28514,1.07785
2894,5490.9,31138729,2047533,1.025,1.184,4968,10971,14670,0.01066167,0,0,0.0814,0.2458,0.5876,0.1099,0.0124,1.17032,0.10944,-0.01804,0.2782,1.09003
2895,5493.1,31149743,2048162,1.065,1.184,4898,11014,14699,0.01065838,0,0,0.0822,0.2035,0.6392,0.1399,0.01188,1.17102,0.11041,-0.02119,0.28638,1.08687
2896,5495.4,31160777,2048788,1.132,1.183,4766,11034,14727,0.01065508,0,0,0.0817,0.2986,0.6133,0.1389,0.01127,1.17022,0.10938,-0.01758,0.27651,1.05963
2897,5497.7,31171793,2049424,1.126,1.186,4765,11016,14710,0.01065177,0,0,0.0857,0.2883,0.6404,0.1113,0.01715,1.16764,0.11828,-0.0191,0.29775,1.07893
2898,5500.1,31182724,2050054,1.145,1.184,4691,10931,14643,0.01064846,0,0,0.0837,0.3186,0.6014,0.1417,0.01191,1.16937,0.11729,-0.01967,0.29717,1.09091
2899,5502.6,31193663,2050707,1.331,1.191,4338,10939,14636,0.01064518,0,0,0.0888,0.3737,0.6484,0.2197,0.01271,1.17663,0.12894,-0.01785,0.31623,1.06462
2900,5504.9,31204604,2051359,1.136,1.195,4694,10941,14652,0.0106419,0,0,0.0852,0.3116,0.5935,0.1453,0.01993,1.17422,0.12523,-0.02113,0.31546,1.06839
2901,5507.2,31215521,2052004,1.055,1.182,4879,10917,14608,0.01063862,0,0,0.0872,0.255,0.5858,0.1271,0.01126,1.17009,0.10952,-0.02034,0.28315,1.10149
2902,5509.7,31226425,2052659,1.022,1.186,4938,10904,14584,0.01063534,0,0,0.083,0.2538,0.5758,0.1094,0.01223,1.17286,0.12063,-0.02032,0.30432,1.05322
2903,5512.0,31237351,2053305,1.124,1.186,4728,10926,14601,0.01063207,0,0,0.0812,0.2772,0.6579,0.1081,0.01158,1.17374,0.1159,-0.01983,0.29448,1.08253
2904,5514.2,31248244,2053963,0.993,1.185,5001,10893,14592,0.01062879,0,0,0.0835,0.2197,0.5635,0.1268,0.012,1.1716,0.11067,-0.01959,0.28324,1.06926
2905,5516.3,31259226,2054598,0.971,1.192,5076,10982,14662,0.01062553,0,0,0.0816,0.2222,0.5656,0.1021,0.01139,1.17894,0.1167,-0.01538,0.28702,1.07641
2906,5518.6,31270140,2055258,1.044,1.185,4897,10914,14584,0.01062223,0,0,0.0835,0.2348,0.573,0.1528,0.0117,1.17159,0.11656,-0.02166,0.2991,1.06641
2907,5520.9,31281043,2055906,1.155,1.185,4660,10903,14605,0.01061896,0,0,0.0812,0.2793,0.6115,0.1832,0.01241,1.17124,0.12576,-0.01978,0.31407,1.08331
2908,5523.1,31291996,2056555,1.032,1.184,4942,10953,14653,0.01061569,0,0,0.079,0.2417,0.5882,0.1233,0.01171,1.1713,0.11553,-0.02087,0.29559,1.07357
2909,5525.3,31302909,2057183,0.977,1.185,5047,10913,14604,0.0106124,0,0,0.0816,0.2156,0.5909,0.0892,0.01278,1.17104,0.10635,-0.02262,0.28089,1.08029
2910,5527.5,31313804,2057818,0.994,1.185,5000,10895,14588,0.01060913,0,0,0.0841,0.2049,0.5799,0.1253,0.01268,1.17106,0.12515,-0.02081,0.31465,1.07127
2911,5529.7,31324732,2058449,1.025,1.184,4947,10928,14625,0.01060586,0,0,0.0802,0.2119,0.6026,0.1304,0.01248,1.17024,0.1111,-0.02332,0.29167,1.07624
2912,5531.9,31335702,2059091,1.045,1.19,4909,10970,14661,0.01060258,0,0,0.0849,0.2465,0.6035,0.1102,0.01876,1.16964,0.11205,-0.01941,0.28533,1.05714
2913,5534.1,31346634,2059722,1.023,1.186,4949,10932,14625,0.01059929,0,0,0.0838,0.221,0.5853,0.1329,0.01286,1.17155,0.11893,-0.01957,0.3,1.08484
2914,5536.4,31357516,2060368,1.095,1.192,4759,10882,14582,0.01059601,0,0,0.0888,0.2565,0.6208,0.1285,0.01786,1.17302,0.11397,-0.01806,0.28733,1.09744
2915,5538.6,31368431,2061015,1.025,1.189,4931,10915,14604,0.01059275,0,0,0.0821,0.2219,0.5906,0.1304,0.01272,1.17476,0.11072,-0.01991,0.28448,1.0958
2916,5540.9,31379308,2061663,1.092,1.199,4747,10877,14567,0.01058947,0,0,0.085,0.2535,0.631,0.1222,0.02135,1.17663,0.11222,-0.01959,0.28735,1.1206
2917,5543.2,31390180,2062314,1.114,1.202,4693,10872,14572,0.01058621,0,0,0.0839,0.2809,0.6182,0.1314,0.01315,1.18711,0.10919,-0.01748,0.27728,1.13119
2918,5545.6,31401103,2062944,1.155,1.192,4653,10923,14632,0.01058295,0,0,0.0884,0.2784,0.6082,0.1802,0.01316,1.17702,0.10731,-0.02044,0.2793,1.12501
2919,5547.9,31411988,2063602,1.135,1.208,4646,10885,14608,0.01057967,0,0,0.0932,0.2822,0.6276,0.1324,0.0174,1.18681,0.11123,-0.01787,0.2824,1.14384
2920,5550.3,31422873,2064249,1.184,1.199,4568,10885,14570,0.0105764,0,0,0.0951,0.2822,0.6143,0.1921,0.01224,1.18486,0.11723,-0.02257,0.30297,1.10466
2921,5552.7,31433744,2064875,1.173,1.198,4586,10871,14572,0.01057314,0,0,0.0961,0.3038,0.6294,0.1432,0.01319,1.18211,0.10917,-0.02331,0.28858,1.11627
2922,5555.0,31444644,2065532,1.099,1.189,4763,10900,14612,0.01056988,0,0,0.0845,0.2733,0.5853,0.1561,0.01652,1.17088,0.10763,-0.01989,0.27925,1.14554
2923,5557.2,31455562,2066147,1.022,1.204,4906,10918,14628,0.01056661,0,0,0.0812,0.2295,0.5611,0.1498,0.0118,1.19117,0.12408,-0.0172,0.30559,1.08936
2924,5559.4,31466427,2066794,1.038,1.181,4897,10865,14572,0.01056333,0,0,0.0843,0.2641,0.5761,0.1133,0.01128,1.16842,0.10357,-0.02328,0.27728,1.11624
2925,5561.6,31477341,2067423,1.005,1.186,4982,10914,14617,0.01056007,0,0,0.0834,0.2777,0.5557,0.0881,0.01522,1.16977,0.1163,-0.01993,0.29556,1.09444
2926,5563.8,31488200,2068067,0.99,1.181,5002,10859,14562,0.0105568,0,0,0.0814,0.2184,0.5764,0.1136,0.01213,1.16783,0.12251,-0.02019,0.308,1.07027
2927,5566.0,31499110,2068699,1.032,1.183,4925,10910,14603,0.01055354,0,0,0.0811,0.2379,0.5921,0.1212,0.01332,1.16702,0.11222,-0.01782,0.28348,1.10869
2928,5568.1,31510036,2069335,0.979,1.182,5056,10926,14638,0.01055027,0,0,0.0812,0.2125,0.5699,0.1156,0.01166,1.1688,0.11642,-0.01807,0.29252,1.11564
2929,5570.3,31520952,2069988,1.004,1.186,4984,10916,14632,0.01054699,0,0,0.0823,0.2117,0.5992,0.111,0.01294,1.17226,0.11486,-0.02039,0.29404,1.11586
2930,5572.6,31531838,2070618,1.037,1.186,4897,10886,14600,0.01054371,0,0,0.0831,0.2294,0.6206,0.104,0.01161,1.17291,0.1154,-0.01976,0.29409,1.1265
2931,5574.7,31542761,2071253,1.0,1.185,4998,10923,14608,0.01054045,0,0,0.0821,0.2258,0.5794,0.1128,0.0123,1.17188,0.11719,-0.02035,0.29869,1.12037
2932,5576.8,31553672,2071886,0.902,1.193,5209,10911,14613,0.01053717,0,0,0.0859,0.2113,0.5038,0.1009,0.01244,1.17925,0.1123,-0.01911,0.28646,1.12156
2933,5579.0,31564546,2072529,0.947,1.186,5097,10874,14580,0.0105339,0,0,0.086,0.2256,0.5273,0.1085,0.01252,1.17242,0.12096,-0.02381,0.31343,1.13361
2934,5581.1,31575443,2073157,0.905,1.187,5210,10897,14586,0.01053064,0,0,0.0835,0.1942,0.5191,0.1079,0.01224,1.17365,0.10216,-0.02204,0.27201,1.12051
2935,5583.1,31586333,2073793,0.852,1.19,5335,10890,14590,0.01052737,0,0,0.0859,0.1777,0.4965,0.0915,0.01407,1.17426,0.11705,-0.01865,0.29452,1.09859
2936,5585.0,31597257,2074450,0.764,1.178,5623,10924,14609,0.0105241,0,0,0.0819,0.1663,0.4677,0.0484,0.0111,1.1663,0.11946,-0.02044,0.3034,1.12137
2937,5587.1,31608165,2075074,0.865,1.181,5331,10908,14603,0.01052082,0,0,0.0812,0.1829,0.5012,0.0996,0.01221,1.16788,0.1182,-0.02097,0.30197,1.12337
2938,5589.1,31619066,2075718,0.845,1.183,5377,10901,14578,0.01051755,0,0,0.0801,0.1747,0.5208,0.0694,0.01285,1.16857,0.10911,-0.02428,0.29033,1.11906
2939,5591.2,31629919,2076361,0.873,1.182,5283,10853,14558,0.01051428,0,0,0.0898,0.1818,0.5103,0.0908,0.01223,1.16826,0.11787,-0.01945,0.29791,1.10719
2940,5593.1,31640777,2076988,0.777,1.18,5550,10858,14558,0.01051102,0,0,0.078,0.1663,0.4809,0.0514,0.01184,1.16685,0.11583,-0.02137,0.29756,1.10233
2941,5595.0,31651658,2077650,0.719,1.179,5734,10881,14594,0.01050777,0,0,0.0732,0.1439,0.4407,0.0611,0.01161,1.16582,0.11626,-0.02157,0.29907,1.11335
2942,5597.0,31662497,2078306,0.777,1.176,5551,10839,14542,0.0105045,0,0,0.0791,0.1679,0.4787,0.051,0.0123,1.16273,0.11563,-0.02002,0.29469,1.113
2943,5598.9,31673368,2078961,0.69,1.178,5819,10871,14586,0.01050125,0,0,0.0679,0.1276,0.4232,0.0716,0.01184,1.16511,0.10691,-0.01932,0.2765,1.14449
2944,5600.7,31684259,2079610,0.671,1.181,5881,10891,14588,0.01049799,0,0,0.0658,0.1226,0.4339,0.0487,0.01187,1.16819,0.10835,-0.02011,0.28121,1.15661
2945,5602.7,31695130,2080259,0.811,1.188,5439,10871,14579,0.01049472,0,0,0.0805,0.1605,0.4854,0.0845,0.01325,1.17339,0.118,-0.01843,0.29644,1.12373
2946,5604.6,31706010,2080910,0.678,1.182,5848,10880,14556,0.01049146,0,0,0.0669,0.1275,0.4447,0.0394,0.01126,1.1701,0.1133,-0.01966,0.28976,1.13621
2947,5606.5,31716935,2081576,0.706,1.182,5786,10925,14620,0.0104882,0,0,0.0656,0.1206,0.4398,0.0797,0.01352,1.16791,0.10699,-0.02041,0.27875,1.14195
2948,5608.4,31727776,2082241,0.715,1.185,5705,10841,14521,0.01048492,0,0,0.0711,0.1383,0.462,0.0438,0.01217,1.17197,0.11533,-0.01904,0.2928,1.14757
2949,5610.6,31738656,2082907,1.094,1.189,4767,10880,14581,0.01048167,0,0,0.0768,0.2733,0.5689,0.1747,0.0116,1.17581,0.09332,-0.02065,0.25208,1.15125
2950,5613.0,31749544,2083569,1.159,1.189,4637,10888,14578,0.0104784,0,0,0.0829,0.3221,0.6343,0.12,0.0136,1.174,0.1028,-0.01669,0.26314,1.15254
2951,5615.5,31760433,2084221,1.351,1.198,4271,10889,14597,0.01047514,0,0,0.0935,0.3423,0.7283,0.1874,0.01176,1.18477,0.11368,-0.01846,0.28835,1.14846
2952,5618.3,31771332,2084880,1.203,1.198,4540,10899,14603,0.01047187,0,0,0.0832,0.3255,0.6499,0.1441,0.01397,1.18219,0.12035,-0.01889,0.30212,1.12882
2953,5620.7,31782268,2085533,1.157,1.187,4665,10936,14637,0.0104686,0,0,0.0857,0.3098,0.6448,0.1168,0.01559,1.17031,0.11256,-0.01823,0.28483,1.11056
2954,5622.9,31793242,2086191,1.101,1.184,4802,10974,14669,0.01046532,0,0,0.0836,0.3066,0.5854,0.1253,0.01244,1.17041,0.11253,-0.02053,0.29003,1.14247
2955,5625.3,31804193,2086861,1.151,1.191,4676,10951,14651,0.01046203,0,0,0.0823,0.2654,0.6278,0.1753,0.01275,1.1773,0.12544,-0.01799,0.31004,1.10747
2956,5627.7,31815127,2087535,1.193,1.186,4596,10934,14622,0.01045874,0,0,0.0865,0.3045,0.6492,0.1533,0.01246,1.17207,0.12073,-0.01775,0.29967,1.08583
2957,5630.0,31826065,2088191,1.141,1.194,4685,10938,14612,0.01045546,0,0,0.0832,0.2986,0.6248,0.1343,0.02156,1.17084,0.11453,-0.01865,0.28913,1.08924
2958,5632.3,31836971,2088856,1.134,1.189,4695,10906,14574,0.01045218,0,0,0.0831,0.3163,0.614,0.1209,0.01407,1.17359,0.12862,-0.01363,0.30689,1.071
2959,5634.7,31847899,2089517,1.167,1.187,4641,10928,14624,0.01044891,0,0,0.0859,0.2961,0.6431,0.1421,0.01222,1.17418,0.11924,-0.01527,0.29129,1.06495
2960,5636.6,31858773,2090172,0.78,1.186,5533,10874,14552,0.01044563,0,0,0.0811,0.1569,0.4785,0.0632,0.01212,1.17262,0.12044,-0.02065,0.3046,1.07244
2961,5638.8,31869679,2090834,0.995,1.185,5002,10906,14575,0.01044237,0,0,0.0808,0.2119,0.5878,0.115,0.01177,1.17202,0.13059,-0.01757,0.31889,1.08007
2962,5640.9,31880547,2091476,0.909,1.188,5183,10868,14569,0.0104391,0,0,0.0842,0.1933,0.5108,0.1202,0.01354,1.17369,0.11551,-0.01608,0.28564,1.07675
2963,5643.0,31891416,2092143,0.876,1.186,5270,10869,14555,0.01043584,0,0,0.0846,0.1838,0.5139,0.0937,0.01283,1.17242,0.12103,-0.01744,0.29924,1.06838
2964,5645.0,31902282,2092809,0.801,1.186,5468,10866,14544,0.01043258,0,0,0.0832,0.1616,0.4847,0.0716,0.01238,1.17285,0.11897,-0.01584,0.29189,1.06714
2965,5647.1,31913151,2093454,0.922,1.185,5160,10869,14548,0.01042932,0,0,0.0806,0.1958,0.5424,0.1027,0.01163,1.17178,0.12834,-0.01591,0.31084,1.07176
2966,5649.3,31924051,2094132,1.028,1.192,4910,10900,14599,0.01042605,0,0,0.0872,0.2339,0.5738,0.1329,0.01141,1.16589,0.11764,-0.01717,0.29271,1.10775
2967,5651.6,31934883,2094778,1.096,1.179,4762,10832,14522,0.01042278,0,0,0.0844,0.2848,0.5672,0.1592,0.01148,1.16658,0.1126,-0.02042,0.28909,1.10589
2968,5653.8,31945807,2095436,0.994,1.18,5025,10924,14627,0.01041954,0,0,0.0803,0.2361,0.5602,0.1179,0.01226,1.16631,0.12048,-0.01828,0.30051,1.10269
2969,5655.9,31956681,2096084,0.944,1.178,5125,10874,14585,0.01041626,0,0,0.0811,0.2139,0.5423,0.1067,0.01142,1.16461,0.1056,-0.01991,0.27466,1.13448
2970,5658.0,31967619,2096736,0.986,1.181,5047,10938,14628,0.010413,0,0,0.0893,0.2192,0.5501,0.1269,0.01403,1.16562,0.12304,-0.01647,0.30217,1.11161
2971,5660.2,31978557,2097394,0.991,1.184,5030,10938,14627,0.01040971,0,0,0.0922,0.2188,0.5347,0.1449,0.01345,1.16915,0.12638,-0.01865,0.31287,1.09574
2972,5662.4,31989510,2098051,0.958,1.181,5119,10953,14647,0.01040643,0,0,0.0828,0.2164,0.5318,0.1275,0.01222,1.16763,0.11418,-0.02081,0.29245,1.07901
2973,5664.6,32000412,2098708,1.065,1.199,4816,10902,14588,0.01040315,0,0,0.0816,0.2767,0.5542,0.1526,0.01115,1.17884,0.11249,-0.01522,0.2786,1.11326
2974,5667.0,32011333,2099363,1.148,1.191,4668,10921,14617,0.01039988,0,0,0.0857,0.2643,0.6089,0.1891,0.01296,1.17716,0.1083,-0.01918,0.27745,1.08155
2975,5669.2,32022251,2100012,1.059,1.185,4865,10918,14609,0.0103966,0,0,0.0863,0.2688,0.5657,0.1385,0.01178,1.17202,0.1117,-0.01658,0.27841,1.05079
2976,5671.3,32033193,2100674,0.948,1.186,5127,10942,14668,0.01039332,0,0,0.0842,0.2024,0.5334,0.1281,0.01305,1.17193,0.11967,-0.01394,0.28924,1.05957
2977,5673.5,32044090,2101339,0.939,1.187,5126,10897,14593,0.01039004,0,0,0.0839,0.2051,0.5379,0.112,0.01499,1.17062,0.11905,-0.01697,0.2945,1.08163
2978,5675.5,32055000,2102015,0.814,1.183,5465,10910,14631,0.01038677,0,0,0.0808,0.1743,0.485,0.0735,0.01089,1.17086,0.09875,-0.01838,0.25656,1.07282
2979,5677.6,32065877,2102673,0.979,1.182,5033,10877,14599,0.0103835,0,0,0.0806,0.2145,0.5706,0.1133,0.01192,1.16923,0.11353,-0.01551,0.28037,1.07324
2980,5679.7,32076847,2103340,0.863,1.186,5352,10970,14676,0.01038024,0,0,0.0807,0.1744,0.5219,0.0861,0.01246,1.17292,0.11257,-0.02121,0.28943,1.05439
2981,5681.7,32087688,2104000,0.82,1.177,5429,10841,14570,0.01037695,0,0,0.0795,0.1667,0.496,0.0774,0.01201,1.16413,0.10546,-0.01866,0.27086,1.08967
2982,5683.7,32098535,2104654,0.814,1.177,5448,10847,14529,0.01037369,0,0,0.0811,0.1729,0.488,0.0716,0.01143,1.16466,0.12546,-0.01799,0.30823,1.02797
2983,5685.6,32109444,2105323,0.771,1.177,5601,10909,14620,0.01037044,0,0,0.0792,0.1477,0.4618,0.0825,0.01196,1.16378,0.11551,-0.01632,0.28567,1.0608
2984,5687.6,32120305,2105986,0.768,1.178,5582,10861,14564,0.01036717,0,0,0.0754,0.171,0.463,0.0581,0.01212,1.16534,0.12214,-0.01714,0.30024,1.04582
2985,5689.5,32131184,2106647,0.749,1.176,5653,10879,14579,0.01036391,0,0,0.0729,0.144,0.4491,0.0825,0.01113,1.16396,0.12367,-0.01758,0.30443,1.05789
2986,5691.4,32142098,2107313,0.747,1.174,5680,10914,14626,0.01036064,0,0,0.0784,0.1516,0.4509,0.066,0.01218,1.1614,0.12099,-0.0181,0.30022,1.06408
2987,5693.3,32153047,2107983,0.692,1.174,5868,10949,14666,0.01035737,0,0,0.0689,0.1311,0.4264,0.0656,0.01121,1.16143,0.11486,-0.01617,0.28474,1.09434
2988,5695.1,32163965,2108649,0.688,1.177,5856,10918,14585,0.01035409,0,0,0.0728,0.1376,0.4378,0.0394,0.01159,1.16413,0.12421,-0.01658,0.30396,1.0809
2989,5697.1,32174890,2109324,0.786,1.184,5544,10925,14614,0.01035081,0,0,0.0762,0.1571,0.4719,0.081,0.01309,1.17011,0.11181,-0.01744,0.2808,1.07748
2990,5699.1,32185765,2109988,0.783,1.182,5533,10875,14576,0.01034753,0,0,0.0805,0.1594,0.474,0.069,0.01142,1.16994,0.11108,-0.02133,0.28701,1.07292
2991,5701.1,32196677,2110662,0.842,1.185,5384,10912,14597,0.01034427,0,0,0.0804,0.1725,0.5043,0.0849,0.01173,1.17202,0.1137,-0.01654,0.2826,1.06878
2992,5703.1,32207547,2111332,0.821,1.184,5421,10870,14593,0.010341,0,0,0.0801,0.1813,0.4764,0.0834,0.01223,1.17045,0.11064,-0.01781,0.279,1.0684
2993,5705.1,32218470,2111991,0.819,1.186,5449,10923,14599,0.01033774,0,0,0.0787,0.1612,0.4923,0.0864,0.01282,1.17227,0.11344,-0.01647,0.28262,1.10328
2994,5707.0,32229368,2112646,0.736,1.182,5682,10898,14589,0.01033446,0,0,0.0746,0.1462,0.4705,0.0447,0.01079,1.17015,0.10979,-0.01741,0.27701,1.09489
2995,5709.1,32240292,2113326,0.88,1.186,5287,10924,14602,0.01033119,0,0,0.0813,0.1785,0.5373,0.0834,0.01143,1.17335,0.10806,-0.01847,0.27609,1.11472
2996,5711.1,32251238,2113991,0.821,1.188,5449,10946,14663,0.01032791,0,0,0.0874,0.1663,0.4851,0.0819,0.01311,1.17409,0.12127,-0.01756,0.30041,1.10123
2997,5713.2,32262187,2114655,0.937,1.169,5200,10949,14656,0.01032463,0,0,0.0914,0.1785,0.556,0.1113,0.01244,1.15492,0.11423,-0.01914,0.28958,1.10619
2998,5715.2,32273157,2115327,0.774,1.169,5647,10970,14668,0.01032134,0,0,0.0782,0.1645,0.4811,0.0501,0.01251,1.15518,0.12406,-0.01839,0.30735,1.08822
2999,5717.2,32284062,2116003,0.858,1.17,5378,10905,14591,0.01031805,0,0,0.0791,0.1797,0.5074,0.0916,0.01248,1.1565,0.11978,-0.01501,0.29186,1.08014
3000,5719.2,32294983,2116652,0.837,1.166,5451,10921,14624,0.01031478,0,0,0.0796,0.1682,0.5097,0.0794,0.01162,1.15385,0.11235,-0.01868,0.28457,1.0911
3001,5721.7,32305848,2117315,0.803,1.164,5523,10865,14557,0.01031151,0,0,0.0762,0.1812,0.4609,0.0849,0.01111,1.15243,0.10799,-0.02103,0.2799,1.05997
3002,5723.8,32316765,2117959,0.719,1.166,5790,10917,14587,0.01030825,0,0,0.0715,0.144,0.4421,0.0619,0.01141,1.15389,0.10758,-0.016,0.26927,1.07263
3003,5725.7,32327701,2118629,0.723,1.165,5791,10936,14628,0.01030497,0,0,0.0733,0.1604,0.4427,0.0468,0.01126,1.15294,0.11309,-0.0192,0.28703,1.08836
3004,5727.5,32338594,2119303,0.691,1.165,5867,10893,14567,0.01030169,0,0,0.0694,0.1364,0.4314,0.0543,0.01053,1.15356,0.1178,-0.01609,0.29054,1.10521
3005,5729.4,32349535,2119947,0.708,1.168,5833,10941,14622,0.01029842,0,0,0.073,0.1384,0.4377,0.0587,0.01166,1.15538,0.11733,-0.02142,0.30007,1.09565
3006,5731.3,32360416,2120620,0.75,1.169,5670,10881,14570,0.01029514,0,0,0.0752,0.1624,0.47,0.0428,0.01166,1.1562,0.12859,-0.01876,0.31747,1.10628
3007,5733.2,32371311,2121281,0.734,1.171,5719,10895,14567,0.01029188,0,0,0.0735,0.1421,0.4531,0.065,0.01269,1.15741,0.11516,-0.01948,0.29196,1.10172
3008,5735.2,32382197,2121939,0.792,1.167,5558,10886,14558,0.01028861,0,0,0.0793,0.1859,0.485,0.0414,0.01171,1.15437,0.10717,-0.01746,0.27192,1.10207
3009,5737.2,32393133,2122614,0.766,1.198,5566,10936,14616,0.01028534,0,0,0.0679,0.1737,0.4241,0.1008,0.01175,1.18602,0.10713,-0.01698,0.27058,1.08709
3010,5739.0,32403985,2123281,0.671,1.202,5794,10852,14554,0.01028206,0,0,0.0703,0.1305,0.4245,0.0456,0.01134,1.18984,0.10383,-0.01931,0.269,1.10385
3011,5740.9,32414914,2123953,0.691,1.199,5781,10929,14608,0.0102788,0,0,0.0716,0.1432,0.4392,0.0371,0.01111,1.18741,0.1193,-0.01699,0.29539,1.10977
3012,5742.8,32425803,2124625,0.676,1.2,5806,10889,14604,0.01027553,0,0,0.0704,0.1278,0.423,0.0544,0.01146,1.18709,0.1195,-0.01619,0.29423,1.1122
3013,5744.7,32436698,2125296,0.717,1.183,5735,10895,14587,0.01027226,0,0,0.0727,0.1472,0.442,0.0546,0.01347,1.16911,0.10729,-0.01756,0.27272,1.12021
3014,5746.6,32447582,2125961,0.704,1.165,5825,10884,14573,0.01026899,0,0,0.0733,0.1427,0.4456,0.0421,0.01101,1.15295,0.11676,-0.01806,0.29254,1.1145
3015,5748.5,32458525,2126629,0.803,1.167,5554,10943,14647,0.01026573,0,0,0.076,0.1827,0.4646,0.0798,0.012,1.15416,0.1195,-0.01865,0.29913,1.11181
3016,5750.5,32469441,2127293,0.82,1.166,5499,10916,14577,0.01026244,0,0,0.0783,0.1627,0.5035,0.0751,0.01205,1.1527,0.115,-0.01701,0.28661,1.10049
3017,5752.4,32480331,2127941,0.71,1.165,5808,10890,14603,0.01025917,0,0,0.0744,0.1474,0.4559,0.032,0.01141,1.15314,0.10801,-0.01875,0.27668,1.12878
3018,5754.3,32491259,2128608,0.712,1.165,5823,10928,14619,0.0102559,0,0,0.0707,0.1316,0.4277,0.0818,0.01132,1.15262,0.09938,-0.01844,0.25855,1.11675
3019,5756.2,32502150,2129255,0.715,1.165,5791,10891,14587,0.01025262,0,0,0.0737,0.1441,0.4525,0.045,0.01176,1.15259,0.09888,-0.01974,0.26056,1.13687
3020,5758.0,32513099,2129926,0.635,1.166,6079,10949,14637,0.01024935,0,0,0.0664,0.1166,0.4128,0.0395,0.01115,1.15367,0.09798,-0.01545,0.25044,1.15111
3021,5759.8,32524005,2130587,0.707,1.164,5828,10906,14586,0.01024607,0,0,0.0684,0.1466,0.4191,0.0731,0.01065,1.15262,0.10161,-0.01766,0.26122,1.10687
3022,5761.7,32534860,2131243,0.645,1.164,6001,10855,14551,0.0102428,0,0,0.069,0.1208,0.4124,0.0424,0.01176,1.15185,0.10058,-0.0209,0.2657,1.10993
3023,5763.4,32545739,2131914,0.608,1.163,6141,10879,14564,0.01023954,0,0,0.0628,0.1105,0.3938,0.041,0.01016,1.15236,0.1074,-0.01914,0.27584,1.11137
3024,5765.2,32556666,2132564,0.642,1.162,6054,10927,14602,0.01023628,0,0,0.0645,0.1175,0.4052,0.0552,0.01092,1.15082,0.10362,-0.0207,0.27128,1.10561
3025,5767.1,32567599,2133221,0.707,1.165,5841,10933,14637,0.010233,0,0,0.0738,0.1469,0.4448,0.0417,0.01181,1.15205,0.09437,-0.02015,0.25211,1.12747
3026,5768.9,32578547,2133882,0.66,1.186,5931,10948,14643,0.01022972,0,0,0.0676,0.1221,0.4121,0.0577,0.0111,1.17422,0.09661,-0.01785,0.25162,1.10974
3027,5771.7,32589463,2134508,1.545,1.228,3935,10916,14612,0.01022644,0,0,0.2599,0.271,0.8883,0.1263,0.01361,1.21242,0.09693,-0.01857,0.2539,1.11929
3028,5774.3,32600415,2135160,1.386,1.21,4219,10952,14657,0.01022316,0,0,0.256,0.2656,0.7339,0.13,0.02038,1.18877,0.11231,-0.01979,0.2871,1.11944
3029,5776.8,32611393,2135805,1.312,1.215,4344,10978,14670,0.01021988,0,0,0.2342,0.2211,0.7874,0.0693,0.01271,1.20176,0.11049,-0.02086,0.28501,1.09138
3030,5779.6,32622312,2136446,1.503,1.21,4025,10919,14599,0.01021658,0,0,0.307,0.2894,0.7759,0.1305,0.02062,1.1884,0.11487,-0.01463,0.28098,1.07624
3031,5782.0,32633235,2137089,1.256,1.232,4391,10923,14635,0.01021331,0,0,0.1488,0.2538,0.7601,0.0933,0.01659,1.2137,0.10642,-0.01862,0.27279,1.11166
3032,5784.7,32644226,2137746,1.414,1.218,4177,10991,14683,0.01021003,0,0,0.3381,0.2494,0.7462,0.08,0.01528,1.2015,0.09989,-0.01692,0.25611,1.10083
3033,5788.1,32655157,2138373,2.184,1.284,3153,10931,14627,0.01020673,0,0,0.4304,0.4578,1.0423,0.2531,0.01473,1.26726,0.10859,-0.01969,0.27895,1.09617
3034,5791.1,32666120,2139032,1.706,1.241,3720,10963,14671,0.01020345,0,0,0.3101,0.2697,0.9893,0.1369,0.01446,1.22423,0.11595,-0.01805,0.2901,1.0824
3035,5793.7,32677058,2139668,1.442,1.171,4185,10938,14645,0.01020016,0,0,0.2559,0.2243,0.8286,0.1333,0.01385,1.15626,0.12197,-0.01668,0.29975,1.10065
3036,5796.4,32688006,2140312,1.529,1.184,4035,10948,14645,0.01019688,0,0,0.3426,0.2254,0.8762,0.0852,0.01377,1.16917,0.11724,-0.01645,0.28993,1.10648
3037,5799.1,32698919,2140944,1.468,1.187,4111,10913,14613,0.0101936,0,0,0.3154,0.2328,0.852,0.0674,0.02902,1.15689,0.11093,-0.01362,0.27119,1.0831
3038,5801.8,32709852,2141592,1.512,1.194,4041,10933,14622,0.01019032,0,0,0.3085,0.236,0.8928,0.0743,0.01336,1.17946,0.10724,-0.01948,0.27569,1.09194
3039,5804.9,32720818,2142227,1.859,1.266,3510,10966,14655,0.01018704,0,0,0.4007,0.3354,0.9933,0.1292,0.01151,1.25313,0.10999,-0.01703,0.2763,1.093
3040,5807.6,32731799,2142862,1.445,1.201,4150,10981,14649,0.01018375,0,0,0.2306,0.3348,0.779,0.1009,0.01859,1.18124,0.10289,-0.01796,0.26454,1.12144
3041,5810.2,32742769,2143484,1.493,1.197,4078,10970,14661,0.01018046,0,0,0.3085,0.2525,0.8447,0.0878,0.01261,1.18282,0.10801,-0.01918,0.27726,1.12326
3042,5812.8,32753710,2144132,1.345,1.211,4281,10941,14634,0.01017717,0,0,0.2054,0.2575,0.7673,0.1147,0.0228,1.18698,0.10979,-0.01927,0.28073,1.11136
3043,5815.1,32764706,2144780,1.133,1.198,4718,10996,14676,0.01017389,0,0,0.1827,0.1974,0.6722,0.0808,0.0179,1.17897,0.10665,-0.0171,0.2698,1.09543
3044,5817.4,32775641,2145402,1.135,1.173,4740,10935,14636,0.01017059,0,0,0.1533,0.213,0.6848,0.0834,0.01434,1.15736,0.10692,-0.0205,0.27753,1.11576
3045,5819.5,32786577,2146034,0.933,1.166,5208,10936,14609,0.01016731,0,0,0.0901,0.2319,0.5023,0.1092,0.01164,1.1535,0.11699,-0.01587,0.28766,1.07926
3046,5821.5,32797491,2146688,0.816,1.168,5501,10914,14581,0.01016403,0,0,0.085,0.1814,0.478,0.0719,0.01198,1.15467,0.1108,-0.01744,0.27869,1.09236
3047,5823.5,32808440,2147319,0.793,1.171,5575,10949,14633,0.01016075,0,0,0.0846,0.1726,0.4733,0.0626,0.01216,1.15737,0.10693,-0.01941,0.2758,1.13833
3048,5825.4,32819391,2147960,0.781,1.168,5618,10951,14634,0.01015747,0,0,0.0831,0.1768,0.4787,0.0426,0.01158,1.15582,0.11634,-0.01916,0.29379,1.12082
3049,5827.4,32830283,2148598,0.808,1.168,5512,10892,14581,0.01015418,0,0,0.0857,0.1745,0.4833,0.0642,0.01182,1.15554,0.10993,-0.01564,0.27384,1.11762
3050,5829.4,32841191,2149231,0.777,1.175,5587,10908,14607,0.01015092,0,0,0.083,0.1689,0.4625,0.0627,0.01193,1.16218,0.11168,-0.01854,0.28286,1.10489
3051,5831.4,32852097,2149879,0.892,1.166,5300,10906,14573,0.01014764,0,0,0.0888,0.2255,0.4889,0.0887,0.01146,1.15323,0.11638,-0.01468,0.2839,1.0727
3052,5833.7,32862936,2150540,0.83,1.212,5307,10839,14583,0.01014437,0,0,0.0829,0.1795,0.4951,0.0724,0.01229,1.19902,0.10353,-0.0197,0.26965,1.14335
3053,5835.7,32873794,2151198,0.792,1.213,5416,10858,14563,0.01014112,0,0,0.0851,0.1785,0.4827,0.0459,0.01249,1.19906,0.11679,-0.01965,0.29579,1.12993
3054,5837.7,32884665,2151847,0.8,1.211,5405,10871,14593,0.01013786,0,0,0.0888,0.1663,0.4733,0.0715,0.01264,1.19774,0.10005,-0.02029,0.26377,1.13866
3055,5839.7,32895503,2152514,0.806,1.211,5374,10838,14564,0.0101346,0,0,0.0812,0.159,0.4705,0.0949,0.01183,1.19847,0.11482,-0.01657,0.28618,1.15426
3056,5841.7,32906351,2153183,0.823,1.212,5331,10848,14585,0.01013135,0,0,0.0853,0.1765,0.4652,0.0957,0.01221,1.19889,0.10919,-0.01688,0.27554,1.15494
3057,5843.7,32917165,2153842,0.787,1.214,5405,10814,14548,0.01012809,0,0,0.0862,0.1685,0.4765,0.0556,0.01252,1.20031,0.11314,-0.01833,0.2861,1.14346
3058,5845.8,32927995,2154496,0.823,1.214,5318,10830,14575,0.01012485,0,0,0.0839,0.1739,0.4831,0.0821,0.01226,1.20039,0.10495,-0.01909,0.27174,1.16915
3059,5847.8,32938819,2155168,0.821,1.213,5322,10824,14544,0.0101216,0,0,0.086,0.1719,0.4794,0.0838,0.01281,1.1989,0.10723,-0.01532,0.26861,1.1608
3060,5849.8,32949626,2155828,0.787,1.167,5530,10807,14540,0.01011835,0,0,0.0826,0.166,0.4678,0.0708,0.01141,1.15431,0.11003,-0.01675,0.27691,1.15432
3061,5851.8,32960464,2156493,0.831,1.167,5425,10838,14563,0.01011511,0,0,0.0814,0.161,0.4868,0.1015,0.01201,1.15408,0.11031,-0.01934,0.28333,1.1878
3062,5853.7,32971299,2157143,0.778,1.172,5557,10835,14554,0.01011186,0,0,0.0808,0.1638,0.471,0.0621,0.01243,1.15869,0.10273,-0.02087,0.27146,1.19945
3063,5855.7,32982120,2157806,0.79,1.171,5519,10821,14557,0.01010861,0,0,0.0807,0.1572,0.4577,0.0943,0.01199,1.15774,0.09438,-0.01847,0.25029,1.21618
3064,5857.6,32992935,2158473,0.74,1.176,5644,10815,14558,0.01010536,0,0,0.0788,0.1565,0.4608,0.0439,0.0121,1.16302,0.11008,-0.01748,0.27986,1.22381
3065,5859.5,33003773,2159133,0.785,1.174,5533,10838,14570,0.01010212,0,0,0.0797,0.1685,0.4777,0.0589,0.01229,1.16094,0.09745,-0.02104,0.26199,1.23816
3066,5861.5,33014605,2159780,0.791,1.173,5517,10832,14558,0.01009887,0,0,0.0767,0.1547,0.4743,0.0848,0.01261,1.1589,0.10008,-0.01907,0.26305,1.22535
3067,5863.6,33025454,2160440,0.885,1.177,5262,10849,14560,0.01009562,0,0,0.084,0.1817,0.4921,0.1268,0.0121,1.16289,0.10391,-0.0186,0.26969,1.22149
3068,5865.7,33036291,2161106,0.896,1.192,5190,10837,14571,0.01009236,0,0,0.0813,0.1742,0.4731,0.1675,0.01198,1.17866,0.09358,-0.02093,0.25321,1.19898
3069,5867.6,33047101,2161761,0.766,1.186,5538,10810,14562,0.01008911,0,0,0.0752,0.1465,0.454,0.09,0.01183,1.17322,0.09526,-0.01812,0.25094,1.19804
3070,5869.6,33057930,2162435,0.765,1.188,5544,10829,14562,0.01008587,0,0,0.073,0.1404,0.4592,0.0927,0.01225,1.17437,0.09974,-0.01962,0.26237,1.17281
3071,5871.5,33068757,2163087,0.758,1.191,5558,10827,14552,0.01008262,0,0,0.0722,0.1354,0.4589,0.0911,0.01313,1.17634,0.10148,-0.01698,0.26043,1.16645
3072,5873.4,33079613,2163738,0.731,1.17,5709,10856,14589,0.01007937,0,0,0.0746,0.1441,0.4348,0.0778,0.0117,1.15762,0.09717,-0.01983,0.25849,1.21466
3073,5875.2,33090471,2164400,0.624,1.165,6069,10858,14587,0.01007612,0,0,0.0603,0.1057,0.3973,0.0606,0.01092,1.15358,0.09989,-0.01776,0.25878,1.16501
3074,5877.0,33101274,2165066,0.676,1.17,5853,10803,14533,0.01007286,0,0,0.0651,0.1273,0.4201,0.0636,0.01143,1.15746,0.10504,-0.01789,0.26967,1.18222
3075,5878.9,33112100,2165735,0.704,1.17,5778,10826,14585,0.01006962,0,0,0.0669,0.1242,0.432,0.0806,0.01226,1.15695,0.10536,-0.01733,0.26928,1.18734
3076,5880.8,33122898,2166401,0.677,1.165,5862,10798,14536,0.01006637,0,0,0.0668,0.127,0.428,0.055,0.01092,1.15362,0.0915,-0.01952,0.24572,1.17619
3077,5882.6,33133708,2167079,0.666,1.171,5886,10810,14550,0.01006313,0,0,0.0643,0.1123,0.4099,0.079,0.01162,1.15838,0.11076,-0.01626,0.27672,1.12638
3078,5884.5,33144507,2167740,0.703,1.172,5761,10799,14530,0.01005989,0,0,0.0685,0.1289,0.4304,0.075,0.01134,1.15924,0.10517,-0.0161,0.26562,1.14718
3079,5886.4,33155315,2168414,0.772,1.169,5569,10808,14540,0.01005665,0,0,0.0765,0.1866,0.4611,0.0477,0.0118,1.15611,0.09923,-0.01765,0.25683,1.14726
3080,5888.3,33166110,2169096,0.697,1.168,5786,10795,14543,0.01005341,0,0,0.0677,0.1288,0.4335,0.0676,0.01125,1.15552,0.09366,-0.0149,0.24089,1.18253
3081,5890.3,33176894,2169781,0.871,1.18,5256,10784,14533,0.01005017,0,0,0.0919,0.151,0.5135,0.1147,0.01126,1.16835,0.09825,-0.01612,0.25244,1.17948
3082,5892.2,33187671,2170451,0.695,1.167,5789,10777,14505,0.01004693,0,0,0.0697,0.1232,0.4285,0.0734,0.01123,1.15501,0.10338,-0.01924,0.26863,1.1637
3083,5894.0,33198441,2171140,0.68,1.168,5826,10770,14528,0.0100437,0,0,0.0682,0.1227,0.4201,0.0695,0.01028,1.15655,0.11078,-0.0173,0.27935,1.15418
3084,5896.0,33209195,2171824,0.801,1.171,5453,10754,14506,0.01004047,0,0,0.074,0.1579,0.463,0.1064,0.01271,1.15737,0.10693,-0.01647,0.27005,1.15856
3085,5897.9,33219980,2172503,0.67,1.25,5617,10785,14496,0.01003724,0,0,0.0652,0.1193,0.4101,0.0758,0.01155,1.237,0.11431,-0.01554,0.28299,1.16026
3086,5899.9,33230787,2173190,0.724,1.25,5475,10807,14560,0.01003401,0,0,0.0715,0.1359,0.4412,0.0756,0.01259,1.23607,0.11443,-0.01681,0.28551,1.14753
3087,5901.9,33241594,2173863,0.731,1.252,5450,10807,14563,0.01003076,0,0,0.0777,0.147,0.4551,0.0516,0.01255,1.23801,0.1088,-0.0192,0.2791,1.15229
3088,5903.8,33252409,2174524,0.67,1.251,5631,10815,14575,0.01002752,0,0,0.0687,0.1313,0.4334,0.0369,0.01154,1.23806,0.10264,-0.01808,0.26443,1.14712
3089,5905.8,33263199,2175177,0.706,1.248,5521,10790,14539,0.01002428,0,0,0.07,0.1291,0.4339,0.0728,0.01132,1.23637,0.11148,-0.01823,0.28278,1.16458
3090,5907.8,33274019,2175850,0.747,1.252,5411,10820,14541,0.01002104,0,0,0.0708,0.1529,0.4367,0.087,0.01202,1.23921,0.10479,-0.01958,0.27183,1.15159
3091,5909.7,33284810,2176506,0.692,1.185,5748,10791,14525,0.01001779,0,0,0.0692,0.1313,0.4291,0.0624,0.01147,1.17308,0.10615,-0.01916,0.27393,1.16389
3092,5911.6,33295652,2177142,0.716,1.182,5713,10842,14583,0.01001456,0,0,0.0681,0.1263,0.4327,0.0888,0.01174,1.16912,0.11148,-0.02031,0.28726,1.18244
3093,5913.4,33306473,2177804,0.659,1.185,5871,10821,14571,0.0100113,0,0,0.0672,0.1203,0.4189,0.0521,0.01143,1.17238,0.11282,-0.01726,0.28395,1.18819
3094,5915.3,33317288,2178461,0.704,1.18,5741,10815,14571,0.01000806,0,0,0.0703,0.1297,0.4416,0.0621,0.01129,1.16804,0.09918,-0.01817,0.2582,1.17415
3095,5917.2,33328068,2179132,0.722,1.179,5670,10780,14519,0.01000481,0,0,0.0702,0.1383,0.4359,0.0777,0.01126,1.1672,0.11286,-0.01842,0.28574,1.15837
3096,5919.0,33338847,2179803,0.622,1.181,5979,10779,14516,0.01000158,0,0,0.0613,0.1086,0.3999,0.0523,0.01101,1.16902,0.10996,-0.01793,0.27889,1.15488
3097,5920.8,33349616,2180476,0.68,1.176,5802,10769,14534,0.00999835,0,0,0.071,0.1324,0.4373,0.0392,0.0119,1.16337,0.11396,-0.01603,0.28328,1.16455
3098,5922.7,33360394,2181140,0.684,1.163,5833,10778,14514,0.00999512,0,0,0.0691,0.1301,0.4318,0.0534,0.01059,1.15179,0.114,-0.01731,0.28607,1.17337
3099,5924.5,33371181,2181786,0.647,1.164,5958,10787,14522,0.00999188,0,0,0.0653,0.1181,0.4063,0.0571,0.01152,1.15168,0.11207,-0.01976,0.28703,1.16944
3100,5926.4,33381990,2182459,0.69,1.167,5820,10809,14559,0.00998865,0,0,0.0671,0.123,0.4261,0.0737,0.01412,1.15249,0.10395,-0.01911,0.26972,1.18115
3101,5928.2,33392773,2183132,0.666,1.164,5892,10783,14524,0.0099854,0,0,0.0627,0.1135,0.412,0.0774,0.01098,1.1526,0.11291,-0.01717,0.28319,1.15276
3102,5930.2,33403596,2183789,0.664,1.164,5921,10823,14551,0.00998217,0,0,0.0635,0.1175,0.4081,0.075,0.01109,1.1519,0.10451,-0.01931,0.27092,1.16645
3103,5932.0,33414467,2184460,0.634,1.164,6046,10871,14615,0.00997892,0,0,0.0626,0.1172,0.4071,0.0467,0.01181,1.15185,0.09808,-0.01719,0.25425,1.1882
3104,5933.9,33425318,2185132,0.731,1.166,5721,10851,14585,0.00997566,0,0,0.0694,0.1513,0.4362,0.0737,0.0118,1.15355,0.10629,-0.02118,0.27842,1.17691
3105,5935.7,33436141,2185807,0.662,1.168,5914,10823,14573,0.0099724,0,0,0.0658,0.1225,0.4219,0.0515,0.01492,1.15254,0.10085,-0.01829,0.26165,1.17125
3106,5937.5,33446972,2186475,0.702,1.162,5808,10831,14574,0.00996916,0,0,0.0662,0.1402,0.4303,0.0657,0.01067,1.15099,0.11045,-0.0196,0.28361,1.17928
3107,5939.4,33457799,2187159,0.72,1.165,5745,10827,14563,0.00996591,0,0,0.0698,0.1353,0.4356,0.0793,0.012,1.1519,0.10992,-0.01665,0.27657,1.17594
3108,5941.3,33468617,2187816,0.667,1.165,5905,10818,14561,0.00996266,0,0,0.067,0.1255,0.4204,0.0541,0.01105,1.15301,0.10356,-0.01909,0.26841,1.1595
3109,5943.1,33479426,2188482,0.693,1.165,5817,10809,14540,0.00995941,0,0,0.0685,0.1248,0.426,0.0733,0.01201,1.15251,0.11229,-0.01852,0.28494,1.17031
3110,5945.0,33490224,2189149,0.688,1.164,5830,10798,14557,0.00995617,0,0,0.0719,0.1419,0.4255,0.0491,0.01161,1.15122,0.10039,-0.02095,0.26639,1.19058
3111,5946.8,33500975,2189811,0.657,1.165,5901,10751,14467,0.00995293,0,0,0.0645,0.128,0.4027,0.0614,0.01076,1.15386,0.09881,-0.01861,0.25749,1.13788
3112,5948.7,33511742,2190487,0.775,1.166,5548,10767,14495,0.00994971,0,0,0.0764,0.1532,0.4488,0.0965,0.01202,1.1527,0.11416,-0.01792,0.28687,1.14197
3113,5950.7,33522512,2191166,0.762,1.171,5571,10770,14522,0.00994648,0,0,0.0771,0.1669,0.4714,0.0466,0.01205,1.15256,0.09803,-0.02172,0.26222,1.14187
3114,5952.7,33533339,2191858,0.83,1.166,5423,10827,14552,0.00994325,0,0,0.0779,0.1682,0.5015,0.0825,0.01055,1.15468,0.10882,-0.01952,0.27962,1.15305
3115,5954.6,33544089,2192518,0.74,1.164,5645,10750,14489,0.00994,0,0,0.0786,0.1435,0.4424,0.0755,0.0111,1.15227,0.1178,-0.01773,0.29405,1.15691
3116,5956.5,33554881,2193202,0.718,1.166,5729,10792,14520,0.00993677,0,0,0.0771,0.1465,0.4555,0.0388,0.01184,1.15282,0.10974,-0.01885,0.28047,1.17175
3117,5958.4,33565624,2193893,0.782,1.168,5511,10743,14488,0.00993354,0,0,0.0757,0.1613,0.4691,0.0754,0.0124,1.15443,0.10382,-0.01952,0.2706,1.20434
3118,5960.4,33576322,2194586,0.796,1.168,5449,10698,14430,0.00993031,0,0,0.0777,0.1611,0.474,0.0828,0.01139,1.15537,0.10474,-0.01791,0.26838,1.16205
3119,5962.5,33587061,2195268,0.871,1.283,4986,10739,14489,0.0099271,0,0,0.0848,0.1792,0.5016,0.1056,0.01295,1.26855,0.11126,-0.01968,0.28497,1.16295
3120,5964.6,33597800,2195931,0.785,1.28,5200,10739,14456,0.00992388,0,0,0.081,0.1508,0.4757,0.0777,0.01247,1.2668,0.10671,-0.01781,0.27207,1.15982
3121,5966.6,33608558,2196618,0.704,1.279,5425,10758,14510,0.00992066,0,0,0.0764,0.1363,0.4483,0.0433,0.01254,1.26527,0.118,-0.01822,0.29491,1.13273
3122,5968.6,33619383,2197298,0.839,1.209,5285,10825,14572,0.00991743,0,0,0.0846,0.1613,0.498,0.0956,0.01254,1.19498,0.10756,-0.0188,0.27534,1.14005
3123,5970.5,33630190,2197958,0.688,1.183,5775,10807,14560,0.00991419,0,0,0.0729,0.1342,0.4416,0.0394,0.01161,1.1709,0.11499,-0.02117,0.2947,1.12789
3124,5972.4,33641003,2198621,0.729,1.18,5666,10813,14549,0.00991094,0,0,0.0727,0.1389,0.4498,0.0672,0.01152,1.16775,0.11768,-0.01942,0.29675,1.13743
3125,5974.3,33651775,2199288,0.666,1.181,5832,10772,14522,0.0099077,0,0,0.0656,0.1175,0.4212,0.0616,0.01163,1.16865,0.11032,-0.01687,0.27685,1.1332
3126,5976.1,33662597,2199958,0.694,1.183,5766,10822,14568,0.00990447,0,0,0.0729,0.1395,0.4425,0.0388,0.01126,1.17084,0.10696,-0.01978,0.27524,1.09864
3127,5978.2,33673391,2200627,0.854,1.171,5331,10794,14544,0.00990122,0,0,0.0813,0.1585,0.4736,0.1401,0.01162,1.15783,0.12992,-0.0159,0.31353,1.10464
3128,5980.2,33684163,2201304,0.873,1.162,5292,10772,14515,0.00989798,0,0,0.0747,0.1552,0.4857,0.1576,0.01149,1.15014,0.11915,-0.01757,0.29536,1.10666
3129,5982.1,33694931,2201990,0.773,1.169,5543,10768,14503,0.00989475,0,0,0.0651,0.1191,0.411,0.1782,0.01336,1.15513,0.11328,-0.01996,0.28799,1.08678
3130,5984.1,33705683,2202650,0.762,1.166,5575,10752,14504,0.00989152,0,0,0.0777,0.1492,0.4533,0.082,0.01132,1.15445,0.11744,-0.01978,0.29571,1.07565
3131,5985.9,33716453,2203324,0.713,1.168,5724,10770,14522,0.0098883,0,0,0.0681,0.1348,0.4297,0.0809,0.01162,1.15538,0.11168,-0.01631,0.27775,1.1015
3132,5987.8,33727195,2204005,0.695,1.164,5778,10742,14476,0.00988506,0,0,0.0662,0.13,0.4309,0.0682,0.01098,1.15177,0.11664,-0.01757,0.2899,1.08708
3133,5989.7,33737970,2204690,0.708,1.168,5745,10775,14506,0.00988184,0,0,0.0702,0.1333,0.4243,0.08,0.01267,1.15428,0.11116,-0.01955,0.28345,1.11428
3134,5991.6,33748729,2205369,0.717,1.166,5714,10759,14474,0.00987861,0,0,0.0705,0.1366,0.436,0.0735,0.01075,1.15474,0.11725,-0.01934,0.29489,1.09801
3135,5993.4,33759481,2206040,0.713,1.167,5721,10752,14500,0.00987538,0,0,0.0726,0.139,0.4317,0.0693,0.01146,1.15443,0.12139,-0.01742,0.29939,1.10152
3136,5995.3,33770199,2206727,0.695,1.166,5761,10718,14452,0.00987216,0,0,0.0735,0.1406,0.4338,0.0467,0.0116,1.15298,0.11356,-0.01887,0.2866,1.10081
3137,5997.1,33780925,2207423,0.666,1.164,5860,10726,14455,0.00986894,0,0,0.0662,0.1232,0.4125,0.0641,0.01132,1.15216,0.11585,-0.01657,0.28658,1.10107
3138,5999.0,33791640,2208127,0.688,1.165,5780,10715,14455,0.00986572,0,0,0.0701,0.1363,0.4351,0.0468,0.01126,1.15321,0.12097,-0.0183,0.30011,1.09276
3139,6000.9,33802343,2208826,0.715,1.165,5693,10703,14443,0.00986251,0,0,0.0712,0.138,0.4269,0.0789,0.01188,1.15258,0.11951,-0.01318,0.2878,1.13693
3140,6002.8,33813066,2209522,0.726,1.164,5676,10723,14442,0.0098593,0,0,0.0721,0.1395,0.4374,0.0767,0.01166,1.151,0.1096,-0.0176,0.27694,1.14338
3141,6004.5,33823752,2210226,0.613,1.164,6014,10686,14433,0.00985608,0,0,0.063,0.1114,0.4029,0.0353,0.01197,1.15151,0.10769,-0.01858,0.2754,1.15998
3142,6006.4,33834473,2210909,0.67,1.165,5842,10721,14464,0.00985287,0,0,0.0639,0.1194,0.4226,0.0644,0.01186,1.15231,0.10984,-0.01938,0.28068,1.12808
3143,6008.2,33845240,2211603,0.634,1.162,5997,10767,14490,0.00984966,0,0,0.0625,0.1084,0.4008,0.0618,0.0108,1.15031,0.10751,-0.01668,0.27061,1.12799
3144,6010.0,33856008,2212290,0.632,1.165,5990,10768,14514,0.00984643,0,0,0.0656,0.1171,0.4149,0.0347,0.0117,1.15256,0.0949,-0.01631,0.24554,1.17342
3145,6011.9,33866773,2212981,0.746,1.167,5628,10765,14505,0.0098432,0,0,0.0723,0.1379,0.4421,0.0935,0.01225,1.1539,0.11736,-0.01813,0.29388,1.16338
3146,6014.3,33877530,2213675,0.77,1.167,5552,10757,14472,0.00983997,0,0,0.0714,0.1832,0.4421,0.0736,0.01208,1.1537,0.11609,-0.01472,0.28397,1.13534
3147,6016.2,33888315,2214371,0.724,1.167,5705,10785,14502,0.00983674,0,0,0.0717,0.1316,0.4348,0.0855,0.01204,1.1537,0.12157,-0.01451,0.29477,1.14983
3148,6018.2,33899092,2215059,0.784,1.169,5516,10777,14517,0.00983351,0,0,0.0772,0.1646,0.4802,0.0624,0.01273,1.15539,0.11701,-0.0173,0.29147,1.16253
3149,6020.1,33909838,2215759,0.813,1.168,5425,10746,14477,0.00983027,0,0,0.0778,0.1628,0.4765,0.0954,0.01196,1.15536,0.12154,-0.01892,0.30316,1.13128
3150,6022.1,33920597,2216442,0.807,1.172,5439,10759,14487,0.00982705,0,0,0.0781,0.1559,0.4776,0.095,0.01421,1.1556,0.11435,-0.01873,0.28869,1.14647
3151,6024.2,33931322,2217152,0.929,1.171,5108,10725,14478,0.00982382,0,0,0.0824,0.1827,0.4901,0.1739,0.01357,1.15635,0.11182,-0.01535,0.27743,1.17504
3152,6026.4,33942108,2217841,0.771,1.261,5306,10786,14536,0.0098206,0,0,0.0734,0.1457,0.4589,0.0933,0.01148,1.24872,0.1162,-0.01837,0.29149,1.138
3153,6028.5,33952853,2218533,0.898,1.265,4968,10745,14485,0.00981737,0,0,0.0847,0.1778,0.4947,0.1407,0.01269,1.25138,0.11305,-0.01773,0.28426,1.15602
3154,6030.4,33963581,2219229,0.674,1.181,5783,10728,14482,0.00981414,0,0,0.0682,0.1284,0.4352,0.0424,0.01107,1.1687,0.10226,-0.01504,0.25766,1.17485
3155,6032.2,33974316,2219919,0.661,1.182,5826,10735,14456,0.00981093,0,0,0.0629,0.1159,0.4163,0.0655,0.01136,1.16977,0.11155,-0.01534,0.27658,1.1613
3156,6034.2,33985081,2220624,0.776,1.169,5536,10765,14533,0.00980771,0,0,0.0755,0.1599,0.4608,0.0795,0.0119,1.1562,0.11727,-0.01516,0.288,1.17981
3157,6036.1,33995806,2221314,0.769,1.169,5536,10725,14491,0.00980448,0,0,0.0789,0.1503,0.4604,0.079,0.01219,1.1553,0.10216,-0.01911,0.26628,1.21066
3158,6038.0,34006564,2222008,0.739,1.169,5638,10758,14519,0.00980126,0,0,0.0795,0.151,0.4583,0.0501,0.01184,1.15598,0.117,-0.01634,0.28963,1.17088
3159,6040.0,34017303,2222694,0.814,1.169,5414,10739,14492,0.00979803,0,0,0.0829,0.1709,0.4823,0.0782,0.01162,1.15629,0.11776,-0.01677,0.29214,1.17732
3160,6042.0,34028024,2223379,0.832,1.168,5361,10721,14458,0.00979481,0,0,0.0836,0.1753,0.4999,0.0733,0.01178,1.15538,0.11324,-0.01643,0.28183,1.14751
3161,6044.0,34038780,2224075,0.767,1.168,5557,10756,14495,0.00979159,0,0,0.0768,0.145,0.4551,0.0902,0.01288,1.15477,0.1178,-0.02027,0.2991,1.17307
3162,6045.9,34049544,2224764,0.726,1.169,5679,10764,14477,0.00978837,0,0,0.0758,0.1469,0.4504,0.0528,0.01252,1.15575,0.11242,-0.01969,0.2867,1.14775
3163,6047.8,34060349,2225446,0.771,1.168,5571,10805,14549,0.00978514,0,0,0.0734,0.1454,0.4607,0.0916,0.01215,1.15495,0.1126,-0.0184,0.28477,1.16385
3164,6049.7,34071149,2226123,0.695,1.168,5796,10800,14539,0.0097819,0,0,0.0741,0.1373,0.4394,0.0447,0.01198,1.1551,0.11689,-0.01626,0.28866,1.14331
3165,6051.6,34081900,2226806,0.77,1.167,5550,10751,14476,0.00977866,0,0,0.0794,0.1562,0.4678,0.0664,0.01074,1.15552,0.12303,-0.01849,0.30552,1.14989
3166,6053.4,34092665,2227485,0.661,1.167,5890,10765,14497,0.00977543,0,0,0.0674,0.1283,0.4268,0.0382,0.01172,1.15408,0.10658,-0.01706,0.26982,1.15315
3167,6055.4,34103431,2228174,0.839,1.169,5361,10766,14500,0.0097722,0,0,0.0821,0.1903,0.4956,0.0714,0.01216,1.15551,0.10615,-0.0207,0.27651,1.16701
3168,6057.4,34114204,2228836,0.773,1.186,5501,10773,14501,0.00976897,0,0,0.0794,0.1518,0.4672,0.0743,0.01185,1.17264,0.10532,-0.01794,0.26873,1.1366
3169,6059.4,34124993,2229513,0.839,1.192,5310,10789,14509,0.00976574,0,0,0.0794,0.1773,0.5032,0.0793,0.01283,1.17858,0.10849,-0.01776,0.27495,1.14975
3170,6061.3,34135802,2230183,0.721,1.193,5649,10809,14528,0.0097625,0,0,0.0755,0.1446,0.4596,0.0409,0.0121,1.17983,0.09744,-0.01904,0.25529,1.1436
3171,6063.2,34146628,2230854,0.702,1.193,5713,10826,14567,0.00975926,0,0,0.0703,0.1308,0.432,0.0692,0.01156,1.18009,0.09886,-0.02024,0.26208,1.22356
3172,6065.1,34157523,2231521,0.707,1.177,5781,10895,14620,0.00975601,0,0,0.0726,0.132,0.4314,0.0713,0.01218,1.1646,0.11685,-0.01712,0.29164,1.21556
3173,6067.0,34168356,2232184,0.702,1.165,5801,10833,14550,0.00975274,0,0,0.0711,0.1285,0.4333,0.0694,0.01136,1.1529,0.0996,-0.01888,0.2616,1.26321
3174,6068.9,34179242,2232847,0.699,1.167,5832,10886,14628,0.00974949,0,0,0.0723,0.1381,0.4393,0.0499,0.01165,1.15445,0.10684,-0.02028,0.27886,1.26166
3175,6070.7,34190101,2233506,0.703,1.164,5818,10859,14581,0.00974623,0,0,0.0698,0.1303,0.4301,0.0727,0.01112,1.15181,0.10037,-0.01986,0.26492,1.25424
3176,6072.6,34200945,2234163,0.717,1.168,5752,10844,14569,0.00974297,0,0,0.0755,0.1418,0.4521,0.048,0.01243,1.15433,0.10442,-0.01851,0.27045,1.26151
3177,6074.5,34211797,2234829,0.702,1.168,5803,10852,14571,0.00973972,0,0,0.0698,0.1288,0.4373,0.066,0.01181,1.1554,0.10609,-0.01828,0.27319,1.25587
3178,6076.3,34222688,2235474,0.703,1.164,5833,10891,14613,0.00973646,0,0,0.0713,0.1383,0.442,0.0511,0.01125,1.15247,0.10369,-0.02065,0.27211,1.20376
3179,6078.2,34233532,2236136,0.688,1.164,5853,10844,14582,0.00973319,0,0,0.0663,0.1261,0.4303,0.0657,0.01107,1.15226,0.10226,-0.02168,0.27109,1.19181
3180,6080.0,34244429,2236810,0.607,1.164,6153,10897,14614,0.00972994,0,0,0.0611,0.111,0.4005,0.0347,0.01097,1.15211,0.09797,-0.01907,0.25699,1.17764
3181,6081.8,34255255,2237494,0.656,1.165,5945,10826,14547,0.00972667,0,0,0.0634,0.1158,0.4141,0.063,0.01146,1.15258,0.09962,-0.01832,0.25863,1.169
3182,6083.6,34266118,2238171,0.634,1.163,6047,10863,14594,0.00972342,0,0,0.0624,0.1147,0.4126,0.0437,0.01112,1.15074,0.1063,-0.01738,0.27063,1.19735
3183,6085.4,34276982,2238831,0.644,1.163,6011,10864,14585,0.00972016,0,0,0.0635,0.1119,0.4087,0.0604,0.01184,1.15029,0.10718,-0.01876,0.27543,1.21135
3184,6087.2,34287814,2239498,0.647,1.161,5992,10832,14581,0.00971691,0,0,0.0609,0.1075,0.408,0.0704,0.01072,1.14958,0.0913,-0.01723,0.24056,1.20912
3185,6089.0,34298646,2240183,0.606,1.172,6090,10832,14554,0.00971366,0,0,0.0614,0.1106,0.3996,0.0346,0.01069,1.16101,0.10561,-0.01658,0.26752,1.19045
3186,6090.8,34309510,2240833,0.646,1.196,5898,10864,14590,0.00971041,0,0,0.0634,0.1122,0.4025,0.0682,0.01201,1.18259,0.1099,-0.0193,0.28159,1.19367
3187,6092.7,34320371,2241496,0.693,1.193,5759,10861,14597,0.00970715,0,0,0.0711,0.1397,0.4434,0.0389,0.01195,1.18008,0.09551,-0.0205,0.25564,1.2162
3188,6094.6,34331230,2242152,0.691,1.194,5760,10859,14593,0.00970389,0,0,0.068,0.1238,0.4253,0.0739,0.01103,1.18225,0.11518,-0.02162,0.29706,1.20893
3189,6096.5,34342080,2242828,0.692,1.197,5742,10850,14587,0.00970063,0,0,0.0724,0.1258,0.4262,0.068,0.01174,1.1842,0.11164,-0.02185,0.28968,1.16963
3190,6098.4,34352918,2243500,0.718,1.191,5676,10838,14559,0.00969738,0,0,0.0766,0.1483,0.4521,0.0411,0.01076,1.17938,0.10789,-0.02275,0.2848,1.21249
3191,6100.3,34363759,2244151,0.712,1.194,5690,10841,14567,0.00969412,0,0,0.0718,0.131,0.4385,0.0705,0.01296,1.17974,0.11002,-0.01922,0.28211,1.21873
3192,6102.2,34374613,2244823,0.73,1.194,5641,10854,14574,0.00969087,0,0,0.0737,0.1457,0.4481,0.0623,0.01163,1.18161,0.12532,-0.01913,0.312,1.19241
3193,6104.2,34385466,2245482,0.769,1.203,5505,10853,14588,0.00968762,0,0,0.0758,0.1514,0.4673,0.074,0.01222,1.18979,0.11775,-0.01804,0.29516,1.21691
3194,6106.1,34396325,2246157,0.708,1.17,5783,10859,14613,0.00968436,0,0,0.0734,0.1463,0.4474,0.0404,0.01124,1.15776,0.1118,-0.01774,0.2822,1.19448
3195,6108.0,34407173,2246812,0.736,1.158,5729,10848,14585,0.0096811,0,0,0.0733,0.1439,0.4499,0.0687,0.01118,1.14557,0.10997,-0.02068,0.28385,1.1649
3196,6109.8,34418056,2247476,0.633,1.155,6085,10883,14630,0.00967785,0,0,0.0626,0.1162,0.4171,0.0374,0.01102,1.14346,0.11535,-0.02045,0.29532,1.22529
3197,6111.5,34428946,2248140,0.622,1.167,6089,10890,14625,0.00967458,0,0,0.0613,0.1035,0.3988,0.0581,0.01104,1.15474,0.10485,-0.01936,0.27138,1.18639
3198,6113.3,34439811,2248785,0.623,1.152,6121,10865,14588,0.00967132,0,0,0.0634,0.1147,0.4093,0.0357,0.01082,1.14044,0.11329,-0.02093,0.29111,1.17214
3199,6115.1,34450688,2249441,0.646,1.156,6037,10877,14614,0.00966806,0,0,0.0625,0.1126,0.4139,0.0571,0.0111,1.14344,0.10548,-0.02061,0.27537,1.19959
3200,6117.0,34461568,2250113,0.703,1.173,5802,10880,14604,0.00966479,0,0,0.0734,0.1429,0.4465,0.0397,0.01173,1.15989,0.1083,-0.0178,0.27459,1.15873
3201,6119.3,34472403,2250775,0.702,1.173,5779,10835,14605,0.00966153,0,0,0.0681,0.133,0.4249,0.0759,0.01238,1.15979,0.10374,-0.01887,0.26908,1.23502
3202,6121.4,34483297,2251432,0.749,1.168,5681,10894,14591,0.00965828,0,0,0.0728,0.1442,0.4449,0.0876,0.01173,1.1555,0.1145,-0.01804,0.28793,1.18308
3203,6123.2,34494178,2252093,0.617,1.176,6066,10881,14627,0.00965501,0,0,0.0624,0.1093,0.4073,0.0385,0.01172,1.16342,0.10321,-0.02185,0.27329,1.20014
3204,6125.1,34505060,2252745,0.725,1.189,5686,10882,14613,0.00965175,0,0,0.0719,0.1409,0.4379,0.0745,0.01153,1.17599,0.10642,-0.02244,0.28051,1.18087
3205,6127.1,34515969,2253391,0.729,1.178,5720,10909,14626,0.00964848,0,0,0.0753,0.1456,0.4566,0.0512,0.0124,1.16528,0.1248,-0.0176,0.30763,1.18269
3206,6128.9,34526882,2254055,0.724,1.172,5755,10913,14648,0.00964521,0,0,0.0731,0.1372,0.4506,0.0635,0.01183,1.15929,0.11861,-0.01753,0.29523,1.19009
3207,6130.8,34537780,2254713,0.622,1.187,6024,10898,14628,0.00964194,0,0,0.0598,0.1017,0.394,0.0662,0.01161,1.17476,0.10446,-0.02095,0.27374,1.18858
3208,6132.5,34548704,2255371,0.579,1.174,6233,10924,14625,0.00963867,0,0,0.0593,0.1021,0.3893,0.0283,0.01085,1.16217,0.10885,-0.01959,0.27917,1.15684
3209,6134.3,34559619,2256037,0.634,1.171,6049,10915,14631,0.00963539,0,0,0.0606,0.1029,0.4009,0.0694,0.01117,1.15822,0.11019,-0.02131,0.28562,1.17328
3210,6136.2,34570473,2256699,0.729,1.185,5671,10854,14576,0.00963211,0,0,0.0702,0.135,0.4442,0.0796,0.012,1.17239,0.11372,-0.01727,0.28428,1.15806
3211,6138.1,34581341,2257368,0.685,1.163,5882,10868,14608,0.00962886,0,0,0.0706,0.1319,0.4409,0.0417,0.01096,1.1503,0.1173,-0.01966,0.29655,1.1758
3212,6140.0,34592243,2258027,0.752,1.147,5741,10902,14616,0.0096256,0,0,0.0732,0.147,0.4482,0.0832,0.01217,1.13466,0.10678,-0.01742,0.27089,1.1688
3213,6141.7,34603114,2258683,0.587,1.167,6198,10871,14589,0.00962233,0,0,0.0595,0.1006,0.3922,0.0344,0.01083,1.15583,0.12024,-0.01826,0.29954,1.17095
3214,6143.5,34613979,2259345,0.599,1.161,6175,10865,14576,0.00961907,0,0,0.0589,0.0997,0.3802,0.0599,0.01192,1.14772,0.11489,-0.02078,0.29346,1.14978
3215,6145.4,34624838,2260016,0.762,1.15,5680,10859,14599,0.00961581,0,0,0.0735,0.1454,0.4615,0.0812,0.01258,1.13676,0.10761,-0.02259,0.28314,1.18192
3216,6147.2,34635715,2260690,0.601,1.166,6154,10877,14593,0.00961255,0,0,0.0609,0.1059,0.401,0.0333,0.01055,1.1549,0.10279,-0.0202,0.26807,1.14878
3217,6148.9,34646547,2261357,0.602,1.158,6155,10832,14561,0.00960929,0,0,0.0583,0.0964,0.3887,0.0586,0.01101,1.14623,0.11529,-0.01903,0.2912,1.17418
3218,6150.7,34657417,2262023,0.584,1.149,6272,10870,14607,0.00960604,0,0,0.0593,0.1027,0.3915,0.0309,0.01193,1.136,0.11772,-0.01829,0.29461,1.17558
3219,6152.4,34668283,2262680,0.609,1.17,6108,10866,14592,0.00960277,0,0,0.0578,0.0963,0.3884,0.0667,0.01087,1.15829,0.11701,-0.01686,0.28967,1.14166
3220,6154.2,34679125,2263340,0.591,1.175,6138,10842,14591,0.00959952,0,0,0.061,0.1024,0.3929,0.0349,0.01122,1.16283,0.10731,-0.02152,0.27984,1.15513
3221,6156.0,34689933,2264017,0.627,1.17,6017,10808,14569,0.00959626,0,0,0.0605,0.1058,0.4024,0.0578,0.01113,1.15792,0.12138,-0.01514,0.29574,1.18337
3222,6157.8,34700793,2264689,0.619,1.185,6020,10860,14588,0.00959302,0,0,0.0597,0.1017,0.3921,0.0656,0.01141,1.17264,0.1177,-0.01849,0.29427,1.14034
3223,6159.6,34711639,2265367,0.573,1.169,6224,10846,14584,0.00958976,0,0,0.0584,0.0998,0.3812,0.0337,0.01131,1.15727,0.10869,-0.02086,0.28072,1.1276
3224,6161.3,34722488,2266020,0.588,1.173,6161,10849,14570,0.00958651,0,0,0.0572,0.097,0.3794,0.0543,0.01121,1.161,0.10443,-0.0214,0.27377,1.15339
3225,6163.1,34733345,2266682,0.57,1.183,6194,10857,14596,0.00958325,0,0,0.054,0.0929,0.3683,0.0546,0.01088,1.1713,0.11501,-0.0195,0.29112,1.15366
3226,6164.8,34744212,2267354,0.54,1.162,6387,10867,14619,0.00958,0,0,0.053,0.0896,0.3664,0.0307,0.01109,1.15003,0.1142,-0.01924,0.28845,1.126
3227,6166.5,34755049,2268017,0.535,1.177,6329,10837,14578,0.00957674,0,0,0.0473,0.0833,0.3557,0.0486,0.01089,1.16586,0.11197,-0.01904,0.28351,1.12232
3228,6168.2,34765838,2268680,0.535,1.176,6305,10789,14535,0.00957349,0,0,0.0463,0.0827,0.3562,0.0502,0.01153,1.16348,0.12233,-0.01953,0.30532,1.12887
3229,6169.9,34776655,2269344,0.52,1.143,6504,10817,14564,0.00957025,0,0,0.0478,0.086,0.355,0.0315,0.01067,1.13164,0.11432,-0.02168,0.29329,1.1127
3230,6171.6,34787447,2270001,0.546,1.164,6310,10792,14522,0.009567,0,0,0.0496,0.0866,0.3567,0.0536,0.01091,1.15232,0.1132,-0.01822,0.28417,1.115
3231,6173.2,34798245,2270670,0.502,1.149,6540,10798,14553,0.00956377,0,0,0.0468,0.0834,0.3439,0.0275,0.01057,1.13794,0.11568,-0.0223,0.2975,1.12574
3232,6175.0,34809063,2271348,0.593,1.154,6193,10818,14547,0.00956053,0,0,0.0545,0.0942,0.3756,0.0684,0.0106,1.1427,0.11371,-0.01758,0.284,1.12018
3233,6177.0,34819895,2272017,0.844,1.173,5372,10832,14564,0.00955728,0,0,0.0687,0.1355,0.4293,0.2102,0.01192,1.15865,0.11755,-0.01972,0.29568,1.10604
3234,6179.0,34830760,2272688,0.824,1.164,5468,10865,14600,0.00955403,0,0,0.0668,0.1729,0.4263,0.1575,0.01196,1.15061,0.11134,-0.02056,0.28537,1.12903
3235,6180.9,34841563,2273358,0.728,1.15,5755,10803,14516,0.00955077,0,0,0.0686,0.1328,0.4347,0.0914,0.01156,1.13723,0.11746,-0.02081,0.29821,1.13468
3236,6182.8,34852366,2274015,0.788,1.166,5531,10803,14548,0.00954753,0,0,0.0792,0.1758,0.4836,0.0489,0.01161,1.15297,0.11223,-0.0204,0.28719,1.14876
3237,6184.6,34863146,2274697,0.657,1.167,5910,10780,14516,0.00954429,0,0,0.0643,0.121,0.411,0.0604,0.01163,1.15506,0.12235,-0.01838,0.30313,1.13528
3238,6186.4,34873952,2275373,0.619,1.166,6053,10806,14548,0.00954106,0,0,0.0634,0.1113,0.4112,0.0336,0.01176,1.15308,0.11567,-0.02088,0.29532,1.16417
3239,6188.2,34884736,2276032,0.59,1.18,6095,10784,14500,0.00953781,0,0,0.0561,0.1001,0.3836,0.0499,0.0115,1.16725,0.11641,-0.02061,0.29533,1.11584
3240,6190.0,34895500,2276706,0.59,1.18,6080,10764,14474,0.00953458,0,0,0.0582,0.1023,0.3896,0.0401,0.01147,1.16802,0.11469,-0.01951,0.28936,1.09913
3241,6191.7,34906258,2277394,0.619,1.165,6030,10758,14482,0.00953135,0,0,0.0605,0.1079,0.4078,0.0425,0.01218,1.1526,0.12208,-0.0185,0.30244,1.11578
3242,6193.6,34916998,2278077,0.641,1.184,5884,10740,14485,0.00952812,0,0,0.0625,0.1081,0.4034,0.0671,0.01163,1.17177,0.11437,-0.01939,0.28929,1.14268
3243,6195.4,34927786,2278766,0.611,1.18,6023,10788,14511,0.0095249,0,0,0.0593,0.1011,0.3882,0.0623,0.01124,1.16837,0.12171,-0.02186,0.3082,1.10505
3244,6197.2,34938541,2279454,0.656,1.167,5899,10755,14480,0.00952166,0,0,0.0663,0.1227,0.4247,0.0425,0.01219,1.15411,0.1199,-0.01601,0.29278,1.10022
3245,6199.0,34949324,2280125,0.663,1.184,5837,10783,14517,0.00951844,0,0,0.0641,0.1144,0.4209,0.0636,0.0114,1.17227,0.12196,-0.0194,0.30385,1.10996
3246,6200.8,34960100,2280818,0.635,1.18,5939,10776,14499,0.0095152,0,0,0.0646,0.1189,0.409,0.0421,0.0119,1.16729,0.12584,-0.01684,0.30599,1.08349
3247,6202.7,34970883,2281489,0.644,1.164,5964,10783,14504,0.00951197,0,0,0.0621,0.1098,0.4054,0.0665,0.01131,1.15189,0.12282,-0.01766,0.30159,1.08405
3248,6204.5,34981636,2282173,0.62,1.187,5952,10753,14486,0.00950874,0,0,0.0616,0.1056,0.3929,0.0597,0.01082,1.17517,0.12551,-0.01779,0.30682,1.06388
3249,6206.4,34992397,2282876,0.741,1.182,5593,10761,14480,0.00950551,0,0,0.0756,0.15,0.4702,0.0456,0.0119,1.1698,0.12662,-0.0143,0.30254,1.08867
3250,6208.2,35003134,2283564,0.621,1.168,6001,10737,14457,0.00950228,0,0,0.0635,0.1072,0.3921,0.0581,0.0111,1.15642,0.11948,-0.01678,0.29357,1.10768
3251,6209.9,35013963,2284249,0.573,1.185,6159,10829,14501,0.00949906,0,0,0.058,0.0994,0.384,0.0319,0.01135,1.17283,0.11803,-0.01827,0.29258,1.05108
3252,6211.8,35024753,2284942,0.587,1.18,6108,10790,14454,0.00949581,0,0,0.0585,0.0971,0.3727,0.0582,0.01114,1.16826,0.13335,-0.01661,0.31954,1.03295
3253,6213.6,35035555,2285623,0.57,1.165,6225,10802,14451,0.00949257,0,0,0.0576,0.0976,0.382,0.0329,0.01084,1.15314,0.13494,-0.01807,0.32507,1.00276
3254,6215.4,35046312,2286310,0.635,1.188,5900,10757,14413,0.00948933,0,0,0.0616,0.11,0.4021,0.0612,0.01149,1.17627,0.13313,-0.0175,0.32011,0.99256
3255,6217.2,35057129,2287002,0.592,1.178,6113,10817,14460,0.00948611,0,0,0.0604,0.1022,0.395,0.034,0.01101,1.16598,0.12725,-0.01939,0.31251,1.01393
3256,6219.1,35067936,2287690,0.724,1.167,5714,10807,14470,0.00948286,0,0,0.0722,0.1325,0.4486,0.0711,0.01254,1.15347,0.12712,-0.01856,0.31071,1.0201
3257,6220.9,35078753,2288374,0.675,1.191,5795,10817,14474,0.00947962,0,0,0.0712,0.1271,0.4341,0.043,0.01223,1.17816,0.1383,-0.01873,0.33356,1.02885
3258,6222.8,35089520,2289048,0.658,1.183,5848,10767,14395,0.00947637,0,0,0.0661,0.1168,0.4131,0.0625,0.01161,1.1701,0.11109,-0.01951,0.28111,1.04998
3259,6224.6,35100274,2289722,0.656,1.167,5896,10754,14420,0.00947314,0,0,0.0685,0.1148,0.4014,0.0717,0.01182,1.15473,0.11853,-0.02095,0.29958,1.08835
3260,6226.4,35111062,2290417,0.629,1.187,5942,10788,14446,0.00946992,0,0,0.0672,0.1176,0.4104,0.0338,0.011,1.17451,0.11206,-0.02223,0.28833,1.04269
3261,6228.3,35121835,2291104,0.653,1.182,5872,10773,14428,0.00946668,0,0,0.0658,0.1153,0.4025,0.0694,0.01045,1.17013,0.1192,-0.01912,0.29644,1.04522
3262,6230.1,35132578,2291796,0.667,1.168,5857,10743,14392,0.00946345,0,0,0.0719,0.1289,0.427,0.0389,0.01291,1.15387,0.11849,-0.01905,0.29441,1.0209
3263,6232.0,35143338,2292480,0.698,1.186,5710,10760,14414,0.00946023,0,0,0.069,0.1242,0.4409,0.0638,0.01161,1.17402,0.12308,-0.01803,0.30176,1.03317
3264,6233.7,35154064,2293160,0.597,1.18,6037,10726,14384,0.009457,0,0,0.0604,0.1002,0.3778,0.0581,0.01167,1.16747,0.11097,-0.01712,0.2762,1.05928
3265,6235.5,35164810,2293847,0.602,1.168,6068,10746,14417,0.00945378,0,0,0.0611,0.1091,0.3989,0.0335,0.01125,1.15636,0.12842,-0.01401,0.30418,1.0217
3266,6237.3,35175531,2294517,0.615,1.188,5946,10721,14391,0.00945056,0,0,0.0615,0.1044,0.39,0.0595,0.01091,1.17604,0.12988,-0.01665,0.31266,1.03763
3267,6239.1,35186266,2295194,0.59,1.176,6080,10735,14371,0.00944734,0,0,0.059,0.099,0.3763,0.0554,0.0115,1.16371,0.12948,-0.01921,0.31714,1.04606
3268,6240.9,35197009,2295869,0.623,1.168,5999,10743,14379,0.00944412,0,0,0.0603,0.105,0.3964,0.0609,0.01173,1.15562,0.12666,-0.01749,0.30768,1.02553
3269,6242.7,35207762,2296557,0.594,1.188,6035,10753,14413,0.0094409,0,0,0.0605,0.1027,0.3938,0.0371,0.01164,1.17529,0.12112,-0.0134,0.28908,1.0606
3270,6244.4,35218508,2297221,0.599,1.176,6056,10746,14403,0.00943767,0,0,0.0585,0.0985,0.3824,0.0592,0.01145,1.16363,0.12585,-0.01975,0.3105,1.02284
3271,6246.2,35229270,2297903,0.59,1.174,6100,10762,14425,0.00943445,0,0,0.0604,0.1043,0.3906,0.0351,0.01064,1.16247,0.11704,-0.01737,0.28848,1.04204
3272,6248.0,35240034,2298572,0.635,1.188,5902,10764,14426,0.00943122,0,0,0.0631,0.1122,0.3992,0.0609,0.01161,1.17583,0.10892,-0.01639,0.2711,1.08635
3273,6249.8,35250814,2299247,0.601,1.185,6034,10780,14429,0.00942799,0,0,0.0617,0.1092,0.3977,0.0325,0.01112,1.17344,0.11919,-0.01556,0.28908,1.03764
3274,6251.6,35261595,2299921,0.629,1.178,5968,10781,14462,0.00942476,0,0,0.0615,0.102,0.3997,0.0654,0.01124,1.16564,0.11279,-0.01748,0.27983,1.02349
3275,6253.5,35272354,2300588,0.652,1.19,5840,10759,14420,0.00942152,0,0,0.0693,0.1277,0.4165,0.039,0.01168,1.17704,0.10907,-0.01555,0.2686,1.02785
3276,6255.3,35283173,2301260,0.659,1.172,5906,10819,14475,0.00941829,0,0,0.0647,0.1163,0.4073,0.0712,0.01118,1.16043,0.12189,-0.01356,0.29085,1.05851
3277,6257.1,35294000,2301925,0.628,1.178,5997,10827,14487,0.00941505,0,0,0.065,0.1138,0.4074,0.0413,0.01123,1.16604,0.11904,-0.01557,0.28932,1.06675
3278,6259.0,35304812,2302594,0.685,1.187,5776,10812,14475,0.0094118,0,0,0.0673,0.1279,0.4173,0.072,0.01117,1.17537,0.12429,-0.01736,0.30329,1.06236
3279,6260.8,35315607,2303262,0.666,1.17,5879,10795,14472,0.00940856,0,0,0.0681,0.1286,0.426,0.0432,0.01118,1.15827,0.12338,-0.01504,0.29694,1.06705
3280,6262.7,35326472,2303915,0.718,1.176,5736,10865,14548,0.00940532,0,0,0.07,0.1365,0.4419,0.0701,0.01213,1.16274,0.11305,-0.0214,0.28942,1.09113
3281,6264.6,35337305,2304583,0.714,1.187,5697,10833,14522,0.00940206,0,0,0.0726,0.1363,0.4432,0.0621,0.01131,1.17503,0.10541,-0.02326,0.27819,1.109
3282,6266.4,35348135,2305236,0.621,1.176,6029,10830,14516,0.00939881,0,0,0.0608,0.1065,0.3905,0.0627,0.01042,1.16448,0.10551,-0.02229,0.27619,1.09526
3283,6268.3,35358990,2305911,0.679,1.177,5849,10855,14537,0.00939556,0,0,0.0701,0.1331,0.434,0.0413,0.01188,1.16399,0.10863,-0.01862,0.27489,1.08521
3284,6270.2,35369831,2306574,0.724,1.192,5658,10841,14538,0.0093923,0,0,0.0735,0.1381,0.4474,0.0647,0.01159,1.17981,0.0965,-0.01993,0.25347,1.09739
3285,6272.1,35380679,2307233,0.731,1.182,5671,10848,14535,0.00938905,0,0,0.0747,0.1385,0.4433,0.074,0.01235,1.16888,0.10377,-0.01963,0.26766,1.11216
3286,6274.0,35391517,2307906,0.773,1.166,5589,10838,14543,0.0093858,0,0,0.0761,0.1627,0.4561,0.0784,0.01182,1.15297,0.09423,-0.01836,0.24582,1.09988
3287,6276.0,35402376,2308566,0.738,1.192,5626,10859,14554,0.00938254,0,0,0.077,0.1485,0.4555,0.0568,0.01207,1.17921,0.09971,-0.01799,0.25564,1.07877
3288,6277.9,35413257,2309239,0.756,1.19,5590,10881,14567,0.00937929,0,0,0.0755,0.1587,0.4615,0.0605,0.01196,1.17703,0.09491,-0.01803,0.24647,1.09726
3289,6279.8,35424109,2309914,0.748,1.17,5658,10852,14524,0.00937602,0,0,0.0763,0.1498,0.4546,0.0672,0.01175,1.15681,0.09756,-0.01794,0.25135,1.08544
3290,6281.7,35434926,2310565,0.729,1.18,5664,10817,14514,0.00937277,0,0,0.0742,0.1501,0.4562,0.049,0.01138,1.16793,0.10615,-0.0177,0.26773,1.06849
3291,6283.7,35445808,2311229,0.744,1.19,5629,10882,14573,0.00936952,0,0,0.0757,0.1419,0.4512,0.0748,0.01174,1.17691,0.11463,-0.01903,0.28721,1.0617
3292,6285.6,35456641,2311902,0.735,1.181,5656,10833,14530,0.00936626,0,0,0.0718,0.1329,0.4431,0.0867,0.01459,1.16484,0.10104,-0.01647,0.25523,1.07835
3293,6287.6,35467531,2312555,0.802,1.171,5520,10890,14586,0.00936301,0,0,0.0715,0.1339,0.44,0.1566,0.01267,1.15726,0.10267,-0.01572,0.25689,1.0738
3294,6289.5,35478386,2313202,0.715,1.187,5708,10855,14529,0.00935974,0,0,0.0689,0.154,0.4222,0.0694,0.01168,1.17474,0.10407,-0.01512,0.25831,1.06409
3295,6291.3,35489268,2313846,0.657,1.18,5923,10882,14558,0.00935648,0,0,0.0671,0.1204,0.4183,0.0509,0.01169,1.16771,0.0983,-0.01599,0.24811,1.04419
3296,6293.2,35500134,2314511,0.713,1.169,5775,10866,14558,0.00935322,0,0,0.0695,0.1311,0.4491,0.0629,0.01217,1.1557,0.09201,-0.01451,0.23273,1.05258
3297,6295.1,35511038,2315165,0.733,1.191,5665,10904,14572,0.00934996,0,0,0.0724,0.1397,0.4397,0.0816,0.01173,1.17872,0.09374,-0.0146,0.23671,1.07193
3298,6297.1,35521942,2315819,0.78,1.191,5532,10904,14578,0.00934669,0,0,0.0791,0.1675,0.4715,0.0617,0.01272,1.1774,0.11235,-0.01461,0.27354,1.05029
3299,6299.1,35532754,2316481,0.825,1.171,5417,10812,14519,0.00934342,0,0,0.0803,0.1682,0.489,0.0874,0.01352,1.1566,0.10077,-0.01716,0.25559,1.05494
3300,6301.1,35543627,2317138,0.861,1.178,5332,10873,14567,0.00934017,0,0,0.091,0.1675,0.5226,0.08,0.01242,1.1647,0.10833,-0.01873,0.27422,1.07584
3301,6303.2,35554542,2317800,0.86,1.193,5316,10915,14597,0.00933691,0,0,0.0791,0.1782,0.5051,0.0976,0.01224,1.1796,0.10235,-0.0135,0.2515,1.06089
3302,6305.4,35565513,2318468,0.788,1.193,5539,10971,14661,0.00933364,0,0,0.0787,0.159,0.4622,0.0882,0.01228,1.17942,0.10286,-0.019,0.26347,1.05826
3303,6307.5,35576409,2319119,0.909,1.174,5230,10896,14590,0.00933035,0,0,0.0802,0.2054,0.52,0.1039,0.01197,1.16089,0.10593,-0.01706,0.26545,1.04243
3304,6309.6,35587329,2319777,0.983,1.171,5069,10920,14617,0.00932708,0,0,0.0886,0.2199,0.5692,0.1052,0.01205,1.1582,0.10911,-0.01551,0.26931,1.07568
3305,6311.8,35598261,2320422,0.956,1.19,5095,10932,14614,0.0093238,0,0,0.0803,0.2026,0.5555,0.1177,0.01184,1.17672,0.11167,-0.01893,0.28074,1.0482
3306,6313.8,35609219,2321091,0.807,1.205,5447,10958,14669,0.00932052,0,0,0.0812,0.1754,0.4975,0.0526,0.02375,1.18033,0.11262,-0.01901,0.28245,1.02875
3307,6315.8,35620108,2321732,0.839,1.175,5407,10889,14586,0.00931723,0,0,0.0833,0.1701,0.4986,0.087,0.01205,1.1619,0.1108,-0.01646,0.274,1.04581
3308,6317.8,35631026,2322394,0.799,1.176,5527,10918,14619,0.00931397,0,0,0.0816,0.1605,0.4859,0.0715,0.01191,1.16282,0.12009,-0.0183,0.29631,1.04793
3309,6319.8,35641947,2323031,0.822,1.193,5419,10921,14603,0.00931069,0,0,0.0783,0.1718,0.4921,0.0796,0.01294,1.17904,0.11162,-0.01805,0.27906,1.05866
3310,6321.9,35652880,2323685,0.93,1.194,5146,10933,14627,0.00930742,0,0,0.0816,0.1739,0.5634,0.1115,0.01404,1.17858,0.10305,-0.01905,0.26329,1.02505
3311,6323.9,35663862,2324324,0.858,1.175,5402,10982,14668,0.00930414,0,0,0.0818,0.182,0.5213,0.0729,0.01168,1.16234,0.11131,-0.01874,0.27972,1.05442
3312,6325.9,35674744,2324958,0.803,1.177,5496,10882,14589,0.00930084,0,0,0.0832,0.181,0.489,0.0497,0.01184,1.16427,0.11275,-0.0195,0.28399,1.04807
3313,6328.0,35685695,2325598,0.893,1.193,5250,10951,14621,0.00929758,0,0,0.0803,0.1806,0.5202,0.112,0.01197,1.1797,0.11565,-0.01895,0.28815,1.01933
3314,6330.1,35696693,2326248,0.918,1.193,5210,10998,14707,0.00929429,0,0,0.0809,0.203,0.5352,0.0986,0.01185,1.18044,0.12694,-0.0206,0.31385,1.01044
3315,6332.0,35707645,2326894,0.765,1.166,5670,10952,14655,0.00929099,0,0,0.0802,0.1663,0.4775,0.0414,0.0112,1.15391,0.12071,-0.01732,0.29512,1.02595
3316,6334.0,35718616,2327545,0.746,1.179,5700,10971,14658,0.00928771,0,0,0.0774,0.1506,0.4491,0.0686,0.01169,1.16609,0.12463,-0.01337,0.29451,0.99655
3317,6335.9,35729597,2328179,0.693,1.195,5816,10981,14689,0.00928442,0,0,0.0734,0.1404,0.4389,0.0406,0.01171,1.18194,0.12302,-0.01723,0.29921,1.00817
3318,6337.9,35740568,2328805,0.835,1.184,5432,10971,14648,0.00928112,0,0,0.0816,0.1823,0.5028,0.0687,0.01445,1.16877,0.11661,-0.01908,0.29017,1.01196
3319,6339.9,35751563,2329440,0.887,1.168,5350,10995,14699,0.00927783,0,0,0.08,0.1756,0.5364,0.0949,0.01373,1.15332,0.12631,-0.01684,0.30537,1.02786
3320,6342.0,35762502,2330066,0.93,1.187,5168,10939,14637,0.00927453,0,0,0.0813,0.1894,0.5462,0.1127,0.01496,1.17097,0.13695,-0.01957,0.33122,0.98031
3321,6344.0,35773466,2330687,0.79,1.192,5532,10964,14657,0.00927125,0,0,0.0848,0.1724,0.4888,0.044,0.01134,1.17957,0.11753,-0.01878,0.29109,0.99637
3322,6346.0,35784443,2331331,0.831,1.175,5473,10977,14687,0.00926796,0,0,0.0839,0.1632,0.483,0.1006,0.0117,1.16218,0.11552,-0.01743,0.28448,1.00218
3323,6348.0,35795410,2331951,0.776,1.173,5625,10967,14643,0.00926467,0,0,0.0792,0.1685,0.4784,0.0502,0.01382,1.15803,0.11675,-0.01767,0.28721,0.99126
3324,6350.1,35806349,2332590,0.879,1.192,5283,10939,14629,0.00926138,0,0,0.0806,0.1862,0.5206,0.0918,0.01118,1.17904,0.11633,-0.01981,0.29117,1.01892
3325,6352.3,35817287,2333218,1.007,1.216,4921,10938,14641,0.0092581,0,0,0.0837,0.2043,0.531,0.1878,0.01308,1.18955,0.11543,-0.01925,0.28839,1.02762
3326,6354.6,35828271,2333846,1.133,1.189,4732,10984,14674,0.00925481,0,0,0.0827,0.285,0.641,0.1239,0.01293,1.17463,0.11717,-0.01698,0.28703,1.01188
3327,6356.9,35839226,2334489,1.094,1.177,4823,10955,14655,0.00925152,0,0,0.0876,0.2583,0.6249,0.1236,0.01436,1.16165,0.11482,-0.01573,0.27994,1.01854
3328,6359.0,35850206,2335132,0.92,1.178,5235,10980,14699,0.00924823,0,0,0.0821,0.1782,0.5316,0.1277,0.01699,1.15991,0.11002,-0.01543,0.26894,0.97529
3329,6361.0,35861160,2335754,0.88,1.191,5290,10954,14637,0.00924494,0,0,0.0776,0.1785,0.5202,0.1037,0.01205,1.1774,0.10725,-0.01792,0.26845,0.98053
3330,6363.3,35872137,2336391,1.074,1.195,4838,10977,14651,0.00924165,0,0,0.0837,0.2662,0.5844,0.1398,0.01242,1.18148,0.1071,-0.01638,0.26514,0.98344
3331,6365.6,35883133,2337010,1.096,1.185,4821,10996,14695,0.00923836,0,0,0.0806,0.3102,0.5915,0.1142,0.01227,1.17123,0.11238,-0.01579,0.27414,0.96428
3332,6367.8,35894050,2337636,1.087,1.172,4833,10917,14611,0.00923506,0,0,0.0814,0.2484,0.5962,0.1607,0.01235,1.1588,0.11411,-0.01499,0.27653,0.99275
3333,6370.1,35904985,2338260,1.083,1.166,4861,10935,14612,0.00923179,0,0,0.0821,0.2301,0.6281,0.1428,0.01209,1.15312,0.12036,-0.01826,0.29557,0.99236
3334,6372.3,35915932,2338896,1.012,1.183,4987,10947,14642,0.0092285,0,0,0.0814,0.2781,0.5389,0.114,0.01137,1.17044,0.10914,-0.0204,0.27713,0.97789
3335,6374.5,35926859,2339544,1.043,1.193,4889,10927,14621,0.00922522,0,0,0.0867,0.2356,0.5805,0.1398,0.01184,1.1796,0.123,-0.01821,0.30076,0.99365
3336,6376.7,35937812,2340178,0.988,1.198,5009,10953,14646,0.00922194,0,0,0.0813,0.2541,0.5543,0.0987,0.01119,1.18621,0.12944,-0.01908,0.3156,1.0062
3337,6378.8,35948744,2340809,0.948,1.174,5151,10932,14624,0.00921866,0,0,0.0847,0.2118,0.5512,0.1004,0.01453,1.15853,0.10483,-0.02278,0.27364,0.9986
3338,6380.8,35959670,2341436,0.75,1.179,5665,10926,14616,0.00921538,0,0,0.0829,0.155,0.4703,0.042,0.01313,1.16469,0.11506,-0.02085,0.29034,1.00492
3339,6382.8,35970604,2342074,0.886,1.191,5265,10934,14640,0.0092121,0,0,0.0824,0.196,0.501,0.1063,0.01166,1.17807,0.1156,-0.01984,0.2897,1.02147
3340,6384.8,35981573,2342697,0.727,1.184,5741,10969,14645,0.00920882,0,0,0.0766,0.1531,0.4508,0.0463,0.01221,1.17059,0.12297,-0.01887,0.30197,0.99343
3341,6386.8,35992512,2343334,0.847,1.17,5425,10939,14619,0.00920553,0,0,0.0798,0.1675,0.492,0.1074,0.0119,1.15684,0.11707,-0.01743,0.28776,1.01845
3342,6389.0,36003475,2343955,1.014,1.179,4997,10963,14635,0.00920225,0,0,0.079,0.2394,0.5825,0.1136,0.01243,1.16597,0.11446,-0.01904,0.28529,0.99365
3343,6391.2,36014444,2344577,1.0,1.197,4993,10969,14653,0.00919896,0,0,0.0805,0.2408,0.5719,0.1065,0.01811,1.17794,0.10995,-0.01699,0.27244,1.00896
3344,6393.3,36025447,2345217,0.985,1.195,5047,11003,14710,0.00919567,0,0,0.0795,0.2331,0.5584,0.1143,0.01153,1.18167,0.11717,-0.01879,0.29055,1.01311
3345,6395.6,36036381,2345863,1.111,1.189,4755,10934,14639,0.00919237,0,0,0.0895,0.2392,0.6608,0.1216,0.01474,1.17203,0.10838,-0.0197,0.27472,1.0103
3346,6397.9,36047344,2346500,1.063,1.172,4907,10963,14655,0.00918909,0,0,0.0829,0.2599,0.544,0.1759,0.01175,1.15868,0.12384,-0.0168,0.29966,1.0002
3347,6400.1,36058310,2347133,1.087,1.177,4843,10966,14647,0.0091858,0,0,0.0819,0.2296,0.6316,0.144,0.01625,1.16014,0.10897,-0.02034,0.27698,0.99842
3348,6402.3,36069235,2347765,0.985,1.196,5009,10925,14619,0.00918251,0,0,0.0799,0.221,0.5632,0.1208,0.01202,1.18322,0.10759,-0.02166,0.27729,1.02419
3349,6404.6,36080151,2348398,1.113,1.2,4718,10916,14588,0.00917923,0,0,0.089,0.2769,0.6575,0.0899,0.01628,1.1831,0.13635,-0.02185,0.33469,0.99584
3350,6406.8,36091060,2349035,0.966,1.196,5044,10909,14597,0.00917595,0,0,0.0832,0.1906,0.5743,0.1182,0.01807,1.17685,0.11101,-0.01983,0.2802,1.00985
3351,6409.0,36102055,2349670,0.998,1.172,5067,10995,14701,0.00917268,0,0,0.0829,0.2243,0.5273,0.163,0.01221,1.15887,0.12479,-0.01887,0.30606,1.02069
3352,6411.4,36113006,2350307,1.053,1.174,4917,10951,14659,0.00916938,0,0,0.0823,0.2434,0.6108,0.1167,0.01255,1.16043,0.10942,-0.01726,0.2724,1.03836
3353,6413.7,36123981,2350947,1.101,1.183,4806,10975,14673,0.0091661,0,0,0.0839,0.2864,0.6249,0.1054,0.01358,1.16791,0.12731,-0.01859,0.31069,1.03037
3354,6416.1,36134912,2351579,1.223,1.19,4530,10931,14629,0.00916281,0,0,0.0855,0.3276,0.6407,0.1688,0.01143,1.17727,0.10508,-0.0161,0.26153,1.04508
3355,6418.4,36145870,2352214,1.1,1.196,4773,10958,14652,0.00915953,0,0,0.1005,0.261,0.577,0.161,0.01176,1.18238,0.11808,-0.01678,0.28885,1.04481
3356,6420.6,36156851,2352854,0.99,1.204,5004,10981,14702,0.00915624,0,0,0.0903,0.1933,0.5707,0.136,0.01219,1.19056,0.10882,-0.01537,0.2676,1.04873
3357,6423.0,36167764,2353488,1.162,1.18,4660,10913,14627,0.00915294,0,0,0.0865,0.3021,0.6597,0.1139,0.01326,1.16556,0.11433,-0.02018,0.28846,1.06221
3358,6425.1,36178694,2354111,0.954,1.168,5151,10930,14634,0.00914967,0,0,0.083,0.1922,0.5798,0.0987,0.01204,1.15496,0.12024,-0.02037,0.29997,1.02498
3359,6427.3,36189630,2354764,0.997,1.185,5014,10936,14658,0.00914639,0,0,0.0874,0.2307,0.5486,0.13,0.01171,1.17178,0.11613,-0.02041,0.29221,1.04588
3360,6429.7,36200539,2355407,1.222,1.204,4497,10909,14596,0.00914311,0,0,0.0849,0.3594,0.6625,0.1151,0.0208,1.18206,0.12399,-0.01801,0.30285,1.03136
3361,6432.1,36211485,2356037,1.232,1.198,4505,10946,14629,0.00913984,0,0,0.0886,0.3249,0.6628,0.1553,0.0125,1.18376,0.1287,-0.01835,0.31275,1.02037
3362,6434.4,36222373,2356688,1.08,1.193,4792,10888,14592,0.00913655,0,0,0.0847,0.2866,0.5709,0.1375,0.01209,1.17944,0.11908,-0.02094,0.29922,1.04946
3363,6436.6,36233279,2357333,1.021,1.185,4943,10906,14616,0.00913329,0,0,0.0833,0.2507,0.5503,0.1369,0.01193,1.17214,0.13508,-0.01897,0.32702,1.03593
3364,6438.9,36244172,2357962,1.146,1.168,4707,10893,14572,0.00913002,0,0,0.0845,0.2815,0.6465,0.1339,0.01255,1.15406,0.11824,-0.01844,0.29237,1.04164
3365,6441.2,36255050,2358610,1.114,1.181,4739,10878,14558,0.00912675,0,0,0.0852,0.3049,0.5866,0.1375,0.01233,1.16783,0.13487,-0.01751,0.32332,1.01666
3366,6443.4,36265933,2359256,0.977,1.193,5017,10883,14558,0.00912349,0,0,0.0843,0.2001,0.5764,0.1158,0.01145,1.17994,0.12743,-0.01908,0.31178,1.02779
3367,6445.4,36276820,2359901,0.836,1.191,5371,10887,14571,0.00912022,0,0,0.0814,0.178,0.4928,0.0841,0.01197,1.17786,0.11833,-0.01923,0.29377,1.02316
3368,6447.4,36287644,2360553,0.864,1.171,5318,10824,14499,0.00911695,0,0,0.082,0.1838,0.5043,0.0938,0.01249,1.15783,0.13299,-0.02156,0.32719,0.9918
3369,6449.6,36298496,2361214,0.976,1.176,5044,10852,14522,0.00911371,0,0,0.0836,0.209,0.5746,0.1087,0.01324,1.16139,0.13165,-0.0186,0.31865,0.99578
3370,6451.8,36309359,2361869,1.014,1.192,4924,10863,14561,0.00911045,0,0,0.0821,0.2391,0.5752,0.1174,0.01341,1.17787,0.12822,-0.01935,0.31373,1.02059
3371,6454.0,36320247,2362517,0.968,1.197,5029,10888,14603,0.00910719,0,0,0.0815,0.2067,0.5654,0.1142,0.01489,1.18131,0.1213,-0.02044,0.30239,1.0379
3372,6456.1,36331098,2363162,0.948,1.184,5089,10851,14552,0.00910393,0,0,0.0794,0.2113,0.5367,0.1208,0.0121,1.17102,0.12267,-0.01963,0.30373,1.05125
3373,6458.3,36342003,2363812,1.077,1.172,4848,10905,14588,0.00910067,0,0,0.0821,0.2651,0.5924,0.1376,0.01225,1.15881,0.11438,-0.01988,0.28786,1.06249
3374,6460.6,36352872,2364460,1.032,1.178,4918,10869,14553,0.0090974,0,0,0.0826,0.2394,0.5507,0.1595,0.01334,1.16357,0.11717,-0.01956,0.29244,1.04364
3375,6462.7,36363762,2365114,0.991,1.196,4979,10890,14571,0.00909414,0,0,0.08,0.2148,0.5949,0.1016,0.01275,1.182,0.1248,-0.01548,0.29952,1.04198
3376,6465.0,36374707,2365763,1.025,1.195,4931,10945,14628,0.00909087,0,0,0.0816,0.2046,0.6078,0.1308,0.01153,1.18127,0.12135,-0.01674,0.29466,1.01647
3377,6467.1,36385634,2366414,0.974,1.185,5060,10927,14621,0.00908759,0,0,0.0821,0.2013,0.5742,0.1168,0.01227,1.17128,0.12406,-0.01824,0.30341,1.03514
3378,6469.2,36396539,2367072,0.923,1.169,5212,10905,14612,0.00908431,0,0,0.0857,0.1986,0.526,0.1125,0.01255,1.15588,0.1171,-0.01586,0.28429,1.01042
3379,6471.2,36407452,2367733,0.847,1.184,5371,10913,14619,0.00908104,0,0,0.0841,0.1899,0.4933,0.0801,0.01207,1.17048,0.12724,-0.01751,0.30824,1.03159
3380,6473.2,36418375,2368382,0.798,1.193,5486,10923,14603,0.00907776,0,0,0.0811,0.1705,0.4695,0.0771,0.01243,1.17906,0.13033,-0.01472,0.30883,1.03132
3381,6475.3,36429270,2369013,0.902,1.185,5221,10895,14572,0.00907449,0,0,0.0815,0.1807,0.5357,0.1036,0.01221,1.17177,0.11697,-0.01924,0.29086,1.01604
3382,6477.4,36440145,2369682,0.873,1.168,5329,10875,14562,0.00907122,0,0,0.0822,0.183,0.5107,0.0971,0.01192,1.15431,0.11837,-0.01849,0.29257,1.03854
3383,6479.6,36451046,2370328,0.989,1.194,4994,10901,14577,0.00906796,0,0,0.0861,0.2097,0.5153,0.1782,0.01203,1.17922,0.11976,-0.01856,0.29519,1.0228
3384,6481.8,36461985,2370989,1.061,1.199,4840,10939,14615,0.00906469,0,0,0.0873,0.2499,0.5427,0.181,0.0142,1.18308,0.10884,-0.01829,0.27314,1.04129
3385,6484.1,36472837,2371653,1.142,1.195,4644,10852,14532,0.0090614,0,0,0.0881,0.3169,0.5693,0.1676,0.01326,1.18022,0.12141,-0.01647,0.29412,1.0136
3386,6486.5,36483752,2372329,1.202,1.195,4553,10915,14606,0.00905815,0,0,0.0852,0.3228,0.6556,0.1384,0.01521,1.17916,0.12037,-0.02062,0.30061,1.02762
3387,6488.9,36494651,2372987,1.129,1.184,4714,10899,14581,0.00905487,0,0,0.0832,0.2635,0.6147,0.1672,0.01362,1.16884,0.12464,-0.01965,0.30752,1.04614
3388,6491.0,36505552,2373658,0.96,1.171,5115,10901,14584,0.0090516,0,0,0.0841,0.196,0.5724,0.1072,0.01282,1.15726,0.13784,-0.01715,0.32817,1.00562
3389,6493.1,36516410,2374316,0.881,1.188,5249,10858,14522,0.00904833,0,0,0.0833,0.1889,0.5137,0.0951,0.01245,1.1739,0.1362,-0.01876,0.32841,1.02211
3390,6495.2,36527315,2374974,0.928,1.194,5137,10905,14585,0.00904508,0,0,0.0832,0.2183,0.5274,0.0995,0.01167,1.18172,0.12759,-0.01793,0.3097,1.03195
3391,6497.1,36538219,2375624,0.718,1.18,5744,10904,14588,0.00904181,0,0,0.0781,0.1478,0.4508,0.0418,0.01213,1.16699,0.12395,-0.01912,0.30486,1.03513
3392,6499.0,36549151,2376280,0.739,1.177,5703,10932,14612,0.00903853,0,0,0.0729,0.1468,0.4392,0.0803,0.01193,1.16465,0.12063,-0.01927,0.29791,1.00222
3393,6500.9,36560039,2376931,0.733,1.193,5653,10888,14558,0.00903525,0,0,0.0797,0.1584,0.4498,0.045,0.01357,1.17838,0.11959,-0.01843,0.29389,0.98721
3394,6502.9,36570937,2377601,0.801,1.19,5475,10898,14580,0.00903199,0,0,0.0787,0.1648,0.4642,0.0929,0.01297,1.17537,0.10599,-0.01841,0.26697,1.0055
3395,6504.9,36581843,2378242,0.846,1.173,5401,10906,14598,0.00902872,0,0,0.083,0.1978,0.5006,0.0643,0.0128,1.15955,0.11866,-0.01861,0.29262,1.00142
3396,6507.0,36592793,2378891,0.854,1.182,5380,10950,14621,0.00902545,0,0,0.0825,0.1714,0.5123,0.0874,0.01229,1.16816,0.11732,-0.01533,0.28295,0.97816
3397,6509.0,36603706,2379553,0.833,1.199,5371,10913,14602,0.00902216,0,0,0.0806,0.179,0.5023,0.0711,0.01372,1.18421,0.11519,-0.01716,0.28253,0.98872
3398,6511.4,36614614,2380202,1.153,1.194,4647,10908,14619,0.00901889,0,0,0.0862,0.3289,0.624,0.1143,0.01353,1.17893,0.11845,-0.0164,0.2879,1.01009
3399,6513.4,36625521,2380858,0.918,1.176,5210,10907,14605,0.00901562,0,0,0.0828,0.2196,0.5259,0.0896,0.01312,1.16115,0.12393,-0.01268,0.29139,1.00677
3400,6515.5,36636436,2381508,0.832,1.178,5429,10915,14593,0.00901234,0,0,0.0823,0.1802,0.5157,0.0541,0.01248,1.16453,0.12283,-0.01713,0.29763,0.98194
3401,6518.1,36647311,2382179,0.851,1.18,5356,10875,14547,0.00900907,0,0,0.0805,0.1793,0.4911,0.0996,0.01233,1.16646,0.11742,-0.0156,0.28402,0.99829
3402,6520.4,36658212,2382817,0.843,1.195,5349,10901,14583,0.00900581,0,0,0.0833,0.1814,0.4858,0.0927,0.01267,1.18094,0.11771,-0.01843,0.29027,0.99874
3403,6522.3,36669109,2383476,0.76,1.194,5575,10897,14570,0.00900254,0,0,0.0794,0.1595,0.4734,0.0479,0.01314,1.18021,0.12144,-0.01752,0.29571,0.98886
3404,6524.3,36680023,2384130,0.83,1.174,5445,10914,14559,0.00899927,0,0,0.0844,0.1647,0.4964,0.0848,0.01237,1.16051,0.11657,-0.01525,0.28174,1.00677
3405,6526.3,36690953,2384793,0.788,1.18,5554,10930,14608,0.00899599,0,0,0.0822,0.1583,0.4805,0.0674,0.01202,1.16676,0.11274,-0.01678,0.277,0.99842
3406,6528.3,36701856,2385456,0.759,1.194,5583,10903,14585,0.00899271,0,0,0.0802,0.1618,0.4706,0.0464,0.01181,1.18087,0.11223,-0.01554,0.27339,0.99236
3407,6530.3,36712762,2386100,0.854,1.186,5346,10906,14596,0.00898944,0,0,0.0819,0.1793,0.4886,0.1041,0.01222,1.17294,0.11472,-0.01495,0.27706,0.985
3408,6532.3,36723650,2386754,0.865,1.172,5346,10888,14589,0.00898617,0,0,0.0816,0.2006,0.4904,0.0922,0.01358,1.15715,0.10732,-0.01659,0.26549,0.98331
3409,6534.3,36734517,2387439,0.814,1.187,5430,10867,14544,0.00898291,0,0,0.0795,0.1773,0.4886,0.0688,0.01247,1.17394,0.11278,-0.01696,0.27706,0.97856
3410,6536.3,36745387,2388086,0.811,1.194,5421,10870,14546,0.00897964,0,0,0.0818,0.1664,0.4778,0.0851,0.01197,1.18116,0.11065,-0.01601,0.27123,0.99792
3411,6538.3,36756293,2388755,0.805,1.179,5495,10906,14606,0.00897638,0,0,0.0786,0.1633,0.474,0.0894,0.01266,1.16519,0.1112,-0.01923,0.27835,0.97372
3412,6540.3,36767161,2389409,0.757,1.173,5629,10868,14545,0.00897311,0,0,0.0786,0.1572,0.4717,0.05,0.0134,1.15906,0.10285,-0.01584,0.25502,0.98299
3413,6542.3,36778028,2390071,0.804,1.196,5432,10867,14548,0.00896985,0,0,0.0819,0.1658,0.4864,0.0704,0.01312,1.18195,0.104,-0.01695,0.25949,0.98026
3414,6544.2,36788896,2390717,0.774,1.195,5518,10868,14554,0.00896659,0,0,0.0763,0.1483,0.4623,0.0876,0.01435,1.17996,0.11464,-0.01572,0.27815,0.9708
3415,6546.2,36799717,2391372,0.829,1.172,5406,10821,14498,0.00896333,0,0,0.0783,0.166,0.488,0.097,0.01319,1.15785,0.12343,-0.01736,0.29868,0.95457
3416,6548.3,36810546,2392037,0.902,1.181,5200,10829,14511,0.00896008,0,0,0.0828,0.1975,0.5211,0.1002,0.01234,1.16697,0.11106,-0.01537,0.27033,0.97569
3417,6550.5,36821393,2392697,0.957,1.193,5046,10847,14529,0.00895684,0,0,0.0843,0.2096,0.5273,0.1354,0.01305,1.17868,0.1116,-0.01644,0.27306,0.94859
3418,6552.6,36832278,2393362,0.942,1.202,5075,10885,14568,0.00895358,0,0,0.0817,0.2059,0.5283,0.1263,0.01612,1.18431,0.12136,-0.00893,0.27824,0.98555
3419,6554.7,36843149,2394015,0.886,1.178,5269,10871,14553,0.00895032,0,0,0.0819,0.1793,0.5248,0.0997,0.01246,1.16402,0.10989,-0.0174,0.27214,0.98135
3420,6556.6,36854046,2394684,0.782,1.182,5550,10897,14588,0.00894706,0,0,0.078,0.1653,0.4771,0.0612,0.01312,1.16746,0.12005,-0.01413,0.28612,0.99281
3421,6558.6,36864925,2395325,0.774,1.193,5530,10879,14571,0.00894379,0,0,0.0754,0.1477,0.4622,0.0888,0.01265,1.17955,0.11871,-0.01429,0.28388,1.00085
3422,6560.5,36875813,2396002,0.681,1.185,5834,10888,14586,0.00894052,0,0,0.0713,0.1337,0.4354,0.0407,0.01146,1.17255,0.11775,-0.0185,0.28988,0.97117
3423,6562.4,36886675,2396665,0.747,1.149,5730,10862,14559,0.00893726,0,0,0.0727,0.1423,0.4527,0.0791,0.01122,1.13665,0.10403,-0.01785,0.26136,0.98415
3424,6564.2,36897576,2397330,0.629,1.169,6063,10901,14598,0.008934,0,0,0.0672,0.1159,0.4093,0.0362,0.01106,1.15756,0.12577,-0.01717,0.30303,0.96049
3425,6566.0,36908436,2398000,0.659,1.168,5945,10860,14556,0.00893073,0,0,0.0663,0.1179,0.4153,0.0599,0.01249,1.15398,0.12037,-0.01621,0.2903,0.95989
3426,6567.9,36919327,2398654,0.738,1.151,5766,10891,14587,0.00892747,0,0,0.0771,0.148,0.4598,0.0534,0.01171,1.13805,0.11245,-0.01394,0.27029,0.98025
3427,6569.7,36930251,2399317,0.681,1.165,5917,10924,14586,0.0089242,0,0,0.0688,0.1247,0.425,0.0627,0.01021,1.15398,0.12501,-0.01533,0.29816,0.98021
3428,6571.5,36941152,2399977,0.634,1.168,6049,10901,14575,0.00892092,0,0,0.0637,0.1267,0.4019,0.0413,0.01104,1.15662,0.1272,-0.01677,0.30509,0.96105
3429,6573.4,36952009,2400637,0.688,1.147,5917,10857,14546,0.00891765,0,0,0.0667,0.1256,0.4287,0.0666,0.01166,1.13449,0.12009,-0.01221,0.28185,0.96659
3430,6575.2,36962913,2401299,0.676,1.164,5927,10904,14605,0.0089144,0,0,0.067,0.1249,0.4294,0.0547,0.01096,1.15209,0.11799,-0.01527,0.28388,0.97358
3431,6577.0,36973797,2401964,0.636,1.172,6019,10884,14588,0.00891113,0,0,0.0643,0.1138,0.3998,0.0584,0.0116,1.15953,0.11187,-0.01596,0.27348,0.99978
3432,6578.9,36984680,2402629,0.701,1.16,5850,10883,14567,0.00890786,0,0,0.0668,0.1257,0.4292,0.079,0.012,1.14692,0.12786,-0.01502,0.30275,0.95379
3433,6580.8,36995575,2403277,0.735,1.173,5710,10895,14600,0.0089046,0,0,0.0741,0.1541,0.4515,0.0557,0.01273,1.15879,0.11801,-0.01706,0.28721,0.9579
3434,6582.7,37006480,2403953,0.756,1.183,5625,10905,14593,0.00890133,0,0,0.0758,0.146,0.4585,0.0755,0.01385,1.1678,0.11947,-0.0138,0.28386,0.97282
3435,6584.6,37017361,2404628,0.704,1.166,5818,10881,14582,0.00889806,0,0,0.0711,0.1395,0.453,0.0401,0.01104,1.15423,0.11982,-0.01228,0.28099,0.94412
3436,6586.5,37028207,2405296,0.76,1.16,5650,10846,14526,0.00889479,0,0,0.0765,0.1436,0.4519,0.0876,0.01383,1.14519,0.10895,-0.0158,0.26685,0.97543
3437,6588.4,37039121,2405970,0.723,1.171,5761,10914,14615,0.00889154,0,0,0.0742,0.1527,0.4524,0.0437,0.01184,1.15844,0.1162,-0.01663,0.28282,0.96457
3438,6590.3,37049975,2406635,0.725,1.166,5740,10854,14533,0.00888826,0,0,0.0722,0.137,0.4434,0.072,0.01175,1.15371,0.1201,-0.01546,0.28813,0.95574
3439,6592.2,37060790,2407315,0.747,1.151,5697,10815,14491,0.00888501,0,0,0.0732,0.1393,0.4454,0.0895,0.01144,1.13824,0.13406,-0.01395,0.31316,0.96427
3440,6594.1,37071650,2407983,0.719,1.185,5704,10860,14558,0.00888176,0,0,0.0746,0.1408,0.4549,0.0487,0.01135,1.17244,0.12149,-0.0166,0.29333,0.96451
3441,6596.1,37082519,2408652,0.766,1.184,5574,10869,14551,0.00887851,0,0,0.0749,0.1509,0.4487,0.0912,0.01188,1.17135,0.13889,-0.01229,0.31884,0.92727
3442,6597.9,37093381,2409321,0.722,1.164,5761,10862,14543,0.00887524,0,0,0.0673,0.139,0.4469,0.0684,0.01195,1.15059,0.11794,-0.01389,0.28062,0.9561
3443,6599.9,37104230,2409996,0.742,1.17,5674,10849,14548,0.00887199,0,0,0.0769,0.1547,0.4647,0.0461,0.01127,1.15747,0.13246,-0.01411,0.31019,0.96067
3444,6601.7,37115107,2410650,0.669,1.188,5859,10877,14552,0.00886873,0,0,0.0682,0.1197,0.4102,0.0706,0.0115,1.17542,0.1273,-0.01828,0.30834,0.96919
3445,6603.6,37125963,2411323,0.699,1.167,5817,10856,14553,0.00886547,0,0,0.0692,0.1273,0.444,0.0584,0.01137,1.15482,0.12331,-0.01376,0.29112,0.95754
3446,6605.4,37136843,2411995,0.678,1.175,5873,10880,14601,0.00886221,0,0,0.069,0.1296,0.4333,0.0457,0.01307,1.16085,0.13065,-0.01286,0.30383,0.94823
3447,6607.3,37147670,2412675,0.717,1.188,5684,10827,14506,0.00885895,0,0,0.0732,0.1325,0.4429,0.0688,0.01184,1.1747,0.13055,-0.01544,0.30872,0.94432
3448,6609.3,37158514,2413333,0.761,1.18,5585,10844,14551,0.0088557,0,0,0.0771,0.1752,0.4613,0.0478,0.01209,1.16701,0.12757,-0.01443,0.30082,0.94941
3449,6611.2,37169331,2414013,0.781,1.17,5542,10817,14500,0.00885245,0,0,0.0796,0.1584,0.4813,0.0621,0.01207,1.15723,0.12827,-0.01431,0.30195,0.94806
3450,6613.2,37180164,2414680,0.736,1.193,5615,10833,14506,0.0088492,0,0,0.0761,0.1509,0.4653,0.0441,0.01273,1.17897,0.12552,-0.01565,0.29948,0.96808
3451,6615.9,37190963,2415355,1.083,1.184,4764,10799,14501,0.00884595,0,0,0.0639,0.1496,0.8076,0.0619,0.0121,1.17003,0.13464,-0.01782,0.32225,0.9795
3452,6617.9,37201787,2415997,0.634,1.178,5972,10824,14511,0.00884271,0,0,0.063,0.1148,0.4217,0.0349,0.01167,1.16555,0.13386,-0.01907,0.32279,0.95762
3453,6619.7,37212667,2416654,0.626,1.179,6027,10880,14570,0.00883946,0,0,0.0627,0.1141,0.402,0.0474,0.01108,1.16738,0.13197,-0.01489,0.31104,0.97986
3454,6621.5,37223467,2417299,0.639,1.178,5941,10800,14477,0.0088362,0,0,0.0659,0.1146,0.4152,0.0438,0.01157,1.16584,0.138,-0.0168,0.32639,0.95057
3455,6623.4,37234299,2417949,0.676,1.182,5830,10832,14544,0.00883296,0,0,0.065,0.121,0.4166,0.0735,0.01646,1.16451,0.13333,-0.01703,0.31759,0.95497
3456,6625.2,37245137,2418602,0.676,1.179,5841,10838,14523,0.00882971,0,0,0.064,0.1299,0.4147,0.0676,0.01132,1.16726,0.13416,-0.01627,0.31763,0.94864
3457,6627.1,37255957,2419260,0.641,1.179,5946,10820,14512,0.00882646,0,0,0.0647,0.1196,0.4125,0.0443,0.01117,1.16659,0.12852,-0.01765,0.30919,0.95422
3458,6628.9,37266812,2419881,0.671,1.176,5877,10855,14544,0.00882321,0,0,0.0671,0.1284,0.4272,0.0486,0.01078,1.164,0.13461,-0.01692,0.31962,0.93827
3459,6630.7,37277687,2420535,0.662,1.176,5915,10875,14576,0.00881996,0,0,0.0671,0.1313,0.4259,0.038,0.01264,1.16285,0.12362,-0.01901,0.30254,0.97941
3460,6632.6,37288544,2421160,0.664,1.177,5899,10857,14549,0.00881669,0,0,0.0651,0.1249,0.4189,0.0548,0.0116,1.16442,0.13459,-0.01818,0.32274,0.97651
3461,6634.5,37299432,2421793,0.761,1.185,5594,10888,14601,0.00881344,0,0,0.0794,0.1596,0.4602,0.0619,0.01148,1.173,0.12857,-0.01719,0.30872,0.97638
3462,6636.5,37310328,2422441,0.744,1.186,5646,10896,14592,0.00881017,0,0,0.0797,0.1551,0.4667,0.0422,0.01221,1.17294,0.12904,-0.01714,0.30943,0.96859
3463,6638.4,37321189,2423085,0.792,1.192,5474,10861,14574,0.0088069,0,0,0.0803,0.1535,0.4739,0.084,0.0151,1.17592,0.12761,-0.01806,0.30841,0.96891
3464,6640.4,37332092,2423721,0.753,1.186,5625,10903,14595,0.00880364,0,0,0.0755,0.153,0.4755,0.0487,0.0121,1.17223,0.12498,-0.0189,0.30486,0.97093
3465,6642.4,37343000,2424383,0.832,1.183,5412,10908,14622,0.00880037,0,0,0.0826,0.1771,0.4973,0.0754,0.0108,1.17163,0.12743,-0.01737,0.30639,0.95455
3466,6644.3,37353860,2425028,0.725,1.186,5682,10860,14565,0.0087971,0,0,0.0715,0.1384,0.4437,0.0711,0.01277,1.17295,0.13643,-0.01579,0.32136,0.96174
3467,6646.2,37364737,2425673,0.695,1.185,5787,10877,14576,0.00879384,0,0,0.0715,0.1372,0.4425,0.0438,0.01164,1.17214,0.13709,-0.01736,0.32561,0.95005
3468,6648.1,37375676,2426316,0.706,1.187,5780,10939,14622,0.00879058,0,0,0.0696,0.1325,0.4445,0.0591,0.0123,1.17383,0.12533,-0.01878,0.30489,0.94835
3469,6649.9,37386573,2426970,0.676,1.184,5859,10897,14591,0.0087873,0,0,0.0709,0.1317,0.4296,0.0442,0.01207,1.17008,0.12408,-0.01986,0.30514,0.98204
3470,6651.9,37397464,2427612,0.73,1.197,5654,10891,14574,0.00878403,0,0,0.0726,0.1409,0.4413,0.075,0.0135,1.1823,0.12173,-0.01942,0.29965,0.98787
3471,6653.7,37408356,2428241,0.633,1.178,6015,10892,14582,0.00878076,0,0,0.0636,0.1098,0.4064,0.0527,0.01112,1.16519,0.12357,-0.0175,0.29945,0.98536
3472,6655.5,37419259,2428907,0.631,1.177,6030,10903,14592,0.00877749,0,0,0.0615,0.1081,0.3978,0.0635,0.01114,1.16518,0.11128,-0.02108,0.28226,0.99852
3473,6657.2,37430221,2429549,0.585,1.176,6224,10962,14677,0.00877422,0,0,0.057,0.1027,0.3869,0.0388,0.01157,1.16377,0.12516,-0.01762,0.30298,0.99247
3474,6659.0,37441168,2430192,0.585,1.174,6224,10947,14626,0.00877093,0,0,0.0554,0.098,0.3786,0.0526,0.01124,1.16201,0.11817,-0.01563,0.28475,0.97792
3475,6660.8,37452106,2430821,0.588,1.162,6248,10938,14644,0.00876765,0,0,0.0565,0.0968,0.3778,0.0572,0.01105,1.15025,0.11564,-0.01345,0.27486,0.95082
3476,6662.5,37463067,2431453,0.591,1.18,6189,10961,14641,0.00876437,0,0,0.0597,0.1035,0.394,0.034,0.01156,1.16757,0.11421,-0.00917,0.26368,0.96554
3477,6664.3,37473965,2432079,0.572,1.177,6232,10898,14595,0.00876108,0,0,0.0544,0.0943,0.3669,0.0563,0.01086,1.16508,0.11768,-0.01963,0.29162,0.97087
3478,6666.0,37484901,2432754,0.58,1.164,6272,10936,14617,0.00875781,0,0,0.0576,0.0994,0.3887,0.0343,0.01122,1.15153,0.13871,-0.01422,0.32252,0.95199
3479,6667.8,37495817,2433386,0.568,1.182,6237,10916,14598,0.00875453,0,0,0.0564,0.0963,0.3709,0.0443,0.01047,1.17063,0.12652,-0.01772,0.30495,0.94055
3480,6669.6,37506783,2434042,0.617,1.179,6104,10966,14672,0.00875125,0,0,0.0632,0.1131,0.3999,0.041,0.01156,1.16697,0.12497,-0.0157,0.29776,0.93877
3481,6671.4,37517749,2434678,0.711,1.167,5839,10966,14666,0.00874797,0,0,0.0687,0.1312,0.4312,0.0797,0.01219,1.15413,0.12882,-0.0163,0.30712,0.96527
3482,6673.4,37528660,2435328,0.749,1.185,5640,10911,14594,0.00874468,0,0,0.0739,0.141,0.4618,0.0723,0.01156,1.17298,0.12256,-0.01763,0.2964,0.91592
3483,6675.2,37539596,2435987,0.663,1.186,5915,10936,14624,0.0087414,0,0,0.0674,0.1316,0.4239,0.0403,0.01125,1.17362,0.12182,-0.01607,0.29279,0.97281
3484,6677.0,37550501,2436635,0.62,1.187,6035,10905,14603,0.00873812,0,0,0.0611,0.1101,0.4045,0.0444,0.01197,1.17421,0.12712,-0.01384,0.29857,0.95176
3485,6678.9,37561427,2437302,0.719,1.189,5727,10926,14613,0.00873485,0,0,0.0751,0.149,0.4456,0.049,0.01161,1.17673,0.12413,-0.01482,0.29466,0.95943
3486,6680.8,37572384,2437950,0.689,1.189,5835,10957,14657,0.00873157,0,0,0.0681,0.1339,0.4309,0.0556,0.01189,1.1762,0.11671,-0.01653,0.28379,0.99112
3487,6682.7,37583316,2438589,0.676,1.159,5956,10932,14620,0.00872828,0,0,0.0662,0.1247,0.4227,0.0623,0.01132,1.14726,0.13055,-0.01945,0.31663,0.95178
3488,6684.5,37594220,2439238,0.632,1.181,6014,10904,14596,0.00872501,0,0,0.061,0.1055,0.4039,0.0617,0.01124,1.16849,0.11995,-0.01704,0.29089,0.96925
3489,6686.7,37605136,2439880,1.004,1.195,4964,10916,14620,0.00872173,0,0,0.0756,0.1601,0.4506,0.3179,0.01371,1.17775,0.11477,-0.0177,0.28213,0.98563
3490,6688.7,37616031,2440512,0.809,1.18,5477,10895,14586,0.00871846,0,0,0.0722,0.1554,0.4449,0.1368,0.01251,1.16636,0.12792,-0.01404,0.30094,0.9763
3491,6690.5,37626914,2441152,0.7,1.161,5849,10883,14574,0.00871519,0,0,0.0653,0.1122,0.4125,0.1097,0.01138,1.14848,0.1247,-0.01487,0.29652,0.99756
3492,6692.4,37637793,2441793,0.663,1.185,5888,10879,14573,0.00871193,0,0,0.062,0.1155,0.4085,0.077,0.01173,1.17215,0.12509,-0.01609,0.30011,1.01817
3493,6694.2,37648661,2442427,0.657,1.174,5938,10868,14554,0.00870866,0,0,0.0663,0.1237,0.4232,0.0436,0.01201,1.16035,0.11212,-0.0202,0.28173,0.98124
3494,6696.1,37659533,2443070,0.738,1.164,5715,10872,14580,0.0087054,0,0,0.0735,0.137,0.4448,0.0828,0.01214,1.15149,0.12671,-0.0146,0.29991,0.99296
3495,6697.9,37670414,2443702,0.609,1.187,6059,10881,14567,0.00870214,0,0,0.0618,0.1065,0.3845,0.0563,0.01118,1.17419,0.11471,-0.01935,0.28614,1.03469
3496,6699.8,37681315,2444337,0.666,1.181,5901,10901,14592,0.00869888,0,0,0.0669,0.1301,0.4337,0.0357,0.01159,1.16874,0.12205,-0.01928,0.30062,1.03262
3497,6701.6,37692211,2444969,0.678,1.171,5892,10896,14578,0.00869561,0,0,0.0648,0.1233,0.422,0.0682,0.01183,1.15826,0.12702,-0.02076,0.3129,0.99732
3498,6703.5,37703154,2445601,0.701,1.183,5805,10943,14658,0.00869234,0,0,0.0694,0.1282,0.4286,0.0753,0.0121,1.17047,0.12269,-0.01998,0.3035,1.04443
3499,6705.3,37714066,2446248,0.594,1.182,6142,10912,14618,0.00868905,0,0,0.0605,0.1098,0.3883,0.0357,0.01182,1.16965,0.1256,-0.01956,0.30784,1.00869
3500,6707.1,37724953,2446914,0.686,1.169,5870,10887,14586,0.00868578,0,0,0.068,0.123,0.4241,0.0707,0.01193,1.15613,0.11889,-0.01939,0.29453,1.0339
3501,6709.0,37735857,2447571,0.711,1.189,5740,10904,14584,0.00868251,0,0,0.0667,0.1264,0.4254,0.0926,0.01305,1.1745,0.12255,-0.01809,0.29848,0.99123
3502,6711.1,37746753,2448257,0.687,1.186,5818,10896,14580,0.00867924,0,0,0.0662,0.1291,0.4184,0.0734,0.01202,1.17316,0.12678,-0.01732,0.3054,0.99105
3503,6712.8,37757624,2448921,0.588,1.167,6195,10871,14543,0.00867597,0,0,0.0597,0.1065,0.3896,0.0322,0.01198,1.15398,0.12714,-0.01816,0.30815,1.0109
3504,6714.7,37768472,2449577,0.7,1.171,5800,10848,14521,0.00867271,0,0,0.0666,0.1235,0.4213,0.0883,0.01088,1.15886,0.12902,-0.01747,0.30997,0.97909
3505,6716.5,37779340,2450247,0.668,1.18,5879,10868,14555,0.00866946,0,0,0.0652,0.1208,0.4139,0.0686,0.01164,1.16755,0.12612,-0.02018,0.31003,1.00546
3506,6718.3,37790212,2450913,0.592,1.155,6226,10872,14570,0.0086662,0,0,0.0598,0.1047,0.3958,0.0312,0.0112,1.14264,0.1285,-0.02014,0.31458,0.99897
3507,6720.1,37801066,2451597,0.648,1.172,5964,10854,14526,0.00866294,0,0,0.0635,0.1121,0.4077,0.0646,0.01157,1.15969,0.13078,-0.01992,0.31865,0.9948
3508,6721.9,37811978,2452245,0.651,1.179,5964,10912,14580,0.00865968,0,0,0.0659,0.1273,0.4175,0.04,0.01118,1.1668,0.12785,-0.01982,0.31227,0.97707
3509,6723.8,37822804,2452915,0.734,1.162,5709,10826,14535,0.00865641,0,0,0.0718,0.1406,0.443,0.0786,0.01204,1.14943,0.12033,-0.01856,0.29485,0.98564
3510,6725.6,37833674,2453583,0.58,1.174,6196,10870,14553,0.00865316,0,0,0.0596,0.1017,0.387,0.032,0.01192,1.16133,0.13203,-0.01757,0.31587,0.96395
3511,6727.5,37844540,2454262,0.706,1.181,5759,10866,14559,0.0086499,0,0,0.0696,0.1362,0.4363,0.0637,0.01145,1.16854,0.11333,-0.01833,0.28004,0.96645
3512,6729.3,37855356,2454927,0.69,1.166,5828,10816,14501,0.00864664,0,0,0.0657,0.1302,0.4272,0.0671,0.01184,1.15261,0.1235,-0.01499,0.29366,0.96444
3513,6731.2,37866202,2455612,0.695,1.171,5812,10846,14525,0.00864339,0,0,0.0686,0.1277,0.4239,0.0753,0.01196,1.15792,0.12698,-0.01868,0.30831,0.98172
3514,6733.0,37877023,2456276,0.599,1.188,6056,10821,14510,0.00864014,0,0,0.0611,0.1105,0.3915,0.036,0.01182,1.1749,0.11903,-0.01885,0.29293,0.99395
3515,6734.8,37887906,2456973,0.676,1.173,5885,10883,14577,0.00863689,0,0,0.0667,0.1221,0.4185,0.0687,0.01263,1.15959,0.1098,-0.0148,0.26688,1.02378
3516,6736.7,37898780,2457656,0.667,1.175,5903,10874,14575,0.00863363,0,0,0.0685,0.1254,0.429,0.0439,0.01126,1.16227,0.13062,-0.01941,0.31759,1.01506
3517,6738.6,37909591,2458315,0.723,1.186,5664,10811,14501,0.00863037,0,0,0.0718,0.1398,0.4408,0.0702,0.01177,1.17334,0.12134,-0.01828,0.29674,1.01408
3518,6740.4,37920435,2458997,0.671,1.176,5873,10844,14517,0.00862712,0,0,0.0653,0.1195,0.4164,0.0694,0.01081,1.16417,0.12671,-0.01964,0.30975,0.98824
3519,6742.3,37931281,2459683,0.722,1.169,5737,10846,14552,0.00862387,0,0,0.0711,0.1405,0.4371,0.0728,0.0115,1.15636,0.11782,-0.0187,0.29016,0.99304
3520,6744.2,37942159,2460338,0.695,1.188,5777,10878,14567,0.00862062,0,0,0.0737,0.1409,0.442,0.0383,0.01202,1.17507,0.11912,-0.02075,0.29718,1.01127
3521,6746.1,37953011,2461014,0.724,1.17,5727,10852,14558,0.00861735,0,0,0.0726,0.1388,0.4414,0.0716,0.01173,1.15789,0.11255,-0.01792,0.27835,1.00967
3522,6747.9,37963838,2461690,0.624,1.157,6078,10827,14502,0.0086141,0,0,0.0631,0.1129,0.4135,0.0349,0.01137,1.14461,0.11451,-0.0177,0.28153,0.99237
3523,6749.8,37974667,2462378,0.729,1.178,5680,10829,14520,0.00861085,0,0,0.0738,0.1386,0.4416,0.0746,0.01046,1.16615,0.11565,-0.01946,0.28753,1.00473
3524,6751.7,37985532,2463050,0.693,1.179,5806,10865,14543,0.0086076,0,0,0.0733,0.1391,0.4346,0.0455,0.01165,1.16627,0.13132,-0.01649,0.31277,0.99683
3525,6753.6,37996385,2463742,0.721,1.18,5711,10853,14527,0.00860434,0,0,0.0735,0.1317,0.4348,0.0807,0.0116,1.16708,0.12459,-0.01798,0.30247,1.00797
3526,6755.4,38007233,2464416,0.628,1.177,6011,10848,14556,0.00860108,0,0,0.0639,0.1085,0.3927,0.0628,0.01057,1.16528,0.11353,-0.01849,0.28121,0.99796
3527,6757.2,38018107,2465099,0.688,1.181,5819,10874,14578,0.00859783,0,0,0.0744,0.1417,0.4395,0.0326,0.01156,1.16795,0.11769,-0.01508,0.28267,0.99615
3528,6759.1,38028927,2465782,0.707,1.175,5749,10820,14518,0.00859457,0,0,0.0731,0.1308,0.4319,0.0712,0.01139,1.16272,0.10313,-0.01659,0.25697,1.02016
3529,6761.0,38039850,2466463,0.705,1.18,5794,10923,14609,0.00859132,0,0,0.0731,0.1456,0.4465,0.0398,0.01215,1.16723,0.1417,-0.01585,0.33171,0.96725
3530,6762.8,38050708,2467128,0.664,1.187,5864,10858,14519,0.00858805,0,0,0.0654,0.1204,0.411,0.0676,0.01108,1.17526,0.12279,-0.01465,0.29206,1.00017
3531,6764.7,38061595,2467799,0.675,1.184,5856,10887,14587,0.00858479,0,0,0.0677,0.1281,0.4329,0.0462,0.01154,1.17186,0.12993,-0.01143,0.30008,1.01035
3532,6766.6,38072447,2468468,0.699,1.186,5760,10852,14544,0.00858152,0,0,0.0721,0.1295,0.436,0.061,0.01139,1.17304,0.13155,-0.01451,0.30928,0.99964
3533,6768.7,38083349,2469148,0.877,1.187,5283,10902,14580,0.00857827,0,0,0.0813,0.1947,0.5217,0.0791,0.0115,1.17445,0.12024,-0.01474,0.28714,1.00182
3534,6770.5,38094234,2469814,0.662,1.186,5889,10885,14585,0.008575,0,0,0.0706,0.1301,0.4236,0.038,0.01218,1.17306,0.12669,-0.01624,0.30293,0.99514
3535,6772.3,38105118,2470499,0.644,1.185,5950,10884,14576,0.00857173,0,0,0.0645,0.1134,0.4018,0.0643,0.01119,1.17304,0.12227,-0.01467,0.29059,0.97456
3536,6774.3,38115936,2471166,0.746,1.192,5582,10818,14520,0.00856846,0,0,0.074,0.1412,0.4361,0.0949,0.01267,1.17821,0.13738,-0.01311,0.31735,0.95494
3537,6776.2,38126811,2471831,0.74,1.186,5647,10875,14551,0.00856522,0,0,0.0749,0.1452,0.4445,0.0752,0.01207,1.17276,0.11903,-0.01399,0.28216,0.94184
3538,6778.1,38137715,2472518,0.717,1.176,5758,10904,14589,0.00856196,0,0,0.0791,0.1419,0.4424,0.0539,0.01153,1.16405,0.12269,-0.01616,0.29416,0.96173
3539,6779.9,38148533,2473193,0.656,1.175,5908,10818,14505,0.00855869,0,0,0.0639,0.1131,0.4118,0.0673,0.01161,1.16202,0.11706,-0.0151,0.28037,0.93762
3540,6781.9,38159354,2473881,0.754,1.176,5607,10821,14476,0.00855544,0,0,0.0778,0.1713,0.4623,0.0427,0.01184,1.16287,0.125,-0.01303,0.29206,0.93521
3541,6783.8,38170178,2474560,0.774,1.175,5553,10824,14512,0.00855219,0,0,0.0767,0.1427,0.4652,0.0899,0.01129,1.16245,0.12815,-0.01401,0.30017,0.92688
3542,6785.7,38181022,2475257,0.738,1.174,5671,10844,14512,0.00854895,0,0,0.077,0.1642,0.4612,0.0355,0.01179,1.16164,0.12446,-0.01344,0.29211,0.95384
3543,6787.6,38191860,2475943,0.663,1.171,5907,10838,14531,0.00854569,0,0,0.0679,0.1198,0.4182,0.0575,0.01096,1.15958,0.1237,-0.01509,0.29373,0.94597
3544,6789.3,38202722,2476621,0.586,1.171,6182,10862,14556,0.00854244,0,0,0.0561,0.0966,0.3757,0.0577,0.0114,1.15897,0.11887,-0.01689,0.28789,0.95786
3545,6791.0,38213539,2477310,0.559,1.171,6251,10817,14494,0.00853918,0,0,0.0558,0.0939,0.3742,0.0351,0.01082,1.15978,0.13174,-0.01556,0.31062,0.93768
3546,6792.8,38224391,2477996,0.61,1.174,6085,10852,14514,0.00853594,0,0,0.0584,0.1019,0.3873,0.0621,0.01192,1.16105,0.12842,-0.01449,0.30185,0.93869
3547,6794.6,38235218,2478672,0.587,1.179,6130,10827,14509,0.00853268,0,0,0.0591,0.1055,0.3909,0.0314,0.01099,1.16769,0.12281,-0.00775,0.2774,0.95446
3548,6796.4,38246064,2479359,0.609,1.186,6043,10846,14519,0.00852943,0,0,0.0586,0.1015,0.3833,0.0657,0.0122,1.17287,0.11771,-0.01579,0.28355,0.97003
3549,6798.2,38256888,2480041,0.615,1.18,6030,10824,14506,0.00852618,0,0,0.0603,0.102,0.3895,0.0632,0.01134,1.16788,0.12188,-0.01501,0.28984,0.94224
3550,6800.0,38267749,2480712,0.584,1.182,6152,10861,14515,0.00852293,0,0,0.0609,0.1029,0.3851,0.035,0.01138,1.16933,0.12411,-0.01582,0.29592,0.94154
3551,6801.7,38278608,2481373,0.604,1.181,6083,10859,14538,0.00851968,0,0,0.0604,0.1063,0.386,0.0517,0.01162,1.16808,0.12757,-0.01705,0.30548,0.95295
3552,6803.8,38289466,2482052,0.731,1.185,5669,10858,14524,0.00851642,0,0,0.07,0.141,0.4452,0.0745,0.01141,1.17221,0.13042,-0.01646,0.30993,0.94934
3553,6805.6,38300321,2482702,0.591,1.183,6121,10855,14545,0.00851316,0,0,0.0608,0.1043,0.3916,0.034,0.01133,1.17061,0.13523,-0.01655,0.31944,0.93202
3554,6807.4,38311230,2483379,0.625,1.182,6037,10909,14605,0.0085099,0,0,0.0614,0.1063,0.3956,0.0613,0.01248,1.16905,0.12431,-0.01715,0.29909,0.95042
3555,6809.2,38322127,2484042,0.612,1.18,6080,10897,14575,0.00850663,0,0,0.0622,0.1053,0.3881,0.0563,0.01187,1.16788,0.14177,-0.01451,0.32841,0.93179
3556,6811.0,38333094,2484699,0.585,1.172,6243,10967,14649,0.00850336,0,0,0.0595,0.1028,0.3889,0.0336,0.01175,1.15951,0.1344,-0.01399,0.31254,0.9274
3557,6812.8,38344059,2485348,0.613,1.176,6130,10965,14646,0.00850007,0,0,0.0591,0.1034,0.388,0.0621,0.01233,1.16293,0.1283,-0.01328,0.29905,0.93442
3558,6814.5,38355049,2486023,0.594,1.173,6218,10990,14674,0.00849678,0,0,0.0603,0.1063,0.3939,0.0339,0.01141,1.16089,0.13699,-0.01545,0.32068,0.92894
3559,6816.3,38365991,2486670,0.627,1.173,6077,10942,14645,0.00849349,0,0,0.0621,0.1039,0.3975,0.0635,0.0112,1.16146,0.13402,-0.01289,0.30991,0.94667
3560,6818.1,38376953,2487333,0.578,1.172,6264,10962,14637,0.0084902,0,0,0.0551,0.0955,0.3703,0.0574,0.01156,1.1593,0.1355,-0.01332,0.31334,0.92434
3561,6819.8,38387887,2487989,0.581,1.172,6238,10934,14611,0.00848691,0,0,0.0604,0.1024,0.3871,0.0309,0.01156,1.15962,0.12865,-0.01509,0.30345,0.94081
3562,6821.6,38398838,2488667,0.596,1.173,6191,10951,14654,0.00848363,0,0,0.0583,0.0988,0.3812,0.0575,0.01156,1.16073,0.12513,-0.0135,0.29285,0.91897
3563,6823.4,38409730,2489350,0.662,1.176,5927,10892,14590,0.00848035,0,0,0.0651,0.1185,0.4116,0.0666,0.01209,1.1628,0.11072,-0.01528,0.26793,0.94042
3564,6825.2,38420621,2490003,0.6,1.174,6138,10891,14578,0.00847708,0,0,0.061,0.1055,0.3946,0.0392,0.01125,1.16224,0.13598,-0.01331,0.3146,0.94545
3565,6827.0,38431530,2490675,0.623,1.18,6052,10909,14601,0.00847381,0,0,0.0598,0.1049,0.3924,0.0657,0.01119,1.16776,0.13664,-0.0143,0.31756,0.92444
3566,6828.8,38442412,2491318,0.634,1.18,6001,10882,14582,0.00847054,0,0,0.0614,0.1036,0.3997,0.0689,0.01079,1.16814,0.13351,-0.01487,0.31224,0.91362
3567,6830.6,38453270,2491995,0.565,1.179,6226,10858,14557,0.00846728,0,0,0.06,0.0968,0.3766,0.0314,0.01114,1.16729,0.13119,-0.0144,0.30681,0.92259
3568,6832.4,38464148,2492657,0.627,1.182,6015,10878,14585,0.00846402,0,0,0.0594,0.1016,0.3933,0.0725,0.01197,1.16814,0.13353,-0.0132,0.30909,0.92362
3569,6834.4,38475028,2493325,0.869,1.183,5303,10880,14570,0.00846076,0,0,0.0651,0.1259,0.4044,0.2732,0.01143,1.17023,0.13014,-0.01494,0.30573,0.92009
3570,6836.4,38485890,2493997,0.744,1.183,5637,10862,14554,0.00845749,0,0,0.0649,0.1241,0.4147,0.1406,0.01162,1.17015,0.12213,-0.01468,0.28946,0.93548
3571,6838.2,38496747,2494652,0.65,1.182,5926,10857,14542,0.00845423,0,0,0.06,0.1076,0.3938,0.0887,0.0114,1.16953,0.12642,-0.01516,0.29849,0.90707
3572,6840.1,38507623,2495327,0.729,1.186,5678,10876,14597,0.00845098,0,0,0.0725,0.1353,0.4465,0.0749,0.013,1.17244,0.13019,-0.01472,0.30546,0.92583
3573,6842.0,38518480,2495990,0.72,1.177,5722,10857,14567,0.00844771,0,0,0.0721,0.1499,0.4558,0.0421,0.0117,1.16506,0.12502,-0.01336,0.29234,0.92265
3574,6843.8,38529300,2496647,0.648,1.174,5939,10820,14524,0.00844446,0,0,0.0623,0.1175,0.4045,0.0637,0.01112,1.16172,0.12482,-0.01288,0.29104,0.92532
3575,6845.6,38540147,2497320,0.622,1.17,6053,10847,14551,0.00844121,0,0,0.0626,0.1163,0.4077,0.0354,0.01123,1.15805,0.12435,-0.01672,0.29787,0.93182
3576,6847.5,38551005,2498008,0.698,1.174,5799,10858,14561,0.00843796,0,0,0.0659,0.1203,0.4231,0.0888,0.01144,1.16199,0.11477,-0.01205,0.27016,0.97862
3577,6849.3,38561853,2498662,0.611,1.171,6090,10848,14559,0.0084347,0,0,0.0614,0.1148,0.4016,0.0327,0.01148,1.15864,0.12904,-0.01407,0.30244,0.96114
3578,6851.1,38572668,2499338,0.631,1.167,6015,10815,14518,0.00843144,0,0,0.0618,0.112,0.4004,0.0567,0.01203,1.15447,0.13805,-0.01642,0.32509,0.95793
3579,6852.9,38583476,2499997,0.679,1.17,5844,10808,14489,0.0084282,0,0,0.0649,0.1172,0.4113,0.0861,0.01189,1.15708,0.12793,-0.01484,0.30164,0.9546
3580,6854.7,38594315,2500669,0.635,1.168,6010,10839,14538,0.00842496,0,0,0.0642,0.1217,0.4119,0.0376,0.01075,1.15638,0.13691,-0.01386,0.3176,0.95299
3581,6856.7,38605151,2501333,0.8,1.17,5501,10836,14538,0.00842171,0,0,0.078,0.156,0.4629,0.1034,0.01197,1.15662,0.12842,-0.01322,0.29913,0.94105
3582,6858.6,38616028,2501993,0.717,1.169,5769,10877,14565,0.00841845,0,0,0.0756,0.1475,0.4479,0.0458,0.01228,1.15541,0.1241,-0.01602,0.29724,1.00972
3583,6860.5,38626911,2502662,0.705,1.167,5813,10883,14600,0.00841519,0,0,0.0737,0.1369,0.4254,0.0688,0.01118,1.15518,0.12509,-0.01236,0.29124,0.97054
3584,6862.5,38637813,2503330,0.832,1.171,5442,10902,14617,0.00841193,0,0,0.0779,0.1932,0.4802,0.081,0.01204,1.15811,0.1278,-0.01434,0.30068,0.97507
3585,6864.4,38648697,2504005,0.73,1.167,5737,10884,14572,0.00840866,0,0,0.078,0.1553,0.4488,0.0479,0.01135,1.15499,0.12255,-0.0143,0.29002,0.97032
3586,6866.3,38659636,2504660,0.782,1.181,5573,10939,14636,0.00840539,0,0,0.0784,0.1575,0.474,0.0724,0.01135,1.16829,0.13431,-0.01583,0.31624,0.95005
3587,6868.3,38670498,2505316,0.752,1.185,5607,10862,14548,0.00840211,0,0,0.0801,0.151,0.4436,0.0777,0.01175,1.17222,0.12791,-0.01716,0.3063,0.96252
3588,6870.2,38681400,2506003,0.726,1.182,5712,10902,14607,0.00839885,0,0,0.0771,0.1498,0.4551,0.0442,0.01116,1.17015,0.12164,-0.01732,0.29412,0.96465
3589,6872.1,38692299,2506680,0.798,1.183,5500,10899,14592,0.00839558,0,0,0.0806,0.1648,0.4787,0.0742,0.01186,1.17063,0.12855,-0.01598,0.30513,0.95664
3590,6874.0,38703195,2507339,0.653,1.169,5981,10896,14601,0.00839231,0,0,0.0653,0.1208,0.4092,0.058,0.01141,1.15632,0.13433,-0.01596,0.31636,0.94019
3591,6875.7,38714126,2508011,0.57,1.163,6309,10931,14638,0.00838904,0,0,0.0591,0.1024,0.3779,0.0305,0.01063,1.15118,0.13222,-0.01478,0.31017,0.96439
3592,6877.5,38725020,2508688,0.617,1.165,6116,10894,14592,0.00838576,0,0,0.0602,0.1076,0.3963,0.0525,0.01052,1.15339,0.13061,-0.0149,0.30709,0.95794
3593,6879.3,38735921,2509355,0.619,1.165,6113,10901,14574,0.00838249,0,0,0.0623,0.1102,0.3902,0.056,0.01103,1.15288,0.12931,-0.01394,0.30246,0.95129
3594,6881.0,38746791,2510022,0.598,1.165,6167,10870,14569,0.00837922,0,0,0.0617,0.1058,0.3898,0.0408,0.01152,1.15224,0.13131,-0.01183,0.30218,0.94816
3595,6882.8,38757709,2510710,0.605,1.169,6155,10918,14647,0.00837596,0,0,0.06,0.1041,0.3836,0.0572,0.01101,1.15685,0.13117,-0.01615,0.31028,0.93353
3596,6884.6,38768594,2511385,0.602,1.169,6149,10885,14585,0.00837269,0,0,0.0596,0.1027,0.3779,0.0615,0.01121,1.1568,0.13073,-0.01183,0.30049,0.91822
3597,6886.3,38779474,2512066,0.567,1.169,6267,10880,14601,0.00836942,0,0,0.0585,0.0985,0.3794,0.0304,0.01111,1.15736,0.12759,-0.0154,0.30149,0.92694
3598,6888.1,38790361,2512727,0.596,1.167,6173,10887,14576,0.00836616,0,0,0.058,0.1,0.3801,0.0583,0.01089,1.15551,0.13852,-0.014,0.32032,0.9132
3599,6889.8,38801240,2513406,0.598,1.174,6139,10879,14594,0.00836289,0,0,0.06,0.107,0.3964,0.0344,0.01158,1.16194,0.13392,-0.01515,0.31327,0.90479
3600,6891.6,38812101,2514074,0.615,1.178,6060,10861,14562,0.00835963,0,0,0.0598,0.1051,0.393,0.0567,0.01157,1.1655,0.12875,-0.01505,0.30297,0.9189
3601,6893.8,38822976,2514736,0.628,1.179,6017,10875,14587,0.00835637,0,0,0.0588,0.1094,0.3954,0.0647,0.01137,1.16706,0.13241,-0.01766,0.31532,0.90825
3602,6895.7,38833857,2515402,0.577,1.179,6198,10881,14570,0.00835311,0,0,0.0586,0.1015,0.3811,0.0355,0.01135,1.1667,0.13371,-0.01399,0.31035,0.89527
3603,6897.5,38844799,2516072,0.609,1.181,6113,10942,14627,0.00834984,0,0,0.0594,0.1048,0.3931,0.0518,0.01107,1.16913,0.14074,-0.0163,0.32936,0.91479
3604,6899.3,38855686,2516741,0.598,1.183,6113,10887,14591,0.00834656,0,0,0.0588,0.0999,0.3912,0.048,0.01095,1.17135,0.13118,-0.01527,0.30838,0.92626
3605,6901.0,38866590,2517418,0.583,1.183,6174,10904,14606,0.00834329,0,0,0.059,0.1052,0.3858,0.0325,0.01129,1.17128,0.12724,-0.01432,0.29894,0.94873
3606,6902.9,38877442,2518091,0.626,1.187,5985,10852,14544,0.00834002,0,0,0.0615,0.1098,0.4021,0.0529,0.01145,1.17431,0.11526,-0.01586,0.27868,0.98576
3607,6904.7,38888325,2518786,0.7,1.185,5775,10883,14566,0.00833677,0,0,0.072,0.1366,0.4441,0.0468,0.01138,1.1725,0.1428,-0.01419,0.32976,0.94651
3608,6906.6,38899206,2519472,0.725,1.166,5753,10881,14584,0.0083335,0,0,0.0691,0.1335,0.4351,0.0877,0.01026,1.15488,0.13155,-0.0164,0.3121,0.97099
3609,6908.4,38910057,2520145,0.644,1.168,5989,10851,14544,0.00833024,0,0,0.0618,0.1163,0.4087,0.0568,0.01187,1.15518,0.13193,-0.0136,0.30727,0.97354
3610,6910.3,38920951,2520826,0.642,1.167,6022,10894,14602,0.00832698,0,0,0.0646,0.1198,0.4196,0.0385,0.01071,1.1552,0.13266,-0.01571,0.31244,0.94304
3611,6912.1,38931795,2521516,0.718,1.167,5753,10844,14535,0.00832371,0,0,0.0732,0.1456,0.4489,0.0499,0.01152,1.155,0.11941,-0.01498,0.28503,0.97674
3612,6914.0,38942640,2522190,0.654,1.167,5957,10845,14528,0.00832046,0,0,0.0634,0.1247,0.4124,0.0531,0.01173,1.15452,0.12255,-0.01339,0.2882,0.98055
3613,6915.8,38953497,2522867,0.635,1.166,6029,10857,14548,0.00831721,0,0,0.0642,0.1152,0.412,0.0435,0.01092,1.15414,0.12341,-0.01584,0.29493,0.98714
3614,6917.6,38964339,2523535,0.695,1.167,5821,10842,14538,0.00831395,0,0,0.0665,0.1256,0.4314,0.0718,0.0115,1.15467,0.10751,-0.01454,0.26015,0.96524
3615,6919.4,38975189,2524216,0.653,1.168,5957,10850,14559,0.0083107,0,0,0.064,0.1199,0.4171,0.0522,0.011,1.15618,0.11628,-0.01453,0.27805,0.98878
3616,6921.3,38986048,2524895,0.736,1.168,5703,10859,14545,0.00830744,0,0,0.0773,0.15,0.4607,0.0478,0.01163,1.15579,0.13243,-0.01388,0.30883,0.97617
3617,6923.2,38996926,2525555,0.718,1.172,5756,10878,14573,0.00830419,0,0,0.0728,0.1466,0.4407,0.0575,0.01302,1.15848,0.13267,-0.01564,0.31271,0.96882
3618,6925.1,39007812,2526226,0.734,1.17,5718,10886,14589,0.00830092,0,0,0.0746,0.1421,0.4528,0.0642,0.01179,1.15755,0.13108,-0.0148,0.30738,0.94145
3619,6927.1,39018728,2526905,0.761,1.17,5652,10916,14614,0.00829766,0,0,0.0741,0.1478,0.4552,0.0838,0.01142,1.15784,0.13067,-0.01334,0.30342,0.92764
3620,6929.1,39029668,2527576,0.811,1.169,5526,10940,14640,0.00829438,0,0,0.0829,0.1695,0.5078,0.0504,0.01077,1.15759,0.12684,-0.01301,0.29507,0.92605
3621,6931.0,39040557,2528239,0.782,1.201,5490,10889,14569,0.0082911,0,0,0.0784,0.1577,0.4702,0.0756,0.01213,1.18839,0.1339,-0.01339,0.30941,0.89426
3622,6933.0,39051451,2528925,0.714,1.202,5684,10894,14602,0.00828783,0,0,0.0753,0.1436,0.4498,0.0457,0.01193,1.18938,0.13046,-0.01389,0.30413,0.93065
3623,6934.9,39062346,2529589,0.749,1.204,5581,10895,14582,0.00828456,0,0,0.0787,0.1526,0.4517,0.0656,0.01224,1.19044,0.14224,-0.016,0.33192,0.93089
3624,6937.0,39073245,2530255,0.838,1.203,5341,10899,14563,0.0082813,0,0,0.0826,0.1771,0.5006,0.0773,0.01229,1.18961,0.12281,-0.01636,0.29368,0.92506
3625,6938.8,39084141,2530945,0.715,1.172,5776,10896,14603,0.00827803,0,0,0.0744,0.1468,0.4528,0.0407,0.01335,1.15723,0.12257,-0.01663,0.2943,0.9603
3626,6940.8,39095059,2531628,0.746,1.167,5707,10918,14605,0.00827476,0,0,0.0744,0.1455,0.4623,0.0641,0.01188,1.15412,0.12996,-0.01617,0.3079,0.9456
3627,6942.6,39105967,2532299,0.681,1.166,5906,10908,14565,0.00827148,0,0,0.0723,0.1385,0.4345,0.0361,0.01165,1.15315,0.11394,-0.01872,0.28125,0.96161
3628,6944.5,39116874,2532992,0.774,1.166,5621,10907,14615,0.00826821,0,0,0.0769,0.1532,0.4645,0.0796,0.01122,1.15436,0.13537,-0.0153,0.31722,0.95946
3629,6946.4,39127732,2533676,0.692,1.169,5835,10858,14532,0.00826494,0,0,0.0743,0.1365,0.4392,0.0419,0.0117,1.15634,0.13233,-0.01627,0.31293,0.95212
3630,6948.3,39138616,2534353,0.691,1.165,5863,10884,14560,0.00826168,0,0,0.0679,0.129,0.4253,0.0687,0.01121,1.15312,0.13657,-0.0166,0.32188,0.94015
3631,6950.0,39149504,2535024,0.597,1.165,6180,10888,14570,0.00825842,0,0,0.0605,0.1076,0.3995,0.0294,0.01149,1.15276,0.13267,-0.01379,0.30831,0.9312
3632,6951.8,39160406,2535703,0.605,1.165,6160,10902,14578,0.00825515,0,0,0.0623,0.1048,0.3913,0.0464,0.01144,1.15278,0.12003,-0.01502,0.28598,0.96135
3633,6953.6,39171306,2536390,0.609,1.164,6148,10900,14582,0.00825188,0,0,0.0624,0.1115,0.3972,0.0376,0.01058,1.15282,0.13281,-0.01545,0.31224,0.95211
3634,6955.3,39182171,2537060,0.609,1.167,6120,10865,14554,0.00824861,0,0,0.0622,0.1098,0.3943,0.0422,0.01098,1.15502,0.12952,-0.01397,0.30272,0.95478
3635,6957.1,39193008,2537739,0.638,1.165,6012,10837,14518,0.00824535,0,0,0.064,0.1121,0.3986,0.0633,0.0112,1.15268,0.12551,-0.01452,0.29605,0.96976
3636,6958.9,39203864,2538422,0.592,1.164,6183,10856,14536,0.0082421,0,0,0.0608,0.1031,0.3921,0.0357,0.00997,1.15294,0.11569,-0.01635,0.28034,0.98706
3637,6960.7,39214716,2539110,0.63,1.167,6038,10852,14550,0.00823884,0,0,0.0616,0.1096,0.4,0.059,0.0119,1.1544,0.10694,-0.01753,0.26554,1.00722
3638,6962.5,39225570,2539785,0.606,1.201,6008,10854,14525,0.00823559,0,0,0.0603,0.1109,0.4003,0.034,0.01149,1.18866,0.122,-0.01804,0.29619,0.97845
3639,6964.6,39236467,2540470,0.887,1.203,5213,10897,14573,0.00823233,0,0,0.0789,0.1909,0.5399,0.0776,0.01291,1.18896,0.11825,-0.0165,0.28578,0.98847
3640,6966.8,39247286,2541179,0.978,1.211,4942,10819,14511,0.00822906,0,0,0.0831,0.2364,0.5464,0.1121,0.02068,1.18966,0.10592,-0.01661,0.26148,0.99795
3641,6969.0,39258163,2541878,1.055,1.201,4822,10877,14603,0.00822581,0,0,0.0816,0.2856,0.5951,0.0924,0.0116,1.18838,0.11949,-0.01587,0.28724,1.00422
3642,6971.3,39269020,2542574,1.1,1.201,4718,10857,14539,0.00822255,0,0,0.0832,0.3022,0.6041,0.1104,0.01145,1.18868,0.1233,-0.01868,0.30076,1.02136
3643,6973.4,39279910,2543263,0.86,1.202,5281,10890,14589,0.00821929,0,0,0.0816,0.1793,0.5003,0.0989,0.01142,1.18901,0.11237,-0.0167,0.27487,1.01805
3644,6975.8,39290759,2543947,1.197,1.2,4527,10849,14531,0.00821603,0,0,0.0854,0.34,0.6125,0.1586,0.01168,1.18741,0.13349,-0.01585,0.31503,0.99459
3645,6977.9,39301588,2544612,0.868,1.191,5261,10829,14509,0.00821277,0,0,0.0828,0.1868,0.5131,0.0851,0.0173,1.17132,0.13258,-0.01852,0.31856,0.99614
3646,6980.1,39312472,2545305,1.031,1.174,4937,10884,14591,0.00820952,0,0,0.0913,0.2215,0.601,0.1171,0.01464,1.15764,0.11803,-0.01769,0.28792,1.00382
3647,6982.3,39323304,2545977,1.054,1.181,4847,10832,14518,0.00820626,0,0,0.0858,0.2458,0.5515,0.1711,0.01132,1.16835,0.12437,-0.01269,0.29041,0.99199
3648,6984.6,39334175,2546665,1.145,1.177,4683,10871,14553,0.00820301,0,0,0.0826,0.2628,0.6226,0.1765,0.01214,1.16308,0.13233,-0.01639,0.31329,0.96637
3649,6986.9,39345018,2547353,1.093,1.175,4782,10843,14532,0.00819975,0,0,0.0851,0.2627,0.5794,0.1655,0.01177,1.15775,0.12711,-0.01683,0.3038,0.97021
3650,6989.3,39355898,2548022,1.233,1.172,4524,10880,14556,0.00819649,0,0,0.083,0.2714,0.6684,0.2098,0.01189,1.15955,0.14075,-0.01534,0.32737,0.92699
3651,6991.6,39366748,2548707,1.104,1.175,4762,10850,14528,0.00819323,0,0,0.082,0.2495,0.6364,0.1359,0.01195,1.16155,0.13169,-0.01727,0.3135,0.95008
3652,6994.2,39377622,2549407,1.176,1.185,4606,10874,14570,0.00818998,0,0,0.0824,0.2947,0.672,0.127,0.01393,1.16993,0.1313,-0.01357,0.30494,0.92803
3653,6996.6,39388458,2550102,1.158,1.187,4620,10836,14516,0.00818671,0,0,0.0832,0.3041,0.6693,0.1018,0.01286,1.17285,0.14076,-0.01596,0.32887,0.94224
3654,6998.9,39399285,2550799,1.152,1.19,4624,10827,14510,0.00818346,0,0,0.0822,0.3334,0.5527,0.1836,0.0126,1.17592,0.12313,-0.0172,0.29645,0.96519
3655,7001.2,39410082,2551496,1.098,1.188,4723,10797,14482,0.00818021,0,0,0.0825,0.2381,0.6235,0.1539,0.01322,1.1734,0.12723,-0.01719,0.30493,0.98318
3656,7003.5,39420881,2552203,1.09,1.188,4741,10799,14476,0.00817698,0,0,0.0838,0.2823,0.6037,0.1201,0.01213,1.1749,0.13037,-0.01678,0.31031,0.97907
3657,7005.8,39431702,2552893,1.156,1.198,4598,10821,14522,0.00817374,0,0,0.0875,0.2884,0.635,0.1446,0.02225,1.17474,0.1157,-0.01446,0.27658,0.9945
3658,7008.3,39442476,2553610,1.264,1.187,4396,10774,14474,0.00817049,0,0,0.0835,0.36,0.6373,0.1835,0.0125,1.17204,0.12066,-0.01656,0.2904,0.97678
3659,7010.6,39453248,2554320,1.188,1.168,4572,10772,14475,0.00816726,0,0,0.0931,0.3419,0.6284,0.1251,0.01122,1.1551,0.11738,-0.01513,0.28148,1.00782
3660,7012.9,39464039,2555042,1.071,1.168,4820,10791,14500,0.00816403,0,0,0.0859,0.2672,0.5884,0.129,0.01191,1.15512,0.12504,-0.01289,0.29201,0.98887
3661,7015.3,39474865,2555744,1.195,1.169,4578,10826,14531,0.00816079,0,0,0.0815,0.2912,0.6797,0.1429,0.01263,1.15571,0.12628,-0.01511,0.29881,0.98286
3662,7017.6,39485705,2556467,1.147,1.165,4689,10840,14530,0.00815754,0,0,0.0823,0.2918,0.6517,0.1208,0.00994,1.15433,0.11157,-0.01374,0.26717,1.01478
3663,7019.8,39496521,2557200,1.043,1.167,4894,10816,14508,0.00815429,0,0,0.0813,0.2942,0.5641,0.1029,0.01101,1.15516,0.09746,-0.01516,0.2417,1.01012
3664,7022.0,39507364,2557906,1.028,1.174,4924,10843,14515,0.00815104,0,0,0.0798,0.2041,0.6348,0.1094,0.01986,1.15296,0.10639,-0.01374,0.25687,1.01979
3665,7024.3,39518203,2558629,1.107,1.166,4768,10839,14547,0.00814779,0,0,0.0813,0.2845,0.6248,0.1162,0.01149,1.1538,0.09796,-0.01162,0.23567,1.01378
3666,7026.6,39529053,2559335,1.094,1.216,4697,10850,14552,0.00814454,0,0,0.081,0.2826,0.6115,0.1189,0.01148,1.2038,0.11316,-0.00994,0.26231,0.98953
3667,7028.9,39539876,2560046,1.098,1.217,4673,10823,14548,0.00814128,0,0,0.0838,0.3025,0.5936,0.1184,0.01248,1.20377,0.13161,-0.01748,0.31398,0.97033
3668,7031.1,39550702,2560742,1.002,1.218,4876,10826,14538,0.00813804,0,0,0.084,0.2404,0.5433,0.1346,0.01188,1.20495,0.1199,-0.01736,0.29034,0.9718
3669,7033.4,39561564,2561452,1.059,1.218,4770,10862,14544,0.00813479,0,0,0.0865,0.248,0.5938,0.1303,0.01264,1.20435,0.11681,-0.01591,0.28093,0.95174
3670,7035.7,39572425,2562147,1.085,1.219,4714,10861,14558,0.00813153,0,0,0.1003,0.2687,0.6193,0.097,0.01255,1.20524,0.12148,-0.01659,0.29213,0.9829
3671,7038.0,39583256,2562822,1.121,1.223,4620,10831,14522,0.00812827,0,0,0.0895,0.3085,0.5879,0.1352,0.01288,1.20294,0.11742,-0.01889,0.28845,0.9739
3672,7040.4,39594184,2563517,1.127,1.219,4659,10928,14653,0.00812502,0,0,0.0852,0.2961,0.572,0.1737,0.01193,1.20532,0.12647,-0.01438,0.29758,0.97778
3673,7042.6,39605043,2564195,1.09,1.169,4807,10859,14572,0.00812174,0,0,0.0878,0.2741,0.5922,0.1362,0.01205,1.15545,0.1279,-0.01725,0.30631,0.98591
3674,7044.8,39615898,2564879,1.009,1.166,4992,10855,14581,0.00811849,0,0,0.0809,0.2498,0.5841,0.0941,0.01143,1.15351,0.11432,-0.01511,0.27488,0.98658
3675,7046.9,39626818,2565567,0.896,1.169,5287,10920,14636,0.00811523,0,0,0.0814,0.1852,0.543,0.0868,0.0133,1.15458,0.11445,-0.01699,0.27846,0.96022
3676,7048.9,39637750,2566240,0.899,1.169,5286,10932,14633,0.00811195,0,0,0.0807,0.1896,0.5441,0.085,0.01165,1.15589,0.11814,-0.01596,0.28343,0.9382
3677,7051.2,39648604,2566923,1.112,1.165,4767,10854,14567,0.00810868,0,0,0.083,0.2903,0.6156,0.1227,0.01086,1.15329,0.13211,-0.01384,0.30721,0.9441
3678,7053.4,39659514,2567611,1.033,1.171,4950,10910,14642,0.00810542,0,0,0.087,0.2338,0.5913,0.1205,0.0127,1.15743,0.12692,-0.01534,0.30034,0.97631
3679,7055.6,39670373,2568296,1.032,1.171,4928,10859,14564,0.00810215,0,0,0.0828,0.2845,0.5758,0.0893,0.0142,1.15629,0.11718,-0.01764,0.28552,0.97984
3680,7058.1,39681223,2568984,1.316,1.177,4353,10850,14557,0.00809889,0,0,0.091,0.3364,0.708,0.1806,0.01274,1.16259,0.13805,-0.01514,0.32185,0.95496
3681,7060.4,39692018,2569679,1.105,1.181,4723,10795,14508,0.00809563,0,0,0.0838,0.313,0.5886,0.1192,0.0122,1.16713,0.12344,-0.01559,0.29396,0.98211
3682,7062.8,39702850,2570390,1.23,1.183,4488,10832,14568,0.00809239,0,0,0.0837,0.2848,0.6388,0.223,0.01467,1.16738,0.1126,-0.01212,0.26516,0.97135
3683,7065.1,39713724,2571106,1.139,1.178,4692,10874,14582,0.00808915,0,0,0.0835,0.2788,0.6837,0.0934,0.01108,1.16601,0.11975,-0.01416,0.28319,0.9504
3684,7067.5,39724537,2571787,1.185,1.17,4591,10813,14517,0.00808588,0,0,0.0825,0.2681,0.6608,0.174,0.01223,1.15646,0.11605,-0.01595,0.27949,0.95739
3685,7069.8,39735355,2572486,1.097,1.173,4765,10818,14521,0.00808264,0,0,0.0852,0.2661,0.6433,0.1022,0.01395,1.15838,0.12239,-0.01649,0.29366,0.98315
3686,7072.1,39746151,2573181,1.143,1.169,4670,10796,14483,0.00807939,0,0,0.0823,0.2868,0.6458,0.1276,0.01191,1.15605,0.13243,-0.01171,0.30357,0.94586
3687,7074.3,39756955,2573863,1.041,1.169,4888,10804,14515,0.00807615,0,0,0.0837,0.299,0.5576,0.1009,0.01225,1.15537,0.11023,-0.01653,0.26901,0.95768
3688,7076.7,39767734,2574546,1.233,1.172,4481,10779,14496,0.00807291,0,0,0.0851,0.3146,0.6976,0.1359,0.01614,1.15496,0.1126,-0.01553,0.27242,1.00153
3689,7079.0,39778555,2575218,1.186,1.172,4589,10821,14525,0.00806968,0,0,0.0854,0.3562,0.6244,0.1203,0.01337,1.15721,0.11877,-0.01806,0.28958,0.986
3690,7081.4,39789348,2575902,1.138,1.169,4678,10793,14494,0.00806643,0,0,0.0862,0.3221,0.603,0.1266,0.01233,1.15582,0.12674,-0.01558,0.30051,0.9836
3691,7083.7,39800157,2576573,1.147,1.17,4666,10809,14486,0.0080632,0,0,0.0835,0.2955,0.644,0.1241,0.01268,1.15589,0.12498,-0.01629,0.29805,0.96094
3692,7085.9,39810959,2577243,1.043,1.171,4880,10802,14484,0.00805995,0,0,0.0811,0.2746,0.5772,0.1101,0.01409,1.15552,0.12624,-0.01802,0.30409,0.96684
3693,7088.1,39821769,2577925,1.017,1.169,4945,10810,14515,0.00805671,0,0,0.079,0.2521,0.5736,0.1123,0.01154,1.15615,0.13404,-0.01236,0.30831,0.96307
3694,7090.3,39832555,2578603,0.996,1.247,4808,10786,14488,0.00805347,0,0,0.0826,0.2436,0.5642,0.1058,0.01207,1.23378,0.11143,-0.01586,0.27043,0.98355
3695,7092.5,39843344,2579284,0.951,1.279,4838,10789,14483,0.00805023,0,0,0.0919,0.2207,0.5778,0.0607,0.01213,1.26547,0.11291,-0.01703,0.27588,0.99277
3696,7094.7,39854112,2579963,0.902,1.281,4934,10768,14472,0.008047,0,0,0.0909,0.2005,0.5333,0.0771,0.01236,1.2672,0.12202,-0.01335,0.28629,0.96569
3697,7096.9,39864925,2580648,0.934,1.283,4878,10813,14479,0.00804377,0,0,0.0885,0.2079,0.5514,0.0859,0.01303,1.26872,0.11479,-0.01206,0.26946,0.98035
3698,7099.0,39875689,2581323,0.755,1.274,5305,10764,14462,0.00804052,0,0,0.0792,0.1651,0.4727,0.0379,0.01215,1.26077,0.12071,-0.01688,0.29066,0.96256
3699,7101.0,39886482,2582020,0.725,1.248,5471,10793,14488,0.00803729,0,0,0.0759,0.1408,0.4559,0.0523,0.0114,1.23539,0.11854,-0.017,0.28706,0.99354
3700,7102.8,39897280,2582687,0.693,1.187,5744,10798,14462,0.00803406,0,0,0.0695,0.131,0.4292,0.0632,0.01514,1.17099,0.11842,-0.01717,0.28699,0.98404
3701,7104.7,39908116,2583372,0.688,1.181,5799,10836,14541,0.00803082,0,0,0.067,0.1282,0.4199,0.0728,0.01125,1.16876,0.11753,-0.01726,0.28533,0.98004
3702,7106.8,39918949,2584052,0.7,1.183,5752,10833,14538,0.00802757,0,0,0.0705,0.1435,0.4334,0.053,0.01092,1.17099,0.11486,-0.01571,0.27682,0.97768
3703,7108.6,39929786,2584714,0.636,1.184,5956,10837,14525,0.00802432,0,0,0.0667,0.1208,0.4121,0.0362,0.01116,1.17151,0.11905,-0.0167,0.28686,0.95772
3704,7110.6,39940632,2585384,0.756,1.183,5593,10846,14525,0.00802106,0,0,0.0755,0.1518,0.4624,0.0663,0.01139,1.17115,0.11977,-0.01644,0.28765,0.95019
3705,7112.5,39951474,2586079,0.703,1.184,5744,10842,14556,0.00801781,0,0,0.0726,0.1447,0.4339,0.0523,0.01137,1.17202,0.1102,-0.01774,0.27121,0.95508
3706,7114.4,39962218,2586753,0.756,1.17,5580,10744,14418,0.00801456,0,0,0.0741,0.1382,0.4667,0.0767,0.01215,1.1566,0.12945,-0.01598,0.30542,0.90792
3707,7116.3,39973022,2587429,0.74,1.167,5665,10804,14510,0.00801133,0,0,0.0756,0.1532,0.4727,0.0387,0.01112,1.15479,0.12272,-0.01776,0.29601,0.93896
3708,7118.2,39983818,2588114,0.717,1.166,5732,10796,14496,0.00800809,0,0,0.0748,0.1476,0.4353,0.0595,0.01204,1.15337,0.11387,-0.01679,0.27658,0.95292
3709,7120.0,39994588,2588799,0.645,1.165,5949,10770,14482,0.00800485,0,0,0.0687,0.1223,0.4202,0.0338,0.01155,1.15289,0.10702,-0.01377,0.25649,0.93188
3710,7121.9,40005376,2589477,0.712,1.17,5733,10788,14475,0.00800162,0,0,0.0673,0.1345,0.4331,0.0766,0.01274,1.15635,0.10614,-0.01488,0.25691,0.92874
3711,7123.7,40016159,2590144,0.636,1.164,5992,10783,14477,0.00799839,0,0,0.0676,0.1249,0.408,0.0355,0.01055,1.15196,0.11781,-0.01544,0.28125,0.92176
3712,7125.5,40026921,2590830,0.663,1.164,5892,10762,14472,0.00799515,0,0,0.0676,0.121,0.414,0.0603,0.01093,1.15214,0.11238,-0.014,0.26792,0.94842
3713,7127.3,40037688,2591517,0.63,1.166,5997,10767,14479,0.00799192,0,0,0.0655,0.1156,0.4141,0.0346,0.01118,1.15331,0.09242,-0.01755,0.23527,0.95834
3714,7129.2,40048487,2592207,0.728,1.168,5697,10799,14513,0.00798869,0,0,0.0747,0.1395,0.4523,0.0615,0.01181,1.15483,0.11256,-0.0151,0.27034,0.94069
3715,7131.5,40059246,2592863,1.169,1.168,4604,10759,14470,0.00798545,0,0,0.0846,0.2731,0.661,0.1505,0.01183,1.15498,0.1174,-0.01733,0.28437,0.93424
3716,7134.0,40070061,2593543,1.305,1.172,4366,10815,14522,0.00798223,0,0,0.0834,0.3434,0.6683,0.2101,0.01311,1.15779,0.12491,-0.0155,0.29532,0.90883
3717,7136.6,40080825,2594210,1.41,1.201,4123,10764,14461,0.00797898,0,0,0.0968,0.4116,0.7496,0.1517,0.023,1.15928,0.11705,-0.01364,0.27632,0.93694
3718,7139.2,40091615,2594882,1.396,1.173,4200,10790,14485,0.00797575,0,0,0.0874,0.4057,0.6923,0.2107,0.01206,1.15991,0.11885,-0.015,0.28196,0.89272
3719,7141.8,40102392,2595550,1.444,1.185,4098,10777,14462,0.00797252,0,0,0.0873,0.4137,0.7227,0.2208,0.02088,1.16317,0.11718,-0.01389,0.27664,0.90887
3720,7144.4,40113172,2596236,1.362,1.181,4240,10780,14471,0.00796928,0,0,0.0941,0.422,0.7047,0.141,0.01204,1.15956,0.11781,-0.0116,0.27346,0.91847
3721,7146.9,40123931,2596917,1.303,1.172,4349,10759,14446,0.00796605,0,0,0.089,0.3557,0.6884,0.1695,0.01237,1.15772,0.1084,-0.01444,0.26002,0.90077
3722,7149.5,40134697,2597603,1.434,1.175,4127,10766,14442,0.00796282,0,0,0.1179,0.4616,0.692,0.1622,0.01357,1.16039,0.11032,-0.0128,0.26073,0.90968
3723,7151.7,40145468,2598294,1.033,1.169,4891,10771,14472,0.00795959,0,0,0.0845,0.2458,0.5852,0.1171,0.01219,1.15622,0.11381,-0.01263,0.26695,0.88298
3724,7153.9,40156181,2599001,1.017,1.208,4815,10713,14429,0.00795636,0,0,0.0826,0.2355,0.5636,0.1357,0.01232,1.19428,0.10723,-0.0126,0.25392,0.89574
3725,7155.9,40166954,2599660,0.761,1.28,5277,10773,14466,0.00795315,0,0,0.0791,0.1578,0.4856,0.0388,0.01203,1.26724,0.10264,-0.01319,0.24592,0.89681
3726,7158.0,40177746,2600348,0.759,1.285,5280,10792,14517,0.00794991,0,0,0.0708,0.1326,0.452,0.1036,0.01333,1.27036,0.09751,-0.01119,0.23168,0.89825
3727,7160.3,40188540,2601039,1.03,1.288,4658,10794,14532,0.00794668,0,0,0.0874,0.2768,0.5588,0.1068,0.01604,1.2707,0.08568,-0.01385,0.21347,0.90781
3728,7162.6,40199382,2601705,1.152,1.183,4644,10842,14547,0.00794344,0,0,0.0891,0.2831,0.6592,0.1207,0.01179,1.16988,0.11037,-0.01201,0.25936,0.91929
3729,7164.9,40210184,2602383,1.027,1.184,4885,10802,14535,0.00794019,0,0,0.08,0.2533,0.6027,0.0914,0.01165,1.17129,0.10679,-0.01137,0.25093,0.91969
3730,7167.0,40221016,2603046,0.972,1.186,5020,10832,14536,0.00793694,0,0,0.0811,0.2217,0.5787,0.0904,0.01436,1.1708,0.11121,-0.01312,0.26288,0.89522
3731,7168.9,40231859,2603713,0.751,1.184,5602,10843,14555,0.0079337,0,0,0.0813,0.1632,0.4629,0.0439,0.01167,1.17136,0.10891,-0.01019,0.25243,0.89719
3732,7170.9,40242706,2604380,0.791,1.167,5539,10847,14556,0.00793044,0,0,0.0797,0.1582,0.4732,0.0802,0.01145,1.15438,0.12201,-0.0137,0.28592,0.91435
3733,7172.9,40253531,2605045,0.795,1.165,5524,10825,14527,0.00792719,0,0,0.0804,0.1688,0.502,0.0433,0.01176,1.15227,0.1081,-0.0146,0.25986,0.91278
3734,7174.9,40264333,2605722,0.843,1.175,5352,10802,14516,0.00792394,0,0,0.0784,0.1745,0.4816,0.1083,0.01892,1.15549,0.10449,-0.01435,0.25222,0.91711
3735,7176.9,40275113,2606395,0.866,1.169,5296,10780,14487,0.0079207,0,0,0.081,0.1913,0.5015,0.0924,0.0118,1.1563,0.10584,-0.01524,0.25647,0.90223
3736,7178.8,40285903,2607084,0.75,1.166,5631,10790,14496,0.00791747,0,0,0.0771,0.1556,0.4564,0.0607,0.01175,1.15364,0.10697,-0.01456,0.25733,0.90119
3737,7180.8,40296689,2607771,0.789,1.169,5510,10786,14485,0.00791423,0,0,0.0778,0.1604,0.4666,0.0838,0.01253,1.15544,0.11577,-0.01625,0.27815,0.89189
3738,7182.7,40307452,2608465,0.728,1.167,5679,10763,14474,0.00791099,0,0,0.0752,0.1509,0.4573,0.0445,0.0112,1.15509,0.11314,-0.01401,0.26878,0.91615
3739,7184.6,40318220,2609151,0.715,1.164,5730,10768,14500,0.00790776,0,0,0.0698,0.1415,0.4329,0.0713,0.01144,1.15158,0.11388,-0.01179,0.26567,0.90536
3740,7186.4,40328993,2609857,0.686,1.165,5818,10773,14470,0.00790453,0,0,0.0726,0.138,0.4368,0.0388,0.0116,1.15276,0.1077,-0.01313,0.25618,0.91912
3741,7188.3,40339768,2610538,0.743,1.168,5640,10775,14475,0.0079013,0,0,0.0712,0.1452,0.4515,0.0747,0.0112,1.15525,0.11045,-0.01358,0.26242,0.90781
3742,7190.3,40350538,2611223,0.788,1.167,5511,10770,14472,0.00789807,0,0,0.0766,0.1628,0.4827,0.0658,0.01175,1.15374,0.11001,-0.01349,0.26157,0.92212
3743,7192.3,40361347,2611910,0.805,1.168,5477,10809,14497,0.00789484,0,0,0.0807,0.1779,0.4966,0.0502,0.01183,1.15521,0.11212,-0.01256,0.26387,0.91884
3744,7194.2,40372145,2612584,0.733,1.167,5683,10798,14516,0.0078916,0,0,0.0787,0.1481,0.4484,0.0575,0.01208,1.15456,0.11372,-0.01175,0.26568,0.93433
3745,7196.0,40382962,2613274,0.691,1.166,5824,10817,14518,0.00788836,0,0,0.0761,0.14,0.4398,0.0353,0.01124,1.1542,0.11018,-0.01359,0.26216,0.92668
3746,7197.9,40393746,2613961,0.714,1.188,5673,10784,14483,0.00788511,0,0,0.0747,0.1399,0.4303,0.0687,0.01162,1.17483,0.11721,-0.00937,0.26769,0.92208
3747,7199.8,40404517,2614628,0.703,1.164,5767,10771,14470,0.00788188,0,0,0.0758,0.146,0.4459,0.0357,0.01026,1.1529,0.11083,-0.01176,0.25974,0.92408
3748,7201.7,40415361,2615330,0.732,1.165,5716,10844,14532,0.00787864,0,0,0.0745,0.1489,0.4377,0.0711,0.01137,1.15284,0.11082,-0.01493,0.26612,0.9276
3749,7203.6,40426158,2616010,0.729,1.167,5694,10797,14516,0.00787539,0,0,0.0734,0.1404,0.4337,0.0815,0.01211,1.15419,0.106,-0.01379,0.25474,0.96202
3750,7205.5,40436940,2616669,0.715,1.167,5730,10782,14471,0.00787215,0,0,0.0748,0.1428,0.4356,0.0619,0.01151,1.15405,0.09738,-0.01257,0.23503,0.96117
3751,7207.4,40447719,2617379,0.739,1.168,5651,10779,14511,0.00786892,0,0,0.0761,0.1539,0.4646,0.0448,0.01185,1.15523,0.11113,-0.01512,0.26794,0.98085
3752,7209.5,40458529,2618047,0.733,1.166,5695,10810,14489,0.00786568,0,0,0.0737,0.1404,0.4389,0.0798,0.01171,1.15304,0.10182,-0.01686,0.25276,0.97899
3753,7211.3,40469356,2618744,0.631,1.164,6031,10827,14505,0.00786244,0,0,0.061,0.1102,0.4047,0.055,0.01067,1.15273,0.10409,-0.01665,0.25661,0.96218
3754,7213.1,40480142,2619426,0.649,1.169,5933,10786,14481,0.00785919,0,0,0.0672,0.1188,0.4188,0.0443,0.01279,1.15515,0.12298,-0.01523,0.29188,0.98367
3755,7215.0,40490942,2620113,0.713,1.165,5749,10800,14511,0.00785596,0,0,0.0718,0.1346,0.4336,0.0734,0.01083,1.15335,0.10968,-0.01573,0.26573,0.94868
3756,7217.4,40501678,2620797,0.775,1.169,5522,10736,14406,0.00785272,0,0,0.0755,0.1637,0.4493,0.0868,0.01151,1.15582,0.11692,-0.01296,0.27426,0.92302
3757,7219.4,40512426,2621486,0.822,1.241,5210,10748,14426,0.0078495,0,0,0.0785,0.172,0.4776,0.0944,0.01247,1.22719,0.10554,-0.01427,0.25455,0.95131
3758,7221.4,40523188,2622171,0.779,1.237,5337,10762,14435,0.00784627,0,0,0.0828,0.1593,0.464,0.0731,0.01129,1.22506,0.10764,-0.01703,0.26423,0.94931
3759,7223.6,40533923,2622869,0.887,1.222,5091,10735,14431,0.00784304,0,0,0.0829,0.1775,0.5022,0.124,0.01307,1.20776,0.10208,-0.01247,0.24381,0.93771
3760,7225.5,40544694,2623576,0.775,1.187,5490,10771,14456,0.00783982,0,0,0.0802,0.169,0.4786,0.0472,0.01201,1.17394,0.12171,-0.01423,0.28679,0.95129
3761,7227.4,40555522,2624251,0.752,1.171,5629,10828,14508,0.00783659,0,0,0.0739,0.1498,0.4567,0.0719,0.01176,1.15833,0.11535,-0.01226,0.27004,0.94606
3762,7229.4,40566273,2624929,0.744,1.171,5617,10751,14433,0.00783334,0,0,0.0757,0.1553,0.4671,0.0455,0.01254,1.15671,0.11893,-0.01439,0.28141,0.94294
3763,7231.3,40577008,2625613,0.787,1.173,5478,10735,14406,0.00783012,0,0,0.0748,0.1588,0.4619,0.0915,0.0123,1.15935,0.12082,-0.01453,0.28586,0.96836
3764,7233.3,40587781,2626281,0.772,1.173,5540,10773,14467,0.0078269,0,0,0.076,0.1561,0.4657,0.074,0.01191,1.15971,0.12101,-0.01646,0.28943,0.92537
3765,7235.3,40598555,2626970,0.845,1.17,5346,10774,14462,0.00782367,0,0,0.0778,0.1816,0.4907,0.095,0.0135,1.1556,0.11107,-0.01468,0.26639,0.95117
3766,7237.2,40609304,2627661,0.738,1.171,5632,10749,14410,0.00782043,0,0,0.0762,0.1533,0.4641,0.044,0.01288,1.15725,0.11357,-0.01382,0.26974,0.95647
3767,7239.1,40620072,2628350,0.76,1.168,5584,10768,14435,0.00781721,0,0,0.075,0.1539,0.4559,0.0755,0.01161,1.15586,0.10948,-0.01545,0.26492,0.96253
3768,7241.0,40630796,2629030,0.751,1.168,5587,10724,14416,0.00781398,0,0,0.0739,0.1528,0.4507,0.0736,0.01207,1.15525,0.11439,-0.01513,0.27435,0.97938
3769,7243.0,40641588,2629718,0.753,1.166,5624,10792,14471,0.00781076,0,0,0.0746,0.1487,0.4524,0.0776,0.01092,1.154,0.10805,-0.01507,0.26118,0.95537
3770,7244.8,40652367,2630404,0.698,1.17,5769,10779,14449,0.00780752,0,0,0.0712,0.1373,0.4439,0.046,0.01266,1.15648,0.13004,-0.01107,0.29685,0.93725
3771,7246.8,40663136,2631085,0.799,1.169,5474,10769,14472,0.00780429,0,0,0.0772,0.153,0.4736,0.0948,0.01142,1.15619,0.12746,-0.01547,0.30066,0.94828
3772,7248.7,40673904,2631786,0.764,1.166,5578,10768,14474,0.00780106,0,0,0.0793,0.1691,0.4716,0.0441,0.01159,1.15371,0.11188,-0.01359,0.26567,0.9452
3773,7250.6,40684669,2632458,0.741,1.188,5579,10765,14489,0.00779783,0,0,0.073,0.1416,0.4439,0.0828,0.0118,1.17533,0.1142,-0.01282,0.2689,0.95385
3774,7252.7,40695422,2633145,0.817,1.192,5352,10753,14474,0.0077946,0,0,0.081,0.1542,0.4706,0.111,0.01185,1.17937,0.11062,-0.01314,0.26239,0.9546
3775,7254.8,40706216,2633833,0.967,1.194,4996,10794,14499,0.00779137,0,0,0.0839,0.1848,0.494,0.2045,0.01192,1.18032,0.11277,-0.01345,0.2672,0.94716
3776,7256.8,40717076,2634511,0.835,1.191,5360,10860,14587,0.00778814,0,0,0.0803,0.1636,0.4745,0.1165,0.01103,1.17917,0.11674,-0.01331,0.27522,0.97162
3777,7258.8,40727893,2635188,0.766,1.172,5583,10817,14534,0.00778488,0,0,0.078,0.1574,0.4667,0.0638,0.01216,1.1585,0.10085,-0.01541,0.24768,0.97335
3778,7260.8,40738744,2635864,0.808,1.171,5482,10851,14538,0.00778163,0,0,0.0785,0.1713,0.4604,0.0981,0.01318,1.15699,0.11295,-0.01098,0.26206,0.91252
3779,7262.7,40749541,2636540,0.787,1.171,5515,10797,14507,0.00777838,0,0,0.0776,0.1618,0.4688,0.0788,0.01308,1.15662,0.11186,-0.01323,0.2646,0.9273
3780,7264.7,40760327,2637217,0.841,1.169,5367,10786,14484,0.00777514,0,0,0.083,0.1817,0.4771,0.0992,0.01189,1.15568,0.09927,-0.01206,0.23714,0.9314
3781,7266.7,40771124,2637889,0.802,1.17,5474,10797,14520,0.0077719,0,0,0.079,0.1615,0.4725,0.089,0.01078,1.1585,0.11619,-0.01201,0.27092,0.93375
3782,7268.7,40781912,2638575,0.83,1.17,5394,10788,14489,0.00776866,0,0,0.0802,0.1688,0.4755,0.1052,0.01203,1.15714,0.11008,-0.01275,0.2602,0.93517
3783,7271.3,40792713,2639245,1.387,1.176,4215,10801,14501,0.00776543,0,0,0.1788,0.2408,0.8418,0.1252,0.01782,1.15678,0.10557,-0.01513,0.25587,0.93149
3784,7273.8,40803494,2639918,1.362,1.192,4221,10781,14500,0.00776219,0,0,0.1388,0.2347,0.7038,0.2845,0.027,1.16422,0.1236,-0.01295,0.28745,0.92473
3785,7276.4,40814293,2640601,1.43,1.175,4145,10799,14508,0.00775895,0,0,0.2612,0.2799,0.7738,0.1152,0.01299,1.16107,0.11703,-0.01417,0.27682,0.93012
3786,7278.9,40825078,2641273,1.32,1.177,4319,10785,14511,0.00775571,0,0,0.2465,0.2475,0.7017,0.1246,0.01498,1.16103,0.11027,-0.01216,0.25979,0.96272
3787,7281.3,40835839,2641951,1.175,1.182,4566,10761,14476,0.00775248,0,0,0.1374,0.2535,0.6806,0.1039,0.02134,1.15939,0.12775,-0.01392,0.29833,0.96622
3788,7283.6,40846642,2642623,1.097,1.199,4705,10803,14492,0.00774925,0,0,0.1253,0.2613,0.6075,0.1025,0.01157,1.18673,0.11634,-0.00897,0.26548,0.95882
3789,7286.6,40857489,2643294,1.737,1.264,3614,10847,14549,0.00774601,0,0,0.4215,0.3421,0.8599,0.114,0.01249,1.24998,0.10887,-0.0153,0.26317,0.95721
3790,7289.3,40868318,2643977,1.474,1.2,4048,10829,14571,0.00774275,0,0,0.2922,0.2305,0.8469,0.1048,0.01328,1.1862,0.10506,-0.0162,0.25794,0.99585
3791,7291.9,40879112,2644627,1.428,1.206,4099,10794,14485,0.0077395,0,0,0.2345,0.2311,0.824,0.1379,0.01364,1.19001,0.1043,-0.01359,0.25087,0.97547
3792,7294.5,40889909,2645288,1.367,1.206,4197,10797,14497,0.00773627,0,0,0.2238,0.2246,0.8137,0.1046,0.02042,1.184,0.11138,-0.01404,0.26605,0.98397
3793,7297.1,40900750,2645950,1.453,1.217,4061,10841,14549,0.00773303,0,0,0.2402,0.2519,0.841,0.1196,0.01878,1.19663,0.10903,-0.01494,0.263,0.97372
3794,7299.9,40911597,2646624,1.627,1.187,3854,10847,14569,0.00772978,0,0,0.3597,0.2684,0.8868,0.1124,0.01233,1.17389,0.11514,-0.01333,0.27212,0.98152
3795,7302.8,40922409,2647300,1.647,1.228,3761,10812,14530,0.00772652,0,0,0.3544,0.2661,0.9041,0.1225,0.01758,1.20886,0.10498,-0.01245,0.25003,0.98118
3796,7305.3,40933251,2647978,1.256,1.196,4421,10842,14545,0.00772328,0,0,0.1688,0.2889,0.6949,0.1032,0.02457,1.17068,0.10739,-0.01362,0.25673,0.9526
3797,7308.0,40944085,2648644,1.545,1.215,3925,10834,14558,0.00772002,0,0,0.2143,0.2817,0.7714,0.2778,0.02044,1.18611,0.11668,-0.00939,0.26686,0.95294
3798,7310.8,40954940,2649326,1.554,1.22,3912,10855,14591,0.00771677,0,0,0.2691,0.3484,0.8229,0.1138,0.01321,1.20622,0.1054,-0.01486,0.25592,0.9986
3799,7313.4,40965773,2650000,1.436,1.184,4134,10833,14561,0.00771352,0,0,0.2082,0.3491,0.7782,0.1005,0.02264,1.16064,0.11208,-0.01549,0.2702,0.9768
3800,7315.9,40976602,2650671,1.27,1.189,4403,10829,14528,0.00771027,0,0,0.1651,0.2771,0.6894,0.1388,0.01383,1.17439,0.12337,-0.01764,0.29651,0.93918
3801,7319.2,40987433,2651345,1.239,1.276,4307,10831,14549,0.00770702,0,0,0.167,0.2378,0.7187,0.115,0.01492,1.26046,0.11253,-0.0154,0.27083,0.9712
3802,7321.9,40998314,2651998,1.163,1.188,4628,10881,14588,0.00770377,0,0,0.1776,0.2316,0.6517,0.1024,0.01158,1.17497,0.11405,-0.0165,0.27582,0.9567
3803,7324.0,41009195,2652644,1.002,1.187,4970,10881,14591,0.00770051,0,0,0.0979,0.2261,0.5687,0.1095,0.01215,1.17373,0.10987,-0.01809,0.27078,0.96512
3804,7326.3,41020080,2653298,1.015,1.195,4926,10885,14586,0.00769724,0,0,0.0863,0.2319,0.5552,0.1418,0.01363,1.1797,0.11029,-0.01688,0.26945,0.98112
3805,7328.4,41030943,2653952,0.991,1.186,4991,10863,14569,0.00769398,0,0,0.0921,0.2007,0.5073,0.1905,0.01169,1.17296,0.11025,-0.01571,0.2666,0.95418
3806,7330.5,41041835,2654585,0.892,1.178,5263,10892,14609,0.00769072,0,0,0.0917,0.1976,0.4965,0.106,0.01223,1.1643,0.13424,-0.01304,0.3092,0.95259
3807,7332.6,41052710,2655250,0.937,1.17,5160,10875,14586,0.00768745,0,0,0.0877,0.2275,0.5063,0.1156,0.01366,1.15572,0.11484,-0.0171,0.27847,0.94805
3808,7334.6,41063597,2655889,0.842,1.176,5397,10887,14613,0.00768419,0,0,0.0865,0.1965,0.4933,0.0655,0.01406,1.16024,0.11259,-0.01792,0.27538,0.93428
3809,7336.7,41074499,2656547,0.846,1.178,5388,10902,14615,0.00768092,0,0,0.0859,0.1753,0.4805,0.1041,0.01306,1.16376,0.12533,-0.01457,0.29435,0.94696
3810,7338.6,41085357,2657189,0.808,1.17,5489,10858,14564,0.00767765,0,0,0.0848,0.1732,0.4609,0.0891,0.01235,1.15679,0.11946,-0.01639,0.28573,0.91396
3811,7340.6,41096236,2657842,0.774,1.176,5577,10879,14569,0.00767439,0,0,0.0814,0.1734,0.4737,0.0458,0.01416,1.16149,0.12143,-0.01572,0.28871,0.93843
3812,7342.7,41107127,2658496,0.914,1.172,5219,10891,14610,0.00767113,0,0,0.0859,0.2075,0.5124,0.1087,0.01277,1.15839,0.11998,-0.01422,0.28259,0.92556
3813,7344.6,41118045,2659136,0.78,1.168,5604,10918,14621,0.00766786,0,0,0.0797,0.154,0.4645,0.0822,0.01146,1.15535,0.10539,-0.01464,0.25469,0.95483
3814,7346.6,41128979,2659806,0.806,1.18,5504,10934,14634,0.00766459,0,0,0.0804,0.1637,0.4705,0.0915,0.01349,1.1658,0.1149,-0.01257,0.26985,0.97264
3815,7348.6,41139914,2660453,0.795,1.19,5509,10935,14658,0.00766131,0,0,0.0823,0.1524,0.47,0.09,0.01238,1.17622,0.1174,-0.01398,0.27738,0.95378
3816,7350.5,41150852,2661113,0.747,1.187,5655,10938,14648,0.00765803,0,0,0.08,0.1561,0.464,0.047,0.01203,1.17428,0.1218,-0.01372,0.28531,0.93195
3817,7352.5,41161785,2661761,0.781,1.183,5568,10933,14645,0.00765474,0,0,0.0797,0.163,0.4643,0.0739,0.01156,1.16999,0.12184,-0.01395,0.2862,0.95537
3818,7354.4,41172736,2662406,0.742,1.184,5689,10951,14643,0.00765146,0,0,0.0742,0.1373,0.4404,0.0896,0.01182,1.17095,0.11872,-0.01219,0.27593,0.92151
3819,7356.3,41183626,2663051,0.697,1.183,5793,10890,14597,0.00764818,0,0,0.0733,0.1368,0.4415,0.045,0.01204,1.17057,0.11861,-0.01291,0.27728,0.93127
3820,7358.2,41194486,2663695,0.702,1.181,5766,10860,14569,0.00764491,0,0,0.0708,0.1337,0.4369,0.0609,0.01192,1.16859,0.11189,-0.01604,0.27013,0.93354
3821,7360.1,41205366,2664341,0.71,1.184,5744,10880,14598,0.00764165,0,0,0.0729,0.1547,0.4328,0.0494,0.01179,1.17167,0.10028,-0.01636,0.24788,0.95505
3822,7362.0,41216252,2664980,0.707,1.181,5765,10886,14568,0.00763839,0,0,0.07,0.1396,0.4281,0.0696,0.01176,1.16841,0.11319,-0.01208,0.26492,0.9413
3823,7363.8,41227113,2665642,0.638,1.166,6021,10861,14558,0.00763512,0,0,0.0671,0.1228,0.4122,0.0357,0.01127,1.15387,0.1105,-0.01158,0.25808,0.91198
3824,7365.6,41237978,2666303,0.644,1.164,6010,10865,14560,0.00763187,0,0,0.0665,0.1176,0.4138,0.0458,0.01179,1.15153,0.121,-0.01337,0.28277,0.9188
3825,7367.5,41248809,2666966,0.716,1.167,5752,10831,14556,0.00762861,0,0,0.0694,0.1337,0.4466,0.0661,0.01132,1.155,0.10227,-0.01635,0.25176,0.95301
3826,7369.3,41259641,2667633,0.656,1.164,5952,10832,14535,0.00762536,0,0,0.0649,0.1169,0.4113,0.063,0.01131,1.15172,0.09645,-0.01844,0.24418,0.94448
3827,7371.1,41270471,2668294,0.61,1.164,6104,10830,14535,0.00762211,0,0,0.0631,0.1137,0.3975,0.036,0.01134,1.15205,0.1066,-0.01604,0.25947,0.93147
3828,7372.9,41281295,2668959,0.682,1.164,5862,10824,14541,0.00761886,0,0,0.0656,0.1229,0.43,0.064,0.01121,1.15193,0.10966,-0.01453,0.26253,0.9287
3829,7374.7,41292195,2669620,0.661,1.167,5962,10900,14625,0.00761561,0,0,0.0629,0.1142,0.4185,0.0655,0.01235,1.15396,0.11006,-0.01245,0.25936,0.94157
3830,7376.6,41303038,2670289,0.656,1.166,5950,10843,14546,0.00761234,0,0,0.0637,0.1167,0.4124,0.0637,0.01113,1.15396,0.09885,-0.01347,0.23874,0.92633
3831,7378.4,41313875,2670946,0.671,1.173,5878,10837,14524,0.00760909,0,0,0.0623,0.1162,0.4265,0.0661,0.0121,1.15941,0.10997,-0.01674,0.26732,0.91439
3832,7380.3,41324719,2671628,0.724,1.182,5688,10844,14539,0.00760584,0,0,0.0696,0.1251,0.4429,0.0864,0.01129,1.17019,0.09703,-0.01537,0.23885,0.92421
3833,7382.2,41335544,2672286,0.677,1.185,5815,10825,14525,0.00760258,0,0,0.064,0.1208,0.4253,0.0665,0.01243,1.171,0.11503,-0.01461,0.27278,0.88756
3834,7384.0,41346390,2672955,0.653,1.185,5900,10846,14552,0.00759934,0,0,0.0645,0.1185,0.43,0.0401,0.01239,1.17204,0.10845,-0.01367,0.25871,0.95206
3835,7386.0,41357302,2673611,0.777,1.184,5565,10912,14598,0.00759608,0,0,0.0733,0.161,0.4757,0.0667,0.01225,1.1705,0.12727,-0.01345,0.29537,0.91815
3836,7387.8,41368154,2674279,0.691,1.186,5783,10852,14547,0.00759281,0,0,0.0686,0.1245,0.4258,0.0719,0.01316,1.17158,0.11416,-0.01616,0.27479,0.93111
3837,7389.7,41379063,2674965,0.642,1.184,5973,10909,14632,0.00758955,0,0,0.0644,0.1141,0.4263,0.0378,0.01191,1.17102,0.1237,-0.01693,0.29554,0.94126
3838,7391.5,41389942,2675632,0.681,1.183,5834,10879,14596,0.00758628,0,0,0.0644,0.1177,0.4352,0.0641,0.01228,1.17012,0.11726,-0.01583,0.28056,0.94851
3839,7393.4,41400812,2676313,0.676,1.184,5845,10870,14570,0.00758302,0,0,0.064,0.1172,0.4198,0.0752,0.01048,1.17227,0.11505,-0.01941,0.28354,0.96369
3840,7395.3,41411652,2676975,0.735,1.167,5700,10840,14536,0.00757976,0,0,0.0721,0.1356,0.4504,0.0765,0.01243,1.15411,0.1232,-0.01456,0.29024,0.97099
3841,7397.1,41422511,2677638,0.676,1.167,5894,10859,14556,0.0075765,0,0,0.0647,0.1159,0.4206,0.0744,0.01113,1.15483,0.11838,-0.01615,0.28385,0.9757
3842,7399.0,41433367,2678298,0.707,1.165,5801,10856,14552,0.00757325,0,0,0.0652,0.1242,0.4436,0.0739,0.01167,1.152,0.12386,-0.01469,0.29239,1.00911
3843,7400.8,41444206,2678975,0.67,1.165,5905,10839,14538,0.00756999,0,0,0.0651,0.1165,0.4272,0.0613,0.01202,1.15249,0.11096,-0.01487,0.26652,0.98175
3844,7402.7,41455040,2679634,0.647,1.167,5969,10834,14522,0.00756674,0,0,0.0645,0.1218,0.4217,0.0395,0.01152,1.15522,0.11616,-0.01493,0.27724,0.99518
3845,7404.5,41465886,2680295,0.698,1.168,5814,10846,14545,0.00756349,0,0,0.0649,0.1265,0.4304,0.0759,0.01171,1.15546,0.11158,-0.01801,0.27407,0.98467
3846,7406.4,41476791,2680959,0.721,1.168,5771,10905,14612,0.00756023,0,0,0.0702,0.1317,0.4473,0.072,0.01258,1.15479,0.10417,-0.01639,0.25633,1.00595
3847,7408.2,41487667,2681594,0.632,1.166,6047,10876,14584,0.00755696,0,0,0.0649,0.1226,0.4111,0.0339,0.01121,1.154,0.10881,-0.01774,0.26798,0.98462
3848,7410.1,41498554,2682233,0.669,1.168,5926,10887,14590,0.0075537,0,0,0.0662,0.1232,0.4196,0.06,0.01209,1.1549,0.096,-0.01912,0.24551,1.01139
3849,7412.0,41509454,2682868,0.796,1.186,5499,10900,14621,0.00755043,0,0,0.0765,0.1569,0.4679,0.0946,0.01327,1.17209,0.11004,-0.01753,0.2702,0.99813
3850,7413.8,41520366,2683508,0.626,1.183,6032,10912,14617,0.00754716,0,0,0.0647,0.1178,0.4013,0.0427,0.01176,1.16984,0.11046,-0.01741,0.27126,1.02756
3851,7415.7,41531293,2684139,0.638,1.184,5998,10927,14619,0.00754389,0,0,0.0622,0.1125,0.4035,0.0599,0.01215,1.17096,0.11286,-0.01489,0.27075,1.01158
3852,7417.6,41542201,2684775,0.632,1.179,6023,10908,14610,0.00754061,0,0,0.0639,0.1095,0.4004,0.0581,0.01152,1.16701,0.10271,-0.01446,0.24985,1.02886
3853,7419.5,41553089,2685417,0.66,1.18,5917,10888,14581,0.00753734,0,0,0.0657,0.1187,0.4125,0.0633,0.01113,1.16813,0.11795,-0.01584,0.2823,0.97563
3854,7421.3,41563945,2686060,0.607,1.177,6086,10856,14575,0.00753407,0,0,0.0618,0.1014,0.3845,0.0595,0.01036,1.16559,0.11426,-0.01603,0.27561,0.99826
3855,7423.0,41574813,2686721,0.602,1.181,6095,10868,14585,0.00753082,0,0,0.0647,0.1069,0.3959,0.0343,0.01168,1.16866,0.10755,-0.0166,0.26325,0.99157
3856,7424.8,41585709,2687367,0.599,1.181,6119,10896,14615,0.00752756,0,0,0.0583,0.0991,0.3788,0.0631,0.01068,1.16979,0.11535,-0.01511,0.27573,0.98406
3857,7426.6,41596561,2687999,0.622,1.181,6020,10852,14551,0.00752429,0,0,0.0621,0.1095,0.4042,0.046,0.0117,1.16834,0.11536,-0.01314,0.27124,0.94652
3858,7428.5,41607435,2688655,0.657,1.185,5904,10874,14576,0.00752103,0,0,0.0642,0.1191,0.4085,0.0652,0.01212,1.17142,0.12734,-0.014,0.29674,0.93427
3859,7430.3,41618303,2689303,0.691,1.184,5796,10868,14572,0.00751777,0,0,0.0729,0.1377,0.4378,0.0426,0.01205,1.17142,0.11929,-0.01388,0.28058,0.94795
3860,7432.2,41629146,2689947,0.692,1.184,5779,10843,14538,0.00751451,0,0,0.0727,0.1365,0.4281,0.055,0.01144,1.17157,0.12694,-0.01076,0.28948,0.93669
3861,7434.1,41640006,2690614,0.732,1.184,5667,10860,14565,0.00751126,0,0,0.0733,0.1396,0.4374,0.0818,0.01255,1.17092,0.1276,-0.01119,0.29161,0.93312
3862,7436.0,41650891,2691255,0.693,1.184,5799,10885,14595,0.007508,0,0,0.0728,0.1385,0.4405,0.0408,0.01171,1.17187,0.13089,-0.01499,0.3059,0.94104
3863,7437.9,41661751,2691918,0.672,1.185,5850,10860,14554,0.00750473,0,0,0.0696,0.126,0.4274,0.0487,0.01256,1.17099,0.12047,-0.01627,0.2882,0.98006
3864,7439.8,41672622,2692581,0.743,1.182,5645,10871,14574,0.00750147,0,0,0.0767,0.1457,0.4432,0.0775,0.01185,1.16973,0.12585,-0.01399,0.29406,0.95735
3865,7441.7,41683483,2693227,0.724,1.183,5698,10861,14579,0.00749821,0,0,0.0752,0.1447,0.4484,0.0553,0.01155,1.1701,0.12755,-0.00922,0.28764,0.9413
3866,7443.7,41694362,2693887,0.771,1.185,5561,10879,14599,0.00749496,0,0,0.0771,0.1563,0.4715,0.0664,0.01213,1.17199,0.12495,-0.01463,0.29346,0.95316
3867,7445.5,41705238,2694535,0.695,1.187,5780,10876,14593,0.00749169,0,0,0.0667,0.1251,0.4197,0.0835,0.01274,1.17309,0.11451,-0.01274,0.26906,0.97158
3868,7447.5,41716126,2695186,0.751,1.186,5620,10888,14588,0.00748843,0,0,0.0768,0.1547,0.4719,0.0481,0.01175,1.17275,0.12479,-0.01441,0.2927,0.95522
3869,7449.5,41727034,2695847,0.843,1.189,5369,10908,14618,0.00748516,0,0,0.0799,0.1706,0.4853,0.1073,0.01281,1.17427,0.12935,-0.01581,0.30504,0.98386
3870,7451.5,41737932,2696485,0.84,1.185,5380,10898,14596,0.00748189,0,0,0.0725,0.1452,0.4461,0.1764,0.01188,1.17247,0.11508,-0.0158,0.27656,0.98769
3871,7453.5,41748817,2697121,0.774,1.187,5552,10885,14576,0.00747862,0,0,0.0752,0.1476,0.4517,0.0993,0.01325,1.17257,0.12554,-0.01563,0.29691,0.97334
3872,7455.4,41759712,2697784,0.678,1.182,5858,10895,14597,0.00747535,0,0,0.0712,0.1284,0.4368,0.0416,0.01154,1.16971,0.11662,-0.01785,0.28393,1.00301
3873,7457.2,41770603,2698423,0.647,1.181,5958,10891,14594,0.00747209,0,0,0.0642,0.116,0.4095,0.0568,0.0115,1.16905,0.11295,-0.01691,0.27484,1.01235
3874,7459.0,41781496,2699078,0.655,1.182,5931,10893,14599,0.00746882,0,0,0.0634,0.1162,0.4189,0.0562,0.01081,1.17035,0.11448,-0.01714,0.27845,1.0194
3875,7460.8,41792385,2699713,0.598,1.18,6127,10889,14591,0.00746555,0,0,0.0607,0.1053,0.3968,0.035,0.01075,1.16802,0.12141,-0.01356,0.28489,1.00151
3876,7462.6,41803299,2700377,0.602,1.184,6114,10914,14627,0.00746228,0,0,0.0571,0.0982,0.3812,0.0651,0.01191,1.17091,0.11596,-0.01551,0.27774,0.99104
3877,7464.4,41814195,2701004,0.597,1.182,6124,10896,14627,0.00745901,0,0,0.0612,0.1091,0.3945,0.0323,0.01148,1.1697,0.11206,-0.01612,0.27092,0.97627
3878,7466.2,41825085,2701651,0.635,1.181,5997,10890,14599,0.00745574,0,0,0.0611,0.1068,0.396,0.0711,0.01115,1.16898,0.11561,-0.01477,0.27534,0.97704
3879,7468.0,41835991,2702294,0.6,1.184,6115,10906,14600,0.00745247,0,0,0.0618,0.1097,0.3976,0.0308,0.01239,1.17061,0.12024,-0.01539,0.28544,0.95091
3880,7469.8,41846899,2702942,0.605,1.185,6096,10908,14615,0.0074492,0,0,0.0597,0.1043,0.3879,0.0531,0.01104,1.1728,0.12479,-0.01499,0.29398,0.96716
3881,7471.6,41857828,2703591,0.639,1.184,5996,10929,14626,0.00744593,0,0,0.0629,0.1092,0.4012,0.0653,0.01108,1.17226,0.12486,-0.0163,0.29693,0.9807
3882,7473.4,41868746,2704219,0.61,1.181,6099,10918,14595,0.00744265,0,0,0.061,0.1023,0.3955,0.0508,0.01104,1.1687,0.10672,-0.017,0.26188,0.96964
3883,7475.1,41879644,2704879,0.581,1.181,6185,10898,14601,0.00743938,0,0,0.0602,0.1029,0.3887,0.029,0.0111,1.16938,0.10878,-0.0136,0.25944,0.98643
3884,7476.9,41890595,2705534,0.598,1.18,6162,10951,14647,0.00743611,0,0,0.0583,0.0992,0.3831,0.057,0.01099,1.16794,0.12462,-0.01525,0.29417,0.96878
3885,7478.7,41901493,2706170,0.577,1.183,6194,10898,14579,0.00743282,0,0,0.0591,0.0995,0.3869,0.0311,0.01145,1.17037,0.11602,-0.0162,0.27913,0.9893
3886,7480.5,41912411,2706800,0.636,1.183,6004,10918,14624,0.00742955,0,0,0.0628,0.1093,0.396,0.0679,0.01166,1.17032,0.11034,-0.01696,0.26933,0.99044
3887,7482.3,41923334,2707451,0.61,1.18,6104,10923,14652,0.00742628,0,0,0.0577,0.1023,0.3797,0.0699,0.01061,1.16848,0.10382,-0.01777,0.25858,1.03657
3888,7484.0,41934245,2708091,0.568,1.183,6234,10911,14634,0.007423,0,0,0.0573,0.1002,0.379,0.031,0.01112,1.17091,0.10634,-0.01745,0.26252,1.00771
3889,7485.8,41945113,2708736,0.598,1.18,6110,10868,14587,0.00741973,0,0,0.0591,0.0995,0.3783,0.0614,0.01079,1.1689,0.1222,-0.01545,0.2906,1.03073
3890,7487.6,41956011,2709384,0.621,1.185,6035,10898,14623,0.00741647,0,0,0.0634,0.1106,0.3991,0.0481,0.01114,1.17247,0.10899,-0.01763,0.26839,1.02196
3891,7489.5,41966873,2710018,0.677,1.184,5835,10862,14562,0.0074132,0,0,0.0702,0.1258,0.4299,0.0511,0.01119,1.17216,0.12091,-0.01774,0.2922,1.00424
3892,7491.4,41977739,2710651,0.711,1.183,5736,10866,14592,0.00740994,0,0,0.0731,0.1404,0.461,0.0367,0.0109,1.17129,0.11599,-0.01865,0.28423,1.00852
3893,7493.3,41988599,2711296,0.699,1.182,5775,10860,14570,0.00740668,0,0,0.0718,0.1395,0.4362,0.0511,0.0114,1.16937,0.11536,-0.01689,0.279,0.97947
3894,7495.0,41999483,2711954,0.575,1.183,6189,10884,14591,0.00740342,0,0,0.0603,0.1021,0.383,0.0298,0.01063,1.17214,0.12434,-0.01431,0.29202,0.99504
3895,7496.8,42010353,2712610,0.626,1.18,6018,10870,14602,0.00740016,0,0,0.0612,0.1049,0.3923,0.0679,0.01102,1.16824,0.119,-0.01482,0.2825,1.0039
3896,7498.6,42021244,2713262,0.594,1.18,6140,10891,14598,0.00739689,0,0,0.0624,0.1069,0.3922,0.0325,0.01073,1.16817,0.10547,-0.01618,0.25865,1.03773
3897,7500.4,42032134,2713912,0.641,1.182,5974,10890,14597,0.00739363,0,0,0.0627,0.1148,0.3964,0.0667,0.01185,1.16978,0.1088,-0.0157,0.26362,0.9888
3898,7502.3,42043040,2714556,0.646,1.181,5969,10906,14609,0.00739036,0,0,0.0619,0.1079,0.3974,0.079,0.01098,1.16944,0.11066,-0.01456,0.26491,0.97936
3899,7504.0,42053894,2715229,0.594,1.182,6110,10854,14564,0.00738709,0,0,0.0607,0.1056,0.395,0.0329,0.01109,1.17032,0.1132,-0.01523,0.27129,0.97693
3900,7505.9,42064765,2715876,0.667,1.184,5875,10871,14584,0.00738383,0,0,0.0655,0.1227,0.4111,0.0673,0.01249,1.17042,0.11726,-0.01567,0.28029,0.97719
3901,7507.7,42075623,2716512,0.614,1.182,6045,10858,14563,0.00738057,0,0,0.0651,0.1153,0.3997,0.0339,0.01111,1.17024,0.12599,-0.01438,0.29455,0.93482
3902,7509.6,42086543,2717168,0.608,1.182,6098,10920,14638,0.00737731,0,0,0.0623,0.1105,0.3941,0.0415,0.0108,1.1707,0.12,-0.01445,0.28307,0.96062
3903,7511.4,42097421,2717810,0.647,1.183,5942,10878,14606,0.00737404,0,0,0.0635,0.1145,0.4062,0.0632,0.01087,1.17149,0.12455,-0.01818,0.29961,0.95894
3904,7513.3,42108280,2718475,0.633,1.183,5982,10859,14601,0.00737077,0,0,0.0632,0.1125,0.402,0.055,0.01103,1.17051,0.1175,-0.01446,0.27764,0.93069
3905,7515.0,42119170,2719127,0.612,1.183,6069,10890,14588,0.00736752,0,0,0.0636,0.1102,0.4072,0.0308,0.01213,1.16975,0.11971,-0.01676,0.28676,0.93692
3906,7516.8,42130002,2719782,0.591,1.18,6116,10832,14543,0.00736425,0,0,0.0601,0.1005,0.3816,0.0485,0.01095,1.16866,0.12114,-0.01406,0.28436,0.94865
3907,7518.6,42140870,2720431,0.57,1.18,6208,10868,14586,0.007361,0,0,0.0574,0.098,0.3791,0.0356,0.01133,1.16818,0.11245,-0.01417,0.26759,0.97499
3908,7520.3,42151770,2721105,0.587,1.179,6173,10900,14601,0.00735774,0,0,0.0575,0.0983,0.3762,0.0552,0.01093,1.16696,0.12709,-0.01456,0.29729,0.95079
3909,7522.1,42162652,2721765,0.584,1.179,6175,10882,14558,0.00735447,0,0,0.0584,0.1002,0.3832,0.0417,0.01106,1.16691,0.12959,-0.0139,0.30065,0.92952
3910,7523.9,42173528,2722432,0.574,1.18,6200,10876,14552,0.0073512,0,0,0.0584,0.1002,0.3821,0.0333,0.01127,1.16796,0.1195,-0.01718,0.28729,0.94639
3911,7525.6,42184423,2723073,0.586,1.184,6156,10895,14584,0.00734794,0,0,0.0549,0.097,0.3795,0.0546,0.01075,1.17226,0.11325,-0.01729,0.27572,0.99649
3912,7527.4,42195354,2723719,0.602,1.184,6120,10931,14636,0.00734467,0,0,0.0591,0.0976,0.3947,0.0505,0.01116,1.17211,0.11395,-0.01902,0.28006,0.96126
3913,7529.2,42206263,2724356,0.648,1.183,5957,10909,14588,0.00734139,0,0,0.0627,0.1193,0.4214,0.0444,0.01145,1.17108,0.12583,-0.01503,0.29575,0.95648
3914,7531.0,42217204,2725003,0.598,1.18,6153,10941,14653,0.00733812,0,0,0.0587,0.1052,0.3935,0.0405,0.01101,1.16857,0.12033,-0.01518,0.28518,0.96532
3915,7532.8,42228120,2725641,0.585,1.181,6180,10916,14602,0.00733484,0,0,0.0579,0.0994,0.3825,0.0452,0.01094,1.16974,0.12471,-0.01723,0.29804,0.96513
3916,7534.6,42238988,2726287,0.646,1.186,5935,10868,14554,0.00733156,0,0,0.0619,0.1076,0.4107,0.0654,0.014,1.17095,0.12581,-0.01411,0.29389,0.95865
3917,7536.4,42249857,2726935,0.58,1.184,6162,10869,14585,0.0073283,0,0,0.0587,0.1001,0.3855,0.0352,0.01136,1.17193,0.12386,-0.01926,0.30024,0.95401
3918,7538.2,42260731,2727578,0.611,1.183,6060,10874,14570,0.00732504,0,0,0.0598,0.1024,0.3924,0.0568,0.01087,1.17119,0.13171,-0.01552,0.30867,0.96951
3919,7540.1,42271647,2728225,0.695,1.183,5815,10916,14614,0.00732178,0,0,0.0658,0.1156,0.4301,0.0831,0.01119,1.1709,0.12345,-0.0171,0.29544,0.97844
3920,7541.8,42282555,2728882,0.579,1.183,6188,10908,14612,0.00731851,0,0,0.0588,0.1004,0.3781,0.0421,0.01116,1.17161,0.11624,-0.01897,0.28496,0.99227
3921,7543.6,42293422,2729532,0.633,1.18,5994,10867,14566,0.00731523,0,0,0.0644,0.1112,0.4002,0.0569,0.0103,1.16924,0.12557,-0.01821,0.3015,0.95378
3922,7545.4,42304304,2730180,0.582,1.181,6175,10882,14586,0.00731197,0,0,0.0577,0.0978,0.3766,0.0496,0.01169,1.16811,0.12145,-0.01828,0.29387,0.98563
3923,7547.2,42315168,2730847,0.63,1.182,5995,10864,14568,0.00730871,0,0,0.062,0.1098,0.3974,0.0611,0.01121,1.16999,0.12551,-0.01479,0.29502,0.98655
3924,7549.0,42326032,2731489,0.573,1.179,6198,10864,14584,0.00730545,0,0,0.0572,0.0969,0.3792,0.0401,0.01059,1.1674,0.1371,-0.015,0.31825,0.96181
3925,7550.7,42336915,2732141,0.596,1.185,6112,10883,14586,0.00730219,0,0,0.0598,0.1053,0.3929,0.0378,0.01131,1.17263,0.1125,-0.01744,0.27442,0.99578
3926,7552.6,42347788,2732799,0.687,1.182,5816,10873,14597,0.00729893,0,0,0.0681,0.1241,0.4242,0.0708,0.01091,1.17038,0.11599,-0.01714,0.28083,0.99859
3927,7554.4,42358669,2733464,0.619,1.179,6051,10881,14582,0.00729566,0,0,0.0616,0.1101,0.3988,0.0483,0.01142,1.16703,0.11773,-0.01811,0.28645,1.01185
3928,7556.2,42369582,2734115,0.611,1.183,6084,10913,14625,0.0072924,0,0,0.0584,0.0994,0.3849,0.0681,0.0117,1.17049,0.11543,-0.01656,0.27888,1.02071
3929,7558.0,42380457,2734762,0.642,1.182,5963,10875,14581,0.00728913,0,0,0.0655,0.12,0.4218,0.0347,0.01167,1.16921,0.10624,-0.01626,0.2596,1.00137
3930,7559.8,42391367,2735434,0.583,1.181,6185,10910,14611,0.00728586,0,0,0.0596,0.0987,0.3818,0.0432,0.01082,1.16914,0.11953,-0.01787,0.2897,1.02163
3931,7561.6,42402270,2736091,0.575,1.18,6212,10903,14604,0.00728259,0,0,0.0579,0.0996,0.3886,0.0291,0.01114,1.16818,0.12096,-0.01704,0.29084,1.01838
3932,7563.3,42413148,2736745,0.574,1.184,6187,10878,14617,0.00727932,0,0,0.0559,0.0962,0.38,0.0421,0.01181,1.17118,0.10637,-0.01588,0.25931,1.01727
3933,7565.1,42424032,2737399,0.635,1.179,5999,10884,14594,0.00727606,0,0,0.0626,0.1123,0.4049,0.0554,0.01052,1.16786,0.10469,-0.01478,0.2536,1.00783
3934,7566.9,42434947,2738044,0.56,1.177,6283,10915,14633,0.00727279,0,0,0.0496,0.0861,0.3592,0.0652,0.0107,1.16591,0.11961,-0.01513,0.28424,1.01466
3935,7568.6,42445825,2738701,0.552,1.181,6279,10878,14590,0.00726952,0,0,0.0505,0.09,0.3615,0.0499,0.0112,1.16845,0.10882,-0.01432,0.26109,1.0186
3936,7570.4,42456717,2739370,0.612,1.182,6070,10892,14605,0.00726625,0,0,0.0573,0.1033,0.3807,0.0709,0.01097,1.1704,0.09466,-0.01751,0.23964,1.05257
3937,7572.2,42467602,2740024,0.673,1.188,5851,10885,14608,0.00726298,0,0,0.0666,0.1266,0.4332,0.0464,0.01234,1.17432,0.10331,-0.01311,0.24784,1.0325
3938,7574.2,42478431,2740691,0.805,1.187,5437,10829,14539,0.00725972,0,0,0.0767,0.1584,0.4829,0.0867,0.01303,1.17337,0.12001,-0.01693,0.28848,1.00615
3939,7576.1,42489324,2741354,0.664,1.182,5901,10893,14612,0.00725647,0,0,0.0664,0.1193,0.4165,0.0616,0.01176,1.16968,0.12859,-0.01869,0.30855,0.96356
3940,7577.9,42500199,2742021,0.63,1.183,5997,10875,14605,0.0072532,0,0,0.0628,0.1058,0.3997,0.0619,0.01177,1.17064,0.10848,-0.01889,0.26931,1.0048
3941,7579.7,42511069,2742690,0.628,1.182,6005,10870,14571,0.00724994,0,0,0.0632,0.1089,0.3912,0.0644,0.01105,1.17047,0.10405,-0.01539,0.25373,1.02502
3942,7581.6,42521973,2743332,0.662,1.182,5915,10904,14626,0.00724668,0,0,0.0744,0.1243,0.4104,0.0526,0.01164,1.16933,0.10285,-0.01747,0.25551,1.02502
3943,7583.3,42532874,2743998,0.588,1.181,6164,10901,14597,0.00724341,0,0,0.061,0.1036,0.3879,0.0353,0.01144,1.16839,0.09805,-0.01583,0.24278,1.03665
3944,7585.1,42543775,2744657,0.623,1.183,6033,10901,14619,0.00724014,0,0,0.0617,0.1028,0.3913,0.0676,0.01174,1.17069,0.10062,-0.01667,0.24944,1.02534
3945,7587.0,42554661,2745312,0.656,1.185,5916,10886,14589,0.00723687,0,0,0.0648,0.1179,0.4119,0.0609,0.01203,1.17177,0.1086,-0.01566,0.26335,1.02531
3946,7588.8,42565563,2745980,0.624,1.183,6035,10902,14636,0.0072336,0,0,0.0642,0.1133,0.4082,0.0381,0.01219,1.16976,0.11133,-0.01624,0.26973,1.00783
3947,7590.5,42576408,2746628,0.58,1.181,6159,10845,14570,0.00723033,0,0,0.0556,0.0968,0.3804,0.0475,0.01172,1.16813,0.11303,-0.01422,0.26866,0.9785
3948,7592.3,42587294,2747278,0.543,1.178,6324,10886,14599,0.00722708,0,0,0.0506,0.0903,0.3633,0.0389,0.01069,1.16684,0.1255,-0.01554,0.29645,0.99469
3949,7594.0,42598161,2747944,0.537,1.179,6331,10867,14607,0.00722381,0,0,0.0513,0.0926,0.3631,0.0303,0.01088,1.16739,0.12465,-0.01753,0.29865,0.98823
3950,7595.8,42609044,2748615,0.656,1.186,5907,10883,14616,0.00722055,0,0,0.0651,0.1154,0.4188,0.0571,0.0119,1.17293,0.127,-0.01638,0.30077,0.96964
3951,7597.8,42619860,2749270,0.773,1.183,5529,10816,14519,0.00721729,0,0,0.0677,0.1533,0.4236,0.1281,0.01181,1.17091,0.11446,-0.01511,0.27283,0.9493
3952,7599.8,42630727,2749921,0.673,1.181,5860,10867,14549,0.00721404,0,0,0.0604,0.1069,0.4,0.1062,0.01118,1.16924,0.13593,-0.0164,0.31829,0.94363
3953,7601.6,42641643,2750561,0.614,1.182,6078,10916,14625,0.00721078,0,0,0.0583,0.1059,0.3843,0.0655,0.01134,1.1699,0.12471,-0.0136,0.28968,0.90546
3954,7603.4,42652513,2751213,0.651,1.181,5932,10870,14581,0.00720751,0,0,0.0635,0.1142,0.4048,0.0688,0.01166,1.16862,0.11242,-0.01646,0.27116,0.92955
3955,7605.2,42663424,2751870,0.628,1.184,6020,10911,14634,0.00720425,0,0,0.062,0.1052,0.395,0.0659,0.01333,1.17021,0.12031,-0.01556,0.28518,0.93274
3956,7607.0,42674332,2752506,0.613,1.183,6073,10908,14641,0.00720097,0,0,0.0625,0.1093,0.4053,0.036,0.01157,1.17078,0.12936,-0.01623,0.30512,0.96733
3957,7608.9,42685235,2753170,0.627,1.182,6025,10903,14604,0.0071977,0,0,0.0624,0.1104,0.4045,0.0501,0.01143,1.16994,0.1246,-0.01624,0.29512,0.93353
3958,7610.6,42696153,2753809,0.597,1.182,6136,10918,14628,0.00719443,0,0,0.0605,0.1055,0.3919,0.0395,0.01149,1.16958,0.12523,-0.01674,0.29743,0.93773
3959,7612.4,42707001,2754455,0.573,1.179,6191,10848,14550,0.00719115,0,0,0.0539,0.095,0.3694,0.0548,0.01095,1.16758,0.11715,-0.0143,0.2766,0.95243
3960,7614.2,42717838,2755093,0.667,1.184,5855,10837,14562,0.0071879,0,0,0.0662,0.1176,0.4328,0.0506,0.01142,1.17179,0.11342,-0.01753,0.27523,0.92727
3961,7616.0,42728700,2755736,0.601,1.184,6086,10862,14574,0.00718465,0,0,0.061,0.1045,0.3969,0.0386,0.01207,1.17089,0.12698,-0.0154,0.29785,0.91076
3962,7617.8,42739537,2756397,0.598,1.184,6083,10837,14574,0.00718139,0,0,0.0587,0.1079,0.3903,0.041,0.01152,1.17102,0.12899,-0.01628,0.3036,0.90956
3963,7619.6,42750362,2757036,0.585,1.182,6124,10825,14526,0.00717814,0,0,0.0578,0.1049,0.387,0.0356,0.01244,1.1692,0.12871,-0.01489,0.29992,0.88647
3964,7621.4,42761242,2757691,0.629,1.181,6010,10880,14603,0.00717489,0,0,0.0627,0.1169,0.4023,0.0472,0.01114,1.16939,0.12821,-0.01549,0.30066,0.9248
3965,7623.2,42772136,2758342,0.592,1.182,6139,10894,14613,0.00717163,0,0,0.0579,0.1001,0.3845,0.0499,0.01112,1.17015,0.12306,-0.0174,0.29428,0.93217
3966,7624.9,42782996,2758983,0.6,1.182,6097,10860,14588,0.00716836,0,0,0.0592,0.1017,0.392,0.0466,0.01073,1.17014,0.11149,-0.01675,0.26992,0.93662
3967,7626.7,42793828,2759613,0.584,1.181,6140,10832,14546,0.0071651,0,0,0.0587,0.1025,0.3913,0.0312,0.01078,1.16912,0.12971,-0.01598,0.3045,0.91505
3968,7628.5,42804688,2760269,0.601,1.181,6096,10860,14592,0.00716185,0,0,0.0591,0.1007,0.3893,0.0518,0.01068,1.16909,0.11711,-0.0193,0.28587,0.91126
3969,7630.2,42815592,2760900,0.554,1.184,6276,10904,14630,0.00715859,0,0,0.0529,0.0942,0.37,0.0368,0.01119,1.17121,0.11259,-0.01747,0.27364,0.94483
3970,7632.1,42826471,2761552,0.664,1.182,5893,10879,14605,0.00715532,0,0,0.0639,0.1155,0.4075,0.0771,0.01164,1.16962,0.11403,-0.01629,0.2742,0.94667
3971,7633.9,42837368,2762206,0.628,1.183,6017,10897,14623,0.00715206,0,0,0.0616,0.1078,0.4016,0.0574,0.01175,1.17017,0.12141,-0.01543,0.28701,0.93253
3972,7635.6,42848282,2762844,0.581,1.182,6191,10914,14660,0.00714879,0,0,0.0582,0.101,0.3877,0.0341,0.01177,1.16947,0.12286,-0.01381,0.28674,0.93788
3973,7637.4,42859149,2763498,0.606,1.183,6075,10867,14573,0.00714552,0,0,0.0598,0.1021,0.3854,0.0591,0.0103,1.1712,0.12747,-0.01546,0.29938,0.94653
3974,7639.3,42870009,2764144,0.653,1.183,5914,10860,14569,0.00714226,0,0,0.062,0.1153,0.4116,0.0642,0.01103,1.17142,0.11828,-0.01713,0.28428,0.94179
3975,7641.1,42880872,2764812,0.596,1.181,6114,10863,14548,0.007139,0,0,0.0593,0.1051,0.3863,0.0448,0.01099,1.16963,0.12054,-0.01607,0.28662,0.93847
3976,7642.8,42891687,2765468,0.607,1.182,6045,10815,14509,0.00713574,0,0,0.0596,0.1008,0.3914,0.0556,0.01115,1.16984,0.11254,-0.01568,0.26998,0.94855
3977,7644.6,42902522,2766108,0.577,1.181,6162,10835,14533,0.00713249,0,0,0.0584,0.0989,0.3812,0.0389,0.01105,1.16917,0.12627,-0.0149,0.29555,0.92484
3978,7646.4,42913377,2766779,0.581,1.182,6156,10855,14581,0.00712924,0,0,0.0581,0.1039,0.3849,0.0339,0.01176,1.17002,0.12365,-0.01442,0.28932,0.92419
3979,7648.1,42924256,2767415,0.562,1.181,6241,10879,14555,0.00712599,0,0,0.0538,0.0924,0.3737,0.0418,0.01061,1.16987,0.11832,-0.01686,0.28406,0.95977
3980,7649.9,42935119,2768062,0.621,1.181,6027,10863,14590,0.00712272,0,0,0.0617,0.1078,0.3929,0.0585,0.0121,1.16858,0.12852,-0.01865,0.3078,0.94579
3981,7651.7,42945972,2768707,0.583,1.181,6154,10853,14574,0.00711946,0,0,0.0607,0.1041,0.3846,0.0335,0.01067,1.1691,0.12898,-0.01704,0.30566,0.95652
3982,7653.5,42956782,2769353,0.613,1.181,6027,10810,14510,0.00711621,0,0,0.0589,0.1023,0.3859,0.0656,0.01097,1.169,0.11169,-0.01302,0.26259,0.92578
3983,7655.3,42967649,2770006,0.605,1.183,6077,10867,14559,0.00711297,0,0,0.0591,0.1035,0.3902,0.0526,0.01109,1.17116,0.12349,-0.01308,0.28626,0.92296
3984,7657.0,42978479,2770659,0.597,1.181,6091,10830,14527,0.00710971,0,0,0.0621,0.1093,0.3943,0.0309,0.01103,1.16961,0.10747,-0.01336,0.25507,0.94356
3985,7658.8,42989357,2771307,0.629,1.182,6009,10878,14580,0.00710646,0,0,0.0637,0.1121,0.4107,0.0423,0.01098,1.16969,0.11634,-0.01348,0.27286,0.92925
3986,7660.6,43000235,2771959,0.587,1.183,6144,10878,14602,0.00710319,0,0,0.0587,0.1039,0.3883,0.0365,0.01097,1.17117,0.113,-0.01564,0.27059,0.93611
3987,7662.4,43011131,2772596,0.598,1.182,6123,10896,14558,0.00709993,0,0,0.0592,0.1059,0.39,0.0428,0.01179,1.16921,0.11825,-0.01751,0.28453,0.91679
3988,7664.2,43022001,2773259,0.631,1.183,5993,10870,14574,0.00709666,0,0,0.0609,0.106,0.3928,0.071,0.01135,1.17071,0.10837,-0.01462,0.25951,0.95431
3989,7666.0,43032886,2773898,0.606,1.182,6091,10885,14580,0.0070934,0,0,0.0607,0.1102,0.3992,0.0355,0.01064,1.16972,0.11625,-0.01148,0.26842,0.91333
3990,7667.8,43043775,2774566,0.663,1.185,5894,10889,14615,0.00709013,0,0,0.0658,0.1227,0.4327,0.0414,0.01229,1.17163,0.11229,-0.01381,0.26513,0.91227
3991,7669.6,43054645,2775216,0.609,1.181,6072,10870,14576,0.00708687,0,0,0.0609,0.1048,0.3978,0.0453,0.01102,1.16938,0.11208,-0.01329,0.26372,0.91527
3992,7671.4,43065473,2775897,0.598,1.181,6084,10828,14528,0.00708361,0,0,0.0602,0.109,0.3938,0.0355,0.01121,1.1694,0.10509,-0.01659,0.25645,0.92293
3993,7673.2,43076301,2776550,0.628,1.184,5978,10828,14519,0.00708036,0,0,0.0623,0.1109,0.4008,0.0535,0.01201,1.1707,0.12385,-0.01693,0.29452,0.91494
3994,7675.0,43087137,2777215,0.603,1.181,6075,10836,14539,0.00707711,0,0,0.0613,0.1066,0.399,0.0362,0.01136,1.16847,0.10823,-0.01357,0.2569,0.93909
3995,7676.8,43097993,2777882,0.613,1.183,6042,10856,14553,0.00707386,0,0,0.0601,0.1056,0.3877,0.0601,0.01145,1.171,0.11433,-0.01238,0.2666,0.93155
3996,7678.6,43108807,2778539,0.613,1.181,6028,10814,14513,0.0070706,0,0,0.0617,0.1081,0.3959,0.0476,0.01087,1.16881,0.1193,-0.01435,0.27996,0.8943
3997,7680.4,43119628,2779231,0.601,1.181,6072,10821,14538,0.00706736,0,0,0.0613,0.1088,0.3969,0.0341,0.01124,1.16882,0.11951,-0.01516,0.28206,0.89913
3998,7682.2,43130493,2779899,0.632,1.181,5993,10865,14560,0.00706411,0,0,0.0621,0.1092,0.4017,0.0589,0.01167,1.16847,0.11113,-0.01363,0.26243,0.91348
3999,7684.0,43141332,2780579,0.595,1.182,6099,10839,14551,0.00706085,0,0,0.0558,0.0991,0.3794,0.0607,0.01115,1.17041,0.11643,-0.01436,0.27445,0.91093
4000,7685.8,43152139,2781250,0.626,1.183,5975,10807,14519,0.0070576,0,0,0.0645,0.1094,0.4095,0.0421,0.01073,1.17173,0.11504,-0.01457,0.27225,0.92294
4001,7688.0,43162940,2781926,0.612,1.184,6014,10801,14502,0.00705436,0,0,0.0596,0.107,0.3938,0.0514,0.01159,1.17184,0.11893,-0.01397,0.27875,0.91755
4002,7689.9,43173792,2782611,0.603,1.181,6084,10852,14540,0.00705112,0,0,0.0604,0.1047,0.4005,0.0375,0.01144,1.16831,0.12489,-0.00916,0.28095,0.91223
4003,7691.7,43184653,2783305,0.612,1.163,6119,10861,14539,0.00704786,0,0,0.0587,0.102,0.3951,0.0562,0.01088,1.15139,0.12599,-0.01563,0.29602,0.90741
4004,7693.4,43195533,2783986,0.579,1.163,6246,10880,14550,0.0070446,0,0,0.0587,0.0996,0.3854,0.0355,0.0117,1.14994,0.11872,-0.01555,0.28127,0.90313
4005,7695.2,43206409,2784668,0.631,1.165,6055,10876,14573,0.00704134,0,0,0.0617,0.1096,0.4077,0.052,0.01175,1.15287,0.12176,-0.01352,0.28301,0.88295
4006,7697.0,43217279,2785353,0.59,1.162,6205,10870,14536,0.00703808,0,0,0.0605,0.1037,0.3934,0.0322,0.01114,1.15034,0.13209,-0.01573,0.30795,0.87393
4007,7698.7,43228153,2786036,0.609,1.164,6132,10874,14563,0.00703482,0,0,0.06,0.0988,0.3892,0.0611,0.01146,1.15187,0.12607,-0.01292,0.29029,0.87404
4008,7700.5,43239033,2786721,0.6,1.16,6179,10880,14590,0.00703155,0,0,0.0563,0.105,0.3782,0.061,0.01103,1.14864,0.12184,-0.01194,0.27975,0.86567
4009,7702.2,43249896,2787396,0.513,1.159,6499,10863,14553,0.00702829,0,0,0.0475,0.0829,0.3543,0.0279,0.01066,1.14762,0.11155,-0.01395,0.26359,0.89577
4010,7703.9,43260790,2788091,0.541,1.161,6403,10894,14579,0.00702503,0,0,0.0494,0.0897,0.3609,0.0405,0.01084,1.14906,0.12328,-0.01365,0.28589,0.8562
4011,7705.6,43271659,2788765,0.579,1.16,6250,10869,14557,0.00702176,0,0,0.0552,0.0976,0.3815,0.0451,0.01038,1.14865,0.12607,-0.0156,0.29563,0.87559
4012,7707.3,43282554,2789440,0.565,1.159,6318,10895,14587,0.0070185,0,0,0.0573,0.0965,0.3794,0.0318,0.01021,1.14838,0.1304,-0.01444,0.30192,0.8735
4013,7709.1,43293461,2790128,0.555,1.16,6362,10907,14607,0.00701523,0,0,0.0522,0.0894,0.3669,0.0464,0.01115,1.14774,0.13231,-0.01416,0.30481,0.84562
4014,7710.7,43304365,2790808,0.528,1.16,6462,10904,14585,0.00701196,0,0,0.0486,0.0858,0.3639,0.0294,0.01088,1.14814,0.13254,-0.01626,0.30999,0.88344
4015,7712.5,43315304,2791481,0.551,1.159,6397,10939,14632,0.00700869,0,0,0.0522,0.0907,0.3597,0.0488,0.01055,1.14754,0.13572,-0.01845,0.32033,0.85546
4016,7714.1,43326228,2792142,0.522,1.161,6492,10924,14630,0.00700541,0,0,0.0499,0.0863,0.3562,0.0292,0.01092,1.14934,0.12766,-0.01736,0.30251,0.8902
4017,7715.9,43337135,2792791,0.606,1.161,6172,10907,14593,0.00700213,0,0,0.0599,0.1062,0.3937,0.0466,0.01089,1.14911,0.13018,-0.01442,0.30163,0.88733
4018,7717.6,43348033,2793458,0.546,1.161,6384,10898,14596,0.00699886,0,0,0.056,0.0921,0.3663,0.0313,0.01105,1.14953,0.12373,-0.01511,0.2902,0.89407
4019,7719.3,43358958,2794115,0.568,1.16,6321,10925,14623,0.00699559,0,0,0.0555,0.0943,0.3717,0.0468,0.0114,1.14783,0.11983,-0.01724,0.28652,0.88451
4020,7721.1,43369833,2794769,0.568,1.159,6296,10875,14581,0.00699231,0,0,0.0566,0.093,0.3673,0.0514,0.01075,1.14753,0.1239,-0.01743,0.29498,0.88072
4021,7722.8,43380717,2795412,0.548,1.16,6375,10884,14599,0.00698905,0,0,0.055,0.0927,0.3673,0.0326,0.01103,1.14778,0.12327,-0.0155,0.29009,0.89881
4022,7724.5,43391688,2796068,0.561,1.161,6371,10971,14656,0.00698578,0,0,0.0541,0.093,0.3655,0.0482,0.01119,1.14919,0.11619,-0.01848,0.28198,0.90402
4023,7726.2,43402578,2796725,0.564,1.16,6318,10890,14572,0.00698249,0,0,0.0539,0.0949,0.3654,0.0497,0.01062,1.14835,0.12322,-0.0154,0.28992,0.90866
4024,7727.9,43413520,2797397,0.551,1.163,6383,10942,14612,0.00697923,0,0,0.0537,0.0932,0.3721,0.032,0.01128,1.15115,0.11445,-0.01935,0.28071,0.93845
4025,7729.7,43424458,2798047,0.562,1.162,6345,10938,14637,0.00697594,0,0,0.0544,0.0922,0.3682,0.0473,0.01126,1.14963,0.10849,-0.01907,0.26838,0.94973
4026,7731.4,43435389,2798705,0.548,1.16,6399,10931,14619,0.00697266,0,0,0.0531,0.0919,0.3628,0.0403,0.01144,1.14773,0.1051,-0.0193,0.26199,0.94573
4027,7733.1,43446311,2799363,0.561,1.159,6352,10922,14611,0.00696938,0,0,0.0528,0.0943,0.3656,0.0481,0.0109,1.1471,0.11987,-0.01653,0.28546,0.909
4028,7734.8,43457247,2800040,0.592,1.16,6241,10936,14614,0.00696611,0,0,0.055,0.0975,0.3771,0.0621,0.01199,1.14783,0.11793,-0.01497,0.2788,0.93271
4029,7736.6,43468200,2800716,0.557,1.16,6382,10953,14642,0.00696283,0,0,0.0556,0.0988,0.3715,0.0307,0.01105,1.14776,0.12918,-0.01382,0.29892,0.92859
4030,7738.3,43479140,2801381,0.569,1.161,6322,10940,14640,0.00695954,0,0,0.0552,0.0944,0.3682,0.0514,0.01131,1.14912,0.10871,-0.01741,0.2653,0.93852
4031,7740.0,43490062,2802053,0.555,1.174,6317,10922,14592,0.00695626,0,0,0.055,0.0975,0.3717,0.031,0.01134,1.16154,0.11711,-0.01666,0.28077,0.95064
4032,7741.8,43500984,2802698,0.56,1.174,6301,10922,14606,0.00695298,0,0,0.0539,0.0955,0.3629,0.0471,0.01105,1.1621,0.11094,-0.01626,0.26737,0.93317
4033,7743.5,43511931,2803352,0.549,1.175,6351,10947,14653,0.0069497,0,0,0.0537,0.0878,0.3547,0.0528,0.01076,1.16303,0.1216,-0.0139,0.28388,0.92727
4034,7745.2,43522896,2804012,0.528,1.182,6413,10965,14654,0.00694642,0,0,0.0521,0.0887,0.3557,0.0315,0.01114,1.16999,0.11545,-0.01639,0.27647,0.92143
4035,7746.9,43533870,2804658,0.576,1.166,6299,10974,14675,0.00694313,0,0,0.0546,0.0956,0.3725,0.053,0.01128,1.15439,0.11833,-0.01688,0.28322,0.92158
4036,7748.7,43544841,2805314,0.575,1.161,6320,10971,14657,0.00693984,0,0,0.0588,0.0993,0.3841,0.0331,0.01051,1.14954,0.10558,-0.01618,0.25673,0.95154
4037,7750.4,43555831,2805958,0.604,1.162,6224,10990,14699,0.00693655,0,0,0.0597,0.1,0.3881,0.0563,0.01151,1.14953,0.12686,-0.01229,0.29105,0.91975
4038,7752.2,43566821,2806595,0.563,1.161,6373,10990,14695,0.00693325,0,0,0.0588,0.0963,0.3761,0.032,0.01053,1.14985,0.1115,-0.01599,0.26792,0.93311
4039,7753.9,43577728,2807251,0.604,1.16,6185,10907,14584,0.00692995,0,0,0.0601,0.1015,0.3855,0.0568,0.01057,1.14788,0.12096,-0.01487,0.28456,0.93131
4040,7755.8,43588667,2807892,0.66,1.17,5975,10939,14641,0.00692668,0,0,0.0664,0.1233,0.4137,0.0571,0.01159,1.15799,0.11548,-0.01434,0.27253,0.92971
4041,7757.6,43599630,2808533,0.638,1.171,6061,10963,14662,0.0069234,0,0,0.0636,0.1196,0.4107,0.0441,0.01208,1.15797,0.12027,-0.01663,0.28663,0.9271
4042,7759.4,43610545,2809192,0.658,1.167,5981,10915,14623,0.00692011,0,0,0.0622,0.1137,0.412,0.0701,0.0116,1.15493,0.1193,-0.01387,0.27934,0.93882
4043,7761.1,43621492,2809842,0.54,1.166,6415,10947,14673,0.00691684,0,0,0.0474,0.0843,0.3564,0.0523,0.01121,1.15432,0.10497,-0.01355,0.24994,0.93268
4044,7762.8,43632470,2810500,0.508,1.171,6541,10978,14676,0.00691355,0,0,0.0474,0.0851,0.3449,0.0305,0.01092,1.15893,0.11873,-0.01422,0.27832,0.89761
4045,7764.5,43643423,2811152,0.552,1.175,6340,10953,14668,0.00691026,0,0,0.0492,0.0869,0.3597,0.0566,0.01065,1.16378,0.11923,-0.01455,0.28037,0.92654
4046,7766.2,43654390,2811801,0.525,1.178,6437,10967,14657,0.00690697,0,0,0.0494,0.0867,0.3577,0.0316,0.01127,1.16637,0.11658,-0.01374,0.27337,0.92176
4047,7768.0,43665286,2812458,0.577,1.177,6209,10896,14593,0.00690368,0,0,0.0557,0.094,0.3702,0.0574,0.01096,1.1656,0.10737,-0.01537,0.25856,0.94723
4048,7769.7,43676234,2813113,0.605,1.178,6139,10948,14656,0.00690041,0,0,0.0587,0.1003,0.3814,0.0649,0.01114,1.16632,0.11696,-0.01469,0.27621,0.93505
4049,7771.5,43687144,2813777,0.543,1.174,6352,10910,14611,0.00689713,0,0,0.0539,0.0927,0.368,0.0285,0.01064,1.16313,0.10533,-0.01179,0.24759,0.96807
4050,7773.2,43698076,2814437,0.538,1.176,6379,10932,14654,0.00689386,0,0,0.0471,0.0839,0.3588,0.0483,0.01113,1.16379,0.11793,-0.01569,0.28038,0.95397
4051,7774.9,43708982,2815073,0.538,1.174,6369,10906,14621,0.00689058,0,0,0.0475,0.0881,0.3505,0.0522,0.0106,1.16299,0.12502,-0.01637,0.29544,0.91785
4052,7776.7,43719910,2815746,0.549,1.175,6337,10928,14632,0.00688731,0,0,0.0549,0.0941,0.3704,0.0298,0.01091,1.16381,0.11213,-0.01805,0.27352,0.95423
4053,7778.5,43730793,2816399,0.552,1.171,6316,10883,14602,0.00688403,0,0,0.0475,0.0847,0.3559,0.0638,0.0112,1.15911,0.11696,-0.01725,0.28131,0.93599
4054,7780.1,43741680,2817058,0.511,1.16,6518,10887,14563,0.00688076,0,0,0.046,0.082,0.3482,0.0348,0.00993,1.1489,0.12049,-0.01485,0.28338,0.92309
4055,7781.9,43752569,2817706,0.559,1.163,6324,10889,14597,0.0068775,0,0,0.0524,0.0906,0.3633,0.0524,0.01131,1.15115,0.10951,-0.01486,0.26149,0.92657
4056,7783.6,43763483,2818381,0.535,1.159,6440,10914,14619,0.00687423,0,0,0.0476,0.084,0.3495,0.0541,0.01096,1.14755,0.11965,-0.01842,0.28904,0.93833
4057,7785.2,43774395,2819012,0.516,1.16,6510,10912,14598,0.00687096,0,0,0.0488,0.0872,0.3507,0.0297,0.01085,1.14824,0.12285,-0.01842,0.29517,0.91796
4058,7786.9,43785307,2819668,0.544,1.166,6381,10912,14611,0.00686768,0,0,0.0512,0.0892,0.3637,0.0402,0.01133,1.15361,0.12658,-0.01364,0.29269,0.89138
4059,7788.7,43796227,2820304,0.567,1.167,6297,10920,14612,0.00686441,0,0,0.0525,0.0901,0.363,0.0618,0.01111,1.1547,0.1161,-0.01762,0.27968,0.89051
4060,7790.4,43807160,2820953,0.546,1.168,6378,10933,14642,0.00686113,0,0,0.0524,0.0891,0.364,0.0406,0.01134,1.15589,0.11001,-0.01704,0.26656,0.90837
4061,7792.1,43818085,2821598,0.538,1.167,6409,10925,14644,0.00685785,0,0,0.0458,0.0827,0.3513,0.0581,0.01041,1.15555,0.1177,-0.01349,0.27463,0.894
4062,7793.8,43829016,2822264,0.523,1.168,6465,10931,14651,0.00685457,0,0,0.0499,0.0873,0.3566,0.0288,0.01094,1.15653,0.12012,-0.01597,0.28458,0.90447
4063,7795.5,43839896,2822891,0.564,1.175,6258,10880,14613,0.0068513,0,0,0.0514,0.0902,0.3646,0.0575,0.01094,1.16315,0.11925,-0.01398,0.27871,0.89408
4064,7797.2,43850824,2823540,0.533,1.175,6397,10928,14644,0.00684803,0,0,0.0471,0.0854,0.3489,0.052,0.01094,1.16311,0.11989,-0.01527,0.28198,0.85092
4065,7798.9,43861788,2824177,0.518,1.174,6479,10964,14666,0.00684475,0,0,0.0461,0.0859,0.3578,0.0281,0.01076,1.1629,0.11791,-0.01676,0.28146,0.88498
4066,7800.7,43872787,2824817,0.575,1.177,6280,10999,14707,0.00684146,0,0,0.0543,0.0896,0.3713,0.0594,0.01118,1.16495,0.12149,-0.01439,0.2838,0.87934
4067,7802.4,43883738,2825453,0.576,1.177,6248,10951,14640,0.00683816,0,0,0.059,0.0994,0.3755,0.0418,0.0105,1.16597,0.11667,-0.01701,0.27923,0.86771
4068,7804.2,43894652,2826100,0.572,1.174,6249,10914,14644,0.00683488,0,0,0.056,0.0979,0.3809,0.0373,0.01084,1.16275,0.11173,-0.01591,0.26735,0.88363
4069,7805.9,43905602,2826752,0.556,1.175,6323,10950,14638,0.0068316,0,0,0.0514,0.0875,0.3638,0.0536,0.01107,1.16372,0.11969,-0.01152,0.27432,0.871
4070,7807.6,43916513,2827404,0.545,1.174,6347,10911,14625,0.00682832,0,0,0.0487,0.0876,0.358,0.0505,0.01086,1.16266,0.12778,-0.01576,0.29911,0.88231
4071,7809.3,43927435,2828049,0.524,1.174,6430,10922,14631,0.00682505,0,0,0.0496,0.088,0.3585,0.0284,0.01085,1.1626,0.12311,-0.0149,0.28789,0.86898
4072,7811.1,43938333,2828701,0.591,1.167,6199,10898,14597,0.00682177,0,0,0.0565,0.0975,0.3832,0.0539,0.01129,1.15481,0.12415,-0.01548,0.29105,0.8632
4073,7812.8,43949261,2829344,0.578,1.163,6278,10928,14635,0.0068185,0,0,0.0569,0.1038,0.3796,0.0374,0.01131,1.15078,0.11283,-0.01581,0.26903,0.86248
4074,7814.5,43960205,2829984,0.555,1.162,6374,10944,14658,0.00681522,0,0,0.0534,0.0897,0.367,0.0452,0.01133,1.14968,0.11357,-0.01485,0.26892,0.88677
4075,7816.3,43971165,2830637,0.549,1.161,6411,10960,14651,0.00681194,0,0,0.0475,0.0853,0.3523,0.0637,0.01073,1.14935,0.11786,-0.01492,0.27785,0.9027
4076,7818.3,43982078,2831281,0.541,1.162,6407,10913,14609,0.00680865,0,0,0.047,0.0948,0.3521,0.0471,0.01006,1.15092,0.11121,-0.01327,0.2611,0.89056
4077,7820.0,43993009,2831919,0.556,1.169,6340,10931,14641,0.00680538,0,0,0.0557,0.0937,0.3741,0.032,0.01108,1.15696,0.11059,-0.01499,0.26343,0.90088
4078,7821.8,44003922,2832552,0.605,1.169,6153,10913,14615,0.0068021,0,0,0.0592,0.1054,0.3977,0.0426,0.01078,1.15722,0.1162,-0.01285,0.27017,0.8874
4079,7823.6,44014868,2833197,0.628,1.173,6077,10946,14673,0.00679882,0,0,0.0604,0.1129,0.4054,0.0498,0.01168,1.16019,0.11031,-0.0109,0.25502,0.92642
4080,7825.4,44025787,2833817,0.623,1.17,6091,10919,14626,0.00679554,0,0,0.0602,0.1034,0.396,0.0633,0.01185,1.15715,0.12128,-0.01542,0.28573,0.90649
4081,7827.1,44036695,2834458,0.567,1.173,6270,10908,14607,0.00679226,0,0,0.0573,0.0961,0.3816,0.0318,0.01062,1.16167,0.11999,-0.01452,0.2813,0.90493
4082,7828.9,44047645,2835069,0.61,1.18,6118,10950,14641,0.00678899,0,0,0.0588,0.1004,0.3881,0.0625,0.01162,1.16738,0.11475,-0.01676,0.27497,0.87996
4083,7830.8,44058582,2835711,0.763,1.181,5625,10937,14658,0.00678571,0,0,0.0707,0.1417,0.4467,0.1041,0.01205,1.16816,0.10844,-0.01819,0.26565,0.91214
4084,7832.8,44069503,2836344,0.726,1.181,5727,10921,14619,0.00678243,0,0,0.0647,0.128,0.4253,0.1078,0.0116,1.16872,0.09205,-0.01718,0.23121,0.93905
4085,7834.6,44080441,2836979,0.671,1.178,5914,10938,14638,0.00677915,0,0,0.0629,0.116,0.4098,0.0825,0.01135,1.16601,0.11986,-0.01617,0.28418,0.8936
4086,7836.4,44091404,2837615,0.663,1.179,5951,10963,14670,0.00677587,0,0,0.0651,0.12,0.408,0.0699,0.01106,1.167,0.10621,-0.01609,0.25699,0.91378
4087,7838.3,44102293,2838239,0.633,1.179,6010,10889,14622,0.00677258,0,0,0.0632,0.1248,0.4125,0.0327,0.01146,1.16605,0.1119,-0.01463,0.26539,0.9104
4088,7840.1,44113264,2838867,0.692,1.177,5869,10971,14675,0.00676931,0,0,0.0671,0.1204,0.4328,0.0716,0.0122,1.16438,0.11199,-0.01743,0.27109,0.90584
4089,7842.0,44124221,2839486,0.648,1.179,5997,10957,14669,0.00676602,0,0,0.0624,0.1118,0.402,0.0719,0.01115,1.1671,0.11331,-0.01476,0.26872,0.92866
4090,7843.8,44135182,2840106,0.655,1.166,6017,10961,14678,0.00676273,0,0,0.0649,0.1207,0.418,0.0517,0.0111,1.15451,0.11986,-0.01962,0.29148,0.92685
4091,7845.5,44146158,2840734,0.603,1.166,6204,10976,14645,0.00675945,0,0,0.0595,0.1084,0.4001,0.0351,0.01134,1.15387,0.11486,-0.01696,0.27637,0.94126
4092,7847.3,44157121,2841335,0.629,1.165,6113,10963,14657,0.00675615,0,0,0.0603,0.1055,0.3996,0.0633,0.0109,1.15315,0.12512,-0.01678,0.2962,0.91819
4093,7849.1,44168079,2841947,0.632,1.166,6097,10958,14654,0.00675286,0,0,0.062,0.1073,0.3987,0.0637,0.01102,1.15366,0.12951,-0.01739,0.30624,0.9219
4094,7851.0,44179041,2842579,0.651,1.169,6024,10962,14659,0.00674958,0,0,0.0632,0.1148,0.4143,0.0583,0.01141,1.15695,0.11391,-0.01622,0.27273,0.92398
4095,7852.8,44189973,2843202,0.621,1.174,6090,10932,14639,0.00674629,0,0,0.062,0.1112,0.4047,0.0436,0.01104,1.1619,0.11947,-0.01718,0.28563,0.91421
4096,7854.6,44200914,2843824,0.68,1.172,5909,10941,14654,0.00674301,0,0,0.0657,0.1283,0.4185,0.0677,0.01139,1.15935,0.12281,-0.01729,0.29243,0.90637
4097,7856.4,44211890,2844450,0.626,1.173,6102,10976,14657,0.00673973,0,0,0.0619,0.1109,0.3973,0.0556,0.01179,1.16047,0.11057,-0.01764,0.26901,0.93329
4098,7858.2,44222892,2845071,0.646,1.171,6055,11002,14690,0.00673643,0,0,0.0637,0.1109,0.4027,0.0689,0.01051,1.15949,0.12421,-0.01823,0.29729,0.92216
4099,7860.0,44233851,2845700,0.598,1.175,6181,10959,14661,0.00673313,0,0,0.0614,0.1055,0.3934,0.0378,0.0112,1.16307,0.11829,-0.01513,0.27945,0.936
4100,7861.8,44244815,2846328,0.648,1.178,6006,10964,14631,0.00672984,0,0,0.0651,0.1177,0.416,0.0489,0.01126,1.16596,0.13028,-0.01524,0.30312,0.89673
4101,7863.6,44255793,2846950,0.633,1.176,6066,10978,14658,0.00672656,0,0,0.0619,0.1121,0.4009,0.0586,0.01131,1.16404,0.12355,-0.01835,0.29612,0.91691
4102,7865.6,44266759,2847570,0.633,1.178,6056,10966,14669,0.00672326,0,0,0.0651,0.1254,0.4106,0.0316,0.01182,1.16563,0.12722,-0.01895,0.30483,0.92958
4103,7867.4,44277686,2848185,0.637,1.178,6021,10927,14616,0.00671997,0,0,0.0615,0.1108,0.4008,0.0638,0.01162,1.16554,0.11937,-0.01897,0.289,0.91616
4104,7869.3,44288625,2848811,0.696,1.181,5827,10939,14631,0.00671669,0,0,0.073,0.1377,0.4409,0.0447,0.0119,1.1683,0.12773,-0.01648,0.30066,0.91013
4105,7871.1,44299594,2849436,0.66,1.177,5970,10969,14641,0.00671341,0,0,0.0651,0.1234,0.4199,0.0518,0.011,1.16509,0.12659,-0.01668,0.29893,0.92362
4106,7873.0,44310552,2850078,0.675,1.181,5905,10958,14657,0.00671012,0,0,0.0682,0.1305,0.4232,0.0529,0.0116,1.16852,0.13119,-0.0174,0.30965,0.92919
4107,7874.8,44321524,2850706,0.683,1.174,5908,10972,14662,0.00670683,0,0,0.0704,0.1327,0.4308,0.0488,0.01166,1.16152,0.12861,-0.01617,0.30165,0.90123
4108,7876.7,44332433,2851318,0.676,1.173,5899,10909,14591,0.00670354,0,0,0.0673,0.131,0.4261,0.0519,0.01249,1.15971,0.13528,-0.01436,0.31103,0.87593
4109,7878.6,44343317,2851965,0.795,1.175,5525,10884,14585,0.00670027,0,0,0.0783,0.1655,0.4731,0.0781,0.01325,1.16011,0.13311,-0.01745,0.31306,0.89217
4110,7880.5,44354259,2852590,0.679,1.172,5912,10942,14627,0.006697,0,0,0.0696,0.1319,0.4361,0.0411,0.01098,1.16031,0.1353,-0.01315,0.30877,0.88663
4111,7882.4,44365225,2853210,0.721,1.172,5792,10966,14642,0.00669372,0,0,0.0712,0.1366,0.4403,0.073,0.01304,1.15799,0.12601,-0.01786,0.29962,0.88787
4112,7884.2,44376184,2853851,0.662,1.178,5957,10959,14641,0.00669043,0,0,0.0671,0.1253,0.4273,0.0419,0.01308,1.16414,0.13711,-0.01739,0.32106,0.89979
4113,7886.1,44387050,2854469,0.746,1.174,5658,10866,14546,0.00668714,0,0,0.067,0.146,0.4284,0.1046,0.01247,1.16101,0.12062,-0.01838,0.29014,0.9086
4114,7888.0,44398000,2855107,0.694,1.174,5863,10950,14640,0.00668389,0,0,0.068,0.1262,0.4352,0.0644,0.01077,1.16171,0.1226,-0.01592,0.28947,0.92894
4115,7889.8,44408945,2855735,0.646,1.172,6021,10945,14641,0.0066806,0,0,0.0641,0.1231,0.4198,0.0388,0.01136,1.15993,0.13859,-0.01485,0.3194,0.93755
4116,7891.7,44419871,2856369,0.648,1.176,5987,10926,14634,0.00667732,0,0,0.0641,0.1097,0.4078,0.0668,0.01089,1.16491,0.12947,-0.01788,0.3069,0.91238
4117,7893.6,44430810,2857005,0.733,1.176,5730,10939,14635,0.00667404,0,0,0.0722,0.1634,0.4546,0.0429,0.01214,1.16297,0.1267,-0.01819,0.30196,0.91355
4118,7895.4,44441777,2857640,0.67,1.174,5947,10967,14667,0.00667076,0,0,0.0653,0.1214,0.4159,0.0675,0.01128,1.16202,0.13085,-0.01824,0.31053,0.92627
4119,7897.2,44452713,2858261,0.629,1.175,6060,10936,14627,0.00666747,0,0,0.0639,0.1155,0.4029,0.047,0.01194,1.16256,0.13133,-0.01806,0.31099,0.91572
4120,7899.0,44463697,2858899,0.64,1.174,6056,10984,14708,0.00666419,0,0,0.0636,0.1141,0.4115,0.0508,0.01043,1.16247,0.13009,-0.01773,0.30791,0.92034
4121,7900.8,44474619,2859522,0.599,1.178,6146,10922,14597,0.00666089,0,0,0.0611,0.1028,0.3871,0.0481,0.01179,1.16548,0.13031,-0.0179,0.30841,0.89925
4122,7902.6,44485547,2860152,0.632,1.175,6047,10928,14638,0.00665761,0,0,0.0632,0.1125,0.3962,0.0603,0.01081,1.16326,0.12443,-0.01826,0.29741,0.90254
4123,7904.5,44496542,2860821,0.661,1.176,5986,10995,14711,0.00665434,0,0,0.0627,0.1171,0.414,0.0667,0.01161,1.16367,0.12491,-0.01467,0.29119,0.90522
4124,7906.3,44507451,2861458,0.693,1.175,5839,10909,14600,0.00665104,0,0,0.0723,0.1381,0.444,0.0389,0.01049,1.16369,0.12549,-0.01643,0.29591,0.90651
4125,7908.2,44518376,2862083,0.671,1.171,5932,10925,14604,0.00664776,0,0,0.065,0.1163,0.4067,0.083,0.01104,1.15902,0.13648,-0.01515,0.31531,0.90625
4126,7910.0,44529322,2862735,0.639,1.173,6041,10946,14656,0.00664449,0,0,0.0626,0.1126,0.3917,0.0719,0.01132,1.16099,0.12883,-0.01876,0.3072,0.90393
4127,7911.7,44540232,2863362,0.578,1.161,6274,10910,14596,0.0066412,0,0,0.0594,0.1042,0.3828,0.0317,0.01079,1.14923,0.12187,-0.01834,0.29242,0.90274
4128,7913.5,44551099,2864007,0.607,1.158,6159,10867,14598,0.00663793,0,0,0.0597,0.1004,0.3803,0.0664,0.01053,1.14633,0.1342,-0.01146,0.30355,0.92001
4129,7915.3,44561976,2864653,0.658,1.176,5930,10877,14591,0.00663467,0,0,0.062,0.1254,0.4036,0.0675,0.01148,1.16375,0.13277,-0.01486,0.30711,0.89381
4130,7917.1,44572936,2865285,0.629,1.164,6114,10960,14675,0.00663141,0,0,0.0628,0.1158,0.407,0.0431,0.01036,1.15246,0.13005,-0.01714,0.30638,0.90502
4131,7918.9,44583864,2865933,0.631,1.162,6096,10928,14611,0.00662812,0,0,0.0643,0.1152,0.4127,0.0389,0.01118,1.14957,0.12046,-0.01689,0.28673,0.90718
4132,7920.7,44594764,2866573,0.664,1.174,5931,10900,14609,0.00662484,0,0,0.0634,0.1181,0.4144,0.0683,0.0112,1.16169,0.12756,-0.01786,0.30296,0.91402
4133,7922.5,44605727,2867213,0.576,1.163,6305,10963,14649,0.00662157,0,0,0.0586,0.1007,0.3829,0.0338,0.01123,1.15071,0.12896,-0.01712,0.30427,0.91496
4134,7924.3,44616651,2867865,0.612,1.176,6107,10924,14625,0.00661828,0,0,0.061,0.1033,0.3838,0.0644,0.01156,1.16397,0.12037,-0.01865,0.29045,0.93802
4135,7926.1,44627551,2868514,0.618,1.191,6026,10900,14603,0.006615,0,0,0.0638,0.1107,0.3986,0.0445,0.01129,1.17938,0.12558,-0.01824,0.29936,0.88651
4136,7927.9,44638435,2869159,0.635,1.175,6013,10884,14596,0.00661173,0,0,0.0635,0.1073,0.4059,0.058,0.01082,1.16348,0.12643,-0.01621,0.297,0.88685
4137,7929.7,44649318,2869804,0.596,1.181,6126,10883,14612,0.00660847,0,0,0.0618,0.1048,0.3873,0.0419,0.01093,1.1689,0.12365,-0.0155,0.28974,0.86564
4138,7931.5,44660230,2870440,0.616,1.18,6074,10912,14620,0.0066052,0,0,0.0634,0.1077,0.3909,0.0543,0.01054,1.16874,0.11983,-0.01626,0.28394,0.88961
4139,7933.2,44671197,2871083,0.617,1.163,6164,10967,14681,0.00660193,0,0,0.0644,0.1184,0.4029,0.031,0.01105,1.15058,0.11917,-0.01703,0.28391,0.87133
4140,7935.1,44682170,2871697,0.663,1.173,5976,10973,14673,0.00659864,0,0,0.0631,0.1138,0.418,0.068,0.01138,1.16123,0.1313,-0.01675,0.30734,0.85234
4141,7936.9,44693148,2872338,0.634,1.183,6043,10978,14694,0.00659535,0,0,0.0646,0.1121,0.4147,0.0423,0.01206,1.16991,0.12507,-0.01285,0.28714,0.85671
4142,7938.7,44704113,2872967,0.676,1.16,5970,10965,14671,0.00659206,0,0,0.064,0.1168,0.4279,0.0676,0.01167,1.14756,0.12105,-0.01244,0.27848,0.8732
4143,7940.6,44715110,2873601,0.661,1.167,6014,10997,14720,0.00658877,0,0,0.0641,0.115,0.4105,0.0716,0.01189,1.15445,0.11289,-0.01341,0.26409,0.87082
4144,7942.4,44726060,2874226,0.622,1.179,6079,10950,14664,0.00658547,0,0,0.0615,0.1128,0.4067,0.0411,0.01127,1.16711,0.11557,-0.01508,0.27291,0.88245
4145,7944.2,44737050,2874849,0.692,1.16,5935,10990,14711,0.00658218,0,0,0.0632,0.1314,0.4215,0.076,0.01179,1.14704,0.12445,-0.01536,0.29106,0.86956
4146,7946.0,44748030,2875476,0.638,1.17,6071,10980,14679,0.00657888,0,0,0.0625,0.1108,0.4169,0.0482,0.01184,1.15743,0.11779,-0.01471,0.27641,0.86797
4147,7947.8,44759030,2876099,0.635,1.173,6086,11000,14702,0.00657559,0,0,0.0621,0.117,0.4164,0.0393,0.01062,1.16101,0.10928,-0.01552,0.26084,0.85507
4148,7949.7,44769989,2876720,0.664,1.157,6017,10959,14654,0.00657229,0,0,0.0649,0.1176,0.4192,0.0623,0.01044,1.14599,0.13079,-0.01389,0.30004,0.81302
4149,7951.5,44780960,2877348,0.663,1.163,6009,10971,14672,0.006569,0,0,0.065,0.1262,0.4292,0.0428,0.01164,1.15015,0.11895,-0.01604,0.28049,0.79949
4150,7953.3,44791943,2877985,0.677,1.171,5944,10983,14689,0.00656571,0,0,0.0626,0.1207,0.4237,0.0702,0.01135,1.15831,0.13103,-0.01405,0.3009,0.81837
4151,7955.1,44802883,2878621,0.647,1.162,6046,10940,14646,0.00656242,0,0,0.0653,0.1158,0.4153,0.0507,0.0116,1.15003,0.13155,-0.01439,0.30304,0.84994
4152,7957.1,44813820,2879243,0.653,1.167,6012,10937,14647,0.00655914,0,0,0.0654,0.1193,0.4233,0.0445,0.01173,1.15411,0.12644,-0.0158,0.29536,0.83015
4153,7958.9,44824744,2879856,0.662,1.18,5931,10924,14633,0.00655585,0,0,0.061,0.1149,0.4145,0.0712,0.01191,1.16747,0.12555,-0.01419,0.29049,0.83916
4154,7960.7,44835708,2880495,0.638,1.17,6065,10964,14657,0.00655258,0,0,0.0624,0.1145,0.4121,0.049,0.01112,1.15788,0.11774,-0.01707,0.28078,0.85122
4155,7962.6,44846690,2881133,0.677,1.163,5969,10982,14707,0.00654929,0,0,0.0627,0.122,0.4273,0.0645,0.01193,1.15069,0.13673,-0.01206,0.30819,0.81083
4156,7964.4,44857639,2881775,0.651,1.179,5982,10949,14661,0.00654599,0,0,0.0637,0.1144,0.4052,0.0676,0.01188,1.16674,0.11608,-0.01548,0.27396,0.82742
4157,7966.2,44868586,2882432,0.616,1.168,6137,10947,14658,0.00654271,0,0,0.0621,0.115,0.4049,0.0336,0.01184,1.15556,0.11154,-0.01593,0.26605,0.85001
4158,7968.0,44879490,2883081,0.671,1.165,5938,10904,14612,0.00653942,0,0,0.064,0.1154,0.4202,0.0719,0.01109,1.15277,0.11494,-0.0137,0.26842,0.85149
4159,7969.8,44890429,2883723,0.588,1.177,6199,10939,14642,0.00653615,0,0,0.0591,0.1033,0.3833,0.0423,0.01092,1.16482,0.11257,-0.01513,0.26668,0.86355
4160,7971.5,44901367,2884368,0.591,1.155,6263,10938,14648,0.00653287,0,0,0.0547,0.0982,0.3721,0.0664,0.01137,1.14295,0.11795,-0.01473,0.27639,0.84432
4161,7973.2,44912320,2885017,0.554,1.153,6414,10953,14645,0.00652959,0,0,0.0523,0.0914,0.3644,0.0461,0.01078,1.14176,0.12091,-0.01372,0.28013,0.83259
4162,7974.9,44923304,2885649,0.5,1.163,6606,10984,14705,0.0065263,0,0,0.0455,0.0833,0.3429,0.0281,0.01106,1.15108,0.11946,-0.01412,0.27788,0.82036
4163,7976.6,44934262,2886286,0.525,1.143,6572,10958,14687,0.00652301,0,0,0.0488,0.088,0.3508,0.0372,0.0108,1.1312,0.11348,-0.01392,0.26591,0.85169
4164,7978.3,44945218,2886938,0.568,1.165,6321,10956,14665,0.00651972,0,0,0.0509,0.0932,0.3642,0.06,0.01073,1.15356,0.11214,-0.0149,0.26464,0.80983
4165,7980.0,44956202,2887583,0.534,1.16,6485,10984,14699,0.00651643,0,0,0.0451,0.0829,0.3457,0.0606,0.01036,1.1485,0.13162,-0.01459,0.30301,0.81232
4166,7981.8,44967206,2888225,0.608,1.151,6254,11004,14720,0.00651314,0,0,0.0591,0.1148,0.3958,0.0386,0.01199,1.13826,0.11597,-0.01526,0.2732,0.82398
4167,7983.6,44978178,2888862,0.658,1.17,6000,10972,14681,0.00650984,0,0,0.0653,0.1232,0.4178,0.0519,0.01146,1.15757,0.11621,-0.01634,0.27558,0.80607
4168,7985.5,44989160,2889497,0.771,1.165,5674,10982,14696,0.00650655,0,0,0.0638,0.1355,0.4005,0.1709,0.01089,1.15312,0.12577,-0.01526,0.29282,0.82742
4169,7987.4,45000138,2890147,0.749,1.145,5797,10978,14685,0.00650325,0,0,0.0646,0.1211,0.4142,0.1491,0.01047,1.13363,0.12911,-0.01453,0.29797,0.82315
4170,7989.2,45011128,2890782,0.637,1.162,6107,10990,14699,0.00649996,0,0,0.061,0.1092,0.3974,0.0695,0.01048,1.15129,0.12108,-0.0162,0.28549,0.83993
4171,7991.0,45022093,2891413,0.57,1.162,6331,10965,14682,0.00649666,0,0,0.0575,0.1041,0.3769,0.0318,0.01061,1.15019,0.1278,-0.01138,0.28908,0.82462
4172,7992.8,45033043,2892040,0.662,1.144,6060,10950,14657,0.00649337,0,0,0.0624,0.1222,0.4102,0.0676,0.01127,1.13242,0.124,-0.01439,0.28761,0.83464
4173,7994.5,45043988,2892673,0.594,1.166,6219,10945,14663,0.00649009,0,0,0.0598,0.1075,0.3903,0.036,0.01172,1.15379,0.13232,-0.0139,0.30277,0.79636
4174,7996.3,45054990,2893313,0.621,1.166,6158,11002,14722,0.0064868,0,0,0.0606,0.1102,0.3905,0.0597,0.01075,1.1543,0.14411,-0.0135,0.32588,0.82166
4175,7998.0,45065938,2893932,0.576,1.151,6341,10948,14664,0.0064835,0,0,0.0577,0.1033,0.3859,0.0292,0.01055,1.13913,0.13693,-0.01403,0.31223,0.79609
4176,7999.9,45076897,2894556,0.631,1.179,6056,10959,14703,0.00648022,0,0,0.0625,0.1087,0.4073,0.0525,0.01078,1.16725,0.13336,-0.01404,0.30542,0.81904
4177,8001.7,45087884,2895187,0.651,1.171,6030,10987,14700,0.00647693,0,0,0.062,0.107,0.3973,0.0847,0.01131,1.15908,0.13391,-0.01334,0.30508,0.81585
4178,8003.4,45098861,2895825,0.601,1.144,6291,10977,14704,0.00647363,0,0,0.0598,0.1104,0.3928,0.0375,0.01122,1.13208,0.12798,-0.01136,0.2889,0.78827
4179,8005.2,45109771,2896442,0.608,1.168,6143,10910,14608,0.00647034,0,0,0.0597,0.1049,0.389,0.0547,0.01111,1.15574,0.14152,-0.0161,0.32542,0.78681
4180,8007.0,45120736,2897072,0.614,1.158,6189,10965,14686,0.00646707,0,0,0.0611,0.1148,0.4027,0.0352,0.0113,1.14568,0.13154,-0.015,0.30384,0.83155
4181,8008.7,45131710,2897692,0.575,1.148,6370,10974,14705,0.00646378,0,0,0.0571,0.1006,0.3795,0.0377,0.01152,1.13552,0.13022,-0.01173,0.29448,0.8184
4182,8010.5,45142713,2898298,0.599,1.168,6226,11003,14718,0.00646049,0,0,0.0594,0.1047,0.3904,0.0448,0.01116,1.15578,0.12749,-0.01594,0.29757,0.82926
4183,8012.2,45153681,2898913,0.601,1.157,6238,10968,14682,0.00645719,0,0,0.0574,0.0992,0.3842,0.0601,0.01025,1.14607,0.1249,-0.01641,0.29334,0.82968
4184,8014.0,45164700,2899540,0.587,1.152,6336,11019,14718,0.0064539,0,0,0.0565,0.107,0.3822,0.041,0.01049,1.14104,0.12936,-0.01383,0.29697,0.82009
4185,8015.7,45175682,2900176,0.559,1.168,6360,10982,14716,0.00645059,0,0,0.0534,0.0916,0.3669,0.047,0.01166,1.15553,0.12881,-0.01329,0.29492,0.83179
4186,8017.5,45186689,2900801,0.629,1.158,6157,11007,14743,0.0064473,0,0,0.0636,0.1129,0.417,0.0357,0.01061,1.14712,0.11959,-0.01424,0.2783,0.82528
4187,8019.2,45197704,2901420,0.599,1.161,6258,11015,14770,0.00644399,0,0,0.0585,0.1039,0.3896,0.0467,0.01071,1.15002,0.12419,-0.01374,0.28693,0.85812
4188,8021.0,45208743,2902046,0.622,1.179,6129,11039,14761,0.00644069,0,0,0.0589,0.1091,0.3911,0.0628,0.01114,1.16732,0.12364,-0.01211,0.28231,0.83923
4189,8022.8,45219743,2902659,0.579,1.157,6335,11000,14730,0.00643738,0,0,0.0584,0.1033,0.3854,0.032,0.01125,1.14498,0.11863,-0.01426,0.27648,0.83108
4190,8024.6,45230752,2903267,0.65,1.169,6054,11009,14751,0.00643408,0,0,0.0601,0.1181,0.4021,0.0695,0.01105,1.15688,0.12425,-0.01568,0.29075,0.84593
4191,8026.4,45241754,2903908,0.584,1.178,6243,11002,14731,0.00643077,0,0,0.057,0.0981,0.3754,0.0535,0.01163,1.16585,0.12602,-0.01529,0.29307,0.81369
4192,8028.1,45252733,2904527,0.585,1.158,6297,10979,14710,0.00642747,0,0,0.0581,0.1025,0.3883,0.0362,0.01142,1.14613,0.12748,-0.01548,0.296,0.7836
4193,8029.9,45263656,2905160,0.582,1.176,6211,10923,14651,0.00642418,0,0,0.0585,0.1061,0.3865,0.0314,0.01101,1.16336,0.12253,-0.01509,0.28544,0.79294
4194,8031.6,45274642,2905794,0.572,1.173,6296,10986,14711,0.0064209,0,0,0.0543,0.0923,0.3663,0.0589,0.01051,1.16184,0.129,-0.015,0.29832,0.80249
4195,8033.3,45285619,2906425,0.574,1.16,6330,10977,14700,0.00641761,0,0,0.0573,0.0992,0.3855,0.0321,0.01128,1.14796,0.134,-0.01054,0.29901,0.7753
4196,8035.2,45296559,2907053,0.662,1.173,5961,10940,14662,0.00641431,0,0,0.0623,0.1244,0.4066,0.0686,0.01129,1.16125,0.13866,-0.01476,0.31686,0.7804
4197,8036.9,45307538,2907686,0.573,1.163,6325,10979,14706,0.00641103,0,0,0.0573,0.1027,0.3776,0.0353,0.01125,1.15112,0.14122,-0.01444,0.32143,0.78802
4198,8038.7,45318501,2908312,0.618,1.151,6199,10963,14656,0.00640774,0,0,0.0579,0.1072,0.3848,0.0678,0.01112,1.13894,0.12673,-0.01568,0.29458,0.76123
4199,8040.4,45329436,2908947,0.602,1.17,6169,10935,14631,0.00640445,0,0,0.0578,0.1019,0.3843,0.0584,0.01087,1.15862,0.13605,-0.01482,0.31144,0.75718
4200,8042.2,45340397,2909578,0.585,1.162,6273,10961,14666,0.00640117,0,0,0.0576,0.1022,0.3784,0.0471,0.01064,1.15056,0.13339,-0.01562,0.30816,0.79285
4201,8044.4,45351320,2910229,0.619,1.148,6182,10923,14644,0.00639788,0,0,0.0589,0.1022,0.3864,0.0714,0.01041,1.13694,0.13931,-0.0143,0.3171,0.773
4202,8046.3,45362238,2910895,0.614,1.165,6135,10918,14639,0.0063946,0,0,0.0579,0.1053,0.3903,0.0607,0.01148,1.15291,0.13711,-0.01557,0.31538,0.78273
4203,8048.0,45373167,2911554,0.579,1.169,6253,10929,14638,0.00639133,0,0,0.0589,0.1016,0.3836,0.0351,0.01123,1.15655,0.13656,-0.01432,0.31179,0.78465
4204,8049.7,45384075,2912199,0.553,1.148,6413,10908,14613,0.00638805,0,0,0.0553,0.0948,0.3731,0.0297,0.01102,1.13629,0.13666,-0.01458,0.31241,0.77806
4205,8051.5,45395014,2912871,0.58,1.175,6233,10939,14662,0.00638478,0,0,0.0561,0.0979,0.3747,0.0517,0.01154,1.16252,0.13918,-0.01572,0.31975,0.77967
4206,8053.3,45405885,2913521,0.615,1.169,6092,10871,14578,0.0063815,0,0,0.0614,0.1104,0.4096,0.0341,0.01028,1.1577,0.1281,-0.01522,0.29689,0.80364
4207,8055.0,45416739,2914166,0.618,1.152,6133,10854,14558,0.00637823,0,0,0.06,0.107,0.3932,0.0574,0.01098,1.1405,0.13942,-0.01314,0.31505,0.7793
4208,8056.8,45427586,2914822,0.582,1.175,6175,10847,14553,0.00637498,0,0,0.0593,0.1039,0.383,0.0357,0.0111,1.16307,0.13111,-0.01443,0.30128,0.80049
4209,8058.5,45438470,2915463,0.593,1.165,6192,10884,14588,0.00637172,0,0,0.0577,0.0967,0.3748,0.0635,0.01063,1.15351,0.13318,-0.01377,0.30396,0.79078
4210,8060.3,45449357,2916120,0.61,1.16,6153,10887,14593,0.00636846,0,0,0.0581,0.1021,0.3832,0.0665,0.01131,1.14772,0.14128,-0.01421,0.32123,0.80475
4211,8062.1,45460226,2916779,0.582,1.179,6171,10869,14563,0.00636519,0,0,0.0573,0.0984,0.3797,0.047,0.01105,1.16722,0.12808,-0.01619,0.29873,0.80075
4212,8063.8,45471120,2917421,0.599,1.164,6177,10894,14619,0.00636193,0,0,0.0582,0.0984,0.3804,0.0624,0.01127,1.1521,0.12889,-0.01333,0.29442,0.78456
4213,8065.6,45481994,2918057,0.59,1.165,6198,10874,14580,0.00635866,0,0,0.058,0.1076,0.39,0.0339,0.01165,1.15241,0.13821,-0.01218,0.31061,0.77357
4214,8067.3,45492897,2918703,0.553,1.167,6340,10903,14605,0.0063554,0,0,0.0526,0.0916,0.3642,0.0444,0.01059,1.15533,0.13508,-0.01366,0.30705,0.75244
4215,8069.0,45503852,2919355,0.583,1.149,6323,10955,14675,0.00635213,0,0,0.0574,0.099,0.3863,0.0408,0.01205,1.13643,0.14171,-0.01012,0.31309,0.74255
4216,8070.8,45514759,2920001,0.613,1.157,6160,10907,14599,0.00634884,0,0,0.0602,0.1117,0.4029,0.0383,0.01085,1.14587,0.13528,-0.01193,0.30402,0.75579
4217,8072.6,45525661,2920649,0.642,1.168,6023,10902,14627,0.00634557,0,0,0.0644,0.1135,0.3992,0.065,0.01162,1.15553,0.12887,-0.01134,0.28997,0.75257
4218,8074.4,45536588,2921291,0.577,1.143,6352,10927,14640,0.0063423,0,0,0.0585,0.103,0.3874,0.028,0.01099,1.13136,0.1416,-0.01465,0.32186,0.73762
4219,8076.1,45547494,2921948,0.596,1.163,6201,10906,14626,0.00633902,0,0,0.0576,0.1009,0.3875,0.0499,0.0127,1.14942,0.13195,-0.01436,0.30204,0.74382
4220,8077.9,45558390,2922588,0.58,1.167,6239,10896,14623,0.00633575,0,0,0.0578,0.0975,0.3727,0.0517,0.01118,1.15461,0.13737,-0.01102,0.30623,0.74636
4221,8079.6,45569283,2923237,0.594,1.147,6258,10893,14611,0.00633248,0,0,0.0593,0.1051,0.3941,0.0352,0.01127,1.1348,0.15696,-0.01541,0.35417,0.74315
4222,8081.4,45580197,2923893,0.63,1.163,6085,10914,14628,0.00632922,0,0,0.0626,0.1083,0.3965,0.0628,0.00962,1.15306,0.15345,-0.01311,0.34251,0.74289
4223,8083.1,45591103,2924541,0.587,1.172,6200,10906,14612,0.00632594,0,0,0.0591,0.1002,0.387,0.0412,0.01061,1.15929,0.14817,-0.01245,0.33083,0.75684
4224,8084.9,45601990,2925194,0.59,1.178,6160,10887,14606,0.00632267,0,0,0.0572,0.095,0.3781,0.0593,0.0114,1.16547,0.13516,-0.01576,0.31165,0.77585
4225,8086.7,45612878,2925843,0.558,1.177,6275,10888,14605,0.0063194,0,0,0.0556,0.0964,0.3723,0.0339,0.01109,1.16505,0.13621,-0.01352,0.30924,0.77431
4226,8088.5,45623812,2926460,0.631,1.177,6048,10934,14653,0.00631614,0,0,0.0622,0.1129,0.4015,0.0544,0.01116,1.16485,0.12775,-0.01557,0.29704,0.82262
4227,8090.3,45634748,2927108,0.636,1.175,6039,10936,14651,0.00631286,0,0,0.0625,0.1052,0.3958,0.0725,0.01087,1.16314,0.15102,-0.01684,0.34568,0.78922
4228,8092.1,45645707,2927740,0.595,1.183,6163,10959,14689,0.00630958,0,0,0.06,0.1066,0.3942,0.034,0.01166,1.17083,0.12175,-0.01853,0.29097,0.82511
4229,8093.8,45656667,2928369,0.607,1.18,6131,10960,14673,0.00630629,0,0,0.0602,0.1075,0.3924,0.0471,0.01176,1.16764,0.1315,-0.01586,0.30461,0.78384
4230,8095.6,45667600,2929002,0.615,1.18,6091,10933,14623,0.006303,0,0,0.0586,0.1046,0.3904,0.0615,0.01171,1.16745,0.13173,-0.0183,0.30981,0.77249
4231,8097.4,45678524,2929635,0.575,1.181,6222,10924,14626,0.00629972,0,0,0.0573,0.1011,0.383,0.0334,0.01089,1.16944,0.13825,-0.01763,0.32134,0.75949
4232,8099.2,45689378,2930267,0.602,1.162,6153,10854,14582,0.00629644,0,0,0.058,0.1034,0.3811,0.0596,0.0121,1.14905,0.13693,-0.01416,0.31206,0.7841
4233,8100.9,45700280,2930917,0.571,1.166,6278,10902,14606,0.00629319,0,0,0.0571,0.0985,0.3831,0.0319,0.01153,1.1538,0.13352,-0.0145,0.30604,0.79401
4234,8102.6,45711198,2931549,0.578,1.165,6266,10918,14644,0.00628992,0,0,0.0561,0.0951,0.3707,0.0558,0.01064,1.15329,0.13677,-0.01681,0.31691,0.77489
4235,8104.4,45722116,2932165,0.624,1.168,6094,10918,14619,0.00628664,0,0,0.0624,0.1129,0.4057,0.0428,0.01228,1.15473,0.1295,-0.01797,0.30458,0.76779
4236,8106.2,45733021,2932814,0.629,1.166,6075,10905,14624,0.00628337,0,0,0.0604,0.1087,0.4014,0.0589,0.01095,1.15405,0.13235,-0.01719,0.30899,0.78826
4237,8108.0,45743945,2933455,0.593,1.165,6215,10924,14644,0.00628009,0,0,0.0593,0.1053,0.3954,0.0327,0.01058,1.15344,0.13359,-0.01482,0.30696,0.80632
4238,8109.8,45754829,2934077,0.613,1.165,6121,10884,14599,0.00627682,0,0,0.0599,0.1051,0.3885,0.0595,0.01094,1.15333,0.14638,-0.01514,0.33295,0.7884
4239,8111.5,45765743,2934727,0.59,1.167,6210,10914,14644,0.00627355,0,0,0.0593,0.1036,0.3885,0.0388,0.01117,1.15537,0.14207,-0.0119,0.31801,0.80245
4240,8113.4,45776623,2935370,0.705,1.168,5807,10880,14599,0.00627028,0,0,0.0692,0.1337,0.434,0.0685,0.01109,1.15618,0.1423,-0.01613,0.32686,0.79811
4241,8115.1,45787527,2936009,0.581,1.164,6249,10904,14617,0.00626701,0,0,0.0568,0.1024,0.3862,0.0352,0.01143,1.15206,0.13826,-0.01627,0.31873,0.77145
4242,8116.9,45798434,2936650,0.606,1.166,6156,10907,14601,0.00626374,0,0,0.0581,0.1013,0.3837,0.0628,0.01069,1.15448,0.13144,-0.01765,0.30826,0.80442
4243,8118.7,45809377,2937302,0.593,1.166,6220,10943,14648,0.00626047,0,0,0.0605,0.1055,0.3937,0.0333,0.01056,1.15495,0.13411,-0.01621,0.31043,0.78207
4244,8120.4,45820297,2937947,0.573,1.165,6281,10920,14609,0.00625719,0,0,0.053,0.0948,0.3661,0.0593,0.01102,1.15359,0.13519,-0.01516,0.31072,0.80009
4245,8122.2,45831190,2938606,0.65,1.167,5997,10893,14603,0.00625391,0,0,0.0655,0.1243,0.4238,0.0359,0.01132,1.15495,0.14363,-0.01564,0.32833,0.78357
4246,8124.1,45842124,2939244,0.64,1.194,5964,10934,14647,0.00625064,0,0,0.063,0.1072,0.3986,0.071,0.01237,1.18029,0.13984,-0.01803,0.32568,0.79611
4247,8125.9,45853079,2939888,0.671,1.193,5876,10955,14654,0.00624736,0,0,0.0652,0.12,0.4151,0.0709,0.01203,1.18021,0.13986,-0.01828,0.32653,0.81877
4248,8127.9,45863999,2940529,0.778,1.193,5542,10920,14652,0.00624408,0,0,0.0752,0.1555,0.4672,0.0797,0.01162,1.18032,0.13876,-0.01799,0.32355,0.8054
4249,8129.7,45874954,2941178,0.623,1.192,6038,10955,14666,0.0062408,0,0,0.0621,0.1134,0.4081,0.039,0.01069,1.18023,0.13881,-0.01631,0.32035,0.81035
4250,8131.5,45885886,2941824,0.612,1.17,6133,10932,14653,0.00623751,0,0,0.0595,0.1058,0.3902,0.0568,0.0111,1.1582,0.13972,-0.01758,0.32479,0.81751
4251,8133.3,45896846,2942471,0.608,1.168,6172,10960,14673,0.00623423,0,0,0.0583,0.104,0.3815,0.0643,0.01151,1.15549,0.13548,-0.01255,0.30603,0.79972
4252,8135.1,45907804,2943121,0.583,1.169,6255,10958,14683,0.00623095,0,0,0.0586,0.1047,0.3861,0.0333,0.01069,1.15756,0.13615,-0.01386,0.30982,0.7859
4253,8136.9,45918732,2943745,0.617,1.166,6129,10928,14642,0.00622766,0,0,0.0596,0.1084,0.3945,0.0543,0.01161,1.15378,0.14419,-0.01477,0.32761,0.77745
4254,8138.6,45929668,2944377,0.55,1.165,6374,10936,14648,0.00622438,0,0,0.0539,0.095,0.3689,0.0325,0.01061,1.15379,0.14438,-0.01647,0.33155,0.79196
4255,8140.5,45940590,2945023,0.654,1.17,5987,10922,14636,0.0062211,0,0,0.0634,0.1117,0.4133,0.0657,0.01126,1.15822,0.14006,-0.01727,0.3244,0.78235
4256,8142.2,45951495,2945673,0.609,1.165,6150,10905,14659,0.00621782,0,0,0.0583,0.1163,0.3973,0.0367,0.01066,1.15314,0.13598,-0.01607,0.31433,0.82219
4257,8144.0,45962437,2946323,0.601,1.166,6191,10942,14669,0.00621455,0,0,0.0585,0.1019,0.3859,0.0547,0.01054,1.15505,0.13826,-0.01586,0.31811,0.79413
4258,8145.8,45973326,2946962,0.609,1.168,6128,10889,14604,0.00621127,0,0,0.0588,0.1061,0.3875,0.0568,0.01146,1.15546,0.14346,-0.01801,0.33287,0.80009
4259,8147.5,45984220,2947601,0.574,1.164,6268,10894,14618,0.006208,0,0,0.059,0.1013,0.3821,0.0315,0.01047,1.15295,0.14664,-0.01546,0.33397,0.78712
4260,8149.3,45995097,2948240,0.613,1.166,6111,10877,14585,0.00620473,0,0,0.0588,0.1053,0.394,0.0552,0.01138,1.1544,0.13091,-0.01626,0.30406,0.78248
4261,8151.1,46005983,2948898,0.619,1.168,6091,10886,14610,0.00620147,0,0,0.0594,0.1115,0.3945,0.0539,0.01128,1.15581,0.13599,-0.01464,0.31075,0.76552
4262,8152.8,46016890,2949540,0.602,1.166,6172,10907,14632,0.00619821,0,0,0.0602,0.1072,0.3984,0.0357,0.01112,1.15357,0.1424,-0.01194,0.31844,0.7863
4263,8154.6,46027810,2950165,0.626,1.169,6083,10920,14659,0.00619493,0,0,0.0607,0.1084,0.3937,0.0632,0.01172,1.15661,0.14261,-0.01543,0.32613,0.81172
4264,8156.4,46038698,2950809,0.607,1.187,6069,10888,14581,0.00619166,0,0,0.0581,0.0999,0.3886,0.0603,0.01102,1.17533,0.1381,-0.01533,0.31679,0.8021
4265,8158.2,46049600,2951461,0.585,1.184,6165,10902,14629,0.00618839,0,0,0.0579,0.1,0.3867,0.0399,0.01159,1.17126,0.14238,-0.01566,0.32583,0.78824
4266,8160.0,46060455,2952104,0.586,1.189,6115,10855,14559,0.00618512,0,0,0.055,0.0944,0.373,0.064,0.01156,1.17648,0.14784,-0.01531,0.33599,0.78315
4267,8161.8,46071350,2952757,0.592,1.185,6132,10895,14626,0.00618186,0,0,0.0589,0.1027,0.3893,0.0411,0.01075,1.17332,0.13208,-0.0146,0.30326,0.80119
4268,8163.5,46082236,2953413,0.619,1.168,6089,10886,14603,0.0061786,0,0,0.0608,0.1055,0.391,0.0621,0.01093,1.15657,0.13611,-0.01458,0.31113,0.78866
4269,8165.3,46093118,2954045,0.614,1.169,6106,10882,14599,0.00617533,0,0,0.0605,0.1037,0.386,0.0634,0.01118,1.15668,0.13775,-0.01671,0.31855,0.77966
4270,8167.1,46104032,2954687,0.589,1.166,6219,10914,14639,0.00617206,0,0,0.0602,0.1018,0.3891,0.0375,0.01125,1.15448,0.13293,-0.01603,0.30775,0.7974
4271,8168.9,46114902,2955326,0.613,1.163,6121,10870,14580,0.00616879,0,0,0.0608,0.1047,0.389,0.0581,0.01054,1.15186,0.14455,-0.01614,0.33106,0.78598
4272,8170.7,46125799,2955968,0.701,1.171,5823,10897,14602,0.00616553,0,0,0.0676,0.1299,0.4333,0.07,0.01207,1.15764,0.12257,-0.01792,0.29099,0.81141
4273,8172.6,46136692,2956610,0.704,1.169,5816,10893,14622,0.00616226,0,0,0.0713,0.1458,0.4332,0.0539,0.01123,1.15653,0.1295,-0.01451,0.29789,0.80074
4274,8174.5,46147583,2957261,0.727,1.17,5742,10891,14618,0.00615899,0,0,0.0726,0.1443,0.4461,0.0638,0.01245,1.15659,0.13143,-0.01754,0.30799,0.815
4275,8176.3,46158500,2957907,0.672,1.17,5925,10917,14655,0.00615573,0,0,0.0655,0.1243,0.4211,0.0615,0.01102,1.15812,0.12781,-0.01405,0.29359,0.80227
4276,8178.4,46169409,2958552,0.836,1.176,5423,10909,14609,0.00615245,0,0,0.0791,0.1755,0.4866,0.0947,0.01182,1.16228,0.13195,-0.01268,0.29905,0.79459
4277,8180.5,46180384,2959189,0.967,1.171,5135,10975,14701,0.00614918,0,0,0.0812,0.1747,0.4913,0.2194,0.01136,1.15825,0.12271,-0.01685,0.28871,0.78155
4278,8182.5,46191327,2959811,0.828,1.17,5476,10943,14632,0.00614588,0,0,0.0739,0.1516,0.458,0.1446,0.01232,1.15705,0.1293,-0.01487,0.29776,0.76675
4279,8184.3,46202264,2960461,0.647,1.172,6013,10937,14666,0.0061426,0,0,0.0675,0.1221,0.4178,0.0398,0.01203,1.15874,0.11165,-0.01704,0.26726,0.80526
4280,8186.2,46213194,2961127,0.682,1.168,5906,10930,14613,0.00613932,0,0,0.065,0.1154,0.4139,0.088,0.01108,1.15625,0.12791,-0.0176,0.30053,0.77431
4281,8188.0,46224081,2961763,0.667,1.201,5827,10887,14568,0.00613604,0,0,0.0647,0.1186,0.416,0.0674,0.01105,1.18924,0.12412,-0.01575,0.28937,0.78394
4282,8189.9,46234943,2962419,0.631,1.206,5915,10862,14571,0.00613278,0,0,0.0624,0.1091,0.4011,0.058,0.01144,1.1935,0.14457,-0.01519,0.32916,0.78564
4283,8191.7,46245850,2963076,0.622,1.206,5969,10907,14603,0.00612952,0,0,0.0627,0.1068,0.3918,0.0604,0.01104,1.1939,0.13789,-0.01746,0.32054,0.80234
4284,8193.6,46256743,2963723,0.647,1.204,5886,10893,14602,0.00612625,0,0,0.0624,0.1152,0.3997,0.0698,0.0114,1.1913,0.13408,-0.01574,0.30937,0.79438
4285,8195.4,46267652,2964387,0.642,1.206,5903,10909,14631,0.00612298,0,0,0.0655,0.1235,0.4139,0.0387,0.01096,1.19476,0.12364,-0.01708,0.2914,0.81333
4286,8197.3,46278556,2965036,0.703,1.208,5705,10904,14618,0.0061197,0,0,0.0719,0.1351,0.4361,0.0602,0.01165,1.19527,0.11437,-0.01675,0.27237,0.82836
4287,8199.2,46289482,2965699,0.718,1.204,5682,10926,14644,0.00611643,0,0,0.0706,0.1384,0.4357,0.0737,0.01174,1.19185,0.1254,-0.0146,0.29012,0.8267
4288,8201.2,46300438,2966376,0.722,1.207,5679,10956,14664,0.00611316,0,0,0.075,0.1514,0.4503,0.045,0.0117,1.19483,0.12251,-0.01508,0.28576,0.86589
4289,8203.1,46311360,2967035,0.737,1.193,5658,10922,14634,0.00610987,0,0,0.0711,0.138,0.4324,0.0958,0.0121,1.18025,0.13426,-0.01405,0.30701,0.85055
4290,8205.0,46322285,2967672,0.698,1.167,5859,10925,14623,0.00610659,0,0,0.0695,0.1264,0.426,0.076,0.01118,1.15443,0.13378,-0.01282,0.30327,0.82442
4291,8206.8,46333228,2968335,0.684,1.17,5901,10943,14659,0.00610331,0,0,0.0685,0.134,0.4402,0.0416,0.01158,1.1578,0.13314,-0.01735,0.31141,0.8544
4292,8208.7,46344189,2968980,0.69,1.168,5900,10961,14643,0.00610003,0,0,0.0659,0.1302,0.4254,0.0684,0.01139,1.15576,0.13737,-0.01686,0.3187,0.83827
4293,8210.5,46355091,2969632,0.628,1.165,6078,10902,14600,0.00609674,0,0,0.0643,0.1222,0.4069,0.0348,0.01123,1.15321,0.1254,-0.01765,0.29629,0.83482
4294,8212.3,46366000,2970287,0.673,1.17,5919,10909,14619,0.00609347,0,0,0.0666,0.124,0.4128,0.0692,0.01266,1.15675,0.11974,-0.01674,0.28313,0.83577
4295,8214.1,46376896,2970922,0.638,1.17,6026,10896,14576,0.0060902,0,0,0.0653,0.1182,0.4166,0.0378,0.01158,1.15803,0.12419,-0.01687,0.29213,0.82325
4296,8216.0,46387785,2971587,0.681,1.167,5893,10889,14615,0.00608693,0,0,0.0674,0.1265,0.4219,0.0654,0.01116,1.15469,0.13852,-0.01466,0.31626,0.81418
4297,8217.8,46398638,2972263,0.655,1.168,5956,10853,14571,0.00608366,0,0,0.068,0.1241,0.424,0.0386,0.01135,1.15551,0.13467,-0.01533,0.3099,0.81242
4298,8219.6,46409487,2972911,0.671,1.177,5872,10849,14553,0.00608041,0,0,0.0673,0.1256,0.4084,0.0699,0.01161,1.16417,0.1397,-0.01495,0.3189,0.79043
4299,8221.5,46420362,2973568,0.642,1.174,5986,10875,14585,0.00607715,0,0,0.0687,0.1226,0.416,0.035,0.0116,1.16192,0.13328,-0.01545,0.30713,0.79549
4300,8223.3,46431265,2974220,0.667,1.173,5925,10903,14607,0.00607389,0,0,0.0664,0.1207,0.4101,0.0693,0.01115,1.16148,0.13912,-0.01851,0.3246,0.76991
4301,8225.2,46442155,2974860,0.681,1.177,5861,10890,14594,0.00607062,0,0,0.0689,0.1239,0.4189,0.0691,0.01149,1.16468,0.13489,-0.01942,0.31804,0.77503
4302,8227.1,46452953,2975526,0.65,1.171,5928,10798,14575,0.00606735,0,0,0.0679,0.1259,0.4194,0.0372,0.01086,1.15962,0.13613,-0.01649,0.31506,0.81015
4303,8228.9,46463786,2976168,0.664,1.164,5927,10833,14591,0.00606411,0,0,0.0649,0.1185,0.4123,0.0684,0.0113,1.15137,0.1391,-0.01514,0.31824,0.80602
4304,8230.8,46474583,2976837,0.663,1.171,5887,10797,14561,0.00606086,0,0,0.0684,0.1239,0.4319,0.0384,0.01201,1.15848,0.13649,-0.01729,0.31747,0.81689
4305,8232.7,46485412,2977513,0.709,1.172,5758,10829,14599,0.00605763,0,0,0.0705,0.1345,0.4346,0.0696,0.01163,1.15931,0.13062,-0.01772,0.307,0.85222
4306,8234.6,46496205,2978168,0.763,1.171,5582,10793,14548,0.00605438,0,0,0.0718,0.1518,0.4444,0.0951,0.0126,1.15699,0.12659,-0.01974,0.30303,0.85574
4307,8236.5,46507029,2978822,0.705,1.172,5766,10824,14558,0.00605114,0,0,0.0709,0.1469,0.4459,0.0414,0.01205,1.15916,0.14304,-0.01565,0.3276,0.84495
4308,8238.4,46517885,2979484,0.744,1.172,5665,10856,14622,0.00604789,0,0,0.0717,0.1432,0.443,0.0862,0.01105,1.16016,0.12564,-0.0166,0.29484,0.85711
4309,8240.3,46528725,2980136,0.708,1.169,5775,10840,14604,0.00604463,0,0,0.0725,0.1403,0.4498,0.0452,0.01132,1.15702,0.13982,-0.014,0.31792,0.85007
4310,8242.2,46539559,2980794,0.764,1.169,5604,10834,14594,0.00604138,0,0,0.0723,0.1664,0.4702,0.0553,0.01163,1.15642,0.12336,-0.0163,0.28993,0.87706
4311,8244.1,46550420,2981455,0.752,1.171,5648,10861,14628,0.00603813,0,0,0.0767,0.1482,0.4584,0.0683,0.01188,1.15866,0.12393,-0.01574,0.28949,0.84166
4312,8246.0,46561264,2982103,0.705,1.171,5780,10844,14604,0.00603487,0,0,0.0742,0.1462,0.4496,0.0348,0.01192,1.1583,0.12969,-0.01643,0.30264,0.85992
4313,8247.9,46572104,2982773,0.755,1.168,5639,10840,14604,0.00603162,0,0,0.0739,0.1481,0.4528,0.08,0.01119,1.1554,0.12269,-0.0164,0.28839,0.84653
4314,8249.8,46582956,2983427,0.712,1.173,5757,10852,14613,0.00602837,0,0,0.0724,0.1462,0.4496,0.0439,0.01151,1.16048,0.12924,-0.01634,0.30127,0.83892
4315,8251.8,46593798,2984077,0.694,1.249,5581,10842,14599,0.00602511,0,0,0.0714,0.1302,0.426,0.0662,0.01222,1.23548,0.12193,-0.01744,0.28934,0.87954
4316,8253.7,46604683,2984722,0.731,1.254,5484,10885,14653,0.00602186,0,0,0.073,0.1372,0.4414,0.0791,0.01145,1.24167,0.12517,-0.01616,0.2933,0.88217
4317,8255.7,46615539,2985369,0.699,1.256,5554,10856,14605,0.0060186,0,0,0.0727,0.1391,0.4416,0.0457,0.01147,1.24334,0.12131,-0.01663,0.28642,0.87613
4318,8257.6,46626380,2986017,0.671,1.258,5621,10841,14621,0.00601534,0,0,0.0684,0.1219,0.4238,0.0572,0.0115,1.24521,0.12352,-0.01774,0.29277,0.85204
4319,8259.5,46637232,2986673,0.659,1.256,5667,10852,14623,0.00601209,0,0,0.0706,0.124,0.4256,0.0393,0.01211,1.2424,0.11499,-0.0177,0.27567,0.85483
4320,8261.4,46648057,2987335,0.648,1.257,5683,10825,14596,0.00600883,0,0,0.0689,0.1213,0.4229,0.0352,0.0115,1.2442,0.11667,-0.01548,0.27495,0.88621
4321,8263.3,46658848,2988009,0.663,1.236,5681,10791,14556,0.00600558,0,0,0.07,0.1247,0.4268,0.0417,0.01179,1.22346,0.12677,-0.01614,0.29668,0.90315
4322,8265.2,46669623,2988667,0.652,1.179,5884,10775,14568,0.00600235,0,0,0.0658,0.1208,0.4119,0.0538,0.01119,1.16679,0.12228,-0.01686,0.28881,0.87644
4323,8267.0,46680425,2989320,0.68,1.18,5806,10802,14566,0.00599911,0,0,0.0708,0.1429,0.4333,0.0334,0.01082,1.16846,0.11583,-0.01435,0.2711,0.8952
4324,8268.9,46691239,2989983,0.664,1.182,5858,10814,14567,0.00599587,0,0,0.065,0.1193,0.4031,0.0762,0.01104,1.17019,0.12194,-0.01433,0.28308,0.8783
4325,8270.7,46702006,2990652,0.665,1.178,5842,10767,14544,0.00599263,0,0,0.0702,0.1251,0.4287,0.0407,0.01124,1.16642,0.13764,-0.01551,0.31648,0.84918
4326,8272.6,46712790,2991312,0.691,1.183,5756,10784,14577,0.0059894,0,0,0.0696,0.1287,0.4268,0.0655,0.01213,1.17003,0.13138,-0.01558,0.30395,0.83824
4327,8274.4,46723594,2991972,0.653,1.182,5889,10804,14571,0.00598616,0,0,0.0673,0.1257,0.4247,0.0353,0.01218,1.16883,0.12744,-0.01545,0.29589,0.84374
4328,8276.3,46734394,2992647,0.691,1.168,5810,10800,14564,0.00598292,0,0,0.0679,0.1248,0.4201,0.0785,0.01188,1.15497,0.12007,-0.01272,0.27587,0.85959
4329,8278.1,46745224,2993294,0.609,1.167,6098,10830,14581,0.00597968,0,0,0.0643,0.1133,0.3967,0.0345,0.01073,1.15546,0.12721,-0.01418,0.29283,0.84139
4330,8279.9,46756017,2993970,0.634,1.172,5975,10793,14574,0.00597643,0,0,0.0619,0.1128,0.3971,0.0623,0.01096,1.16023,0.13431,-0.01166,0.302,0.84105
4331,8281.7,46766816,2994633,0.692,1.166,5810,10799,14584,0.00597319,0,0,0.0715,0.1405,0.4389,0.0416,0.01156,1.15387,0.12632,-0.01442,0.29157,0.84418
4332,8283.5,46777635,2995297,0.644,1.169,5967,10819,14605,0.00596996,0,0,0.0668,0.1142,0.4099,0.0531,0.01108,1.15713,0.13146,-0.01444,0.30162,0.823
4333,8285.4,46788412,2995968,0.632,1.171,5978,10777,14542,0.00596671,0,0,0.0655,0.118,0.413,0.0354,0.01092,1.15891,0.13478,-0.01489,0.3093,0.83583
4334,8287.4,46799235,2996611,0.849,1.169,5364,10823,14575,0.00596348,0,0,0.0774,0.1876,0.5021,0.0816,0.01163,1.15629,0.13503,-0.01461,0.30918,0.82886
4335,8289.3,46810061,2997300,0.727,1.189,5650,10826,14616,0.00596023,0,0,0.0756,0.1441,0.4493,0.0579,0.01241,1.17594,0.13104,-0.01403,0.3003,0.85133
4336,8291.4,46820851,2997951,0.902,1.172,5202,10790,14552,0.00595698,0,0,0.0777,0.1734,0.4656,0.1851,0.01169,1.15929,0.13638,-0.01441,0.31164,0.84497
4337,8293.3,46831642,2998606,0.745,1.17,5636,10791,14565,0.00595374,0,0,0.0744,0.1508,0.4538,0.0657,0.01169,1.15748,0.13426,-0.01408,0.30698,0.86589
4338,8295.1,46842483,2999281,0.677,1.164,5886,10841,14630,0.00595051,0,0,0.0664,0.1214,0.4123,0.0774,0.01113,1.15203,0.12328,-0.01495,0.28677,0.86658
4339,8297.0,46853334,2999923,0.673,1.171,5885,10851,14612,0.00594726,0,0,0.0683,0.1304,0.4289,0.0454,0.01151,1.1585,0.14552,-0.01723,0.33591,0.87533
4340,8298.8,46864174,3000582,0.7,1.172,5789,10840,14607,0.005944,0,0,0.0681,0.1293,0.4307,0.0725,0.01151,1.15965,0.12826,-0.01767,0.30241,0.88755
4341,8300.7,46875022,3001239,0.72,1.17,5741,10848,14616,0.00594075,0,0,0.0707,0.1341,0.4354,0.0795,0.0133,1.15586,0.13208,-0.01631,0.30702,0.86019
4342,8302.6,46885797,3001904,0.671,1.168,5860,10775,14553,0.00593749,0,0,0.069,0.1248,0.4269,0.0499,0.01127,1.15601,0.13539,-0.0175,0.31598,0.85817
4343,8304.5,46896603,3002561,0.715,1.172,5729,10806,14568,0.00593426,0,0,0.0691,0.135,0.4309,0.0795,0.01226,1.15849,0.1321,-0.01543,0.30523,0.85697
4344,8306.3,46907437,3003220,0.695,1.172,5800,10834,14594,0.00593102,0,0,0.0696,0.1454,0.4315,0.0489,0.01236,1.15937,0.12637,-0.01668,0.29615,0.84677
4345,8308.1,46918291,3003886,0.648,1.172,5964,10854,14630,0.00592777,0,0,0.0653,0.1203,0.4157,0.0466,0.01184,1.15865,0.13159,-0.0191,0.31134,0.83981
4346,8310.0,46929128,3004542,0.683,1.173,5839,10837,14645,0.00592451,0,0,0.0653,0.1205,0.4271,0.0703,0.01141,1.16037,0.13559,-0.01403,0.30923,0.84424
4347,8311.9,46939964,3005212,0.685,1.171,5838,10836,14618,0.00592126,0,0,0.0704,0.1303,0.4402,0.0442,0.01122,1.15876,0.13323,-0.01423,0.3047,0.82581
4348,8313.7,46950830,3005871,0.714,1.171,5766,10866,14642,0.00591801,0,0,0.07,0.1422,0.4305,0.0709,0.01159,1.15828,0.13588,-0.01775,0.31706,0.82832
4349,8315.7,46961626,3006511,0.67,1.255,5610,10796,14547,0.00591475,0,0,0.069,0.1251,0.4295,0.0464,0.01144,1.24232,0.11927,-0.01622,0.28065,0.81678
4350,8317.7,46972509,3007166,0.774,1.283,5290,10883,14646,0.00591151,0,0,0.0752,0.1462,0.4693,0.0837,0.01254,1.26889,0.13952,-0.01673,0.32206,0.80908
4351,8319.9,46983294,3007819,0.866,1.281,5025,10785,14559,0.00590825,0,0,0.0839,0.1868,0.5029,0.092,0.01305,1.2668,0.12936,-0.0149,0.29823,0.82083
4352,8322.1,46994089,3008506,0.849,1.215,5232,10795,14616,0.00590501,0,0,0.0831,0.1706,0.5101,0.0848,0.01297,1.20079,0.11953,-0.01802,0.28566,0.89416
4353,8324.0,47004889,3009176,0.711,1.186,5692,10800,14617,0.00590177,0,0,0.0725,0.1429,0.456,0.04,0.0117,1.17329,0.12837,-0.01334,0.29385,0.883
4354,8325.9,47015671,3009830,0.719,1.181,5675,10782,14626,0.00589853,0,0,0.0708,0.1325,0.4378,0.0779,0.01213,1.16761,0.12028,-0.01503,0.28096,0.87662
4355,8327.8,47026450,3010504,0.716,1.179,5688,10779,14612,0.0058953,0,0,0.0697,0.1405,0.4496,0.0564,0.01127,1.16646,0.11666,-0.01147,0.26652,0.87093
4356,8329.7,47037245,3011191,0.716,1.18,5694,10795,14636,0.00589207,0,0,0.0708,0.1329,0.4492,0.0627,0.01193,1.16723,0.12039,-0.01179,0.27496,0.89921
4357,8331.6,47047983,3011864,0.724,1.17,5671,10738,14581,0.00588883,0,0,0.0703,0.1556,0.4537,0.0443,0.01189,1.15696,0.11944,-0.01333,0.27625,0.90933
4358,8333.5,47058766,3012538,0.712,1.167,5738,10783,14614,0.00588561,0,0,0.0675,0.1275,0.4428,0.0743,0.01133,1.15452,0.11465,-0.01377,0.26722,0.8829
4359,8335.3,47069514,3013209,0.714,1.168,5712,10748,14561,0.00588237,0,0,0.0701,0.1309,0.4456,0.0673,0.01208,1.15483,0.13373,-0.01187,0.30154,0.87848
4360,8337.2,47080278,3013869,0.667,1.162,5885,10764,14583,0.00587915,0,0,0.0658,0.1249,0.4196,0.057,0.01095,1.1501,0.12459,-0.01334,0.28631,0.88777
4361,8338.9,47091076,3014540,0.571,1.162,6231,10798,14628,0.00587592,0,0,0.0577,0.1018,0.3834,0.028,0.01121,1.14964,0.11933,-0.01228,0.27383,0.90329
4362,8340.8,47101830,3015200,0.697,1.161,5787,10754,14590,0.00587268,0,0,0.069,0.1332,0.4349,0.0602,0.01052,1.1497,0.10766,-0.01712,0.26001,0.89042
4363,8342.5,47112603,3015858,0.525,1.161,6389,10773,14620,0.00586945,0,0,0.0485,0.0854,0.3567,0.0342,0.01088,1.14981,0.13186,-0.01315,0.30061,0.90069
4364,8344.3,47123385,3016503,0.65,1.163,5949,10782,14590,0.00586622,0,0,0.0627,0.1141,0.4063,0.0665,0.01119,1.15077,0.1323,-0.01546,0.3055,0.85082
4365,8346.1,47134213,3017169,0.637,1.162,6020,10828,14668,0.00586298,0,0,0.063,0.1155,0.4104,0.0479,0.011,1.15005,0.12201,-0.01432,0.28276,0.86188
4366,8347.9,47144900,3017827,0.635,1.169,5923,10687,14531,0.00585974,0,0,0.0621,0.1149,0.4081,0.0502,0.01068,1.15736,0.11367,-0.01527,0.26821,0.88135
4367,8349.7,47155685,3018505,0.617,1.17,6035,10785,14611,0.00585653,0,0,0.0619,0.1117,0.3954,0.0484,0.01132,1.15771,0.12444,-0.01312,0.28502,0.84414
4368,8351.4,47166448,3019144,0.6,1.168,6090,10763,14600,0.00585329,0,0,0.0609,0.1073,0.4003,0.0311,0.01052,1.15663,0.11663,-0.01402,0.27158,0.87897
4369,8353.2,47177238,3019807,0.608,1.17,6067,10790,14614,0.00585007,0,0,0.0618,0.1054,0.394,0.0471,0.01116,1.15798,0.12219,-0.01136,0.27718,0.86209
4370,8355.0,47187999,3020465,0.671,1.169,5847,10761,14593,0.00584683,0,0,0.064,0.1142,0.4066,0.0864,0.01139,1.15705,0.12554,-0.01497,0.29121,0.87188
4371,8356.8,47198775,3021111,0.611,1.164,6073,10776,14578,0.0058436,0,0,0.0624,0.1129,0.3988,0.0368,0.01109,1.15177,0.12152,-0.0145,0.28207,0.85743
4372,8358.6,47209555,3021748,0.623,1.163,6036,10780,14621,0.00584037,0,0,0.0602,0.1047,0.3914,0.0671,0.01168,1.1501,0.11861,-0.01389,0.27493,0.84971
4373,8360.3,47220387,3022408,0.545,1.159,6355,10832,14652,0.00583713,0,0,0.0536,0.0923,0.3658,0.0334,0.01071,1.14769,0.11899,-0.0152,0.27858,0.87234
4374,8362.0,47231142,3023054,0.517,1.162,6408,10755,14598,0.00583388,0,0,0.0458,0.0863,0.3476,0.0371,0.01046,1.15023,0.11117,-0.01472,0.26182,0.85971
4375,8363.7,47241938,3023697,0.583,1.163,6183,10796,14602,0.00583066,0,0,0.0565,0.0978,0.3693,0.0594,0.01112,1.15115,0.12193,-0.01272,0.27909,0.83909
4376,8365.5,47252713,3024353,0.573,1.161,6214,10775,14598,0.00582742,0,0,0.0584,0.0946,0.3763,0.0439,0.01119,1.14876,0.11355,-0.01399,0.26526,0.87259
4377,8367.2,47263513,3025016,0.553,1.159,6307,10800,14620,0.00582419,0,0,0.0549,0.0929,0.3647,0.0404,0.01111,1.14745,0.11795,-0.01292,0.27171,0.8564
4378,8369.0,47274313,3025664,0.605,1.161,6116,10800,14612,0.00582095,0,0,0.0578,0.0986,0.3827,0.0657,0.01089,1.1494,0.13512,-0.01417,0.30876,0.8743
4379,8370.7,47285137,3026319,0.554,1.159,6316,10824,14643,0.00581771,0,0,0.0566,0.0955,0.3667,0.0356,0.0106,1.14814,0.12357,-0.01337,0.28426,0.89247
4380,8372.4,47295972,3026968,0.586,1.16,6206,10835,14632,0.00581446,0,0,0.0563,0.0929,0.3724,0.0646,0.01078,1.14828,0.12483,-0.01056,0.28099,0.8765
4381,8374.1,47306808,3027623,0.551,1.16,6334,10836,14667,0.00581121,0,0,0.0544,0.0915,0.3663,0.039,0.01071,1.14826,0.12655,-0.01402,0.2917,0.90897
4382,8375.9,47317640,3028271,0.579,1.162,6224,10832,14633,0.00580796,0,0,0.0545,0.0962,0.3752,0.053,0.01058,1.15036,0.10906,-0.01582,0.26017,0.89489
4383,8377.6,47328512,3028939,0.541,1.16,6391,10872,14702,0.00580471,0,0,0.0534,0.0921,0.3669,0.0284,0.01138,1.14816,0.12274,-0.01867,0.29307,0.88302
4384,8379.3,47339366,3029608,0.539,1.184,6302,10854,14685,0.00580145,0,0,0.0479,0.0863,0.3542,0.0501,0.01104,1.17208,0.11685,-0.01577,0.27595,0.92202
4385,8381.0,47350211,3030274,0.548,1.209,6174,10845,14659,0.00579819,0,0,0.0556,0.0961,0.3674,0.0289,0.01099,1.19683,0.11306,-0.01335,0.26346,0.91872
4386,8382.8,47361109,3030948,0.589,1.21,6057,10898,14700,0.00579494,0,0,0.0586,0.095,0.3713,0.0642,0.01106,1.19823,0.11938,-0.01607,0.28127,0.89494
4387,8384.6,47372044,3031607,0.57,1.216,6125,10935,14753,0.00579167,0,0,0.0598,0.1005,0.3801,0.0291,0.01058,1.20421,0.11411,-0.0171,0.27308,0.9191
4388,8386.5,47382944,3032270,0.607,1.217,5977,10900,14703,0.00578839,0,0,0.0593,0.1008,0.3852,0.0615,0.0111,1.20498,0.10943,-0.01674,0.26288,0.91094
4389,8388.2,47393885,3032923,0.556,1.173,6329,10941,14760,0.00578512,0,0,0.0499,0.0872,0.3594,0.0592,0.01104,1.16122,0.10674,-0.01605,0.25597,0.89896
4390,8389.9,47404726,3033586,0.519,1.172,6410,10841,14686,0.00578183,0,0,0.047,0.0838,0.3607,0.0279,0.01075,1.16054,0.10894,-0.01501,0.25853,0.9181
4391,8391.6,47415607,3034256,0.568,1.174,6246,10881,14731,0.00577858,0,0,0.055,0.0925,0.3675,0.0531,0.01074,1.16247,0.10286,-0.01442,0.24551,0.9474
4392,8393.3,47426525,3034892,0.559,1.171,6310,10918,14740,0.00577532,0,0,0.0572,0.095,0.371,0.036,0.0096,1.16057,0.11505,-0.01273,0.26599,0.90148
4393,8395.1,47437420,3035549,0.595,1.169,6175,10895,14741,0.00577204,0,0,0.0567,0.1002,0.3704,0.0682,0.0109,1.1572,0.11037,-0.01501,0.2615,0.9308
4394,8396.8,47448276,3036192,0.537,1.16,6398,10856,14671,0.00576877,0,0,0.0527,0.0938,0.3624,0.028,0.01062,1.14862,0.11463,-0.01564,0.2711,0.91483
4395,8398.6,47459145,3036858,0.58,1.161,6243,10869,14709,0.00576552,0,0,0.0562,0.0947,0.3671,0.0623,0.01082,1.14922,0.11434,-0.01493,0.26943,0.94491
4396,8400.3,47470008,3037506,0.632,1.163,6051,10863,14697,0.00576226,0,0,0.0631,0.1136,0.4069,0.0485,0.01247,1.14982,0.1112,-0.01322,0.25988,0.95957
4397,8402.2,47480781,3038158,0.672,1.166,5862,10773,14606,0.005759,0,0,0.0648,0.1164,0.4118,0.0788,0.01207,1.15295,0.10791,-0.0122,0.25094,0.93139
4398,8404.0,47491600,3038833,0.672,1.163,5896,10819,14663,0.00575577,0,0,0.068,0.135,0.4265,0.0421,0.0112,1.15143,0.10209,-0.01514,0.24538,0.94881
4399,8405.8,47502421,3039494,0.598,1.162,6149,10821,14659,0.00575252,0,0,0.0606,0.1077,0.3858,0.0437,0.01106,1.15023,0.10409,-0.01554,0.2499,0.92354
4400,8407.5,47513297,3040152,0.563,1.16,6311,10876,14700,0.00574927,0,0,0.0572,0.099,0.3701,0.0369,0.01061,1.14887,0.10422,-0.016,0.25127,0.94222
4401,8409.6,47524113,3040815,0.589,1.161,6182,10816,14661,0.00574601,0,0,0.0572,0.0968,0.3722,0.0624,0.01104,1.14949,0.0905,-0.0144,0.2209,0.9652
4402,8411.5,47535000,3041464,0.593,1.165,6194,10887,14678,0.00574277,0,0,0.0586,0.1002,0.3801,0.0536,0.01026,1.15411,0.11821,-0.01686,0.28092,0.93956
4403,8413.3,47545856,3042120,0.613,1.171,6084,10856,14664,0.0057395,0,0,0.0588,0.1047,0.381,0.0688,0.01106,1.15918,0.11813,-0.0167,0.28003,0.90381
4404,8415.0,47556712,3042771,0.565,1.168,6264,10856,14659,0.00573624,0,0,0.0582,0.0993,0.3763,0.0308,0.0108,1.15691,0.11277,-0.01715,0.2704,0.91962
4405,8416.8,47567580,3043424,0.592,1.169,6172,10868,14656,0.00573299,0,0,0.057,0.0968,0.3781,0.0603,0.01124,1.1567,0.11764,-0.0143,0.27408,0.89043
4406,8418.9,47578407,3044100,0.659,1.169,5922,10827,14628,0.00572973,0,0,0.0596,0.1384,0.3903,0.0707,0.01048,1.15769,0.11036,-0.01464,0.26073,0.9357
4407,8420.7,47589225,3044744,0.554,1.168,6281,10818,14632,0.00572648,0,0,0.0577,0.0965,0.3722,0.0277,0.01036,1.15713,0.11652,-0.01127,0.26605,0.91586
4408,8422.4,47600075,3045409,0.572,1.171,6225,10850,14648,0.00572323,0,0,0.0573,0.0971,0.372,0.0453,0.01087,1.15958,0.11813,-0.01148,0.26954,0.90195
4409,8424.2,47610894,3046057,0.592,1.167,6151,10819,14629,0.00571998,0,0,0.0569,0.0993,0.3796,0.0564,0.01055,1.15537,0.10619,-0.01328,0.24938,0.91125
4410,8425.9,47621740,3046720,0.542,1.167,6349,10846,14665,0.00571673,0,0,0.0537,0.0961,0.3635,0.0282,0.01128,1.15478,0.10575,-0.0113,0.24514,0.96435
4411,8427.6,47632616,3047381,0.562,1.162,6307,10876,14690,0.00571348,0,0,0.0544,0.0956,0.3695,0.0428,0.01156,1.14995,0.1024,-0.01429,0.24423,0.94831
4412,8429.3,47643452,3048050,0.541,1.16,6373,10836,14668,0.00571022,0,0,0.0533,0.0924,0.3644,0.0304,0.0104,1.14856,0.10884,-0.01394,0.25628,0.93717
4413,8431.0,47654325,3048699,0.585,1.16,6228,10873,14657,0.00570696,0,0,0.0587,0.1018,0.3829,0.042,0.01098,1.14872,0.11974,-0.0139,0.27805,0.94344
4414,8432.8,47665145,3049352,0.61,1.163,6101,10820,14635,0.0057037,0,0,0.0621,0.1084,0.4032,0.0364,0.01111,1.15162,0.10396,-0.01395,0.24656,0.94095
4415,8434.6,47675990,3050015,0.64,1.164,6012,10845,14675,0.00570046,0,0,0.0652,0.1185,0.4115,0.0447,0.01061,1.15247,0.10568,-0.01106,0.24468,0.98194
4416,8436.5,47686818,3050662,0.681,1.164,5869,10828,14663,0.0056972,0,0,0.0664,0.1216,0.4136,0.079,0.01149,1.15217,0.11967,-0.00973,0.2695,0.93796
4417,8438.2,47697635,3051318,0.608,1.16,6118,10817,14644,0.00569395,0,0,0.0606,0.1175,0.3867,0.0434,0.01052,1.14855,0.11547,-0.01274,0.26718,0.94459
4418,8440.0,47708488,3051955,0.58,1.159,6241,10853,14661,0.00569071,0,0,0.0568,0.0984,0.3716,0.0528,0.0107,1.14804,0.10693,-0.01306,0.2507,0.94193
4419,8441.7,47719329,3052598,0.567,1.16,6277,10841,14650,0.00568745,0,0,0.0557,0.095,0.3693,0.0473,0.01073,1.14836,0.11152,-0.01272,0.25905,0.93096
4420,8443.4,47730150,3053247,0.563,1.172,6238,10821,14606,0.0056842,0,0,0.0582,0.0988,0.3723,0.0338,0.011,1.15981,0.11286,-0.01463,0.26525,0.90412
4421,8445.2,47740973,3053912,0.591,1.179,6114,10823,14662,0.00568095,0,0,0.0591,0.1006,0.386,0.0451,0.01074,1.16802,0.11021,-0.01158,0.25398,0.91709
4422,8447.0,47751799,3054566,0.568,1.181,6190,10826,14639,0.00567771,0,0,0.0593,0.1001,0.3779,0.0305,0.01094,1.16935,0.11065,-0.01374,0.25941,0.93685
4423,8448.7,47762594,3055231,0.564,1.18,6189,10795,14607,0.00567446,0,0,0.057,0.0962,0.3722,0.0387,0.01074,1.16873,0.10475,-0.01094,0.24184,0.9209
4424,8450.5,47773417,3055876,0.587,1.181,6122,10823,14634,0.00567122,0,0,0.0567,0.1003,0.3807,0.0496,0.01061,1.16924,0.12,-0.01368,0.27744,0.88916
4425,8452.3,47784225,3056540,0.615,1.179,6024,10808,14598,0.00566797,0,0,0.0592,0.1015,0.3925,0.0621,0.01102,1.16697,0.11988,-0.0131,0.27603,0.88974
4426,8454.1,47795021,3057190,0.647,1.181,5906,10796,14592,0.00566473,0,0,0.067,0.1245,0.4141,0.0415,0.01161,1.1684,0.11058,-0.01384,0.25917,0.9127
4427,8455.8,47805789,3057859,0.575,1.178,6143,10768,14578,0.00566149,0,0,0.055,0.094,0.3714,0.0547,0.01098,1.16601,0.1206,-0.01305,0.27761,0.91051
4428,8457.6,47816593,3058540,0.553,1.181,6229,10804,14609,0.00565826,0,0,0.0553,0.0973,0.3716,0.0293,0.01117,1.16906,0.10956,-0.01348,0.25688,0.95366
4429,8459.3,47827385,3059228,0.577,1.17,6179,10792,14610,0.00565502,0,0,0.0561,0.0966,0.3694,0.0549,0.01024,1.15858,0.10947,-0.01395,0.2578,0.97013
4430,8461.0,47838151,3059916,0.552,1.161,6283,10766,14562,0.00565178,0,0,0.0557,0.0963,0.3687,0.0314,0.01108,1.14961,0.12404,-0.01466,0.28829,0.96343
4431,8462.8,47848914,3060589,0.583,1.16,6176,10763,14568,0.00564855,0,0,0.0581,0.0973,0.3736,0.0536,0.01083,1.1484,0.11618,-0.01602,0.27503,0.94044
4432,8464.6,47859727,3061278,0.602,1.162,6129,10813,14620,0.00564533,0,0,0.0575,0.1011,0.3772,0.0664,0.01116,1.15016,0.10975,-0.01294,0.25598,0.9388
4433,8466.3,47870539,3061957,0.631,1.164,6021,10812,14639,0.00564208,0,0,0.0635,0.1189,0.4123,0.0368,0.01145,1.15177,0.12032,-0.01337,0.27809,0.94797
4434,8468.2,47881286,3062637,0.698,1.163,5774,10747,14576,0.00563884,0,0,0.0672,0.1263,0.426,0.0786,0.01122,1.15064,0.11223,-0.01537,0.26602,0.95974
4435,8470.0,47892057,3063313,0.658,1.164,5912,10771,14572,0.00563561,0,0,0.0684,0.1317,0.4254,0.0326,0.01142,1.15173,0.11341,-0.01381,0.26543,0.97526
4436,8471.8,47902807,3063964,0.625,1.164,6008,10750,14538,0.00563238,0,0,0.062,0.1066,0.3882,0.0683,0.01114,1.15194,0.13176,-0.01875,0.31148,0.9293
4437,8473.7,47913528,3064639,0.689,1.163,5789,10721,14521,0.00562916,0,0,0.0612,0.1066,0.3897,0.1317,0.01078,1.15101,0.11352,-0.01691,0.27159,0.95362
4438,8475.5,47924248,3065334,0.657,1.17,5867,10720,14561,0.00562594,0,0,0.0581,0.105,0.3824,0.1117,0.01117,1.15831,0.11213,-0.01335,0.26207,0.988
4439,8477.3,47934985,3065999,0.61,1.177,6007,10737,14546,0.00562273,0,0,0.0589,0.0966,0.3819,0.073,0.011,1.16522,0.10675,-0.01468,0.25379,0.97225
4440,8479.0,47945757,3066686,0.574,1.175,6159,10772,14594,0.0056195,0,0,0.0595,0.0991,0.3837,0.032,0.0105,1.16347,0.10075,-0.01733,0.24717,0.98031
4441,8480.8,47956551,3067362,0.595,1.175,6098,10794,14614,0.00561627,0,0,0.0582,0.0993,0.3797,0.0578,0.01067,1.16375,0.11827,-0.01453,0.27616,0.93944
4442,8482.6,47967368,3068042,0.572,1.176,6186,10817,14595,0.00561303,0,0,0.0582,0.0982,0.3774,0.0382,0.01123,1.16448,0.11451,-0.01504,0.26951,0.92665
4443,8484.3,47978136,3068721,0.586,1.175,6113,10768,14569,0.00560979,0,0,0.0587,0.0963,0.3734,0.0578,0.0108,1.16389,0.11022,-0.01599,0.26319,0.96182
4444,8486.1,47988868,3069403,0.56,1.176,6185,10732,14536,0.00560656,0,0,0.0578,0.0952,0.3743,0.0323,0.01077,1.16392,0.10456,-0.01412,0.24828,0.97324
4445,8487.8,47999607,3070071,0.586,1.174,6101,10739,14535,0.00560334,0,0,0.0582,0.096,0.3774,0.0543,0.01069,1.16283,0.11453,-0.01597,0.27193,0.97383
4446,8489.6,48010340,3070740,0.563,1.176,6171,10733,14532,0.00560012,0,0,0.0578,0.0968,0.3728,0.0353,0.01115,1.16459,0.10385,-0.01307,0.24507,1.00359
4447,8491.3,48021092,3071406,0.607,1.169,6056,10752,14539,0.0055969,0,0,0.0599,0.101,0.3916,0.0542,0.0109,1.15705,0.10875,-0.01662,0.26154,0.96613
4448,8493.1,48031864,3072066,0.63,1.163,6005,10772,14552,0.00559367,0,0,0.0641,0.116,0.4073,0.043,0.01164,1.15072,0.11099,-0.01857,0.26969,0.94498
4449,8495.0,48042636,3072725,0.694,1.163,5800,10772,14605,0.00559044,0,0,0.0698,0.1338,0.4288,0.0617,0.01157,1.15066,0.12865,-0.01413,0.29608,0.94024
4450,8496.8,48053419,3073391,0.672,1.164,5871,10783,14567,0.00558721,0,0,0.0699,0.1365,0.4272,0.0385,0.01163,1.15195,0.11688,-0.01501,0.27415,0.92846
4451,8498.6,48064144,3074064,0.616,1.163,6030,10725,14546,0.00558397,0,0,0.0644,0.1172,0.3998,0.0342,0.01054,1.15148,0.11653,-0.01176,0.26724,0.95419
4452,8500.6,48074880,3074739,0.704,1.166,5740,10736,14528,0.00558076,0,0,0.0692,0.1245,0.4296,0.0807,0.01145,1.15357,0.12361,-0.01409,0.28531,0.8885
4453,8502.5,48085654,3075420,0.716,1.167,5723,10774,14563,0.00557754,0,0,0.0744,0.1531,0.4456,0.0427,0.01173,1.15409,0.12288,-0.01344,0.28288,0.91737
4454,8504.5,48096410,3076089,0.79,1.168,5493,10756,14516,0.0055743,0,0,0.0776,0.1546,0.4695,0.0882,0.01144,1.15543,0.1222,-0.00958,0.27363,0.90428
4455,8506.4,48107200,3076759,0.736,1.164,5678,10790,14562,0.00557108,0,0,0.0761,0.1541,0.4642,0.0422,0.01147,1.15152,0.11749,-0.01567,0.27622,0.88823
4456,8508.3,48118013,3077437,0.784,1.18,5506,10813,14588,0.00556784,0,0,0.0797,0.1622,0.4655,0.0769,0.01196,1.16665,0.11102,-0.01365,0.25936,0.89967
4457,8510.2,48128795,3078097,0.671,1.179,5830,10782,14575,0.0055646,0,0,0.0683,0.135,0.427,0.0406,0.01202,1.1657,0.10512,-0.0149,0.25015,0.9086
4458,8512.1,48139615,3078785,0.739,1.179,5639,10820,14611,0.00556136,0,0,0.0733,0.1496,0.4428,0.0734,0.01186,1.16688,0.11715,-0.01365,0.27171,0.90988
4459,8514.0,48150430,3079460,0.747,1.176,5625,10815,14595,0.00555812,0,0,0.0757,0.1444,0.4403,0.0861,0.01126,1.16367,0.11435,-0.01007,0.2589,0.90522
4460,8515.9,48161239,3080143,0.724,1.178,5681,10809,14590,0.00555487,0,0,0.0773,0.1551,0.4463,0.0454,0.01193,1.16539,0.10454,-0.01434,0.2475,0.87798
4461,8517.9,48172028,3080815,0.772,1.18,5528,10789,14585,0.00555163,0,0,0.077,0.1557,0.4566,0.0828,0.01164,1.16702,0.1112,-0.01185,0.25615,0.90462
4462,8519.7,48182851,3081483,0.691,1.177,5792,10823,14596,0.00554839,0,0,0.0718,0.1328,0.4248,0.0617,0.01136,1.16533,0.11765,-0.01338,0.27191,0.88769
4463,8521.5,48193654,3082157,0.61,1.177,6047,10803,14624,0.00554514,0,0,0.0672,0.112,0.3962,0.0343,0.01124,1.1646,0.10414,-0.01291,0.24394,0.88711
4464,8523.4,48204438,3082843,0.754,1.171,5602,10784,14580,0.0055419,0,0,0.0759,0.1473,0.4495,0.0808,0.0122,1.15817,0.10236,-0.01303,0.2406,0.88575
4465,8525.4,48215236,3083505,0.749,1.165,5641,10798,14574,0.00553867,0,0,0.0752,0.1501,0.4456,0.0782,0.01138,1.15231,0.10967,-0.01438,0.25778,0.87487
4466,8527.3,48226078,3084176,0.797,1.166,5522,10842,14662,0.00553543,0,0,0.0775,0.1584,0.4698,0.0916,0.013,1.15213,0.10339,-0.01417,0.24466,0.86149
4467,8529.2,48236949,3084831,0.741,1.166,5701,10871,14658,0.00553218,0,0,0.0758,0.1549,0.4629,0.0478,0.01208,1.1528,0.09883,-0.0118,0.23059,0.84367
4468,8531.1,48247854,3085504,0.689,1.164,5885,10905,14700,0.00552892,0,0,0.069,0.1332,0.4244,0.0624,0.01172,1.15159,0.11484,-0.01218,0.2632,0.82791
4469,8532.9,48258757,3086149,0.695,1.165,5862,10903,14675,0.00552564,0,0,0.0679,0.1264,0.4199,0.0807,0.01147,1.15259,0.11906,-0.01136,0.26983,0.81327
4470,8534.7,48269676,3086806,0.615,1.162,6144,10919,14714,0.00552237,0,0,0.0634,0.1154,0.401,0.0351,0.01179,1.14955,0.10942,-0.01105,0.25002,0.8225
4471,8536.5,48280496,3087457,0.664,1.163,5921,10820,14628,0.0055191,0,0,0.0662,0.1224,0.4128,0.063,0.01116,1.15085,0.11253,-0.01508,0.26467,0.856
4472,8538.4,48291338,3088116,0.658,1.164,5950,10842,14638,0.00551585,0,0,0.0705,0.1317,0.419,0.037,0.01137,1.15162,0.1238,-0.00881,0.27465,0.85528
4473,8540.2,48302182,3088782,0.657,1.174,5924,10844,14644,0.0055126,0,0,0.0657,0.1189,0.4107,0.0616,0.01131,1.16166,0.10634,-0.01289,0.24834,0.89625
4474,8541.9,48313015,3089454,0.565,1.174,6230,10833,14636,0.00550935,0,0,0.0581,0.0971,0.3727,0.037,0.01118,1.16207,0.11398,-0.01084,0.2593,0.8778
4475,8543.7,48323821,3090112,0.573,1.176,6179,10806,14600,0.0055061,0,0,0.0598,0.1023,0.3799,0.0309,0.01106,1.16361,0.11925,-0.01447,0.27691,0.86018
4476,8545.5,48334664,3090772,0.683,1.176,5834,10843,14632,0.00550285,0,0,0.0675,0.1289,0.4323,0.0544,0.01102,1.16375,0.12636,-0.01476,0.29173,0.86277
4477,8547.4,48345519,3091429,0.626,1.177,6020,10855,14655,0.0054996,0,0,0.0648,0.118,0.4085,0.035,0.0119,1.16428,0.117,-0.01604,0.27563,0.86825
4478,8549.1,48356409,3092083,0.606,1.173,6121,10890,14694,0.00549634,0,0,0.0583,0.1029,0.3802,0.0649,0.0105,1.16136,0.13085,-0.01565,0.30283,0.89375
4479,8550.9,48367243,3092723,0.566,1.174,6224,10834,14617,0.00549308,0,0,0.0572,0.0981,0.3792,0.0318,0.01121,1.16248,0.11055,-0.01514,0.26098,0.87593
4480,8552.7,48378062,3093397,0.674,1.177,5847,10819,14626,0.00548983,0,0,0.0656,0.1209,0.414,0.0731,0.01145,1.16454,0.12613,-0.01293,0.28778,0.88084
4481,8554.6,48388900,3094074,0.672,1.176,5864,10838,14602,0.00548658,0,0,0.0679,0.138,0.4259,0.0402,0.01137,1.16391,0.12701,-0.0127,0.28929,0.90053
4482,8556.4,48399732,3094742,0.658,1.161,5952,10832,14609,0.00548333,0,0,0.0654,0.1228,0.413,0.0573,0.01191,1.14872,0.1167,-0.01482,0.27253,0.86601
4483,8558.2,48410536,3095409,0.598,1.16,6143,10804,14624,0.00548008,0,0,0.0602,0.1035,0.3914,0.0432,0.01055,1.14878,0.119,-0.01555,0.27898,0.90151
4484,8560.0,48421380,3096062,0.635,1.163,6032,10844,14624,0.00547684,0,0,0.0635,0.1175,0.3961,0.0576,0.01149,1.15048,0.1165,-0.01419,0.27117,0.8937
4485,8561.8,48432212,3096727,0.674,1.177,5854,10832,14603,0.00547359,0,0,0.0652,0.126,0.4183,0.0641,0.01261,1.16337,0.12363,-0.01292,0.28251,0.86005
4486,8563.6,48443059,3097388,0.655,1.164,5962,10847,14641,0.00547034,0,0,0.0676,0.1265,0.4265,0.0346,0.01159,1.15167,0.12707,-0.01356,0.29152,0.93902
4487,8565.4,48453914,3098046,0.621,1.161,6092,10855,14619,0.00546708,0,0,0.0591,0.1029,0.3886,0.07,0.01046,1.14999,0.12297,-0.01559,0.28707,0.90998
4488,8567.1,48464731,3098713,0.581,1.163,6201,10817,14609,0.00546383,0,0,0.0618,0.1028,0.3852,0.0316,0.01038,1.15164,0.12583,-0.01415,0.28994,0.91261
4489,8569.0,48475578,3099392,0.698,1.165,5820,10847,14622,0.00546058,0,0,0.0689,0.1287,0.4226,0.0781,0.01139,1.15262,0.1186,-0.01655,0.28015,0.90254
4490,8570.8,48486404,3100063,0.665,1.162,5924,10826,14598,0.00545733,0,0,0.0691,0.1333,0.4202,0.0427,0.0111,1.15006,0.12779,-0.01422,0.29379,0.89565
4491,8572.7,48497160,3100753,0.686,1.174,5783,10756,14553,0.00545408,0,0,0.0684,0.1272,0.4235,0.0672,0.01181,1.16131,0.11918,-0.01577,0.27979,0.90662
4492,8574.5,48507953,3101439,0.664,1.182,5849,10793,14562,0.00545085,0,0,0.0623,0.1098,0.3954,0.096,0.01078,1.16981,0.1082,-0.0113,0.24873,0.89325
4493,8576.4,48518784,3102104,0.719,1.181,5700,10831,14624,0.00544761,0,0,0.06,0.1099,0.3852,0.1638,0.0118,1.16842,0.1044,-0.01476,0.24811,0.89884
4494,8578.2,48529599,3102804,0.612,1.175,6052,10815,14615,0.00544436,0,0,0.0586,0.1011,0.3782,0.0742,0.01003,1.16403,0.12566,-0.01388,0.28869,0.88197
4495,8580.0,48540367,3103484,0.55,1.176,6238,10768,14551,0.00544112,0,0,0.0556,0.095,0.3708,0.0287,0.01139,1.16409,0.11384,-0.01541,0.26798,0.87109
4496,8581.7,48551199,3104162,0.579,1.18,6159,10832,14600,0.00543789,0,0,0.0553,0.0972,0.3701,0.0565,0.01142,1.16751,0.12601,-0.01497,0.29127,0.85667
4497,8583.5,48562052,3104846,0.587,1.175,6159,10853,14636,0.00543464,0,0,0.0553,0.0978,0.3752,0.0582,0.01064,1.16378,0.12171,-0.01085,0.27479,0.88936
4498,8585.2,48572914,3105542,0.561,1.177,6250,10862,14645,0.00543138,0,0,0.0541,0.0963,0.3743,0.0364,0.01089,1.16516,0.11092,-0.01586,0.26317,0.88492
4499,8587.0,48583747,3106215,0.56,1.177,6236,10833,14625,0.00542813,0,0,0.0568,0.0973,0.372,0.0342,0.0101,1.16623,0.11107,-0.01159,0.25491,0.88332
4500,8588.7,48594602,3106897,0.56,1.177,6249,10855,14620,0.00542488,0,0,0.0558,0.0968,0.3722,0.0351,0.01116,1.16527,0.1111,-0.01299,0.25788,0.89454
4501,8590.5,48605435,3107590,0.583,1.181,6139,10833,14629,0.00542162,0,0,0.0566,0.0981,0.3752,0.0536,0.01164,1.16891,0.101,-0.01018,0.23199,0.88764
4502,8592.3,48616342,3108243,0.577,1.178,6212,10907,14638,0.00541837,0,0,0.0586,0.1027,0.3855,0.0306,0.01112,1.16652,0.1117,-0.01489,0.26244,0.85428
4503,8594.1,48627247,3108889,0.612,1.179,6087,10905,14630,0.0054151,0,0,0.0606,0.1111,0.3999,0.0405,0.01056,1.16799,0.114,-0.0149,0.26684,0.83326
4504,8595.9,48638207,3109551,0.595,1.181,6170,10960,14678,0.00541183,0,0,0.0594,0.1083,0.393,0.0342,0.01178,1.16873,0.11685,-0.01505,0.27309,0.85923
4505,8597.7,48649155,3110204,0.625,1.182,6057,10948,14645,0.00540854,0,0,0.0595,0.1072,0.4002,0.0581,0.01194,1.16982,0.10404,-0.01472,0.24662,0.84129
4506,8599.5,48660041,3110872,0.589,1.178,6161,10886,14611,0.00540525,0,0,0.0608,0.1063,0.3934,0.0281,0.01119,1.16658,0.10903,-0.01644,0.25983,0.82323
4507,8601.3,48670951,3111541,0.615,1.178,6083,10910,14647,0.00540199,0,0,0.0607,0.1068,0.3999,0.048,0.0106,1.16665,0.13978,-0.01456,0.31728,0.79564
4508,8603.0,48681818,3112215,0.569,1.178,6217,10867,14624,0.00539871,0,0,0.0557,0.0967,0.3699,0.0472,0.01105,1.1665,0.12624,-0.01447,0.29018,0.81065
4509,8604.7,48692715,3112875,0.551,1.177,6309,10897,14637,0.00539545,0,0,0.0562,0.0975,0.3692,0.0277,0.01085,1.16513,0.1297,-0.01247,0.29303,0.80693
4510,8606.5,48703646,3113546,0.579,1.181,6211,10931,14649,0.00539219,0,0,0.054,0.0952,0.3698,0.0605,0.01173,1.16819,0.12467,-0.01636,0.29087,0.81748
4511,8608.2,48714584,3114201,0.556,1.177,6311,10938,14650,0.00538891,0,0,0.0553,0.0941,0.3694,0.0372,0.01043,1.16579,0.1282,-0.01556,0.29634,0.81754
4512,8610.0,48725470,3114862,0.586,1.182,6156,10886,14617,0.00538562,0,0,0.0548,0.0941,0.3761,0.0613,0.01119,1.17005,0.10524,-0.01514,0.24964,0.82471
4513,8611.8,48736366,3115519,0.566,1.181,6238,10896,14621,0.00538236,0,0,0.0571,0.0971,0.3735,0.0383,0.01081,1.16915,0.12371,-0.01167,0.27974,0.83587
4514,8613.5,48747250,3116159,0.568,1.18,6228,10884,14619,0.00537909,0,0,0.0583,0.0935,0.37,0.0459,0.0108,1.16831,0.11754,-0.01323,0.27081,0.86127
4515,8615.3,48758106,3116828,0.564,1.182,6218,10856,14580,0.00537583,0,0,0.0591,0.0968,0.3787,0.0293,0.0109,1.17019,0.10875,-0.01573,0.25819,0.8591
4516,8617.0,48768963,3117490,0.584,1.18,6155,10857,14576,0.00537257,0,0,0.0589,0.0979,0.3833,0.0442,0.01093,1.16795,0.1123,-0.01377,0.2614,0.86248
4517,8618.8,48779827,3118143,0.601,1.18,6099,10864,14620,0.00536931,0,0,0.0627,0.106,0.4003,0.0325,0.01134,1.1675,0.12779,-0.01459,0.29402,0.86251
4518,8620.6,48790707,3118788,0.634,1.183,5988,10880,14622,0.00536605,0,0,0.0621,0.1071,0.3964,0.0682,0.01095,1.17147,0.1158,-0.01786,0.27631,0.83827
4519,8622.4,48801608,3119447,0.639,1.182,5988,10901,14632,0.00536279,0,0,0.0639,0.1141,0.416,0.0449,0.01077,1.17026,0.13573,-0.01423,0.30845,0.79622
4520,8624.3,48812448,3120099,0.638,1.18,5960,10840,14576,0.00535952,0,0,0.0645,0.1128,0.4098,0.0514,0.0111,1.1685,0.12582,-0.01288,0.28642,0.84205
4521,8626.1,48823376,3120766,0.621,1.186,6048,10928,14636,0.00535627,0,0,0.0623,0.1108,0.4102,0.0378,0.01261,1.17252,0.13239,-0.01302,0.29978,0.8365
4522,8627.8,48834276,3121428,0.57,1.181,6226,10900,14628,0.00535299,0,0,0.0556,0.0944,0.3721,0.0475,0.01144,1.16898,0.12557,-0.01496,0.28997,0.83257
4523,8629.6,48845153,3122076,0.575,1.18,6199,10877,14589,0.00534972,0,0,0.0584,0.1,0.3869,0.0294,0.01004,1.16909,0.11896,-0.01106,0.26866,0.80628
4524,8631.3,48856004,3122748,0.592,1.186,6103,10851,14586,0.00534645,0,0,0.0583,0.0974,0.3791,0.0575,0.01152,1.17333,0.11893,-0.01205,0.27075,0.82168
4525,8633.2,48866847,3123412,0.709,1.186,5723,10843,14577,0.0053432,0,0,0.0703,0.1379,0.4435,0.0573,0.01249,1.17255,0.12953,-0.01111,0.29,0.81685
4526,8635.0,48877696,3124066,0.606,1.182,6067,10849,14575,0.00533995,0,0,0.0624,0.1098,0.405,0.0286,0.01155,1.17022,0.12057,-0.01402,0.27795,0.82028
4527,8636.8,48888485,3124744,0.626,1.184,5960,10789,14515,0.00533669,0,0,0.0624,0.1068,0.3978,0.0591,0.01135,1.17193,0.12757,-0.01241,0.28858,0.80717
4528,8638.6,48899331,3125399,0.603,1.183,6071,10846,14558,0.00533345,0,0,0.0612,0.1108,0.3984,0.0329,0.01165,1.17049,0.11861,-0.01596,0.27758,0.79102
4529,8640.4,48910185,3126070,0.62,1.182,6021,10854,14560,0.0053302,0,0,0.061,0.1088,0.4027,0.0476,0.01174,1.16987,0.11628,-0.01363,0.26831,0.7962
4530,8642.2,48921054,3126734,0.56,1.182,6241,10869,14580,0.00532694,0,0,0.0577,0.0969,0.3776,0.0275,0.01133,1.16983,0.11045,-0.01485,0.25938,0.82502
4531,8643.9,48931897,3127412,0.559,1.18,6235,10843,14564,0.00532368,0,0,0.0553,0.0926,0.3685,0.0429,0.01125,1.1673,0.11093,-0.01411,0.25881,0.81973
4532,8645.7,48942723,3128087,0.606,1.185,6047,10826,14542,0.00532043,0,0,0.061,0.1049,0.399,0.0408,0.01272,1.17126,0.10954,-0.01708,0.26208,0.83183
4533,8647.6,48953584,3128750,0.679,1.183,5834,10861,14605,0.00531718,0,0,0.0638,0.1192,0.4176,0.0782,0.0114,1.17049,0.11504,-0.01809,0.2751,0.8322
4534,8649.3,48964490,3129402,0.601,1.184,6111,10906,14630,0.00531392,0,0,0.0612,0.1102,0.3976,0.0318,0.01159,1.17142,0.12295,-0.0156,0.28586,0.82338
4535,8651.2,48975327,3130076,0.618,1.183,6018,10837,14568,0.00531065,0,0,0.0614,0.1065,0.4002,0.0502,0.01134,1.17045,0.11093,-0.01062,0.25204,0.842
4536,8653.0,48986158,3130756,0.634,1.188,5946,10831,14558,0.0053074,0,0,0.0649,0.1136,0.4193,0.0357,0.01224,1.17477,0.1165,-0.01346,0.26843,0.80099
4537,8654.8,48996965,3131416,0.603,1.182,6054,10807,14527,0.00530415,0,0,0.0602,0.1019,0.3951,0.0456,0.01043,1.1712,0.12424,-0.01479,0.28658,0.80301
4538,8656.6,49007815,3132083,0.624,1.184,6001,10850,14590,0.00530091,0,0,0.0633,0.1158,0.4107,0.034,0.01122,1.17229,0.12002,-0.01388,0.27654,0.82338
4539,8658.4,49018618,3132761,0.644,1.186,5902,10803,14534,0.00529766,0,0,0.0629,0.1064,0.4081,0.0668,0.01176,1.17339,0.11871,-0.01424,0.27461,0.82238
4540,8660.2,49029478,3133425,0.581,1.18,6165,10860,14583,0.00529441,0,0,0.0578,0.1013,0.3815,0.0407,0.01085,1.16878,0.13215,-0.01591,0.30466,0.80626
4541,8661.9,49040292,3134108,0.565,1.18,6197,10814,14547,0.00529116,0,0,0.0553,0.0929,0.3718,0.0448,0.01075,1.16872,0.12024,-0.01433,0.27814,0.84934
4542,8663.7,49051145,3134791,0.562,1.182,6222,10853,14594,0.00528791,0,0,0.056,0.0942,0.3662,0.046,0.01064,1.17027,0.1248,-0.0156,0.28973,0.84373
4543,8665.4,49061919,3135469,0.534,1.182,6279,10774,14491,0.00528466,0,0,0.0535,0.0902,0.362,0.028,0.01134,1.17008,0.11798,-0.01381,0.27242,0.83736
4544,8667.2,49072721,3136155,0.621,1.186,5980,10802,14525,0.00528142,0,0,0.0615,0.1084,0.4127,0.038,0.01195,1.1731,0.11613,-0.01458,0.2704,0.8504
4545,8669.0,49083536,3136829,0.675,1.187,5810,10815,14547,0.00527818,0,0,0.0686,0.1227,0.434,0.0493,0.01158,1.17412,0.12625,-0.01573,0.29263,0.82207
4546,8670.9,49094339,3137511,0.68,1.183,5799,10803,14559,0.00527494,0,0,0.0654,0.122,0.427,0.0656,0.01158,1.17073,0.12173,-0.01205,0.27639,0.83601
4547,8672.7,49105173,3138207,0.648,1.184,5915,10834,14563,0.0052717,0,0,0.0658,0.1167,0.4152,0.0504,0.01116,1.17172,0.12644,-0.01291,0.28721,0.80854
4548,8674.6,49116002,3138893,0.65,1.185,5903,10829,14576,0.00526845,0,0,0.0634,0.1107,0.4141,0.0615,0.01118,1.17294,0.11491,-0.0103,0.25921,0.83582
4549,8676.4,49126826,3139579,0.653,1.183,5894,10824,14547,0.0052652,0,0,0.0663,0.1164,0.419,0.0515,0.01248,1.16999,0.1108,-0.01398,0.25833,0.83235
4550,8678.2,49137635,3140280,0.649,1.182,5904,10809,14565,0.00526195,0,0,0.0641,0.1146,0.4177,0.0524,0.01123,1.1697,0.11086,-0.01096,0.25223,0.81729
4551,8680.0,49148515,3140951,0.623,1.183,6025,10880,14583,0.00525871,0,0,0.0646,0.115,0.4145,0.0288,0.01121,1.17104,0.11477,-0.01237,0.2626,0.79107
4552,8682.0,49159464,3141639,0.622,1.183,6064,10949,14628,0.00525545,0,0,0.0603,0.1058,0.3998,0.0565,0.01168,1.1707,0.11785,-0.01101,0.26553,0.74249
4553,8683.8,49170355,3142323,0.626,1.183,6019,10891,14595,0.00525216,0,0,0.063,0.1065,0.4118,0.0446,0.01094,1.17168,0.11385,-0.01214,0.25967,0.73107
4554,8685.5,49181295,3143009,0.579,1.184,6202,10940,14681,0.00524889,0,0,0.0592,0.1021,0.3905,0.0277,0.01087,1.17275,0.12195,-0.01256,0.27668,0.72952
4555,8687.3,49192264,3143693,0.598,1.179,6175,10969,14668,0.00524561,0,0,0.059,0.0994,0.394,0.0454,0.01103,1.16675,0.11519,-0.01325,0.26443,0.72045
4556,8689.1,49203212,3144368,0.565,1.185,6256,10948,14671,0.00524232,0,0,0.0544,0.0944,0.3749,0.0412,0.01116,1.1732,0.12126,-0.01201,0.27412,0.72177
4557,8690.8,49214175,3145062,0.558,1.182,6302,10963,14649,0.00523904,0,0,0.0541,0.0925,0.3718,0.0393,0.01069,1.17031,0.11189,-0.01279,0.25675,0.70555
4558,8692.5,49225115,3145755,0.561,1.18,6285,10940,14644,0.00523575,0,0,0.0564,0.0939,0.3736,0.037,0.01107,1.16789,0.10226,-0.00925,0.23049,0.71462
4559,8694.2,49236072,3146410,0.509,1.178,6492,10957,14664,0.00523247,0,0,0.0466,0.0853,0.3531,0.0244,0.01039,1.1671,0.11161,-0.01122,0.25345,0.74417
4560,8696.0,49247007,3147090,0.535,1.179,6379,10935,14672,0.00522918,0,0,0.0527,0.0899,0.3657,0.0268,0.0114,1.1669,0.11658,-0.01065,0.2621,0.72973
4561,8697.7,49257902,3147782,0.548,1.179,6311,10895,14598,0.0052259,0,0,0.0531,0.0881,0.3647,0.0417,0.01078,1.16729,0.11314,-0.01033,0.25469,0.74053
4562,8699.5,49268715,3148467,0.602,1.183,6057,10813,14512,0.00522263,0,0,0.0607,0.1064,0.4071,0.0282,0.01212,1.16968,0.11273,-0.00859,0.25051,0.75371
4563,8701.3,49279586,3149147,0.633,1.183,5985,10871,14566,0.00521939,0,0,0.0633,0.1114,0.4004,0.0578,0.01188,1.17065,0.11723,-0.01229,0.26669,0.73341
4564,8703.1,49290420,3149818,0.641,1.185,5934,10834,14546,0.00521612,0,0,0.0669,0.1189,0.4166,0.0382,0.01213,1.17214,0.11147,-0.01227,0.25491,0.71126
4565,8704.9,49301300,3150488,0.642,1.178,5976,10880,14585,0.00521287,0,0,0.067,0.1158,0.4093,0.0501,0.01174,1.16607,0.10909,-0.01348,0.25295,0.74768
4566,8706.7,49312102,3151172,0.609,1.179,6042,10802,14527,0.00520961,0,0,0.0652,0.1113,0.4019,0.0304,0.01086,1.16742,0.11019,-0.01044,0.24926,0.76786
4567,8708.6,49322939,3151845,0.678,1.182,5825,10837,14524,0.00520637,0,0,0.0662,0.1223,0.4179,0.0718,0.01194,1.16915,0.12028,-0.00961,0.2675,0.74213
4568,8710.5,49333751,3152530,0.707,1.182,5723,10812,14531,0.00520312,0,0,0.0714,0.1328,0.4405,0.0625,0.01165,1.16942,0.12303,-0.01288,0.27964,0.75119
4569,8712.3,49344590,3153194,0.7,1.182,5758,10839,14521,0.00519987,0,0,0.0736,0.141,0.4489,0.0364,0.01157,1.17013,0.10845,-0.01386,0.2524,0.74922
4570,8714.3,49355406,3153891,0.734,1.182,5647,10816,14518,0.00519662,0,0,0.0722,0.1347,0.442,0.0848,0.01149,1.1692,0.12197,-0.01413,0.27988,0.739
4571,8716.1,49366324,3154556,0.664,1.181,5918,10918,14637,0.00519338,0,0,0.0666,0.1288,0.4307,0.0376,0.01234,1.16794,0.12629,-0.01371,0.28771,0.74036
4572,8718.0,49377245,3155233,0.675,1.182,5882,10921,14617,0.0051901,0,0,0.0671,0.1246,0.4326,0.0509,0.0115,1.16938,0.12905,-0.01165,0.28892,0.72477
4573,8719.9,49388134,3155924,0.698,1.185,5782,10889,14607,0.00518683,0,0,0.0693,0.1275,0.447,0.0544,0.01243,1.17162,0.11632,-0.01453,0.26957,0.75916
4574,8721.7,49399011,3156586,0.636,1.181,5984,10877,14573,0.00518356,0,0,0.0646,0.1144,0.4072,0.0499,0.01113,1.16924,0.11917,-0.01242,0.2706,0.71623
4575,8723.6,49409855,3157262,0.726,1.182,5683,10844,14575,0.0051803,0,0,0.0751,0.1487,0.4607,0.0412,0.01189,1.16947,0.10997,-0.01329,0.25421,0.74217
4576,8725.6,49420695,3157957,0.847,1.187,5330,10840,14573,0.00517704,0,0,0.0818,0.1545,0.4651,0.1451,0.01261,1.17317,0.10552,-0.01336,0.24536,0.73316
4577,8727.7,49431508,3158660,0.906,1.182,5179,10813,14525,0.00517379,0,0,0.0771,0.1452,0.452,0.2314,0.01159,1.16969,0.09543,-0.01352,0.2256,0.74418
4578,8729.6,49442324,3159367,0.672,1.18,5839,10816,14540,0.00517055,0,0,0.0673,0.1259,0.4161,0.0629,0.01112,1.16855,0.09986,-0.01298,0.23336,0.74207
4579,8731.4,49453083,3160055,0.646,1.18,5890,10759,14484,0.0051673,0,0,0.0629,0.1084,0.4039,0.0713,0.01122,1.16777,0.10148,-0.01102,0.23276,0.75056
4580,8733.2,49463925,3160759,0.645,1.181,5938,10842,14547,0.00516408,0,0,0.069,0.127,0.4164,0.0329,0.01121,1.16856,0.09081,-0.01365,0.21683,0.76592
4581,8735.1,49474832,3161446,0.694,1.181,5818,10907,14628,0.00516082,0,0,0.0694,0.13,0.4291,0.0651,0.01158,1.16867,0.09188,-0.01329,0.21831,0.772
4582,8737.0,49485689,3162127,0.687,1.184,5803,10857,14588,0.00515755,0,0,0.0718,0.1358,0.4417,0.0381,0.01135,1.17127,0.10509,-0.0148,0.2476,0.75986
4583,8738.9,49496547,3162810,0.746,1.185,5626,10858,14584,0.00515429,0,0,0.0783,0.1486,0.4504,0.0683,0.01136,1.17188,0.09995,-0.01523,0.23836,0.77566
4584,8740.8,49507319,3163502,0.703,1.181,5719,10772,14481,0.00515104,0,0,0.0765,0.143,0.4431,0.0401,0.01166,1.16747,0.1118,-0.01407,0.25959,0.76124
4585,8742.7,49518107,3164185,0.772,1.181,5523,10788,14519,0.0051478,0,0,0.0761,0.1523,0.4549,0.089,0.01227,1.16783,0.09368,-0.01457,0.22441,0.76748
4586,8744.6,49528915,3164863,0.689,1.181,5779,10808,14501,0.00514457,0,0,0.0703,0.1277,0.4346,0.0565,0.01285,1.16744,0.10346,-0.01412,0.24311,0.77407
4587,8746.4,49539727,3165529,0.648,1.178,5921,10812,14534,0.00514133,0,0,0.0661,0.1274,0.42,0.0346,0.01176,1.16563,0.10719,-0.01239,0.24693,0.75684
4588,8748.2,49550577,3166203,0.633,1.178,5993,10850,14582,0.00513808,0,0,0.0625,0.1119,0.3987,0.0594,0.01069,1.16627,0.09525,-0.01217,0.2227,0.76552
4589,8750.0,49561417,3166879,0.632,1.183,5972,10840,14563,0.00513483,0,0,0.0632,0.1147,0.3993,0.0547,0.01081,1.17148,0.10946,-0.01176,0.25043,0.77741
4590,8751.9,49572250,3167552,0.65,1.182,5916,10833,14540,0.00513157,0,0,0.0681,0.1291,0.4212,0.0313,0.01119,1.16944,0.10837,-0.01229,0.24941,0.78839
4591,8753.8,49583059,3168227,0.729,1.186,5645,10809,14522,0.00512832,0,0,0.0712,0.1369,0.4375,0.0832,0.01559,1.16934,0.11092,-0.01645,0.26278,0.78409
4592,8755.6,49593819,3168912,0.617,1.184,5976,10760,14451,0.00512508,0,0,0.0617,0.1097,0.3956,0.0499,0.01151,1.17138,0.09962,-0.01437,0.23581,0.76264
4593,8757.4,49604609,3169594,0.628,1.181,5965,10790,14526,0.00512185,0,0,0.0666,0.1225,0.4074,0.0311,0.01188,1.16867,0.10636,-0.01473,0.24997,0.75964
4594,8759.3,49615382,3170271,0.667,1.183,5825,10773,14493,0.00511862,0,0,0.0642,0.1176,0.4138,0.0708,0.01176,1.17057,0.10906,-0.01171,0.24938,0.76394
4595,8761.1,49626174,3170934,0.636,1.179,5947,10792,14528,0.00511539,0,0,0.0631,0.1175,0.4089,0.0463,0.01111,1.16712,0.11316,-0.01273,0.25963,0.76811
4596,8762.9,49636985,3171618,0.649,1.181,5909,10811,14551,0.00511215,0,0,0.0679,0.1225,0.4251,0.0331,0.01156,1.16842,0.11652,-0.01409,0.26898,0.76044
4597,8764.7,49647800,3172290,0.659,1.18,5879,10815,14552,0.0051089,0,0,0.0639,0.1183,0.416,0.061,0.01252,1.16727,0.13127,-0.01525,0.30074,0.75249
4598,8766.5,49658608,3172959,0.565,1.177,6205,10808,14538,0.00510566,0,0,0.0566,0.0951,0.3721,0.0412,0.01098,1.16506,0.1013,-0.01525,0.24101,0.77353
4599,8768.2,49669378,3173632,0.556,1.177,6215,10770,14494,0.00510242,0,0,0.0575,0.0976,0.3732,0.0276,0.01134,1.16465,0.11164,-0.01386,0.25876,0.76104
4600,8770.0,49680124,3174306,0.632,1.177,5939,10746,14463,0.00509919,0,0,0.0626,0.1106,0.396,0.0632,0.01112,1.16511,0.11073,-0.01029,0.24965,0.74648
