update,seconds,decisions,episodes,collect_s,update_s,decisions_per_s,policy_rows,acted_rows,entropy_coef,cut_episodes,tiebreak_unresolved,t_engine,t_encode,t_policy,t_other,t_transfer,t_compute,loss,policy_loss,value_loss,entropy
1,39.9,10896,376,16.035,23.868,273,10896,14537,0.02,0,0,0.0453,0.1318,15.8,0.0582,0.16723,23.70017,0.09489,-0.00073,0.34252,3.78187
2,41.0,21775,856,0.559,0.583,9526,10879,14523,0.01999673,0,0,0.0561,0.1659,0.2682,0.0687,0.01025,0.57226,0.08165,-0.00128,0.31121,3.63417
3,42.1,32665,1364,0.437,0.594,10555,10890,14518,0.01999347,0,0,0.0476,0.0814,0.2423,0.0662,0.01216,0.57521,0.09665,-0.00156,0.34203,3.64124
4,43.2,43556,1853,0.563,0.594,9407,10891,14521,0.0199902,0,0,0.0654,0.1604,0.2833,0.0543,0.01164,0.58084,0.08836,-0.00214,0.32571,3.61954
5,44.3,54428,2344,0.484,0.583,10184,10872,14492,0.01998693,0,0,0.0522,0.117,0.2537,0.0615,0.01052,0.57207,0.07485,-0.00582,0.30639,3.62843
6,45.3,65290,2873,0.438,0.582,10648,10862,14514,0.01998367,0,0,0.0536,0.0953,0.2506,0.0385,0.0109,0.5706,0.06698,-0.00675,0.29202,3.61736
7,46.3,76159,3368,0.439,0.583,10634,10869,14526,0.01998041,0,0,0.0513,0.0863,0.2491,0.0525,0.01085,0.57145,0.08482,-0.00921,0.33091,3.57475
8,47.4,86958,3893,0.424,0.581,10749,10799,14491,0.01997715,0,0,0.0532,0.0863,0.2427,0.0419,0.0101,0.56985,0.07971,-0.00681,0.31541,3.56349
9,48.5,97773,4439,0.554,0.582,9516,10815,14554,0.01997391,0,0,0.0528,0.1837,0.2463,0.0712,0.01009,0.57181,0.09342,-0.00843,0.34221,3.46717
10,49.5,108554,4982,0.466,0.588,10227,10781,14509,0.01997067,0,0,0.0536,0.0863,0.256,0.0702,0.01038,0.57709,0.09107,-0.00885,0.33637,3.41821
11,50.7,119280,5568,0.572,0.587,9256,10726,14494,0.01996743,0,0,0.0669,0.159,0.2976,0.0487,0.01119,0.575,0.0969,-0.00459,0.33877,3.40048
12,51.8,129998,6169,0.524,0.59,9621,10718,14476,0.01996422,0,0,0.0661,0.1226,0.2859,0.0497,0.01198,0.5769,0.08992,-0.00736,0.32749,3.32948
13,52.9,140740,6768,0.523,0.587,9680,10742,14522,0.019961,0,0,0.0653,0.1209,0.293,0.0435,0.01101,0.57496,0.08214,-0.00703,0.30763,3.23889
14,54.0,151437,7410,0.521,0.589,9641,10697,14485,0.01995778,0,0,0.0658,0.1172,0.2872,0.0506,0.01168,0.57656,0.1059,-0.00315,0.346,3.20434
15,55.1,162105,8059,0.447,0.587,10314,10668,14476,0.01995457,0,0,0.0602,0.0956,0.2625,0.0289,0.01171,0.57473,0.07528,-0.00716,0.29052,3.14794
16,56.1,172774,8718,0.467,0.589,10103,10669,14482,0.01995137,0,0,0.0607,0.1012,0.2671,0.0378,0.01129,0.57594,0.09114,-0.00676,0.31786,3.05866
17,57.4,183433,9389,0.592,0.636,8681,10659,14493,0.01994817,0,0,0.0673,0.1192,0.3077,0.0976,0.01201,0.62315,0.10403,-0.00561,0.33982,3.02133
18,58.6,194069,10066,0.584,0.636,8713,10636,14481,0.01994497,0,0,0.067,0.1279,0.3221,0.0673,0.01276,0.62301,0.10045,-0.00491,0.32828,2.94741
19,59.8,204690,10775,0.584,0.638,8693,10621,14476,0.01994178,0,0,0.0685,0.1122,0.3321,0.0712,0.01226,0.62353,0.099,-0.00477,0.3237,2.91273
20,61.0,215308,11485,0.561,0.635,8872,10618,14463,0.01993859,0,0,0.0679,0.1207,0.3047,0.0679,0.01209,0.62255,0.0971,-0.00552,0.32017,2.88228
21,62.1,225917,12178,0.541,0.603,9275,10609,14475,0.01993541,0,0,0.0661,0.1083,0.2948,0.0717,0.01153,0.59052,0.09883,-0.00357,0.31902,2.86449
22,63.3,236541,12915,0.517,0.603,9490,10624,14470,0.01993222,0,0,0.0661,0.1142,0.2987,0.0375,0.01138,0.59043,0.1049,-0.00433,0.33014,2.80155
23,64.5,247100,13641,0.615,0.593,8739,10559,14425,0.01992904,0,0,0.0678,0.1323,0.3126,0.1021,0.0119,0.58079,0.10719,-0.00573,0.33634,2.77272
24,65.6,257721,14363,0.499,0.588,9772,10621,14507,0.01992587,0,0,0.0666,0.1111,0.2749,0.0463,0.01096,0.57621,0.09142,-0.00509,0.30166,2.72628
25,66.7,268332,15109,0.602,0.589,8908,10611,14494,0.01992268,0,0,0.0838,0.1429,0.3017,0.0738,0.01223,0.57589,0.10306,-0.00499,0.32064,2.62378
26,67.8,278906,15847,0.515,0.587,9599,10574,14449,0.0199195,0,0,0.0685,0.1228,0.2787,0.0447,0.01145,0.57481,0.1042,-0.00447,0.32146,2.61381
27,68.9,289454,16600,0.451,0.584,10190,10548,14446,0.01991633,0,0,0.0589,0.0892,0.2621,0.0406,0.01093,0.57286,0.10777,-0.00254,0.32377,2.58966
28,70.0,299988,17353,0.503,0.588,9658,10534,14402,0.01991316,0,0,0.0582,0.1359,0.2635,0.0457,0.01303,0.5739,0.09687,-0.0029,0.29993,2.52057
29,71.0,310558,18106,0.42,0.598,10381,10570,14456,0.01991,0,0,0.0558,0.0863,0.2505,0.0277,0.01066,0.58661,0.11909,-0.0037,0.34382,2.46707
30,72.0,321155,18879,0.438,0.591,10303,10597,14468,0.01990683,0,0,0.0586,0.0903,0.2525,0.0364,0.01088,0.57933,0.12506,-0.00136,0.35051,2.45306
31,73.1,331713,19635,0.48,0.598,9802,10558,14445,0.01990365,0,0,0.0577,0.0964,0.2577,0.0677,0.01163,0.58154,0.09967,-0.00403,0.30144,2.36239
32,74.2,342263,20417,0.544,0.593,9283,10550,14436,0.01990049,0,0,0.0553,0.134,0.2618,0.0928,0.01208,0.57971,0.10937,-0.00476,0.32208,2.35738
33,75.3,352810,21185,0.482,0.587,9867,10547,14412,0.01989732,0,0,0.0569,0.0984,0.2627,0.0643,0.01027,0.57567,0.10814,-0.00325,0.317,2.36782
34,76.3,363426,21955,0.447,0.591,10229,10616,14497,0.01989416,0,0,0.0565,0.0918,0.2636,0.0354,0.01141,0.57843,0.12226,-0.00224,0.34359,2.37741
35,77.4,373986,22732,0.495,0.588,9753,10560,14431,0.01989097,0,0,0.0618,0.1043,0.2773,0.0513,0.01101,0.57639,0.11883,-0.00329,0.33666,2.32298
36,78.5,384552,23512,0.437,0.591,10280,10566,14428,0.0198878,0,0,0.0557,0.0855,0.2543,0.0415,0.01152,0.57883,0.11309,-0.00375,0.32546,2.30732
37,79.5,395110,24292,0.45,0.586,10190,10558,14450,0.01988463,0,0,0.0555,0.0863,0.2607,0.0478,0.01068,0.57454,0.10693,-0.00301,0.30936,2.25003
38,80.5,405712,25075,0.428,0.587,10451,10602,14476,0.01988147,0,0,0.055,0.09,0.2503,0.0325,0.01002,0.57608,0.1079,-0.00201,0.30854,2.23119
39,81.6,416232,25870,0.455,0.587,10093,10520,14387,0.01987829,0,0,0.0525,0.0834,0.2615,0.0578,0.01079,0.57583,0.10931,-0.00331,0.31147,2.16892
40,82.5,426793,26662,0.405,0.587,10654,10561,14436,0.01987513,0,0,0.0503,0.082,0.2407,0.0317,0.01074,0.5753,0.11769,-0.00421,0.32948,2.15519
41,83.5,437319,27452,0.402,0.589,10623,10526,14413,0.01987196,0,0,0.0493,0.0794,0.2451,0.0284,0.01046,0.57757,0.11806,-0.00299,0.32707,2.13813
42,84.6,447873,28255,0.453,0.583,10191,10554,14441,0.0198688,0,0,0.0526,0.0904,0.2487,0.0614,0.00987,0.5721,0.12076,-0.00353,0.3305,2.0615
43,85.6,458421,29071,0.44,0.586,10280,10548,14441,0.01986564,0,0,0.0537,0.0926,0.2627,0.0308,0.00987,0.5758,0.12147,-0.00184,0.32803,2.04869
44,86.6,468983,29875,0.436,0.588,10315,10562,14443,0.01986247,0,0,0.0535,0.0845,0.2521,0.0457,0.01028,0.5772,0.11437,-0.00235,0.31398,2.02712
45,87.7,479537,30682,0.448,0.588,10187,10554,14451,0.01985931,0,0,0.0557,0.0986,0.2583,0.0354,0.01091,0.57656,0.10888,-0.00332,0.30441,2.014
46,88.7,490032,31484,0.446,0.632,9741,10495,14396,0.01985614,0,0,0.054,0.086,0.2564,0.0494,0.01057,0.62048,0.11871,-0.00289,0.32312,2.01259
47,89.8,500557,32298,0.487,0.625,9464,10525,14400,0.01985299,0,0,0.0599,0.099,0.2898,0.0388,0.0119,0.61211,0.13391,-0.00115,0.34843,1.97195
48,90.9,511078,33130,0.442,0.619,9919,10521,14413,0.01984983,0,0,0.0529,0.0833,0.2658,0.0401,0.01159,0.60627,0.12218,-0.00282,0.3264,1.92421
49,92.0,521549,33948,0.512,0.629,9180,10471,14369,0.01984668,0,0,0.0624,0.102,0.3121,0.0356,0.01144,0.61651,0.11675,-0.00236,0.31398,1.90877
50,93.2,532057,34764,0.486,0.63,9411,10508,14393,0.01984354,0,0,0.0634,0.096,0.293,0.0341,0.01124,0.61807,0.10783,-0.00295,0.29671,1.89319
51,94.3,542605,35568,0.48,0.606,9715,10548,14426,0.01984038,0,0,0.0594,0.0953,0.2921,0.0332,0.01116,0.59402,0.11736,-0.00337,0.31663,1.89443
52,96.0,553110,36377,0.577,0.606,8878,10505,14378,0.01983722,0,0,0.0649,0.1384,0.3017,0.0722,0.01131,0.59399,0.11203,-0.0035,0.30525,1.86971
53,97.1,563626,37189,0.482,0.588,9822,10516,14415,0.01983407,0,0,0.0595,0.1087,0.2811,0.0331,0.01052,0.57726,0.09836,-0.00298,0.27488,1.8205
54,98.4,574135,38000,0.528,0.791,7964,10509,14415,0.01983091,0,0,0.0634,0.1172,0.2835,0.064,0.01112,0.77951,0.12877,-0.00244,0.33381,1.79976
55,99.6,584774,38817,0.546,0.625,9085,10639,14526,0.01982776,0,0,0.0661,0.143,0.2846,0.0525,0.01234,0.61201,0.11515,-0.00194,0.30626,1.81762
56,100.7,595295,39607,0.501,0.618,9400,10521,14409,0.01982457,0,0,0.0585,0.1101,0.2788,0.0537,0.01086,0.60671,0.10972,-0.00274,0.29685,1.81435
57,101.8,605863,40415,0.522,0.622,9236,10568,14479,0.01982141,0,0,0.0599,0.1167,0.3068,0.0387,0.01187,0.60788,0.11202,-0.00044,0.29855,1.85746
58,103.2,616426,41218,0.72,0.625,7850,10563,14467,0.01981824,0,0,0.0696,0.1971,0.3037,0.1498,0.01347,0.61071,0.1107,-0.00272,0.29932,1.82883
59,104.4,626969,41998,0.586,0.619,8751,10543,14418,0.01981507,0,0,0.0614,0.1316,0.2941,0.0986,0.01087,0.6076,0.11763,-0.00193,0.31386,1.88571
60,105.6,637570,42779,0.566,0.619,8947,10601,14477,0.01981191,0,0,0.0617,0.1321,0.2994,0.0724,0.01104,0.60762,0.10969,-0.00318,0.29717,1.80274
61,106.7,648127,43570,0.511,0.633,9235,10557,14459,0.01980873,0,0,0.0627,0.127,0.2725,0.0484,0.01184,0.6197,0.11196,-0.00246,0.3009,1.81896
62,107.9,658692,44343,0.535,0.613,9201,10565,14455,0.01980556,0,0,0.0674,0.1323,0.2739,0.0619,0.01046,0.60159,0.12055,-0.00195,0.31682,1.81278
63,109.0,669293,45139,0.502,0.629,9368,10601,14502,0.01980239,0,0,0.0599,0.1107,0.2948,0.0371,0.01127,0.61723,0.10658,-0.00173,0.28894,1.82609
64,110.2,679862,45919,0.527,0.628,9155,10569,14456,0.01979921,0,0,0.0617,0.122,0.2931,0.0499,0.01025,0.61655,0.10767,-0.00162,0.2909,1.82602
65,111.3,690428,46691,0.557,0.618,8993,10566,14451,0.01979604,0,0,0.0705,0.1518,0.2954,0.0392,0.01115,0.60604,0.10414,-0.00351,0.28638,1.79505
66,112.5,701000,47450,0.514,0.626,9275,10572,14444,0.01979287,0,0,0.0626,0.1188,0.2753,0.0571,0.01111,0.61422,0.12449,-0.00171,0.32628,1.86613
67,113.6,711591,48219,0.525,0.625,9208,10591,14467,0.0197897,0,0,0.0641,0.1267,0.2952,0.0395,0.01378,0.61033,0.11116,-0.00326,0.30327,1.88035
68,114.8,722234,48978,0.525,0.613,9356,10643,14547,0.01978652,0,0,0.0603,0.1233,0.273,0.0685,0.01065,0.60104,0.09842,-0.00323,0.2811,1.96583
69,115.9,732842,49730,0.513,0.623,9339,10608,14485,0.01978333,0,0,0.0658,0.1254,0.2691,0.053,0.01065,0.6114,0.10511,-0.00287,0.29376,1.96591
70,117.1,743438,50484,0.544,0.624,9074,10596,14466,0.01978015,0,0,0.0607,0.1311,0.2746,0.0775,0.0116,0.61173,0.11845,-0.00208,0.32256,2.06021
71,118.2,754081,51240,0.542,0.626,9114,10643,14491,0.01977697,0,0,0.0722,0.145,0.2809,0.044,0.01181,0.61288,0.14337,-0.00166,0.3698,2.016
72,119.4,764715,51989,0.558,0.627,8977,10634,14493,0.01977378,0,0,0.0625,0.1346,0.2861,0.0749,0.01176,0.61412,0.11302,-0.00168,0.30945,2.02381
73,120.6,775319,52736,0.51,0.656,9090,10604,14462,0.01977059,0,0,0.0631,0.1182,0.2924,0.0368,0.01077,0.64455,0.11314,-0.00261,0.30978,1.97972
74,121.9,785965,53491,0.616,0.677,8238,10646,14497,0.0197674,0,0,0.0711,0.1417,0.3254,0.0774,0.01206,0.66407,0.11546,-0.00214,0.31239,1.95206
75,123.1,796598,54242,0.561,0.681,8559,10633,14511,0.01976421,0,0,0.0641,0.1267,0.3342,0.0358,0.01203,0.66763,0.11222,-0.00192,0.30518,1.94554
76,124.3,807177,55013,0.589,0.635,8644,10579,14463,0.01976102,0,0,0.0666,0.1409,0.3095,0.0719,0.012,0.62241,0.10289,-0.00171,0.28563,1.93375
77,125.5,817830,55751,0.541,0.64,9021,10653,14532,0.01975785,0,0,0.0646,0.1284,0.312,0.0362,0.0114,0.62767,0.11625,-0.00206,0.31437,1.96771
78,126.7,828450,56502,0.572,0.639,8776,10620,14494,0.01975465,0,0,0.064,0.139,0.2933,0.0753,0.01121,0.62681,0.11432,-0.00198,0.31003,1.95943
79,127.9,839076,57264,0.501,0.638,9328,10626,14482,0.01975146,0,0,0.059,0.1098,0.3004,0.0315,0.01196,0.62563,0.12053,-0.00145,0.32193,1.97389
80,129.1,849746,58005,0.56,0.625,9002,10670,14519,0.01974828,0,0,0.0604,0.1166,0.3048,0.0784,0.0127,0.61178,0.12539,-0.00203,0.3339,2.00149
81,130.2,860436,58726,0.515,0.634,9296,10690,14565,0.01974508,0,0,0.0607,0.1227,0.298,0.0341,0.01217,0.62079,0.12653,0.00056,0.33241,2.03786
82,131.5,871098,59455,0.697,0.619,8098,10662,14531,0.01974187,0,0,0.0728,0.1895,0.3203,0.1148,0.01234,0.60541,0.12437,-0.00251,0.33129,1.96343
83,132.8,881745,60184,0.673,0.615,8261,10647,14508,0.01973867,0,0,0.067,0.1666,0.2858,0.1539,0.01138,0.60315,0.13107,0.00011,0.34033,1.98612
84,134.1,892341,60922,0.628,0.623,8469,10596,14467,0.01973548,0,0,0.0723,0.1558,0.3109,0.0888,0.01211,0.61074,0.12062,-0.00054,0.31824,1.92368
85,135.3,902984,61681,0.582,0.621,8847,10643,14490,0.0197323,0,0,0.0669,0.1373,0.313,0.0649,0.01133,0.60896,0.12611,-0.00185,0.33116,1.9067
86,136.5,913599,62454,0.582,0.619,8838,10615,14476,0.0197291,0,0,0.0684,0.1495,0.2876,0.076,0.01129,0.60757,0.11142,-0.00171,0.30153,1.9075
87,137.6,924221,63204,0.522,0.619,9306,10622,14467,0.01972592,0,0,0.0642,0.1402,0.2813,0.0364,0.01139,0.60729,0.12677,-0.00096,0.33203,1.94107
88,138.8,934864,63942,0.528,0.617,9299,10643,14505,0.01972273,0,0,0.06,0.1164,0.2741,0.077,0.01148,0.60488,0.11975,-0.00129,0.31864,1.941
89,139.9,945536,64674,0.502,0.621,9505,10672,14543,0.01971954,0,0,0.0605,0.112,0.2868,0.0424,0.01206,0.60846,0.12206,-0.00033,0.32113,1.93583
90,141.1,956177,65430,0.586,0.591,9042,10641,14514,0.01971634,0,0,0.0636,0.1406,0.2983,0.0837,0.01045,0.57964,0.12103,-0.00107,0.3209,1.94493
91,142.2,966829,66150,0.5,0.6,9685,10652,14505,0.01971315,0,0,0.0619,0.118,0.2846,0.0357,0.01122,0.58774,0.12377,-0.00036,0.32413,1.92452
92,143.3,977505,66906,0.575,0.598,9099,10676,14544,0.01970995,0,0,0.0654,0.1297,0.2799,0.0999,0.01095,0.58535,0.12167,-0.00208,0.32249,1.90226
93,144.5,988133,67647,0.546,0.59,9349,10628,14506,0.01970675,0,0,0.06,0.139,0.267,0.0805,0.01182,0.57778,0.11978,-0.00169,0.31784,1.90045
94,145.6,998797,68393,0.519,0.59,9620,10664,14507,0.01970356,0,0,0.0574,0.1251,0.2612,0.0749,0.01114,0.57827,0.11021,-0.0015,0.29867,1.90959
95,146.6,1009428,69136,0.467,0.588,10081,10631,14483,0.01970036,0,0,0.0582,0.1136,0.2634,0.0316,0.0109,0.57631,0.11738,-0.00074,0.31066,1.88932
96,147.7,1020096,69883,0.513,0.59,9675,10668,14526,0.01969717,0,0,0.0589,0.113,0.2735,0.0673,0.01097,0.57844,0.12128,0.00081,0.31689,1.92749
97,148.8,1030766,70604,0.476,0.599,9927,10670,14519,0.01969397,0,0,0.0583,0.1105,0.2658,0.0413,0.01098,0.58747,0.12085,-0.0006,0.32002,1.95806
98,149.9,1041404,71326,0.502,0.587,9769,10638,14483,0.01969077,0,0,0.0572,0.1106,0.2635,0.0707,0.01076,0.57471,0.12207,-0.0019,0.32426,1.93788
99,151.3,1052137,72061,0.637,0.791,7516,10733,14581,0.01968758,0,0,0.0713,0.1724,0.2878,0.1053,0.01267,0.77733,0.13337,-0.0013,0.34459,1.91131
100,152.5,1062784,72781,0.548,0.603,9253,10647,14490,0.01968436,0,0,0.0613,0.1446,0.2689,0.0728,0.01097,0.59126,0.12447,-0.00155,0.32873,1.94799
101,153.6,1073482,73489,0.539,0.628,9164,10698,14542,0.01968116,0,0,0.0652,0.1282,0.3082,0.0378,0.01107,0.61626,0.12309,-0.00086,0.32352,1.92102
102,155.0,1084177,74224,0.619,0.629,8573,10695,14566,0.01967796,0,0,0.0681,0.1384,0.3225,0.0898,0.01163,0.61647,0.12283,-0.00037,0.32079,1.89009
103,156.1,1094863,74960,0.535,0.629,9181,10686,14534,0.01967475,0,0,0.0635,0.1251,0.299,0.0478,0.01129,0.61662,0.12953,0.00055,0.33366,1.92382
104,157.4,1105500,75679,0.587,0.627,8762,10637,14503,0.01967154,0,0,0.0647,0.1289,0.3237,0.0694,0.01131,0.61547,0.10966,-0.00098,0.29743,1.9358
105,158.5,1116166,76406,0.516,0.6,9557,10666,14518,0.01966835,0,0,0.0621,0.1249,0.2907,0.0388,0.01061,0.58837,0.12835,0.00093,0.33179,1.95602
106,159.6,1126789,77132,0.514,0.601,9534,10623,14486,0.01966515,0,0,0.0628,0.1169,0.2811,0.0529,0.0111,0.58876,0.11882,-0.00029,0.31768,2.02019
107,160.7,1137403,77876,0.485,0.587,9897,10614,14466,0.01966196,0,0,0.0591,0.1199,0.2707,0.0356,0.01057,0.57584,0.13564,-0.00028,0.35025,1.99453
108,161.7,1148059,78602,0.48,0.584,10018,10656,14495,0.01965878,0,0,0.058,0.1065,0.2615,0.0535,0.01083,0.57265,0.12152,-0.00088,0.32192,1.96151
109,162.8,1158714,79360,0.46,0.587,10174,10655,14504,0.01965558,0,0,0.0582,0.1079,0.2615,0.0328,0.01104,0.57533,0.12909,0.00064,0.33335,1.94457
110,163.9,1169343,80100,0.504,0.586,9746,10629,14495,0.01965239,0,0,0.0595,0.1102,0.2692,0.0655,0.01134,0.57427,0.12867,0.00018,0.33472,1.97791
111,164.9,1180036,80828,0.476,0.585,10082,10693,14549,0.0196492,0,0,0.0595,0.1085,0.2735,0.0344,0.01111,0.57284,0.11857,-0.00043,0.31666,2.00161
112,166.0,1190687,81574,0.518,0.594,9576,10651,14507,0.01964599,0,0,0.0693,0.117,0.2685,0.0635,0.01074,0.5826,0.12531,-0.00062,0.32685,1.90867
113,167.1,1201306,82313,0.482,0.583,9969,10619,14499,0.01964279,0,0,0.063,0.1206,0.2694,0.0294,0.01008,0.57212,0.12922,0.00042,0.33539,1.97995
114,168.2,1211977,83053,0.516,0.585,9691,10671,14496,0.01963961,0,0,0.0602,0.1167,0.2689,0.0703,0.01137,0.57291,0.11407,-0.00054,0.30651,1.96754
115,169.3,1222640,83773,0.486,0.584,9964,10663,14521,0.01963641,0,0,0.0603,0.1127,0.2766,0.0366,0.01059,0.57279,0.12705,-0.00123,0.33339,1.95656
116,170.4,1233314,84531,0.574,0.587,9193,10674,14528,0.01963321,0,0,0.0665,0.1314,0.294,0.082,0.01163,0.5747,0.11929,-0.00168,0.31672,1.90447
117,171.5,1243964,85275,0.515,0.589,9654,10650,14498,0.01963001,0,0,0.0655,0.1264,0.2821,0.0406,0.01149,0.57644,0.12544,0.00059,0.32406,1.8938
118,172.6,1254643,86001,0.489,0.587,9930,10679,14534,0.01962681,0,0,0.0602,0.1109,0.2644,0.0534,0.01157,0.57458,0.12407,0.00466,0.3101,1.81554
119,173.7,1265242,86759,0.486,0.586,9882,10599,14455,0.01962361,0,0,0.0617,0.122,0.274,0.0287,0.01033,0.57531,0.12149,-0.00056,0.31252,1.7432
120,174.8,1275895,87521,0.565,0.59,9223,10653,14504,0.01962043,0,0,0.0638,0.1366,0.2864,0.0785,0.01146,0.57766,0.12115,-0.00146,0.31389,1.74958
121,176.0,1286503,88281,0.542,0.588,9391,10608,14464,0.01961723,0,0,0.067,0.129,0.3051,0.0408,0.01049,0.57662,0.12241,-0.00104,0.31956,1.85212
122,177.1,1297118,89015,0.573,0.587,9151,10615,14493,0.01961405,0,0,0.0712,0.1389,0.2952,0.068,0.01161,0.57428,0.1257,-0.00075,0.32454,1.82627
123,178.2,1307723,89767,0.52,0.593,9532,10605,14476,0.01961086,0,0,0.0635,0.132,0.2762,0.0484,0.01174,0.5799,0.11937,-0.00108,0.31305,1.83958
124,179.3,1318313,90526,0.508,0.591,9634,10590,14452,0.01960768,0,0,0.0625,0.1151,0.2763,0.0541,0.01224,0.57841,0.13043,-0.00077,0.33205,1.77608
125,180.4,1328929,91267,0.492,0.59,9807,10616,14465,0.01960451,0,0,0.0611,0.1227,0.2715,0.0371,0.01242,0.57702,0.13013,-0.00118,0.33171,1.76261
126,181.6,1339572,92015,0.552,0.592,9306,10643,14490,0.01960132,0,0,0.067,0.1315,0.2967,0.0564,0.01179,0.57952,0.13058,-0.00106,0.33187,1.74966
127,182.7,1350201,92763,0.496,0.587,9812,10629,14472,0.01959813,0,0,0.0608,0.1259,0.2752,0.034,0.01082,0.57604,0.12772,0.00086,0.32365,1.78428
128,183.8,1360787,93518,0.527,0.592,9465,10586,14454,0.01959494,0,0,0.0658,0.1257,0.2815,0.0539,0.01189,0.57913,0.10811,-0.00029,0.28594,1.76432
129,185.0,1371381,94256,0.547,0.638,8936,10594,14466,0.01959176,0,0,0.0626,0.1398,0.2767,0.0684,0.01371,0.62211,0.11975,-0.00133,0.30908,1.7079
130,186.3,1381996,95016,0.66,0.641,8162,10615,14483,0.01958859,0,0,0.0681,0.1779,0.3097,0.104,0.01148,0.62848,0.13337,-0.00074,0.33595,1.72909
131,187.5,1392637,95759,0.612,0.636,8530,10641,14514,0.0195854,0,0,0.0665,0.1385,0.3201,0.0868,0.01187,0.62309,0.12074,-0.00128,0.31263,1.75142
132,188.7,1403295,96508,0.605,0.638,8578,10658,14524,0.01958221,0,0,0.0723,0.1419,0.3136,0.0768,0.01184,0.62556,0.12389,-0.00064,0.31731,1.74265
133,189.9,1413946,97274,0.546,0.623,9104,10651,14513,0.01957901,0,0,0.0674,0.1365,0.3029,0.0396,0.01259,0.61009,0.1293,0.00113,0.32411,1.73042
134,191.0,1424580,98019,0.518,0.611,9415,10634,14485,0.01957582,0,0,0.0666,0.1242,0.2927,0.0348,0.01053,0.59988,0.11399,0.00098,0.2932,1.71559
135,192.3,1435195,98762,0.623,0.613,8591,10615,14457,0.01957263,0,0,0.072,0.1467,0.3234,0.0808,0.0115,0.60073,0.11955,0.0004,0.30524,1.7099
136,193.3,1445836,99534,0.476,0.586,10019,10641,14493,0.01956944,0,0,0.062,0.1102,0.266,0.0381,0.01064,0.57428,0.11442,-0.00165,0.29845,1.69435
137,194.4,1456424,100297,0.495,0.593,9735,10588,14436,0.01956625,0,0,0.0607,0.116,0.2701,0.0482,0.0111,0.58085,0.13802,-0.00156,0.34532,1.69059
138,195.6,1467043,101047,0.538,0.588,9429,10619,14464,0.01956307,0,0,0.0654,0.1331,0.2969,0.0425,0.01272,0.57497,0.1089,-0.00262,0.28895,1.68442
139,196.7,1477679,101786,0.518,0.59,9604,10636,14461,0.01955989,0,0,0.0612,0.1223,0.2779,0.0564,0.01201,0.57705,0.12354,-0.00082,0.31621,1.7255
140,197.7,1488332,102531,0.476,0.586,10035,10653,14505,0.0195567,0,0,0.0597,0.108,0.2674,0.0408,0.01066,0.57444,0.116,-0.00011,0.30073,1.75172
141,198.8,1499004,103280,0.506,0.585,9777,10672,14529,0.0195535,0,0,0.0585,0.1057,0.2591,0.0828,0.01144,0.57338,0.12307,-0.00092,0.3164,1.74975
142,199.9,1509666,104019,0.505,0.588,9748,10662,14508,0.0195503,0,0,0.0605,0.1147,0.2681,0.0622,0.01165,0.57576,0.09793,-0.00049,0.26737,1.80398
143,201.0,1520321,104758,0.533,0.59,9489,10655,14532,0.0195471,0,0,0.0579,0.131,0.2717,0.0723,0.01128,0.57757,0.11956,-0.00072,0.31034,1.7849
144,202.1,1530969,105508,0.477,0.585,10029,10648,14487,0.0195439,0,0,0.0584,0.1115,0.2631,0.0438,0.01029,0.57394,0.13429,0.00043,0.33763,1.78853
145,203.2,1541639,106250,0.521,0.59,9599,10670,14527,0.01954071,0,0,0.0597,0.1102,0.2772,0.0743,0.01208,0.57718,0.12381,7e-05,0.31683,1.77416
146,204.3,1552301,107002,0.46,0.584,10213,10662,14520,0.01953751,0,0,0.0575,0.1039,0.2665,0.0323,0.01092,0.57248,0.11813,-0.00021,0.30759,1.81454
147,205.3,1562898,107740,0.495,0.592,9749,10597,14459,0.01953431,0,0,0.058,0.1102,0.2628,0.0642,0.01034,0.5808,0.1351,0.00129,0.33926,1.8337
148,206.4,1573527,108490,0.464,0.59,10086,10629,14498,0.01953113,0,0,0.0603,0.1092,0.2622,0.0326,0.01079,0.57797,0.11824,0.0002,0.30679,1.81019
149,207.5,1584126,109218,0.534,0.591,9424,10599,14450,0.01952794,0,0,0.0612,0.1279,0.267,0.0779,0.01125,0.57721,0.13273,-0.00064,0.33855,1.83855
150,208.7,1594766,109977,0.603,0.586,8947,10640,14498,0.01952476,0,0,0.058,0.1629,0.2652,0.117,0.01117,0.57448,0.12297,-0.00274,0.32258,1.82262
151,209.8,1605402,110720,0.486,0.585,9931,10636,14483,0.01952157,0,0,0.0589,0.1103,0.2735,0.0438,0.01073,0.57328,0.12019,-0.00099,0.31394,1.83338
152,210.9,1616056,111458,0.453,0.587,10244,10654,14515,0.01951838,0,0,0.0565,0.1032,0.2638,0.03,0.01168,0.57434,0.12179,0.00032,0.31523,1.85177
153,212.0,1626728,112186,0.47,0.586,10103,10672,14518,0.01951518,0,0,0.0551,0.1015,0.264,0.0493,0.01093,0.57467,0.11905,-0.00052,0.30982,1.81076
154,213.0,1637373,112922,0.462,0.586,10156,10645,14507,0.01951198,0,0,0.0576,0.1026,0.271,0.0306,0.0109,0.5747,0.11466,-0.00132,0.30403,1.84675
155,214.2,1647981,113658,0.557,0.585,9285,10608,14449,0.01950879,0,0,0.066,0.1286,0.297,0.0655,0.01111,0.57373,0.12149,-1e-05,0.31569,1.8633
156,215.2,1658570,114381,0.473,0.599,9881,10589,14459,0.01950561,0,0,0.0577,0.1129,0.2692,0.0333,0.01007,0.58788,0.11296,-0.00047,0.30112,1.90328
157,216.3,1669228,115106,0.513,0.597,9607,10658,14511,0.01950243,0,0,0.06,0.1065,0.2826,0.0635,0.01157,0.58469,0.12949,0.00041,0.33439,1.95416
158,217.5,1679914,115841,0.55,0.652,8885,10686,14544,0.01949923,0,0,0.0649,0.1237,0.3288,0.033,0.01198,0.63962,0.12508,-4e-05,0.32542,1.92768
159,218.7,1690586,116575,0.552,0.641,8945,10672,14521,0.01949603,0,0,0.0637,0.13,0.3072,0.0512,0.0118,0.62856,0.12594,0.0004,0.32564,1.9118
160,219.9,1701196,117297,0.49,0.638,9403,10610,14441,0.01949282,0,0,0.058,0.108,0.2921,0.0322,0.01118,0.62632,0.13714,0.00211,0.34535,1.93096
161,221.0,1711814,118029,0.524,0.639,9129,10618,14476,0.01948964,0,0,0.0629,0.1122,0.2971,0.0518,0.01135,0.627,0.12123,0.00014,0.31771,1.93753
162,222.2,1722427,118764,0.523,0.643,9105,10613,14480,0.01948646,0,0,0.0655,0.1222,0.3019,0.0329,0.01113,0.6312,0.12682,0.00081,0.32819,1.95424
163,223.3,1733013,119492,0.533,0.615,9222,10586,14458,0.01948327,0,0,0.0644,0.1304,0.2879,0.0501,0.01118,0.60322,0.12843,0.00049,0.33228,1.96056
164,224.4,1743664,120215,0.497,0.597,9737,10651,14492,0.0194801,0,0,0.0602,0.1226,0.2821,0.0323,0.01128,0.58483,0.13225,-0.00056,0.34326,1.99269
165,225.5,1754305,120950,0.492,0.582,9903,10641,14488,0.0194769,0,0,0.059,0.1099,0.2762,0.0472,0.01076,0.57105,0.12889,0.00159,0.33441,2.04891
166,226.5,1764946,121672,0.461,0.582,10208,10641,14473,0.01947371,0,0,0.06,0.1064,0.2608,0.0337,0.01034,0.57063,0.12499,-0.0014,0.33251,2.04717
167,227.6,1775574,122380,0.459,0.583,10198,10628,14491,0.01947052,0,0,0.0565,0.1052,0.2571,0.0401,0.01135,0.57134,0.12047,-0.00074,0.32221,2.04916
168,228.6,1786262,123102,0.452,0.585,10309,10688,14546,0.01946733,0,0,0.0598,0.1098,0.2522,0.0303,0.01108,0.57253,0.11254,-0.00281,0.31017,2.04148
169,229.7,1796879,123835,0.473,0.593,9960,10617,14506,0.01946412,0,0,0.0575,0.1061,0.2689,0.0407,0.01006,0.58211,0.1158,-0.00093,0.31427,2.07607
170,230.7,1807502,124554,0.463,0.585,10137,10623,14479,0.01946094,0,0,0.0578,0.1047,0.2627,0.038,0.01115,0.57306,0.13431,-0.00051,0.34715,1.99141
171,231.8,1818121,125282,0.498,0.585,9810,10619,14497,0.01945775,0,0,0.0658,0.1214,0.2636,0.0469,0.01067,0.57341,0.11212,-0.00105,0.30225,1.9508
172,232.9,1828688,126028,0.515,0.585,9609,10567,14444,0.01945456,0,0,0.0614,0.1322,0.2867,0.0344,0.01033,0.57351,0.11691,-0.0007,0.31114,1.95079
173,234.0,1839323,126759,0.491,0.586,9873,10635,14508,0.01945139,0,0,0.0607,0.1112,0.2703,0.0484,0.01162,0.57424,0.11509,-0.0022,0.31038,1.94839
174,235.1,1849926,127500,0.467,0.583,10101,10603,14472,0.0194482,0,0,0.0601,0.1085,0.2665,0.0316,0.01069,0.57177,0.12344,-0.00065,0.32313,1.9269
175,236.1,1860549,128231,0.495,0.584,9843,10623,14483,0.01944502,0,0,0.061,0.1134,0.2704,0.0506,0.0112,0.57199,0.12747,-0.00117,0.33268,1.93861
176,237.2,1871136,128963,0.445,0.586,10270,10587,14441,0.01944184,0,0,0.0575,0.1034,0.2519,0.0325,0.01257,0.57245,0.13637,0.00037,0.34738,1.93863
177,238.2,1881749,129701,0.482,0.585,9940,10613,14471,0.01943866,0,0,0.0597,0.1064,0.2665,0.0498,0.01144,0.57287,0.12233,0.00061,0.31909,1.94573
178,239.3,1892330,130443,0.477,0.582,9993,10581,14440,0.01943548,0,0,0.0589,0.112,0.2706,0.0351,0.01051,0.57115,0.11401,-0.00171,0.30565,1.90903
179,240.4,1902890,131162,0.477,0.586,9937,10560,14439,0.0194323,0,0,0.0592,0.1038,0.2673,0.0469,0.01062,0.57435,0.11795,-0.00036,0.31056,1.9023
180,241.5,1913505,131908,0.535,0.588,9451,10615,14443,0.01942913,0,0,0.07,0.1381,0.2944,0.0325,0.01142,0.5762,0.12277,0.00119,0.31815,1.92971
181,242.6,1924067,132634,0.565,0.59,9147,10562,14422,0.01942595,0,0,0.0687,0.1406,0.2981,0.0571,0.01164,0.5778,0.12232,-0.00087,0.32097,1.91987
182,243.9,1934673,133361,0.651,0.591,8545,10606,14453,0.01942278,0,0,0.0794,0.1775,0.3348,0.0589,0.01204,0.57733,0.13515,-0.00125,0.34579,1.87921
183,245.1,1945236,134103,0.612,0.589,8792,10563,14429,0.0194196,0,0,0.0713,0.1702,0.304,0.0667,0.0123,0.57603,0.11319,0.00089,0.29624,1.84501
184,246.3,1955867,134833,0.602,0.59,8914,10631,14512,0.01941643,0,0,0.0664,0.1485,0.2927,0.0947,0.01154,0.5782,0.11435,0.00118,0.30152,1.93578
185,247.4,1966480,135576,0.558,0.586,9271,10613,14469,0.01941324,0,0,0.0684,0.1411,0.2893,0.0595,0.01197,0.5738,0.12294,-0.00043,0.32101,1.91259
186,248.5,1977059,136307,0.483,0.608,9695,10579,14446,0.01941006,0,0,0.0603,0.1104,0.2786,0.0337,0.01004,0.59749,0.12492,-0.00154,0.32609,1.88464
187,249.7,1987636,137028,0.58,0.651,8595,10577,14446,0.01940688,0,0,0.0705,0.13,0.3285,0.0509,0.01167,0.63823,0.12354,0.00507,0.31138,1.91793
188,250.9,1998232,137758,0.525,0.65,9018,10596,14465,0.01940371,0,0,0.0639,0.1145,0.3114,0.0349,0.01219,0.63752,0.13153,0.01035,0.31554,1.8852
189,252.1,2008848,138470,0.547,0.651,8859,10616,14494,0.01940053,0,0,0.064,0.1205,0.3109,0.052,0.01156,0.63844,0.13169,0.0007,0.33929,1.9925
190,253.3,2019543,139203,0.542,0.625,9160,10695,14540,0.01939735,0,0,0.0673,0.1192,0.318,0.0377,0.01123,0.61354,0.13107,-0.00026,0.33958,1.98239
191,254.5,2030096,139896,0.63,0.604,8547,10553,14405,0.01939414,0,0,0.072,0.158,0.3449,0.0555,0.01249,0.59128,0.1203,0.00194,0.31327,1.97326
192,255.7,2040710,140628,0.604,0.604,8782,10614,14480,0.01939097,0,0,0.0757,0.1545,0.3352,0.0388,0.01125,0.59221,0.12513,0.00306,0.31997,1.9553
193,256.9,2051313,141334,0.573,0.588,9137,10603,14481,0.01938779,0,0,0.0705,0.1414,0.3093,0.0514,0.01159,0.57528,0.12072,0.00539,0.30959,2.0356
194,258.0,2061908,142050,0.56,0.588,9233,10595,14452,0.01938461,0,0,0.0718,0.1466,0.3033,0.0382,0.01054,0.57631,0.12319,4e-05,0.32625,2.0626
195,259.3,2072550,142761,0.669,0.589,8459,10642,14473,0.01938143,0,0,0.0815,0.1749,0.3423,0.0707,0.01258,0.57533,0.1248,0.00049,0.32819,2.05277
196,260.4,2083180,143483,0.567,0.589,9195,10630,14494,0.01937824,0,0,0.0735,0.1559,0.2999,0.0375,0.01095,0.57766,0.12376,0.00171,0.32606,2.11477
197,261.6,2093785,144183,0.53,0.587,9494,10605,14460,0.01937505,0,0,0.0629,0.1234,0.2898,0.0543,0.01181,0.57425,0.12795,0.00064,0.33307,2.02432
198,262.7,2104426,144917,0.509,0.583,9741,10641,14504,0.01937186,0,0,0.0694,0.1367,0.2704,0.0324,0.01071,0.5722,0.12489,7e-05,0.3282,2.02756
199,263.8,2114982,145624,0.535,0.589,9391,10556,14428,0.01936867,0,0,0.063,0.1183,0.2952,0.0584,0.01161,0.57694,0.11488,0.00086,0.30669,2.03003
200,264.9,2125652,146364,0.498,0.589,9818,10670,14541,0.01936551,0,0,0.0605,0.1187,0.2837,0.0347,0.0123,0.57604,0.11351,-4e-05,0.30623,2.04324
201,275.9,2136243,147070,0.596,0.681,8289,10591,14459,0.0193623,0,0,0.0667,0.1313,0.3094,0.089,0.01222,0.66804,0.12115,0.00542,0.31049,2.04072
202,277.2,2146911,147785,0.613,0.586,8899,10668,14473,0.01935913,0,0,0.0652,0.1481,0.2831,0.1166,0.01087,0.57411,0.13087,-0.00029,0.33966,1.99769
203,278.3,2157590,148503,0.555,0.586,9359,10679,14478,0.01935593,0,0,0.062,0.1295,0.2878,0.0759,0.01143,0.57324,0.13308,0.00133,0.33958,1.96517
204,279.5,2168285,149211,0.624,0.593,8785,10695,14499,0.01935272,0,0,0.0852,0.1664,0.3268,0.046,0.01207,0.58028,0.13252,-0.00051,0.34318,1.99256
205,280.7,2179000,149932,0.564,0.625,9007,10715,14515,0.01934951,0,0,0.0654,0.1285,0.3044,0.0658,0.01137,0.61342,0.12407,-0.0014,0.32549,1.92646
206,281.9,2189652,150651,0.563,0.65,8785,10652,14471,0.0193463,0,0,0.0716,0.1269,0.3214,0.0429,0.01202,0.63718,0.13962,0.00304,0.34998,1.98511
207,283.2,2200345,151363,0.573,0.655,8707,10693,14511,0.0193431,0,0,0.0664,0.1149,0.3237,0.0681,0.01233,0.64173,0.12611,0.00121,0.32737,2.00568
208,284.3,2210994,152078,0.548,0.65,8887,10649,14461,0.0193399,0,0,0.0674,0.1256,0.3187,0.0366,0.01206,0.63671,0.12331,-0.00026,0.32254,1.94913
209,285.6,2221694,152779,0.599,0.654,8535,10700,14508,0.0193367,0,0,0.0683,0.1266,0.323,0.0814,0.01272,0.64051,0.12363,-5e-05,0.32243,1.94115
210,286.9,2232349,153492,0.637,0.655,8249,10655,14462,0.01933349,0,0,0.0698,0.1497,0.3233,0.0938,0.01184,0.64229,0.13064,0.00331,0.33022,1.954
211,288.1,2242967,154210,0.578,0.599,9019,10618,14425,0.0193303,0,0,0.0655,0.1131,0.3091,0.0902,0.01089,0.58753,0.13913,0.0024,0.34595,1.87499
212,289.2,2253622,154923,0.526,0.618,9316,10655,14470,0.01932711,0,0,0.0606,0.1098,0.2883,0.0668,0.01068,0.60691,0.13137,0.00224,0.33263,1.92358
213,290.4,2264296,155644,0.546,0.616,9188,10674,14466,0.01932391,0,0,0.0659,0.1205,0.3187,0.0407,0.01141,0.60404,0.12222,-0.00069,0.31686,1.83812
214,291.6,2274950,156365,0.58,0.611,8946,10654,14481,0.01932071,0,0,0.0662,0.1304,0.3092,0.0741,0.01297,0.5974,0.13154,0.00162,0.33222,1.8729
215,292.8,2285619,157077,0.564,0.626,8966,10669,14469,0.01931752,0,0,0.0702,0.127,0.3232,0.0439,0.01315,0.61184,0.12308,-0.00024,0.31838,1.85686
216,294.0,2296326,157787,0.597,0.623,8777,10707,14499,0.01931431,0,0,0.0669,0.1297,0.3129,0.0872,0.01135,0.61065,0.12077,0.00192,0.3088,1.84043
217,295.2,2307032,158501,0.589,0.621,8851,10706,14497,0.0193111,0,0,0.0637,0.1238,0.3025,0.0985,0.01111,0.60892,0.13703,-0.00041,0.34518,1.81999
218,296.4,2317708,159227,0.562,0.619,9037,10676,14481,0.01930789,0,0,0.0627,0.1258,0.2995,0.074,0.01161,0.60711,0.1279,0.00383,0.31763,1.79967
219,297.5,2328415,159957,0.513,0.651,9205,10707,14492,0.01930469,0,0,0.0645,0.1117,0.2992,0.0372,0.01115,0.63835,0.12769,0.00191,0.32179,1.81882
220,298.8,2339077,160673,0.63,0.656,8295,10662,14480,0.01930148,0,0,0.0685,0.1339,0.3422,0.085,0.01377,0.64141,0.12509,5e-05,0.32061,1.8273
221,300.0,2349730,161393,0.543,0.651,8921,10653,14466,0.01929828,0,0,0.0659,0.1256,0.3143,0.0371,0.01195,0.6385,0.12553,-0.00041,0.3212,1.7964
222,301.3,2360421,162120,0.627,0.653,8351,10691,14498,0.01929508,0,0,0.0772,0.1464,0.3307,0.0726,0.0116,0.64112,0.12223,0.00044,0.31078,1.74157
223,302.6,2371066,162837,0.603,0.655,8463,10645,14459,0.01929187,0,0,0.0746,0.1466,0.3388,0.0428,0.01234,0.64149,0.13263,0.00056,0.33038,1.71664
224,304.0,2381745,163556,0.747,0.656,7615,10679,14488,0.01928868,0,0,0.0845,0.1887,0.39,0.0836,0.01241,0.64251,0.13208,-0.00047,0.33083,1.70369
225,305.2,2392370,164279,0.592,0.664,8464,10625,14437,0.01928548,0,0,0.0741,0.1379,0.3389,0.0409,0.01303,0.6494,0.12015,0.0012,0.30199,1.66205
226,306.6,2403053,165003,0.719,0.657,7763,10683,14471,0.01928229,0,0,0.0838,0.1725,0.3712,0.0913,0.01262,0.64387,0.12348,0.0012,0.30846,1.65733
227,307.9,2413726,165732,0.604,0.656,8466,10673,14457,0.01927908,0,0,0.0742,0.1358,0.3379,0.0563,0.01201,0.64383,0.13494,0.00236,0.32706,1.60577
228,309.1,2424424,166459,0.622,0.658,8359,10698,14502,0.01927588,0,0,0.0707,0.1347,0.333,0.0832,0.01139,0.64589,0.12137,0.00064,0.30624,1.68038
229,310.6,2435099,167191,0.771,0.66,7459,10675,14476,0.01927267,0,0,0.0892,0.1939,0.4332,0.0547,0.01261,0.64654,0.11132,-0.00122,0.29072,1.70314
230,312.0,2445817,167917,0.783,0.657,7443,10718,14506,0.01926947,0,0,0.0879,0.1865,0.412,0.0961,0.01268,0.64379,0.12705,0.00147,0.31967,1.77773
231,313.4,2456493,168644,0.776,0.657,7451,10676,14484,0.01926625,0,0,0.093,0.1939,0.3956,0.0935,0.0134,0.64203,0.12543,0.00148,0.31601,1.76749
232,315.0,2467178,169372,0.919,0.657,6779,10685,14510,0.01926305,0,0,0.1104,0.2264,0.4592,0.1232,0.01373,0.64206,0.12403,0.00295,0.31198,1.81252
233,316.6,2477864,170097,0.919,0.657,6779,10686,14470,0.01925985,0,0,0.0966,0.2202,0.4643,0.1379,0.01328,0.64284,0.1163,0.00122,0.29934,1.79555
234,318.1,2488528,170818,0.844,0.658,7103,10664,14486,0.01925664,0,0,0.0955,0.2162,0.4233,0.1087,0.01276,0.64348,0.10874,0.00048,0.28726,1.83663
235,319.6,2499180,171554,0.886,0.669,6852,10652,14489,0.01925344,0,0,0.0959,0.2142,0.4358,0.14,0.01378,0.65039,0.12895,0.00209,0.32547,1.86308
236,321.1,2509887,172293,0.898,0.596,7166,10707,14506,0.01925025,0,0,0.1023,0.2503,0.4525,0.0924,0.01201,0.5835,0.12201,0.00325,0.30833,1.83979
237,322.5,2520582,173028,0.758,0.597,7894,10695,14492,0.01924703,0,0,0.0931,0.1987,0.3854,0.0808,0.0133,0.58261,0.11853,-0.00168,0.31072,1.82609
238,323.9,2531246,173760,0.783,0.593,7750,10664,14490,0.01924383,0,0,0.0854,0.1993,0.389,0.1089,0.01231,0.58025,0.13306,0.00366,0.32724,1.7779
239,325.3,2541949,174500,0.79,0.595,7727,10703,14511,0.01924063,0,0,0.0947,0.2046,0.3804,0.1102,0.01262,0.58053,0.12273,0.00419,0.3059,1.78862
240,326.7,2552634,175241,0.841,0.608,7377,10685,14509,0.01923742,0,0,0.0961,0.2515,0.3764,0.1166,0.01363,0.59167,0.11973,0.00053,0.30618,1.76207
241,328.1,2563350,175981,0.779,0.593,7811,10716,14549,0.01923421,0,0,0.0859,0.2198,0.3477,0.1255,0.01228,0.57939,0.12501,0.00172,0.31513,1.78219
242,329.3,2573992,176718,0.65,0.593,8562,10642,14479,0.019231,0,0,0.0821,0.1753,0.3248,0.0682,0.01288,0.5788,0.11555,0.00265,0.29472,1.79197
243,330.6,2584620,177456,0.661,0.589,8502,10628,14454,0.0192278,0,0,0.0774,0.1552,0.3302,0.0982,0.01197,0.57628,0.11989,0.00081,0.30743,1.80134
244,331.8,2595295,178216,0.674,0.592,8435,10675,14486,0.01922461,0,0,0.0811,0.1695,0.3346,0.0885,0.01312,0.57794,0.12052,0.00073,0.30926,1.81245
245,333.0,2606015,178967,0.589,0.591,9084,10720,14525,0.01922141,0,0,0.0728,0.1502,0.3127,0.0531,0.01127,0.57922,0.11691,0.00214,0.29882,1.80248
246,334.2,2616676,179706,0.614,0.587,8875,10661,14484,0.0192182,0,0,0.0757,0.1468,0.3176,0.0738,0.01146,0.57516,0.12151,0.00527,0.30121,1.78813
247,335.4,2627372,180430,0.551,0.589,9384,10696,14519,0.019215,0,0,0.072,0.1446,0.2966,0.038,0.01153,0.57585,0.11914,0.00393,0.29833,1.76726
248,336.6,2638030,181165,0.647,0.607,8495,10658,14469,0.01921179,0,0,0.0747,0.1712,0.321,0.0803,0.01224,0.59437,0.12586,0.00219,0.31404,1.73589
249,338.0,2648732,181892,0.702,0.656,7882,10702,14514,0.01920859,0,0,0.079,0.1629,0.3741,0.0856,0.01233,0.64252,0.11906,0.00327,0.29765,1.71929
250,339.4,2659386,182639,0.723,0.656,7724,10654,14486,0.01920538,0,0,0.0814,0.1726,0.3758,0.0935,0.01244,0.64286,0.11992,0.00477,0.29833,1.77122
251,340.7,2670102,183385,0.707,0.655,7864,10716,14526,0.01920218,0,0,0.0875,0.1783,0.3911,0.0503,0.01323,0.64118,0.1216,0.00392,0.30246,1.74715
252,342.1,2680822,184123,0.66,0.607,8463,10720,14474,0.01919897,0,0,0.0786,0.1671,0.3383,0.0757,0.01212,0.59422,0.12456,0.00233,0.30791,1.65192
253,343.3,2691540,184843,0.587,0.603,9003,10718,14488,0.01919575,0,0,0.0762,0.1494,0.3197,0.0421,0.01179,0.59037,0.12933,0.00086,0.32066,1.65977
254,344.6,2702268,185580,0.62,0.612,8704,10728,14502,0.01919254,0,0,0.0755,0.146,0.3226,0.0762,0.01184,0.59974,0.13324,-0.00052,0.33173,1.67237
255,345.9,2712986,186297,0.653,0.654,8200,10718,14467,0.01918932,0,0,0.0815,0.1601,0.3655,0.0463,0.01189,0.641,0.11972,-0.0002,0.30255,1.63376
256,347.2,2723705,187047,0.718,0.657,7797,10719,14503,0.0191861,0,0,0.0848,0.1706,0.366,0.0965,0.01335,0.64165,0.12409,0.00143,0.3081,1.63569
257,348.8,2734397,187782,0.904,0.613,7048,10692,14452,0.01918289,0,0,0.092,0.2056,0.4127,0.1932,0.0136,0.59846,0.13342,0.0003,0.32754,1.59791
258,350.1,2745120,188532,0.692,0.609,8242,10723,14520,0.01917968,0,0,0.0781,0.1886,0.3301,0.0957,0.01229,0.59524,0.13424,-0.00117,0.33065,1.55948
259,351.4,2755823,189273,0.722,0.606,8055,10703,14465,0.01917646,0,0,0.0863,0.1858,0.3773,0.0729,0.01234,0.59321,0.13672,0.00034,0.33314,1.57444
260,352.7,2766534,190018,0.754,0.605,7879,10711,14492,0.01917325,0,0,0.0871,0.1887,0.3916,0.0867,0.01231,0.59212,0.13111,-0.00122,0.3242,1.55259
261,354.0,2777252,190768,0.663,0.604,8458,10718,14500,0.01917004,0,0,0.0862,0.173,0.3388,0.0653,0.01272,0.5904,0.1278,0.00305,0.30934,1.56108
262,355.3,2787973,191510,0.65,0.606,8537,10721,14491,0.01916682,0,0,0.0772,0.1645,0.3278,0.0801,0.01257,0.59282,0.12889,0.00069,0.31608,1.55664
263,356.6,2798659,192253,0.698,0.604,8211,10686,14457,0.01916361,0,0,0.0816,0.163,0.3552,0.0977,0.01176,0.59118,0.13758,0.0022,0.32845,1.5055
264,357.9,2809370,193012,0.715,0.605,8112,10711,14491,0.0191604,0,0,0.0847,0.1804,0.3544,0.0957,0.0125,0.5916,0.13275,0.00139,0.32052,1.50861
265,359.2,2820085,193765,0.723,0.607,8058,10715,14486,0.01915719,0,0,0.085,0.1763,0.3588,0.1028,0.01267,0.59328,0.13813,0.00176,0.33066,1.51159
266,360.5,2830745,194515,0.657,0.605,8445,10660,14444,0.01915397,0,0,0.0836,0.1694,0.354,0.0503,0.0124,0.59175,0.13123,0.0044,0.31155,1.5113
267,361.8,2841464,195262,0.688,0.593,8372,10719,14490,0.01915078,0,0,0.0771,0.1655,0.3337,0.1115,0.01208,0.57949,0.12902,0.00255,0.31108,1.51821
268,363.0,2852221,196018,0.684,0.592,8433,10757,14507,0.01914756,0,0,0.081,0.1895,0.349,0.0644,0.01185,0.57868,0.12547,0.00059,0.3079,1.51805
269,364.3,2862908,196771,0.699,0.588,8305,10687,14455,0.01914433,0,0,0.0865,0.1792,0.3359,0.0973,0.01167,0.5755,0.12061,-0.00028,0.29734,1.45101
270,365.6,2873628,197529,0.684,0.592,8404,10720,14489,0.01914113,0,0,0.0811,0.1848,0.3546,0.0631,0.01333,0.57768,0.13412,0.00057,0.32561,1.52813
271,366.9,2884280,198283,0.685,0.591,8348,10652,14414,0.01913791,0,0,0.0812,0.1652,0.3402,0.0982,0.01179,0.57857,0.11819,0.00086,0.2932,1.52943
272,368.1,2894997,199049,0.655,0.595,8575,10717,14470,0.01913472,0,0,0.0787,0.179,0.3397,0.0574,0.0125,0.58108,0.13362,0.00183,0.32033,1.48278
273,369.5,2905656,199811,0.736,0.594,8014,10659,14425,0.0191315,0,0,0.0809,0.1703,0.3307,0.1543,0.01227,0.5807,0.12648,-0.00112,0.31271,1.503
274,370.8,2916311,200585,0.713,0.59,8175,10655,14448,0.0191283,0,0,0.0927,0.1907,0.3495,0.0804,0.01185,0.5773,0.12959,0.00098,0.31489,1.50766
275,372.0,2926980,201342,0.687,0.589,8364,10669,14440,0.01912511,0,0,0.0811,0.166,0.3282,0.1114,0.01179,0.57619,0.14428,0.00483,0.33687,1.51533
276,373.3,2937661,202096,0.635,0.59,8720,10681,14430,0.01912191,0,0,0.0774,0.1657,0.3216,0.07,0.01317,0.57599,0.1415,-0.00042,0.3424,1.53102
277,374.5,2948291,202862,0.622,0.589,8777,10630,14419,0.0191187,0,0,0.0752,0.1559,0.3101,0.0808,0.01262,0.57586,0.14235,0.00166,0.34159,1.57481
278,375.8,2958917,203626,0.725,0.591,8079,10626,14381,0.01911551,0,0,0.0861,0.2032,0.3746,0.0607,0.01293,0.5768,0.14051,0.00433,0.33061,1.52373
279,377.1,2969568,204366,0.657,0.652,8133,10651,14418,0.01911232,0,0,0.0796,0.1635,0.3317,0.0826,0.01149,0.63975,0.14182,0.00128,0.33925,1.52172
280,378.4,2980239,205141,0.686,0.657,7949,10671,14448,0.01910913,0,0,0.0838,0.1689,0.3755,0.0575,0.0127,0.6428,0.13154,0.00204,0.31654,1.5058
281,379.8,2990900,205895,0.707,0.657,7821,10661,14432,0.01910593,0,0,0.0804,0.1623,0.3674,0.0965,0.01398,0.64179,0.13844,0.00094,0.33055,1.4537
282,381.1,3001610,206650,0.671,0.623,8279,10710,14447,0.01910273,0,0,0.0827,0.1586,0.3616,0.0682,0.01298,0.60853,0.13042,-0.00107,0.31939,1.47606
283,382.4,3012330,207404,0.644,0.603,8595,10720,14472,0.01909952,0,0,0.0782,0.1458,0.3285,0.0916,0.01219,0.59005,0.12859,0.0014,0.31117,1.48646
284,383.6,3022985,208169,0.635,0.608,8576,10655,14423,0.0190963,0,0,0.0836,0.1593,0.3271,0.0649,0.0121,0.5938,0.14519,0.00301,0.34215,1.51318
285,384.9,3033652,208911,0.694,0.596,8273,10667,14414,0.0190931,0,0,0.0819,0.1693,0.3452,0.0971,0.01245,0.58224,0.13215,0.00437,0.31232,1.48639
286,386.1,3044302,209670,0.581,0.592,9074,10650,14442,0.0190899,0,0,0.069,0.1516,0.3013,0.0596,0.01163,0.57993,0.13084,0.00093,0.31823,1.52956
287,387.2,3054963,210426,0.577,0.589,9143,10661,14424,0.01908671,0,0,0.071,0.1289,0.284,0.0931,0.0108,0.57716,0.13276,0.00362,0.3166,1.5276
288,388.4,3065623,211173,0.57,0.591,9181,10660,14446,0.01908351,0,0,0.0707,0.145,0.2959,0.0584,0.01183,0.57833,0.13555,0.00028,0.32892,1.52951
289,389.6,3076314,211918,0.658,0.593,8550,10691,14483,0.01908031,0,0,0.0789,0.1568,0.3145,0.1077,0.01219,0.57946,0.13741,0.00201,0.32923,1.53099
290,390.8,3087005,212672,0.591,0.59,9048,10691,14433,0.01907711,0,0,0.0774,0.1498,0.304,0.06,0.01171,0.57804,0.146,0.00343,0.34294,1.51469
291,392.1,3097633,213430,0.653,0.591,8545,10628,14407,0.0190739,0,0,0.0781,0.1549,0.3116,0.1082,0.01168,0.57862,0.12666,-6e-05,0.3123,1.54307
292,393.3,3108300,214182,0.681,0.591,8391,10667,14421,0.01907071,0,0,0.0922,0.1831,0.349,0.0563,0.01213,0.57729,0.14035,0.00178,0.33605,1.54435
293,394.7,3118986,214937,0.745,0.592,7991,10686,14443,0.01906751,0,0,0.0863,0.188,0.3554,0.1153,0.01236,0.57893,0.13936,5e-05,0.33807,1.55862
294,396.0,3129680,215704,0.729,0.594,8086,10694,14452,0.0190643,0,0,0.0978,0.2157,0.3425,0.0726,0.01297,0.57978,0.12848,-0.00156,0.31932,1.55396
295,397.4,3140330,216447,0.787,0.592,7717,10650,14388,0.0190611,0,0,0.0923,0.2052,0.376,0.1139,0.01293,0.57859,0.1233,0.0005,0.30436,1.54125
296,398.7,3150991,217235,0.765,0.591,7865,10661,14433,0.0190579,0,0,0.0885,0.2207,0.3781,0.0774,0.01233,0.5778,0.13183,0.00202,0.3192,1.56326
297,400.0,3161621,218001,0.656,0.59,8531,10630,14364,0.0190547,0,0,0.0771,0.1729,0.3186,0.0879,0.01164,0.57682,0.14466,0.00088,0.34544,1.51917
298,401.2,3172292,218764,0.601,0.593,8937,10671,14415,0.01905151,0,0,0.0758,0.1602,0.3081,0.057,0.01193,0.58057,0.14113,0.00237,0.33757,1.57585
299,402.4,3182950,219530,0.607,0.596,8863,10658,14403,0.01904831,0,0,0.0695,0.1375,0.2981,0.1018,0.01201,0.58245,0.14457,0.00148,0.34667,1.5878
300,403.7,3193581,220287,0.713,0.603,8080,10631,14395,0.01904512,0,0,0.0886,0.1831,0.3646,0.0762,0.01202,0.59024,0.139,-0.00082,0.33935,1.56783
301,405.0,3204285,221052,0.721,0.598,8118,10704,14423,0.01904193,0,0,0.0887,0.1816,0.3523,0.0982,0.01247,0.58457,0.14627,5e-05,0.34947,1.49725
302,406.3,3214983,221816,0.564,0.597,9209,10698,14394,0.01903871,0,0,0.0726,0.141,0.3032,0.0476,0.01293,0.58351,0.15097,0.00709,0.34345,1.46204
303,407.5,3225733,222580,0.599,0.597,8989,10750,14422,0.01903551,0,0,0.0711,0.139,0.3029,0.0858,0.01222,0.58387,0.14712,0.00032,0.34881,1.45004
304,408.7,3236429,223340,0.587,0.608,8945,10696,14393,0.01903228,0,0,0.0691,0.1456,0.3168,0.0559,0.01235,0.5952,0.14249,-0.00158,0.34337,1.45132
305,410.0,3247125,224103,0.706,0.639,7948,10696,14400,0.01902907,0,0,0.0823,0.166,0.3676,0.0905,0.01305,0.62524,0.1397,0.00054,0.33291,1.4346
306,411.5,3257835,224873,0.87,0.637,7110,10710,14421,0.01902586,0,0,0.0913,0.2216,0.4891,0.0676,0.01206,0.62382,0.14536,-0.00164,0.34745,1.40496
307,413.0,3268561,225636,0.793,0.641,7484,10726,14405,0.01902265,0,0,0.0956,0.1969,0.4018,0.0982,0.01204,0.62764,0.16082,0.00447,0.36597,1.40008
308,414.3,3279252,226404,0.688,0.641,8045,10691,14400,0.01901943,0,0,0.0844,0.173,0.3706,0.0602,0.01314,0.62666,0.14459,0.00019,0.34378,1.44561
309,415.6,3289968,227148,0.704,0.605,8182,10716,14385,0.01901622,0,0,0.0902,0.1762,0.3682,0.0698,0.0119,0.59245,0.14729,-0.00191,0.35359,1.45112
310,416.8,3300682,227898,0.613,0.603,8812,10714,14408,0.01901301,0,0,0.0759,0.1559,0.3296,0.0518,0.01289,0.58901,0.142,-0.00021,0.34091,1.48519
311,418.0,3311421,228640,0.608,0.598,8902,10739,14434,0.0190098,0,0,0.0711,0.137,0.3083,0.092,0.01309,0.58347,0.14753,0.00097,0.35078,1.5161
312,419.4,3322158,229381,0.758,0.597,7929,10737,14430,0.01900657,0,0,0.0827,0.1947,0.3394,0.1409,0.01187,0.58385,0.16053,-0.0001,0.37834,1.5012
313,420.6,3332912,230123,0.611,0.596,8911,10754,14439,0.01900335,0,0,0.0745,0.1462,0.3041,0.0863,0.01223,0.58264,0.14763,0.00111,0.35056,1.51342
314,421.7,3343608,230858,0.541,0.593,9431,10696,14388,0.01900013,0,0,0.0688,0.1286,0.3,0.0434,0.01191,0.58062,0.14924,0.00527,0.34498,1.50099
315,422.9,3354383,231585,0.576,0.595,9197,10775,14478,0.01899692,0,0,0.0682,0.1272,0.2971,0.0836,0.01351,0.58099,0.14865,0.0014,0.3524,1.52391
316,424.1,3365196,232303,0.575,0.596,9227,10813,14503,0.01899369,0,0,0.0732,0.143,0.3143,0.0449,0.01183,0.58386,0.13544,-0.001,0.33231,1.5645
317,425.2,3375959,233050,0.569,0.591,9285,10763,14477,0.01899044,0,0,0.074,0.1373,0.2983,0.0589,0.01274,0.57729,0.131,0.0043,0.31184,1.53884
318,426.4,3386713,233789,0.554,0.59,9396,10754,14455,0.01898721,0,0,0.0703,0.1377,0.3002,0.0459,0.01188,0.57771,0.15708,0.00327,0.36612,1.5405
319,427.5,3397479,234539,0.589,0.589,9143,10766,14461,0.01898399,0,0,0.0708,0.1459,0.2891,0.0831,0.01198,0.57601,0.15146,0.00122,0.35813,1.51838
320,428.7,3408229,235284,0.542,0.593,9473,10750,14472,0.01898076,0,0,0.0701,0.1348,0.2958,0.041,0.01191,0.58023,0.15161,0.00225,0.35757,1.55018
321,429.8,3418978,236021,0.534,0.589,9577,10749,14459,0.01897753,0,0,0.0648,0.1337,0.2828,0.0524,0.01137,0.57664,0.14594,-0.00099,0.35062,1.49554
322,431.0,3429761,236764,0.602,0.59,9044,10783,14463,0.01897431,0,0,0.0767,0.1573,0.3196,0.0486,0.01132,0.57798,0.14859,0.00026,0.3532,1.4899
323,432.2,3440520,237495,0.605,0.591,8998,10759,14442,0.01897107,0,0,0.0711,0.1429,0.3117,0.0794,0.01221,0.57778,0.15011,0.00292,0.35235,1.5279
324,433.3,3451304,238252,0.535,0.587,9610,10784,14486,0.01896784,0,0,0.0677,0.134,0.2918,0.0411,0.01158,0.57469,0.13503,-0.00096,0.33065,1.54647
325,434.5,3462086,238987,0.639,0.593,8749,10782,14458,0.01896461,0,0,0.072,0.1557,0.3041,0.107,0.01251,0.57906,0.14465,0.00057,0.34847,1.59036
326,435.8,3472879,239728,0.684,0.59,8475,10793,14501,0.01896137,0,0,0.0726,0.163,0.2976,0.1507,0.01253,0.57623,0.14941,0.00212,0.35327,1.54787
327,437.0,3483677,240467,0.571,0.59,9300,10798,14503,0.01895814,0,0,0.0713,0.1362,0.291,0.0729,0.01203,0.57676,0.13996,-0.00019,0.33908,1.55066
328,438.1,3494481,241208,0.556,0.588,9443,10804,14498,0.0189549,0,0,0.0703,0.1359,0.2948,0.0548,0.01103,0.57634,0.14333,0.00016,0.34396,1.51996
329,439.3,3505229,241928,0.614,0.59,8924,10748,14426,0.01895166,0,0,0.0757,0.1619,0.3175,0.059,0.01253,0.57677,0.14589,0.00267,0.34395,1.51681
330,440.6,3515972,242660,0.678,0.599,8413,10743,14439,0.01894843,0,0,0.0833,0.1908,0.3395,0.0644,0.01237,0.58579,0.14152,-0.00093,0.34211,1.5098
331,441.9,3526787,243389,0.665,0.622,8400,10815,14543,0.01894521,0,0,0.0764,0.1567,0.3519,0.08,0.0119,0.60996,0.14711,0.0059,0.33961,1.50937
332,443.1,3537593,244128,0.59,0.628,8871,10806,14522,0.01894196,0,0,0.0744,0.1513,0.3277,0.0368,0.01093,0.61566,0.14805,0.0014,0.35088,1.51985
333,444.3,3548399,244890,0.596,0.617,8908,10806,14503,0.01893872,0,0,0.072,0.1401,0.3285,0.0558,0.01111,0.60479,0.14844,0.00204,0.35164,1.55353
334,445.6,3559210,245619,0.628,0.619,8673,10811,14510,0.01893548,0,0,0.0772,0.1581,0.3462,0.0464,0.01201,0.60589,0.14743,0.00093,0.35213,1.5612
335,446.8,3569979,246377,0.636,0.616,8599,10769,14456,0.01893224,0,0,0.0769,0.1494,0.3373,0.0728,0.01276,0.60243,0.13853,0.0003,0.33649,1.5855
336,448.1,3580773,247111,0.62,0.622,8691,10794,14483,0.01892901,0,0,0.0723,0.1532,0.3497,0.0449,0.01156,0.6096,0.15704,0.00661,0.36083,1.58418
337,449.2,3591501,247823,0.498,0.595,9821,10728,14424,0.01892577,0,0,0.0596,0.1015,0.2911,0.0454,0.01053,0.58374,0.12946,-0.00026,0.32057,1.615
338,450.2,3602301,248548,0.455,0.598,10251,10800,14517,0.01892255,0,0,0.0568,0.099,0.2663,0.0331,0.01122,0.58658,0.1404,0.00083,0.3399,1.60546
339,451.3,3613049,249284,0.457,0.601,10158,10748,14446,0.01891931,0,0,0.0499,0.0884,0.2582,0.0603,0.0104,0.59023,0.13296,-0.00204,0.32948,1.57185
340,452.3,3623805,249999,0.447,0.603,10248,10756,14472,0.01891609,0,0,0.0541,0.0945,0.2659,0.0325,0.01074,0.59138,0.12697,0.0005,0.3145,1.62724
341,453.4,3634597,250726,0.455,0.602,10210,10792,14488,0.01891286,0,0,0.0528,0.0918,0.2645,0.0455,0.01077,0.59071,0.1347,-0.0006,0.33111,1.60013
342,454.5,3645347,251450,0.47,0.6,10048,10750,14455,0.01890962,0,0,0.0566,0.1051,0.2784,0.0299,0.01072,0.58854,0.14488,0.00283,0.34521,1.61607
343,455.6,3656119,252188,0.499,0.603,9773,10772,14463,0.0189064,0,0,0.0565,0.0997,0.2813,0.0614,0.01065,0.59208,0.13536,0.00298,0.32469,1.58453
344,456.6,3666872,252908,0.448,0.601,10248,10753,14451,0.01890316,0,0,0.0522,0.0948,0.2696,0.0315,0.01151,0.58901,0.12859,-0.00019,0.31714,1.57608
345,457.7,3677666,253644,0.539,0.605,9429,10794,14513,0.01889994,0,0,0.0617,0.1173,0.3018,0.0587,0.01195,0.59273,0.13395,0.0005,0.32631,1.57166
346,458.8,3688456,254374,0.461,0.605,10124,10790,14503,0.0188967,0,0,0.0556,0.1003,0.2682,0.037,0.01238,0.59183,0.13869,0.00332,0.32857,1.53029
347,459.9,3699250,255095,0.507,0.609,9669,10794,14495,0.01889346,0,0,0.0581,0.1033,0.2799,0.066,0.01017,0.59828,0.14767,0.00763,0.3388,1.55387
348,461.0,3710046,255816,0.48,0.605,9947,10796,14534,0.01889023,0,0,0.0602,0.1024,0.2822,0.0352,0.01113,0.59364,0.14275,0.00697,0.32962,1.53706
349,462.2,3720830,256543,0.521,0.614,9502,10784,14500,0.01888699,0,0,0.0604,0.1074,0.2884,0.0646,0.0129,0.60042,0.13589,-0.00132,0.33198,1.52373
350,463.3,3731623,257253,0.557,0.612,9230,10793,14515,0.01888375,0,0,0.0673,0.1357,0.3135,0.0405,0.01252,0.59901,0.13602,0.00489,0.32031,1.53704
351,464.5,3742451,257957,0.558,0.606,9302,10828,14519,0.01888051,0,0,0.0625,0.1141,0.3122,0.0689,0.01068,0.59513,0.13929,0.00595,0.32327,1.49859
352,465.7,3753251,258687,0.488,0.608,9853,10800,14454,0.01887726,0,0,0.0611,0.1051,0.2888,0.0335,0.01073,0.59621,0.13639,0.0015,0.32529,1.47053
353,466.8,3764083,259405,0.509,0.61,9687,10832,14486,0.01887402,0,0,0.059,0.1038,0.2825,0.0633,0.01188,0.59712,0.1439,-0.00052,0.34437,1.47104
354,467.9,3774931,260116,0.486,0.604,9951,10848,14522,0.01887078,0,0,0.0598,0.1093,0.284,0.0329,0.01127,0.5922,0.15096,0.00362,0.35075,1.48564
355,469.0,3785743,260827,0.503,0.608,9731,10812,14483,0.01886752,0,0,0.0598,0.1047,0.2763,0.0621,0.01115,0.59635,0.13967,0.00087,0.33422,1.5003
356,470.1,3796547,261538,0.479,0.606,9956,10804,14475,0.01886428,0,0,0.0608,0.1017,0.282,0.0346,0.01146,0.59392,0.14575,0.00106,0.3454,1.48427
357,471.2,3807383,262259,0.495,0.609,9817,10836,14504,0.01886104,0,0,0.0578,0.0987,0.277,0.0612,0.0102,0.59827,0.13902,-0.00226,0.33817,1.47403
358,472.4,3818244,262966,0.62,0.615,8796,10861,14520,0.01885779,0,0,0.0661,0.1332,0.298,0.1223,0.01169,0.60212,0.13269,-0.00167,0.32412,1.4689
359,473.6,3829070,263670,0.541,0.613,9377,10826,14494,0.01885453,0,0,0.0601,0.1163,0.2946,0.0706,0.01068,0.6015,0.14569,-0.00191,0.34995,1.45184
360,474.8,3839939,264399,0.652,0.613,8593,10869,14510,0.01885128,0,0,0.0747,0.1572,0.3337,0.0864,0.0116,0.60023,0.14254,-0.00078,0.34138,1.4519
361,476.1,3850779,265119,0.667,0.611,8483,10840,14524,0.01884802,0,0,0.0776,0.1569,0.3477,0.0846,0.01216,0.59805,0.14685,0.00194,0.34332,1.4192
362,477.3,3861655,265842,0.614,0.613,8863,10876,14541,0.01884477,0,0,0.0761,0.1566,0.3398,0.0415,0.01223,0.60014,0.13651,0.00098,0.3241,1.40754
363,478.6,3872508,266561,0.69,0.61,8350,10853,14526,0.0188415,0,0,0.0816,0.1748,0.3488,0.0849,0.01243,0.5964,0.13654,-0.00326,0.33255,1.40536
364,479.9,3883330,267293,0.61,0.612,8857,10822,14499,0.01883825,0,0,0.0796,0.1518,0.3378,0.0407,0.01131,0.5998,0.13913,-0.00132,0.33346,1.39516
365,481.1,3894164,268026,0.665,0.613,8478,10834,14460,0.018835,0,0,0.0787,0.156,0.3408,0.0892,0.01211,0.60024,0.14071,-0.0021,0.33784,1.38619
366,482.5,3905004,268752,0.703,0.612,8244,10840,14497,0.01883175,0,0,0.0814,0.1623,0.3446,0.1151,0.01152,0.59922,0.14353,-0.00104,0.34026,1.35747
367,483.7,3915835,269493,0.591,0.614,8986,10831,14504,0.0188285,0,0,0.0721,0.1367,0.3121,0.0706,0.01163,0.60144,0.13132,-0.00225,0.31816,1.35465
368,484.9,3926653,270227,0.576,0.611,9113,10818,14473,0.01882525,0,0,0.0734,0.1372,0.3275,0.0381,0.01148,0.59859,0.13761,-0.00063,0.32693,1.33993
369,486.1,3937512,270955,0.607,0.612,8911,10859,14537,0.018822,0,0,0.0738,0.1361,0.3266,0.0704,0.01193,0.59915,0.14655,0.0016,0.34039,1.34141
370,487.2,3948338,271687,0.524,0.609,9559,10826,14491,0.01881875,0,0,0.066,0.1197,0.3004,0.0374,0.01161,0.59673,0.14101,0.00047,0.33152,1.34047
371,488.4,3959188,272404,0.574,0.61,9161,10850,14484,0.0188155,0,0,0.0674,0.1188,0.323,0.0648,0.01099,0.59837,0.1506,0.00118,0.34993,1.35738
372,489.6,3970060,273129,0.57,0.619,9149,10872,14529,0.01881224,0,0,0.07,0.1329,0.3126,0.0541,0.0122,0.60492,0.12848,-0.00453,0.31723,1.36149
373,490.9,3980911,273847,0.716,0.61,8182,10851,14514,0.01880898,0,0,0.0829,0.1851,0.3642,0.084,0.01263,0.59647,0.15722,0.00166,0.36346,1.39156
374,492.2,3991765,274567,0.683,0.608,8411,10854,14513,0.01880573,0,0,0.0727,0.156,0.3301,0.1241,0.01157,0.59514,0.12136,-0.00118,0.29637,1.36395
375,493.7,4002615,275289,0.65,0.85,7236,10850,14511,0.01880247,0,0,0.075,0.154,0.344,0.0769,0.01173,0.83675,0.13826,0.0014,0.3254,1.37432
376,495.0,4013468,276018,0.63,0.646,8503,10853,14521,0.01879922,0,0,0.0773,0.1522,0.355,0.0453,0.01229,0.63351,0.1272,0.00081,0.30509,1.39148
377,496.2,4024310,276739,0.587,0.654,8738,10842,14508,0.01879596,0,0,0.07,0.1287,0.3256,0.0628,0.01018,0.64283,0.12891,0.0018,0.30602,1.3779
378,497.4,4035192,277463,0.493,0.639,9615,10882,14550,0.01879271,0,0,0.0626,0.1114,0.2881,0.031,0.01113,0.62682,0.14825,0.0078,0.33268,1.37789
379,498.5,4046035,278190,0.479,0.642,9675,10843,14496,0.01878944,0,0,0.0528,0.0955,0.273,0.0579,0.01094,0.62971,0.14077,0.00559,0.32265,1.3909
380,499.6,4056868,278908,0.533,0.635,9271,10833,14501,0.01878619,0,0,0.0611,0.1199,0.316,0.036,0.0111,0.62346,0.13022,0.00059,0.3094,1.33406
381,500.8,4067700,279641,0.534,0.642,9214,10832,14501,0.01878294,0,0,0.0605,0.1056,0.3052,0.0627,0.01117,0.62988,0.13377,0.00101,0.31565,1.33443
382,502.0,4078518,280370,0.523,0.639,9309,10818,14472,0.01877969,0,0,0.0632,0.1129,0.3138,0.0332,0.01132,0.62702,0.12695,0.00094,0.30063,1.29398
383,503.2,4089310,281093,0.534,0.641,9185,10792,14451,0.01877644,0,0,0.0602,0.1158,0.2881,0.0695,0.01189,0.62851,0.13142,0.0022,0.30647,1.27876
384,504.4,4100138,281821,0.6,0.645,8699,10828,14504,0.01877321,0,0,0.0672,0.1281,0.3277,0.0774,0.01205,0.63171,0.1341,-0.00205,0.31991,1.26785
385,505.6,4110948,282551,0.561,0.637,9028,10810,14457,0.01876996,0,0,0.0622,0.1332,0.298,0.0672,0.01134,0.62491,0.13356,0.00152,0.31114,1.25333
386,506.8,4121773,283272,0.54,0.637,9193,10825,14478,0.01876672,0,0,0.0652,0.1249,0.3141,0.0363,0.01152,0.62487,0.12768,0.00189,0.29837,1.24662
387,508.0,4132596,284005,0.56,0.641,9019,10823,14494,0.01876347,0,0,0.0608,0.1185,0.3004,0.0798,0.01142,0.6282,0.1371,0.00039,0.3193,1.22257
388,509.1,4143380,284729,0.508,0.64,9398,10784,14453,0.01876022,0,0,0.0629,0.118,0.2946,0.0325,0.0108,0.62813,0.12924,-0.00103,0.30708,1.24027
389,510.3,4154206,285482,0.539,0.644,9156,10826,14464,0.01875699,0,0,0.0642,0.1115,0.2879,0.0751,0.01112,0.63182,0.1332,0.00062,0.31111,1.2248
390,511.5,4164969,286211,0.541,0.64,9114,10763,14440,0.01875374,0,0,0.0633,0.1189,0.3063,0.0529,0.01107,0.6278,0.12173,0.00143,0.28606,1.21169
391,512.7,4175839,286951,0.541,0.642,9189,10870,14516,0.01875051,0,0,0.0606,0.1084,0.3062,0.0661,0.012,0.62891,0.1267,-0.00428,0.30799,1.22733
392,513.8,4186659,287688,0.526,0.644,9246,10820,14493,0.01874725,0,0,0.065,0.1222,0.3023,0.0366,0.01147,0.63205,0.11729,-0.0013,0.28471,1.26749
393,515.0,4197507,288413,0.559,0.643,9028,10848,14497,0.018744,0,0,0.0613,0.115,0.3187,0.0634,0.01105,0.63133,0.11796,-0.00164,0.28732,1.28374
394,516.2,4208393,289144,0.511,0.641,9453,10886,14567,0.01874075,0,0,0.0616,0.1145,0.2982,0.0363,0.01067,0.6296,0.12423,0.0017,0.29264,1.26921
395,517.4,4219292,289869,0.564,0.644,9021,10899,14588,0.01873748,0,0,0.0666,0.1199,0.3055,0.072,0.01142,0.63106,0.12365,0.00025,0.29429,1.2675
396,518.7,4230144,290607,0.671,0.643,8263,10852,14529,0.01873421,0,0,0.0717,0.1513,0.3225,0.1252,0.01298,0.62874,0.12957,0.00304,0.30136,1.2895
397,519.9,4240987,291337,0.582,0.636,8898,10843,14500,0.01873096,0,0,0.0699,0.1376,0.3044,0.0703,0.01093,0.62481,0.12395,-0.00044,0.29774,1.30683
398,521.1,4251814,292071,0.519,0.636,9379,10827,14519,0.0187277,0,0,0.0626,0.114,0.299,0.0431,0.01097,0.62416,0.12808,0.00065,0.30375,1.30537
399,522.3,4262726,292824,0.586,0.643,8878,10912,14589,0.01872446,0,0,0.0702,0.13,0.306,0.0799,0.01268,0.62969,0.11438,-0.00226,0.28222,1.30694
400,523.6,4273576,293557,0.609,0.642,8676,10850,14526,0.01872118,0,0,0.0783,0.1519,0.3314,0.0472,0.01122,0.62965,0.12075,0.00201,0.28594,1.29432
401,525.2,4284457,294284,0.657,0.636,8416,10881,14529,0.01871793,0,0,0.0814,0.1597,0.3295,0.0862,0.01143,0.62399,0.12754,-0.001,0.30614,1.31062
402,526.6,4295332,295020,0.631,0.64,8551,10875,14553,0.01871466,0,0,0.0757,0.1613,0.3445,0.05,0.01209,0.62743,0.12338,-0.00103,0.2978,1.30819
403,527.9,4306175,295755,0.665,0.64,8307,10843,14532,0.0187114,0,0,0.0842,0.1644,0.3343,0.0826,0.01177,0.62701,0.11887,-0.00087,0.2883,1.30474
404,529.3,4317000,296493,0.693,0.643,8104,10825,14491,0.01870815,0,0,0.0851,0.17,0.3361,0.1015,0.01176,0.6302,0.11497,-0.00232,0.28336,1.30344
405,530.5,4327877,297234,0.599,0.643,8758,10877,14550,0.0187049,0,0,0.0779,0.1449,0.3291,0.0467,0.01171,0.63076,0.11659,-0.00021,0.28132,1.27593
406,531.8,4338714,297955,0.663,0.644,8291,10837,14508,0.01870164,0,0,0.0769,0.1548,0.3301,0.1017,0.01221,0.63057,0.11321,-0.00012,0.2751,1.29497
407,533.1,4349591,298701,0.64,0.641,8491,10877,14546,0.01869839,0,0,0.0798,0.168,0.3364,0.0559,0.01184,0.62705,0.11296,-0.0013,0.27766,1.31418
408,534.4,4360465,299419,0.667,0.635,8351,10874,14558,0.01869512,0,0,0.0794,0.1735,0.3203,0.0939,0.01131,0.62291,0.11624,-0.00181,0.28548,1.32083
409,535.8,4371338,300162,0.736,0.645,7875,10873,14546,0.01869186,0,0,0.0851,0.1904,0.3827,0.0777,0.01331,0.63028,0.1182,-0.00078,0.28602,1.28523
410,537.2,4382227,300882,0.716,0.643,8013,10889,14568,0.0186886,0,0,0.0798,0.1752,0.3566,0.1046,0.01205,0.62982,0.11706,-9e-05,0.28379,1.32399
411,538.5,4393079,301605,0.73,0.644,7894,10852,14534,0.01868533,0,0,0.0847,0.1871,0.3975,0.0609,0.01212,0.63142,0.11539,0.00022,0.27936,1.31192
412,540.0,4403935,302324,0.826,0.649,7359,10856,14542,0.01868208,0,0,0.0892,0.2056,0.403,0.128,0.01208,0.63639,0.11334,-0.00473,0.2856,1.32354
413,541.5,4414816,303051,0.794,0.646,7553,10881,14577,0.01867882,0,0,0.0891,0.1967,0.3978,0.1104,0.01219,0.63285,0.12404,0.00137,0.29445,1.31502
414,542.9,4425654,303780,0.788,0.64,7590,10838,14537,0.01867556,0,0,0.0888,0.2058,0.3835,0.1097,0.01252,0.62644,0.11909,0.00026,0.28638,1.30418
415,544.3,4436505,304519,0.779,0.648,7608,10851,14545,0.0186723,0,0,0.0924,0.1822,0.4023,0.1017,0.01294,0.63376,0.11098,-0.0016,0.27343,1.29264
416,545.7,4447358,305239,0.731,0.657,7821,10853,14539,0.01866905,0,0,0.0891,0.1888,0.3736,0.0795,0.0145,0.6406,0.12426,-0.0017,0.29979,1.282
417,547.1,4458217,305954,0.789,0.654,7526,10859,14535,0.01866579,0,0,0.0922,0.1989,0.3857,0.1125,0.01366,0.63549,0.11744,0.00062,0.28035,1.25135
418,548.7,4469075,306711,0.903,0.663,6932,10858,14548,0.01866253,0,0,0.0881,0.242,0.3732,0.2002,0.01326,0.64826,0.11133,-0.00219,0.27371,1.25063
419,550.1,4479900,307439,0.735,0.649,7819,10825,14503,0.01865928,0,0,0.0819,0.1782,0.3671,0.1078,0.01209,0.63641,0.11369,-0.0006,0.27508,1.246
420,551.4,4490774,308164,0.648,0.646,8402,10874,14557,0.01865603,0,0,0.0822,0.1648,0.3505,0.0509,0.01327,0.63144,0.12101,-0.00206,0.29244,1.2407
421,552.7,4501639,308891,0.702,0.642,8083,10865,14576,0.01865277,0,0,0.0843,0.1633,0.3672,0.0873,0.01251,0.62864,0.13462,0.00081,0.31385,1.23913
422,554.0,4512497,309607,0.647,0.613,8620,10858,14535,0.01864951,0,0,0.0878,0.1678,0.3464,0.0446,0.01103,0.60082,0.13611,-0.00112,0.32003,1.22163
423,555.3,4523369,310326,0.646,0.623,8565,10872,14553,0.01864625,0,0,0.0762,0.1653,0.3327,0.0718,0.01162,0.61072,0.12484,-0.00136,0.29828,1.23069
424,556.7,4534239,311046,0.659,0.783,7539,10870,14549,0.01864299,0,0,0.0879,0.1784,0.3441,0.0483,0.05189,0.73033,0.1344,0.00199,0.30931,1.19335
425,558.0,4545123,311776,0.662,0.608,8568,10884,14570,0.01863973,0,0,0.0772,0.1559,0.3361,0.0929,0.01232,0.59381,0.12291,0.00055,0.28949,1.20118
426,559.3,4555967,312490,0.695,0.604,8345,10844,14555,0.01863646,0,0,0.0756,0.1695,0.3267,0.1233,0.01189,0.59161,0.12701,0.00365,0.29185,1.21078
427,560.5,4566875,313209,0.668,0.605,8574,10908,14599,0.01863321,0,0,0.0829,0.163,0.3369,0.0846,0.01177,0.59186,0.14102,0.01027,0.30552,1.18103
428,561.8,4577818,313911,0.624,0.605,8902,10943,14635,0.01862994,0,0,0.0793,0.1665,0.3343,0.044,0.01278,0.5915,0.13173,0.00222,0.30253,1.16801
429,563.1,4588761,314612,0.724,0.627,8103,10943,14638,0.01862665,0,0,0.0857,0.1782,0.3697,0.0899,0.01184,0.61378,0.12411,0.0023,0.28834,1.20045
430,564.4,4599678,315303,0.648,0.616,8636,10917,14599,0.01862337,0,0,0.0797,0.1651,0.3543,0.0492,0.01131,0.60357,0.13574,0.00751,0.30324,1.25563
431,565.7,4610563,315991,0.723,0.618,8119,10885,14574,0.0186201,0,0,0.0819,0.1737,0.3596,0.1079,0.01229,0.604,0.13059,0.00504,0.29674,1.22551
432,567.0,4621473,316694,0.609,0.611,8947,10910,14591,0.01861683,0,0,0.0784,0.1564,0.3324,0.0415,0.01178,0.59815,0.13677,0.00647,0.30665,1.23714
433,568.2,4632344,317384,0.631,0.61,8761,10871,14546,0.01861356,0,0,0.0741,0.1583,0.317,0.0813,0.01172,0.59729,0.13681,0.00448,0.31049,1.23094
434,569.4,4643248,318083,0.613,0.608,8933,10904,14593,0.0186103,0,0,0.0798,0.1552,0.3357,0.0424,0.01195,0.59483,0.12567,0.00386,0.28896,1.21815
435,570.7,4654174,318765,0.66,0.608,8619,10926,14609,0.01860703,0,0,0.0769,0.1527,0.3405,0.0895,0.0123,0.59406,0.12491,-0.0019,0.29909,1.2216
436,572.0,4665094,319455,0.686,0.608,8439,10920,14581,0.01860375,0,0,0.0795,0.181,0.3481,0.0771,0.01245,0.59494,0.14372,0.0043,0.32425,1.22068
437,573.3,4675986,320152,0.706,0.605,8306,10892,14612,0.01860047,0,0,0.091,0.1858,0.3466,0.083,0.01198,0.59176,0.13484,0.00502,0.30409,1.19465
438,574.6,4686898,320856,0.686,0.607,8439,10912,14634,0.0185972,0,0,0.0885,0.1867,0.3478,0.0627,0.01136,0.59427,0.12388,0.00426,0.2845,1.21642
439,576.0,4697835,321555,0.824,0.614,7603,10937,14625,0.01859393,0,0,0.1041,0.218,0.3964,0.1055,0.01261,0.5988,0.13258,0.00602,0.29766,1.1979
440,577.6,4708767,322251,0.919,0.616,7119,10932,14630,0.01859065,0,0,0.0968,0.2546,0.388,0.1798,0.01506,0.59966,0.13224,0.00664,0.29661,1.22153
441,578.9,4719727,322942,0.702,0.606,8379,10960,14641,0.01858737,0,0,0.0823,0.1727,0.3484,0.0984,0.01322,0.59209,0.1297,0.00162,0.30115,1.21057
442,580.1,4730636,323628,0.649,0.607,8690,10909,14618,0.01858408,0,0,0.0792,0.1738,0.3496,0.0462,0.01191,0.59354,0.13113,0.00076,0.30606,1.21957
443,581.4,4741524,324335,0.712,0.605,8266,10888,14553,0.01858081,0,0,0.0798,0.1853,0.3598,0.087,0.01161,0.59259,0.12618,2e-05,0.29761,1.2186
444,582.7,4752417,325053,0.675,0.605,8512,10893,14593,0.01857754,0,0,0.0817,0.175,0.3698,0.0484,0.01209,0.59164,0.11685,-0.00148,0.28137,1.2035
445,584.0,4763303,325731,0.686,0.607,8417,10886,14562,0.01857427,0,0,0.0851,0.1669,0.3436,0.0907,0.01174,0.59416,0.12288,0.00091,0.28863,1.20285
446,585.2,4774210,326426,0.61,0.607,8959,10907,14613,0.01857101,0,0,0.0763,0.1542,0.3356,0.0441,0.01232,0.59407,0.1296,0.00057,0.30188,1.17988
447,586.5,4785181,327123,0.641,0.605,8805,10971,14658,0.01856774,0,0,0.0757,0.1534,0.3295,0.0824,0.0117,0.59271,0.12514,0.00398,0.28608,1.17835
448,587.7,4796072,327816,0.626,0.607,8837,10891,14580,0.01856445,0,0,0.0819,0.1613,0.3353,0.0472,0.01154,0.59435,0.13288,0.0038,0.30124,1.16046
449,589.0,4806982,328518,0.64,0.605,8766,10910,14585,0.01856118,0,0,0.079,0.146,0.3273,0.0875,0.0117,0.59218,0.13113,0.00086,0.30429,1.17887
450,590.2,4817888,329217,0.668,0.605,8570,10906,14603,0.01855791,0,0,0.0881,0.1709,0.3492,0.0596,0.01244,0.59139,0.12511,-0.00153,0.29712,1.18103
451,591.6,4828816,329914,0.808,0.608,7720,10928,14619,0.01855463,0,0,0.0932,0.2063,0.4191,0.089,0.01212,0.59502,0.12407,0.00042,0.2911,1.18038
452,593.1,4839723,330599,0.66,0.612,8572,10907,14640,0.01855136,0,0,0.0812,0.1824,0.3479,0.0486,0.01201,0.59914,0.13451,0.00019,0.31501,1.24934
453,594.4,4850653,331278,0.707,0.602,8351,10930,14672,0.01854808,0,0,0.0834,0.1716,0.3614,0.0908,0.01226,0.58863,0.11823,0.0042,0.27661,1.30852
454,595.6,4861541,331970,0.634,0.601,8817,10888,14655,0.0185448,0,0,0.0775,0.1729,0.3399,0.0433,0.01154,0.58879,0.12657,0.00615,0.28962,1.31541
455,597.0,4872433,332671,0.754,0.602,8031,10892,14633,0.01854154,0,0,0.0842,0.1789,0.3887,0.102,0.01198,0.58955,0.12207,0.00087,0.29003,1.2849
456,598.3,4883347,333353,0.707,0.605,8320,10914,14656,0.01853827,0,0,0.0835,0.1771,0.3936,0.0527,0.01383,0.59027,0.12102,-0.00118,0.29283,1.30611
457,599.6,4894207,334049,0.71,0.6,8291,10860,14575,0.018535,0,0,0.081,0.1733,0.3744,0.0815,0.01313,0.58541,0.11389,0.00097,0.27494,1.32457
458,600.8,4905101,334760,0.653,0.595,8733,10894,14634,0.01853174,0,0,0.0815,0.1754,0.3523,0.0435,0.01168,0.58223,0.11665,0.0007,0.28106,1.32633
459,602.3,4916005,335444,0.678,0.596,8557,10904,14633,0.01852847,0,0,0.0817,0.1572,0.3378,0.1016,0.01182,0.58255,0.11851,-0.00093,0.28717,1.30308
460,603.6,4926898,336141,0.654,0.596,8712,10893,14648,0.0185252,0,0,0.0915,0.1759,0.3387,0.0481,0.01152,0.58403,0.12768,0.00375,0.29782,1.34875
461,604.8,4937759,336819,0.642,0.598,8759,10861,14576,0.01852193,0,0,0.0765,0.1607,0.3203,0.0846,0.0128,0.58438,0.12721,-0.00137,0.30445,1.27633
462,606.0,4948599,337536,0.614,0.593,8978,10840,14596,0.01851867,0,0,0.074,0.1595,0.3252,0.0553,0.01119,0.58137,0.1166,-0.002,0.28462,1.28058
463,607.3,4959469,338251,0.637,0.595,8825,10870,14610,0.01851542,0,0,0.0795,0.1561,0.3214,0.0796,0.01221,0.58209,0.12087,0.00417,0.28074,1.27836
464,608.5,4970333,338946,0.607,0.597,9025,10864,14629,0.01851216,0,0,0.0764,0.1517,0.3264,0.0526,0.01203,0.58332,0.12033,0.00245,0.28408,1.30526
465,609.7,4981212,339640,0.618,0.596,8955,10879,14612,0.0185089,0,0,0.0735,0.1473,0.3105,0.0871,0.01176,0.58368,0.14155,0.00101,0.32814,1.27112
466,610.9,4992080,340339,0.634,0.594,8856,10868,14596,0.01850564,0,0,0.0806,0.1571,0.3465,0.0493,0.01162,0.58121,0.12839,0.00348,0.29686,1.27071
467,612.2,5002906,341026,0.638,0.61,8670,10826,14549,0.01850238,0,0,0.0762,0.1477,0.3198,0.0946,0.01188,0.59754,0.12968,0.00165,0.3032,1.27389
468,613.5,5013751,341725,0.747,0.623,7915,10845,14581,0.01849913,0,0,0.0849,0.1901,0.3946,0.0772,0.01177,0.61053,0.12543,0.0034,0.29101,1.2689
469,615.0,5024601,342421,0.81,0.641,7475,10850,14621,0.01849587,0,0,0.0875,0.1953,0.3878,0.1397,0.01267,0.62647,0.1251,-0.00113,0.29957,1.27389
470,616.4,5035446,343106,0.793,0.637,7584,10845,14579,0.01849262,0,0,0.0972,0.2178,0.3838,0.0939,0.01276,0.62316,0.12725,0.00065,0.29967,1.25672
471,617.8,5046296,343799,0.723,0.631,8016,10850,14592,0.01848937,0,0,0.0868,0.1786,0.3607,0.0965,0.01297,0.61703,0.1184,7e-05,0.28396,1.27895
472,619.1,5057164,344490,0.692,0.612,8333,10868,14613,0.01848611,0,0,0.0858,0.1785,0.3705,0.057,0.01134,0.60019,0.13299,0.00833,0.2966,1.27883
473,620.3,5067985,345181,0.61,0.622,8783,10821,14567,0.01848285,0,0,0.0785,0.1502,0.3286,0.0531,0.01288,0.60818,0.11203,0.00209,0.26657,1.26328
474,621.6,5078832,345871,0.631,0.633,8577,10847,14585,0.0184796,0,0,0.0746,0.1534,0.3223,0.0812,0.01257,0.61995,0.12482,-0.00138,0.2994,1.2716
475,622.9,5089654,346560,0.688,0.636,8173,10822,14552,0.01847635,0,0,0.0818,0.1795,0.3738,0.0528,0.0114,0.62367,0.11789,0.00117,0.28156,1.30215
476,624.4,5100470,347263,0.923,0.619,7014,10816,14558,0.0184731,0,0,0.1043,0.2464,0.4645,0.1077,0.01248,0.6056,0.11557,0.00287,0.27206,1.26258
477,625.8,5111282,347961,0.706,0.617,8173,10812,14558,0.01846986,0,0,0.0824,0.1794,0.3802,0.0643,0.01242,0.60324,0.11704,0.00021,0.27999,1.25427
478,627.2,5122099,348653,0.821,0.621,7502,10817,14571,0.01846662,0,0,0.0967,0.2166,0.3988,0.1092,0.012,0.60775,0.11845,0.00176,0.2787,1.22736
479,628.5,5132965,349355,0.66,0.618,8504,10866,14620,0.01846337,0,0,0.0851,0.1753,0.3539,0.0453,0.01208,0.60486,0.12833,0.00149,0.29868,1.21852
480,629.8,5143821,350063,0.741,0.618,7988,10856,14588,0.01846011,0,0,0.0883,0.1855,0.3686,0.0986,0.01116,0.60598,0.12892,4e-05,0.30291,1.22265
481,631.1,5154665,350747,0.655,0.62,8502,10844,14584,0.01845685,0,0,0.085,0.1717,0.3497,0.0486,0.01281,0.6068,0.11085,0.00148,0.26649,1.2936
482,632.4,5165448,351454,0.651,0.617,8500,10783,14508,0.0184536,0,0,0.0779,0.1542,0.3403,0.079,0.01188,0.60428,0.12298,0.00015,0.29336,1.2925
483,633.7,5176240,352160,0.675,0.619,8343,10792,14533,0.01845037,0,0,0.0866,0.1749,0.3622,0.0511,0.01246,0.60528,0.12915,0.00017,0.30514,1.27824
484,635.0,5187055,352878,0.701,0.616,8212,10815,14541,0.01844713,0,0,0.0827,0.1782,0.3556,0.0848,0.01284,0.60188,0.11963,-0.00213,0.29137,1.29699
485,636.2,5197834,353569,0.599,0.614,8888,10779,14496,0.01844388,0,0,0.0752,0.1483,0.3281,0.0475,0.01189,0.60116,0.12972,0.00048,0.30672,1.30743
486,637.5,5208627,354251,0.668,0.616,8405,10793,14532,0.01844065,0,0,0.0791,0.1606,0.3403,0.0878,0.01251,0.60283,0.11265,-0.0047,0.28345,1.32167
487,638.7,5219431,354953,0.618,0.617,8752,10804,14532,0.01843741,0,0,0.0787,0.1537,0.334,0.0515,0.01257,0.60277,0.1236,-0.0007,0.29763,1.32983
488,640.1,5230258,355650,0.726,0.624,8019,10827,14543,0.01843417,0,0,0.0843,0.1838,0.3612,0.097,0.01273,0.60962,0.12431,0.0031,0.29184,1.34044
489,641.4,5241051,356354,0.696,0.618,8216,10793,14508,0.01843092,0,0,0.0791,0.1618,0.3569,0.0979,0.01147,0.60552,0.12416,0.00024,0.29677,1.3273
490,642.7,5251898,357055,0.673,0.62,8390,10847,14568,0.01842768,0,0,0.0791,0.1615,0.3355,0.0965,0.01238,0.60656,0.1242,-0.00172,0.30156,1.3491
491,643.9,5262658,357775,0.626,0.617,8658,10760,14526,0.01842443,0,0,0.0783,0.1551,0.3443,0.0484,0.01271,0.6032,0.12045,0.00242,0.28494,1.32589
492,645.2,5273439,358496,0.682,0.614,8315,10781,14489,0.0184212,0,0,0.0845,0.1613,0.3517,0.0847,0.01229,0.60118,0.1269,0.00285,0.29671,1.31915
493,646.5,5284237,359205,0.624,0.616,8705,10798,14520,0.01841797,0,0,0.0775,0.1558,0.3455,0.0456,0.01242,0.6026,0.12284,0.00025,0.29411,1.3285
494,647.7,5295064,359905,0.66,0.614,8497,10827,14548,0.01841473,0,0,0.0791,0.1588,0.3293,0.0933,0.01145,0.60169,0.10869,-0.00152,0.26933,1.3278
495,649.0,5305881,360625,0.63,0.619,8658,10817,14539,0.01841148,0,0,0.0778,0.1569,0.3433,0.0522,0.01248,0.60571,0.12497,-0.00212,0.30334,1.33531
496,650.4,5316687,361360,0.768,0.621,7779,10806,14541,0.01840824,0,0,0.0866,0.1881,0.3995,0.0937,0.01201,0.60745,0.12335,-0.00052,0.29591,1.30863
497,651.7,5327541,362050,0.717,0.635,8029,10854,14568,0.01840499,0,0,0.0872,0.1832,0.3537,0.0925,0.01234,0.622,0.12074,0.00023,0.29091,1.35546
498,653.1,5338306,362755,0.743,0.623,7881,10765,14523,0.01840174,0,0,0.086,0.1751,0.3873,0.0949,0.01186,0.60961,0.11466,9e-05,0.28167,1.42739
499,654.4,5349148,363461,0.704,0.623,8173,10842,14570,0.01839851,0,0,0.0944,0.1938,0.3647,0.051,0.01234,0.60963,0.11487,0.00469,0.27183,1.39857
500,655.7,5359978,364173,0.666,0.62,8422,10830,14568,0.01839526,0,0,0.0781,0.1646,0.3389,0.0843,0.01217,0.60676,0.11535,-0.00081,0.28296,1.37595
501,657.0,5370755,364880,0.625,0.615,8689,10777,14525,0.01839201,0,0,0.0748,0.1609,0.3389,0.0503,0.01187,0.60283,0.11238,-0.00139,0.2794,1.40961
502,658.4,5381568,365584,0.69,0.616,8281,10813,14614,0.01838877,0,0,0.0775,0.1617,0.3524,0.098,0.01168,0.60225,0.10555,-0.0029,0.27133,1.47986
503,659.6,5392350,366285,0.625,0.618,8671,10782,14581,0.01838553,0,0,0.0773,0.1626,0.339,0.0462,0.013,0.60437,0.10033,-0.003,0.26025,1.45723
504,660.9,5403183,366978,0.666,0.616,8445,10833,14614,0.01838229,0,0,0.0775,0.1635,0.3441,0.0813,0.01233,0.60289,0.11056,0.00551,0.26417,1.4704
505,662.2,5413960,367690,0.659,0.619,8428,10777,14583,0.01837905,0,0,0.0787,0.1548,0.336,0.0899,0.01324,0.60481,0.10457,-0.00204,0.267,1.46288
506,663.5,5424781,368379,0.657,0.617,8498,10821,14614,0.01837581,0,0,0.076,0.1542,0.3341,0.0923,0.01281,0.60266,0.11328,0.00527,0.27009,1.47131
507,664.7,5435598,369070,0.587,0.616,8993,10817,14607,0.01837257,0,0,0.0731,0.1447,0.3264,0.0424,0.01262,0.60282,0.1162,0.00152,0.28334,1.46913
508,665.9,5446409,369755,0.64,0.613,8628,10811,14598,0.01836932,0,0,0.0753,0.154,0.3304,0.0802,0.01268,0.59951,0.11284,0.0049,0.26999,1.47271
509,667.1,5457215,370425,0.599,0.627,8811,10806,14608,0.01836608,0,0,0.0747,0.1423,0.33,0.052,0.01212,0.61452,0.11209,0.00245,0.275,1.51703
510,668.4,5468021,371106,0.682,0.623,8284,10806,14611,0.01836284,0,0,0.0825,0.1708,0.3415,0.0869,0.01234,0.60915,0.1224,0.00794,0.28371,1.49201
511,669.7,5478838,371793,0.657,0.625,8442,10817,14624,0.01835959,0,0,0.0786,0.1648,0.3657,0.0474,0.01211,0.61179,0.11741,0.00201,0.28499,1.47602
512,670.9,5489619,372477,0.599,0.617,8867,10781,14567,0.01835635,0,0,0.0748,0.1496,0.307,0.0675,0.0117,0.60455,0.11166,-0.00097,0.27973,1.484
513,672.1,5500445,373156,0.518,0.617,9543,10826,14622,0.01835311,0,0,0.0654,0.1134,0.2994,0.0393,0.01138,0.60483,0.11282,0.00189,0.27784,1.52504
514,673.2,5511231,373842,0.543,0.613,9327,10786,14575,0.01834987,0,0,0.0662,0.1111,0.2954,0.0706,0.0113,0.60098,0.1105,0.00046,0.27582,1.51913
515,674.3,5522019,374523,0.48,0.614,9861,10788,14585,0.01834663,0,0,0.0623,0.1077,0.2755,0.0343,0.01081,0.60254,0.11493,-0.00097,0.28779,1.52592
516,675.5,5532843,375186,0.516,0.62,9531,10824,14602,0.01834339,0,0,0.0616,0.1086,0.2809,0.0645,0.01945,0.59993,0.10953,-0.00104,0.27755,1.53793
517,676.6,5543681,375884,0.49,0.612,9835,10838,14614,0.01834015,0,0,0.0622,0.1103,0.2835,0.0338,0.01145,0.60002,0.11763,-7e-05,0.29146,1.52835
518,677.7,5554536,376551,0.567,0.615,9184,10855,14641,0.0183369,0,0,0.0642,0.1207,0.2948,0.0869,0.01234,0.60212,0.10613,-0.00041,0.26837,1.50753
519,679.0,5565354,377251,0.624,0.619,8703,10818,14601,0.01833364,0,0,0.0801,0.1594,0.3425,0.0421,0.01193,0.60594,0.10849,-0.00213,0.27548,1.47967
520,680.2,5576228,377924,0.623,0.616,8773,10874,14639,0.01833039,0,0,0.0758,0.1428,0.3241,0.0806,0.01251,0.60278,0.11027,-0.00011,0.27517,1.48414
521,681.5,5587023,378608,0.693,0.621,8214,10795,14603,0.01832713,0,0,0.0902,0.1695,0.3856,0.0475,0.01203,0.60857,0.11523,-0.00118,0.28795,1.50429
522,682.8,5597808,379282,0.599,0.619,8850,10785,14554,0.01832389,0,0,0.073,0.1446,0.311,0.0706,0.01161,0.60722,0.1051,8e-05,0.26583,1.52241
523,684.0,5608668,379974,0.577,0.621,9064,10860,14639,0.01832066,0,0,0.0732,0.1384,0.3236,0.0421,0.01173,0.60815,0.11563,-0.0036,0.29425,1.52245
524,685.2,5619496,380634,0.639,0.619,8605,10828,14614,0.0183174,0,0,0.0775,0.1485,0.3316,0.0816,0.01205,0.60613,0.12798,-0.00101,0.31321,1.50744
525,686.6,5630285,381307,0.761,0.628,7767,10789,14554,0.01831415,0,0,0.0899,0.2233,0.3828,0.0649,0.0125,0.6146,0.11427,-8e-05,0.28338,1.49326
526,687.9,5641090,382020,0.685,0.625,8246,10805,14569,0.01831091,0,0,0.0862,0.1683,0.3477,0.083,0.01156,0.61296,0.11245,-0.00127,0.28195,1.48882
527,689.1,5651912,382715,0.599,0.627,8826,10822,14582,0.01830767,0,0,0.0804,0.1499,0.3277,0.0406,0.01306,0.61352,0.12957,0.00051,0.31177,1.46571
528,690.5,5662668,383412,0.719,0.623,8012,10756,14536,0.01830443,0,0,0.0923,0.1884,0.3512,0.0873,0.01241,0.60988,0.11793,-0.00134,0.29359,1.50387
529,691.8,5673462,384101,0.668,0.625,8346,10794,14553,0.0183012,0,0,0.0855,0.1917,0.3465,0.0446,0.01235,0.61176,0.11028,-0.00321,0.28205,1.50465
530,693.2,5684174,384812,0.747,0.635,7752,10712,14495,0.01829796,0,0,0.0911,0.1865,0.379,0.0903,0.01393,0.61925,0.12366,0.00135,0.29953,1.50031
531,694.5,5694913,385502,0.75,0.616,7861,10739,14514,0.01829475,0,0,0.1084,0.1992,0.3726,0.0699,0.01235,0.60251,0.10522,-0.00205,0.27008,1.5179
532,695.9,5705681,386196,0.772,0.618,7746,10768,14519,0.01829153,0,0,0.091,0.209,0.3796,0.0924,0.01244,0.60489,0.12078,0.00161,0.29465,1.53927
533,697.2,5716468,386915,0.651,0.623,8465,10787,14553,0.0182883,0,0,0.0849,0.159,0.3541,0.053,0.01188,0.61071,0.11681,0.00278,0.28372,1.52172
534,698.5,5727255,387626,0.634,0.623,8581,10787,14562,0.01828506,0,0,0.0783,0.1508,0.3291,0.0761,0.01193,0.60987,0.11203,-0.0021,0.28305,1.49845
535,699.7,5738005,388340,0.577,0.624,8951,10750,14498,0.01828182,0,0,0.0726,0.1389,0.3273,0.0384,0.01279,0.61035,0.11064,-0.00213,0.27987,1.48596
536,700.8,5748759,389076,0.556,0.621,9133,10754,14557,0.0182786,0,0,0.0665,0.1275,0.2892,0.0731,0.01086,0.6095,0.12003,-0.00157,0.29807,1.50076
537,702.0,5759482,389810,0.588,0.619,8885,10723,14496,0.01827537,0,0,0.0768,0.1439,0.3271,0.0401,0.01137,0.60692,0.12319,-0.00263,0.30649,1.50104
538,703.2,5770233,390538,0.568,0.617,9074,10751,14543,0.01827216,0,0,0.069,0.1207,0.3061,0.0724,0.01212,0.60366,0.11621,-0.00194,0.2915,1.51037
539,704.3,5780976,391267,0.504,0.614,9605,10743,14531,0.01826893,0,0,0.0625,0.1125,0.2959,0.0333,0.01126,0.60241,0.11328,-5e-05,0.28128,1.49525
540,705.5,5791668,392025,0.563,0.615,9075,10692,14477,0.01826571,0,0,0.0637,0.1218,0.3082,0.0697,0.01163,0.60227,0.12092,-0.00314,0.30247,1.48784
541,706.7,5802410,392762,0.523,0.614,9446,10742,14500,0.0182625,0,0,0.0639,0.1126,0.3023,0.0439,0.01064,0.60306,0.11954,-0.00258,0.29811,1.4745
542,707.8,5813181,393520,0.523,0.628,9356,10771,14550,0.01825928,0,0,0.0614,0.1034,0.2955,0.0626,0.01135,0.61628,0.12702,-0.00206,0.31218,1.47925
543,709.0,5823940,394258,0.545,0.619,9245,10759,14533,0.01825605,0,0,0.0671,0.1222,0.3193,0.0366,0.01165,0.60608,0.12159,-0.00061,0.29826,1.47517
544,710.3,5834719,395014,0.662,0.615,8442,10779,14570,0.01825282,0,0,0.08,0.1726,0.326,0.0833,0.01231,0.60143,0.12326,0.00037,0.29941,1.46929
545,711.7,5845468,395774,0.787,0.617,7656,10749,14495,0.01824958,0,0,0.0871,0.2339,0.3979,0.0683,0.01169,0.60347,0.12322,-0.00061,0.29898,1.40593
546,713.1,5856220,396521,0.846,0.616,7351,10752,14496,0.01824636,0,0,0.1053,0.2623,0.3787,0.1,0.01205,0.60313,0.13804,0.00633,0.31544,1.42556
547,714.4,5866996,397286,0.674,0.621,8322,10776,14545,0.01824313,0,0,0.0882,0.1662,0.3481,0.0711,0.01193,0.60832,0.12186,-0.00156,0.29925,1.43616
548,715.8,5877736,398040,0.739,0.616,7921,10740,14514,0.0182399,0,0,0.0838,0.1938,0.3719,0.0899,0.01124,0.60433,0.11896,-0.00075,0.29218,1.44616
549,717.1,5888518,398778,0.689,0.619,8244,10782,14531,0.01823668,0,0,0.0832,0.1859,0.3712,0.0486,0.01248,0.60576,0.12425,-0.0024,0.30523,1.42354
550,718.4,5899259,399545,0.689,0.632,8133,10741,14518,0.01823344,0,0,0.0819,0.1704,0.3397,0.0967,0.01235,0.61847,0.13562,-0.00097,0.32612,1.45158
551,719.8,5909981,400324,0.732,0.621,7922,10722,14535,0.01823022,0,0,0.0909,0.1893,0.3809,0.0711,0.01209,0.60817,0.11813,-0.00395,0.29798,1.47562
552,721.2,5920722,401095,0.68,0.614,8302,10741,14522,0.01822701,0,0,0.0813,0.171,0.3463,0.0815,0.01174,0.60089,0.12593,-0.0015,0.30786,1.45352
553,722.4,5931444,401860,0.64,0.62,8509,10722,14481,0.01822378,0,0,0.0836,0.1666,0.3476,0.042,0.01187,0.60712,0.11593,0.00067,0.28349,1.45344
554,723.9,5942101,402629,0.834,0.62,7330,10657,14446,0.01822057,0,0,0.0922,0.1972,0.4343,0.1105,0.01217,0.60643,0.12678,0.00116,0.30405,1.44919
555,725.2,5952800,403419,0.683,0.62,8213,10699,14464,0.01821737,0,0,0.0863,0.1862,0.3637,0.0465,0.01178,0.60725,0.12833,0.00071,0.3066,1.40961
556,726.7,5963536,404171,0.855,0.62,7282,10736,14500,0.01821416,0,0,0.0884,0.2282,0.4165,0.1217,0.01341,0.60514,0.12677,-0.0012,0.30697,1.40083
557,728.0,5974244,404955,0.718,0.617,8018,10708,14490,0.01821094,0,0,0.0813,0.1937,0.3886,0.0546,0.01161,0.6047,0.11917,-0.00122,0.29264,1.42423
558,729.4,5984962,405729,0.743,0.617,7884,10718,14502,0.01820773,0,0,0.0865,0.1944,0.3574,0.1047,0.01313,0.60261,0.11702,-0.00355,0.29325,1.43081
559,730.7,5995655,406485,0.709,0.616,8074,10693,14460,0.01820451,0,0,0.0886,0.1907,0.3755,0.0537,0.01251,0.60238,0.10906,-0.00464,0.27966,1.43544
560,732.2,6006366,407228,0.865,0.616,7231,10711,14487,0.0182013,0,0,0.1021,0.2226,0.4399,0.1006,0.01293,0.60247,0.12733,-0.00291,0.31385,1.4657
561,733.5,6017110,408001,0.654,0.619,8440,10744,14546,0.01819809,0,0,0.0827,0.1683,0.3573,0.0457,0.01213,0.60567,0.10308,-0.00168,0.2631,1.47214
562,734.8,6027868,408749,0.776,0.618,7721,10758,14522,0.01819487,0,0,0.0873,0.1949,0.3991,0.0943,0.01196,0.60451,0.10531,-0.00284,0.2694,1.45917
563,736.1,6038617,409498,0.669,0.618,8354,10749,14536,0.01819164,0,0,0.081,0.1692,0.3476,0.0711,0.01182,0.60465,0.12425,-0.00238,0.30645,1.46184
564,737.4,6049344,410245,0.692,0.614,8211,10727,14502,0.01818841,0,0,0.0791,0.1769,0.3492,0.0869,0.01312,0.60057,0.11318,-0.00051,0.27946,1.432
565,738.7,6060043,411000,0.607,0.612,8778,10699,14489,0.0181852,0,0,0.0777,0.1522,0.3373,0.0395,0.0124,0.59881,0.11514,-0.00057,0.28214,1.39468
566,739.9,6070760,411742,0.649,0.613,8493,10717,14493,0.01818199,0,0,0.0745,0.1641,0.3288,0.0814,0.01178,0.60067,0.12321,-0.00234,0.30163,1.3895
567,741.1,6081486,412493,0.597,0.613,8862,10726,14491,0.01817877,0,0,0.0779,0.146,0.3305,0.043,0.01202,0.60018,0.1208,-0.00317,0.29868,1.39524
568,742.4,6092209,413242,0.644,0.618,8500,10723,14522,0.01817555,0,0,0.076,0.1432,0.3438,0.0806,0.01223,0.60508,0.11783,-0.00333,0.29264,1.38408
569,743.6,6102944,413998,0.59,0.617,8893,10735,14524,0.01817234,0,0,0.0762,0.1407,0.3335,0.0398,0.01239,0.60392,0.11923,-0.00252,0.2944,1.40043
570,744.9,6113686,414725,0.635,0.615,8590,10742,14514,0.01816912,0,0,0.0773,0.1534,0.3265,0.0782,0.01127,0.60307,0.12615,-0.00237,0.30733,1.38374
571,746.1,6124394,415485,0.591,0.631,8759,10708,14505,0.01816589,0,0,0.0744,0.141,0.3351,0.041,0.01205,0.61738,0.13787,0.00031,0.32599,1.4003
572,747.3,6135108,416227,0.61,0.621,8699,10714,14494,0.01816268,0,0,0.0745,0.1377,0.3214,0.0768,0.01258,0.60776,0.12924,0.00338,0.30164,1.3745
573,748.5,6145801,416976,0.592,0.614,8869,10693,14468,0.01815947,0,0,0.0753,0.1475,0.3237,0.0454,0.01164,0.60095,0.13078,0.006,0.2997,1.38091
574,749.8,6156542,417734,0.708,0.619,8093,10741,14520,0.01815626,0,0,0.0857,0.1601,0.3585,0.1041,0.01196,0.60589,0.13097,0.00225,0.30816,1.39657
575,751.1,6167238,418487,0.646,0.626,8410,10696,14445,0.01815304,0,0,0.0804,0.1605,0.3366,0.0682,0.01138,0.61368,0.14472,0.00042,0.33772,1.35283
576,752.5,6177914,419241,0.726,0.627,7888,10676,14454,0.01814983,0,0,0.0838,0.1853,0.3673,0.0898,0.01345,0.61305,0.13511,-0.00185,0.32369,1.37095
577,753.8,6188646,420009,0.662,0.632,8294,10732,14479,0.01814663,0,0,0.0862,0.1728,0.3595,0.0434,0.01199,0.61919,0.1391,-0.00012,0.32797,1.36505
578,755.2,6199383,420758,0.791,0.625,7583,10737,14499,0.01814341,0,0,0.1026,0.2041,0.3847,0.1,0.01156,0.61213,0.14327,0.00106,0.33406,1.36801
579,756.6,6210089,421506,0.758,0.621,7762,10706,14475,0.01814019,0,0,0.093,0.1947,0.4108,0.0595,0.01189,0.60848,0.12428,-1e-05,0.29865,1.38019
580,757.8,6220781,422262,0.662,0.623,8320,10692,14466,0.01813697,0,0,0.0803,0.1601,0.3411,0.0802,0.0127,0.60979,0.14274,0.00087,0.33251,1.3445
581,759.1,6231504,423005,0.585,0.625,8866,10723,14501,0.01813377,0,0,0.0758,0.153,0.3176,0.0385,0.01231,0.61129,0.13505,-0.0008,0.32131,1.3677
582,760.4,6242208,423760,0.689,0.626,8142,10704,14499,0.01813055,0,0,0.0796,0.1629,0.3479,0.0984,0.01284,0.61207,0.13024,-0.00108,0.31232,1.36974
583,761.8,6252915,424513,0.807,0.624,7480,10707,14504,0.01812734,0,0,0.0881,0.2289,0.4248,0.0655,0.01246,0.6108,0.13183,0.00074,0.31269,1.39311
584,763.2,6263619,425269,0.813,0.624,7449,10704,14472,0.01812413,0,0,0.0957,0.2116,0.4041,0.1016,0.01216,0.61073,0.13472,1e-05,0.31893,1.36555
585,764.7,6274356,426031,0.834,0.623,7371,10737,14526,0.01812091,0,0,0.0999,0.2066,0.4262,0.1014,0.01215,0.60942,0.13309,-0.00232,0.31977,1.35015
586,766.1,6285048,426760,0.764,0.62,7726,10692,14473,0.01811769,0,0,0.0977,0.2002,0.377,0.0886,0.01208,0.60736,0.12415,-0.00373,0.30379,1.326
587,767.5,6295763,427504,0.815,0.62,7466,10715,14496,0.01811449,0,0,0.0838,0.2139,0.4139,0.1036,0.01253,0.60656,0.13321,-0.00224,0.32063,1.37282
588,768.9,6306455,428248,0.799,0.621,7529,10692,14464,0.01811127,0,0,0.0977,0.2184,0.3989,0.0842,0.01236,0.60754,0.12261,-0.00273,0.30026,1.36892
589,770.4,6317162,429006,0.85,0.627,7251,10707,14477,0.01810806,0,0,0.0976,0.221,0.4252,0.1058,0.01264,0.61331,0.13487,0.00063,0.31824,1.37394
590,771.9,6327859,429743,0.833,0.63,7312,10697,14457,0.01810485,0,0,0.1033,0.2069,0.4392,0.0835,0.01662,0.61249,0.13051,-0.00102,0.31334,1.38875
591,773.4,6338580,430489,0.907,0.625,6998,10721,14502,0.01810164,0,0,0.1016,0.2304,0.4641,0.111,0.01188,0.61188,0.12566,0.00068,0.30088,1.40639
592,774.9,6349343,431238,0.878,0.621,7181,10763,14558,0.01809843,0,0,0.096,0.231,0.4439,0.1073,0.01151,0.60809,0.1235,-0.0012,0.29949,1.3838
593,776.4,6360054,431984,0.881,0.621,7130,10711,14494,0.0180952,0,0,0.0945,0.2251,0.4428,0.1187,0.01207,0.60815,0.12947,-0.00219,0.3153,1.43598
594,777.9,6370795,432718,0.869,0.622,7204,10741,14514,0.01809198,0,0,0.0943,0.2181,0.4315,0.1248,0.01212,0.60936,0.13245,0.00142,0.31131,1.36095
595,779.3,6381516,433458,0.764,0.624,7725,10721,14498,0.01808876,0,0,0.0924,0.1993,0.4149,0.057,0.0112,0.61198,0.13075,0.00064,0.30999,1.37553
596,780.9,6392261,434196,0.94,0.629,6848,10745,14524,0.01808555,0,0,0.1096,0.2898,0.4276,0.1132,0.01296,0.61484,0.12848,-0.00195,0.31064,1.37622
597,782.4,6403028,434935,0.895,0.631,7058,10767,14562,0.01808232,0,0,0.1023,0.2619,0.4377,0.0931,0.01382,0.61429,0.13523,0.00179,0.31809,1.41626
598,783.8,6413771,435660,0.823,0.628,7401,10743,14542,0.01807909,0,0,0.0984,0.2031,0.4157,0.1061,0.0133,0.61414,0.13225,0.00036,0.31478,1.41073
599,785.2,6424498,436394,0.753,0.621,7803,10727,14480,0.01807587,0,0,0.088,0.1813,0.412,0.0721,0.01216,0.60795,0.12483,0.00125,0.2988,1.42856
600,786.7,6435185,437160,0.825,0.619,7398,10687,14471,0.01807265,0,0,0.0904,0.1938,0.4064,0.1346,0.01145,0.60683,0.14296,0.00382,0.32911,1.40661
601,788.9,6445907,437900,1.011,0.626,6552,10722,14542,0.01806944,0,0,0.1033,0.2947,0.4373,0.1752,0.01236,0.61243,0.1282,-0.00265,0.31401,1.44723
602,790.6,6456643,438628,0.855,0.627,7246,10736,14508,0.01806623,0,0,0.0931,0.2064,0.4043,0.1509,0.01348,0.61246,0.12704,-0.00109,0.30905,1.46078
603,792.0,6467334,439360,0.784,0.629,7568,10691,14461,0.01806301,0,0,0.0933,0.1915,0.3985,0.1004,0.01531,0.61291,0.11541,-0.00455,0.29255,1.45672
604,793.4,6478033,440097,0.792,0.627,7536,10699,14464,0.0180598,0,0,0.094,0.2011,0.3981,0.099,0.01298,0.61327,0.13138,0.00421,0.30734,1.46722
605,794.8,6488767,440839,0.781,0.624,7643,10734,14501,0.01805659,0,0,0.0979,0.205,0.4088,0.0691,0.01239,0.61043,0.1115,-0.00446,0.28428,1.44981
606,796.2,6499476,441557,0.773,0.618,7694,10709,14495,0.01805337,0,0,0.0947,0.1978,0.3988,0.0823,0.01344,0.60398,0.11203,0.00023,0.27729,1.48726
607,797.5,6510185,442279,0.666,0.62,8329,10709,14481,0.01805016,0,0,0.0886,0.1705,0.352,0.0548,0.01199,0.60713,0.12534,-0.00288,0.30822,1.43482
608,798.9,6520891,443010,0.747,0.621,7824,10706,14491,0.01804694,0,0,0.0942,0.1782,0.3702,0.1046,0.01191,0.60836,0.10683,-0.00461,0.27644,1.48367
609,800.2,6531593,443755,0.709,0.621,8046,10702,14463,0.01804373,0,0,0.0877,0.1774,0.3499,0.0941,0.01518,0.60488,0.11769,0.00282,0.28166,1.43875
610,801.5,6542347,444494,0.669,0.618,8357,10754,14541,0.01804052,0,0,0.0848,0.18,0.3575,0.0465,0.01155,0.60548,0.11135,-0.00207,0.2792,1.45155
611,802.9,6553070,445231,0.798,0.617,7577,10723,14513,0.0180373,0,0,0.0944,0.2149,0.3736,0.1155,0.01176,0.60419,0.12117,-0.0019,0.29669,1.40062
612,804.3,6563801,445961,0.824,0.615,7460,10731,14504,0.01803408,0,0,0.0924,0.2213,0.4179,0.092,0.0127,0.60097,0.12147,-0.00137,0.29654,1.41025
613,805.7,6574477,446703,0.764,0.616,7736,10676,14444,0.01803086,0,0,0.0861,0.1784,0.3891,0.1107,0.01186,0.60285,0.11559,4e-05,0.28168,1.40235
614,807.1,6585208,447422,0.811,0.625,7468,10731,14523,0.01802766,0,0,0.0917,0.2242,0.4208,0.0747,0.0122,0.61236,0.10349,0.00219,0.25421,1.43139
615,808.6,6595902,448163,0.799,0.625,7510,10694,14471,0.01802444,0,0,0.0854,0.2285,0.3919,0.0934,0.01208,0.61182,0.10564,0.00038,0.26085,1.39591
616,809.9,6606599,448895,0.739,0.622,7860,10697,14478,0.01802123,0,0,0.0918,0.2006,0.3861,0.06,0.01392,0.60736,0.10631,-0.00099,0.26542,1.41047
617,811.4,6617291,449637,0.804,0.627,7474,10692,14465,0.01801802,0,0,0.0842,0.2017,0.4175,0.1005,0.01252,0.6133,0.12283,0.00209,0.29182,1.39716
618,812.7,6627980,450359,0.673,0.621,8263,10689,14489,0.01801481,0,0,0.0813,0.1794,0.3624,0.0497,0.01214,0.6077,0.11536,-0.00393,0.28999,1.42683
619,814.1,6638719,451067,0.779,0.617,7694,10739,14497,0.01801161,0,0,0.0923,0.1846,0.3962,0.1054,0.01299,0.6034,0.11358,-0.00086,0.2799,1.41652
620,815.5,6649433,451808,0.803,0.62,7531,10714,14485,0.01800838,0,0,0.0949,0.2045,0.4201,0.0833,0.012,0.60691,0.10752,0.00122,0.26363,1.41666
621,817.0,6660129,452525,0.916,0.62,6961,10696,14464,0.01800517,0,0,0.0891,0.24,0.484,0.103,0.01251,0.6071,0.11703,-0.00202,0.28912,1.41731
622,818.5,6670871,453258,0.819,0.622,7455,10742,14529,0.01800196,0,0,0.0893,0.2171,0.4455,0.0672,0.01308,0.60717,0.12976,0.0045,0.30028,1.38172
623,820.0,6681572,453989,0.875,0.623,7140,10701,14483,0.01799874,0,0,0.088,0.2178,0.4514,0.1184,0.01188,0.61029,0.12508,-0.00123,0.30346,1.41206
624,821.4,6692306,454717,0.779,0.621,7667,10734,14504,0.01799553,0,0,0.095,0.1958,0.389,0.0992,0.01189,0.60821,0.11652,-0.00315,0.29021,1.41378
625,822.7,6703038,455456,0.722,0.618,8013,10732,14523,0.01799231,0,0,0.0886,0.1701,0.4068,0.0563,0.0126,0.60412,0.13261,0.00058,0.31359,1.37651
626,824.2,6713775,456160,0.847,0.616,7339,10737,14514,0.01798909,0,0,0.0931,0.2152,0.4194,0.1191,0.01343,0.60176,0.12482,-0.002,0.30367,1.39044
627,825.5,6724479,456895,0.757,0.622,7764,10704,14495,0.01798587,0,0,0.0883,0.2081,0.4051,0.0556,0.01751,0.60296,0.1161,-0.00191,0.28609,1.39155
628,827.0,6735205,457624,0.868,0.625,7185,10726,14522,0.01798266,0,0,0.0932,0.2237,0.4351,0.1163,0.01504,0.60848,0.13008,-0.00139,0.31282,1.38704
629,828.5,6745946,458369,0.87,0.621,7206,10741,14519,0.01797944,0,0,0.0939,0.2206,0.4692,0.0861,0.01344,0.60608,0.12615,-0.00405,0.30996,1.37843
630,830.1,6756687,459100,0.954,0.626,6801,10741,14511,0.01797622,0,0,0.0925,0.2437,0.4884,0.129,0.0119,0.61275,0.12939,-0.00306,0.3141,1.36863
631,831.5,6767413,459833,0.824,0.619,7429,10726,14501,0.01797299,0,0,0.0946,0.2025,0.4457,0.0815,0.01272,0.60553,0.11509,-0.00227,0.2834,1.3545
632,833.0,6778147,460558,0.861,0.619,7254,10734,14531,0.01796978,0,0,0.098,0.2144,0.431,0.1175,0.0134,0.6041,0.11995,-4e-05,0.29,1.39203
633,834.5,6788906,461293,0.85,0.617,7331,10759,14519,0.01796656,0,0,0.0988,0.2123,0.4261,0.1129,0.01307,0.60332,0.13189,-0.00014,0.31244,1.34594
634,836.0,6799632,462013,0.835,0.623,7356,10726,14514,0.01796333,0,0,0.0959,0.2148,0.4493,0.0747,0.01262,0.60983,0.12883,-0.00255,0.31241,1.38199
635,837.4,6810384,462724,0.854,0.619,7295,10752,14534,0.01796011,0,0,0.0964,0.2245,0.4242,0.1093,0.0133,0.60517,0.12784,-0.00109,0.30745,1.38033
636,838.9,6821154,463437,0.888,0.623,7126,10770,14554,0.01795688,0,0,0.0949,0.2223,0.4436,0.1271,0.01223,0.61039,0.12249,0.00098,0.29123,1.34255
637,840.5,6831928,464156,0.909,0.622,7039,10774,14543,0.01795365,0,0,0.1137,0.2372,0.4746,0.0834,0.01422,0.60633,0.13954,0.00096,0.32496,1.33117
638,842.0,6842685,464883,0.942,0.617,6902,10757,14528,0.01795042,0,0,0.0963,0.2381,0.4845,0.1228,0.01214,0.60368,0.13319,-0.00284,0.32089,1.36024
639,843.5,6853386,465619,0.84,0.617,7349,10701,14508,0.01794719,0,0,0.0968,0.2256,0.4391,0.0781,0.01251,0.60262,0.12783,0.00513,0.29456,1.3695
640,845.1,6864109,466334,0.986,0.626,6651,10723,14488,0.01794398,0,0,0.0982,0.2608,0.4907,0.1367,0.01691,0.60771,0.11225,-0.00466,0.2822,1.34827
641,846.6,6874819,467083,0.855,0.634,7192,10710,14490,0.01794077,0,0,0.0912,0.224,0.4509,0.0894,0.01373,0.61885,0.10906,-0.00382,0.27436,1.35421
642,848.1,6885536,467816,0.891,0.629,7048,10717,14513,0.01793755,0,0,0.1008,0.2157,0.4517,0.1232,0.01369,0.61429,0.13157,0.00199,0.30766,1.35221
643,849.6,6896267,468552,0.834,0.626,7353,10731,14482,0.01793434,0,0,0.1025,0.2256,0.4316,0.0741,0.01308,0.61144,0.13074,0.00342,0.30239,1.33078
644,851.1,6906936,469282,0.896,0.624,7016,10669,14442,0.01793112,0,0,0.0913,0.2285,0.459,0.1176,0.01438,0.6082,0.11102,-0.00125,0.27292,1.34876
645,852.6,6917625,470031,0.917,0.619,6961,10689,14462,0.01792792,0,0,0.0998,0.258,0.4585,0.1005,0.01239,0.60517,0.12849,-0.0016,0.30743,1.31813
646,854.2,6928379,470756,0.916,0.622,6990,10754,14521,0.01792471,0,0,0.093,0.252,0.4507,0.1204,0.0125,0.60865,0.11697,-0.00498,0.29233,1.35139
647,855.6,6939085,471509,0.794,0.63,7520,10706,14468,0.01792149,0,0,0.0926,0.201,0.3949,0.1055,0.01257,0.61599,0.11,-0.00556,0.27881,1.33044
648,857.0,6949844,472237,0.776,0.626,7671,10759,14535,0.01791827,0,0,0.0841,0.1968,0.3974,0.098,0.0128,0.61257,0.12064,-0.00295,0.29531,1.34348
649,858.5,6960571,472973,0.831,0.629,7345,10727,14516,0.01791505,0,0,0.105,0.2403,0.4276,0.0584,0.01244,0.61501,0.12082,-0.00142,0.29376,1.37552
650,859.9,6971285,473697,0.837,0.621,7352,10714,14487,0.01791183,0,0,0.0896,0.216,0.4268,0.1042,0.01241,0.6073,0.13488,0.00207,0.31442,1.3622
651,861.2,6982007,474435,0.7,0.627,8080,10722,14466,0.01790861,0,0,0.0889,0.186,0.3737,0.0516,0.01298,0.61297,0.13496,-0.00132,0.318,1.26903
652,862.9,6992806,475175,0.874,0.624,7212,10799,14523,0.0179054,0,0,0.0918,0.2252,0.4378,0.1188,0.01393,0.60902,0.12632,-0.00219,0.30132,1.23753
653,864.3,7003612,475924,0.762,0.62,7816,10806,14528,0.01790216,0,0,0.0929,0.1907,0.3671,0.1115,0.01615,0.60317,0.12689,-0.00045,0.2983,1.21827
654,865.6,7014404,476677,0.675,0.625,8303,10792,14505,0.01789892,0,0,0.0843,0.1872,0.3525,0.0508,0.01198,0.61205,0.1243,0.00039,0.29081,1.20095
655,866.9,7025266,477420,0.729,0.622,8039,10862,14583,0.01789568,0,0,0.0905,0.1786,0.3724,0.0879,0.01326,0.60764,0.12534,0.00132,0.29052,1.18664
656,868.3,7036061,478143,0.69,0.626,8204,10795,14526,0.01789242,0,0,0.0833,0.1745,0.3694,0.0631,0.01239,0.61199,0.1261,-0.00204,0.30062,1.23948
657,869.6,7046877,478887,0.772,0.615,7794,10816,14524,0.01788918,0,0,0.0812,0.1962,0.4025,0.0925,0.01212,0.60213,0.1296,-0.00057,0.30388,1.21682
658,871.0,7057719,479619,0.688,0.622,8278,10842,14555,0.01788594,0,0,0.0917,0.1796,0.3651,0.0512,0.01235,0.60869,0.13365,0.0003,0.3093,1.19099
659,872.4,7068525,480374,0.798,0.619,7622,10806,14528,0.01788268,0,0,0.1019,0.2033,0.3843,0.1087,0.01449,0.60374,0.12585,-0.00273,0.30015,1.20227
660,873.8,7079341,481097,0.801,0.624,7589,10816,14518,0.01787944,0,0,0.0942,0.2149,0.4366,0.0555,0.01217,0.61081,0.1232,-0.00034,0.2902,1.20598
661,875.3,7090116,481858,0.907,0.629,7012,10775,14509,0.0178762,0,0,0.0978,0.2198,0.4694,0.1204,0.01546,0.61273,0.11522,-0.00065,0.27425,1.18912
662,876.8,7100929,482602,0.821,0.621,7496,10813,14517,0.01787297,0,0,0.0934,0.2147,0.4495,0.0634,0.01267,0.60757,0.13089,-0.00318,0.30952,1.15723
663,878.3,7111744,483335,0.881,0.624,7187,10815,14532,0.01786972,0,0,0.0996,0.2349,0.4308,0.1155,0.02257,0.60032,0.11453,-0.00237,0.2771,1.21173
664,879.8,7122546,484099,0.886,0.617,7185,10802,14514,0.01786648,0,0,0.0985,0.2366,0.4281,0.1229,0.012,0.60422,0.12555,-0.00182,0.29829,1.2183
665,881.3,7133345,484836,0.895,0.616,7150,10799,14521,0.01786324,0,0,0.1043,0.233,0.4461,0.1114,0.01249,0.60187,0.12138,-0.00287,0.29312,1.24903
666,882.8,7144164,485559,0.876,0.614,7262,10819,14542,0.01786,0,0,0.091,0.2053,0.4069,0.1728,0.01334,0.59973,0.13835,0.00049,0.31958,1.22781
667,884.2,7154969,486288,0.761,0.614,7859,10805,14540,0.01785675,0,0,0.0882,0.1908,0.3815,0.1002,0.01365,0.59965,0.1267,-0.00068,0.29976,1.26003
668,885.5,7165786,487037,0.693,0.612,8284,10817,14564,0.01785351,0,0,0.0855,0.2038,0.3514,0.0527,0.01272,0.59862,0.12631,-0.00399,0.30529,1.25153
669,886.8,7176573,487758,0.696,0.61,8260,10787,14519,0.01785026,0,0,0.0769,0.1786,0.3577,0.0829,0.01226,0.59691,0.13022,0.0027,0.29908,1.23332
670,888.0,7187353,488501,0.663,0.609,8473,10780,14520,0.01784703,0,0,0.0818,0.1915,0.3424,0.0473,0.01165,0.59621,0.1381,0.00057,0.31899,1.23066
671,889.5,7198151,489237,0.858,0.624,7282,10798,14537,0.01784379,0,0,0.0932,0.2015,0.427,0.1368,0.01769,0.60574,0.12861,0.00037,0.30052,1.23412
672,890.8,7208964,489956,0.655,0.622,8470,10813,14546,0.01784055,0,0,0.0819,0.1844,0.3425,0.0457,0.01236,0.60879,0.12891,-0.00437,0.31034,1.22703
673,892.1,7219724,490683,0.661,0.624,8372,10760,14471,0.01783731,0,0,0.0808,0.1595,0.3488,0.0721,0.01279,0.61014,0.13512,-0.00264,0.3186,1.20785
674,893.3,7230508,491412,0.605,0.624,8771,10784,14477,0.01783408,0,0,0.0751,0.1533,0.3308,0.046,0.01193,0.61111,0.1388,-0.002,0.32433,1.19783
675,894.6,7241300,492131,0.608,0.616,8818,10792,14505,0.01783085,0,0,0.0733,0.1476,0.3125,0.0742,0.01235,0.6031,0.1379,0.00153,0.31704,1.24173
676,895.7,7252084,492865,0.572,0.617,9075,10784,14514,0.01782761,0,0,0.0708,0.1415,0.311,0.0484,0.01199,0.60372,0.1379,-0.00106,0.32193,1.23423
677,897.0,7262880,493599,0.596,0.615,8918,10796,14519,0.01782437,0,0,0.073,0.1343,0.3139,0.0747,0.01295,0.60037,0.13655,-0.00247,0.32141,1.21678
678,898.1,7273643,494308,0.548,0.615,9250,10763,14482,0.01782114,0,0,0.0694,0.137,0.3008,0.041,0.01251,0.60177,0.12793,-0.00321,0.30577,1.2203
679,899.3,7284379,495032,0.562,0.627,9036,10736,14466,0.01781791,0,0,0.0655,0.1259,0.3061,0.0641,0.01166,0.61424,0.13526,-0.00207,0.31827,1.22376
680,900.5,7295181,495750,0.602,0.614,8880,10802,14534,0.01781469,0,0,0.075,0.152,0.3279,0.047,0.01186,0.60186,0.12554,-0.00569,0.30577,1.2155
681,901.7,7305924,496456,0.592,0.611,8933,10743,14451,0.01781145,0,0,0.0667,0.1369,0.3188,0.0693,0.01119,0.59907,0.13056,-0.0025,0.3088,1.19842
682,902.9,7316693,497194,0.514,0.614,9547,10769,14496,0.01780822,0,0,0.065,0.1181,0.2931,0.0381,0.01216,0.60073,0.13441,-0.00443,0.32094,1.21454
683,904.1,7327481,497912,0.612,0.604,8871,10788,14486,0.01780499,0,0,0.0729,0.1466,0.3258,0.0662,0.01198,0.59174,0.13575,-0.00019,0.31394,1.18083
684,905.2,7338258,498655,0.544,0.603,9398,10777,14477,0.01780176,0,0,0.0686,0.1246,0.307,0.0438,0.01341,0.58848,0.13832,0.00391,0.31033,1.16571
685,906.6,7348984,499390,0.735,0.606,7998,10726,14436,0.01779852,0,0,0.0902,0.197,0.3537,0.0937,0.01315,0.59244,0.12962,-0.00043,0.3029,1.20246
686,907.7,7359780,500117,0.579,0.596,9187,10796,14501,0.0177953,0,0,0.0741,0.1525,0.3157,0.0368,0.01149,0.58397,0.14148,-0.00274,0.33098,1.19492
687,908.9,7370603,500842,0.555,0.594,9419,10823,14544,0.01779207,0,0,0.0655,0.1223,0.2977,0.0693,0.01191,0.58166,0.12493,-0.00338,0.29842,1.17477
688,910.0,7381374,501578,0.55,0.595,9402,10771,14488,0.01778882,0,0,0.0712,0.1374,0.2984,0.0434,0.01174,0.58286,0.13026,-0.00295,0.30753,1.15563
689,911.3,7392176,502315,0.636,0.597,8756,10802,14498,0.01778559,0,0,0.0748,0.1488,0.3312,0.0816,0.01275,0.58383,0.1226,-0.00148,0.28915,1.15237
690,912.4,7402994,503032,0.555,0.597,9388,10818,14531,0.01778235,0,0,0.0698,0.1378,0.3049,0.0425,0.01198,0.58368,0.14518,0.00227,0.32652,1.14412
691,913.6,7413814,503757,0.58,0.597,9190,10820,14527,0.0177791,0,0,0.0673,0.1291,0.3013,0.0823,0.01344,0.5831,0.13516,-0.00341,0.31744,1.13342
692,914.8,7424586,504492,0.627,0.594,8821,10772,14497,0.01777586,0,0,0.0842,0.169,0.3303,0.0434,0.01211,0.58157,0.1279,-0.00204,0.30005,1.12973
693,916.0,7435419,505185,0.572,0.595,9285,10833,14524,0.01777262,0,0,0.0655,0.1353,0.3035,0.0676,0.01131,0.58247,0.13971,-0.00122,0.3217,1.12044
694,917.2,7446242,505911,0.636,0.597,8780,10823,14548,0.01776937,0,0,0.0743,0.1546,0.3022,0.1051,0.01216,0.58334,0.14186,0.00158,0.32049,1.12342
695,918.4,7457029,506634,0.593,0.597,9065,10787,14507,0.01776613,0,0,0.0688,0.1357,0.3068,0.0821,0.01413,0.58159,0.13919,-0.00116,0.32066,1.12443
696,919.6,7467830,507354,0.576,0.593,9239,10801,14531,0.01776289,0,0,0.0739,0.141,0.3056,0.0552,0.01225,0.58016,0.13199,-0.00067,0.3062,1.15054
697,920.8,7478659,508080,0.607,0.595,9010,10829,14568,0.01775965,0,0,0.0732,0.1376,0.3101,0.0857,0.01222,0.58219,0.13861,0.00095,0.31604,1.14655
698,922.0,7489463,508794,0.59,0.608,9024,10804,14517,0.0177564,0,0,0.0717,0.1474,0.3238,0.0469,0.01278,0.594,0.14127,-3e-05,0.32379,1.15988
699,923.2,7500275,509530,0.605,0.611,8893,10812,14530,0.01775316,0,0,0.0691,0.1376,0.3221,0.0762,0.01228,0.59728,0.15606,-0.00244,0.35926,1.19017
700,924.5,7511071,510271,0.686,0.606,8353,10796,14551,0.01774992,0,0,0.08,0.1745,0.3884,0.0435,0.01259,0.59266,0.134,-0.00052,0.31112,1.18502
701,925.7,7521872,511006,0.6,0.606,8954,10801,14472,0.01774668,0,0,0.0711,0.1375,0.3268,0.065,0.014,0.59121,0.1474,-0.00164,0.33748,1.11021
702,927.0,7532768,511726,0.57,0.606,9261,10896,14551,0.01774344,0,0,0.071,0.1337,0.3245,0.041,0.01267,0.59272,0.15631,-0.00353,0.35804,1.08097
703,928.2,7543645,512462,0.624,0.608,8824,10877,14533,0.01774017,0,0,0.0735,0.1378,0.3342,0.079,0.01161,0.59488,0.14533,-0.00308,0.33514,1.07959
704,929.4,7554509,513183,0.56,0.608,9301,10864,14525,0.01773691,0,0,0.0714,0.1384,0.3114,0.0385,0.01148,0.59628,0.15603,-0.00012,0.35073,1.08342
705,930.6,7565361,513933,0.61,0.611,8886,10852,14507,0.01773365,0,0,0.0696,0.129,0.3267,0.0851,0.01202,0.59815,0.14443,-0.00139,0.32978,1.07554
706,931.8,7576262,514662,0.608,0.619,8888,10901,14574,0.01773039,0,0,0.0723,0.1396,0.3412,0.0544,0.01276,0.60551,0.15124,-0.0001,0.34084,1.0766
707,933.1,7587147,515389,0.613,0.611,8892,10885,14553,0.01772712,0,0,0.069,0.1468,0.3243,0.0726,0.01163,0.59889,0.15136,-0.00245,0.34587,1.07927
708,934.3,7598016,516116,0.602,0.613,8946,10869,14526,0.01772386,0,0,0.07,0.1409,0.3298,0.061,0.01283,0.59937,0.15113,-0.00269,0.34555,1.06961
709,935.5,7608914,516839,0.638,0.615,8696,10898,14580,0.0177206,0,0,0.0732,0.1418,0.3406,0.0821,0.01376,0.60088,0.14557,-0.00596,0.34095,1.06937
710,936.7,7619772,517559,0.58,0.613,9104,10858,14514,0.01771733,0,0,0.0719,0.1316,0.3257,0.0508,0.0131,0.59898,0.14241,-0.00376,0.32995,1.06138
711,937.9,7630640,518277,0.583,0.589,9271,10868,14545,0.01771407,0,0,0.0688,0.1318,0.3007,0.0816,0.01158,0.57688,0.1512,0.00013,0.33953,1.05545
712,939.0,7641451,518998,0.537,0.589,9605,10811,14461,0.01771081,0,0,0.0641,0.1269,0.2925,0.0536,0.01181,0.57608,0.13651,-0.00334,0.31602,1.02578
713,940.2,7652319,519706,0.626,0.59,8937,10868,14513,0.01770756,0,0,0.0722,0.1395,0.3207,0.0932,0.01237,0.57715,0.14626,-0.0018,0.33277,1.03522
714,941.4,7663203,520426,0.549,0.592,9539,10884,14547,0.0177043,0,0,0.0683,0.1248,0.3014,0.0547,0.01206,0.57904,0.14799,-0.00283,0.33816,1.03119
715,942.5,7674049,521150,0.574,0.59,9320,10846,14496,0.01770104,0,0,0.0663,0.1245,0.3035,0.0793,0.01255,0.5768,0.14363,-0.00642,0.3361,1.01688
716,943.7,7684901,521882,0.532,0.589,9681,10852,14547,0.01769779,0,0,0.0653,0.1157,0.3023,0.0491,0.01126,0.57595,0.13505,-0.00498,0.31582,1.01015
717,944.8,7695778,522621,0.594,0.587,9203,10877,14543,0.01769453,0,0,0.0671,0.1314,0.3039,0.092,0.01229,0.57455,0.15068,0.00255,0.33173,1.00237
718,945.9,7706692,523339,0.489,0.586,10156,10914,14565,0.01769127,0,0,0.0618,0.1114,0.276,0.0398,0.01095,0.57413,0.14328,0.00174,0.3182,0.9924
719,947.0,7717617,524077,0.483,0.579,10292,10925,14605,0.01768799,0,0,0.0572,0.0955,0.2641,0.0661,0.01152,0.56655,0.14448,-0.00339,0.3316,1.0137
720,948.1,7728493,524823,0.542,0.591,9598,10876,14510,0.01768471,0,0,0.0695,0.1391,0.2936,0.0398,0.01003,0.58017,0.14531,0.00111,0.3241,1.00936
721,949.3,7739348,525544,0.559,0.585,9493,10855,14500,0.01768145,0,0,0.0661,0.1233,0.2879,0.0815,0.01187,0.57222,0.15935,-0.00068,0.35525,0.9953
722,950.4,7750191,526265,0.519,0.583,9836,10843,14497,0.0176782,0,0,0.0668,0.1308,0.2765,0.045,0.01117,0.57134,0.15038,-0.00196,0.34002,0.99981
723,951.4,7761043,527011,0.457,0.579,10480,10852,14521,0.01767494,0,0,0.054,0.0939,0.2461,0.0628,0.01111,0.56696,0.1453,-0.00099,0.32842,1.01412
724,952.4,7771910,527746,0.427,0.585,10747,10867,14545,0.01767169,0,0,0.0522,0.094,0.2414,0.039,0.01022,0.57373,0.15451,-0.00328,0.35257,1.04608
725,953.5,7782833,528495,0.498,0.599,9956,10923,14603,0.01766843,0,0,0.0576,0.1026,0.2649,0.0731,0.01102,0.58708,0.14223,-0.00219,0.32547,1.03652
726,954.6,7793722,529230,0.496,0.605,9894,10889,14526,0.01766515,0,0,0.0615,0.1067,0.2856,0.0417,0.0112,0.59324,0.15183,-0.00289,0.34545,1.01912
727,955.7,7804626,529960,0.498,0.601,9922,10904,14569,0.01766188,0,0,0.0558,0.0996,0.2798,0.0627,0.011,0.58935,0.14211,-0.00463,0.32997,1.03319
728,956.8,7815476,530710,0.477,0.598,10093,10850,14532,0.01765861,0,0,0.0584,0.1017,0.2734,0.0431,0.01018,0.58766,0.15102,-0.00154,0.34204,1.04513
729,957.9,7826299,531430,0.522,0.602,9632,10823,14484,0.01765536,0,0,0.057,0.1048,0.2868,0.0733,0.01179,0.58942,0.14166,0.00033,0.31906,1.0314
730,959.0,7837138,532184,0.5,0.604,9816,10839,14513,0.01765211,0,0,0.0608,0.1056,0.2853,0.0487,0.01132,0.59201,0.14642,-0.00335,0.33622,1.03863
731,960.1,7847952,532912,0.521,0.597,9673,10814,14474,0.01764886,0,0,0.0601,0.1051,0.2865,0.0697,0.01115,0.58483,0.1467,-0.00585,0.34119,1.02257
732,961.2,7858815,533642,0.462,0.603,10207,10863,14535,0.01764561,0,0,0.0558,0.0947,0.2677,0.0434,0.01076,0.59122,0.15101,-0.00528,0.34949,1.04586
733,962.3,7869658,534388,0.516,0.619,9556,10843,14510,0.01764236,0,0,0.0586,0.1021,0.2848,0.0703,0.01197,0.60614,0.1462,-0.00432,0.33735,1.02885
734,963.4,7880517,535111,0.474,0.62,9933,10859,14507,0.0176391,0,0,0.0564,0.0996,0.281,0.0366,0.01182,0.60697,0.14586,-0.0017,0.33132,1.02596
735,964.5,7891380,535824,0.507,0.617,9660,10863,14519,0.01763584,0,0,0.0574,0.0991,0.279,0.0716,0.01112,0.60566,0.14578,-0.0049,0.3384,1.05011
736,965.6,7902218,536561,0.45,0.618,10146,10838,14489,0.01763259,0,0,0.0527,0.0941,0.2706,0.0328,0.0105,0.60677,0.15104,0.00213,0.33465,1.04424
737,966.7,7913109,537281,0.498,0.619,9752,10891,14558,0.01762933,0,0,0.0551,0.097,0.2758,0.0701,0.01152,0.60667,0.15141,-0.00173,0.34192,1.01099
738,967.9,7923971,538026,0.519,0.62,9536,10862,14547,0.01762607,0,0,0.0633,0.1152,0.3008,0.0401,0.01123,0.6078,0.15244,-0.00353,0.34791,1.02059
739,969.0,7934792,538768,0.541,0.599,9498,10821,14474,0.01762281,0,0,0.0608,0.107,0.2998,0.073,0.01137,0.58654,0.14959,-0.00292,0.34059,1.00882
740,970.1,7945658,539501,0.485,0.596,10059,10866,14525,0.01761956,0,0,0.0586,0.1071,0.2798,0.0392,0.01051,0.58442,0.15658,-0.0003,0.34942,1.01213
741,971.1,7956515,540235,0.464,0.596,10244,10857,14548,0.0176163,0,0,0.0493,0.0876,0.264,0.0626,0.01129,0.58438,0.1521,-0.00233,0.34402,0.99772
742,972.2,7967367,540960,0.474,0.599,10119,10852,14497,0.01761305,0,0,0.0578,0.1008,0.2713,0.0439,0.01144,0.58647,0.15142,-0.0039,0.34578,0.99758
743,973.4,7978267,541700,0.616,0.603,8937,10900,14551,0.01760979,0,0,0.0708,0.1377,0.3127,0.0952,0.01229,0.59017,0.16225,-0.00253,0.36539,1.01716
744,974.6,7989097,542435,0.563,0.602,9297,10830,14499,0.01760652,0,0,0.0721,0.1386,0.3045,0.0473,0.01216,0.58957,0.14727,-0.00267,0.33638,1.03627
745,975.8,7999990,543149,0.581,0.603,9207,10893,14545,0.01760327,0,0,0.0629,0.1227,0.3113,0.0837,0.01242,0.58931,0.14956,-0.00373,0.34196,1.00493
746,977.0,8010854,543874,0.642,0.605,8714,10864,14543,0.0176,0,0,0.0774,0.1506,0.3203,0.0938,0.01248,0.59124,0.15566,-0.00371,0.35431,1.01004
747,978.2,8021755,544608,0.602,0.588,9156,10901,14594,0.01759674,0,0,0.0728,0.1444,0.3033,0.0819,0.01153,0.5759,0.15082,0.00012,0.33708,1.01346
748,979.4,8032635,545336,0.577,0.587,9346,10880,14559,0.01759347,0,0,0.0767,0.1506,0.3089,0.0406,0.01138,0.57525,0.1556,-0.00308,0.35392,1.03916
749,980.6,8043469,546084,0.589,0.587,9208,10834,14523,0.01759021,0,0,0.0673,0.139,0.2925,0.0905,0.01175,0.57433,0.15075,-0.00126,0.34017,1.02787
750,981.7,8054327,546823,0.547,0.596,9499,10858,14525,0.01758696,0,0,0.0674,0.1339,0.3028,0.043,0.01165,0.58334,0.15034,-0.00441,0.34328,0.96048
751,983.0,8065170,547567,0.691,0.583,8507,10843,14510,0.0175837,0,0,0.0852,0.1872,0.332,0.0869,0.01154,0.57089,0.15485,-0.00294,0.34975,0.9716
752,984.2,8076062,548314,0.562,0.584,9505,10892,14550,0.01758045,0,0,0.0746,0.1446,0.2936,0.0493,0.01121,0.57144,0.15197,-0.0017,0.34109,0.96004
753,985.4,8086883,549047,0.614,0.593,8965,10821,14489,0.01757718,0,0,0.0706,0.1398,0.3044,0.0994,0.01249,0.57953,0.14506,-0.00241,0.32937,0.97951
754,986.7,8097688,549777,0.63,0.594,8826,10805,14460,0.01757394,0,0,0.0795,0.17,0.3256,0.0548,0.01235,0.58106,0.15559,-0.00247,0.34978,0.95779
755,987.9,8108552,550498,0.632,0.596,8845,10864,14529,0.01757069,0,0,0.0727,0.1454,0.3112,0.103,0.01178,0.58179,0.14722,-0.00531,0.33845,0.95044
756,989.1,8119388,551228,0.591,0.596,9128,10836,14499,0.01756743,0,0,0.0729,0.1504,0.3163,0.0519,0.01204,0.58224,0.15046,-0.005,0.34549,0.98413
757,990.2,8130257,551944,0.559,0.589,9464,10869,14544,0.01756418,0,0,0.0627,0.125,0.2954,0.0761,0.01144,0.57708,0.15003,-0.0002,0.33453,0.96972
758,991.3,8141097,552673,0.519,0.588,9797,10840,14521,0.01756092,0,0,0.0642,0.1213,0.2841,0.0493,0.01098,0.57612,0.14015,-0.00248,0.31958,0.97723
759,992.5,8151949,553387,0.558,0.593,9427,10852,14502,0.01755767,0,0,0.0652,0.1285,0.2826,0.0816,0.01207,0.58057,0.14003,-0.00505,0.32428,0.97145
760,993.7,8162803,554106,0.555,0.622,9215,10854,14508,0.01755442,0,0,0.0703,0.1373,0.2983,0.0496,0.01142,0.61035,0.15159,-0.00347,0.34384,0.9603
761,995.0,8173649,554828,0.729,0.624,8021,10846,14526,0.01755116,0,0,0.0785,0.1658,0.3703,0.114,0.01244,0.61026,0.16563,-0.00099,0.3674,0.97364
762,996.2,8184530,555544,0.559,0.622,9210,10881,14543,0.01754791,0,0,0.0679,0.1279,0.3183,0.0452,0.01226,0.60909,0.14995,-0.00158,0.33688,0.96353
763,997.4,8195441,556276,0.626,0.626,8717,10911,14599,0.01754464,0,0,0.0718,0.13,0.3284,0.0958,0.012,0.61293,0.14969,-0.00034,0.33528,1.00355
764,998.7,8206326,557001,0.587,0.626,8978,10885,14533,0.01754137,0,0,0.072,0.1388,0.3344,0.0416,0.01148,0.61332,0.15973,2e-05,0.35404,0.98684
765,1000.0,8217182,557712,0.673,0.627,8349,10856,14498,0.0175381,0,0,0.0792,0.159,0.3487,0.0862,0.01119,0.61516,0.15579,-0.00253,0.3514,0.99074
766,1001.2,8228081,558430,0.627,0.618,8758,10899,14566,0.01753485,0,0,0.0775,0.1616,0.3413,0.0462,0.01246,0.60469,0.14681,0.0002,0.32803,0.99292
767,1002.4,8238906,559154,0.568,0.592,9332,10825,14499,0.01753158,0,0,0.068,0.1208,0.2941,0.0849,0.01158,0.57985,0.15282,-0.00189,0.34293,0.95538
768,1003.6,8249772,559865,0.603,0.59,9106,10866,14555,0.01752833,0,0,0.0774,0.1563,0.3201,0.0492,0.01147,0.57817,0.15531,-0.0013,0.34685,0.95891
769,1004.8,8260617,560584,0.662,0.601,8583,10845,14523,0.01752507,0,0,0.0764,0.1497,0.3364,0.0998,0.01179,0.58871,0.14874,-0.00026,0.3328,0.99255
770,1006.1,8271428,561316,0.635,0.612,8670,10811,14496,0.01752181,0,0,0.0798,0.164,0.3439,0.0468,0.0124,0.59947,0.15239,-0.00237,0.34356,0.97116
771,1007.3,8282229,562022,0.611,0.6,8916,10801,14458,0.01751857,0,0,0.0744,0.1454,0.3011,0.0903,0.0113,0.58804,0.14578,-0.00507,0.33666,0.99798
772,1008.5,8293038,562750,0.574,0.605,9167,10809,14495,0.01751533,0,0,0.0731,0.1501,0.3084,0.0425,0.01153,0.59261,0.15141,-0.00395,0.34516,0.98305
773,1009.7,8303886,563477,0.592,0.595,9134,10848,14524,0.01751209,0,0,0.0708,0.1306,0.3156,0.0754,0.01153,0.58302,0.14681,-0.00247,0.33239,0.96607
774,1010.8,8314713,564193,0.552,0.598,9411,10827,14479,0.01750883,0,0,0.0677,0.1339,0.3006,0.0501,0.01158,0.58474,0.15094,-0.00101,0.33759,0.9621
775,1012.0,8325560,564904,0.603,0.594,9060,10847,14502,0.01750559,0,0,0.0702,0.1412,0.3078,0.0838,0.01144,0.58195,0.15642,0.00055,0.34658,0.99487
776,1013.2,8336439,565629,0.563,0.593,9407,10879,14532,0.01750233,0,0,0.0711,0.1455,0.2974,0.049,0.01161,0.58034,0.14004,-0.00333,0.32149,0.9928
777,1014.4,8347280,566342,0.647,0.596,8720,10841,14525,0.01749907,0,0,0.0743,0.1551,0.3306,0.0872,0.012,0.58314,0.13904,-0.0039,0.32132,1.0124
778,1015.6,8358134,567062,0.568,0.599,9302,10854,14504,0.01749582,0,0,0.071,0.1428,0.3047,0.0498,0.01318,0.58469,0.13721,-0.00456,0.32005,1.04326
779,1016.8,8368984,567777,0.596,0.596,9108,10850,14512,0.01749256,0,0,0.069,0.1375,0.3053,0.0838,0.01179,0.58308,0.14192,-0.00331,0.32762,1.06185
780,1017.9,8379865,568486,0.536,0.598,9590,10881,14528,0.0174893,0,0,0.0637,0.127,0.2943,0.051,0.01194,0.58579,0.13781,-0.00382,0.3206,1.06792
781,1019.1,8390744,569226,0.606,0.595,9057,10879,14506,0.01748604,0,0,0.0725,0.1425,0.2925,0.099,0.01148,0.58207,0.13951,-0.00116,0.31885,1.07278
782,1020.3,8401585,569928,0.585,0.591,9217,10841,14510,0.01748278,0,0,0.0728,0.1486,0.3168,0.0472,0.01176,0.57831,0.13487,-0.00148,0.30978,1.06012
783,1021.6,8412456,570666,0.712,0.593,8336,10871,14555,0.01747952,0,0,0.0775,0.1778,0.3536,0.1027,0.0121,0.57942,0.14349,-0.00537,0.33512,1.07009
784,1022.8,8423303,571376,0.631,0.583,8941,10847,14506,0.01747626,0,0,0.0807,0.1754,0.3228,0.0517,0.01119,0.57028,0.13512,-0.00105,0.3104,1.08863
785,1024.1,8434154,572107,0.694,0.582,8500,10851,14486,0.01747301,0,0,0.0795,0.1676,0.3363,0.1108,0.01123,0.57017,0.13676,-0.00402,0.3192,1.07707
786,1025.3,8445004,572826,0.66,0.601,8602,10850,14524,0.01746975,0,0,0.0824,0.17,0.34,0.0676,0.01417,0.58619,0.13938,-0.00178,0.31998,1.07782
787,1026.8,8455837,573532,0.816,0.623,7526,10833,14489,0.0174665,0,0,0.0917,0.192,0.4097,0.1229,0.01412,0.60799,0.14155,-0.00601,0.33225,1.06326
788,1028.1,8466686,574270,0.75,0.622,7909,10849,14505,0.01746325,0,0,0.0872,0.2057,0.3946,0.0622,0.01344,0.60763,0.13678,0.0007,0.31042,1.09571
789,1029.4,8477506,574997,0.655,0.622,8476,10820,14461,0.01745999,0,0,0.0796,0.1492,0.3825,0.0436,0.01167,0.60883,0.13213,-0.00339,0.3087,1.07842
790,1030.7,8488370,575710,0.672,0.619,8409,10864,14514,0.01745675,0,0,0.0793,0.1586,0.3483,0.0863,0.01219,0.60627,0.14171,-0.00031,0.32113,1.06189
791,1032.1,8499220,576417,0.725,0.638,7962,10850,14513,0.01745349,0,0,0.0899,0.1739,0.406,0.0555,0.01609,0.62063,0.12507,-0.0014,0.29066,1.08068
792,1033.5,8510082,577145,0.792,0.64,7586,10862,14528,0.01745023,0,0,0.0834,0.1932,0.4183,0.0972,0.01252,0.626,0.13391,-0.00416,0.31248,1.04084
793,1035.1,8520873,577857,0.903,0.65,6947,10791,14463,0.01744698,0,0,0.0902,0.209,0.4513,0.1525,0.0125,0.63687,0.13149,-0.00405,0.30772,1.04974
794,1036.5,8531704,578588,0.77,0.652,7617,10831,14506,0.01744374,0,0,0.0858,0.1953,0.406,0.0831,0.01505,0.63576,0.1326,-0.00014,0.30209,1.04946
795,1037.9,8542502,579316,0.781,0.633,7639,10798,14476,0.01744049,0,0,0.0914,0.1801,0.4099,0.0995,0.01203,0.61947,0.14036,-0.00347,0.32362,1.03139
796,1039.2,8553370,580027,0.714,0.62,8143,10868,14550,0.01743725,0,0,0.0885,0.1877,0.3755,0.0627,0.0131,0.60617,0.12517,-0.00487,0.29761,1.07594
797,1040.7,8564261,580748,0.822,0.62,7550,10891,14538,0.01743399,0,0,0.1004,0.1976,0.4038,0.1205,0.01197,0.60731,0.14124,-0.00393,0.32716,1.05557
798,1042.0,8575135,581486,0.746,0.605,8048,10874,14551,0.01743072,0,0,0.096,0.1916,0.3839,0.0747,0.01337,0.5907,0.13091,-0.00186,0.30303,1.07504
799,1043.4,8585993,582207,0.716,0.607,8204,10858,14516,0.01742746,0,0,0.085,0.164,0.3671,0.1003,0.01168,0.59418,0.13579,-0.00021,0.30971,1.08243
800,1044.6,8596840,582945,0.648,0.615,8591,10847,14491,0.0174242,0,0,0.0793,0.1623,0.3546,0.0519,0.01171,0.60188,0.12472,-0.00464,0.29635,1.07988
801,1046.3,8607705,583689,0.718,0.616,8143,10865,14505,0.01742095,0,0,0.0819,0.1795,0.3424,0.1141,0.01424,0.60128,0.1291,-0.00346,0.30318,1.09208
802,1047.9,8618506,584434,0.768,0.619,7787,10801,14513,0.01741769,0,0,0.087,0.2131,0.3851,0.0827,0.01569,0.60255,0.12767,-0.00109,0.29676,1.12678
803,1049.2,8629274,585157,0.723,0.607,8101,10768,14473,0.01741445,0,0,0.0907,0.1687,0.3671,0.0962,0.01221,0.59336,0.13452,-0.00164,0.31248,1.15333
804,1050.6,8640036,585900,0.736,0.609,8001,10762,14487,0.01741122,0,0,0.0852,0.1874,0.3822,0.0812,0.01287,0.5948,0.11409,-0.00336,0.27614,1.18488
805,1052.0,8650765,586631,0.821,0.605,7523,10729,14453,0.01740799,0,0,0.0941,0.2105,0.4075,0.1087,0.01205,0.59255,0.12122,-0.00052,0.28373,1.15616
806,1053.2,8661535,587363,0.643,0.613,8571,10770,14506,0.01740477,0,0,0.0852,0.1686,0.3469,0.0425,0.01241,0.59996,0.12674,-0.00083,0.29602,1.17446
807,1054.6,8672274,588097,0.762,0.613,7812,10739,14462,0.01740154,0,0,0.0882,0.1971,0.376,0.1002,0.01254,0.59948,0.1121,-0.00588,0.27718,1.18425
808,1056.0,8683040,588815,0.826,0.612,7488,10766,14474,0.01739832,0,0,0.0958,0.2146,0.374,0.1418,0.01327,0.59697,0.13358,-0.00317,0.31387,1.16028
809,1057.6,8693760,589547,0.872,0.634,7118,10720,14444,0.01739509,0,0,0.0937,0.2314,0.3885,0.1585,0.01252,0.60896,0.1231,-0.00193,0.29011,1.15132
810,1059.2,8704534,590298,1.06,0.619,6417,10774,14512,0.01739187,0,0,0.1049,0.3964,0.4369,0.1216,0.01265,0.6057,0.12393,-0.00256,0.29314,1.15451
811,1060.7,8715271,591025,0.809,0.618,7521,10737,14455,0.01738864,0,0,0.097,0.1961,0.4044,0.1117,0.01191,0.60544,0.12896,-0.00428,0.306,1.13642
812,1062.0,8726056,591766,0.746,0.625,7862,10785,14519,0.01738542,0,0,0.0922,0.2004,0.3956,0.0582,0.0128,0.61122,0.13795,-0.00116,0.31714,1.11958
813,1063.6,8736802,592490,0.928,0.64,6856,10746,14462,0.01738218,0,0,0.0933,0.2842,0.4133,0.1369,0.01275,0.62561,0.12929,-0.00384,0.30504,1.11576
814,1064.9,8747563,593216,0.635,0.63,8508,10761,14455,0.01737896,0,0,0.0765,0.1572,0.3406,0.0607,0.01255,0.61661,0.13104,-0.00562,0.31183,1.10809
815,1066.2,8758344,593944,0.674,0.609,8400,10781,14481,0.01737573,0,0,0.0779,0.1544,0.3481,0.094,0.01178,0.5963,0.13453,0.00141,0.30606,1.14558
816,1067.5,8769134,594662,0.741,0.601,8042,10790,14521,0.0173725,0,0,0.0938,0.1919,0.3891,0.0664,0.01204,0.58765,0.13047,-0.0043,0.30909,1.13808
817,1068.8,8779909,595395,0.693,0.601,8325,10775,14486,0.01736926,0,0,0.0872,0.1828,0.3351,0.0881,0.01181,0.58819,0.12295,-0.00262,0.29079,1.14161
818,1070.1,8790683,596139,0.731,0.601,8094,10774,14508,0.01736603,0,0,0.0905,0.2019,0.3787,0.0596,0.01236,0.58724,0.12909,-0.00132,0.29963,1.11748
819,1071.4,8801463,596880,0.681,0.613,8333,10780,14524,0.0173628,0,0,0.0787,0.1595,0.3426,0.0999,0.01206,0.60004,0.13571,-0.00377,0.3189,1.1505
820,1072.7,8812278,597616,0.683,0.613,8347,10815,14517,0.01735956,0,0,0.0872,0.187,0.3459,0.0625,0.01228,0.60026,0.1364,-0.00748,0.32749,1.14458
821,1073.9,8823055,598364,0.602,0.614,8864,10777,14526,0.01735632,0,0,0.0709,0.1375,0.3088,0.085,0.01156,0.60117,0.13083,-0.00018,0.30135,1.13294
822,1075.2,8833900,599110,0.628,0.619,8702,10845,14579,0.01735308,0,0,0.0797,0.1695,0.3244,0.054,0.01589,0.60195,0.14549,0.00087,0.32864,1.13514
823,1076.5,8844728,599836,0.745,0.614,7967,10828,14555,0.01734983,0,0,0.0888,0.2002,0.3568,0.0996,0.01209,0.6006,0.1331,-0.00312,0.31093,1.10886
824,1077.8,8855551,600573,0.667,0.611,8467,10823,14560,0.01734658,0,0,0.0789,0.1806,0.347,0.0609,0.01237,0.59772,0.13595,-0.0034,0.31755,1.11932
825,1079.1,8866340,601294,0.704,0.607,8227,10789,14510,0.01734333,0,0,0.0843,0.1765,0.3478,0.0957,0.0121,0.59418,0.13345,-0.00155,0.30887,1.12065
826,1080.4,8877179,602011,0.677,0.613,8401,10839,14572,0.0173401,0,0,0.0839,0.1791,0.3443,0.0696,0.0129,0.59937,0.14125,0.00111,0.31979,1.13918
827,1081.8,8888021,602739,0.732,0.622,8010,10842,14570,0.01733685,0,0,0.0899,0.1856,0.3592,0.0968,0.01255,0.60882,0.13243,-0.00352,0.31014,1.10253
828,1083.0,8898835,603450,0.586,0.624,8936,10814,14529,0.01733359,0,0,0.0719,0.1432,0.3179,0.0529,0.012,0.61155,0.1429,0.00029,0.32341,1.10197
829,1084.3,8909702,604184,0.645,0.626,8548,10867,14583,0.01733035,0,0,0.0799,0.1463,0.3388,0.0804,0.01322,0.61163,0.13292,-0.00309,0.31067,1.11518
830,1085.5,8920590,604896,0.659,0.619,8518,10888,14612,0.01732709,0,0,0.0805,0.1772,0.3442,0.0575,0.01197,0.60575,0.12738,-0.00686,0.30819,1.14597
831,1086.9,8931405,605620,0.766,0.623,7784,10815,14557,0.01732382,0,0,0.0939,0.1947,0.3592,0.1181,0.01458,0.60766,0.13761,-0.00153,0.31709,1.12015
832,1088.3,8942251,606354,0.777,0.618,7772,10846,14537,0.01732058,0,0,0.0954,0.2057,0.3939,0.0824,0.01253,0.60433,0.14385,-0.00114,0.32821,1.10349
833,1089.7,8953085,607080,0.752,0.67,7616,10834,14545,0.01731732,0,0,0.0869,0.1935,0.3514,0.1203,0.01244,0.65688,0.14025,-0.00312,0.32545,1.11747
834,1091.3,8963919,607808,0.854,0.685,7036,10834,14546,0.01731407,0,0,0.0955,0.2076,0.4425,0.1089,0.01473,0.66951,0.1279,-0.00376,0.30212,1.12041
835,1092.7,8974772,608525,0.705,0.678,7846,10853,14568,0.01731082,0,0,0.0858,0.1713,0.3948,0.0533,0.01221,0.6648,0.14526,-0.00295,0.33561,1.13211
836,1094.2,8985605,609251,0.804,0.683,7285,10833,14551,0.01730757,0,0,0.0863,0.1864,0.3991,0.1318,0.01398,0.66836,0.13285,-0.00703,0.31851,1.1198
837,1095.7,8996415,609978,0.854,0.669,7094,10810,14513,0.01730432,0,0,0.0969,0.2211,0.4181,0.1183,0.01294,0.6555,0.15245,-0.00519,0.35356,1.10636
838,1097.0,9007217,610695,0.742,0.627,7892,10802,14522,0.01730108,0,0,0.0863,0.1943,0.3954,0.0662,0.0143,0.61121,0.13408,-0.00414,0.31492,1.11178
839,1098.4,9018019,611432,0.718,0.621,8066,10802,14521,0.01729783,0,0,0.0802,0.1838,0.3518,0.1021,0.01289,0.60746,0.15727,-0.00029,0.35333,1.10466
840,1099.7,9028805,612145,0.71,0.624,8084,10786,14492,0.01729459,0,0,0.0845,0.1794,0.3773,0.0689,0.01241,0.61067,0.14323,-0.00018,0.32533,1.11373
841,1101.1,9039586,612878,0.775,0.626,7695,10781,14487,0.01729136,0,0,0.0859,0.2014,0.3701,0.1176,0.0126,0.61244,0.14971,-0.00291,0.34292,1.08925
842,1102.4,9050389,613600,0.694,0.624,8197,10803,14535,0.01728812,0,0,0.0845,0.1742,0.3626,0.0727,0.01255,0.6105,0.13994,-0.00407,0.3264,1.11034
843,1103.7,9061161,614307,0.634,0.626,8548,10772,14469,0.01728488,0,0,0.0753,0.1371,0.3228,0.0986,0.01277,0.61273,0.14749,-0.00607,0.34512,1.09955
844,1104.9,9071981,615031,0.596,0.623,8878,10820,14520,0.01728165,0,0,0.0742,0.1541,0.3129,0.0545,0.01225,0.60967,0.14716,-0.00629,0.34519,1.10779
845,1106.2,9082736,615765,0.682,0.609,8329,10755,14495,0.01727841,0,0,0.0888,0.1661,0.3261,0.1011,0.01211,0.59612,0.14831,-0.00054,0.33626,1.11525
846,1107.5,9093534,616465,0.676,0.606,8427,10798,14513,0.01727518,0,0,0.0871,0.1796,0.3553,0.0536,0.012,0.59297,0.14613,0.0028,0.3264,1.14989
847,1108.8,9104326,617176,0.68,0.612,8347,10792,14498,0.01727194,0,0,0.0824,0.1734,0.324,0.1007,0.0119,0.59977,0.15793,0.00029,0.35276,1.08548
848,1110.0,9115070,617889,0.629,0.61,8669,10744,14463,0.0172687,0,0,0.0801,0.1685,0.315,0.0655,0.0132,0.59636,0.15748,0.00095,0.35151,1.11314
849,1111.2,9125862,618615,0.588,0.605,9048,10792,14504,0.01726548,0,0,0.0734,0.1411,0.2977,0.0756,0.01233,0.59196,0.14823,-0.00528,0.34571,1.12035
850,1112.3,9136661,619336,0.502,0.604,9761,10799,14505,0.01726224,0,0,0.0635,0.1282,0.2682,0.0423,0.01099,0.5924,0.15332,-0.00225,0.34948,1.11044
851,1113.6,9147466,620057,0.656,0.614,8507,10805,14521,0.017259,0,0,0.0754,0.1462,0.3165,0.1178,0.0118,0.60161,0.15115,-0.00424,0.34964,1.12553
852,1115.0,9158276,620781,0.712,0.607,8196,10810,14528,0.01725576,0,0,0.0786,0.2005,0.3698,0.0633,0.01164,0.59411,0.14836,-0.00264,0.3396,1.08939
853,1116.2,9169029,621504,0.565,0.601,9221,10753,14461,0.01725252,0,0,0.0684,0.1336,0.2918,0.071,0.01034,0.59022,0.13992,-0.0056,0.32794,1.0692
854,1117.4,9179816,622244,0.57,0.604,9191,10787,14499,0.01724929,0,0,0.0722,0.1446,0.3088,0.0439,0.01151,0.59173,0.14382,-0.00341,0.33244,1.10088
855,1118.6,9190622,622962,0.636,0.609,8680,10806,14521,0.01724606,0,0,0.0754,0.1563,0.34,0.0644,0.01219,0.59595,0.14653,-0.00341,0.33852,1.11998
856,1119.7,9201421,623690,0.47,0.608,10024,10799,14523,0.01724281,0,0,0.059,0.1053,0.268,0.0372,0.00952,0.59765,0.13703,-0.00474,0.32129,1.09476
857,1120.8,9212214,624430,0.537,0.61,9412,10793,14476,0.01723957,0,0,0.0651,0.1262,0.2825,0.0631,0.01227,0.59691,0.15404,-0.00392,0.35302,1.07585
858,1122.0,9222982,625158,0.559,0.628,9069,10768,14502,0.01723634,0,0,0.0704,0.1351,0.3066,0.0468,0.01148,0.61619,0.14504,-0.00441,0.33692,1.1027
859,1123.4,9233770,625885,0.701,0.637,8059,10788,14511,0.01723311,0,0,0.0786,0.1639,0.3579,0.1009,0.01193,0.62446,0.13946,-0.00484,0.3269,1.11137
860,1124.7,9244528,626609,0.695,0.618,8195,10758,14456,0.01722987,0,0,0.0821,0.187,0.3785,0.0475,0.01103,0.60554,0.15873,-0.00321,0.36172,1.09797
861,1125.8,9255289,627340,0.553,0.601,9324,10761,14483,0.01722664,0,0,0.0648,0.1213,0.3009,0.0661,0.01091,0.58969,0.14969,-0.00791,0.35349,1.1115
862,1126.9,9266086,628073,0.483,0.6,9970,10797,14517,0.01722341,0,0,0.06,0.1055,0.2832,0.0338,0.01119,0.58846,0.14631,-0.00324,0.33805,1.1306
863,1128.1,9276789,628801,0.58,0.6,9068,10703,14409,0.01722017,0,0,0.0668,0.1355,0.3093,0.0688,0.0118,0.58733,0.13901,-0.00635,0.32903,1.11224
864,1129.2,9287546,629528,0.534,0.602,9477,10757,14466,0.01721696,0,0,0.0665,0.1298,0.3044,0.0329,0.01208,0.58887,0.14832,-0.00812,0.35196,1.13476
865,1130.4,9298292,630253,0.537,0.593,9514,10746,14462,0.01721374,0,0,0.0678,0.1201,0.2846,0.0642,0.01117,0.58089,0.13512,-0.0067,0.32274,1.1358
866,1131.5,9309083,631001,0.539,0.603,9451,10791,14505,0.01721051,0,0,0.064,0.131,0.2825,0.0615,0.01215,0.58954,0.13496,-0.00611,0.32066,1.11947
867,1132.7,9319861,631733,0.591,0.596,9076,10778,14519,0.01720728,0,0,0.0697,0.1402,0.3043,0.0773,0.01243,0.5825,0.14021,-0.0009,0.32194,1.15436
868,1134.0,9330645,632450,0.685,0.596,8416,10784,14494,0.01720404,0,0,0.0712,0.1456,0.2948,0.1738,0.01138,0.58347,0.14653,-0.00266,0.33701,1.12298
869,1135.2,9341411,633175,0.59,0.593,9100,10766,14477,0.01720081,0,0,0.0724,0.1491,0.302,0.0667,0.01175,0.5804,0.13497,-0.00197,0.31334,1.1473
870,1136.3,9352205,633896,0.551,0.585,9502,10794,14488,0.01719758,0,0,0.0659,0.134,0.2847,0.0661,0.01195,0.5725,0.13653,-0.00437,0.32064,1.12877
871,1137.4,9363006,634613,0.561,0.579,9477,10801,14517,0.01719434,0,0,0.0664,0.1308,0.2884,0.0755,0.00964,0.56838,0.14171,-0.00027,0.32413,1.16787
872,1138.6,9373761,635340,0.568,0.581,9361,10755,14475,0.0171911,0,0,0.0774,0.1466,0.2942,0.0497,0.01031,0.57021,0.13831,-0.00148,0.31853,1.13264
873,1139.7,9384505,636076,0.48,0.581,10122,10744,14453,0.01718787,0,0,0.0583,0.1006,0.2538,0.0676,0.0104,0.57008,0.14083,-0.00437,0.32877,1.11578
874,1140.7,9395322,636802,0.47,0.581,10301,10817,14519,0.01718465,0,0,0.0612,0.1086,0.2618,0.0379,0.01132,0.56862,0.13861,-0.00426,0.32412,1.11654
875,1141.8,9406082,637527,0.538,0.58,9623,10760,14485,0.0171814,0,0,0.064,0.1184,0.2883,0.0673,0.01029,0.56904,0.14208,-0.00259,0.32823,1.13178
876,1143.0,9416858,638262,0.537,0.596,9509,10776,14516,0.01717818,0,0,0.0686,0.1444,0.2894,0.0346,0.01093,0.58451,0.14206,-0.0069,0.33628,1.11695
877,1144.2,9427576,638981,0.636,0.595,8707,10718,14451,0.01717494,0,0,0.0743,0.1496,0.3279,0.0841,0.01196,0.58253,0.13943,-0.00117,0.31973,1.12167
878,1145.4,9438329,639729,0.594,0.603,8981,10753,14489,0.01717173,0,0,0.0739,0.1566,0.3161,0.0479,0.01233,0.5898,0.13999,-0.00041,0.32058,1.1581
879,1146.5,9449063,640438,0.542,0.614,9288,10734,14472,0.0171685,0,0,0.0631,0.1123,0.3002,0.0664,0.01092,0.60216,0.14299,0.0001,0.32515,1.14647
880,1147.7,9459863,641181,0.519,0.613,9541,10800,14524,0.01716528,0,0,0.0619,0.121,0.2992,0.0364,0.01108,0.60151,0.15164,-0.00064,0.3435,1.13439
881,1148.9,9470612,641897,0.601,0.612,8865,10749,14446,0.01716204,0,0,0.0733,0.1431,0.3263,0.0577,0.01191,0.59937,0.13393,-0.00632,0.32015,1.15513
882,1150.1,9481331,642632,0.616,0.617,8694,10719,14451,0.01715882,0,0,0.0742,0.1449,0.3217,0.075,0.01271,0.60373,0.1531,-0.00285,0.35091,1.13679
883,1151.3,9492164,643349,0.56,0.597,9363,10833,14574,0.0171556,0,0,0.0736,0.1333,0.3173,0.0361,0.01139,0.5847,0.15219,-0.00366,0.35087,1.1419
884,1152.5,9502942,644091,0.591,0.602,9033,10778,14477,0.01715235,0,0,0.0688,0.1349,0.3113,0.0757,0.01206,0.58979,0.14641,-0.00508,0.34154,1.12417
885,1153.6,9513707,644831,0.478,0.615,9847,10765,14477,0.01714912,0,0,0.0593,0.1026,0.2749,0.0412,0.0103,0.60414,0.13684,-0.00394,0.32008,1.12284
886,1154.8,9524486,645556,0.608,0.636,8661,10779,14504,0.01714589,0,0,0.0714,0.1427,0.3191,0.0752,0.01203,0.62325,0.14417,-0.00596,0.3383,1.10968
887,1156.1,9535183,646286,0.608,0.642,8559,10697,14398,0.01714265,0,0,0.0736,0.1438,0.3466,0.0441,0.01169,0.62932,0.1397,-0.00381,0.32569,1.12793
888,1157.4,9545910,647005,0.66,0.648,8201,10727,14445,0.01713945,0,0,0.075,0.1654,0.3401,0.0798,0.01157,0.63516,0.14238,-0.00154,0.32541,1.09598
889,1158.6,9556673,647752,0.626,0.616,8667,10763,14474,0.01713623,0,0,0.078,0.1455,0.3487,0.0537,0.01201,0.60293,0.13515,-0.00183,0.3126,1.12717
890,1159.8,9567360,648481,0.549,0.6,9304,10687,14425,0.017133,0,0,0.0626,0.1171,0.3106,0.0588,0.01136,0.58757,0.15864,0.00111,0.35273,1.09951
891,1160.8,9578042,649206,0.458,0.6,10094,10682,14374,0.01712979,0,0,0.057,0.0975,0.2745,0.0294,0.01149,0.58781,0.14656,-0.00292,0.33577,1.07433
892,1161.9,9588722,649924,0.464,0.588,10153,10680,14412,0.01712659,0,0,0.0528,0.0944,0.2648,0.052,0.01134,0.57588,0.13679,-0.0052,0.32138,1.09176
893,1162.9,9599395,650669,0.433,0.583,10511,10673,14400,0.01712338,0,0,0.0547,0.0914,0.2556,0.0312,0.00984,0.57211,0.12967,-0.00641,0.30978,1.09873
894,1163.9,9610077,651401,0.447,0.591,10297,10682,14404,0.01712018,0,0,0.0505,0.0904,0.2521,0.0539,0.01107,0.5788,0.14731,-0.00163,0.33539,1.09596
895,1164.9,9620783,652118,0.421,0.585,10640,10706,14424,0.01711698,0,0,0.051,0.0888,0.2479,0.0335,0.01012,0.57427,0.14257,-0.00328,0.32918,1.09483
896,1165.9,9631508,652853,0.423,0.589,10593,10725,14431,0.01711377,0,0,0.0496,0.0903,0.2542,0.0293,0.01078,0.57767,0.13782,-0.00772,0.32937,1.11912
897,1167.0,9642207,653591,0.457,0.588,10230,10699,14431,0.01711055,0,0,0.0513,0.0921,0.2569,0.0571,0.01092,0.57684,0.12897,-0.00438,0.30533,1.12901
898,1168.0,9652910,654325,0.464,0.587,10187,10703,14435,0.01710734,0,0,0.0557,0.1011,0.2731,0.0337,0.01131,0.57492,0.14087,-0.00633,0.33239,1.11042
899,1169.1,9663637,655056,0.524,0.586,9657,10727,14459,0.01710413,0,0,0.0615,0.1168,0.2745,0.0717,0.01103,0.57462,0.13122,-0.00373,0.30792,1.1115
900,1170.2,9674354,655789,0.503,0.586,9846,10717,14442,0.01710091,0,0,0.0637,0.1239,0.2731,0.0422,0.01119,0.57366,0.14241,-0.00592,0.33463,1.10988
901,1171.4,9685047,656530,0.553,0.588,9370,10693,14454,0.01709769,0,0,0.0645,0.1229,0.2888,0.077,0.01072,0.57649,0.13952,-0.00904,0.33516,1.11249
902,1172.7,9695762,657247,0.596,0.601,8949,10715,14418,0.01709449,0,0,0.0762,0.1575,0.3181,0.0445,0.01158,0.58879,0.15069,-0.00228,0.3438,1.10711
903,1173.9,9706525,657953,0.599,0.58,9131,10763,14488,0.01709127,0,0,0.0657,0.1314,0.317,0.0846,0.01342,0.56544,0.14964,-0.00566,0.34702,1.06539
904,1175.0,9717329,658672,0.57,0.573,9447,10804,14516,0.01708804,0,0,0.0608,0.1183,0.2785,0.1128,0.01017,0.56254,0.15347,-0.00332,0.3498,1.06038
905,1176.1,9728043,659393,0.497,0.576,9982,10714,14440,0.0170848,0,0,0.0621,0.1156,0.2603,0.0594,0.01122,0.56385,0.14592,-0.00453,0.33766,1.07589
906,1177.2,9738801,660122,0.547,0.581,9543,10758,14499,0.01708159,0,0,0.072,0.1367,0.2913,0.0465,0.01136,0.56836,0.14608,-0.0051,0.33903,1.0732
907,1178.5,9749562,660851,0.704,0.574,8421,10761,14474,0.01707836,0,0,0.0807,0.1734,0.3506,0.099,0.01176,0.56107,0.13706,-0.00782,0.32565,1.05045
908,1179.6,9760309,661584,0.566,0.572,9436,10747,14478,0.01707513,0,0,0.0787,0.1488,0.2894,0.0496,0.01105,0.56043,0.15431,-0.00426,0.3526,1.03839
909,1180.8,9771048,662306,0.598,0.583,9088,10739,14463,0.01707191,0,0,0.0733,0.1499,0.2943,0.0809,0.01152,0.5705,0.15084,-0.00417,0.3453,1.033
910,1182.1,9781841,663024,0.727,0.593,8180,10793,14540,0.01706869,0,0,0.0901,0.1996,0.3636,0.0733,0.01508,0.57691,0.13338,-0.00764,0.31909,1.08528
911,1183.3,9792601,663744,0.555,0.57,9561,10760,14469,0.01706545,0,0,0.0711,0.1305,0.2926,0.0613,0.01121,0.55762,0.15141,0.00109,0.33591,1.03322
912,1184.4,9803347,664482,0.57,0.571,9417,10746,14475,0.01706222,0,0,0.0791,0.1584,0.2948,0.0376,0.01157,0.55891,0.1422,-0.00154,0.32374,1.06252
913,1185.6,9814124,665207,0.563,0.593,9329,10777,14482,0.017059,0,0,0.0701,0.1323,0.2857,0.0746,0.01207,0.57974,0.1351,-0.00322,0.31372,1.08711
914,1186.7,9824867,665938,0.544,0.62,9230,10743,14459,0.01705576,0,0,0.069,0.126,0.3082,0.0411,0.01144,0.60742,0.13886,-0.00537,0.32507,1.07307
915,1188.0,9835639,666662,0.664,0.612,8445,10772,14520,0.01705254,0,0,0.0746,0.1604,0.341,0.0878,0.01208,0.59888,0.12764,-0.00677,0.30578,1.0837
916,1189.1,9846438,667390,0.52,0.611,9547,10799,14508,0.01704931,0,0,0.0651,0.1143,0.2948,0.046,0.01155,0.59874,0.13464,-0.00632,0.31841,1.07004
917,1190.2,9857199,668104,0.507,0.618,9566,10761,14484,0.01704607,0,0,0.0599,0.1054,0.2906,0.0506,0.01152,0.60601,0.13118,-0.003,0.30543,1.08746
918,1191.4,9867983,668840,0.53,0.593,9601,10784,14487,0.01704284,0,0,0.0647,0.1259,0.2901,0.0495,0.01184,0.5803,0.13964,-0.00094,0.3178,1.07491
919,1192.5,9878739,669557,0.561,0.587,9371,10756,14489,0.01703961,0,0,0.0657,0.1218,0.2885,0.085,0.0115,0.57444,0.13812,-0.00286,0.31938,1.09834
920,1193.6,9889541,670267,0.541,0.577,9657,10802,14505,0.01703638,0,0,0.066,0.1313,0.3001,0.0439,0.01213,0.56462,0.12673,-0.00588,0.30194,1.07806
921,1194.7,9900320,670987,0.508,0.575,9955,10779,14518,0.01703314,0,0,0.0637,0.1226,0.2619,0.0594,0.01118,0.56326,0.11774,-0.00485,0.28347,1.12406
922,1195.7,9911116,671690,0.456,0.569,10536,10796,14505,0.0170299,0,0,0.0596,0.1089,0.2504,0.0371,0.01127,0.55683,0.13492,-0.00662,0.32125,1.12083
923,1196.8,9921925,672405,0.451,0.568,10610,10809,14519,0.01702667,0,0,0.0565,0.0985,0.2476,0.0483,0.01049,0.55661,0.12321,-0.00493,0.29459,1.1246
924,1197.9,9932722,673109,0.542,0.578,9643,10797,14502,0.01702342,0,0,0.0734,0.1399,0.2818,0.0464,0.01145,0.56602,0.13111,-0.0044,0.30906,1.11772
925,1199.1,9943469,673819,0.6,0.578,9125,10747,14490,0.01702018,0,0,0.0726,0.1429,0.3015,0.0828,0.0112,0.56617,0.12534,-0.00608,0.30162,1.13948
926,1200.2,9954278,674531,0.521,0.574,9871,10809,14521,0.01701696,0,0,0.0683,0.1348,0.2804,0.0375,0.01093,0.56232,0.13656,-0.00418,0.31979,1.12539
927,1201.3,9965076,675246,0.521,0.573,9871,10798,14499,0.01701372,0,0,0.0624,0.1209,0.2626,0.075,0.01148,0.56086,0.1291,-0.00515,0.30645,1.11568
928,1202.5,9975896,675955,0.463,0.572,10455,10820,14539,0.01701048,0,0,0.0602,0.1152,0.2525,0.0351,0.01158,0.55856,0.12816,-0.0039,0.30234,1.12322
929,1203.6,9986646,676681,0.538,0.57,9697,10750,14467,0.01700723,0,0,0.0637,0.1208,0.2703,0.0837,0.01107,0.55833,0.13725,-0.00737,0.32728,1.11792
930,1204.7,9997426,677405,0.524,0.571,9844,10780,14517,0.01700401,0,0,0.0579,0.1052,0.2459,0.1147,0.01096,0.55979,0.1317,-0.00667,0.3151,1.12794
931,1205.8,10008206,678130,0.519,0.572,9880,10780,14485,0.01700077,0,0,0.0696,0.1191,0.264,0.0659,0.01033,0.56142,0.13636,-0.00615,0.32292,1.11492
932,1206.8,10018972,678853,0.486,0.572,10169,10766,14481,0.01699754,0,0,0.0644,0.1164,0.2681,0.0376,0.01127,0.55991,0.13819,-0.00285,0.31919,1.09201
933,1208.0,10029712,679580,0.55,0.574,9552,10740,14467,0.01699431,0,0,0.0681,0.1257,0.2761,0.0803,0.01159,0.56201,0.12076,-0.00486,0.28958,1.12823
934,1209.0,10040516,680322,0.434,0.569,10772,10804,14511,0.01699109,0,0,0.0573,0.1043,0.2457,0.0266,0.01043,0.5581,0.1349,-0.00621,0.32123,1.14828
935,1210.0,10051288,681036,0.501,0.572,10045,10772,14493,0.01698785,0,0,0.0616,0.1163,0.2633,0.0594,0.01055,0.56052,0.12314,-0.00636,0.29775,1.14034
936,1211.1,10062067,681768,0.457,0.573,10461,10779,14499,0.01698461,0,0,0.0577,0.1053,0.258,0.0361,0.01063,0.56208,0.13136,-0.00413,0.31041,1.16071
937,1212.1,10072828,682487,0.497,0.573,10061,10761,14485,0.01698138,0,0,0.0624,0.1256,0.261,0.0477,0.01093,0.56104,0.12892,-0.00588,0.30882,1.15519
938,1213.3,10083566,683202,0.55,0.573,9562,10738,14472,0.01697815,0,0,0.0662,0.131,0.2784,0.0741,0.0114,0.5611,0.12792,-0.00141,0.29783,1.15332
939,1214.4,10094294,683911,0.523,0.571,9803,10728,14440,0.01697493,0,0,0.064,0.1227,0.2635,0.073,0.01077,0.55967,0.13137,-0.00597,0.31286,1.12497
940,1215.4,10105048,684626,0.469,0.572,10332,10754,14456,0.01697171,0,0,0.0605,0.1146,0.2578,0.0357,0.0113,0.56005,0.13658,-0.00538,0.3222,1.12769
941,1216.5,10115808,685358,0.495,0.572,10086,10760,14468,0.01696849,0,0,0.0626,0.111,0.2601,0.0614,0.0113,0.55976,0.13455,-0.00635,0.31993,1.12306
942,1217.5,10126529,686076,0.445,0.593,10325,10721,14436,0.01696526,0,0,0.0573,0.1026,0.2519,0.0333,0.01134,0.58121,0.1257,-0.00481,0.29966,1.13886
943,1218.7,10137264,686806,0.569,0.619,9033,10735,14459,0.01696204,0,0,0.0684,0.1303,0.3149,0.0556,0.01171,0.60669,0.12714,-0.00582,0.30444,1.13539
944,1219.9,10147999,687528,0.554,0.617,9166,10735,14454,0.01695882,0,0,0.0678,0.1268,0.3181,0.0417,0.01167,0.6043,0.14446,-0.00538,0.338,1.12985
945,1221.1,10158726,688252,0.586,0.612,8956,10727,14443,0.0169556,0,0,0.0671,0.1271,0.3079,0.0838,0.0114,0.59976,0.13472,-0.0066,0.32142,1.14392
946,1222.1,10169450,688979,0.485,0.583,10041,10724,14429,0.01695238,0,0,0.0613,0.1124,0.2792,0.0317,0.01067,0.57205,0.13049,-0.00612,0.31182,1.13879
947,1223.2,10180217,689704,0.518,0.586,9748,10767,14488,0.01694917,0,0,0.061,0.1169,0.2807,0.0595,0.01132,0.57421,0.12436,-0.0053,0.29816,1.14555
948,1224.3,10190955,690435,0.46,0.588,10245,10738,14472,0.01694593,0,0,0.0573,0.1012,0.2622,0.039,0.01236,0.57533,0.13881,-0.00585,0.32856,1.15759
949,1225.4,10201675,691155,0.564,0.583,9347,10720,14477,0.01694271,0,0,0.0675,0.129,0.2967,0.0711,0.01097,0.57072,0.12662,-0.00169,0.29462,1.12117
950,1226.5,10212422,691887,0.49,0.585,9998,10747,14478,0.0169395,0,0,0.0639,0.1194,0.2678,0.0387,0.01125,0.57316,0.12896,-0.00569,0.30738,1.1242
951,1227.7,10223110,692599,0.618,0.573,8980,10688,14417,0.01693627,0,0,0.07,0.1376,0.3304,0.0795,0.01169,0.56023,0.12507,-0.00726,0.30386,1.15734
952,1228.9,10233866,693338,0.513,0.571,9918,10756,14502,0.01693307,0,0,0.0662,0.1294,0.2721,0.0456,0.01121,0.55907,0.12735,-0.00755,0.30899,1.15715
953,1230.0,10244573,694071,0.523,0.573,9768,10707,14444,0.01692984,0,0,0.0616,0.1208,0.2597,0.0809,0.01105,0.56136,0.1176,-0.00651,0.28787,1.17117
954,1231.0,10255288,694800,0.445,0.569,10573,10715,14457,0.01692663,0,0,0.0568,0.1039,0.2419,0.042,0.01107,0.55705,0.12899,-0.00425,0.30608,1.16967
955,1232.2,10266047,695543,0.588,0.59,9138,10759,14494,0.01692341,0,0,0.0682,0.1312,0.2913,0.097,0.01162,0.57753,0.13492,-0.00478,0.31866,1.16017
956,1233.3,10276782,696260,0.552,0.589,9413,10735,14468,0.01692019,0,0,0.0686,0.1366,0.2885,0.0583,0.01176,0.57595,0.12138,-0.00692,0.29598,1.1637
957,1234.5,10287529,697001,0.583,0.587,9184,10747,14485,0.01691697,0,0,0.0686,0.1444,0.2853,0.0853,0.01099,0.57486,0.13358,-0.00546,0.31713,1.15381
958,1235.6,10298245,697717,0.516,0.586,9724,10716,14421,0.01691374,0,0,0.0654,0.1308,0.2807,0.0393,0.01097,0.57393,0.13673,-0.00651,0.3241,1.11195
959,1236.7,10308968,698462,0.548,0.589,9432,10723,14469,0.01691053,0,0,0.0676,0.1287,0.2867,0.0652,0.0125,0.57559,0.12793,-0.00629,0.30726,1.14795
960,1237.8,10319700,699191,0.454,0.584,10341,10732,14447,0.01690731,0,0,0.0566,0.0998,0.2648,0.0328,0.0106,0.57259,0.11632,-0.00602,0.28301,1.13376
961,1238.8,10330469,699906,0.437,0.583,10560,10769,14483,0.01690409,0,0,0.0509,0.0889,0.2487,0.0481,0.01051,0.57204,0.12775,-0.0019,0.29809,1.14716
962,1239.8,10341222,700647,0.435,0.585,10545,10753,14476,0.01690086,0,0,0.0532,0.0912,0.2511,0.0397,0.01129,0.57268,0.13221,-0.00535,0.31361,1.1384
963,1240.9,10352005,701374,0.481,0.588,10086,10783,14519,0.01689763,0,0,0.0561,0.0955,0.27,0.0594,0.01094,0.57663,0.13645,-0.0082,0.32893,1.17282
964,1241.9,10362739,702096,0.437,0.588,10463,10734,14438,0.0168944,0,0,0.0527,0.0935,0.2591,0.0322,0.01104,0.57682,0.12885,-0.00666,0.3102,1.15949
965,1242.9,10373470,702818,0.451,0.588,10326,10731,14438,0.01689118,0,0,0.0558,0.0979,0.2533,0.0444,0.01034,0.57682,0.13335,-0.00578,0.31821,1.18283
966,1244.0,10384276,703525,0.436,0.587,10562,10806,14524,0.01688796,0,0,0.0536,0.0947,0.2583,0.029,0.01087,0.57594,0.13427,-0.00557,0.31985,1.18927
967,1245.0,10395054,704243,0.477,0.588,10125,10778,14478,0.01688472,0,0,0.0554,0.0958,0.262,0.0635,0.0106,0.57662,0.12791,-0.00569,0.30816,1.21323
968,1246.0,10405788,704963,0.423,0.587,10630,10734,14446,0.01688148,0,0,0.053,0.0929,0.2468,0.0301,0.01014,0.57616,0.12615,-0.00855,0.30947,1.1869
969,1247.1,10416559,705689,0.473,0.586,10170,10771,14483,0.01687826,0,0,0.055,0.0967,0.26,0.061,0.011,0.57488,0.12798,-0.00889,0.31418,1.19778
970,1248.1,10427326,706400,0.437,0.585,10535,10767,14483,0.01687503,0,0,0.0533,0.0938,0.2572,0.0323,0.01113,0.57345,0.12606,-0.00784,0.30769,1.18195
971,1249.1,10438134,707130,0.406,0.569,11088,10808,14545,0.0168718,0,0,0.0489,0.0904,0.233,0.0337,0.0104,0.55763,0.13091,-0.0066,0.31571,1.20583
972,1250.1,10448883,707862,0.413,0.613,10476,10749,14496,0.01686856,0,0,0.0474,0.082,0.2394,0.0438,0.01168,0.60109,0.12929,-0.00297,0.30456,1.1864
973,1251.2,10459692,708570,0.491,0.612,9797,10809,14517,0.01686534,0,0,0.0567,0.0978,0.2763,0.0604,0.01126,0.60023,0.13614,-0.00698,0.32601,1.17915
974,1252.3,10470513,709302,0.47,0.612,10003,10821,14559,0.01686209,0,0,0.0581,0.1024,0.2707,0.0383,0.01137,0.60014,0.12004,-0.00665,0.29348,1.18879
975,1253.4,10481328,710023,0.488,0.612,9829,10815,14557,0.01685885,0,0,0.0551,0.0975,0.2732,0.0623,0.01084,0.6004,0.13347,-0.009,0.32641,1.22994
976,1254.4,10492164,710745,0.427,0.59,10661,10836,14550,0.0168556,0,0,0.05,0.0866,0.2589,0.031,0.01135,0.57784,0.12916,-0.00849,0.31648,1.22142
977,1255.4,10502941,711470,0.423,0.583,10716,10777,14506,0.01685235,0,0,0.0463,0.0814,0.2382,0.0572,0.01081,0.57103,0.12122,-0.00838,0.30014,1.21444
978,1256.5,10513776,712186,0.435,0.593,10535,10835,14572,0.01684912,0,0,0.0524,0.0974,0.2578,0.0275,0.00984,0.58286,0.119,-0.00961,0.29784,1.20566
979,1257.5,10524602,712898,0.477,0.583,10210,10826,14550,0.01684587,0,0,0.0545,0.0958,0.2749,0.0518,0.01135,0.5714,0.11932,-0.00929,0.29807,1.21275
980,1258.5,10535433,713612,0.444,0.573,10651,10831,14531,0.01684262,0,0,0.0584,0.1033,0.2455,0.0366,0.01106,0.56106,0.12554,-0.00593,0.30392,1.21681
981,1259.6,10546285,714316,0.502,0.571,10120,10852,14573,0.01683937,0,0,0.0624,0.1151,0.2587,0.0653,0.01082,0.55927,0.13135,-0.00641,0.31582,1.19655
982,1260.7,10557166,715022,0.481,0.57,10349,10881,14610,0.01683611,0,0,0.0632,0.1151,0.2639,0.0389,0.01128,0.55826,0.12781,-0.00478,0.30662,1.2304
983,1261.7,10568000,715729,0.506,0.573,10039,10834,14572,0.01683285,0,0,0.0644,0.118,0.259,0.0644,0.01165,0.5609,0.13933,-0.00449,0.3299,1.25507
984,1262.7,10578825,716430,0.43,0.568,10838,10825,14535,0.0168296,0,0,0.0554,0.1003,0.2461,0.0285,0.01026,0.55756,0.12525,-0.00831,0.30829,1.22287
985,1263.8,10589670,717134,0.498,0.575,10103,10845,14560,0.01682635,0,0,0.0633,0.1171,0.2647,0.053,0.01184,0.56262,0.13128,-0.00676,0.31769,1.23664
986,1265.0,10600480,717836,0.559,0.586,9439,10810,14506,0.0168231,0,0,0.0728,0.1395,0.3081,0.0385,0.01041,0.57459,0.13421,-0.0062,0.32211,1.22724
987,1266.2,10611286,718534,0.611,0.588,9013,10806,14536,0.01681986,0,0,0.0697,0.1393,0.301,0.1006,0.01154,0.57583,0.12893,-0.00737,0.31412,1.23477
988,1267.3,10622077,719242,0.56,0.586,9417,10791,14506,0.01681661,0,0,0.0631,0.1193,0.2752,0.1024,0.01143,0.57374,0.12277,-0.00623,0.29906,1.22113
989,1268.4,10632866,719949,0.534,0.586,9636,10789,14509,0.01681338,0,0,0.0629,0.1184,0.2991,0.0538,0.0102,0.57441,0.13134,-0.00804,0.31953,1.2122
990,1269.5,10643634,720645,0.48,0.588,10088,10768,14503,0.01681014,0,0,0.0623,0.1122,0.2706,0.0344,0.01083,0.57642,0.13526,-0.00676,0.32454,1.20443
991,1270.6,10654431,721353,0.494,0.586,9997,10797,14502,0.01680691,0,0,0.0599,0.1042,0.2735,0.0568,0.01032,0.57465,0.13288,-0.00613,0.31733,1.16955
992,1271.6,10665217,722071,0.477,0.584,10169,10786,14501,0.01680367,0,0,0.0602,0.1125,0.2732,0.0308,0.01042,0.5729,0.13196,-0.0048,0.31297,1.17405
993,1272.7,10676013,722787,0.463,0.585,10303,10796,14502,0.01680043,0,0,0.0537,0.0946,0.2505,0.0642,0.01123,0.57294,0.12544,-0.00744,0.30421,1.14443
994,1273.7,10686813,723491,0.457,0.582,10395,10800,14531,0.0167972,0,0,0.0573,0.1082,0.2636,0.0276,0.01136,0.57037,0.1373,-0.00106,0.31507,1.1416
995,1274.7,10697592,724222,0.439,0.582,10557,10779,14483,0.01679396,0,0,0.0521,0.0899,0.2455,0.0512,0.01072,0.57099,0.12771,-0.00565,0.30552,1.15544
996,1275.7,10708374,724932,0.402,0.582,10948,10782,14502,0.01679072,0,0,0.0498,0.088,0.2378,0.0267,0.01033,0.57157,0.14648,-0.00555,0.34368,1.17931
997,1276.7,10719200,725653,0.392,0.582,11108,10826,14559,0.01678749,0,0,0.0474,0.0835,0.2359,0.0257,0.01026,0.57128,0.12217,-0.00437,0.29268,1.17905
998,1277.7,10730041,726359,0.424,0.582,10777,10841,14571,0.01678424,0,0,0.0488,0.0858,0.2441,0.0458,0.01116,0.56972,0.12076,-0.00264,0.28682,1.19227
999,1278.8,10740862,727074,0.451,0.591,10387,10821,14510,0.01678099,0,0,0.0542,0.0938,0.2589,0.0442,0.01146,0.5787,0.13341,-0.0076,0.32192,1.18885
1000,1279.8,10751690,727781,0.475,0.584,10220,10828,14540,0.01677774,0,0,0.0559,0.1006,0.2555,0.0633,0.01114,0.57239,0.12886,-0.00503,0.3071,1.17179
1001,1281.1,10762548,728494,0.424,0.583,10780,10858,14522,0.01677449,0,0,0.0527,0.0919,0.2454,0.0339,0.01072,0.57215,0.14111,-0.00453,0.32754,1.081
1002,1282.3,10773426,729200,0.467,0.613,10076,10878,14529,0.01677124,0,0,0.0531,0.0957,0.2586,0.0596,0.01097,0.60097,0.13813,-0.00753,0.32769,1.0837
1003,1283.3,10784291,729909,0.441,0.617,10268,10865,14530,0.01676797,0,0,0.0505,0.0902,0.2692,0.0308,0.01136,0.60515,0.1459,-0.00857,0.34416,1.05037
1004,1284.5,10795129,730622,0.547,0.619,9294,10838,14516,0.01676471,0,0,0.0606,0.1166,0.3076,0.0622,0.01074,0.60778,0.14246,-0.00596,0.33187,1.04518
1005,1285.7,10806012,731343,0.559,0.623,9209,10883,14530,0.01676146,0,0,0.0661,0.1239,0.331,0.0376,0.01224,0.61005,0.13435,-0.00599,0.31551,1.03906
1006,1286.9,10816878,732064,0.581,0.617,9065,10866,14547,0.0167582,0,0,0.0635,0.1306,0.323,0.0643,0.01125,0.60528,0.13758,-0.00544,0.32151,1.0581
1007,1288.0,10827747,732775,0.524,0.62,9500,10869,14535,0.01675494,0,0,0.0651,0.1157,0.3065,0.0368,0.01129,0.60771,0.14222,-0.00476,0.32851,1.03079
1008,1289.2,10838639,733480,0.579,0.618,9101,10892,14556,0.01675168,0,0,0.0652,0.1263,0.3215,0.0658,0.01111,0.60638,0.14162,-0.00564,0.3285,1.01415
1009,1290.3,10849513,734183,0.488,0.588,10113,10874,14526,0.01674841,0,0,0.0602,0.1131,0.2795,0.0349,0.01119,0.57569,0.13549,-0.00452,0.31369,1.00538
1010,1291.4,10860393,734903,0.492,0.586,10099,10880,14546,0.01674515,0,0,0.0593,0.1101,0.2741,0.0483,0.01055,0.57426,0.13778,-0.00298,0.3159,1.02625
1011,1292.5,10871296,735620,0.523,0.59,9796,10903,14567,0.01674188,0,0,0.0668,0.1229,0.2929,0.0408,0.01068,0.57833,0.13485,-0.00428,0.3116,0.99589
1012,1293.7,10882146,736332,0.568,0.582,9437,10850,14512,0.01673861,0,0,0.0664,0.1343,0.2917,0.0758,0.01073,0.57019,0.13149,-0.00546,0.30665,0.97885
1013,1294.7,10893039,737036,0.46,0.572,10561,10893,14550,0.01673536,0,0,0.0588,0.1037,0.255,0.042,0.01034,0.56102,0.13633,-0.0073,0.31916,0.95253
1014,1295.7,10903925,737757,0.45,0.571,10662,10886,14562,0.01673209,0,0,0.0544,0.0945,0.2465,0.0545,0.00991,0.56049,0.14286,-0.00392,0.32539,0.95118
1015,1296.7,10914754,738481,0.44,0.579,10620,10829,14497,0.01672882,0,0,0.0541,0.0963,0.251,0.0391,0.01069,0.56788,0.13067,-0.00476,0.30383,0.98574
1016,1297.7,10925623,739180,0.404,0.57,11160,10869,14529,0.01672557,0,0,0.0475,0.0844,0.2409,0.0315,0.01093,0.55813,0.14239,-0.00456,0.32699,0.98889
1017,1298.7,10936507,739898,0.423,0.568,10978,10884,14555,0.01672231,0,0,0.0479,0.0847,0.2374,0.0534,0.01029,0.55713,0.14325,-0.00512,0.3292,0.97072
1018,1299.7,10947350,740607,0.395,0.571,11220,10843,14507,0.01671905,0,0,0.0483,0.0868,0.2316,0.0285,0.00975,0.56077,0.13767,-0.003,0.31507,1.00877
1019,1300.6,10958208,741305,0.398,0.572,11194,10858,14514,0.01671579,0,0,0.0485,0.0859,0.2367,0.0267,0.01027,0.56121,0.14352,-0.00293,0.32621,0.99622
1020,1301.6,10969115,742023,0.415,0.57,11074,10907,14574,0.01671254,0,0,0.047,0.0847,0.2331,0.0504,0.01118,0.55787,0.13807,-0.00519,0.32041,1.01397
1021,1302.6,10979982,742741,0.406,0.568,11157,10867,14520,0.01670927,0,0,0.048,0.0846,0.2362,0.0373,0.01042,0.55692,0.1431,-0.00382,0.32739,1.00372
1022,1303.6,10990881,743474,0.425,0.572,10942,10899,14555,0.01670601,0,0,0.0537,0.0965,0.2412,0.033,0.01158,0.5593,0.14995,-0.00037,0.33399,0.9983
1023,1304.6,11001725,744177,0.416,0.573,10970,10844,14492,0.01670274,0,0,0.0472,0.0857,0.2372,0.0459,0.00998,0.56193,0.13877,-0.00587,0.323,1.00974
1024,1305.5,11012587,744905,0.386,0.568,11379,10862,14508,0.01669948,0,0,0.0451,0.0805,0.2312,0.0294,0.01121,0.55654,0.14438,-0.00167,0.32641,1.02708
1025,1306.5,11023465,745625,0.413,0.57,11068,10878,14532,0.01669622,0,0,0.0465,0.0825,0.2332,0.0509,0.01038,0.55872,0.13815,7e-05,0.31005,1.01504
1026,1307.7,11034299,746350,0.567,0.572,9504,10834,14456,0.01669296,0,0,0.0762,0.1512,0.2967,0.0434,0.01171,0.56009,0.14512,-0.00379,0.33126,1.00184
1027,1308.8,11045125,747066,0.554,0.573,9610,10826,14468,0.01668971,0,0,0.0684,0.1283,0.2866,0.0704,0.01138,0.56065,0.13615,-0.00468,0.31551,1.01399
1028,1309.8,11055977,747769,0.497,0.568,10182,10852,14508,0.01668646,0,0,0.0655,0.1216,0.2712,0.0392,0.0106,0.55712,0.1296,-0.00388,0.30157,1.03669
1029,1311.0,11066849,748483,0.587,0.574,9359,10872,14554,0.01668321,0,0,0.0714,0.1441,0.297,0.0747,0.01119,0.56255,0.13306,-0.00497,0.31084,1.04198
1030,1312.1,11077728,749197,0.535,0.57,9846,10879,14544,0.01667995,0,0,0.0699,0.1383,0.2883,0.0382,0.011,0.55863,0.13977,-0.00229,0.31938,1.05696
1031,1313.3,11088569,749918,0.573,0.57,9481,10841,14491,0.01667668,0,0,0.0713,0.1364,0.2919,0.0735,0.01063,0.55898,0.12917,-0.00705,0.30777,1.05941
1032,1314.5,11099433,750612,0.597,0.601,9067,10864,14523,0.01667343,0,0,0.0708,0.1376,0.328,0.0604,0.01195,0.58827,0.14141,-0.00457,0.32733,1.06062
1033,1315.6,11110310,751336,0.581,0.597,9236,10877,14542,0.01667017,0,0,0.0697,0.1303,0.3171,0.0636,0.01127,0.58481,0.13574,-0.0018,0.31007,1.04975
1034,1316.9,11121110,752049,0.637,0.599,8736,10800,14450,0.01666691,0,0,0.0802,0.1596,0.3572,0.0398,0.01199,0.58656,0.12682,-0.00706,0.30331,1.06659
1035,1318.2,11131932,752764,0.691,0.605,8347,10822,14477,0.01666367,0,0,0.0801,0.1654,0.3542,0.0918,0.01256,0.5917,0.13308,-0.00888,0.31905,1.05409
1036,1319.4,11142765,753475,0.599,0.607,8986,10833,14490,0.01666042,0,0,0.0746,0.1447,0.3356,0.044,0.01177,0.59415,0.13715,-0.00485,0.32015,1.08523
1037,1320.7,11153622,754181,0.715,0.607,8210,10857,14515,0.01665717,0,0,0.0912,0.1607,0.3671,0.0959,0.01259,0.59392,0.13883,-0.00307,0.31989,1.0832
1038,1322.1,11164464,754895,0.795,0.588,7839,10842,14480,0.01665391,0,0,0.085,0.1704,0.3689,0.1712,0.01181,0.57485,0.15595,-0.00152,0.35116,1.08768
1039,1323.2,11175266,755591,0.563,0.586,9402,10802,14466,0.01665066,0,0,0.066,0.1337,0.2987,0.0646,0.01146,0.57364,0.13784,-0.00572,0.32353,1.0935
1040,1324.3,11186146,756307,0.5,0.603,9865,10880,14520,0.01664742,0,0,0.0643,0.1138,0.2855,0.0361,0.01231,0.59022,0.12047,-0.00674,0.29103,1.09915
1041,1325.4,11196951,757001,0.531,0.584,9698,10805,14457,0.01664416,0,0,0.0654,0.1163,0.2873,0.0616,0.01075,0.57218,0.14278,-0.00514,0.33092,1.05367
1042,1326.6,11207801,757728,0.542,0.589,9597,10850,14490,0.01664091,0,0,0.0688,0.1378,0.3013,0.0337,0.01138,0.57692,0.13779,-0.00716,0.3249,1.05128
1043,1327.7,11218640,758426,0.518,0.586,9817,10839,14460,0.01663766,0,0,0.0637,0.1101,0.2809,0.0635,0.0112,0.57394,0.13368,-0.00469,0.31246,1.07315
1044,1328.8,11229455,759136,0.491,0.586,10044,10815,14466,0.01663441,0,0,0.0629,0.1132,0.2792,0.0356,0.0118,0.57327,0.12458,-0.00804,0.30235,1.1154
1045,1329.9,11240269,759843,0.515,0.586,9820,10814,14442,0.01663116,0,0,0.0612,0.1117,0.2739,0.0683,0.01092,0.57461,0.13204,-0.00883,0.31947,1.13422
1046,1330.9,11251101,760551,0.485,0.585,10123,10832,14487,0.01662792,0,0,0.0619,0.1118,0.2784,0.0333,0.01124,0.57268,0.13133,-0.00564,0.31189,1.14094
1047,1332.1,11261904,761270,0.543,0.588,9549,10803,14460,0.01662467,0,0,0.0664,0.1195,0.2899,0.0674,0.0109,0.57653,0.14313,-0.00266,0.32932,1.13459
1048,1333.2,11272746,761960,0.537,0.586,9658,10842,14487,0.01662143,0,0,0.0683,0.1358,0.295,0.0377,0.01125,0.57362,0.12672,-0.00622,0.30265,1.10647
1049,1334.3,11283585,762698,0.518,0.585,9823,10839,14489,0.01661818,0,0,0.063,0.1122,0.2815,0.0613,0.01119,0.57332,0.13751,-0.00522,0.32237,1.11001
1050,1335.4,11294449,763407,0.527,0.587,9750,10864,14513,0.01661492,0,0,0.07,0.1265,0.2938,0.0366,0.01267,0.57398,0.12071,-0.00345,0.28536,1.11429
1051,1336.6,11305299,764106,0.56,0.586,9460,10850,14525,0.01661167,0,0,0.0661,0.1236,0.2922,0.0786,0.01268,0.57318,0.11834,-0.00652,0.28648,1.10621
1052,1337.7,11316156,764833,0.507,0.584,9953,10857,14533,0.01660841,0,0,0.0638,0.1212,0.2874,0.0341,0.01149,0.5722,0.11467,-0.0069,0.27999,1.10959
1053,1338.9,11326982,765548,0.542,0.585,9607,10826,14480,0.01660515,0,0,0.064,0.1178,0.2893,0.0707,0.01072,0.57375,0.13921,-0.00854,0.33075,1.06178
1054,1340.0,11337843,766277,0.503,0.584,9987,10861,14536,0.01660191,0,0,0.0646,0.1145,0.2861,0.0382,0.011,0.57206,0.13036,-0.00386,0.30388,1.06706
1055,1341.1,11348692,767006,0.585,0.587,9254,10849,14510,0.01659865,0,0,0.0687,0.1393,0.3019,0.0753,0.01165,0.57479,0.12435,-0.00415,0.29237,1.0651
1056,1342.3,11359536,767726,0.536,0.588,9646,10844,14511,0.01659539,0,0,0.069,0.1265,0.2998,0.041,0.01175,0.57548,0.12172,-0.00353,0.28697,1.09848
1057,1343.4,11370351,768445,0.587,0.586,9221,10815,14458,0.01659214,0,0,0.068,0.1376,0.3116,0.0694,0.01135,0.57405,0.1325,-0.00502,0.3115,1.09894
1058,1344.5,11381214,769171,0.526,0.586,9772,10863,14532,0.01658889,0,0,0.0644,0.1236,0.2994,0.0382,0.01163,0.57364,0.12057,-0.00763,0.29333,1.11341
1059,1345.7,11392059,769880,0.538,0.586,9645,10845,14512,0.01658564,0,0,0.0631,0.1197,0.2849,0.0706,0.01113,0.57414,0.12427,-0.00485,0.29486,1.10394
1060,1346.8,11402938,770595,0.524,0.586,9798,10879,14518,0.01658238,0,0,0.066,0.1282,0.29,0.0401,0.01137,0.57399,0.12761,-0.0075,0.30741,1.12142
1061,1347.9,11413776,771308,0.556,0.588,9475,10838,14509,0.01657912,0,0,0.0645,0.1213,0.2982,0.0719,0.01204,0.57534,0.12939,-0.00756,0.31144,1.13208
1062,1349.0,11424655,772023,0.511,0.587,9909,10879,14549,0.01657587,0,0,0.0659,0.1203,0.2905,0.034,0.01132,0.57496,0.11703,-0.00752,0.28733,1.15336
1063,1350.1,11435546,772749,0.542,0.583,9676,10891,14547,0.0165726,0,0,0.0653,0.1132,0.2958,0.068,0.01134,0.57106,0.12893,-0.00794,0.31129,1.13324
1064,1351.2,11446337,773463,0.516,0.586,9790,10791,14447,0.01656934,0,0,0.0647,0.122,0.2912,0.038,0.01206,0.57368,0.12732,-0.00387,0.29988,1.13191
1065,1352.4,11457187,774192,0.592,0.588,9193,10850,14525,0.0165661,0,0,0.0708,0.1371,0.3112,0.0731,0.0115,0.57593,0.12843,-0.00707,0.3091,1.15045
1066,1353.6,11468050,774923,0.556,0.603,9374,10863,14527,0.01656284,0,0,0.0669,0.1367,0.3056,0.0465,0.01242,0.58937,0.13362,-0.00738,0.32032,1.15627
1067,1354.8,11478887,775636,0.631,0.603,8785,10837,14509,0.01655959,0,0,0.0752,0.1487,0.3338,0.0732,0.01125,0.59077,0.13005,-0.00504,0.30834,1.15219
1068,1356.0,11489736,776359,0.571,0.597,9289,10849,14500,0.01655633,0,0,0.0739,0.1434,0.3135,0.0399,0.0111,0.58552,0.13661,-0.009,0.3293,1.14966
1069,1357.2,11500558,777084,0.579,0.603,9157,10822,14484,0.01655308,0,0,0.0733,0.1326,0.3004,0.0723,0.01137,0.59125,0.12824,-0.00959,0.31469,1.17921
1070,1358.3,11511404,777817,0.563,0.602,9310,10846,14544,0.01654983,0,0,0.073,0.1451,0.3094,0.0357,0.01151,0.58902,0.126,-0.00672,0.30481,1.18906
1071,1359.6,11522278,778533,0.655,0.601,8657,10874,14543,0.01654658,0,0,0.0829,0.1579,0.3366,0.0774,0.01041,0.59026,0.14006,-0.0091,0.33773,1.19051
1072,1360.7,11533198,779263,0.528,0.601,9676,10920,14570,0.01654332,0,0,0.0655,0.1247,0.2975,0.0398,0.01173,0.58831,0.13036,-0.00339,0.30667,1.1841
1073,1361.9,11544033,779986,0.581,0.603,9150,10835,14485,0.01654004,0,0,0.0698,0.1262,0.3145,0.0708,0.0108,0.59152,0.12403,-0.00318,0.29436,1.20737
1074,1363.0,11554894,780712,0.534,0.602,9563,10861,14516,0.01653679,0,0,0.0637,0.1218,0.3092,0.0389,0.01115,0.5896,0.1296,-0.01057,0.32048,1.21382
1075,1364.2,11565728,781446,0.575,0.602,9206,10834,14520,0.01653353,0,0,0.0697,0.1321,0.3022,0.0708,0.01173,0.58908,0.12021,-0.00483,0.29018,1.21264
1076,1365.4,11576598,782171,0.566,0.6,9321,10870,14530,0.01653028,0,0,0.0621,0.1159,0.3118,0.0767,0.01088,0.58824,0.12044,-0.00527,0.29174,1.21988
1077,1366.6,11587447,782881,0.573,0.601,9244,10849,14487,0.01652702,0,0,0.071,0.1285,0.3038,0.0694,0.01112,0.5892,0.12792,-0.00189,0.29985,1.21727
1078,1367.7,11598268,783604,0.524,0.605,9582,10821,14489,0.01652377,0,0,0.0646,0.1257,0.299,0.0352,0.0121,0.59209,0.11309,-0.00879,0.28352,1.20277
1079,1368.9,11609085,784328,0.619,0.603,8848,10817,14481,0.01652052,0,0,0.0762,0.1519,0.3269,0.0641,0.01085,0.59161,0.10927,-0.00857,0.27658,1.23741
1080,1370.1,11619964,785054,0.563,0.602,9337,10879,14526,0.01651727,0,0,0.0674,0.1351,0.3236,0.0372,0.01139,0.58978,0.12623,-0.00256,0.29761,1.21191
1081,1371.3,11630795,785769,0.578,0.608,9133,10831,14470,0.01651401,0,0,0.0669,0.1277,0.3041,0.0788,0.01197,0.59564,0.12158,-0.0052,0.29416,1.2295
1082,1372.4,11641681,786501,0.559,0.604,9362,10886,14538,0.01651076,0,0,0.0673,0.1304,0.3177,0.0431,0.0121,0.59126,0.12544,-0.00066,0.29228,1.2137
1083,1373.6,11652549,787217,0.528,0.605,9591,10868,14539,0.0165075,0,0,0.0624,0.1153,0.2864,0.064,0.01122,0.59271,0.12097,-0.0069,0.29659,1.23686
1084,1374.7,11663405,787930,0.577,0.61,9146,10856,14506,0.01650424,0,0,0.0679,0.1401,0.3182,0.0505,0.01209,0.59743,0.13026,-0.00453,0.30834,1.17432
1085,1375.9,11674277,788663,0.562,0.608,9290,10872,14523,0.01650098,0,0,0.0643,0.1233,0.3051,0.0696,0.01208,0.59523,0.13716,-0.00475,0.32378,1.21084
1086,1377.1,11685156,789374,0.553,0.608,9369,10879,14513,0.01649772,0,0,0.0676,0.1359,0.3068,0.0425,0.01281,0.59485,0.12209,-0.00643,0.29895,1.2705
1087,1378.3,11696071,790093,0.644,0.604,8746,10915,14554,0.01649445,0,0,0.0785,0.1538,0.3364,0.0757,0.01119,0.59142,0.12705,-0.00855,0.31168,1.22684
1088,1379.5,11706907,790812,0.564,0.603,9284,10836,14489,0.01649118,0,0,0.07,0.1393,0.3108,0.0443,0.01238,0.58978,0.12931,-0.00753,0.3142,1.22861
1089,1380.7,11717735,791530,0.556,0.6,9365,10828,14465,0.01648793,0,0,0.0633,0.1191,0.3021,0.0713,0.01026,0.58922,0.12048,-0.00442,0.29125,1.25668
1090,1381.8,11728620,792253,0.507,0.604,9792,10885,14540,0.01648468,0,0,0.0636,0.1143,0.29,0.0396,0.01204,0.59129,0.13243,-0.00235,0.30979,1.22003
1091,1383.0,11739448,792975,0.598,0.602,9018,10828,14473,0.01648141,0,0,0.0719,0.1418,0.3167,0.0677,0.01109,0.59056,0.11759,-0.00193,0.27965,1.23235
1092,1384.3,11750323,793699,0.703,0.601,8338,10875,14513,0.01647817,0,0,0.0847,0.1865,0.3869,0.045,0.01215,0.5883,0.1186,-0.00807,0.29553,1.28011
1093,1385.5,11761148,794413,0.587,0.602,9101,10825,14459,0.0164749,0,0,0.0695,0.1384,0.3069,0.0726,0.01204,0.5891,0.12891,-0.01015,0.31806,1.21228
1094,1386.6,11771995,795134,0.543,0.604,9452,10847,14477,0.01647166,0,0,0.0665,0.1342,0.3031,0.0394,0.01158,0.59186,0.12388,-0.00604,0.30054,1.2354
1095,1387.9,11782865,795868,0.643,0.605,8708,10870,14513,0.0164684,0,0,0.0794,0.1542,0.3311,0.0786,0.01181,0.59208,0.12671,-0.00615,0.30538,1.204
1096,1389.0,11793699,796588,0.572,0.607,9189,10834,14472,0.01646514,0,0,0.0703,0.1415,0.3182,0.0418,0.01238,0.59394,0.13712,-0.00731,0.32856,1.20541
1097,1390.2,11804479,797312,0.593,0.605,8998,10780,14442,0.01646189,0,0,0.0667,0.133,0.3179,0.0752,0.0122,0.59212,0.12253,-0.00981,0.30407,1.19683
1098,1391.5,11815314,798042,0.632,0.604,8771,10835,14490,0.01645866,0,0,0.0736,0.1515,0.332,0.0745,0.01238,0.59006,0.12961,-0.00645,0.31156,1.19807
1099,1392.7,11826169,798771,0.575,0.604,9210,10855,14503,0.01645541,0,0,0.0693,0.1306,0.3044,0.0707,0.0117,0.59108,0.13114,-0.00525,0.3121,1.19459
1100,1393.8,11837035,799492,0.559,0.602,9359,10866,14493,0.01645215,0,0,0.0631,0.1307,0.3008,0.0645,0.01165,0.58976,0.13644,-0.00575,0.32288,1.17032
1101,1395.0,11847869,800211,0.57,0.601,9255,10834,14457,0.01644889,0,0,0.0663,0.1268,0.3091,0.0673,0.01148,0.58876,0.12641,-0.00543,0.30234,1.17521
1102,1396.2,11858642,800945,0.525,0.604,9548,10773,14409,0.01644564,0,0,0.0646,0.1285,0.291,0.0405,0.012,0.59098,0.13633,-0.00274,0.31616,1.15578
1103,1397.4,11869431,801676,0.615,0.614,8775,10789,14446,0.01644241,0,0,0.0711,0.1403,0.3324,0.0716,0.01147,0.60181,0.13721,-0.00784,0.32911,1.18611
1104,1398.6,11880223,802405,0.571,0.606,9171,10792,14446,0.01643917,0,0,0.0698,0.1329,0.3317,0.0368,0.01203,0.5925,0.1202,-0.00961,0.29877,1.19039
1105,1399.9,11891027,803134,0.661,0.608,8519,10804,14452,0.01643593,0,0,0.0781,0.1676,0.337,0.078,0.01211,0.59429,0.12873,-0.00751,0.31177,1.19514
1106,1401.1,11901862,803849,0.615,0.607,8864,10835,14477,0.01643269,0,0,0.0745,0.1513,0.3436,0.0456,0.01242,0.5944,0.14687,-0.00691,0.347,1.19997
1107,1402.3,11912653,804578,0.584,0.605,9075,10791,14454,0.01642944,0,0,0.0672,0.1324,0.3101,0.0741,0.01244,0.59176,0.14268,-0.00349,0.33131,1.18552
1108,1403.5,11923429,805300,0.593,0.64,8738,10776,14414,0.0164262,0,0,0.0731,0.1477,0.3252,0.0474,0.01217,0.62651,0.12877,-0.00704,0.31047,1.18241
1109,1404.9,11934212,806036,0.691,0.632,8146,10783,14418,0.01642297,0,0,0.0787,0.1687,0.3679,0.0762,0.01232,0.61903,0.13547,-0.00568,0.32112,1.18188
1110,1406.1,11944998,806772,0.612,0.631,8682,10786,14440,0.01641974,0,0,0.076,0.1483,0.3469,0.0405,0.01251,0.61738,0.1256,-0.00693,0.30363,1.1747
1111,1407.3,11955785,807512,0.593,0.633,8802,10787,14429,0.0164165,0,0,0.0707,0.1355,0.3229,0.0635,0.01187,0.62,0.12491,-0.00431,0.29826,1.21331
1112,1408.5,11966551,808238,0.572,0.634,8930,10766,14409,0.01641326,0,0,0.0711,0.1374,0.3185,0.0445,0.01183,0.62133,0.12708,-0.00447,0.3026,1.20347
1113,1409.8,11977311,808960,0.589,0.634,8796,10760,14397,0.01641003,0,0,0.0691,0.128,0.3168,0.075,0.0132,0.6205,0.12529,-0.00687,0.30413,1.21347
1114,1411.0,11988105,809697,0.57,0.63,8996,10794,14460,0.01640681,0,0,0.0695,0.1334,0.3272,0.04,0.01219,0.61684,0.13405,-0.00647,0.32123,1.22473
1115,1412.2,11998922,810427,0.572,0.631,8988,10817,14477,0.01640357,0,0,0.067,0.1204,0.3113,0.0737,0.01255,0.61765,0.12355,-0.00447,0.29563,1.20677
1116,1413.3,12009703,811151,0.557,0.63,9081,10781,14418,0.01640032,0,0,0.0683,0.1325,0.3108,0.0457,0.01205,0.6169,0.11231,-0.00683,0.27718,1.18549
1117,1414.6,12020488,811887,0.579,0.629,8925,10785,14454,0.01639709,0,0,0.0683,0.1251,0.3121,0.0737,0.01219,0.61627,0.12875,-0.00537,0.30692,1.17945
1118,1415.7,12031262,812640,0.519,0.627,9403,10774,14424,0.01639385,0,0,0.0632,0.1234,0.2934,0.0385,0.01073,0.61579,0.11384,-0.00781,0.28146,1.16377
1119,1416.9,12042044,813366,0.566,0.628,9033,10782,14406,0.01639062,0,0,0.0695,0.1297,0.298,0.0686,0.01132,0.61584,0.11936,-0.00885,0.29485,1.17239
1120,1418.1,12052818,814103,0.533,0.629,9268,10774,14411,0.01638739,0,0,0.0666,0.1336,0.2996,0.0336,0.01235,0.61604,0.12345,-0.00828,0.3014,1.15745
1121,1419.2,12063605,814847,0.513,0.627,9467,10787,14445,0.01638415,0,0,0.0605,0.1052,0.2822,0.0647,0.01182,0.61441,0.1139,-0.00516,0.2755,1.14068
1122,1420.3,12074443,815580,0.475,0.616,9938,10838,14488,0.01638092,0,0,0.0562,0.1052,0.2812,0.0321,0.01144,0.60362,0.11808,-0.00494,0.2848,1.18279
1123,1421.5,12085214,816308,0.558,0.618,9155,10771,14415,0.01637767,0,0,0.0642,0.1242,0.3095,0.0603,0.01174,0.60584,0.11478,-0.0064,0.28083,1.17451
1124,1422.5,12096002,817056,0.442,0.617,10187,10788,14452,0.01637444,0,0,0.0547,0.0959,0.2627,0.0285,0.01225,0.60418,0.11406,-0.00673,0.27916,1.14765
1125,1423.6,12106817,817787,0.466,0.619,9968,10815,14461,0.0163712,0,0,0.0511,0.0898,0.2669,0.0581,0.01145,0.60609,0.10975,-0.00848,0.27482,1.17177
1126,1424.8,12117657,818524,0.546,0.621,9290,10840,14499,0.01636795,0,0,0.0568,0.1065,0.2844,0.0978,0.01098,0.6096,0.10852,-0.00776,0.27128,1.18318
1127,1425.9,12128494,819267,0.479,0.62,9863,10837,14482,0.0163647,0,0,0.0529,0.1026,0.2681,0.0553,0.01125,0.60764,0.10954,-0.0077,0.2723,1.15573
1128,1426.9,12139308,820005,0.46,0.616,10052,10814,14447,0.01636145,0,0,0.0561,0.1001,0.2733,0.0306,0.01102,0.6041,0.12111,-0.00234,0.2845,1.14895
1129,1428.0,12150082,820752,0.469,0.621,9881,10774,14428,0.01635821,0,0,0.0527,0.0902,0.2692,0.057,0.01175,0.60892,0.11149,-0.00985,0.27999,1.14046
1130,1429.1,12160864,821485,0.443,0.616,10176,10782,14445,0.01635498,0,0,0.0525,0.0918,0.2679,0.0309,0.01107,0.60475,0.12484,-0.00515,0.29759,1.14934
1131,1430.2,12171650,822233,0.472,0.617,9903,10786,14438,0.01635174,0,0,0.0531,0.093,0.2701,0.0559,0.01167,0.6048,0.12228,-0.00707,0.29675,1.16357
1132,1431.3,12182411,822977,0.523,0.617,9440,10761,14418,0.0163485,0,0,0.0655,0.1273,0.2972,0.0333,0.01132,0.60466,0.11758,-0.00757,0.28897,1.18283
1133,1432.4,12193176,823704,0.464,0.618,9948,10765,14396,0.01634528,0,0,0.0525,0.092,0.262,0.0575,0.0122,0.60508,0.12908,-0.00038,0.29792,1.19313
1134,1433.6,12203927,824444,0.532,0.622,9318,10751,14388,0.01634205,0,0,0.0655,0.1242,0.3032,0.0387,0.01258,0.60877,0.12581,-0.00768,0.30538,1.17446
1135,1434.7,12214752,825199,0.474,0.619,9900,10825,14481,0.01633882,0,0,0.053,0.095,0.2704,0.0558,0.01194,0.60674,0.12218,-0.00443,0.29201,1.18701
1136,1435.7,12225573,825932,0.447,0.619,10152,10821,14454,0.01633557,0,0,0.0523,0.0925,0.2691,0.0333,0.0117,0.60649,0.11657,-0.00671,0.28559,1.19449
1137,1436.8,12236384,826680,0.505,0.617,9636,10811,14473,0.01633233,0,0,0.0574,0.102,0.2873,0.0582,0.01131,0.60511,0.12288,-0.00384,0.29212,1.184
1138,1437.9,12247205,827433,0.448,0.62,10137,10821,14474,0.01632908,0,0,0.0527,0.091,0.2737,0.0304,0.0109,0.60812,0.12735,-0.00607,0.30587,1.19466
1139,1439.0,12258035,828179,0.464,0.615,10041,10830,14498,0.01632584,0,0,0.0521,0.09,0.266,0.0556,0.01054,0.6035,0.12788,-0.00649,0.30823,1.20935
1140,1440.0,12268867,828904,0.436,0.606,10396,10832,14486,0.01632259,0,0,0.0517,0.0913,0.2641,0.0287,0.01089,0.59469,0.13629,-0.00612,0.32453,1.216
1141,1441.1,12279707,829637,0.473,0.617,9940,10840,14510,0.01631934,0,0,0.0535,0.095,0.267,0.0576,0.01185,0.60491,0.11411,-0.0073,0.28373,1.25397
1142,1442.2,12290552,830396,0.444,0.619,10202,10845,14490,0.01631609,0,0,0.0537,0.0956,0.2645,0.0306,0.01118,0.6067,0.12647,-0.00438,0.3015,1.21967
1143,1443.3,12301364,831120,0.463,0.623,9956,10812,14489,0.01631283,0,0,0.0512,0.089,0.2671,0.0559,0.01175,0.61025,0.111,-0.01085,0.28453,1.25176
1144,1444.3,12312177,831869,0.429,0.622,10291,10813,14452,0.01630959,0,0,0.0509,0.0924,0.2557,0.0299,0.01154,0.60973,0.12972,-0.0095,0.31788,1.20865
1145,1445.5,12322934,832620,0.517,0.618,9472,10757,14413,0.01630635,0,0,0.0579,0.1038,0.297,0.0585,0.01191,0.60593,0.12864,-0.00646,0.30872,1.18135
1146,1446.5,12333747,833361,0.438,0.618,10245,10813,14465,0.01630312,0,0,0.0513,0.0904,0.2656,0.0303,0.01158,0.60568,0.13538,-0.00646,0.32233,1.18592
1147,1447.6,12344547,834111,0.464,0.622,9942,10800,14456,0.01629988,0,0,0.0513,0.0897,0.2682,0.0549,0.01118,0.61022,0.14067,-0.00727,0.33469,1.18983
1148,1448.7,12355395,834848,0.509,0.619,9615,10848,14510,0.01629664,0,0,0.0639,0.1198,0.2885,0.0367,0.011,0.60753,0.14756,-0.00727,0.34822,1.18321
1149,1449.9,12366203,835581,0.546,0.618,9285,10808,14479,0.01629338,0,0,0.0624,0.1203,0.304,0.0592,0.01074,0.60642,0.15089,-0.00553,0.35186,1.19771
1150,1451.0,12377022,836335,0.474,0.616,9925,10819,14460,0.01629014,0,0,0.0535,0.0994,0.2728,0.0483,0.01105,0.60433,0.14014,-0.0082,0.33658,1.22442
1151,1452.1,12387873,837082,0.466,0.621,9979,10851,14524,0.01628689,0,0,0.0524,0.0918,0.2658,0.0562,0.01097,0.60941,0.14884,-0.00828,0.35387,1.21645
1152,1453.3,12398725,837821,0.503,0.625,9617,10852,14499,0.01628364,0,0,0.0613,0.1106,0.2906,0.0408,0.01183,0.61235,0.15154,-0.00866,0.36088,1.24275
1153,1454.4,12409537,838583,0.472,0.621,9891,10812,14465,0.01628038,0,0,0.0542,0.0924,0.2707,0.0548,0.01116,0.60923,0.14538,-0.01264,0.35677,1.25086
1154,1455.4,12420406,839318,0.435,0.619,10310,10869,14531,0.01627714,0,0,0.0528,0.0933,0.2599,0.0291,0.01081,0.60769,0.15321,-0.00541,0.35715,1.22635
1155,1456.5,12431273,840092,0.462,0.621,10033,10867,14524,0.01627388,0,0,0.0514,0.0932,0.2633,0.0543,0.01145,0.60883,0.1601,-0.00439,0.36819,1.20443
1156,1457.6,12442169,840815,0.433,0.617,10380,10896,14557,0.01627062,0,0,0.0507,0.0921,0.2597,0.03,0.01097,0.60558,0.15207,-0.00719,0.35648,1.16639
1157,1458.7,12452995,841572,0.523,0.621,9462,10826,14473,0.01626735,0,0,0.0557,0.1,0.2782,0.0894,0.01281,0.60743,0.14474,-0.00622,0.3403,1.17977
1158,1459.8,12463876,842323,0.444,0.619,10232,10881,14520,0.0162641,0,0,0.0525,0.0948,0.2667,0.0304,0.01039,0.60805,0.15161,-0.0067,0.35403,1.14998
1159,1460.9,12474721,843068,0.472,0.618,9944,10845,14523,0.01626084,0,0,0.0531,0.0932,0.2702,0.0558,0.01195,0.60574,0.15337,-0.00783,0.36033,1.16632
1160,1461.9,12485558,843809,0.456,0.622,10049,10837,14473,0.01625758,0,0,0.056,0.096,0.2719,0.032,0.01194,0.60982,0.14613,-0.00696,0.34412,1.16654
1161,1463.1,12496384,844575,0.49,0.623,9723,10826,14483,0.01625433,0,0,0.0565,0.0958,0.2811,0.0567,0.01173,0.61074,0.14841,-0.00756,0.34962,1.15942
1162,1464.1,12507234,845330,0.434,0.617,10319,10850,14523,0.01625108,0,0,0.0505,0.0926,0.2596,0.0313,0.01076,0.6061,0.14775,-0.00284,0.33966,1.18389
1163,1465.2,12518102,846074,0.463,0.624,9998,10868,14536,0.01624783,0,0,0.0509,0.0974,0.2609,0.0542,0.01214,0.61093,0.13944,-0.00808,0.33343,1.18172
1164,1466.3,12528939,846808,0.455,0.617,10110,10837,14490,0.01624457,0,0,0.0546,0.0969,0.2737,0.0297,0.01169,0.60471,0.13354,-0.00903,0.32408,1.19846
1165,1467.4,12539739,847554,0.512,0.612,9610,10800,14479,0.01624132,0,0,0.0573,0.102,0.2795,0.073,0.01098,0.60031,0.12654,-0.00616,0.30541,1.23151
1166,1468.5,12550560,848295,0.451,0.616,10141,10821,14485,0.01623808,0,0,0.0532,0.0924,0.2757,0.0302,0.01076,0.60399,0.13912,-0.00884,0.33532,1.21339
1167,1469.6,12561448,849045,0.471,0.617,10003,10888,14555,0.01623483,0,0,0.0526,0.0927,0.2699,0.0561,0.01164,0.60502,0.13182,-0.00617,0.31596,1.2311
1168,1470.6,12572270,849784,0.447,0.615,10194,10822,14481,0.01623157,0,0,0.0535,0.094,0.2689,0.0301,0.01191,0.6025,0.13425,-0.00757,0.32292,1.21063
1169,1471.7,12583093,850557,0.51,0.62,9575,10823,14486,0.01622832,0,0,0.0578,0.1039,0.284,0.0645,0.01097,0.60847,0.13638,-0.01092,0.33342,1.19599
1170,1472.8,12593946,851302,0.476,0.622,9889,10853,14491,0.01622507,0,0,0.0584,0.1053,0.279,0.0329,0.0113,0.61008,0.13845,-0.00879,0.33269,1.17734
1171,1473.9,12604757,852045,0.471,0.621,9899,10811,14468,0.01622182,0,0,0.0528,0.0943,0.2673,0.0565,0.01117,0.60952,0.14107,-0.0073,0.33523,1.18596
1172,1475.0,12615610,852799,0.432,0.619,10322,10853,14506,0.01621857,0,0,0.0516,0.0932,0.257,0.0302,0.01101,0.60776,0.13387,-0.01101,0.32827,1.18757
1173,1476.1,12626449,853538,0.462,0.618,10037,10839,14503,0.01621532,0,0,0.0515,0.0911,0.2619,0.0575,0.01184,0.60523,0.14362,-0.00591,0.33831,1.21061
1174,1477.2,12637325,854305,0.504,0.615,9713,10876,14535,0.01621207,0,0,0.0563,0.1022,0.2727,0.0732,0.01192,0.60268,0.14107,-0.0054,0.33059,1.16119
1175,1478.3,12648148,855047,0.473,0.624,9868,10823,14480,0.0162088,0,0,0.0535,0.0947,0.2653,0.0591,0.01103,0.61233,0.13353,-0.00802,0.3219,1.19702
1176,1479.4,12658976,855799,0.473,0.627,9844,10828,14501,0.01620556,0,0,0.0582,0.1019,0.2808,0.0316,0.01212,0.61477,0.13427,-0.01022,0.32903,1.23568
1177,1480.5,12669803,856531,0.487,0.587,10084,10827,14467,0.01620231,0,0,0.0566,0.0986,0.276,0.0555,0.01177,0.57461,0.13341,-0.01019,0.32535,1.17719
1178,1481.5,12680614,857267,0.422,0.6,10577,10811,14476,0.01619906,0,0,0.0513,0.092,0.2504,0.0287,0.01117,0.58791,0.12976,-0.0089,0.31599,1.19355
1179,1482.5,12691478,858007,0.439,0.591,10547,10864,14549,0.01619582,0,0,0.051,0.0926,0.2533,0.0424,0.01129,0.57899,0.12975,-0.0075,0.31398,1.21817
1180,1483.6,12702336,858747,0.524,0.595,9705,10858,14524,0.01619256,0,0,0.066,0.12,0.2775,0.0607,0.01186,0.58214,0.13334,-0.0076,0.32241,1.25145
1181,1484.7,12713212,859485,0.453,0.604,10287,10876,14532,0.0161893,0,0,0.0503,0.0873,0.2449,0.0706,0.01202,0.59125,0.145,-0.00764,0.34509,1.22996
1182,1485.7,12724060,860251,0.45,0.6,10331,10848,14503,0.01618604,0,0,0.0572,0.098,0.2643,0.031,0.0111,0.58791,0.13151,-0.00591,0.31416,1.21481
1183,1486.8,12734891,860987,0.487,0.605,9919,10831,14511,0.01618278,0,0,0.0581,0.0982,0.2716,0.0591,0.01165,0.59266,0.13606,-0.00701,0.32584,1.22674
1184,1487.9,12745713,861732,0.485,0.613,9861,10822,14489,0.01617953,0,0,0.0598,0.1093,0.284,0.0317,0.01133,0.60066,0.12339,-0.00777,0.30248,1.24163
1185,1489.1,12756544,862472,0.525,0.608,9557,10831,14514,0.01617629,0,0,0.0618,0.1087,0.2956,0.0592,0.01129,0.59616,0.12812,-0.00844,0.3137,1.25439
1186,1490.2,12767364,863208,0.477,0.609,9964,10820,14483,0.01617304,0,0,0.0593,0.1018,0.2835,0.0327,0.01118,0.59678,0.13309,-0.00678,0.32,1.24454
1187,1491.3,12778184,863949,0.503,0.61,9716,10820,14490,0.01616979,0,0,0.0578,0.0977,0.2886,0.0593,0.01153,0.598,0.13839,-0.0094,0.33641,1.26259
1188,1492.3,12789009,864678,0.465,0.605,10108,10825,14535,0.01616654,0,0,0.0576,0.0975,0.279,0.0314,0.01134,0.59338,0.13653,-0.00735,0.3287,1.26615
1189,1493.4,12799857,865434,0.488,0.601,9966,10848,14524,0.0161633,0,0,0.058,0.0964,0.2747,0.0585,0.0116,0.58847,0.12322,-0.01076,0.30963,1.28868
1190,1494.5,12810636,866160,0.466,0.6,10111,10779,14444,0.01616004,0,0,0.0584,0.101,0.2764,0.0304,0.01148,0.58776,0.12843,-0.01197,0.32238,1.28669
1191,1495.6,12821451,866901,0.49,0.601,9911,10815,14489,0.01615681,0,0,0.058,0.0976,0.2761,0.0585,0.01188,0.58845,0.13086,-0.01098,0.32447,1.26244
1192,1496.7,12832273,867649,0.473,0.597,10108,10822,14498,0.01615356,0,0,0.0586,0.1025,0.2795,0.0327,0.01125,0.58536,0.1343,-0.01203,0.33303,1.24922
1193,1497.7,12843110,868397,0.479,0.598,10061,10837,14505,0.01615032,0,0,0.0563,0.0969,0.272,0.0536,0.01182,0.58589,0.12867,-0.01165,0.32071,1.24044
1194,1498.8,12853970,869137,0.461,0.6,10238,10860,14509,0.01614707,0,0,0.0564,0.0969,0.2766,0.0306,0.01103,0.58851,0.13051,-0.0107,0.3237,1.27785
1195,1499.9,12864784,869886,0.511,0.6,9731,10814,14476,0.01614381,0,0,0.0599,0.1066,0.2828,0.0619,0.01184,0.58749,0.11873,-0.01144,0.30117,1.26493
1196,1501.0,12875593,870647,0.465,0.606,10087,10809,14459,0.01614056,0,0,0.0575,0.1008,0.2765,0.0306,0.0111,0.59433,0.13597,-0.01008,0.33106,1.20686
1197,1502.1,12886355,871409,0.505,0.608,9667,10762,14429,0.01613732,0,0,0.0576,0.0985,0.2872,0.0618,0.01208,0.59513,0.1278,-0.00887,0.31343,1.24187
1198,1503.2,12897139,872150,0.524,0.599,9610,10784,14446,0.01613409,0,0,0.0632,0.1141,0.2859,0.0603,0.01147,0.58589,0.1238,-0.01011,0.30744,1.22773
1199,1504.3,12907919,872897,0.499,0.598,9821,10780,14450,0.01613086,0,0,0.0584,0.1028,0.2774,0.0609,0.0118,0.58582,0.13979,-0.00552,0.32988,1.21704
1200,1505.4,12918696,873658,0.464,0.593,10195,10777,14435,0.01612762,0,0,0.0575,0.0985,0.2746,0.0331,0.0109,0.5817,0.1235,-0.00753,0.30185,1.23318
1201,1506.7,12929465,874396,0.472,0.593,10116,10769,14453,0.01612439,0,0,0.0541,0.1022,0.259,0.0565,0.01185,0.58048,0.13787,-0.00587,0.32698,1.22481
1202,1507.8,12940224,875142,0.448,0.592,10347,10759,14424,0.01612116,0,0,0.0541,0.0974,0.2662,0.0303,0.01143,0.57952,0.12679,-0.00488,0.30263,1.21867
1203,1508.9,12951044,875905,0.478,0.592,10119,10820,14465,0.01611793,0,0,0.0555,0.0947,0.2684,0.059,0.01102,0.58005,0.12226,-0.0094,0.30304,1.23207
1204,1509.9,12961795,876652,0.44,0.59,10428,10751,14419,0.01611469,0,0,0.0546,0.0956,0.2603,0.0299,0.01116,0.57872,0.12453,-0.01042,0.3076,1.16993
1205,1511.0,12972567,877391,0.471,0.611,9953,10772,14444,0.01611146,0,0,0.0545,0.0942,0.2659,0.0562,0.01173,0.59909,0.13176,-0.00842,0.3184,1.18011
1206,1512.1,12983340,878142,0.497,0.598,9840,10773,14444,0.01610823,0,0,0.0578,0.1087,0.2988,0.0315,0.0117,0.58576,0.133,-0.00813,0.31994,1.16958
1207,1513.1,12994102,878890,0.431,0.586,10582,10762,14420,0.016105,0,0,0.0483,0.0855,0.2441,0.0531,0.01126,0.57405,0.12253,-0.0088,0.30144,1.20393
1208,1514.1,13004847,879628,0.408,0.61,10558,10745,14420,0.01610177,0,0,0.0483,0.0848,0.2465,0.0283,0.01078,0.5984,0.13578,-0.00801,0.32531,1.17125
1209,1515.2,13015646,880386,0.454,0.592,10328,10799,14456,0.01609855,0,0,0.0523,0.0881,0.2585,0.0548,0.01137,0.57983,0.13995,-0.00159,0.32071,1.16884
1210,1516.2,13026428,881117,0.424,0.595,10579,10782,14435,0.01609531,0,0,0.0502,0.0904,0.2553,0.0279,0.01087,0.58395,0.14562,-0.0074,0.34413,1.18305
1211,1517.3,13037212,881867,0.514,0.604,9651,10784,14444,0.01609207,0,0,0.0582,0.1048,0.2908,0.0598,0.01107,0.59207,0.14238,-0.00607,0.33529,1.19261
1212,1518.4,13047976,882603,0.484,0.599,9933,10764,14432,0.01608884,0,0,0.058,0.1128,0.2809,0.0326,0.0109,0.58777,0.13067,-0.00586,0.31152,1.19528
1213,1519.4,13058720,883355,0.452,0.603,10186,10744,14405,0.01608561,0,0,0.0518,0.0913,0.2525,0.0564,0.01129,0.59069,0.13364,-0.01136,0.32804,1.1824
1214,1520.5,13069519,884091,0.448,0.601,10298,10799,14444,0.01608238,0,0,0.0515,0.0929,0.2727,0.0304,0.01138,0.58906,0.13964,-0.00482,0.32695,1.18215
1215,1521.5,13080278,884846,0.458,0.594,10233,10759,14446,0.01607914,0,0,0.0514,0.0893,0.2594,0.0575,0.01142,0.58182,0.13006,-0.00815,0.31475,1.19133
1216,1522.6,13091019,885595,0.427,0.593,10534,10741,14403,0.01607592,0,0,0.0514,0.0903,0.2564,0.0286,0.01088,0.58137,0.12997,-0.00754,0.31281,1.17546
1217,1523.6,13101771,886323,0.48,0.595,9996,10752,14427,0.01607269,0,0,0.0567,0.0985,0.2723,0.0526,0.01145,0.58314,0.13274,-0.01153,0.32732,1.20674
1218,1524.7,13112490,887072,0.476,0.606,9904,10719,14400,0.01606947,0,0,0.0551,0.0991,0.2892,0.0328,0.01097,0.59455,0.14197,-0.00852,0.33854,1.16886
1219,1525.8,13123232,887803,0.527,0.6,9530,10742,14410,0.01606625,0,0,0.0614,0.1104,0.2919,0.0632,0.01129,0.5884,0.1207,-0.00921,0.29876,1.2114
1220,1526.9,13133964,888550,0.445,0.607,10195,10732,14400,0.01606303,0,0,0.0529,0.0957,0.2652,0.0315,0.01128,0.59528,0.11974,-0.00763,0.29455,1.23923
1221,1528.0,13144669,889281,0.46,0.599,10110,10705,14375,0.01605981,0,0,0.0504,0.0917,0.2633,0.0548,0.01108,0.58705,0.14263,-0.00769,0.33966,1.2151
1222,1529.0,13155389,890029,0.426,0.606,10395,10720,14389,0.0160566,0,0,0.0506,0.0889,0.254,0.0323,0.0118,0.59313,0.13821,-0.00696,0.32982,1.22975
1223,1530.0,13166071,890771,0.441,0.585,10407,10682,14360,0.01605338,0,0,0.0504,0.0885,0.25,0.0522,0.01086,0.57382,0.13355,-0.00596,0.31776,1.2064
1224,1531.0,13176801,891510,0.442,0.593,10370,10730,14403,0.01605018,0,0,0.0541,0.0959,0.2619,0.0297,0.0107,0.58191,0.11692,-0.00855,0.29012,1.22063
1225,1532.1,13187482,892260,0.468,0.584,10153,10681,14359,0.01604696,0,0,0.0512,0.0923,0.2684,0.0558,0.01031,0.57311,0.12444,-0.00535,0.29887,1.22417
1226,1533.1,13198143,893007,0.43,0.589,10461,10661,14353,0.01604376,0,0,0.0504,0.0885,0.2451,0.0457,0.01093,0.57761,0.12941,-0.00902,0.31496,1.18737
1227,1534.2,13208888,893750,0.453,0.592,10287,10745,14426,0.01604056,0,0,0.0485,0.0851,0.2561,0.0632,0.01138,0.57965,0.11972,-0.00874,0.29468,1.1772
1228,1535.3,13219593,894496,0.514,0.6,9610,10705,14396,0.01603733,0,0,0.0644,0.1188,0.2979,0.0331,0.01123,0.58762,0.13732,-0.00455,0.32211,1.19626
1229,1536.5,13230283,895241,0.572,0.604,9088,10690,14389,0.01603412,0,0,0.0663,0.1226,0.3067,0.0765,0.01165,0.59196,0.12134,-0.00973,0.30025,1.18833
1230,1537.7,13240994,895976,0.618,0.61,8726,10711,14423,0.01603092,0,0,0.0841,0.1572,0.3376,0.039,0.0114,0.59746,0.12887,-0.00748,0.31195,1.2244
1231,1538.8,13251725,896695,0.536,0.609,9371,10731,14451,0.0160277,0,0,0.0643,0.113,0.2955,0.0632,0.01256,0.59593,0.13247,-0.0059,0.31465,1.18265
1232,1540.0,13262431,897430,0.547,0.616,9211,10706,14400,0.01602448,0,0,0.0679,0.1269,0.3133,0.0386,0.01228,0.6027,0.12484,-0.011,0.30974,1.18731
1233,1541.2,13273085,898156,0.566,0.615,9019,10654,14340,0.01602127,0,0,0.0657,0.1198,0.314,0.067,0.01146,0.60283,0.13147,-0.00728,0.31672,1.22371
1234,1542.3,13283775,898883,0.509,0.601,9627,10690,14401,0.01601807,0,0,0.0616,0.1092,0.3005,0.038,0.01175,0.58874,0.12763,-0.0075,0.30918,1.21493
1235,1543.4,13294475,899614,0.526,0.615,9370,10700,14385,0.01601487,0,0,0.0649,0.1073,0.2894,0.0648,0.01205,0.6024,0.12548,-0.00825,0.3058,1.19677
1236,1544.6,13305152,900337,0.534,0.617,9279,10677,14362,0.01601166,0,0,0.0675,0.1218,0.3102,0.0345,0.01091,0.60499,0.14261,-0.00416,0.33247,1.21518
1237,1545.8,13315847,901058,0.584,0.61,8956,10695,14410,0.01600845,0,0,0.0669,0.1257,0.3207,0.0705,0.01124,0.59841,0.10976,-0.00877,0.27645,1.23021
1238,1546.9,13326578,901765,0.531,0.602,9469,10731,14431,0.01600525,0,0,0.0658,0.1286,0.296,0.0406,0.01203,0.58918,0.11855,-0.00878,0.29453,1.2455
1239,1548.1,13337345,902478,0.631,0.598,8760,10767,14473,0.01600203,0,0,0.0762,0.1578,0.3227,0.0739,0.01122,0.58621,0.09973,-0.00826,0.25609,1.25322
1240,1549.3,13348128,903181,0.598,0.597,9031,10783,14465,0.0159988,0,0,0.0688,0.1387,0.3054,0.0846,0.01233,0.58357,0.1291,-0.00785,0.31435,1.26351
1241,1550.5,13358911,903899,0.586,0.593,9146,10783,14510,0.01599556,0,0,0.0716,0.1369,0.3098,0.0675,0.01127,0.58103,0.12846,-0.00817,0.31394,1.2721
1242,1551.7,13369676,904620,0.577,0.612,9061,10765,14493,0.01599233,0,0,0.07,0.1481,0.3167,0.0418,0.01147,0.59892,0.12172,-0.00594,0.29486,1.23636
1243,1552.8,13380421,905329,0.515,0.603,9615,10745,14469,0.0159891,0,0,0.0615,0.1082,0.2851,0.0599,0.01121,0.59084,0.11415,-0.00934,0.2875,1.26707
1244,1553.9,13391225,906034,0.484,0.605,9928,10804,14510,0.01598587,0,0,0.0599,0.1086,0.2819,0.0333,0.01169,0.5922,0.11736,-0.00505,0.28629,1.29662
1245,1555.0,13402027,906759,0.515,0.609,9616,10802,14502,0.01598263,0,0,0.0618,0.1137,0.2802,0.059,0.0114,0.59648,0.11453,-0.00534,0.28118,1.29647
1246,1556.2,13412804,907474,0.536,0.602,9465,10777,14480,0.01597939,0,0,0.0636,0.1238,0.3099,0.0389,0.01101,0.5906,0.13426,-0.00734,0.3238,1.27095
1247,1557.4,13423613,908189,0.639,0.62,8590,10809,14501,0.01597616,0,0,0.0746,0.15,0.3239,0.0902,0.01222,0.60651,0.1099,-0.0122,0.28507,1.27938
1248,1558.6,13434426,908893,0.589,0.606,9050,10813,14509,0.01597292,0,0,0.0733,0.1456,0.328,0.042,0.01206,0.59296,0.11044,-0.00829,0.27808,1.27152
1249,1559.8,13445251,909597,0.579,0.607,9131,10825,14515,0.01596967,0,0,0.0682,0.1353,0.303,0.0721,0.01148,0.59432,0.1127,-0.00989,0.28569,1.26851
1250,1561.1,13456066,910305,0.653,0.608,8576,10815,14502,0.01596642,0,0,0.0805,0.1675,0.3469,0.0583,0.01133,0.59549,0.11633,-0.00426,0.28164,1.26705
1251,1562.3,13466889,911016,0.68,0.588,8540,10823,14519,0.01596318,0,0,0.0794,0.1658,0.3426,0.0917,0.01287,0.57405,0.11527,-0.00717,0.28586,1.28327
1252,1563.7,13477673,911732,0.645,0.586,8761,10784,14478,0.01595993,0,0,0.0786,0.172,0.3395,0.0546,0.01161,0.57394,0.11608,-0.00562,0.28365,1.26125
1253,1564.9,13488479,912455,0.62,0.589,8941,10806,14499,0.0159567,0,0,0.0724,0.1534,0.3184,0.0756,0.01172,0.57631,0.10762,-0.00964,0.27379,1.23084
1254,1566.0,13499311,913160,0.557,0.586,9480,10832,14514,0.01595346,0,0,0.0684,0.1361,0.3089,0.0432,0.01135,0.57397,0.1215,-0.00115,0.28542,1.25681
1255,1567.3,13510130,913876,0.647,0.601,8665,10819,14497,0.01595021,0,0,0.0761,0.151,0.3305,0.0895,0.01207,0.58828,0.10335,-0.00358,0.25391,1.2554
1256,1568.5,13520944,914586,0.678,0.593,8509,10814,14496,0.01594696,0,0,0.0797,0.1812,0.3482,0.0688,0.0134,0.57813,0.10854,-0.00104,0.25874,1.24089
1257,1569.8,13531780,915302,0.694,0.591,8439,10836,14531,0.01594372,0,0,0.0767,0.1705,0.3231,0.1232,0.01207,0.57754,0.11028,-0.00638,0.27255,1.23046
1258,1571.1,13542597,916021,0.647,0.592,8730,10817,14520,0.01594047,0,0,0.0775,0.1651,0.3279,0.0762,0.01197,0.57953,0.10992,-0.00867,0.27716,1.25417
1259,1572.3,13553396,916727,0.66,0.607,8526,10799,14475,0.01593722,0,0,0.0751,0.1579,0.3353,0.0915,0.01124,0.59472,0.1173,-0.00653,0.28714,1.23845
1260,1573.6,13564127,917458,0.621,0.597,8812,10731,14425,0.01593398,0,0,0.0776,0.1651,0.3268,0.0517,0.01167,0.58407,0.11438,-0.0073,0.28194,1.21013
1261,1574.8,13574910,918187,0.609,0.607,8872,10783,14466,0.01593076,0,0,0.0715,0.1394,0.317,0.0807,0.01209,0.59352,0.10822,-0.0068,0.26842,1.20486
1262,1575.9,13585728,918896,0.539,0.595,9542,10818,14512,0.01592753,0,0,0.0659,0.1338,0.2992,0.0397,0.01156,0.58278,0.11079,-0.00482,0.27012,1.22091
1263,1577.1,13596471,919621,0.559,0.589,9359,10743,14420,0.01592428,0,0,0.0659,0.124,0.3058,0.0636,0.01205,0.57591,0.10267,-0.00431,0.25222,1.20117
1264,1578.2,13607201,920334,0.54,0.588,9506,10730,14419,0.01592106,0,0,0.0676,0.132,0.3026,0.0382,0.01172,0.5758,0.11721,-0.00451,0.28234,1.2211
1265,1579.3,13618012,921067,0.552,0.588,9481,10811,14496,0.01591784,0,0,0.0655,0.1221,0.2947,0.0697,0.01162,0.57598,0.11085,-0.00734,0.27463,1.20124
1266,1580.5,13628782,921793,0.547,0.589,9481,10770,14488,0.0159146,0,0,0.0655,0.1304,0.2926,0.0585,0.01128,0.57676,0.10887,-0.006,0.26782,1.19617
1267,1581.6,13639567,922511,0.537,0.588,9582,10785,14477,0.01591137,0,0,0.0629,0.1214,0.2901,0.0628,0.01138,0.57619,0.1055,-0.00285,0.25522,1.21057
1268,1582.7,13650340,923242,0.49,0.589,9981,10773,14448,0.01590813,0,0,0.0617,0.1126,0.2817,0.0344,0.01144,0.57679,0.10975,-0.00558,0.26883,1.19952
1269,1583.9,13661150,923961,0.672,0.611,8428,10810,14487,0.0159049,0,0,0.0764,0.1548,0.3625,0.0783,0.0127,0.59732,0.10787,-0.00471,0.26323,1.19642
1270,1585.1,13671930,924699,0.582,0.607,9068,10780,14456,0.01590166,0,0,0.0711,0.1439,0.3273,0.0398,0.01154,0.59451,0.11803,-0.00719,0.28797,1.18044
1271,1586.3,13682682,925427,0.557,0.596,9327,10752,14417,0.01589842,0,0,0.0685,0.1198,0.2962,0.0722,0.01192,0.58342,0.12004,-0.00586,0.28869,1.15961
1272,1587.4,13693506,926160,0.54,0.585,9624,10824,14511,0.0158952,0,0,0.0688,0.131,0.3033,0.0368,0.01136,0.57254,0.11047,-0.00452,0.26752,1.18092
1273,1588.6,13704275,926902,0.615,0.59,8933,10769,14448,0.01589195,0,0,0.0712,0.1447,0.3136,0.0857,0.0117,0.57771,0.10125,-0.0079,0.25621,1.19266
1274,1589.7,13715038,927654,0.541,0.585,9560,10763,14424,0.01588872,0,0,0.0681,0.1321,0.2997,0.0409,0.01158,0.5729,0.10686,-0.00587,0.26318,1.18726
1275,1590.9,13725798,928400,0.55,0.586,9469,10760,14436,0.01588549,0,0,0.0654,0.1266,0.2895,0.0685,0.01173,0.57372,0.10715,-0.00815,0.26808,1.17948
1276,1592.0,13736550,929134,0.557,0.593,9343,10752,14431,0.01588226,0,0,0.0696,0.136,0.3124,0.0394,0.01126,0.58125,0.1022,-0.00796,0.25779,1.17948
1277,1593.2,13747304,929876,0.568,0.591,9276,10754,14424,0.01587903,0,0,0.0668,0.1316,0.2965,0.073,0.0115,0.57891,0.10929,-0.00714,0.27,1.169
1278,1594.4,13758075,930618,0.593,0.591,9095,10771,14440,0.01587581,0,0,0.0746,0.154,0.327,0.0372,0.01134,0.57932,0.11075,-0.00421,0.26735,1.17905
1279,1595.6,13768847,931360,0.64,0.603,8669,10772,14431,0.01587258,0,0,0.0788,0.1531,0.3385,0.0694,0.01175,0.59029,0.12271,-0.00477,0.29127,1.14373
1280,1596.8,13779614,932105,0.565,0.605,9199,10767,14453,0.01586935,0,0,0.0706,0.142,0.311,0.0417,0.01172,0.59254,0.11575,-0.00614,0.28061,1.16032
1281,1598.0,13790403,932838,0.644,0.599,8680,10789,14483,0.01586612,0,0,0.0724,0.1505,0.3406,0.08,0.01198,0.5864,0.11277,-0.00771,0.27787,1.16312
1282,1599.3,13801106,933574,0.608,0.606,8816,10703,14364,0.01586288,0,0,0.0739,0.1526,0.3384,0.043,0.01189,0.5934,0.11334,-0.00857,0.28055,1.15772
1283,1600.5,13811884,934315,0.639,0.609,8633,10778,14454,0.01585967,0,0,0.0736,0.1482,0.3415,0.0761,0.0121,0.59611,0.12384,-0.00759,0.30008,1.17353
1284,1601.7,13822616,935041,0.567,0.605,9155,10732,14402,0.01585643,0,0,0.068,0.1354,0.327,0.0369,0.01124,0.59269,0.11687,-0.00741,0.28573,1.17184
1285,1602.9,13833422,935771,0.597,0.607,8975,10806,14480,0.01585322,0,0,0.0701,0.137,0.3177,0.0722,0.01227,0.59377,0.11165,-0.0065,0.27339,1.16982
1286,1604.1,13844225,936519,0.652,0.609,8564,10803,14459,0.01584997,0,0,0.0793,0.1618,0.3521,0.0588,0.01249,0.59568,0.11918,-0.00719,0.29033,1.1859
1287,1605.4,13855020,937241,0.614,0.605,8858,10795,14469,0.01584673,0,0,0.0705,0.1557,0.3154,0.0722,0.01195,0.59194,0.11221,-0.00477,0.27157,1.18664
1288,1606.6,13865803,937969,0.614,0.605,8846,10783,14457,0.01584349,0,0,0.0707,0.1456,0.3194,0.0778,0.01229,0.59208,0.11229,-0.01017,0.28251,1.18683
1289,1607.8,13876609,938704,0.661,0.598,8579,10806,14471,0.01584026,0,0,0.0733,0.1548,0.3373,0.0959,0.01173,0.58585,0.11571,-0.00756,0.28394,1.18053
1290,1609.1,13887397,939427,0.615,0.598,8892,10788,14479,0.01583702,0,0,0.0787,0.1551,0.3376,0.0437,0.0118,0.58561,0.11408,-0.009,0.28382,1.189
1291,1610.3,13898193,940163,0.599,0.602,8985,10796,14460,0.01583378,0,0,0.0677,0.1418,0.3106,0.079,0.01176,0.58962,0.10813,-0.00483,0.26337,1.18266
1292,1611.5,13908982,940873,0.6,0.603,8968,10789,14484,0.01583054,0,0,0.0758,0.1522,0.3319,0.0406,0.01181,0.58959,0.11625,-0.00751,0.28537,1.19556
1293,1612.7,13919726,941601,0.613,0.617,8734,10744,14416,0.01582731,0,0,0.0734,0.1426,0.3159,0.0811,0.01395,0.60235,0.1196,-0.00588,0.28857,1.18819
1294,1613.9,13930482,942325,0.583,0.606,9047,10756,14453,0.01582408,0,0,0.0729,0.1401,0.3247,0.0452,0.01152,0.59362,0.12104,-0.01076,0.30049,1.16562
1295,1615.1,13941227,943050,0.623,0.599,8790,10745,14413,0.01582086,0,0,0.0775,0.1516,0.3262,0.0677,0.01141,0.58721,0.1119,-0.00921,0.28001,1.19438
1296,1616.3,13951984,943770,0.585,0.596,9110,10757,14417,0.01581763,0,0,0.0718,0.15,0.3181,0.045,0.01286,0.58215,0.11007,-0.00576,0.26893,1.17771
1297,1617.4,13962756,944504,0.523,0.59,9673,10772,14450,0.0158144,0,0,0.062,0.1203,0.2719,0.069,0.0112,0.57854,0.11061,-0.00792,0.27522,1.20623
1298,1618.5,13973533,945255,0.492,0.586,9997,10777,14460,0.01581117,0,0,0.0628,0.1155,0.2798,0.0337,0.01067,0.57475,0.12019,-0.00698,0.29128,1.16847
1299,1619.6,13984333,945977,0.547,0.588,9518,10800,14477,0.01580794,0,0,0.0683,0.1258,0.284,0.0687,0.01147,0.5757,0.11374,-0.00866,0.28199,1.17633
1300,1620.7,13995111,946709,0.509,0.587,9837,10778,14458,0.0158047,0,0,0.0646,0.1162,0.292,0.0357,0.0114,0.57494,0.10996,-0.00507,0.26701,1.169
1301,1621.9,14005873,947427,0.587,0.588,9162,10762,14447,0.01580147,0,0,0.0701,0.1374,0.2973,0.082,0.01258,0.57453,0.11814,-0.0039,0.28106,1.17
1302,1623.1,14016676,948140,0.525,0.585,9738,10803,14467,0.01579824,0,0,0.0668,0.1272,0.2896,0.0413,0.0112,0.57241,0.13603,-0.00572,0.32107,1.18896
1303,1624.2,14027432,948879,0.519,0.59,9700,10756,14426,0.015795,0,0,0.0618,0.1143,0.2809,0.0617,0.01144,0.57809,0.12069,-0.00672,0.29166,1.16585
1304,1625.3,14038202,949619,0.487,0.589,10009,10770,14443,0.01579177,0,0,0.0624,0.1128,0.2753,0.0368,0.01201,0.57611,0.11844,-0.00412,0.28129,1.14529
1305,1626.4,14048949,950355,0.531,0.585,9626,10747,14438,0.01578854,0,0,0.0625,0.1145,0.2906,0.0635,0.01173,0.57301,0.12792,-0.00781,0.30702,1.12616
1306,1627.5,14059747,951083,0.517,0.588,9776,10798,14487,0.01578532,0,0,0.0624,0.1236,0.2944,0.0364,0.01104,0.57596,0.12261,-0.00388,0.28912,1.14506
1307,1628.6,14070544,951806,0.566,0.587,9364,10797,14491,0.01578208,0,0,0.0689,0.1266,0.2953,0.0753,0.01206,0.57423,0.11725,-0.00489,0.28126,1.17176
1308,1629.8,14081354,952524,0.539,0.588,9597,10810,14495,0.01577884,0,0,0.0706,0.1285,0.296,0.0435,0.01167,0.57551,0.12834,-0.00494,0.30284,1.14971
1309,1631.0,14092156,953251,0.599,0.588,9104,10802,14488,0.01577559,0,0,0.0718,0.1471,0.3109,0.0688,0.01166,0.57546,0.11767,-0.00761,0.28717,1.16029
1310,1632.1,14102959,953982,0.557,0.591,9414,10803,14492,0.01577235,0,0,0.0712,0.1367,0.3023,0.0468,0.01177,0.5778,0.11272,-0.00845,0.27886,1.15743
1311,1633.3,14113721,954694,0.596,0.589,9088,10762,14437,0.01576911,0,0,0.0741,0.1431,0.3104,0.0681,0.01285,0.57472,0.11534,-0.00495,0.2775,1.17079
1312,1634.4,14124515,955416,0.521,0.596,9668,10794,14494,0.01576588,0,0,0.0648,0.1213,0.2929,0.0416,0.01156,0.58348,0.12123,-0.00462,0.2879,1.14785
1313,1635.6,14135265,956152,0.621,0.604,8774,10750,14435,0.01576265,0,0,0.072,0.1444,0.3247,0.0798,0.01261,0.59051,0.11618,-0.00753,0.28397,1.15932
1314,1636.9,14146077,956888,0.629,0.606,8758,10812,14505,0.01575942,0,0,0.0791,0.1574,0.3395,0.0529,0.01273,0.59209,0.12271,-0.00627,0.29404,1.14487
1315,1638.2,14156852,957622,0.689,0.603,8339,10775,14472,0.01575618,0,0,0.0817,0.1602,0.3744,0.073,0.01242,0.58927,0.13537,-0.00591,0.31824,1.13251
1316,1639.4,14167654,958339,0.623,0.603,8811,10802,14507,0.01575294,0,0,0.0758,0.1495,0.3366,0.0611,0.01204,0.58987,0.12654,-0.00495,0.29897,1.14217
1317,1640.6,14178429,959055,0.582,0.607,9067,10775,14482,0.0157497,0,0,0.0667,0.1259,0.3119,0.0772,0.01199,0.5936,0.10975,-0.00858,0.27369,1.17529
1318,1641.8,14189235,959777,0.581,0.605,9114,10806,14477,0.01574647,0,0,0.0697,0.144,0.3211,0.0459,0.01205,0.5921,0.13465,-0.00858,0.3227,1.15027
1319,1643.0,14200071,960490,0.6,0.608,8969,10836,14527,0.01574323,0,0,0.0719,0.1451,0.3126,0.0707,0.0123,0.59469,0.11993,-0.00615,0.28814,1.14309
1320,1644.1,14210884,961216,0.558,0.605,9304,10813,14513,0.01573998,0,0,0.0691,0.1264,0.3148,0.0472,0.01339,0.59036,0.13036,-0.00436,0.3061,1.16497
1321,1645.3,14221686,961945,0.608,0.605,8905,10802,14493,0.01573673,0,0,0.0724,0.1445,0.3214,0.0696,0.01274,0.59137,0.13668,-0.00603,0.32141,1.14308
1322,1646.5,14232477,962663,0.577,0.601,9157,10791,14472,0.01573349,0,0,0.0697,0.1343,0.3241,0.0491,0.01186,0.58856,0.12345,-0.00748,0.29826,1.15667
1323,1647.7,14243259,963381,0.605,0.605,8908,10782,14479,0.01573026,0,0,0.0704,0.1361,0.3139,0.0847,0.01313,0.59149,0.12238,-0.01014,0.30089,1.13941
1324,1648.9,14254075,964099,0.573,0.604,9195,10816,14491,0.01572702,0,0,0.072,0.1365,0.3218,0.0423,0.01243,0.59046,0.12887,-0.00903,0.31202,1.15205
1325,1650.1,14264879,964807,0.606,0.601,8955,10804,14497,0.01572378,0,0,0.0669,0.1378,0.3248,0.0763,0.0129,0.58722,0.137,-0.0069,0.32353,1.13574
1326,1651.3,14275657,965541,0.561,0.6,9289,10778,14439,0.01572054,0,0,0.0691,0.1311,0.3203,0.0401,0.0115,0.58758,0.12947,-0.00326,0.30111,1.13401
1327,1652.4,14286430,966277,0.554,0.601,9324,10773,14490,0.0157173,0,0,0.0671,0.1238,0.2923,0.0707,0.01165,0.58905,0.13758,-0.00459,0.31966,1.12358
1328,1653.6,14297254,967001,0.535,0.601,9528,10824,14523,0.01571407,0,0,0.0671,0.1228,0.3049,0.0399,0.01262,0.58748,0.13443,-0.00715,0.31878,1.13315
1329,1654.8,14308006,967730,0.595,0.614,8895,10752,14435,0.01571082,0,0,0.0704,0.1325,0.316,0.0757,0.01176,0.60147,0.13441,-0.00683,0.31774,1.12205
1330,1655.9,14318803,968452,0.547,0.597,9439,10797,14462,0.0157076,0,0,0.0688,0.13,0.3052,0.043,0.01235,0.58362,0.13244,-0.00435,0.3087,1.11748
1331,1657.1,14329600,969163,0.59,0.587,9175,10797,14508,0.01570436,0,0,0.0703,0.135,0.3079,0.0768,0.01129,0.57483,0.11972,-0.01094,0.29751,1.15232
1332,1658.3,14340394,969883,0.556,0.597,9365,10794,14475,0.01570112,0,0,0.0671,0.1402,0.3079,0.0406,0.01209,0.58365,0.11622,-0.00584,0.27992,1.14002
1333,1659.5,14351253,970611,0.651,0.593,8732,10859,14535,0.01569788,0,0,0.0786,0.1595,0.3277,0.0849,0.01347,0.57873,0.13324,-0.00712,0.31623,1.1308
1334,1660.6,14362079,971312,0.532,0.594,9616,10826,14505,0.01569462,0,0,0.0663,0.131,0.2934,0.041,0.01204,0.58132,0.12759,-0.00518,0.30141,1.14255
1335,1661.8,14372880,971998,0.548,0.586,9525,10801,14489,0.01569138,0,0,0.0666,0.1205,0.2939,0.0668,0.0124,0.5731,0.13912,-0.00902,0.33203,1.13846
1336,1662.9,14383684,972722,0.553,0.587,9477,10804,14478,0.01568814,0,0,0.0702,0.1427,0.3005,0.0398,0.01204,0.57386,0.12815,-0.00639,0.3044,1.12574
1337,1664.0,14394467,973420,0.562,0.587,9385,10783,14452,0.01568489,0,0,0.0643,0.1237,0.3001,0.0737,0.01176,0.57483,0.1209,-0.00838,0.29388,1.12599
1338,1665.2,14405280,974139,0.543,0.595,9506,10813,14496,0.01568166,0,0,0.0664,0.1274,0.3038,0.045,0.01203,0.58219,0.12015,-0.00789,0.29135,1.12442
1339,1666.3,14416101,974856,0.565,0.59,9371,10821,14519,0.01567842,0,0,0.0664,0.1253,0.3009,0.0721,0.01413,0.57495,0.13488,-0.00265,0.31011,1.11772
1340,1667.5,14426890,975582,0.566,0.587,9358,10789,14483,0.01567517,0,0,0.0694,0.1324,0.2985,0.0655,0.01137,0.57498,0.13016,-0.00684,0.30974,1.13996
1341,1668.6,14437665,976300,0.536,0.586,9606,10775,14457,0.01567193,0,0,0.0641,0.1161,0.2842,0.0712,0.01069,0.57444,0.12418,-0.00593,0.29655,1.15871
1342,1669.7,14448487,977029,0.518,0.589,9780,10822,14504,0.0156687,0,0,0.0646,0.1254,0.2896,0.0384,0.0115,0.57643,0.13022,-0.00805,0.31222,1.1385
1343,1670.9,14459290,977751,0.573,0.589,9299,10803,14513,0.01566545,0,0,0.066,0.1292,0.2913,0.0865,0.01201,0.57604,0.12087,-0.00871,0.29511,1.1477
1344,1672.0,14470106,978467,0.489,0.586,10059,10816,14494,0.01566221,0,0,0.0609,0.109,0.2836,0.0357,0.01188,0.57346,0.12667,-0.00938,0.30856,1.16452
1345,1673.1,14480896,979207,0.557,0.588,9422,10790,14488,0.01565897,0,0,0.0659,0.1216,0.2958,0.0736,0.01245,0.57494,0.13492,-0.00761,0.32061,1.13553
1346,1674.2,14491706,979937,0.46,0.585,10351,10810,14481,0.01565573,0,0,0.0571,0.1038,0.265,0.0336,0.01128,0.57297,0.11903,-0.00897,0.2915,1.13429
1347,1675.2,14502472,980669,0.469,0.587,10198,10766,14468,0.01565249,0,0,0.0535,0.093,0.2658,0.0568,0.01113,0.57483,0.12887,-0.0071,0.30758,1.13842
1348,1676.2,14513250,981416,0.449,0.588,10391,10778,14460,0.01564926,0,0,0.0559,0.0986,0.2627,0.0319,0.01157,0.57587,0.13002,-0.0052,0.30523,1.11192
1349,1677.3,14524038,982144,0.464,0.594,10192,10788,14456,0.01564603,0,0,0.0541,0.095,0.2587,0.0565,0.01134,0.58221,0.1228,-0.00562,0.2917,1.11407
1350,1678.4,14534840,982866,0.49,0.587,10028,10802,14494,0.01564279,0,0,0.0615,0.1143,0.2833,0.0308,0.01161,0.57486,0.1239,-0.00982,0.30243,1.11794
1351,1679.4,14545630,983596,0.465,0.586,10268,10790,14486,0.01563955,0,0,0.055,0.0952,0.2614,0.0537,0.01151,0.57329,0.11158,-0.00804,0.273,1.07938
1352,1680.6,14556423,984308,0.456,0.588,10338,10793,14453,0.01563631,0,0,0.0577,0.1017,0.2669,0.0294,0.01108,0.5766,0.13731,-0.00688,0.32225,1.08306
1353,1681.7,14567209,985034,0.551,0.592,9440,10786,14457,0.01563307,0,0,0.0657,0.1226,0.2967,0.0656,0.01204,0.57919,0.12023,-0.00735,0.29007,1.11591
1354,1682.8,14577966,985760,0.509,0.588,9803,10757,14455,0.01562984,0,0,0.0644,0.12,0.2882,0.0366,0.01155,0.57584,0.11696,-0.00582,0.28121,1.14016
1355,1684.0,14588741,986494,0.574,0.587,9278,10775,14492,0.01562661,0,0,0.0664,0.1407,0.2977,0.0691,0.01092,0.57564,0.12428,-0.00683,0.29828,1.15393
1356,1685.1,14599551,987220,0.569,0.588,9347,10810,14504,0.01562338,0,0,0.0745,0.1394,0.3148,0.0398,0.01197,0.57531,0.12017,-0.00599,0.28809,1.14491
1357,1686.3,14610342,987922,0.608,0.606,8895,10791,14460,0.01562013,0,0,0.0737,0.1429,0.322,0.069,0.01147,0.59316,0.12714,-0.00883,0.30782,1.14798
1358,1687.5,14621114,988674,0.579,0.605,9092,10772,14463,0.0156169,0,0,0.0712,0.149,0.3201,0.0391,0.01248,0.59196,0.11334,-0.00756,0.27788,1.15497
1359,1688.8,14631874,989394,0.676,0.604,8404,10760,14429,0.01561367,0,0,0.0793,0.1682,0.3488,0.0799,0.01195,0.59125,0.12596,-0.00908,0.30721,1.18935
1360,1690.0,14642669,990118,0.582,0.604,9102,10795,14471,0.01561044,0,0,0.0732,0.142,0.3309,0.0359,0.01157,0.59129,0.11928,-0.0084,0.29181,1.16704
1361,1691.4,14653436,990856,0.824,0.611,7499,10767,14431,0.0156072,0,0,0.0945,0.2003,0.4256,0.104,0.01367,0.59666,0.11759,-0.01285,0.29813,1.19331
1362,1692.9,14664202,991586,0.867,0.605,7309,10766,14471,0.01560397,0,0,0.0984,0.2456,0.4254,0.0981,0.01222,0.59244,0.122,-0.01047,0.30161,1.17531
1363,1694.3,14675046,992324,0.762,0.607,7923,10844,14544,0.01560074,0,0,0.0876,0.2017,0.3763,0.0966,0.01219,0.59338,0.114,-0.00871,0.28176,1.16423
1364,1695.5,14685857,993047,0.675,0.604,8452,10811,14461,0.01559749,0,0,0.0844,0.1804,0.3639,0.0463,0.01273,0.59036,0.12477,-0.01004,0.30756,1.21595
1365,1696.8,14696645,993769,0.662,0.605,8519,10788,14453,0.01559424,0,0,0.0746,0.1555,0.3389,0.0927,0.01165,0.59219,0.12129,-0.008,0.29601,1.20014
1366,1698.0,14707424,994517,0.621,0.603,8809,10779,14456,0.01559101,0,0,0.0761,0.1577,0.347,0.0403,0.01134,0.59062,0.11113,-0.01284,0.28486,1.18386
1367,1699.2,14718231,995255,0.57,0.584,9363,10807,14459,0.01558777,0,0,0.0678,0.1271,0.3096,0.0653,0.0117,0.57208,0.12802,-0.00772,0.30769,1.1617
1368,1700.3,14729039,996004,0.515,0.587,9809,10808,14486,0.01558453,0,0,0.0661,0.1179,0.2927,0.0386,0.01184,0.57398,0.1221,-0.0078,0.2968,1.18698
1369,1701.4,14739845,996751,0.545,0.585,9564,10806,14460,0.01558129,0,0,0.0652,0.1229,0.2944,0.0623,0.01092,0.57341,0.1277,-0.00636,0.30411,1.15433
1370,1702.5,14750587,997486,0.525,0.584,9684,10742,14404,0.01557805,0,0,0.0647,0.1238,0.3012,0.0354,0.01137,0.57208,0.11755,-0.0085,0.28833,1.16242
1371,1703.7,14761369,998250,0.572,0.584,9331,10782,14457,0.01557482,0,0,0.0683,0.122,0.3067,0.0747,0.01106,0.57212,0.12519,-0.00989,0.30662,1.17066
1372,1704.8,14772156,998993,0.548,0.585,9520,10787,14448,0.01557159,0,0,0.0684,0.1304,0.3103,0.0388,0.01125,0.57333,0.12465,-0.00843,0.30241,1.16375
1373,1706.0,14782930,999736,0.576,0.585,9276,10774,14434,0.01556835,0,0,0.0682,0.1299,0.3081,0.0697,0.01149,0.57323,0.11914,-0.00547,0.28626,1.18937
1374,1707.1,14793686,1000470,0.525,0.587,9670,10756,14427,0.01556512,0,0,0.0671,0.1287,0.2944,0.0348,0.01198,0.57455,0.13009,-0.00696,0.31194,1.21531
1375,1708.3,14804409,1001220,0.569,0.584,9300,10723,14379,0.01556189,0,0,0.0691,0.1278,0.3019,0.0699,0.0112,0.57228,0.12584,-0.00942,0.30821,1.21097
1376,1709.4,14815134,1001945,0.557,0.586,9387,10725,14389,0.01555868,0,0,0.0701,0.1394,0.3023,0.045,0.0116,0.57308,0.12285,-0.0061,0.29543,1.20594
1377,1710.5,14825877,1002684,0.568,0.587,9303,10743,14394,0.01555546,0,0,0.0663,0.1224,0.3056,0.0739,0.01217,0.5733,0.11315,-0.008,0.27889,1.17609
1378,1711.7,14836666,1003409,0.605,0.587,9052,10789,14454,0.01555224,0,0,0.0751,0.1478,0.3098,0.0724,0.01252,0.57278,0.11264,-0.00988,0.28328,1.22938
1379,1712.9,14847426,1004144,0.6,0.586,9077,10760,14402,0.015549,0,0,0.0723,0.1491,0.3082,0.0702,0.01204,0.57254,0.11417,-0.00899,0.28341,1.1922
1380,1714.1,14858169,1004888,0.582,0.585,9200,10743,14416,0.01554577,0,0,0.0691,0.1372,0.3004,0.0757,0.01183,0.5729,0.11023,-0.00867,0.27544,1.21069
1381,1715.2,14868911,1005622,0.547,0.586,9477,10742,14438,0.01554255,0,0,0.0652,0.1208,0.2942,0.0672,0.01173,0.57379,0.12248,-0.00601,0.29328,1.1678
1382,1716.3,14879672,1006373,0.52,0.584,9744,10761,14433,0.01553933,0,0,0.0658,0.1242,0.2926,0.0378,0.01119,0.57221,0.11198,-0.0072,0.27421,1.15353
1383,1717.5,14890412,1007115,0.536,0.586,9565,10740,14430,0.0155361,0,0,0.0641,0.12,0.2822,0.0701,0.01199,0.57369,0.10815,-0.01196,0.2754,1.13217
1384,1718.6,14901157,1007861,0.542,0.6,9415,10745,14419,0.01553288,0,0,0.0686,0.1317,0.2994,0.0419,0.01097,0.58789,0.11862,-0.00944,0.29179,1.1481
1385,1719.8,14911895,1008611,0.618,0.6,8816,10738,14403,0.01552965,0,0,0.0759,0.1426,0.318,0.0819,0.01113,0.58782,0.11834,-0.00847,0.28901,1.13941
1386,1721.0,14922691,1009353,0.596,0.597,9050,10796,14477,0.01552643,0,0,0.0738,0.1496,0.326,0.0462,0.0119,0.58449,0.11709,-0.00753,0.28462,1.13939
1387,1722.2,14933431,1010108,0.631,0.6,8728,10740,14398,0.01552319,0,0,0.0761,0.1479,0.3345,0.072,0.01203,0.58728,0.12736,-0.00873,0.3081,1.15711
1388,1723.4,14944216,1010852,0.598,0.598,9018,10785,14449,0.01551997,0,0,0.0742,0.1533,0.3313,0.0392,0.01149,0.5851,0.12756,-0.00832,0.30771,1.1582
1389,1724.7,14954990,1011592,0.648,0.599,8641,10774,14459,0.01551674,0,0,0.0758,0.1626,0.3386,0.0705,0.01172,0.58691,0.13236,-0.00754,0.31534,1.14528
1390,1725.8,14965796,1012333,0.549,0.601,9400,10806,14476,0.0155135,0,0,0.0675,0.1314,0.3103,0.0399,0.012,0.5879,0.11554,-0.00901,0.28452,1.14194
1391,1727.0,14976605,1013077,0.587,0.605,9067,10809,14516,0.01551026,0,0,0.07,0.1402,0.3103,0.0666,0.01288,0.59105,0.12259,-0.00453,0.28907,1.12296
1392,1728.2,14987357,1013825,0.545,0.603,9370,10752,14419,0.01550702,0,0,0.0686,0.1306,0.3073,0.0381,0.01224,0.58955,0.11585,-0.00805,0.28385,1.16231
1393,1729.4,14998184,1014584,0.58,0.605,9135,10827,14513,0.01550379,0,0,0.0654,0.1303,0.3071,0.0776,0.01304,0.59082,0.11094,-0.00657,0.26975,1.12026
1394,1730.5,15008994,1015325,0.593,0.594,9106,10810,14508,0.01550054,0,0,0.0697,0.1404,0.3105,0.0727,0.01139,0.58147,0.11919,-0.00742,0.28835,1.13355
1395,1731.7,15019811,1016090,0.61,0.59,9015,10817,14517,0.0154973,0,0,0.073,0.1432,0.3148,0.079,0.01256,0.5762,0.12885,-0.00649,0.30582,1.13345
1396,1732.9,15030638,1016812,0.598,0.597,9063,10827,14492,0.01549406,0,0,0.0747,0.1571,0.3196,0.0462,0.01192,0.58425,0.10355,-0.01108,0.26542,1.1669
1397,1734.1,15041456,1017563,0.541,0.587,9591,10818,14526,0.01549081,0,0,0.066,0.1235,0.2856,0.0654,0.01125,0.57519,0.12743,-0.00553,0.30097,1.13134
1398,1735.3,15052300,1018299,0.617,0.597,8933,10844,14516,0.01548756,0,0,0.0783,0.1479,0.3471,0.0439,0.01207,0.584,0.12699,-0.00776,0.30427,1.12263
1399,1736.5,15063140,1019043,0.573,0.59,9316,10840,14529,0.01548431,0,0,0.0709,0.136,0.2966,0.0697,0.01202,0.57762,0.12058,-0.00656,0.28964,1.14143
1400,1737.6,15073940,1019791,0.577,0.586,9288,10800,14460,0.01548106,0,0,0.0726,0.1504,0.3124,0.0415,0.01172,0.57339,0.1226,-0.00889,0.29795,1.12964
1401,1739.2,15084759,1020533,0.603,0.588,9085,10819,14470,0.01547782,0,0,0.0749,0.1392,0.3073,0.0817,0.01226,0.575,0.12109,-0.00753,0.29247,1.13804
1402,1740.4,15095577,1021271,0.487,0.588,10061,10818,14492,0.01547457,0,0,0.0627,0.1117,0.2778,0.0353,0.01072,0.57645,0.12916,-0.00998,0.3132,1.12821
1403,1741.5,15106416,1022012,0.524,0.587,9752,10839,14529,0.01547133,0,0,0.0634,0.1187,0.2771,0.0648,0.01143,0.57526,0.13168,-0.00628,0.31179,1.15891
1404,1742.6,15117249,1022733,0.507,0.585,9919,10833,14496,0.01546808,0,0,0.0626,0.1199,0.281,0.0435,0.01119,0.57339,0.11911,-0.00774,0.28831,1.11889
1405,1743.7,15128067,1023464,0.545,0.587,9559,10818,14502,0.01546483,0,0,0.0628,0.1191,0.2972,0.0655,0.01212,0.57434,0.12626,-0.00631,0.29971,1.11763
1406,1744.9,15138871,1024185,0.528,0.588,9680,10804,14467,0.01546158,0,0,0.067,0.1294,0.2922,0.0393,0.01165,0.57556,0.1342,-0.00594,0.3145,1.10653
1407,1746.0,15149673,1024920,0.562,0.606,9251,10802,14479,0.01545834,0,0,0.0667,0.1267,0.2967,0.0719,0.01146,0.5932,0.13277,-0.00557,0.3109,1.10655
1408,1747.2,15160488,1025667,0.567,0.59,9349,10815,14497,0.0154551,0,0,0.072,0.1403,0.3147,0.0395,0.01076,0.57878,0.14552,-0.0039,0.33266,1.09448
1409,1748.3,15171255,1026394,0.524,0.594,9628,10767,14430,0.01545185,0,0,0.0626,0.1136,0.2821,0.0661,0.0121,0.58097,0.1367,-0.00664,0.32077,1.10314
1410,1749.4,15182065,1027142,0.501,0.593,9888,10810,14505,0.01544862,0,0,0.0634,0.1118,0.2866,0.0388,0.01168,0.5802,0.13088,-0.0075,0.31113,1.11193
1411,1750.6,15192821,1027877,0.579,0.598,9134,10756,14433,0.01544538,0,0,0.0652,0.139,0.3079,0.0673,0.01096,0.58641,0.12685,-0.00622,0.30056,1.11428
1412,1751.7,15203598,1028610,0.545,0.596,9444,10777,14447,0.01544215,0,0,0.0683,0.1294,0.3067,0.0408,0.01155,0.58379,0.12532,-0.00465,0.29439,1.11515
1413,1752.9,15214423,1029339,0.532,0.606,9510,10825,14489,0.01543892,0,0,0.0627,0.1123,0.2831,0.0738,0.01189,0.59355,0.12022,-0.00494,0.2856,1.14239
1414,1754.1,15225220,1030063,0.612,0.594,8948,10797,14458,0.01543567,0,0,0.0755,0.1532,0.3294,0.0543,0.01301,0.58042,0.12612,-0.00633,0.30018,1.14258
1415,1755.4,15236033,1030795,0.735,0.588,8176,10813,14494,0.01543243,0,0,0.0922,0.1908,0.3608,0.0908,0.01207,0.57478,0.13886,-0.00859,0.32957,1.12341
1416,1756.7,15246857,1031522,0.721,0.589,8263,10824,14482,0.01542919,0,0,0.0849,0.1775,0.3652,0.0934,0.01228,0.57562,0.13226,-0.00881,0.31635,1.10841
1417,1757.9,15257723,1032256,0.658,0.575,8812,10866,14549,0.01542594,0,0,0.0838,0.1687,0.325,0.0808,0.01195,0.56172,0.13972,-0.00364,0.32209,1.14654
1418,1759.2,15268530,1032981,0.738,0.578,8213,10807,14471,0.01542268,0,0,0.0899,0.1951,0.3862,0.0669,0.01326,0.56359,0.13074,-0.00613,0.309,1.14311
1419,1760.5,15279376,1033726,0.68,0.575,8641,10846,14529,0.01541944,0,0,0.0815,0.1943,0.3102,0.0939,0.01128,0.56292,0.13741,-0.00445,0.31798,1.11072
1420,1761.7,15290231,1034458,0.605,0.573,9214,10855,14537,0.01541619,0,0,0.0792,0.1703,0.3137,0.042,0.0129,0.55904,0.12812,-0.00727,0.30524,1.1179
1421,1762.9,15301073,1035197,0.658,0.574,8802,10842,14481,0.01541293,0,0,0.084,0.168,0.3235,0.0823,0.01296,0.56009,0.13514,0.00191,0.30179,1.14613
1422,1764.1,15311874,1035914,0.626,0.575,8993,10801,14466,0.01540968,0,0,0.0785,0.1771,0.3235,0.0465,0.01251,0.56206,0.13375,-0.00673,0.31589,1.13274
1423,1765.3,15322712,1036675,0.608,0.573,9178,10838,14506,0.01540644,0,0,0.0745,0.1509,0.3053,0.077,0.01115,0.56107,0.13314,-0.00764,0.31658,1.13664
1424,1766.4,15333529,1037402,0.578,0.572,9408,10817,14492,0.01540319,0,0,0.0727,0.155,0.3038,0.0462,0.0123,0.55909,0.13165,-0.00728,0.31193,1.1064
1425,1767.7,15344337,1038127,0.667,0.572,8722,10808,14486,0.01539994,0,0,0.0825,0.1699,0.3263,0.0879,0.01217,0.55926,0.13473,-0.00433,0.3144,1.17754
1426,1769.0,15355166,1038850,0.695,0.574,8539,10829,14485,0.0153967,0,0,0.0835,0.1895,0.3592,0.0625,0.0133,0.55922,0.11454,-0.0064,0.27803,1.17333
1427,1770.2,15366020,1039575,0.674,0.588,8604,10854,14534,0.01539345,0,0,0.0805,0.1692,0.3146,0.1095,0.0123,0.57447,0.11769,-0.00694,0.28565,1.18173
1428,1771.5,15376862,1040303,0.707,0.59,8360,10842,14525,0.01539019,0,0,0.0845,0.1823,0.3731,0.0671,0.01217,0.57691,0.12632,-0.00851,0.30544,1.163
1429,1772.9,15387701,1041041,0.779,0.597,7874,10839,14515,0.01538694,0,0,0.0894,0.2071,0.3878,0.0949,0.01288,0.58312,0.1209,-0.00848,0.29378,1.13752
1430,1774.2,15398503,1041772,0.74,0.602,8051,10802,14489,0.01538369,0,0,0.089,0.1958,0.3951,0.0601,0.0151,0.58565,0.11358,-0.00851,0.28038,1.17654
1431,1775.6,15409315,1042485,0.801,0.608,7673,10812,14477,0.01538045,0,0,0.0923,0.1889,0.4114,0.1089,0.01196,0.59457,0.12343,-0.00639,0.29599,1.18204
1432,1777.0,15420148,1043218,0.738,0.611,8031,10833,14519,0.01537721,0,0,0.0832,0.1963,0.3855,0.073,0.01293,0.5967,0.12598,-0.01011,0.3084,1.17771
1433,1778.4,15431007,1043941,0.781,0.609,7811,10859,14521,0.01537396,0,0,0.0836,0.1986,0.3945,0.1041,0.01214,0.59596,0.1304,-0.00604,0.30848,1.15751
1434,1779.7,15441835,1044670,0.686,0.603,8406,10828,14502,0.0153707,0,0,0.0816,0.1752,0.3736,0.0551,0.013,0.58858,0.13449,-0.00444,0.31245,1.12551
1435,1781.0,15452673,1045404,0.761,0.604,7942,10838,14507,0.01536745,0,0,0.0858,0.2091,0.3695,0.0962,0.01193,0.59095,0.12888,-0.00806,0.30973,1.1668
1436,1782.4,15463510,1046140,0.734,0.61,8063,10837,14523,0.0153642,0,0,0.0859,0.1906,0.3837,0.0739,0.01277,0.59607,0.12492,-0.0066,0.2991,1.17315
1437,1783.7,15474353,1046877,0.725,0.604,8160,10843,14527,0.01536095,0,0,0.0961,0.1881,0.3579,0.0827,0.01296,0.59026,0.12909,-0.00658,0.3065,1.14471
1438,1785.0,15485176,1047609,0.682,0.603,8423,10823,14517,0.01535769,0,0,0.088,0.174,0.3661,0.0538,0.01211,0.58997,0.12414,-0.00897,0.30238,1.17728
1439,1786.3,15496011,1048343,0.692,0.605,8358,10835,14514,0.01535445,0,0,0.0809,0.168,0.3531,0.0897,0.0136,0.59003,0.12161,-0.00792,0.29459,1.15729
1440,1787.5,15506790,1049069,0.645,0.598,8671,10779,14462,0.0153512,0,0,0.085,0.1728,0.3373,0.0496,0.01124,0.58632,0.12861,-0.00694,0.30713,1.17331
1441,1788.9,15517612,1049807,0.792,0.597,7796,10822,14516,0.01534796,0,0,0.0844,0.1978,0.416,0.0933,0.01174,0.58408,0.12502,-0.00594,0.29728,1.15261
1442,1790.2,15528426,1050537,0.683,0.604,8400,10814,14497,0.01534472,0,0,0.0873,0.1885,0.3578,0.0494,0.0123,0.59129,0.12917,-0.00627,0.30595,1.14245
1443,1791.6,15539222,1051276,0.757,0.606,7918,10796,14475,0.01534147,0,0,0.0905,0.1805,0.3846,0.1016,0.01315,0.59217,0.12871,-0.00814,0.30916,1.15553
1444,1792.9,15550008,1052021,0.72,0.598,8186,10786,14448,0.01533823,0,0,0.0855,0.1855,0.3437,0.1053,0.01257,0.58403,0.11797,-0.00757,0.28725,1.17911
1445,1794.2,15560764,1052748,0.726,0.612,8038,10756,14423,0.015335,0,0,0.0864,0.1867,0.3591,0.0939,0.01346,0.59759,0.14344,-0.00583,0.33351,1.14026
1446,1795.5,15571529,1053474,0.644,0.589,8726,10765,14426,0.01533177,0,0,0.0852,0.167,0.3343,0.0578,0.012,0.57624,0.13418,-0.00719,0.31903,1.18375
1447,1796.7,15582280,1054197,0.614,0.586,8962,10751,14405,0.01532854,0,0,0.0769,0.1441,0.3111,0.0816,0.01194,0.57312,0.1104,-0.0083,0.27366,1.18291
1448,1797.9,15593069,1054940,0.61,0.587,9012,10789,14475,0.01532532,0,0,0.0786,0.158,0.3229,0.051,0.01226,0.57371,0.09975,-0.00963,0.25567,1.20392
1449,1799.1,15603808,1055667,0.628,0.585,8853,10739,14410,0.01532208,0,0,0.0789,0.1536,0.3185,0.0772,0.01161,0.57245,0.11045,-0.01096,0.2796,1.20049
1450,1800.3,15614544,1056370,0.598,0.593,9015,10736,14415,0.01531886,0,0,0.0782,0.1568,0.3206,0.0421,0.01308,0.57914,0.11056,-0.00609,0.27058,1.21703
1451,1801.6,15625305,1057100,0.696,0.599,8306,10761,14449,0.01531564,0,0,0.0792,0.1892,0.3397,0.0883,0.01192,0.5863,0.11736,-0.00679,0.28484,1.19273
1452,1803.1,15636091,1057820,0.613,0.6,8888,10786,14465,0.01531241,0,0,0.0786,0.1543,0.3304,0.05,0.01088,0.58768,0.12217,-0.00873,0.29842,1.19647
1453,1804.4,15646866,1058535,0.704,0.607,8220,10775,14422,0.01530917,0,0,0.0885,0.1681,0.3539,0.0933,0.01308,0.59327,0.11677,-0.00403,0.27861,1.20803
1454,1805.8,15657662,1059246,0.771,0.594,7909,10796,14445,0.01530594,0,0,0.0906,0.1762,0.4019,0.1025,0.01206,0.58073,0.11981,-0.00495,0.28662,1.2123
1455,1807.1,15668395,1059965,0.735,0.599,8046,10733,14405,0.0153027,0,0,0.0853,0.1957,0.3978,0.0565,0.0223,0.57555,0.11583,-0.00877,0.28647,1.2175
1456,1808.5,15679163,1060693,0.77,0.594,7897,10768,14440,0.01529948,0,0,0.0861,0.1978,0.3892,0.0969,0.01263,0.57952,0.10736,-0.01049,0.27307,1.22118
1457,1809.7,15689937,1061422,0.622,0.586,8917,10774,14454,0.01529625,0,0,0.0838,0.1649,0.3307,0.0426,0.0119,0.57361,0.11725,-0.00733,0.28686,1.23253
1458,1810.9,15700697,1062134,0.616,0.593,8905,10760,14418,0.01529302,0,0,0.0748,0.1467,0.3206,0.0735,0.01199,0.57959,0.12829,-0.00956,0.31298,1.21871
1459,1812.1,15711478,1062845,0.565,0.585,9374,10781,14432,0.01528979,0,0,0.0724,0.1447,0.3069,0.0413,0.01171,0.57237,0.11272,-0.00695,0.27719,1.23806
1460,1813.5,15722230,1063561,0.88,0.586,7335,10752,14423,0.01528656,0,0,0.3465,0.1407,0.3138,0.0785,0.0117,0.5738,0.11433,-0.00655,0.27998,1.25007
1461,1814.7,15733011,1064273,0.568,0.585,9350,10781,14453,0.01528333,0,0,0.0749,0.1448,0.3003,0.0484,0.01169,0.57232,0.11346,-0.01207,0.28909,1.24442
1462,1815.9,15743791,1064970,0.586,0.586,9203,10780,14446,0.0152801,0,0,0.0704,0.1311,0.3106,0.0737,0.0113,0.57328,0.13252,-0.00935,0.32206,1.25423
1463,1817.0,15754601,1065672,0.595,0.596,9074,10810,14498,0.01527686,0,0,0.0768,0.1594,0.3127,0.0462,0.01163,0.58372,0.1235,-0.00732,0.29916,1.22833
1464,1818.3,15765367,1066390,0.614,0.599,8876,10766,14420,0.01527362,0,0,0.0735,0.1456,0.3077,0.0868,0.0119,0.58621,0.11266,-0.00669,0.27531,1.19869
1465,1819.5,15776175,1067110,0.618,0.605,8837,10808,14469,0.01527039,0,0,0.0776,0.1528,0.3374,0.0501,0.0123,0.59196,0.11759,-0.0091,0.29007,1.20103
1466,1820.7,15786955,1067838,0.588,0.615,8955,10780,14446,0.01526715,0,0,0.0718,0.1353,0.3093,0.072,0.01183,0.60244,0.11472,-0.00885,0.28358,1.19313
1467,1822.0,15797776,1068558,0.735,0.62,7986,10821,14489,0.01526391,0,0,0.0867,0.1904,0.3773,0.0809,0.01316,0.60559,0.11717,-0.0087,0.28776,1.17994
1468,1823.4,15808581,1069274,0.753,0.618,7886,10805,14492,0.01526067,0,0,0.0952,0.1854,0.3596,0.1124,0.01275,0.6038,0.11757,-0.00829,0.28752,1.17291
1469,1824.7,15819414,1069986,0.694,0.616,8274,10833,14527,0.01525743,0,0,0.0829,0.1715,0.3786,0.0606,0.01263,0.60195,0.11911,-0.00558,0.28483,1.16162
1470,1826.1,15830246,1070697,0.782,0.615,7755,10832,14481,0.01525418,0,0,0.0881,0.189,0.3728,0.1319,0.01224,0.60174,0.12189,-0.00493,0.28896,1.15804
1471,1827.4,15841111,1071399,0.636,0.616,8673,10865,14554,0.01525093,0,0,0.0823,0.159,0.3362,0.0589,0.01271,0.603,0.10745,-0.00683,0.26427,1.17059
1472,1828.8,15851971,1072090,0.774,0.618,7798,10860,14567,0.01524767,0,0,0.0853,0.1925,0.3818,0.1145,0.01212,0.60537,0.1177,-0.0069,0.28417,1.14642
1473,1830.0,15862808,1072793,0.617,0.605,8866,10837,14500,0.01524441,0,0,0.0779,0.1543,0.3288,0.0561,0.01283,0.59161,0.11567,-0.00846,0.28399,1.17216
1474,1831.2,15873636,1073492,0.62,0.603,8852,10828,14480,0.01524116,0,0,0.0728,0.1471,0.3265,0.0733,0.01187,0.59095,0.1124,-0.00934,0.279,1.16546
1475,1832.4,15884471,1074201,0.589,0.601,9104,10835,14519,0.01523791,0,0,0.0736,0.144,0.3183,0.0536,0.01146,0.58854,0.12042,-0.00499,0.28694,1.18547
1476,1833.6,15895276,1074905,0.617,0.604,8848,10805,14476,0.01523466,0,0,0.0723,0.1331,0.3091,0.1029,0.01119,0.59161,0.1159,-0.00321,0.27227,1.11726
1477,1834.8,15906090,1075602,0.593,0.603,9039,10814,14492,0.01523142,0,0,0.0737,0.14,0.3212,0.058,0.01188,0.59061,0.11472,-0.00833,0.28152,1.16231
1478,1836.1,15916887,1076309,0.671,0.6,8495,10797,14489,0.01522817,0,0,0.0795,0.1699,0.3275,0.0946,0.01158,0.5873,0.11651,-0.00958,0.28688,1.13969
1479,1837.3,15927653,1077022,0.626,0.61,8709,10766,14441,0.01522493,0,0,0.0771,0.1433,0.3238,0.0816,0.01246,0.59626,0.13594,-0.00349,0.31278,1.11446
1480,1838.6,15938501,1077722,0.7,0.605,8316,10848,14513,0.0152217,0,0,0.0765,0.1597,0.3341,0.1296,0.01169,0.59184,0.12916,-0.0072,0.30804,1.16038
1481,1839.8,15949263,1078439,0.57,0.597,9227,10762,14450,0.01521845,0,0,0.0692,0.1298,0.308,0.0626,0.0122,0.58368,0.11317,-0.00819,0.27699,1.1261
1482,1841.0,15960060,1079154,0.584,0.597,9144,10797,14504,0.01521522,0,0,0.0685,0.1269,0.3061,0.0823,0.01138,0.58465,0.11483,-0.00477,0.27461,1.1635
1483,1842.2,15970846,1079853,0.639,0.598,8719,10786,14470,0.01521198,0,0,0.083,0.1617,0.3236,0.071,0.01267,0.58442,0.12433,-0.0056,0.29453,1.13951
1484,1843.5,15981650,1080568,0.634,0.599,8760,10804,14513,0.01520875,0,0,0.0722,0.1458,0.3203,0.0957,0.01131,0.58719,0.12393,-0.01029,0.30349,1.15189
1485,1844.6,15992482,1081274,0.551,0.595,9455,10832,14499,0.01520551,0,0,0.0691,0.1282,0.3043,0.0494,0.01205,0.58159,0.11658,-0.0058,0.28014,1.16323
1486,1845.8,16003296,1081983,0.605,0.594,9016,10814,14480,0.01520226,0,0,0.0724,0.1432,0.3012,0.0883,0.01144,0.58216,0.12216,-0.00853,0.29503,1.10639
1487,1847.0,16014165,1082692,0.569,0.598,9320,10869,14568,0.01519901,0,0,0.0728,0.1365,0.3052,0.0541,0.01226,0.58458,0.12799,-0.00468,0.3001,1.14364
1488,1848.2,16025010,1083392,0.603,0.591,9089,10845,14533,0.01519575,0,0,0.0682,0.1254,0.3099,0.0992,0.01126,0.57821,0.12264,-0.0088,0.29698,1.12137
1489,1849.4,16035834,1084091,0.61,0.584,9067,10824,14512,0.0151925,0,0,0.0767,0.1572,0.3286,0.0472,0.01165,0.57132,0.12032,-0.0088,0.29321,1.15119
1490,1850.6,16046635,1084805,0.65,0.603,8618,10801,14522,0.01518925,0,0,0.0797,0.1577,0.3107,0.102,0.01174,0.5902,0.11433,-0.00827,0.28063,1.16597
1491,1851.8,16057458,1085513,0.602,0.601,8998,10823,14486,0.01518601,0,0,0.0756,0.1535,0.3199,0.0533,0.01186,0.58773,0.11766,-0.00636,0.28282,1.14573
1492,1853.0,16068282,1086221,0.623,0.609,8786,10824,14519,0.01518276,0,0,0.0731,0.1463,0.3108,0.0926,0.01051,0.59758,0.12384,-0.00543,0.29313,1.13922
1493,1854.3,16079124,1086928,0.666,0.6,8569,10842,14517,0.01517952,0,0,0.0897,0.1779,0.343,0.055,0.01198,0.58669,0.12292,-0.00729,0.29474,1.13021
1494,1855.6,16089996,1087642,0.65,0.603,8679,10872,14546,0.01517626,0,0,0.0732,0.1533,0.3136,0.1099,0.01334,0.58859,0.13411,-0.00482,0.31227,1.13337
1495,1856.8,16100787,1088368,0.641,0.585,8802,10791,14480,0.015173,0,0,0.0805,0.1685,0.3394,0.0527,0.01232,0.57161,0.12286,-0.00591,0.2922,1.14202
1496,1857.9,16111580,1089065,0.568,0.581,9389,10793,14494,0.01516976,0,0,0.0658,0.1273,0.2964,0.0784,0.01174,0.569,0.10737,-0.00694,0.26304,1.13453
1497,1859.1,16122446,1089785,0.592,0.589,9201,10866,14534,0.01516653,0,0,0.0752,0.1447,0.323,0.0493,0.01294,0.57522,0.10293,-0.00944,0.25877,1.12193
1498,1860.3,16133254,1090484,0.595,0.585,9154,10808,14488,0.01516327,0,0,0.0684,0.1287,0.3151,0.0831,0.01252,0.57231,0.11983,-0.00645,0.2877,1.15918
1499,1861.5,16144090,1091205,0.612,0.601,8931,10836,14528,0.01516002,0,0,0.0768,0.154,0.3179,0.0633,0.01178,0.58842,0.1095,-0.00913,0.27249,1.16173
1500,1862.7,16154878,1091902,0.569,0.587,9329,10788,14468,0.01515677,0,0,0.0649,0.1238,0.3014,0.0792,0.01147,0.57487,0.10734,-0.00706,0.26424,1.1695
1501,1863.8,16165709,1092617,0.523,0.586,9770,10831,14507,0.01515354,0,0,0.0656,0.1195,0.2902,0.0471,0.01097,0.57451,0.11625,-0.00813,0.28405,1.16414
1502,1865.0,16176571,1093297,0.545,0.588,9591,10862,14541,0.01515029,0,0,0.066,0.1204,0.2853,0.0732,0.01143,0.57542,0.11501,-0.00688,0.27902,1.16317
1503,1866.2,16187400,1094008,0.541,0.6,9488,10829,14510,0.01514703,0,0,0.0686,0.1305,0.2982,0.0437,0.01137,0.58797,0.11187,-0.0093,0.27765,1.16535
1504,1867.4,16198187,1094711,0.625,0.599,8816,10787,14448,0.01514378,0,0,0.0717,0.135,0.3288,0.0894,0.01236,0.58561,0.10862,-0.00577,0.26403,1.16418
1505,1868.5,16209014,1095425,0.55,0.6,9409,10827,14500,0.01514054,0,0,0.0675,0.1228,0.3136,0.0466,0.01169,0.58757,0.10794,-0.00904,0.26854,1.14195
1506,1869.7,16219860,1096131,0.601,0.599,9036,10846,14515,0.0151373,0,0,0.0694,0.1333,0.3183,0.08,0.0116,0.58697,0.11134,-0.00922,0.27481,1.11263
1507,1870.9,16230659,1096864,0.544,0.596,9470,10799,14476,0.01513404,0,0,0.071,0.1311,0.2948,0.0473,0.01209,0.58331,0.10787,-0.00564,0.26096,1.12135
1508,1872.1,16241438,1097564,0.595,0.597,9041,10779,14458,0.0151308,0,0,0.0668,0.1232,0.3155,0.0896,0.01217,0.58418,0.11496,-0.00616,0.27634,1.12729
1509,1873.2,16252253,1098287,0.546,0.602,9424,10815,14477,0.01512757,0,0,0.0682,0.1213,0.3017,0.0548,0.01144,0.58821,0.11081,-0.00418,0.26468,1.14693
1510,1874.3,16263036,1099007,0.54,0.582,9607,10783,14435,0.01512432,0,0,0.0649,0.1172,0.2844,0.0735,0.01143,0.57032,0.10282,-0.00875,0.25788,1.14903
1511,1875.4,16273827,1099723,0.504,0.584,9920,10791,14469,0.01512109,0,0,0.0672,0.1174,0.2844,0.035,0.01177,0.57138,0.11505,-0.00696,0.27879,1.14937
1512,1876.6,16284622,1100423,0.573,0.585,9322,10795,14479,0.01511785,0,0,0.0719,0.13,0.2945,0.0769,0.01235,0.57144,0.10053,-0.00828,0.25204,1.13811
1513,1877.7,16295395,1101147,0.553,0.586,9457,10773,14443,0.01511461,0,0,0.0683,0.1349,0.2974,0.0524,0.01221,0.57303,0.09447,-0.00912,0.24098,1.11845
1514,1878.9,16306176,1101871,0.591,0.604,9024,10781,14458,0.01511138,0,0,0.0665,0.1278,0.3043,0.0924,0.01141,0.59172,0.09337,-0.00934,0.23944,1.12612
1515,1880.1,16316989,1102583,0.571,0.605,9191,10813,14465,0.01510815,0,0,0.068,0.1312,0.3061,0.0656,0.01211,0.59211,0.10435,-0.0087,0.26063,1.14275
1516,1881.3,16327747,1103306,0.656,0.603,8548,10758,14446,0.0151049,0,0,0.0697,0.1484,0.3347,0.103,0.01263,0.58903,0.11464,-0.00945,0.28243,1.13396
1517,1882.6,16338573,1104015,0.601,0.603,8991,10826,14492,0.01510168,0,0,0.0751,0.1487,0.3217,0.056,0.01302,0.58838,0.1053,-0.00897,0.26315,1.14618
1518,1883.8,16349413,1104719,0.643,0.607,8675,10840,14524,0.01509843,0,0,0.0769,0.1464,0.3259,0.0937,0.01263,0.5933,0.10447,-0.00799,0.25921,1.13562
1519,1885.0,16360183,1105415,0.596,0.601,8995,10770,14441,0.01509518,0,0,0.074,0.1344,0.3325,0.0556,0.012,0.588,0.0937,-0.01062,0.24277,1.13042
1520,1886.2,16370984,1106151,0.593,0.583,9186,10801,14465,0.01509195,0,0,0.0695,0.1371,0.3066,0.0798,0.01178,0.57043,0.09477,-0.00802,0.23979,1.13328
1521,1887.4,16381764,1106864,0.589,0.586,9175,10780,14445,0.0150887,0,0,0.0763,0.1426,0.3211,0.0488,0.01172,0.57313,0.1162,-0.00695,0.27976,1.10886
1522,1888.5,16392522,1107580,0.569,0.591,9277,10758,14434,0.01508547,0,0,0.0675,0.1221,0.2887,0.0908,0.01239,0.57741,0.11017,-0.00991,0.2746,1.14134
1523,1889.6,16403292,1108305,0.525,0.582,9732,10770,14450,0.01508224,0,0,0.0648,0.1211,0.2959,0.043,0.01175,0.56912,0.11466,-0.0023,0.26802,1.13022
1524,1890.8,16414054,1109002,0.591,0.592,9098,10762,14435,0.01507901,0,0,0.0663,0.1361,0.3029,0.0859,0.0113,0.57911,0.11234,-0.00933,0.27666,1.10469
1525,1892.0,16424772,1109709,0.573,0.605,9099,10718,14390,0.01507578,0,0,0.0701,0.1339,0.3103,0.059,0.01297,0.5911,0.09898,-0.00955,0.25069,1.11548
1526,1893.2,16435469,1110435,0.631,0.6,8692,10697,14379,0.01507257,0,0,0.073,0.1423,0.3286,0.0871,0.01182,0.58652,0.09776,-0.00818,0.24593,1.12927
1527,1894.4,16446178,1111130,0.588,0.6,9017,10709,14369,0.01506936,0,0,0.0721,0.1428,0.3175,0.0553,0.01235,0.58686,0.10827,-0.0047,0.26079,1.15605
1528,1895.7,16456919,1111807,0.698,0.588,8358,10741,14380,0.01506615,0,0,0.0765,0.1647,0.343,0.1134,0.0124,0.57425,0.11324,-0.009,0.27926,1.15432
1529,1896.9,16467712,1112514,0.625,0.587,8903,10793,14450,0.01506292,0,0,0.0748,0.1631,0.3263,0.0609,0.0127,0.57368,0.10754,-0.00934,0.26777,1.12897
1530,1898.1,16478453,1113194,0.648,0.588,8688,10741,14410,0.01505969,0,0,0.0753,0.1611,0.328,0.0839,0.01177,0.57513,0.10927,-0.00545,0.26382,1.14131
1531,1899.4,16489241,1113887,0.632,0.588,8845,10788,14450,0.01505646,0,0,0.0815,0.1652,0.3335,0.0518,0.01174,0.57525,0.1155,-0.00709,0.27857,1.10906
1532,1900.6,16500014,1114566,0.653,0.594,8642,10773,14469,0.01505323,0,0,0.0792,0.1597,0.324,0.0896,0.01289,0.58043,0.11697,-0.01082,0.28867,1.09905
1533,1901.8,16510797,1115276,0.589,0.591,9133,10783,14466,0.01505,0,0,0.078,0.1374,0.3148,0.0593,0.01208,0.57839,0.10559,-0.00707,0.25757,1.07136
1534,1903.0,16521549,1115968,0.653,0.598,8593,10752,14444,0.01504676,0,0,0.0813,0.1522,0.3261,0.0939,0.01197,0.5845,0.10891,-0.01056,0.27216,1.10383
1535,1904.2,16532318,1116681,0.586,0.587,9185,10769,14427,0.01504354,0,0,0.0751,0.1477,0.3045,0.0582,0.01244,0.57355,0.10725,-0.00891,0.26423,1.06054
1536,1905.4,16543104,1117403,0.62,0.602,8826,10786,14474,0.0150403,0,0,0.0753,0.146,0.3069,0.092,0.01259,0.58828,0.11078,-0.00806,0.27019,1.08115
1537,1906.7,16553890,1118105,0.66,0.583,8676,10786,14461,0.01503707,0,0,0.0881,0.1771,0.3513,0.0432,0.01204,0.57079,0.12288,-0.00776,0.29331,1.06498
1538,1907.9,16564709,1118797,0.614,0.585,9021,10819,14501,0.01503383,0,0,0.0714,0.1349,0.312,0.0959,0.01239,0.5719,0.11542,-0.01065,0.28472,1.08356
1539,1909.1,16575524,1119520,0.631,0.6,8785,10815,14501,0.01503059,0,0,0.0781,0.1639,0.3376,0.0519,0.01329,0.58528,0.11223,-0.00803,0.27275,1.07203
1540,1910.4,16586300,1120232,0.677,0.588,8517,10776,14458,0.01502734,0,0,0.0793,0.1617,0.3248,0.111,0.01269,0.57485,0.10452,-0.00934,0.26047,1.08973
1541,1911.6,16597183,1120912,0.659,0.599,8650,10883,14567,0.01502411,0,0,0.0847,0.1678,0.35,0.0564,0.01181,0.58633,0.12185,-0.00448,0.28641,1.12338
1542,1913.0,16608053,1121606,0.722,0.602,8206,10870,14547,0.01502085,0,0,0.0895,0.1721,0.3499,0.111,0.01197,0.58918,0.11333,-0.00875,0.27732,1.10356
1543,1914.3,16618893,1122289,0.694,0.603,8360,10840,14520,0.01501758,0,0,0.0913,0.182,0.357,0.0634,0.01181,0.59021,0.10886,-0.01009,0.27156,1.12036
1544,1915.5,16629768,1122968,0.669,0.603,8551,10875,14557,0.01501433,0,0,0.0803,0.1591,0.3389,0.0907,0.01336,0.58854,0.12097,-0.00952,0.29472,1.12376
1545,1916.9,16640581,1123670,0.727,0.602,8138,10813,14491,0.01501107,0,0,0.0932,0.193,0.3761,0.0643,0.01269,0.58823,0.10685,-0.00944,0.2661,1.11674
1546,1918.2,16651403,1124375,0.738,0.598,8101,10822,14500,0.01500783,0,0,0.0851,0.1884,0.3477,0.1171,0.01267,0.58362,0.11838,-0.00558,0.28175,1.1269
1547,1919.4,16662208,1125069,0.585,0.596,9146,10805,14511,0.01500458,0,0,0.0699,0.1378,0.3242,0.053,0.01166,0.58399,0.1265,-0.00585,0.2988,1.13659
1548,1920.7,16673057,1125780,0.691,0.6,8403,10849,14521,0.01500134,0,0,0.0878,0.1724,0.3481,0.083,0.01195,0.58681,0.10832,-0.00996,0.27108,1.15104
1549,1921.9,16683898,1126499,0.652,0.6,8660,10841,14514,0.01499808,0,0,0.0796,0.1579,0.3521,0.0622,0.01198,0.5869,0.10929,-0.00975,0.27244,1.14512
1550,1923.1,16694747,1127200,0.623,0.585,8985,10849,14504,0.01499483,0,0,0.0765,0.1515,0.322,0.0729,0.01176,0.57185,0.12047,-0.01013,0.29538,1.13986
1551,1924.3,16705581,1127897,0.552,0.585,9531,10834,14512,0.01499158,0,0,0.0692,0.1259,0.3036,0.0534,0.01167,0.57202,0.11911,-0.00853,0.29044,1.17233
1552,1925.5,16716426,1128592,0.592,0.587,9201,10845,14522,0.01498833,0,0,0.0683,0.1359,0.3058,0.0822,0.01173,0.57398,0.11225,-0.00874,0.27645,1.1498
1553,1926.7,16727289,1129285,0.614,0.588,9039,10863,14539,0.01498507,0,0,0.0762,0.1506,0.3258,0.0613,0.01169,0.57507,0.1159,-0.00954,0.28552,1.1559
1554,1928.1,16738168,1129970,0.743,0.591,8156,10879,14541,0.01498181,0,0,0.0869,0.1953,0.3536,0.1071,0.01202,0.57797,0.10855,-0.01175,0.27553,1.16541
1555,1929.3,16749014,1130654,0.64,0.587,8841,10846,14499,0.01497855,0,0,0.0816,0.1672,0.3307,0.0606,0.012,0.57384,0.11229,-0.0088,0.27806,1.19767
1556,1930.6,16759872,1131344,0.752,0.586,8113,10858,14550,0.0149753,0,0,0.0967,0.1842,0.3798,0.0914,0.01174,0.57358,0.11964,-0.00622,0.28712,1.18182
1557,1931.9,16770741,1132043,0.645,0.587,8825,10869,14553,0.01497204,0,0,0.0773,0.1583,0.3339,0.0752,0.01224,0.57397,0.11454,-0.00873,0.28213,1.18815
1558,1933.1,16781582,1132725,0.627,0.589,8914,10841,14513,0.01496878,0,0,0.074,0.1416,0.3075,0.1044,0.0136,0.57443,0.11888,-0.00552,0.28371,1.16643
1559,1934.2,16792425,1133433,0.53,0.585,9724,10843,14506,0.01496553,0,0,0.0675,0.1249,0.2891,0.049,0.01151,0.57236,0.10829,-0.01068,0.27261,1.15851
1560,1935.4,16803273,1134141,0.586,0.593,9201,10848,14529,0.01496227,0,0,0.0664,0.1308,0.3128,0.0765,0.0119,0.5797,0.10106,-0.00733,0.25243,1.19173
1561,1936.5,16814128,1134845,0.509,0.596,9825,10855,14506,0.01495902,0,0,0.0629,0.1113,0.2878,0.047,0.01132,0.58361,0.11326,-0.01049,0.28164,1.1413
1562,1937.7,16824960,1135545,0.584,0.596,9177,10832,14489,0.01495576,0,0,0.0687,0.1222,0.3041,0.0894,0.01166,0.58364,0.11542,-0.00884,0.28266,1.14097
1563,1938.9,16835823,1136245,0.583,0.604,9149,10863,14505,0.01495251,0,0,0.0739,0.1328,0.302,0.0742,0.01334,0.59032,0.11592,-0.01087,0.2875,1.13407
1564,1940.1,16846674,1136947,0.619,0.597,8928,10851,14525,0.01494925,0,0,0.0756,0.1412,0.3136,0.0881,0.01123,0.58464,0.11548,-0.00921,0.28284,1.11929
1565,1941.4,16857528,1137660,0.707,0.605,8277,10854,14505,0.014946,0,0,0.0804,0.1967,0.3764,0.0532,0.01173,0.59167,0.12179,-0.00876,0.29443,1.11506
1566,1942.7,16868382,1138373,0.655,0.609,8587,10854,14523,0.01494274,0,0,0.0729,0.1586,0.3386,0.0845,0.01215,0.59565,0.1128,-0.00877,0.27641,1.11288
1567,1943.8,16879252,1139057,0.55,0.598,9468,10870,14535,0.01493949,0,0,0.0663,0.127,0.3092,0.0472,0.01226,0.58551,0.11079,-0.00732,0.26962,1.11756
1568,1945.0,16890092,1139785,0.567,0.599,9293,10840,14511,0.01493622,0,0,0.064,0.1161,0.3,0.0873,0.01166,0.58685,0.11507,-0.0071,0.27803,1.12795
1569,1946.1,16900909,1140484,0.499,0.602,9823,10817,14470,0.01493297,0,0,0.0639,0.1144,0.2751,0.0459,0.01211,0.58911,0.13282,-0.0072,0.31321,1.11108
1570,1947.3,16911779,1141197,0.634,0.604,8776,10870,14530,0.01492973,0,0,0.0727,0.1495,0.3123,0.0999,0.01176,0.59077,0.11158,-0.00864,0.27307,1.09318
1571,1948.5,16922643,1141904,0.548,0.603,9439,10864,14519,0.01492647,0,0,0.0677,0.1329,0.3019,0.0454,0.01156,0.59033,0.11413,-0.00918,0.28008,1.12117
1572,1949.7,16933432,1142616,0.663,0.604,8515,10789,14455,0.01492321,0,0,0.0797,0.1583,0.3229,0.1021,0.01191,0.59126,0.12407,-0.00785,0.29724,1.119
1573,1950.9,16944243,1143317,0.59,0.602,9070,10811,14500,0.01491997,0,0,0.0754,0.1458,0.3282,0.0407,0.01181,0.5891,0.11613,-0.00918,0.28387,1.11364
1574,1952.1,16955074,1144028,0.589,0.602,9093,10831,14482,0.01491673,0,0,0.072,0.1381,0.3055,0.0732,0.0118,0.58986,0.11586,-0.00837,0.28157,1.10991
1575,1953.3,16965938,1144722,0.599,0.601,9050,10864,14514,0.01491348,0,0,0.0792,0.1407,0.3222,0.0571,0.01164,0.58862,0.13207,-0.00797,0.31302,1.10424
1576,1954.5,16976774,1145447,0.572,0.602,9231,10836,14492,0.01491022,0,0,0.0671,0.1268,0.29,0.0878,0.01161,0.58914,0.11515,-0.00594,0.27506,1.10235
1577,1955.8,16987599,1146179,0.654,0.607,8587,10825,14479,0.01490697,0,0,0.081,0.1627,0.3283,0.0818,0.01298,0.59254,0.12713,-0.01022,0.3071,1.08737
1578,1957.0,16998389,1146899,0.661,0.603,8535,10790,14437,0.01490372,0,0,0.0736,0.1672,0.319,0.1013,0.01208,0.59011,0.11035,-0.00978,0.27265,1.08703
1579,1958.3,17009157,1147644,0.631,0.604,8721,10768,14428,0.01490048,0,0,0.0813,0.1551,0.339,0.0555,0.01216,0.59028,0.13298,-0.01003,0.31916,1.11191
1580,1959.5,17019967,1148361,0.677,0.602,8456,10810,14435,0.01489725,0,0,0.0777,0.1545,0.3329,0.1118,0.0123,0.58849,0.12068,-0.00543,0.28524,1.10826
1581,1960.7,17030769,1149087,0.591,0.603,9050,10802,14469,0.01489401,0,0,0.0746,0.1387,0.3251,0.0525,0.0114,0.59055,0.12904,-0.00667,0.30424,1.1016
1582,1961.9,17041575,1149820,0.588,0.607,9045,10806,14469,0.01489077,0,0,0.0674,0.1297,0.3069,0.0836,0.01132,0.59431,0.12206,-0.0064,0.28974,1.10191
1583,1963.2,17052379,1150552,0.632,0.605,8735,10804,14474,0.01488753,0,0,0.0782,0.1626,0.3392,0.0517,0.01224,0.59185,0.12822,-0.00695,0.30325,1.1058
1584,1964.3,17063164,1151286,0.588,0.6,9075,10785,14429,0.01488429,0,0,0.0663,0.145,0.3005,0.0764,0.01125,0.58823,0.12006,-0.00793,0.28973,1.13356
1585,1965.5,17073957,1152016,0.563,0.606,9238,10793,14438,0.01488105,0,0,0.0665,0.1306,0.3142,0.0514,0.01191,0.593,0.12286,-0.00928,0.29746,1.11429
1586,1966.8,17084711,1152751,0.698,0.605,8254,10754,14426,0.01487781,0,0,0.077,0.1783,0.3469,0.0955,0.01198,0.59247,0.13255,-0.0065,0.31084,1.10035
1587,1968.0,17095506,1153497,0.602,0.6,8979,10795,14477,0.01487459,0,0,0.0748,0.1457,0.3153,0.0664,0.01135,0.58733,0.12893,-0.00558,0.30138,1.08783
1588,1969.4,17106228,1154228,0.814,0.602,7576,10722,14378,0.01487135,0,0,0.0846,0.2188,0.4038,0.1063,0.01193,0.589,0.13507,-0.00443,0.31048,1.05846
1589,1970.6,17116968,1154952,0.596,0.597,9002,10740,14385,0.01486813,0,0,0.0759,0.1485,0.3287,0.0432,0.01179,0.58418,0.12431,-0.00816,0.29698,1.07708
1590,1972.0,17127716,1155691,0.778,0.624,7667,10748,14406,0.01486491,0,0,0.0874,0.2031,0.3829,0.1046,0.01316,0.60975,0.13153,-0.00769,0.31064,1.08281
1591,1973.2,17138433,1156410,0.604,0.601,8892,10717,14367,0.01486169,0,0,0.0786,0.1545,0.3182,0.0532,0.01087,0.58883,0.11844,-0.0065,0.28186,1.07587
1592,1974.5,17149213,1157132,0.659,0.599,8568,10780,14437,0.01485847,0,0,0.076,0.1585,0.3212,0.1031,0.01182,0.5869,0.12368,-0.00417,0.28804,1.08823
1593,1975.7,17159983,1157879,0.552,0.614,9239,10770,14431,0.01485524,0,0,0.068,0.1265,0.3025,0.0549,0.01184,0.60074,0.13552,-0.00734,0.31653,1.03693
1594,1976.9,17170705,1158596,0.66,0.612,8431,10722,14370,0.01485201,0,0,0.0771,0.1621,0.3323,0.0885,0.01226,0.59799,0.1163,-0.00661,0.27742,1.06357
1595,1978.1,17181458,1159338,0.58,0.617,8977,10753,14418,0.01484879,0,0,0.0683,0.1309,0.3255,0.0557,0.01308,0.60346,0.13145,-0.00735,0.30884,1.05233
1596,1979.3,17192241,1160076,0.583,0.614,9010,10783,14447,0.01484556,0,0,0.0664,0.1226,0.3101,0.0841,0.0117,0.60122,0.1156,-0.00723,0.27745,1.07037
1597,1980.5,17202997,1160811,0.55,0.618,9207,10756,14390,0.01484233,0,0,0.0682,0.129,0.3027,0.05,0.01208,0.60528,0.10578,-0.00794,0.2591,1.06642
1598,1981.7,17213765,1161564,0.593,0.618,8891,10768,14428,0.0148391,0,0,0.0689,0.1355,0.3097,0.0787,0.01146,0.60604,0.12294,-0.00491,0.28785,1.08327
1599,1982.9,17224483,1162293,0.558,0.611,9162,10718,14359,0.01483587,0,0,0.07,0.1305,0.3158,0.0421,0.0118,0.59894,0.10996,-0.00807,0.26796,1.0751
1600,1984.1,17235265,1163033,0.651,0.617,8508,10782,14415,0.01483266,0,0,0.0741,0.1342,0.3288,0.1135,0.01195,0.6039,0.10444,-0.00738,0.25581,1.08418
1601,1985.7,17246020,1163778,0.515,0.616,9514,10755,14424,0.01482942,0,0,0.0629,0.1133,0.2931,0.0451,0.01219,0.60318,0.09191,-0.00678,0.23,1.09943
1602,1987.0,17256802,1164526,0.569,0.627,9017,10782,14423,0.01482619,0,0,0.065,0.125,0.2963,0.0827,0.01155,0.61448,0.11904,-0.00595,0.28161,1.06673
1603,1988.2,17267584,1165268,0.542,0.622,9261,10782,14425,0.01482296,0,0,0.0631,0.1121,0.3179,0.0487,0.01123,0.61023,0.10997,-0.00612,0.26439,1.08665
1604,1989.4,17278406,1166014,0.559,0.617,9199,10822,14452,0.01481972,0,0,0.0637,0.1209,0.2969,0.0775,0.01116,0.60551,0.09689,-0.00875,0.2432,1.07711
1605,1990.6,17289231,1166770,0.604,0.625,8808,10825,14471,0.01481648,0,0,0.072,0.1453,0.3354,0.0514,0.0122,0.61199,0.12745,-0.00612,0.29845,1.05666
1606,1991.8,17300022,1167491,0.613,0.621,8744,10791,14433,0.01481323,0,0,0.07,0.1335,0.3167,0.0932,0.01164,0.60835,0.11913,-0.00515,0.28126,1.10429
1607,1993.1,17310828,1168229,0.627,0.612,8722,10806,14442,0.01480999,0,0,0.0774,0.1515,0.3388,0.0589,0.01104,0.60031,0.11237,-0.00639,0.2697,1.08623
1608,1994.3,17321646,1168953,0.611,0.618,8802,10818,14448,0.01480675,0,0,0.0762,0.1472,0.3175,0.0701,0.01152,0.60569,0.12141,-0.00589,0.28668,1.08363
1609,1995.5,17332423,1169688,0.538,0.618,9323,10777,14437,0.01480351,0,0,0.0667,0.1257,0.3077,0.0378,0.01173,0.60558,0.11976,-0.00525,0.28203,1.08156
1610,1996.7,17343228,1170404,0.641,0.626,8529,10805,14416,0.01480027,0,0,0.076,0.1484,0.329,0.0871,0.01262,0.61269,0.10794,-0.00794,0.26421,1.09627
1611,1998.0,17354022,1171133,0.655,0.63,8399,10794,14455,0.01479703,0,0,0.081,0.1702,0.3589,0.045,0.0133,0.61567,0.11839,-0.00676,0.28299,1.10449
1612,1999.3,17364837,1171843,0.694,0.621,8224,10815,14452,0.01479379,0,0,0.0848,0.1703,0.349,0.0901,0.01204,0.60823,0.11879,-0.01051,0.29031,1.07167
1613,2000.6,17375637,1172571,0.627,0.619,8662,10800,14444,0.01479055,0,0,0.0669,0.128,0.3181,0.1144,0.0114,0.60725,0.11542,-0.00782,0.27867,1.08825
1614,2001.8,17386479,1173299,0.643,0.615,8618,10842,14469,0.01478731,0,0,0.071,0.1414,0.339,0.0917,0.01111,0.60303,0.11827,-0.00827,0.2847,1.06899
1615,2003.0,17397260,1174024,0.58,0.603,9113,10781,14429,0.01478406,0,0,0.0687,0.1362,0.3131,0.0623,0.01212,0.59004,0.10608,-0.00924,0.26413,1.13278
1616,2004.1,17408066,1174755,0.532,0.601,9534,10806,14452,0.01478082,0,0,0.0677,0.1258,0.2973,0.0413,0.01197,0.58874,0.11396,-0.00954,0.27882,1.07601
1617,2005.3,17418843,1175469,0.561,0.604,9250,10777,14438,0.01477758,0,0,0.0663,0.1175,0.2998,0.0771,0.01289,0.59083,0.1024,-0.00774,0.25334,1.11788
1618,2006.5,17429657,1176212,0.575,0.61,9126,10814,14468,0.01477435,0,0,0.0694,0.1416,0.3227,0.0414,0.01181,0.59725,0.10258,-0.00973,0.25805,1.13112
1619,2007.7,17440484,1176919,0.579,0.61,9110,10827,14475,0.0147711,0,0,0.0718,0.1341,0.2976,0.0753,0.01124,0.59748,0.11098,-0.00746,0.27046,1.13641
1620,2008.8,17451282,1177630,0.536,0.612,9406,10798,14434,0.01476785,0,0,0.067,0.1212,0.2982,0.0495,0.01177,0.59964,0.11824,-0.0083,0.28711,1.15214
1621,2010.0,17462125,1178354,0.588,0.611,9048,10843,14503,0.01476462,0,0,0.0719,0.1402,0.3154,0.0605,0.01125,0.59856,0.12118,-0.01079,0.29743,1.13444
1622,2011.2,17472904,1179051,0.589,0.612,8974,10779,14438,0.01476136,0,0,0.0754,0.1449,0.3261,0.0429,0.01232,0.59872,0.11466,-0.00888,0.28066,1.13758
1623,2012.4,17483700,1179774,0.565,0.61,9189,10796,14462,0.01475813,0,0,0.0686,0.1222,0.2992,0.0752,0.01271,0.59623,0.11592,-0.00734,0.27962,1.12117
1624,2013.6,17494508,1180515,0.532,0.607,9490,10808,14473,0.01475489,0,0,0.0659,0.1205,0.3099,0.0355,0.01119,0.59504,0.1132,-0.00694,0.27375,1.13433
1625,2014.8,17505300,1181239,0.596,0.609,8958,10792,14422,0.01475165,0,0,0.0707,0.1294,0.3222,0.0736,0.0117,0.59636,0.10786,-0.00764,0.26516,1.15807
1626,2016.0,17516095,1181975,0.584,0.613,9022,10795,14455,0.01474841,0,0,0.0724,0.1431,0.3219,0.0461,0.01225,0.60006,0.11509,-0.00682,0.27763,1.14592
1627,2017.1,17526888,1182693,0.573,0.61,9130,10793,14464,0.01474517,0,0,0.0726,0.1367,0.3058,0.0575,0.01128,0.5975,0.11619,-0.00999,0.28531,1.11699
1628,2018.4,17537691,1183435,0.613,0.621,8758,10803,14464,0.01474193,0,0,0.0717,0.1368,0.3379,0.0663,0.01219,0.60722,0.11841,-0.00719,0.28484,1.14101
1629,2019.7,17548521,1184172,0.755,0.623,7858,10830,14498,0.01473869,0,0,0.0775,0.1585,0.3496,0.1694,0.01217,0.60996,0.11781,-0.00836,0.28543,1.12268
1630,2021.1,17559321,1184914,0.691,0.62,8238,10800,14453,0.01473544,0,0,0.0809,0.1595,0.359,0.0919,0.01208,0.60669,0.10741,-0.00875,0.2658,1.13577
1631,2022.3,17570127,1185646,0.603,0.624,8806,10806,14487,0.0147322,0,0,0.0709,0.1398,0.3187,0.0732,0.01189,0.61171,0.09368,-0.00873,0.23856,1.14506
1632,2023.5,17580943,1186365,0.603,0.626,8805,10816,14478,0.01472896,0,0,0.0709,0.1431,0.3425,0.0465,0.01209,0.61109,0.09822,-0.01107,0.25192,1.13155
1633,2024.8,17591723,1187094,0.659,0.625,8397,10780,14441,0.01472572,0,0,0.0799,0.1537,0.3465,0.0788,0.01136,0.6126,0.10591,-0.00803,0.26048,1.10676
1634,2026.0,17602521,1187844,0.59,0.622,8906,10798,14473,0.01472248,0,0,0.0727,0.1514,0.3252,0.0407,0.01191,0.6096,0.11228,-0.00948,0.27631,1.11374
1635,2027.3,17613298,1188577,0.619,0.629,8630,10777,14433,0.01471924,0,0,0.0734,0.1318,0.3294,0.085,0.01153,0.61706,0.10524,-0.0088,0.26179,1.14447
1636,2028.5,17624127,1189332,0.589,0.63,8884,10829,14485,0.01471601,0,0,0.0735,0.1403,0.3306,0.0444,0.01211,0.61709,0.11082,-0.00771,0.27038,1.1323
1637,2029.8,17634894,1190083,0.646,0.624,8474,10767,14412,0.01471276,0,0,0.0748,0.1416,0.3526,0.0774,0.01161,0.61121,0.10814,-0.00882,0.26779,1.15126
1638,2030.9,17645666,1190830,0.55,0.623,9188,10772,14414,0.01470953,0,0,0.0684,0.1193,0.3235,0.0386,0.01218,0.60952,0.11646,-0.00611,0.27863,1.13803
1639,2032.1,17656441,1191572,0.559,0.622,9122,10775,14431,0.0147063,0,0,0.0672,0.1193,0.3125,0.0602,0.01171,0.60933,0.10656,-0.0083,0.26423,1.17366
1640,2033.3,17667223,1192292,0.55,0.622,9199,10782,14430,0.01470307,0,0,0.0678,0.1293,0.3154,0.0376,0.01123,0.60925,0.11924,-0.00982,0.29226,1.16139
1641,2034.5,17678039,1193039,0.583,0.609,9074,10816,14510,0.01469983,0,0,0.0731,0.1278,0.3018,0.08,0.01113,0.59739,0.1138,-0.00815,0.27784,1.15465
1642,2035.6,17688802,1193778,0.502,0.607,9705,10763,14428,0.01469659,0,0,0.0628,0.1074,0.2989,0.0332,0.01151,0.59437,0.11574,-0.00996,0.28423,1.11715
1643,2036.8,17699624,1194518,0.582,0.605,9122,10822,14488,0.01469336,0,0,0.0708,0.1406,0.3047,0.0655,0.01108,0.59311,0.11588,-0.00964,0.28429,1.1315
1644,2037.9,17710400,1195276,0.52,0.601,9612,10776,14424,0.01469011,0,0,0.0679,0.1243,0.2932,0.0348,0.01189,0.58844,0.09902,-0.00634,0.24369,1.12171
1645,2039.0,17721207,1196022,0.471,0.597,10119,10807,14473,0.01468688,0,0,0.0573,0.0992,0.2666,0.0478,0.01143,0.58501,0.10328,-0.00539,0.25097,1.14449
1646,2040.0,17732010,1196771,0.483,0.599,9985,10803,14484,0.01468364,0,0,0.0615,0.1091,0.278,0.0342,0.01066,0.58782,0.10349,-0.00946,0.25967,1.14994
1647,2041.1,17742836,1197508,0.478,0.589,10143,10826,14488,0.0146804,0,0,0.0577,0.1009,0.2651,0.0544,0.01016,0.5784,0.11193,-0.00938,0.27512,1.1066
1648,2042.2,17753651,1198264,0.459,0.596,10244,10815,14481,0.01467715,0,0,0.0599,0.1054,0.264,0.03,0.01111,0.58477,0.10757,-0.00679,0.26076,1.09163
1649,2043.3,17764435,1198997,0.485,0.605,9894,10784,14442,0.0146739,0,0,0.0589,0.1003,0.2642,0.0617,0.0099,0.59415,0.12051,-0.00899,0.29142,1.10441
1650,2044.4,17775254,1199747,0.5,0.605,9793,10819,14472,0.01467067,0,0,0.0623,0.1139,0.2894,0.0347,0.01156,0.59239,0.09885,-0.00962,0.24869,1.08179
1651,2045.4,17786032,1200515,0.434,0.602,10412,10778,14463,0.01466742,0,0,0.0528,0.0908,0.2548,0.0351,0.01105,0.58984,0.11304,-0.00856,0.27462,1.07071
1652,2046.5,17796817,1201253,0.443,0.601,10335,10785,14459,0.01466419,0,0,0.054,0.0969,0.2625,0.0293,0.0107,0.58948,0.11629,-0.00703,0.27882,1.0972
1653,2047.6,17807623,1201989,0.472,0.599,10089,10806,14467,0.01466095,0,0,0.053,0.0966,0.2614,0.0612,0.01046,0.58794,0.11353,-0.00897,0.27711,1.09498
1654,2048.7,17818438,1202748,0.495,0.598,9902,10815,14492,0.01465771,0,0,0.06,0.1104,0.2869,0.0373,0.01097,0.58585,0.11544,-0.00799,0.27896,1.09472
1655,2049.8,17829256,1203480,0.505,0.604,9754,10818,14485,0.01465447,0,0,0.0601,0.1118,0.2708,0.0624,0.01113,0.59217,0.1079,-0.00819,0.2642,1.09244
1656,2050.9,17840041,1204211,0.498,0.617,9675,10785,14445,0.01465122,0,0,0.0593,0.1114,0.2925,0.0343,0.01183,0.60448,0.11373,-0.00711,0.27373,1.09383
1657,2052.0,17850820,1204941,0.523,0.617,9460,10779,14465,0.01464799,0,0,0.0613,0.1116,0.2971,0.0527,0.01196,0.60369,0.10806,-0.00867,0.26572,1.1016
1658,2053.3,17861627,1205681,0.591,0.62,8924,10807,14473,0.01464475,0,0,0.0705,0.1306,0.3223,0.0678,0.01177,0.60657,0.10186,-0.00976,0.25557,1.10338
1659,2054.5,17872421,1206420,0.642,0.636,8444,10794,14458,0.01464151,0,0,0.0695,0.1356,0.3152,0.1221,0.01266,0.62228,0.09674,-0.00877,0.24351,1.10924
1660,2055.8,17883199,1207170,0.607,0.623,8764,10778,14441,0.01463827,0,0,0.0646,0.1326,0.3071,0.1024,0.01156,0.61064,0.1092,-0.00706,0.26403,1.07618
1661,2057.0,17893966,1207919,0.631,0.618,8624,10767,14453,0.01463504,0,0,0.0764,0.1562,0.3255,0.0727,0.01151,0.60527,0.11481,-0.00887,0.27909,1.08384
1662,2058.2,17904727,1208642,0.588,0.626,8868,10761,14450,0.01463181,0,0,0.074,0.1458,0.3234,0.0446,0.01156,0.61317,0.10707,-0.00899,0.26492,1.12083
1663,2059.5,17915502,1209360,0.613,0.636,8630,10775,14438,0.01462858,0,0,0.072,0.1345,0.3243,0.0817,0.01144,0.62378,0.10918,-0.00875,0.26798,1.0979
1664,2060.6,17926314,1210121,0.537,0.635,9223,10812,14506,0.01462535,0,0,0.0649,0.1274,0.3055,0.0394,0.01106,0.62335,0.10955,-0.00852,0.2676,1.07585
1665,2061.8,17937104,1210852,0.555,0.637,9045,10790,14471,0.01462211,0,0,0.0654,0.119,0.3022,0.0689,0.01145,0.62533,0.09728,-0.00826,0.24371,1.11566
1666,2063.1,17947913,1211584,0.608,0.634,8704,10809,14466,0.01461887,0,0,0.0734,0.1436,0.3395,0.051,0.01174,0.62182,0.10072,-0.01063,0.25434,1.08243
1667,2064.3,17958703,1212323,0.575,0.632,8943,10790,14478,0.01461563,0,0,0.0696,0.1231,0.3154,0.0667,0.01138,0.61948,0.10432,-0.00691,0.25462,1.10033
1668,2065.6,17969543,1213072,0.707,0.634,8080,10840,14534,0.01461239,0,0,0.0814,0.1905,0.3889,0.0466,0.01265,0.62098,0.11396,-0.00348,0.26769,1.12282
1669,2066.8,17980296,1213810,0.564,0.623,9061,10753,14425,0.01460914,0,0,0.0665,0.1301,0.3095,0.0582,0.01034,0.61143,0.10663,-0.00994,0.265,1.09025
1670,2067.9,17991082,1214543,0.49,0.616,9758,10786,14456,0.01460591,0,0,0.0611,0.1074,0.2854,0.0357,0.01075,0.60442,0.10683,-0.00815,0.26175,1.08861
1671,2069.0,18001840,1215293,0.509,0.609,9616,10758,14422,0.01460268,0,0,0.0608,0.1024,0.2813,0.065,0.01207,0.59652,0.09991,-0.0092,0.24922,1.06102
1672,2070.1,18012586,1216036,0.493,0.603,9805,10746,14432,0.01459945,0,0,0.0624,0.109,0.2811,0.0401,0.01249,0.59016,0.09895,-0.00679,0.2434,1.09278
1673,2071.3,18023342,1216780,0.569,0.619,9054,10756,14412,0.01459622,0,0,0.0644,0.1142,0.2898,0.1003,0.0118,0.60604,0.11071,-0.00772,0.26822,1.07404
1674,2072.5,18034117,1217529,0.6,0.604,8953,10775,14442,0.014593,0,0,0.0617,0.1119,0.2994,0.1269,0.01122,0.5917,0.11136,-0.00687,0.26841,1.09476
1675,2073.6,18044873,1218251,0.513,0.603,9642,10756,14459,0.01458976,0,0,0.0619,0.1085,0.2784,0.064,0.01097,0.59093,0.09927,-0.00859,0.24801,1.10678
1676,2074.7,18055651,1218986,0.456,0.585,10348,10778,14438,0.01458654,0,0,0.0592,0.1002,0.2638,0.033,0.01045,0.57412,0.11452,-0.00901,0.2787,1.08507
1677,2075.8,18066420,1219734,0.505,0.587,9861,10769,14435,0.0145833,0,0,0.0595,0.1057,0.2841,0.0555,0.01147,0.57511,0.11541,-0.00589,0.27372,1.06665
1678,2076.8,18077178,1220470,0.467,0.588,10196,10758,14436,0.01458007,0,0,0.06,0.1036,0.2683,0.0352,0.01099,0.57644,0.10735,-0.00627,0.25938,1.10256
1679,2077.9,18087954,1221209,0.52,0.585,9748,10776,14446,0.01457685,0,0,0.06,0.1119,0.2793,0.0688,0.01135,0.57345,0.11226,-0.00655,0.27033,1.12239
1680,2079.0,18098749,1221940,0.485,0.586,10086,10795,14453,0.01457361,0,0,0.0615,0.1104,0.2789,0.0339,0.01139,0.57338,0.10879,-0.00873,0.26716,1.10156
1681,2080.2,18109519,1222672,0.548,0.601,9377,10770,14436,0.01457038,0,0,0.0613,0.1117,0.2765,0.0985,0.01111,0.58876,0.09967,-0.00723,0.24658,1.12529
1682,2081.3,18120303,1223413,0.516,0.586,9786,10784,14480,0.01456714,0,0,0.063,0.1214,0.2995,0.0318,0.01092,0.57482,0.10956,-0.00733,0.26594,1.1038
1683,2082.3,18131081,1224151,0.482,0.572,10224,10778,14462,0.01456391,0,0,0.0578,0.1026,0.2581,0.0632,0.01125,0.56061,0.11517,-0.00727,0.27597,1.06736
1684,2083.3,18141884,1224903,0.433,0.573,10734,10803,14468,0.01456068,0,0,0.0576,0.0994,0.2424,0.034,0.01094,0.56098,0.10841,-0.00754,0.26317,1.0736
1685,2084.3,18152683,1225636,0.427,0.579,10740,10799,14482,0.01455743,0,0,0.0566,0.0979,0.2406,0.0316,0.01078,0.5674,0.10504,-0.0076,0.25746,1.1054
1686,2085.3,18163462,1226386,0.443,0.57,10636,10779,14470,0.0145542,0,0,0.0565,0.094,0.2441,0.0487,0.0109,0.55848,0.11283,-0.00611,0.27029,1.11366
1687,2086.4,18174315,1227126,0.478,0.571,10342,10853,14541,0.01455096,0,0,0.0591,0.1018,0.2607,0.0567,0.0109,0.55965,0.11009,-0.00994,0.27217,1.10333
1688,2087.4,18185076,1227861,0.429,0.588,10580,10761,14443,0.01454771,0,0,0.0542,0.0952,0.2493,0.03,0.01028,0.57753,0.11347,-0.00825,0.27637,1.13179
1689,2088.6,18195847,1228616,0.555,0.594,9372,10771,14451,0.01454448,0,0,0.0652,0.1266,0.291,0.0726,0.01096,0.58189,0.10069,-0.0054,0.24491,1.12501
1690,2089.6,18206614,1229362,0.431,0.584,10610,10767,14439,0.01454125,0,0,0.0524,0.0941,0.2477,0.0367,0.01099,0.57225,0.10418,-0.00928,0.2594,1.11695
1691,2090.7,18217392,1230078,0.467,0.609,10008,10778,14459,0.01453802,0,0,0.0543,0.098,0.2624,0.0527,0.012,0.59645,0.1093,-0.0077,0.26707,1.13663
1692,2091.9,18228174,1230830,0.604,0.625,8776,10782,14460,0.01453478,0,0,0.0719,0.1455,0.3339,0.0523,0.01152,0.61278,0.11079,-0.00844,0.27071,1.10896
1693,2093.0,18238885,1231572,0.509,0.623,9461,10711,14418,0.01453155,0,0,0.0576,0.1046,0.2837,0.063,0.01105,0.61147,0.11126,-0.00815,0.27185,1.13648
1694,2094.1,18249667,1232327,0.499,0.606,9756,10782,14442,0.01452833,0,0,0.0629,0.1101,0.2932,0.0329,0.01108,0.59426,0.11502,-0.00817,0.27839,1.10121
1695,2095.2,18260424,1233071,0.488,0.6,9884,10757,14421,0.0145251,0,0,0.0566,0.0975,0.2698,0.0645,0.01109,0.58825,0.12963,-0.01007,0.31116,1.09334
1696,2096.3,18271185,1233809,0.469,0.59,10163,10761,14407,0.01452187,0,0,0.0578,0.1027,0.274,0.0343,0.01091,0.57849,0.10873,-0.0114,0.2724,1.10688
1697,2097.4,18281971,1234561,0.532,0.594,9579,10786,14473,0.01451864,0,0,0.0624,0.1179,0.2914,0.0606,0.01119,0.5819,0.1119,-0.00974,0.27609,1.13014
1698,2098.5,18292764,1235318,0.5,0.578,10019,10793,14453,0.01451541,0,0,0.0605,0.1092,0.2743,0.0557,0.01119,0.56454,0.12592,-0.00868,0.30107,1.09752
1699,2099.6,18303577,1236061,0.54,0.571,9736,10813,14492,0.01451217,0,0,0.0616,0.116,0.257,0.1054,0.01079,0.55916,0.1207,-0.00706,0.28863,1.14095
1700,2100.7,18314358,1236807,0.495,0.571,10121,10781,14444,0.01450893,0,0,0.0557,0.0916,0.244,0.1034,0.01113,0.55878,0.12988,-0.00488,0.30103,1.08581
1701,2101.7,18325067,1237561,0.482,0.573,10153,10709,14362,0.01450569,0,0,0.0561,0.0969,0.2446,0.0842,0.01052,0.56177,0.12683,-0.00537,0.29687,1.11914
1702,2102.8,18335819,1238300,0.429,0.573,10727,10752,14422,0.01450248,0,0,0.0546,0.0953,0.2412,0.0381,0.01138,0.56103,0.12338,-0.00789,0.29509,1.12177
1703,2103.8,18346607,1239028,0.445,0.572,10610,10788,14448,0.01449925,0,0,0.0537,0.0917,0.2403,0.0589,0.01001,0.56141,0.12911,-0.01148,0.31344,1.11248
1704,2104.8,18357384,1239753,0.442,0.573,10620,10777,14423,0.01449602,0,0,0.0567,0.0985,0.2526,0.0341,0.011,0.56125,0.12376,-0.00855,0.29663,1.10452
1705,2105.8,18368164,1240472,0.424,0.572,10819,10780,14435,0.01449278,0,0,0.0573,0.0933,0.2416,0.0322,0.01111,0.56039,0.12165,-0.00761,0.29144,1.13564
1706,2106.9,18378949,1241204,0.471,0.572,10343,10785,14443,0.01448955,0,0,0.0593,0.1049,0.2551,0.0519,0.01118,0.5597,0.11627,-0.00493,0.27478,1.11766
1707,2107.9,18389755,1241940,0.419,0.571,10920,10806,14456,0.01448632,0,0,0.0549,0.0939,0.2407,0.0292,0.01081,0.55944,0.12559,-0.0068,0.29773,1.13739
1708,2108.9,18400507,1242670,0.432,0.57,10735,10752,14440,0.01448307,0,0,0.0546,0.0907,0.242,0.0444,0.01118,0.55799,0.12314,-0.00919,0.2977,1.14042
1709,2109.8,18411294,1243383,0.407,0.573,11007,10787,14463,0.01447985,0,0,0.0553,0.0888,0.2335,0.0296,0.01015,0.56205,0.12964,-0.00948,0.31158,1.15136
1710,2110.8,18422080,1244124,0.415,0.571,10949,10786,14421,0.01447661,0,0,0.0549,0.0889,0.2395,0.0314,0.01075,0.55925,0.10671,-0.00909,0.26421,1.12577
1711,2111.9,18432845,1244861,0.466,0.578,10308,10765,14417,0.01447338,0,0,0.0553,0.0958,0.2541,0.0612,0.01091,0.56629,0.12643,-0.01072,0.30729,1.13937
1712,2112.9,18443628,1245590,0.468,0.588,10215,10783,14446,0.01447015,0,0,0.06,0.1054,0.2546,0.0481,0.01204,0.57353,0.11518,-0.009,0.2816,1.14828
1713,2114.0,18454402,1246323,0.508,0.572,9971,10774,14456,0.01446691,0,0,0.0588,0.1114,0.2589,0.0793,0.01176,0.55975,0.12934,-0.00484,0.30158,1.14805
1714,2115.1,18465162,1247044,0.477,0.58,10178,10760,14426,0.01446368,0,0,0.0571,0.1066,0.2641,0.0489,0.01156,0.56827,0.12254,-0.00938,0.29719,1.1527
1715,2116.2,18475940,1247778,0.538,0.592,9544,10778,14447,0.01446045,0,0,0.0607,0.114,0.2857,0.0771,0.01159,0.57956,0.13122,-0.00985,0.31455,1.12099
1716,2117.3,18486753,1248512,0.517,0.606,9627,10813,14478,0.01445722,0,0,0.0637,0.118,0.2939,0.0417,0.01173,0.59342,0.11336,-0.00873,0.27697,1.13417
1717,2118.4,18497537,1249241,0.528,0.606,9515,10784,14444,0.01445397,0,0,0.0615,0.1174,0.2875,0.0611,0.01175,0.5931,0.11169,-0.00752,0.27106,1.12876
1718,2119.5,18508275,1249969,0.507,0.594,9759,10738,14414,0.01445074,0,0,0.0624,0.1129,0.2951,0.0363,0.0118,0.58109,0.11432,-0.00892,0.27976,1.15157
1719,2120.6,18519085,1250706,0.488,0.59,10024,10810,14461,0.01444752,0,0,0.058,0.1034,0.2683,0.0587,0.01192,0.57749,0.11797,-0.0103,0.2892,1.13006
1720,2121.7,18529866,1251456,0.502,0.597,9811,10781,14443,0.01444427,0,0,0.0619,0.1165,0.2847,0.0385,0.01196,0.58465,0.11898,-0.00676,0.28411,1.12932
1721,2122.8,18540603,1252176,0.482,0.619,9753,10737,14389,0.01444104,0,0,0.0554,0.097,0.2695,0.06,0.01149,0.60685,0.10814,-0.00958,0.26906,1.1642
1722,2123.9,18551393,1252917,0.463,0.619,9971,10790,14456,0.01443782,0,0,0.0559,0.1006,0.275,0.0311,0.01046,0.60837,0.1217,-0.00726,0.2913,1.15576
1723,2125.0,18562160,1253639,0.473,0.621,9838,10767,14410,0.01443458,0,0,0.0513,0.0903,0.2657,0.0658,0.01186,0.60627,0.12106,-0.01013,0.29501,1.1296
1724,2126.3,18572900,1254359,0.676,0.623,8269,10740,14399,0.01443135,0,0,0.0692,0.1468,0.3053,0.1544,0.0111,0.61125,0.11953,-0.01114,0.2942,1.13851
1725,2127.5,18583646,1255077,0.544,0.612,9299,10746,14398,0.01442813,0,0,0.061,0.112,0.2845,0.0866,0.0104,0.60013,0.11802,-0.00968,0.28847,1.14599
1726,2128.6,18594406,1255802,0.501,0.611,9675,10760,14400,0.01442491,0,0,0.0613,0.1092,0.2862,0.0445,0.01202,0.59795,0.11879,-0.01077,0.29155,1.12402
1727,2129.7,18605163,1256517,0.532,0.608,9439,10757,14384,0.01442168,0,0,0.0621,0.1064,0.291,0.072,0.0111,0.59633,0.11825,-0.00763,0.2849,1.14903
1728,2130.8,18615892,1257240,0.485,0.608,9824,10729,14349,0.01441845,0,0,0.0603,0.1035,0.2805,0.0402,0.01041,0.59647,0.12684,-0.00717,0.3002,1.11569
1729,2132.0,18626612,1257965,0.534,0.637,9154,10720,14379,0.01441523,0,0,0.0617,0.1061,0.2865,0.0801,0.0115,0.62432,0.11969,-0.0051,0.28176,1.11652
1730,2133.1,18637336,1258695,0.555,0.611,9195,10724,14376,0.01441202,0,0,0.0663,0.126,0.3177,0.0448,0.01194,0.59869,0.1268,-0.00665,0.2994,1.12757
1731,2134.3,18648083,1259399,0.532,0.597,9524,10747,14386,0.0144088,0,0,0.0611,0.1052,0.2865,0.0787,0.01148,0.58478,0.1322,-0.0054,0.30791,1.13549
1732,2135.4,18658794,1260112,0.556,0.596,9304,10711,14365,0.01440558,0,0,0.07,0.1375,0.3089,0.0393,0.01138,0.58347,0.1331,-0.00565,0.30934,1.10533
1733,2136.6,18669496,1260830,0.535,0.611,9338,10702,14334,0.01440236,0,0,0.0615,0.1078,0.2805,0.0849,0.01168,0.59878,0.13207,-0.00604,0.30868,1.12748
1734,2137.8,18680248,1261532,0.608,0.617,8779,10752,14410,0.01439915,0,0,0.0729,0.1519,0.3369,0.0459,0.01094,0.60556,0.13708,-0.00799,0.32197,1.10536
1735,2138.9,18690988,1262253,0.534,0.592,9545,10740,14373,0.01439593,0,0,0.0621,0.1147,0.2819,0.0748,0.01102,0.5799,0.1149,-0.00932,0.28025,1.10446
1736,2140.0,18701707,1262962,0.481,0.59,10009,10719,14342,0.0143927,0,0,0.0612,0.1131,0.2724,0.0344,0.0104,0.57875,0.12683,-0.00817,0.30281,1.13967
1737,2141.1,18712425,1263667,0.533,0.592,9530,10718,14346,0.01438949,0,0,0.0597,0.109,0.2968,0.0674,0.01148,0.57964,0.13355,-0.00708,0.3137,1.12741
1738,2142.2,18723192,1264403,0.48,0.593,10031,10767,14406,0.01438627,0,0,0.0596,0.1072,0.2793,0.034,0.01155,0.58112,0.13139,-0.00688,0.30817,1.09934
1739,2143.3,18733857,1265088,0.502,0.593,9743,10665,14298,0.01438304,0,0,0.0614,0.1012,0.2649,0.0743,0.01091,0.58072,0.11568,-0.00819,0.28031,1.13219
1740,2144.4,18744602,1265796,0.483,0.592,9999,10745,14376,0.01437984,0,0,0.0598,0.1102,0.2722,0.0404,0.01214,0.57533,0.1399,-0.00935,0.33007,1.09814
1741,2145.5,18755357,1266503,0.58,0.584,9239,10755,14413,0.01437662,0,0,0.0641,0.1404,0.2682,0.1071,0.01115,0.57203,0.13547,-0.00824,0.31941,1.11299
1742,2146.6,18766088,1267207,0.499,0.572,10015,10731,14396,0.01437339,0,0,0.0582,0.1064,0.2524,0.0825,0.01114,0.56024,0.13191,-0.00859,0.31286,1.10818
1743,2147.7,18776812,1267921,0.498,0.577,9973,10724,14377,0.01437017,0,0,0.0584,0.1104,0.2617,0.0674,0.0105,0.56623,0.14646,-0.00397,0.33191,1.0799
1744,2148.7,18787578,1268629,0.469,0.587,10201,10766,14433,0.01436696,0,0,0.0586,0.1054,0.2691,0.0355,0.01161,0.57438,0.11804,-0.01157,0.29068,1.09511
1745,2149.8,18798283,1269365,0.514,0.575,9830,10705,14354,0.01436373,0,0,0.0707,0.1111,0.2721,0.0603,0.01041,0.56371,0.11406,-0.00822,0.27509,1.06264
1746,2150.8,18808968,1270076,0.437,0.575,10560,10685,14331,0.01436052,0,0,0.0564,0.0975,0.2508,0.0324,0.01157,0.56241,0.13591,-0.00684,0.31615,1.06707
1747,2151.9,18819682,1270805,0.475,0.576,10198,10714,14368,0.01435731,0,0,0.057,0.0994,0.2612,0.0572,0.01116,0.56413,0.11903,-0.00858,0.28597,1.07098
1748,2152.9,18830378,1271502,0.445,0.578,10460,10696,14325,0.0143541,0,0,0.0568,0.1003,0.2562,0.0313,0.01066,0.56659,0.12816,-0.0088,0.30438,1.06139
1749,2154.0,18841092,1272214,0.477,0.568,10256,10714,14353,0.01435089,0,0,0.0576,0.0974,0.2601,0.0616,0.01081,0.55653,0.13159,-0.00965,0.31329,1.07325
1750,2155.0,18851840,1272934,0.468,0.584,10209,10748,14372,0.01434767,0,0,0.0594,0.1074,0.2671,0.0345,0.01123,0.57245,0.12403,-0.00674,0.29201,1.06192
1751,2156.1,18862567,1273626,0.495,0.584,9942,10727,14364,0.01434445,0,0,0.0589,0.1031,0.2732,0.0594,0.01126,0.5724,0.12245,-0.00983,0.295,1.06153
1752,2157.3,18873353,1274314,0.505,0.586,9888,10786,14422,0.01434123,0,0,0.0578,0.1022,0.2712,0.0738,0.01113,0.57401,0.14045,-0.00463,0.32095,1.07316
1753,2158.3,18884105,1275001,0.497,0.583,9952,10752,14395,0.01433799,0,0,0.0571,0.0999,0.2764,0.0638,0.01069,0.57167,0.13261,-0.00753,0.31115,1.07678
1754,2159.4,18894834,1275697,0.466,0.596,10106,10729,14362,0.01433477,0,0,0.0582,0.1018,0.2731,0.033,0.01111,0.58382,0.13047,-0.00863,0.30969,1.09755
1755,2160.5,18905561,1276387,0.5,0.586,9884,10727,14365,0.01433155,0,0,0.0597,0.104,0.2808,0.0551,0.01159,0.57341,0.11936,-0.01005,0.29139,1.13609
1756,2161.6,18916351,1277083,0.483,0.595,10005,10790,14435,0.01432833,0,0,0.0588,0.1068,0.283,0.035,0.01088,0.58357,0.14172,-0.01033,0.33501,1.07873
1757,2162.7,18927120,1277786,0.516,0.607,9588,10769,14417,0.01432509,0,0,0.06,0.1046,0.2846,0.0667,0.01105,0.59291,0.12319,-0.00923,0.29527,1.06255
1758,2163.9,18937878,1278492,0.605,0.588,9024,10758,14412,0.01432186,0,0,0.0647,0.1444,0.2846,0.1108,0.01177,0.5749,0.12875,-0.00968,0.30774,1.07758
1759,2165.0,18948650,1279210,0.523,0.599,9606,10772,14439,0.01431864,0,0,0.0604,0.1087,0.2748,0.0788,0.01092,0.58706,0.12227,-0.00902,0.29387,1.0922
1760,2166.2,18959477,1279916,0.566,0.61,9210,10827,14501,0.0143154,0,0,0.0638,0.1179,0.3038,0.0803,0.01089,0.59819,0.13273,-0.00744,0.31217,1.11203
1761,2167.3,18970286,1280624,0.516,0.595,9728,10809,14462,0.01431216,0,0,0.062,0.1169,0.2861,0.0507,0.01103,0.58372,0.13008,-0.00827,0.30807,1.09579
1762,2168.4,18981101,1281325,0.499,0.596,9877,10815,14491,0.01430891,0,0,0.0604,0.109,0.286,0.0434,0.01055,0.5846,0.13102,-0.00985,0.31301,1.09317
1763,2169.5,18991858,1282054,0.485,0.587,10032,10757,14429,0.01430567,0,0,0.0573,0.1034,0.2608,0.0634,0.01101,0.57572,0.13339,-0.00916,0.31641,1.09374
1764,2170.5,19002616,1282776,0.454,0.592,10288,10758,14451,0.01430244,0,0,0.0583,0.1049,0.2567,0.0339,0.01157,0.57941,0.12537,-0.00919,0.30133,1.12575
1765,2171.7,19013371,1283489,0.566,0.59,9308,10755,14403,0.01429922,0,0,0.0725,0.1444,0.2958,0.0529,0.0108,0.5784,0.12573,-0.01034,0.30357,1.09918
1766,2172.7,19024132,1284227,0.46,0.591,10232,10761,14434,0.01429599,0,0,0.0598,0.1077,0.2538,0.039,0.01073,0.58003,0.11889,-0.00852,0.2863,1.10162
1767,2173.8,19034880,1284940,0.518,0.592,9687,10748,14404,0.01429276,0,0,0.065,0.1118,0.273,0.0679,0.01081,0.58034,0.12407,-0.00716,0.29478,1.13095
1768,2174.9,19045635,1285647,0.469,0.598,10085,10755,14400,0.01428954,0,0,0.0597,0.1067,0.2677,0.0347,0.01168,0.58546,0.1228,-0.00851,0.29563,1.15504
1769,2176.0,19056383,1286371,0.494,0.596,9856,10748,14396,0.01428631,0,0,0.0584,0.1021,0.2716,0.0623,0.01069,0.58482,0.11161,-0.01023,0.2762,1.13811
1770,2177.1,19067080,1287094,0.471,0.593,10055,10697,14349,0.01428309,0,0,0.0592,0.1056,0.2702,0.0357,0.01076,0.58179,0.12035,-0.00992,0.29343,1.15096
1771,2178.1,19077860,1287815,0.47,0.591,10160,10780,14443,0.01427988,0,0,0.0579,0.1035,0.2529,0.0556,0.0111,0.57919,0.11846,-0.00691,0.28389,1.1606
1772,2179.2,19088616,1288519,0.472,0.595,10085,10756,14417,0.01427664,0,0,0.0582,0.1016,0.2702,0.0418,0.01107,0.58316,0.1132,-0.01148,0.28276,1.17007
1773,2180.3,19099368,1289245,0.483,0.594,9982,10752,14425,0.01427342,0,0,0.057,0.1015,0.2661,0.0586,0.01101,0.5822,0.10865,-0.0096,0.26938,1.15181
1774,2181.3,19110166,1289956,0.47,0.597,10116,10798,14475,0.01427019,0,0,0.0568,0.1005,0.2749,0.0377,0.01104,0.58578,0.13055,-0.00724,0.30774,1.12644
1775,2182.4,19120954,1290659,0.51,0.607,9656,10788,14457,0.01426695,0,0,0.0611,0.1098,0.2775,0.0615,0.01168,0.59507,0.10567,-0.00573,0.25467,1.11688
1776,2183.5,19131718,1291378,0.474,0.615,9885,10764,14412,0.01426371,0,0,0.0591,0.105,0.2747,0.0348,0.01088,0.60334,0.10246,-0.01017,0.25802,1.14787
1777,2184.7,19142481,1292091,0.555,0.609,9245,10763,14442,0.01426048,0,0,0.0652,0.1176,0.2977,0.0746,0.01069,0.59773,0.11297,-0.01075,0.27981,1.13451
1778,2185.8,19153251,1292804,0.493,0.614,9734,10770,14426,0.01425726,0,0,0.0604,0.1068,0.2897,0.0356,0.01106,0.60221,0.10834,-0.01045,0.2696,1.12336
1779,2187.0,19164041,1293543,0.564,0.67,8745,10790,14464,0.01425402,0,0,0.0613,0.1151,0.3091,0.0789,0.01184,0.65692,0.11417,-0.00745,0.27521,1.12154
1780,2188.3,19174827,1294230,0.555,0.67,8805,10786,14448,0.01425079,0,0,0.0687,0.1299,0.3137,0.043,0.01207,0.65674,0.10538,-0.00959,0.26163,1.1124
1781,2189.6,19185652,1294935,0.629,0.667,8350,10825,14511,0.01424755,0,0,0.0695,0.14,0.3378,0.0818,0.01436,0.65232,0.12521,-0.00829,0.29855,1.10705
1782,2190.8,19196486,1295642,0.531,0.665,9054,10834,14513,0.0142443,0,0,0.0642,0.1172,0.3123,0.0376,0.012,0.65262,0.11718,-0.00694,0.28024,1.12335
1783,2192.0,19207223,1296367,0.601,0.669,8450,10737,14410,0.01424105,0,0,0.0682,0.1277,0.336,0.0696,0.01254,0.65577,0.12097,-0.0066,0.28621,1.09059
1784,2193.3,19217952,1297082,0.606,0.677,8365,10729,14412,0.01423783,0,0,0.0752,0.131,0.3343,0.0651,0.01241,0.66079,0.10135,-0.00888,0.25188,1.10331
1785,2194.7,19228697,1297800,0.679,0.672,7950,10745,14413,0.01423461,0,0,0.075,0.1519,0.3465,0.1059,0.0123,0.65876,0.11238,-0.00942,0.27537,1.11623
1786,2196.0,19239470,1298522,0.664,0.672,8064,10773,14441,0.01423139,0,0,0.0714,0.1422,0.3444,0.1055,0.01238,0.65923,0.10492,-0.00976,0.26115,1.11692
1787,2197.2,19250238,1299233,0.568,0.664,8741,10768,14441,0.01422816,0,0,0.0679,0.1138,0.3108,0.0757,0.01166,0.6513,0.10168,-0.01119,0.25776,1.12462
1788,2198.3,19261002,1299967,0.495,0.614,9700,10764,14439,0.01422493,0,0,0.0621,0.1096,0.29,0.0338,0.01105,0.6024,0.10103,-0.00884,0.25173,1.12454
1789,2199.5,19271793,1300671,0.503,0.604,9749,10791,14457,0.0142217,0,0,0.0606,0.103,0.2753,0.0641,0.0116,0.59178,0.10914,-0.00989,0.2697,1.11221
1790,2200.5,19282605,1301380,0.487,0.603,9920,10812,14479,0.01421846,0,0,0.0609,0.1063,0.2887,0.0311,0.01118,0.59118,0.09967,-0.00907,0.24922,1.11649
1791,2201.7,19293459,1302077,0.515,0.617,9582,10854,14543,0.01421522,0,0,0.061,0.1073,0.2824,0.0646,0.01169,0.60501,0.1015,-0.00961,0.25409,1.12101
1792,2202.8,19304213,1302807,0.551,0.621,9177,10754,14425,0.01421196,0,0,0.0665,0.1221,0.3119,0.0508,0.01104,0.60874,0.09381,-0.00758,0.23475,1.12448
1793,2204.0,19314993,1303540,0.533,0.621,9343,10780,14471,0.01420874,0,0,0.0601,0.1131,0.2962,0.0633,0.01118,0.60929,0.10629,-0.00912,0.2632,1.13935
1794,2205.2,19325759,1304267,0.548,0.61,9296,10766,14423,0.0142055,0,0,0.0665,0.1243,0.3026,0.0549,0.01222,0.59678,0.11184,-0.00817,0.2729,1.15726
1795,2206.3,19336561,1304989,0.535,0.608,9453,10802,14482,0.01420227,0,0,0.0609,0.1134,0.2968,0.0639,0.01137,0.59567,0.103,-0.01047,0.25937,1.14181
1796,2207.4,19347369,1305719,0.524,0.603,9589,10808,14472,0.01419903,0,0,0.0638,0.1246,0.3029,0.0329,0.01116,0.59114,0.11667,-0.00772,0.28156,1.15427
1797,2208.6,19358161,1306446,0.533,0.603,9505,10792,14458,0.01419579,0,0,0.061,0.109,0.3018,0.0609,0.01111,0.59047,0.09458,-0.00845,0.23882,1.15404
1798,2209.9,19368947,1307162,0.675,0.627,8282,10786,14451,0.01419255,0,0,0.076,0.1743,0.3411,0.0835,0.01278,0.61196,0.10866,-0.01106,0.27148,1.12866
1799,2211.2,19379762,1307899,0.761,0.606,7910,10815,14484,0.01418932,0,0,0.081,0.1853,0.3596,0.1354,0.0116,0.59348,0.10437,-0.00779,0.25712,1.15562
1800,2212.5,19390552,1308612,0.659,0.607,8523,10790,14436,0.01418607,0,0,0.078,0.1695,0.3207,0.0907,0.0119,0.59465,0.11739,-0.011,0.28847,1.11651
1801,2214.1,19401327,1309351,0.592,0.609,8968,10775,14464,0.01418283,0,0,0.071,0.1411,0.3031,0.0771,0.01174,0.59695,0.11106,-0.01065,0.27671,1.17346
1802,2215.4,19412051,1310068,0.588,0.607,8974,10724,14437,0.0141796,0,0,0.0687,0.1362,0.3023,0.0805,0.01127,0.59541,0.10899,-0.01168,0.27513,1.19158
1803,2216.6,19422783,1310817,0.583,0.604,9037,10732,14443,0.01417638,0,0,0.0697,0.1518,0.3051,0.0568,0.01199,0.59152,0.09997,-0.00849,0.25137,1.21475
1804,2217.7,19433496,1311521,0.526,0.602,9495,10713,14456,0.01417317,0,0,0.0626,0.1127,0.2847,0.0663,0.01317,0.5881,0.1094,-0.00767,0.26937,1.24308
1805,2218.9,19444251,1312257,0.543,0.605,9362,10755,14482,0.01416995,0,0,0.0639,0.1263,0.2954,0.0578,0.01152,0.59319,0.11316,-0.00858,0.27832,1.22956
1806,2220.1,19454991,1312983,0.608,0.601,8877,10740,14451,0.01416672,0,0,0.0734,0.1529,0.3088,0.0734,0.01128,0.58937,0.11411,-0.01169,0.28622,1.22198
1807,2221.2,19465711,1313722,0.535,0.608,9376,10720,14460,0.0141635,0,0,0.0645,0.1263,0.286,0.0584,0.01187,0.59563,0.11723,-0.01052,0.29087,1.24862
1808,2222.4,19476411,1314434,0.591,0.609,8912,10700,14401,0.01416029,0,0,0.0687,0.1408,0.3043,0.0773,0.01181,0.59691,0.11001,-0.01009,0.27573,1.25431
1809,2223.6,19487143,1315188,0.539,0.609,9346,10732,14474,0.01415708,0,0,0.0673,0.1363,0.295,0.0404,0.01186,0.59664,0.09699,-0.00844,0.24629,1.2511
1810,2224.7,19497828,1315900,0.545,0.612,9234,10685,14414,0.01415386,0,0,0.0659,0.1256,0.2983,0.0547,0.01114,0.60068,0.11259,-0.00933,0.27911,1.24545
1811,2225.9,19508531,1316633,0.547,0.605,9294,10703,14445,0.01415065,0,0,0.0698,0.1367,0.2967,0.0436,0.01118,0.59296,0.1036,-0.00957,0.26173,1.24995
1812,2227.1,19519200,1317359,0.578,0.6,9053,10669,14377,0.01414744,0,0,0.0659,0.1276,0.2956,0.0892,0.01145,0.58822,0.11683,-0.00931,0.28677,1.21891
1813,2228.2,19529840,1318088,0.489,0.598,9792,10640,14389,0.01414424,0,0,0.0598,0.1124,0.2835,0.0328,0.01016,0.58724,0.11191,-0.00894,0.27645,1.22846
1814,2229.3,19540549,1318827,0.523,0.598,9552,10709,14457,0.01414105,0,0,0.061,0.111,0.2807,0.0706,0.01074,0.58646,0.1046,-0.0042,0.25163,1.20329
1815,2230.3,19551263,1319557,0.446,0.605,10197,10714,14472,0.01413784,0,0,0.057,0.0976,0.2587,0.0328,0.01103,0.59289,0.10112,-0.00684,0.24962,1.19146
1816,2231.4,19561970,1320284,0.492,0.604,9770,10707,14419,0.01413462,0,0,0.0587,0.1016,0.2733,0.0584,0.01164,0.59146,0.08742,-0.01052,0.2293,1.18245
1817,2232.5,19572616,1321013,0.475,0.601,9894,10646,14390,0.01413141,0,0,0.0606,0.1092,0.2736,0.0315,0.01138,0.5892,0.10959,-0.0085,0.2704,1.21096
1818,2233.6,19583304,1321730,0.492,0.602,9772,10688,14406,0.01412822,0,0,0.0575,0.0981,0.2755,0.0609,0.01091,0.5901,0.09291,-0.00993,0.2393,1.18952
1819,2234.7,19594025,1322484,0.477,0.6,9950,10721,14464,0.01412501,0,0,0.0608,0.1051,0.2779,0.0336,0.011,0.58862,0.1063,-0.00732,0.26076,1.18659
1820,2235.8,19604687,1323217,0.481,0.598,9876,10662,14393,0.01412179,0,0,0.0571,0.1005,0.2678,0.0562,0.01062,0.58688,0.1102,-0.00847,0.26982,1.15014
1821,2236.8,19615364,1323941,0.458,0.599,10098,10677,14400,0.01411859,0,0,0.058,0.0955,0.2661,0.0385,0.01127,0.58741,0.10816,-0.00951,0.26855,1.17547
1822,2237.9,19626052,1324668,0.507,0.603,9625,10688,14413,0.01411539,0,0,0.059,0.1048,0.2749,0.0686,0.0117,0.59087,0.11294,-0.00929,0.27759,1.17361
1823,2239.0,19636722,1325396,0.471,0.59,10057,10670,14405,0.01411218,0,0,0.0614,0.1087,0.2612,0.0393,0.01154,0.57806,0.11052,-0.00991,0.27502,1.21055
1824,2240.1,19647429,1326130,0.501,0.589,9824,10707,14439,0.01410898,0,0,0.059,0.1076,0.2761,0.058,0.01058,0.57798,0.09938,-0.00782,0.24753,1.17349
1825,2241.2,19658126,1326853,0.497,0.595,9791,10697,14421,0.01410577,0,0,0.0645,0.1168,0.2777,0.038,0.0109,0.58382,0.10895,-0.00676,0.26492,1.18765
1826,2242.4,19668834,1327583,0.602,0.607,8853,10708,14430,0.01410256,0,0,0.0736,0.1482,0.3076,0.0729,0.01141,0.59512,0.11223,-0.00917,0.27574,1.16818
1827,2243.5,19679525,1328297,0.549,0.616,9179,10691,14410,0.01409935,0,0,0.067,0.1244,0.3142,0.0429,0.01137,0.60401,0.10624,-0.00922,0.26523,1.21672
1828,2244.7,19690214,1328997,0.535,0.601,9415,10689,14394,0.01409614,0,0,0.0615,0.118,0.2874,0.0679,0.0118,0.5881,0.11643,-0.00925,0.2855,1.21109
1829,2245.8,19700920,1329693,0.496,0.601,9756,10706,14446,0.01409294,0,0,0.0608,0.1081,0.2898,0.0377,0.01143,0.58807,0.11231,-0.00807,0.27573,1.24098
1830,2247.0,19711666,1330402,0.626,0.611,8687,10746,14469,0.01408972,0,0,0.0676,0.1373,0.3165,0.1049,0.01176,0.59765,0.11199,-0.00912,0.27608,1.20108
1831,2248.2,19722381,1331101,0.595,0.612,8877,10715,14472,0.0140865,0,0,0.0644,0.1321,0.2887,0.1099,0.01144,0.59892,0.11673,-0.01131,0.29052,1.2218
1832,2249.4,19733105,1331813,0.593,0.606,8944,10724,14463,0.01408329,0,0,0.0669,0.1281,0.2986,0.0992,0.01155,0.59383,0.10617,-0.0103,0.26758,1.22997
1833,2250.6,19743763,1332533,0.518,0.633,9261,10658,14390,0.01408007,0,0,0.0609,0.1094,0.3038,0.0438,0.01153,0.62073,0.1086,-0.01167,0.27463,1.21087
1834,2251.8,19754515,1333246,0.58,0.646,8771,10752,14485,0.01407687,0,0,0.0695,0.1227,0.3156,0.0721,0.01139,0.63371,0.12156,-0.0111,0.29959,1.21723
1835,2253.0,19765231,1333934,0.52,0.636,9273,10716,14473,0.01407365,0,0,0.065,0.1167,0.3044,0.0337,0.01201,0.62313,0.11797,-0.01087,0.29176,1.2103
1836,2254.2,19775915,1334653,0.565,0.654,8764,10684,14401,0.01407043,0,0,0.0661,0.1154,0.3154,0.068,0.01163,0.64182,0.11385,-0.01155,0.28523,1.2238
1837,2255.4,19786617,1335377,0.553,0.65,8895,10702,14457,0.01406723,0,0,0.0664,0.1198,0.3302,0.0366,0.01227,0.63718,0.1125,-0.01159,0.28209,1.20495
1838,2256.6,19797308,1336083,0.602,0.654,8512,10691,14431,0.01406401,0,0,0.0734,0.1414,0.3263,0.0612,0.01292,0.63998,0.12297,-0.00943,0.29815,1.18532
1839,2257.8,19807980,1336778,0.529,0.638,9144,10672,14413,0.01406081,0,0,0.0657,0.1126,0.3024,0.0481,0.01238,0.62523,0.10635,-0.0096,0.26567,1.2009
1840,2259.0,19818667,1337488,0.57,0.634,8876,10687,14407,0.01405761,0,0,0.0695,0.1273,0.3147,0.0589,0.01167,0.62124,0.11095,-0.01041,0.27676,1.21077
1841,2260.1,19829352,1338208,0.501,0.594,9763,10685,14391,0.0140544,0,0,0.0621,0.1097,0.2937,0.0353,0.0115,0.58137,0.10099,-0.01008,0.2557,1.19375
1842,2261.2,19840081,1338918,0.489,0.59,9936,10729,14443,0.01405119,0,0,0.0589,0.1035,0.2687,0.0583,0.01048,0.5792,0.11947,-0.01106,0.29426,1.18164
1843,2262.3,19850796,1339644,0.533,0.606,9409,10715,14459,0.01404798,0,0,0.0692,0.1209,0.2961,0.0464,0.01132,0.59389,0.12525,-0.009,0.3013,1.16756
1844,2263.4,19861516,1340348,0.501,0.588,9841,10720,14458,0.01404476,0,0,0.059,0.1033,0.2748,0.0641,0.01138,0.57589,0.11229,-0.00936,0.27612,1.1685
1845,2264.5,19872218,1341062,0.476,0.593,10010,10702,14443,0.01404155,0,0,0.0592,0.1042,0.2795,0.0329,0.01104,0.58159,0.11683,-0.00894,0.28445,1.1719
1846,2265.7,19882932,1341776,0.577,0.621,8939,10714,14455,0.01403833,0,0,0.0672,0.1306,0.3128,0.0668,0.01118,0.60931,0.11544,-0.00848,0.28015,1.15062
1847,2266.8,19893636,1342488,0.487,0.594,9907,10704,14440,0.01403512,0,0,0.0608,0.1095,0.2813,0.0352,0.01145,0.58159,0.10658,-0.00923,0.2651,1.19262
1848,2267.9,19904350,1343202,0.53,0.601,9472,10714,14453,0.01403191,0,0,0.061,0.1127,0.2786,0.0776,0.01169,0.58885,0.12722,-0.0095,0.30735,1.20807
1849,2269.0,19915068,1343904,0.487,0.609,9778,10718,14427,0.0140287,0,0,0.0615,0.1133,0.2781,0.034,0.01191,0.59675,0.11727,-0.00632,0.28058,1.19081
1850,2270.1,19925779,1344620,0.543,0.603,9350,10711,14447,0.01402548,0,0,0.0622,0.1084,0.2927,0.0797,0.01076,0.59113,0.10928,-0.00809,0.2695,1.23891
1851,2271.2,19936499,1345324,0.471,0.602,9993,10720,14473,0.01402227,0,0,0.0606,0.1091,0.2695,0.0315,0.01142,0.59011,0.11532,-0.01324,0.29191,1.24135
1852,2272.4,19947237,1346054,0.535,0.601,9453,10738,14446,0.01401905,0,0,0.0595,0.1134,0.2843,0.0775,0.01118,0.58941,0.10883,-0.01046,0.27195,1.18979
1853,2273.5,19958007,1346759,0.47,0.598,10091,10770,14459,0.01401583,0,0,0.0595,0.105,0.2725,0.0328,0.01066,0.58602,0.1265,-0.01124,0.30881,1.18903
1854,2274.6,19968715,1347455,0.499,0.606,9688,10708,14399,0.0140126,0,0,0.0588,0.1073,0.2673,0.066,0.01105,0.59416,0.1149,-0.00967,0.28368,1.23258
1855,2275.7,19979451,1348161,0.493,0.607,9759,10736,14455,0.01400939,0,0,0.0611,0.1102,0.2821,0.0392,0.01168,0.59504,0.121,-0.00813,0.29247,1.22058
1856,2276.8,19990164,1348869,0.498,0.6,9758,10713,14439,0.01400616,0,0,0.0593,0.1104,0.264,0.0641,0.01242,0.5868,0.10359,-0.0111,0.26404,1.23754
1857,2277.9,20000911,1349575,0.479,0.601,9948,10747,14459,0.01400295,0,0,0.06,0.1061,0.2734,0.0395,0.01103,0.58962,0.11902,-0.01154,0.29617,1.2517
1858,2279.0,20011683,1350260,0.537,0.604,9437,10772,14469,0.01399973,0,0,0.061,0.1092,0.2913,0.0758,0.01195,0.59162,0.11788,-0.01053,0.29162,1.24235
1859,2280.1,20022447,1350957,0.515,0.605,9606,10764,14437,0.0139965,0,0,0.0611,0.1151,0.2957,0.0434,0.01129,0.59334,0.12506,-0.01349,0.3107,1.20003
1860,2281.4,20033242,1351654,0.681,0.609,8368,10795,14510,0.01399327,0,0,0.0801,0.1612,0.3707,0.0692,0.01183,0.59644,0.10658,-0.01202,0.27184,1.23785
1861,2282.5,20044038,1352352,0.49,0.603,9882,10796,14493,0.01399003,0,0,0.0596,0.1108,0.2795,0.0396,0.01023,0.5905,0.10414,-0.01018,0.2629,1.22436
1862,2283.8,20054836,1353046,0.63,0.61,8710,10798,14515,0.01398679,0,0,0.0785,0.1529,0.2992,0.0995,0.0118,0.59683,0.13523,-0.00907,0.32277,1.2216
1863,2284.9,20065607,1353747,0.554,0.606,9281,10771,14465,0.01398355,0,0,0.0618,0.1152,0.2791,0.0983,0.01143,0.59386,0.11349,-0.01083,0.28286,1.22292
1864,2286.1,20076330,1354438,0.543,0.602,9365,10723,14440,0.01398032,0,0,0.0637,0.121,0.2717,0.0862,0.01124,0.59041,0.10266,-0.01176,0.26288,1.21781
1865,2287.2,20087100,1355137,0.495,0.605,9790,10770,14482,0.0139771,0,0,0.0622,0.1066,0.2858,0.0409,0.01145,0.59266,0.121,-0.01136,0.29905,1.2279
1866,2288.3,20097882,1355839,0.533,0.606,9469,10782,14517,0.01397387,0,0,0.0611,0.1124,0.2957,0.0637,0.01102,0.59405,0.12065,-0.00887,0.29296,1.21351
1867,2289.4,20108652,1356538,0.509,0.605,9661,10770,14446,0.01397064,0,0,0.0623,0.1214,0.2952,0.0305,0.01085,0.59388,0.11893,-0.00864,0.2885,1.19384
1868,2290.6,20119340,1357249,0.543,0.598,9368,10688,14406,0.0139674,0,0,0.0631,0.1226,0.2957,0.0612,0.01186,0.58591,0.11187,-0.00762,0.27216,1.18803
1869,2291.6,20130068,1357973,0.457,0.589,10252,10728,14470,0.0139642,0,0,0.0611,0.1013,0.2639,0.0309,0.01104,0.57743,0.1078,-0.00854,0.26552,1.17576
1870,2292.7,20140783,1358678,0.517,0.591,9670,10715,14426,0.01396098,0,0,0.0629,0.112,0.2782,0.0635,0.01136,0.57947,0.12617,-0.01112,0.30723,1.16916
1871,2293.8,20151520,1359409,0.468,0.59,10146,10737,14474,0.01395777,0,0,0.0604,0.1049,0.2672,0.0358,0.01185,0.57758,0.12618,-0.01102,0.30664,1.15475
1872,2294.9,20162194,1360136,0.519,0.591,9621,10674,14422,0.01395454,0,0,0.0618,0.1121,0.2814,0.0635,0.01088,0.57911,0.12552,-0.01053,0.30455,1.16298
1873,2296.0,20172909,1360855,0.496,0.598,9799,10715,14449,0.01395134,0,0,0.0603,0.112,0.2782,0.0454,0.01267,0.58426,0.114,-0.01106,0.28357,1.19855
1874,2297.1,20183641,1361569,0.522,0.59,9645,10732,14455,0.01394813,0,0,0.0629,0.117,0.2902,0.0523,0.01126,0.57826,0.117,-0.01085,0.28862,1.18004
1875,2298.2,20194346,1362290,0.494,0.59,9877,10705,14443,0.01394491,0,0,0.0617,0.1128,0.2851,0.0344,0.01101,0.57784,0.12003,-0.01161,0.29635,1.18565
1876,2299.3,20205058,1363011,0.547,0.602,9324,10712,14432,0.0139417,0,0,0.0622,0.1247,0.293,0.0671,0.01174,0.58914,0.11912,-0.01193,0.29503,1.18141
1877,2300.4,20215797,1363727,0.497,0.597,9814,10739,14476,0.01393848,0,0,0.0603,0.1066,0.2927,0.0376,0.0106,0.58583,0.11111,-0.00982,0.2753,1.1991
1878,2301.5,20226474,1364452,0.499,0.599,9726,10677,14403,0.01393526,0,0,0.0604,0.111,0.2795,0.048,0.01168,0.58652,0.11261,-0.00639,0.27025,1.15674
1879,2302.6,20237168,1365190,0.481,0.599,9903,10694,14433,0.01393206,0,0,0.0608,0.1038,0.2783,0.038,0.0116,0.58671,0.12251,-0.01114,0.29932,1.14945
1880,2303.7,20247836,1365932,0.518,0.6,9546,10668,14394,0.01392885,0,0,0.0595,0.1088,0.2827,0.0668,0.01103,0.58771,0.12297,-0.00762,0.29298,1.14178
1881,2304.8,20258557,1366670,0.465,0.603,10039,10721,14457,0.01392565,0,0,0.0588,0.105,0.2677,0.0334,0.01133,0.59067,0.1164,-0.00937,0.28346,1.14632
1882,2305.9,20269295,1367393,0.537,0.604,9413,10738,14443,0.01392243,0,0,0.0601,0.1183,0.2952,0.0636,0.01193,0.59102,0.11504,-0.01039,0.28217,1.12437
1883,2307.0,20279955,1368131,0.489,0.618,9626,10660,14389,0.01391921,0,0,0.0615,0.1061,0.2868,0.035,0.01148,0.60587,0.11739,-0.00902,0.28517,1.16195
1884,2308.2,20290625,1368849,0.551,0.617,9130,10670,14401,0.01391601,0,0,0.0618,0.1155,0.3139,0.0601,0.01116,0.6055,0.1233,-0.01092,0.29993,1.13107
1885,2309.3,20301331,1369579,0.51,0.614,9521,10706,14412,0.01391281,0,0,0.0603,0.1075,0.3094,0.0332,0.01194,0.60151,0.12671,-0.00591,0.29699,1.14079
1886,2310.5,20312051,1370306,0.532,0.617,9329,10720,14460,0.0139096,0,0,0.0625,0.1077,0.2898,0.0718,0.01176,0.60479,0.12393,-0.01164,0.30317,1.15112
1887,2311.6,20322749,1371035,0.509,0.616,9513,10698,14451,0.01390638,0,0,0.062,0.1092,0.2958,0.042,0.01185,0.60301,0.12515,-0.01014,0.30218,1.13603
1888,2312.8,20333417,1371770,0.539,0.616,9236,10668,14403,0.01390318,0,0,0.0638,0.1211,0.3091,0.0451,0.01169,0.60372,0.10221,-0.00875,0.25395,1.15224
1889,2313.9,20344172,1372494,0.515,0.615,9514,10755,14504,0.01389997,0,0,0.0629,0.1155,0.3024,0.0345,0.01131,0.60297,0.11664,-0.00966,0.2845,1.14747
1890,2315.2,20354873,1373229,0.585,0.678,8474,10701,14440,0.01389675,0,0,0.0689,0.1277,0.3142,0.0743,0.01237,0.66463,0.11937,-0.00799,0.28634,1.13752
1891,2316.4,20365593,1373962,0.56,0.674,8689,10720,14452,0.01389354,0,0,0.0691,0.1297,0.3233,0.0376,0.01217,0.66118,0.12058,-0.01181,0.29619,1.1301
1892,2317.6,20376350,1374674,0.554,0.677,8735,10757,14503,0.01389032,0,0,0.065,0.1208,0.3147,0.0539,0.01244,0.66402,0.11287,-0.00903,0.27582,1.15276
1893,2318.8,20387099,1375403,0.543,0.621,9236,10749,14482,0.0138871,0,0,0.0651,0.1197,0.3168,0.0415,0.01158,0.60845,0.1261,-0.0109,0.3064,1.16695
1894,2319.9,20397827,1376106,0.521,0.618,9421,10728,14451,0.01388387,0,0,0.0622,0.1089,0.2902,0.0593,0.01158,0.60591,0.09994,-0.01182,0.25607,1.17231
1895,2321.0,20408580,1376825,0.499,0.62,9611,10753,14484,0.01388065,0,0,0.0624,0.1091,0.2942,0.0331,0.01239,0.60708,0.11301,-0.01109,0.28001,1.14572
1896,2322.2,20419296,1377528,0.531,0.62,9304,10716,14436,0.01387743,0,0,0.0647,0.1163,0.2973,0.0532,0.0114,0.6082,0.11479,-0.01279,0.28629,1.12218
1897,2323.3,20430044,1378259,0.487,0.608,9818,10748,14472,0.01387421,0,0,0.0591,0.1127,0.2811,0.0337,0.01205,0.59481,0.12022,-0.00882,0.2899,1.14735
1898,2324.4,20440810,1378987,0.548,0.606,9330,10766,14496,0.01387099,0,0,0.0629,0.1208,0.2933,0.0709,0.01214,0.59308,0.12438,-0.00934,0.29842,1.11626
1899,2325.5,20451529,1379716,0.503,0.594,9764,10719,14452,0.01386776,0,0,0.0648,0.1223,0.2838,0.0325,0.01217,0.58097,0.1263,-0.00987,0.30337,1.11855
1900,2326.6,20462221,1380435,0.506,0.594,9720,10692,14416,0.01386454,0,0,0.0606,0.1105,0.2665,0.0689,0.01084,0.58204,0.11648,-0.01052,0.28597,1.15311
1901,2327.7,20472906,1381170,0.484,0.591,9937,10685,14443,0.01386133,0,0,0.0608,0.1141,0.2743,0.0352,0.01029,0.57986,0.12631,-0.00791,0.3005,1.15669
1902,2328.9,20483595,1381907,0.509,0.59,9730,10689,14417,0.01385813,0,0,0.0641,0.1138,0.2719,0.0591,0.01149,0.57738,0.13089,-0.00892,0.31086,1.12749
1903,2330.0,20494276,1382631,0.478,0.589,10008,10681,14410,0.01385492,0,0,0.0601,0.1123,0.2718,0.0341,0.01196,0.57609,0.12949,-0.0091,0.30835,1.12505
1904,2331.1,20504904,1383352,0.493,0.587,9839,10628,14361,0.01385172,0,0,0.06,0.1076,0.2624,0.0631,0.01233,0.57398,0.12468,-0.01371,0.30833,1.13828
1905,2332.1,20515591,1384079,0.474,0.597,9987,10687,14441,0.01384853,0,0,0.0626,0.1107,0.2612,0.0392,0.0111,0.58475,0.11006,-0.01126,0.27404,1.13285
1906,2333.2,20526231,1384806,0.511,0.596,9609,10640,14379,0.01384532,0,0,0.0622,0.1144,0.2791,0.0553,0.01115,0.58423,0.11327,-0.01174,0.28185,1.14942
1907,2334.3,20536925,1385526,0.482,0.592,9961,10694,14420,0.01384213,0,0,0.0617,0.1128,0.269,0.038,0.01137,0.57863,0.12022,-0.01142,0.29548,1.16354
1908,2335.6,20547559,1386254,0.719,0.597,8080,10634,14362,0.01383892,0,0,0.0716,0.1606,0.3238,0.1635,0.01222,0.58345,0.11323,-0.01116,0.28052,1.14664
1909,2336.9,20558181,1386979,0.669,0.591,8427,10622,14356,0.01383573,0,0,0.0617,0.1138,0.2929,0.2007,0.0114,0.57919,0.12117,-0.01169,0.2979,1.16349
1910,2338.0,20568812,1387702,0.514,0.602,9525,10631,14378,0.01383255,0,0,0.0608,0.1073,0.2752,0.071,0.01214,0.58906,0.10423,-0.00932,0.2599,1.18634
1911,2339.2,20579454,1388420,0.541,0.605,9286,10642,14360,0.01382936,0,0,0.0634,0.1257,0.2856,0.0665,0.01098,0.59307,0.12131,-0.01163,0.29807,1.16443
1912,2340.3,20590107,1389132,0.514,0.6,9562,10653,14391,0.01382616,0,0,0.0612,0.1152,0.2736,0.0642,0.01103,0.58812,0.11304,-0.00757,0.27423,1.1937
1913,2341.4,20600753,1389858,0.492,0.598,9765,10646,14393,0.01382297,0,0,0.0605,0.1069,0.2788,0.046,0.01145,0.58596,0.11689,-0.00883,0.28371,1.16729
1914,2342.5,20611428,1390592,0.516,0.607,9512,10675,14400,0.01381977,0,0,0.06,0.1095,0.2797,0.0664,0.01133,0.59477,0.11147,-0.00984,0.27535,1.18388
1915,2343.6,20622109,1391322,0.489,0.609,9727,10681,14427,0.01381657,0,0,0.0604,0.107,0.2874,0.0343,0.01116,0.59646,0.10015,-0.01186,0.25721,1.20026
1916,2344.7,20632788,1392038,0.569,0.593,9194,10679,14414,0.01381337,0,0,0.065,0.1323,0.3017,0.07,0.01148,0.58027,0.11417,-0.00916,0.27971,1.19612
1917,2345.8,20643492,1392763,0.478,0.609,9841,10704,14447,0.01381016,0,0,0.0601,0.1098,0.275,0.0335,0.01088,0.59695,0.13149,-0.00586,0.3073,1.18002
1918,2347.0,20654133,1393464,0.518,0.629,9283,10641,14398,0.01380695,0,0,0.0623,0.1125,0.2784,0.0644,0.01228,0.61577,0.11398,-0.00887,0.27906,1.20736
1919,2348.1,20664818,1394186,0.53,0.632,9198,10685,14439,0.01380376,0,0,0.0635,0.1189,0.3085,0.0392,0.01106,0.61955,0.10875,-0.01181,0.27398,1.19003
1920,2349.4,20675519,1394899,0.598,0.64,8646,10701,14414,0.01380055,0,0,0.0711,0.1344,0.3297,0.0628,0.01144,0.62749,0.12264,-0.00474,0.2865,1.14975
1921,2350.5,20686176,1395602,0.525,0.629,9235,10657,14401,0.01379734,0,0,0.0635,0.1149,0.3097,0.0367,0.01121,0.61709,0.11698,-0.00459,0.27462,1.14114
1922,2351.7,20696804,1396326,0.557,0.631,8950,10628,14358,0.01379415,0,0,0.0665,0.1222,0.3098,0.0584,0.01186,0.61789,0.11994,-0.00715,0.28568,1.14205
1923,2352.8,20707476,1397053,0.493,0.619,9599,10672,14409,0.01379096,0,0,0.0619,0.1116,0.2853,0.0344,0.01072,0.60721,0.11834,-0.0068,0.28065,1.10102
1924,2353.9,20718058,1397797,0.488,0.607,9671,10582,14347,0.01378776,0,0,0.0573,0.1018,0.2718,0.0567,0.01081,0.59509,0.1079,-0.00948,0.26456,1.08093
1925,2355.0,20728688,1398501,0.466,0.606,9916,10630,14375,0.01378458,0,0,0.0578,0.1018,0.275,0.0314,0.01107,0.59436,0.12051,-0.01165,0.29489,1.10913
1926,2356.1,20739323,1399228,0.518,0.608,9438,10635,14388,0.01378139,0,0,0.0577,0.1094,0.2734,0.0778,0.01259,0.59528,0.12235,-0.00768,0.28983,1.07995
1927,2357.2,20749903,1399962,0.475,0.604,9805,10580,14319,0.0137782,0,0,0.0579,0.1069,0.2748,0.035,0.01199,0.59173,0.11853,-0.00772,0.28104,1.03557
1928,2358.3,20760513,1400692,0.506,0.601,9585,10610,14335,0.01377503,0,0,0.0593,0.1068,0.2743,0.0659,0.01131,0.58833,0.115,-0.00838,0.27552,1.04365
1929,2359.4,20771106,1401402,0.448,0.603,10087,10593,14326,0.01377185,0,0,0.0562,0.0982,0.2636,0.0295,0.01062,0.59145,0.11805,-0.00861,0.28257,1.06195
1930,2360.4,20781740,1402120,0.465,0.603,9962,10634,14370,0.01376867,0,0,0.0515,0.0928,0.256,0.0643,0.01133,0.59095,0.12967,-0.00626,0.3013,1.0689
1931,2361.5,20792357,1402855,0.416,0.605,10400,10617,14340,0.01376548,0,0,0.0505,0.0875,0.248,0.0296,0.0113,0.5933,0.12088,-0.00786,0.28709,1.07611
1932,2362.5,20802969,1403564,0.465,0.609,9882,10612,14334,0.01376229,0,0,0.0526,0.0938,0.257,0.0615,0.01149,0.59687,0.12271,-0.00912,0.29332,1.07758
1933,2363.6,20813590,1404284,0.426,0.609,10258,10621,14366,0.01375911,0,0,0.0517,0.0904,0.2557,0.0282,0.01179,0.59672,0.1192,-0.00793,0.284,1.08026
1934,2364.6,20824252,1405016,0.473,0.608,9871,10662,14401,0.01375592,0,0,0.0552,0.0967,0.2624,0.0581,0.01078,0.59623,0.12444,-0.00719,0.293,1.08143
1935,2365.7,20834892,1405748,0.44,0.602,10217,10640,14367,0.01375272,0,0,0.055,0.0959,0.2581,0.0305,0.01097,0.59022,0.11527,-0.00722,0.27486,1.08632
1936,2366.8,20845512,1406472,0.486,0.603,9749,10620,14346,0.01374953,0,0,0.059,0.1059,0.2583,0.063,0.01093,0.5915,0.11589,-0.00997,0.28171,1.09042
1937,2367.8,20856111,1407196,0.447,0.601,10108,10599,14350,0.01374635,0,0,0.0561,0.0974,0.2639,0.0298,0.01071,0.59004,0.11294,-0.01062,0.27718,1.09311
1938,2368.9,20866763,1407920,0.504,0.598,9671,10652,14407,0.01374317,0,0,0.0572,0.1069,0.2746,0.0652,0.01101,0.58592,0.11225,-0.0085,0.27222,1.11825
1939,2370.0,20877435,1408648,0.445,0.6,10220,10672,14418,0.01373997,0,0,0.0573,0.102,0.255,0.0303,0.01098,0.58794,0.10023,-0.00959,0.25061,1.12694
1940,2371.1,20888136,1409362,0.538,0.606,9352,10701,14429,0.01373677,0,0,0.0681,0.1314,0.2794,0.0592,0.01123,0.5941,0.11117,-0.00942,0.27179,1.11397
1941,2372.2,20898819,1410060,0.49,0.605,9759,10683,14408,0.01373356,0,0,0.0607,0.1172,0.2786,0.0331,0.01117,0.59332,0.12509,-0.00995,0.30109,1.12948
1942,2373.3,20909534,1410794,0.477,0.607,9881,10715,14447,0.01373035,0,0,0.0542,0.1002,0.2618,0.0611,0.01144,0.59482,0.11974,-0.00706,0.28501,1.14363
1943,2374.3,20920237,1411518,0.432,0.603,10341,10703,14428,0.01372714,0,0,0.052,0.0919,0.2591,0.0293,0.01119,0.59092,0.11441,-0.01044,0.2813,1.1507
1944,2375.4,20930921,1412235,0.479,0.594,9958,10684,14440,0.01372393,0,0,0.0541,0.1063,0.2582,0.06,0.01123,0.58233,0.11085,-0.01178,0.2771,1.16052
1945,2376.4,20941626,1412966,0.437,0.586,10468,10705,14442,0.01372072,0,0,0.0518,0.0956,0.2593,0.0305,0.01111,0.57383,0.11087,-0.00921,0.27184,1.15489
1946,2377.5,20952316,1413692,0.482,0.586,10018,10690,14388,0.01371751,0,0,0.0572,0.105,0.2627,0.0567,0.01098,0.57373,0.10999,-0.01241,0.27625,1.14623
1947,2378.5,20962986,1414409,0.423,0.604,10385,10670,14407,0.01371431,0,0,0.0541,0.0943,0.2438,0.0309,0.01075,0.59279,0.11938,-0.0102,0.29097,1.15994
1948,2379.7,20973692,1415134,0.512,0.639,9305,10706,14440,0.0137111,0,0,0.06,0.1076,0.2838,0.0603,0.01127,0.62688,0.12329,-0.01043,0.29934,1.16347
1949,2380.8,20984363,1415852,0.508,0.637,9319,10671,14422,0.01370789,0,0,0.0626,0.1124,0.299,0.0344,0.01135,0.62448,0.12116,-0.00866,0.29116,1.14987
1950,2382.0,20995064,1416564,0.51,0.639,9315,10701,14456,0.01370469,0,0,0.06,0.1017,0.2907,0.0575,0.01142,0.62678,0.11982,-0.00872,0.28883,1.15833
1951,2383.0,21005756,1417288,0.46,0.604,10048,10692,14468,0.01370148,0,0,0.056,0.0988,0.275,0.0303,0.01111,0.59234,0.10628,-0.00766,0.26006,1.17441
1952,2384.2,21016463,1418014,0.478,0.627,9683,10707,14410,0.01369827,0,0,0.0555,0.0962,0.2682,0.0584,0.01201,0.61474,0.11324,-0.00886,0.27381,1.08078
1953,2385.3,21027170,1418726,0.501,0.615,9597,10707,14406,0.01369506,0,0,0.0586,0.1079,0.3013,0.0332,0.01082,0.60305,0.10939,-0.00941,0.26682,1.06673
1954,2386.5,21037879,1419441,0.561,0.612,9125,10709,14440,0.01369185,0,0,0.0626,0.1204,0.3079,0.0704,0.01152,0.60002,0.11948,-0.00472,0.27828,1.09168
1955,2387.6,21048651,1420162,0.457,0.599,10203,10772,14465,0.01368864,0,0,0.0566,0.1001,0.2694,0.0308,0.01145,0.58684,0.13111,-0.0079,0.30683,1.05204
1956,2388.7,21059381,1420881,0.49,0.599,9859,10730,14443,0.0136854,0,0,0.0578,0.1034,0.2612,0.0672,0.01143,0.58649,0.12502,-0.00817,0.29606,1.08463
1957,2389.7,21070080,1421593,0.47,0.602,9984,10699,14402,0.01368219,0,0,0.0581,0.1037,0.2773,0.0309,0.01072,0.59023,0.11602,-0.01092,0.28301,1.06466
1958,2390.8,21080762,1422310,0.502,0.601,9681,10682,14399,0.01367898,0,0,0.0592,0.1058,0.2812,0.0562,0.01124,0.58902,0.1199,-0.00861,0.28594,1.05726
1959,2391.9,21091418,1423006,0.454,0.589,10212,10656,14332,0.01367577,0,0,0.0575,0.1033,0.2623,0.0309,0.0105,0.57827,0.11649,-0.01,0.28178,1.05273
1960,2392.9,21102118,1423722,0.459,0.605,10061,10700,14420,0.01367257,0,0,0.0546,0.0962,0.2599,0.0481,0.01126,0.59124,0.11106,-0.00996,0.27136,1.07228
1961,2394.2,21112833,1424435,0.671,0.604,8404,10715,14391,0.01366936,0,0,0.0628,0.128,0.2844,0.1958,0.01124,0.59197,0.13152,-0.00905,0.30968,1.04405
1962,2395.3,21123511,1425153,0.466,0.586,10147,10678,14339,0.01366615,0,0,0.0536,0.0958,0.246,0.0709,0.01091,0.57455,0.12911,-0.00705,0.30076,1.04092
1963,2396.3,21134235,1425854,0.432,0.605,10339,10724,14411,0.01366295,0,0,0.0535,0.0968,0.2485,0.0332,0.01114,0.59342,0.12515,-0.00834,0.29554,1.0452
1964,2397.4,21144907,1426563,0.497,0.606,9676,10672,14409,0.01365973,0,0,0.0578,0.1042,0.267,0.0679,0.01104,0.5944,0.1294,-0.00907,0.30556,1.04796
1965,2398.5,21155616,1427269,0.45,0.608,10129,10709,14415,0.01365653,0,0,0.0558,0.0994,0.2629,0.0317,0.01111,0.59554,0.13268,-0.00721,0.30839,1.04761
1966,2399.6,21166333,1427968,0.483,0.606,9839,10717,14402,0.01365332,0,0,0.0575,0.1017,0.268,0.0557,0.01155,0.59412,0.12749,-0.00908,0.30223,1.06492
1967,2400.6,21177072,1428686,0.454,0.608,10109,10739,14431,0.0136501,0,0,0.0581,0.1019,0.2626,0.0315,0.01079,0.59679,0.13842,-0.00615,0.3171,1.02381
1968,2401.7,21187797,1429363,0.484,0.606,9834,10725,14411,0.01364688,0,0,0.056,0.0969,0.2682,0.0632,0.01104,0.59466,0.12487,-0.00717,0.29224,1.03143
1969,2402.8,21198497,1430073,0.46,0.604,10053,10700,14405,0.01364366,0,0,0.0579,0.1063,0.2645,0.0316,0.01022,0.59322,0.12694,-0.00787,0.29835,1.05314
1970,2404.0,21209247,1430781,0.467,0.603,10053,10750,14437,0.01364045,0,0,0.0526,0.0965,0.2506,0.0671,0.01062,0.59095,0.11912,-0.00618,0.27905,1.04291
1971,2405.1,21219994,1431478,0.448,0.602,10240,10747,14446,0.01363723,0,0,0.0545,0.0962,0.2673,0.0298,0.01045,0.59054,0.14082,-0.00859,0.32706,1.03592
1972,2406.1,21230712,1432183,0.464,0.596,10110,10718,14381,0.013634,0,0,0.0557,0.0976,0.2597,0.0509,0.01044,0.58527,0.1293,-0.00951,0.30589,1.03667
1973,2407.1,21241448,1432888,0.409,0.603,10617,10736,14447,0.01363079,0,0,0.0491,0.089,0.2415,0.0289,0.01082,0.59132,0.13877,-0.00758,0.32084,1.03248
1974,2408.2,21252141,1433588,0.475,0.606,9888,10693,14378,0.01362757,0,0,0.0552,0.1008,0.2657,0.0532,0.01039,0.5953,0.13047,-0.00461,0.29834,1.03384
1975,2409.3,21262880,1434310,0.46,0.606,10066,10739,14431,0.01362436,0,0,0.0547,0.1008,0.2701,0.0349,0.0106,0.59525,0.12514,-0.00486,0.28814,1.03299
1976,2410.4,21273593,1435024,0.468,0.609,9941,10713,14414,0.01362114,0,0,0.0547,0.0966,0.2717,0.0453,0.01115,0.59744,0.12752,-0.00767,0.2982,1.0209
1977,2411.5,21284305,1435750,0.484,0.639,9538,10712,14418,0.01361792,0,0,0.0569,0.1031,0.2892,0.0346,0.01169,0.62689,0.12549,-0.00691,0.29303,1.03643
1978,2412.6,21295044,1436468,0.497,0.63,9535,10739,14451,0.01361471,0,0,0.0575,0.1016,0.285,0.0525,0.01125,0.61778,0.1282,-0.00702,0.29854,1.03187
1979,2413.7,21305778,1437172,0.446,0.623,10037,10734,14455,0.01361149,0,0,0.0527,0.097,0.2666,0.0298,0.01147,0.61087,0.12816,-0.00952,0.30355,1.03532
1980,2414.8,21316500,1437881,0.448,0.621,10023,10722,14441,0.01360827,0,0,0.0479,0.0879,0.2571,0.0554,0.01074,0.61007,0.13081,-0.00947,0.30894,1.04258
1981,2415.8,21327232,1438592,0.448,0.631,9948,10732,14426,0.01360505,0,0,0.0533,0.096,0.2664,0.0323,0.01086,0.61934,0.13062,-0.00789,0.30505,1.02995
1982,2416.9,21337970,1439326,0.469,0.628,9785,10738,14466,0.01360183,0,0,0.0517,0.0927,0.2678,0.0569,0.01119,0.61662,0.12013,-0.00809,0.28427,1.02259
1983,2418.0,21348692,1440021,0.423,0.62,10276,10722,14447,0.01359861,0,0,0.05,0.0901,0.2547,0.0284,0.01146,0.60821,0.10596,-0.01016,0.26114,1.06264
1984,2419.0,21359335,1440725,0.483,0.585,9964,10643,14381,0.01359539,0,0,0.0514,0.1008,0.2673,0.0632,0.01083,0.57406,0.10648,-0.00993,0.26167,1.06138
1985,2420.0,21370050,1441437,0.417,0.579,10757,10715,14433,0.0135922,0,0,0.0486,0.0901,0.2432,0.035,0.01105,0.56746,0.1154,-0.00809,0.27655,1.08789
1986,2421.0,21380740,1442149,0.403,0.58,10875,10690,14398,0.01358899,0,0,0.0468,0.0843,0.2404,0.0319,0.01149,0.56748,0.11968,-0.00819,0.2849,1.07298
1987,2422.0,21391416,1442876,0.418,0.578,10719,10676,14374,0.01358578,0,0,0.0463,0.0811,0.2375,0.0526,0.01089,0.56704,0.1174,-0.00743,0.27821,1.05039
1988,2423.0,21402077,1443600,0.393,0.578,10975,10661,14360,0.01358258,0,0,0.0456,0.0815,0.2354,0.0309,0.01076,0.56675,0.1235,-0.00698,0.28943,1.04856
1989,2424.0,21412783,1444323,0.43,0.586,10532,10706,14404,0.01357938,0,0,0.049,0.0866,0.2455,0.0494,0.01122,0.57422,0.12232,-0.00979,0.29324,1.06834
1990,2425.0,21423494,1445030,0.396,0.58,10980,10711,14435,0.01357617,0,0,0.0464,0.0823,0.2364,0.0308,0.01104,0.56795,0.12228,-0.00763,0.28971,1.10078
1991,2426.0,21434209,1445750,0.404,0.583,10852,10715,14412,0.01357295,0,0,0.0458,0.0848,0.2424,0.0312,0.01074,0.57188,0.13145,-0.01055,0.31422,1.1137
1992,2427.0,21444929,1446456,0.448,0.585,10381,10720,14434,0.01356974,0,0,0.0492,0.0876,0.2516,0.0596,0.01075,0.57322,0.12851,-0.00813,0.30339,1.10946
1993,2428.1,21455634,1447177,0.459,0.588,10228,10705,14392,0.01356652,0,0,0.0572,0.1067,0.2578,0.0372,0.01096,0.57629,0.12695,-0.00874,0.30099,1.09167
1994,2429.0,21466266,1447881,0.422,0.569,10722,10632,14344,0.01356331,0,0,0.049,0.0889,0.2412,0.0432,0.01084,0.55774,0.12292,-0.00572,0.28725,1.10482
1995,2430.0,21476950,1448583,0.396,0.57,11053,10684,14403,0.01356012,0,0,0.0473,0.0835,0.2384,0.0272,0.01044,0.55908,0.11802,-0.00878,0.28404,1.12278
1996,2431.0,21487634,1449297,0.452,0.573,10431,10684,14413,0.01355691,0,0,0.0516,0.0932,0.2448,0.062,0.01136,0.56072,0.12594,-0.00642,0.29504,1.11764
1997,2432.0,21498266,1450006,0.398,0.581,10870,10632,14341,0.01355371,0,0,0.0463,0.0856,0.2362,0.0295,0.01129,0.56869,0.12743,-0.00944,0.30326,1.0887
1998,2433.0,21508961,1450719,0.42,0.583,10663,10695,14400,0.01355052,0,0,0.0487,0.088,0.2482,0.0353,0.00991,0.57218,0.12404,-0.00797,0.29331,1.08071
1999,2434.0,21519670,1451425,0.414,0.571,10868,10709,14392,0.01354731,0,0,0.0463,0.0839,0.2402,0.0438,0.01082,0.55977,0.13614,-0.00477,0.31053,1.05924
2000,2435.0,21530307,1452137,0.392,0.568,11078,10637,14346,0.0135441,0,0,0.0445,0.0807,0.2363,0.0308,0.01069,0.55671,0.12968,-0.01013,0.30837,1.06185
2001,2436.3,21541058,1452853,0.403,0.57,11056,10751,14395,0.01354091,0,0,0.0449,0.0817,0.2383,0.0375,0.01127,0.55814,0.13727,-0.01101,0.32434,1.0254
2002,2437.3,21551817,1453563,0.396,0.582,11005,10759,14434,0.01353768,0,0,0.0462,0.083,0.236,0.0306,0.01122,0.57002,0.13108,-0.0104,0.31004,1.00048
2003,2438.4,21562492,1454240,0.472,0.577,10182,10675,14329,0.01353445,0,0,0.0497,0.0967,0.2614,0.064,0.01069,0.56514,0.12493,-0.0101,0.29801,1.03206
2004,2439.4,21573218,1454946,0.431,0.59,10498,10726,14372,0.01353125,0,0,0.0522,0.0985,0.2465,0.034,0.01261,0.57712,0.1406,-0.00224,0.31327,1.01958
2005,2440.4,21583929,1455645,0.448,0.572,10500,10711,14360,0.01352803,0,0,0.0515,0.0916,0.2451,0.0599,0.01066,0.56058,0.13437,-0.00647,0.30885,1.00384
2006,2441.4,21594652,1456342,0.413,0.574,10873,10723,14357,0.01352482,0,0,0.0491,0.0879,0.2454,0.0302,0.01122,0.56186,0.13011,-0.00871,0.30489,1.00709
2007,2442.4,21605339,1457038,0.425,0.578,10646,10687,14327,0.0135216,0,0,0.0518,0.0915,0.2529,0.0293,0.01154,0.56625,0.13332,-0.00754,0.30906,1.01075
2008,2443.4,21616048,1457736,0.453,0.591,10255,10709,14382,0.0135184,0,0,0.0522,0.0935,0.2612,0.046,0.01075,0.57928,0.12787,-0.00488,0.29332,1.02917
2009,2444.5,21626826,1458407,0.46,0.604,10130,10778,14457,0.01351519,0,0,0.0546,0.0947,0.2709,0.0402,0.01089,0.592,0.13178,-0.00888,0.30879,1.01633
2010,2445.6,21637569,1459111,0.483,0.598,9946,10743,14365,0.01351195,0,0,0.0557,0.0986,0.28,0.0482,0.01133,0.58551,0.13677,-0.00426,0.30949,1.01545
2011,2446.8,21648267,1459814,0.569,0.614,9046,10698,14373,0.01350873,0,0,0.0699,0.1326,0.318,0.0481,0.01224,0.60097,0.14778,-0.00757,0.33889,1.04354
2012,2448.0,21659037,1460521,0.639,0.606,8646,10770,14402,0.01350552,0,0,0.0745,0.1427,0.3369,0.0851,0.01157,0.59429,0.14871,-0.00379,0.33245,1.01668
2013,2449.2,21669765,1461234,0.546,0.593,9423,10728,14413,0.01350229,0,0,0.0689,0.1273,0.3167,0.0332,0.01126,0.58064,0.13073,-0.01034,0.31035,1.04418
2014,2450.3,21680498,1461948,0.501,0.602,9735,10733,14390,0.01349907,0,0,0.0603,0.1044,0.2741,0.062,0.01067,0.59034,0.12323,-0.00977,0.2948,1.06691
2015,2451.3,21691232,1462673,0.439,0.571,10627,10734,14380,0.01349585,0,0,0.0587,0.0976,0.2517,0.0312,0.01144,0.55872,0.13637,-0.0097,0.31994,1.03019
2016,2452.4,21701972,1463375,0.535,0.587,9571,10740,14393,0.01349263,0,0,0.0676,0.1262,0.2807,0.0604,0.01095,0.57554,0.12293,-0.01029,0.29482,1.0517
2017,2453.5,21712659,1464096,0.505,0.593,9731,10687,14364,0.01348941,0,0,0.0652,0.1169,0.2893,0.0339,0.01147,0.58068,0.12697,-0.00907,0.30024,1.04424
2018,2454.6,21723407,1464812,0.507,0.581,9874,10748,14422,0.0134862,0,0,0.0613,0.1098,0.2742,0.0619,0.01045,0.57018,0.12571,-0.00862,0.29713,1.05616
2019,2455.7,21734125,1465530,0.493,0.585,9940,10718,14366,0.01348298,0,0,0.0658,0.1141,0.2798,0.0335,0.01072,0.57357,0.13391,-0.00809,0.31213,1.04348
2020,2456.7,21744818,1466251,0.503,0.585,9825,10693,14344,0.01347976,0,0,0.0601,0.1085,0.2734,0.0609,0.01061,0.57383,0.12633,-0.00937,0.29954,1.04309
2021,2457.9,21755540,1466972,0.531,0.599,9486,10722,14381,0.01347655,0,0,0.0667,0.1324,0.2958,0.0363,0.01171,0.58679,0.12839,-0.01109,0.30723,1.04921
2022,2459.1,21766289,1467681,0.59,0.588,9125,10749,14416,0.01347334,0,0,0.07,0.1329,0.3206,0.0667,0.01119,0.57482,0.12472,-0.01042,0.29949,1.08426
2023,2460.3,21777029,1468405,0.676,0.591,8475,10740,14416,0.01347011,0,0,0.0749,0.1776,0.3238,0.0996,0.01234,0.57718,0.11178,-0.00935,0.27105,1.06865
2024,2461.4,21787752,1469123,0.538,0.571,9671,10723,14387,0.01346689,0,0,0.0622,0.1176,0.2766,0.0819,0.0108,0.55893,0.1298,-0.00877,0.30555,1.05478
2025,2462.4,21798432,1469831,0.446,0.569,10525,10680,14360,0.01346367,0,0,0.0496,0.0913,0.243,0.0621,0.01062,0.55738,0.13301,-0.01152,0.31767,1.06241
2026,2463.6,21809112,1470544,0.546,0.573,9547,10680,14317,0.01346047,0,0,0.0632,0.119,0.259,0.1046,0.01112,0.56054,0.11201,-0.00985,0.27152,1.03244
2027,2464.7,21819813,1471260,0.588,0.577,9185,10701,14359,0.01345727,0,0,0.0761,0.1549,0.3104,0.0463,0.01214,0.56463,0.12586,-0.00831,0.29669,1.05306
2028,2465.9,21830486,1471969,0.57,0.578,9294,10673,14348,0.01345406,0,0,0.0681,0.1341,0.2953,0.0726,0.01098,0.56637,0.12598,-0.00869,0.29763,1.05111
2029,2467.1,21841207,1472679,0.589,0.588,9108,10721,14402,0.01345085,0,0,0.0717,0.1511,0.3149,0.0517,0.01143,0.57557,0.118,-0.01088,0.28597,1.04849
2030,2468.3,21851935,1473384,0.628,0.587,8829,10728,14393,0.01344764,0,0,0.0751,0.1548,0.3164,0.082,0.01072,0.57499,0.1256,-0.00778,0.29433,1.02523
2031,2469.5,21862668,1474101,0.665,0.593,8530,10733,14395,0.01344442,0,0,0.0764,0.1662,0.328,0.0947,0.01164,0.57981,0.126,-0.01028,0.30076,1.0483
2032,2470.8,21873380,1474809,0.635,0.59,8747,10712,14368,0.0134412,0,0,0.0711,0.1462,0.3134,0.1044,0.0118,0.57677,0.12796,-0.01031,0.3042,1.0284
2033,2471.9,21884157,1475517,0.57,0.585,9328,10777,14428,0.01343799,0,0,0.0701,0.1398,0.2948,0.0652,0.01046,0.5743,0.13336,-0.00856,0.31019,0.97973
2034,2473.0,21894914,1476219,0.539,0.587,9557,10757,14407,0.01343475,0,0,0.0642,0.1268,0.2727,0.0749,0.01103,0.57513,0.13547,-0.00788,0.31321,0.98658
2035,2474.2,21905652,1476929,0.546,0.587,9476,10738,14387,0.01343153,0,0,0.0692,0.136,0.2945,0.0462,0.01117,0.57535,0.13711,-0.01056,0.32267,1.01711
2036,2475.4,21916323,1477644,0.619,0.62,8610,10671,14355,0.0134283,0,0,0.0708,0.1467,0.3122,0.0898,0.01209,0.60719,0.12959,-0.00929,0.30535,1.02732
2037,2476.6,21927046,1478330,0.569,0.605,9130,10723,14365,0.0134251,0,0,0.0701,0.1366,0.318,0.0445,0.01134,0.59299,0.13353,-0.01031,0.31488,1.01252
2038,2477.7,21937759,1479030,0.548,0.601,9322,10713,14374,0.01342189,0,0,0.0637,0.1196,0.2956,0.0691,0.0116,0.58899,0.1362,-0.01123,0.32167,0.9986
2039,2478.9,21948485,1479758,0.563,0.605,9186,10726,14387,0.01341867,0,0,0.0684,0.1288,0.3181,0.0474,0.01183,0.59144,0.12726,-0.01019,0.30172,1.0
2040,2480.3,21959208,1480467,0.768,0.614,7760,10723,14382,0.01341545,0,0,0.0862,0.1935,0.3865,0.1019,0.0127,0.59858,0.12874,-0.01095,0.306,0.99216
2041,2481.7,21969951,1481179,0.836,0.616,7403,10743,14425,0.01341224,0,0,0.0844,0.1865,0.3728,0.1921,0.01179,0.60272,0.12483,-0.00795,0.29227,0.99626
2042,2483.0,21980680,1481900,0.648,0.585,8707,10729,14397,0.01340901,0,0,0.073,0.146,0.3379,0.0907,0.01144,0.57216,0.13068,-0.00768,0.303,0.97997
2043,2484.2,21991396,1482618,0.672,0.584,8532,10716,14385,0.0134058,0,0,0.0759,0.1638,0.3333,0.0987,0.01178,0.57163,0.1237,-0.00957,0.29209,0.95313
2044,2485.4,22002147,1483314,0.552,0.585,9460,10751,14402,0.01340258,0,0,0.0708,0.138,0.3023,0.0408,0.01157,0.57235,0.13453,-0.00741,0.31004,0.97578
2045,2486.6,22012850,1484042,0.622,0.589,8835,10703,14370,0.01339936,0,0,0.0748,0.143,0.3128,0.0919,0.01174,0.57659,0.13491,-0.00726,0.31038,0.97178
2046,2487.7,22023558,1484770,0.558,0.592,9307,10708,14358,0.01339615,0,0,0.0683,0.1388,0.3101,0.0411,0.0113,0.58006,0.12119,-0.00938,0.28797,1.00135
2047,2488.9,22034269,1485490,0.631,0.587,8795,10711,14364,0.01339293,0,0,0.071,0.1476,0.3315,0.0806,0.01197,0.57446,0.12314,-0.01062,0.29406,0.99118
2048,2490.1,22044975,1486211,0.545,0.586,9465,10706,14357,0.01338972,0,0,0.0697,0.1323,0.2963,0.0469,0.01207,0.57311,0.12562,-0.0103,0.29855,0.99718
2049,2491.2,22055682,1486932,0.578,0.587,9189,10707,14335,0.01338651,0,0,0.068,0.1338,0.3085,0.0674,0.01285,0.57383,0.12948,-0.0076,0.3004,0.98026
2050,2492.4,22066354,1487652,0.534,0.586,9525,10672,14317,0.0133833,0,0,0.0658,0.1332,0.2971,0.0383,0.0119,0.57221,0.12389,-0.00655,0.28781,1.00656
2051,2493.5,22077023,1488373,0.572,0.591,9175,10669,14306,0.01338009,0,0,0.0666,0.132,0.2966,0.0765,0.01151,0.57844,0.1385,-0.00502,0.31415,1.01293
2052,2494.8,22087675,1489092,0.546,0.602,9274,10652,14272,0.01337689,0,0,0.0639,0.1202,0.2941,0.0681,0.01121,0.59031,0.11885,-0.00838,0.28081,0.98482
2053,2496.0,22098409,1489807,0.596,0.586,9084,10734,14378,0.0133737,0,0,0.0683,0.1379,0.3077,0.0819,0.01214,0.5729,0.13035,-0.00804,0.30361,1.00314
2054,2497.1,22109117,1490516,0.515,0.583,9751,10708,14324,0.01337048,0,0,0.0625,0.1194,0.2928,0.0401,0.01163,0.5711,0.12408,-0.00544,0.28595,1.00585
2055,2498.2,22119909,1491234,0.533,0.586,9649,10792,14437,0.01336726,0,0,0.0623,0.1155,0.2813,0.0735,0.01109,0.57391,0.11498,-0.00454,0.26611,1.01248
2056,2499.3,22130667,1491950,0.536,0.599,9477,10758,14385,0.01336403,0,0,0.0655,0.1252,0.3012,0.0445,0.01122,0.5869,0.11113,-0.00692,0.26291,1.0036
2057,2500.4,22141410,1492654,0.547,0.585,9490,10743,14353,0.0133608,0,0,0.0626,0.1203,0.2929,0.0714,0.01169,0.57258,0.12111,-0.00902,0.28688,0.99575
2058,2501.5,22152182,1493364,0.495,0.584,9982,10772,14394,0.01335758,0,0,0.0623,0.1135,0.2827,0.0363,0.01078,0.57267,0.12515,-0.00687,0.29026,0.98212
2059,2502.7,22162935,1494060,0.568,0.585,9330,10753,14379,0.01335435,0,0,0.0675,0.1294,0.2912,0.0794,0.01094,0.5734,0.12712,-0.01043,0.30069,0.95852
2060,2503.8,22173645,1494736,0.506,0.608,9616,10710,14333,0.01335112,0,0,0.0636,0.1203,0.2862,0.0359,0.01101,0.59566,0.12522,-0.0104,0.29672,0.95409
2061,2504.9,22184432,1495436,0.537,0.592,9558,10787,14432,0.01334791,0,0,0.0652,0.1193,0.288,0.064,0.0116,0.57978,0.12731,-0.0076,0.29491,0.93977
2062,2506.0,22195215,1496129,0.511,0.583,9854,10783,14416,0.01334467,0,0,0.0623,0.1178,0.2965,0.0346,0.01074,0.57176,0.13603,-0.0059,0.30988,0.97493
2063,2507.2,22206043,1496813,0.552,0.592,9465,10828,14477,0.01334144,0,0,0.0654,0.1334,0.2898,0.0636,0.01234,0.57871,0.13417,-0.00618,0.30642,0.96352
2064,2508.3,22216825,1497493,0.536,0.593,9555,10782,14418,0.01333819,0,0,0.0649,0.1249,0.302,0.0437,0.01118,0.58046,0.13602,-0.00512,0.30803,0.96535
2065,2509.5,22227634,1498181,0.628,0.59,8875,10809,14417,0.01333495,0,0,0.0762,0.1477,0.3219,0.0823,0.01132,0.57764,0.12529,-0.00863,0.29366,0.96758
2066,2510.6,22238436,1498876,0.556,0.589,9431,10802,14452,0.01333171,0,0,0.0679,0.1403,0.3077,0.04,0.01097,0.5777,0.11469,-0.00836,0.27211,0.9759
2067,2511.9,22249240,1499545,0.617,0.623,8714,10804,14435,0.01332847,0,0,0.0724,0.1419,0.3362,0.0663,0.01241,0.60968,0.11947,-0.00723,0.27868,0.94871
2068,2513.1,22260086,1500243,0.589,0.626,8922,10846,14465,0.01332523,0,0,0.0697,0.1404,0.3249,0.0543,0.0127,0.6115,0.1255,-0.00579,0.28861,0.97647
2069,2514.4,22270909,1500927,0.697,0.621,8214,10823,14460,0.01332197,0,0,0.0747,0.1772,0.3443,0.1004,0.01147,0.6087,0.11962,-0.00679,0.27892,0.97986
2070,2515.6,22281684,1501619,0.608,0.617,8795,10775,14408,0.01331873,0,0,0.0702,0.1452,0.3226,0.0698,0.01245,0.60409,0.11736,-0.01156,0.28502,1.02031
2071,2516.9,22292521,1502312,0.597,0.618,8921,10837,14486,0.01331549,0,0,0.0685,0.1276,0.3159,0.0848,0.01226,0.60466,0.12308,-0.01031,0.29372,1.01175
2072,2518.2,22303300,1502994,0.681,0.618,8297,10779,14435,0.01331224,0,0,0.0769,0.1723,0.3854,0.0468,0.01197,0.60516,0.11894,-0.01092,0.28603,0.98788
2073,2519.4,22314102,1503660,0.593,0.617,8926,10802,14440,0.01330901,0,0,0.0653,0.1378,0.3179,0.0718,0.01132,0.6054,0.12463,-0.00847,0.29294,1.00489
2074,2520.6,22324895,1504343,0.564,0.62,9116,10793,14420,0.01330577,0,0,0.0694,0.1329,0.3211,0.0405,0.01121,0.60814,0.10571,-0.01031,0.25843,0.99146
2075,2521.8,22335640,1505030,0.589,0.618,8903,10745,14384,0.01330253,0,0,0.0696,0.1249,0.3164,0.0783,0.01166,0.60528,0.11317,-0.00845,0.26908,0.97107
2076,2523.0,22346388,1505726,0.609,0.619,8747,10748,14410,0.01329931,0,0,0.0741,0.1499,0.3473,0.0382,0.01123,0.60739,0.12103,-0.00849,0.28565,1.00077
2077,2524.2,22357153,1506407,0.58,0.618,8984,10765,14410,0.01329608,0,0,0.0655,0.1293,0.3121,0.0733,0.01146,0.60598,0.12251,-0.00728,0.28653,1.01262
2078,2525.4,22367928,1507095,0.551,0.62,9201,10775,14405,0.01329285,0,0,0.0647,0.1325,0.3004,0.0532,0.01187,0.60768,0.13586,-0.00447,0.30706,0.99315
2079,2526.6,22378716,1507780,0.589,0.621,8916,10788,14431,0.01328962,0,0,0.0725,0.1368,0.2976,0.0823,0.01309,0.60687,0.12375,-0.00862,0.29155,1.00916
2080,2527.8,22389495,1508460,0.573,0.618,9047,10779,14418,0.01328639,0,0,0.0701,0.1416,0.3239,0.0378,0.01073,0.60629,0.12634,-0.00535,0.28954,0.9846
2081,2529.1,22400221,1509130,0.684,0.62,8229,10726,14394,0.01328315,0,0,0.0757,0.1624,0.3657,0.08,0.01149,0.60703,0.13614,0.0007,0.29652,0.96482
2082,2530.4,22410966,1509828,0.69,0.618,8216,10745,14425,0.01327993,0,0,0.0914,0.1742,0.377,0.0476,0.01133,0.60528,0.12875,-0.00456,0.29289,0.98916
2083,2531.8,22421731,1510524,0.754,0.627,7791,10765,14411,0.01327671,0,0,0.0825,0.1712,0.3716,0.129,0.013,0.61296,0.11927,-0.00942,0.28399,1.00189
2084,2533.2,22432503,1511241,0.828,0.607,7503,10772,14434,0.01327348,0,0,0.085,0.194,0.4411,0.1082,0.01149,0.59501,0.11624,-0.00251,0.26378,0.98993
2085,2534.6,22443272,1511936,0.796,0.62,7608,10769,14444,0.01327025,0,0,0.0827,0.1968,0.4112,0.1051,0.01291,0.60599,0.11273,-0.00933,0.27051,0.99441
2086,2535.9,22454066,1512619,0.672,0.613,8401,10794,14448,0.01326702,0,0,0.0751,0.1625,0.3447,0.0894,0.0115,0.60079,0.12325,-0.00877,0.28955,0.96157
2087,2537.2,22464795,1513320,0.653,0.616,8452,10729,14392,0.01326378,0,0,0.0782,0.1599,0.3612,0.0539,0.01236,0.60293,0.12504,-0.00929,0.29421,0.96296
2088,2538.4,22475562,1514017,0.626,0.619,8648,10767,14380,0.01326056,0,0,0.0731,0.1455,0.3269,0.081,0.01174,0.60559,0.11487,-0.00972,0.2746,0.95836
2089,2539.8,22486321,1514716,0.718,0.629,7990,10759,14398,0.01325733,0,0,0.0811,0.1727,0.3641,0.0996,0.01309,0.61434,0.11782,-0.00816,0.27669,0.93186
2090,2541.1,22497108,1515391,0.723,0.626,7992,10787,14418,0.0132541,0,0,0.0782,0.1713,0.3673,0.1066,0.01215,0.61312,0.11979,-0.00694,0.27882,0.95651
2091,2542.4,22507897,1516078,0.642,0.62,8548,10789,14439,0.01325087,0,0,0.0759,0.1548,0.3395,0.0722,0.01127,0.60772,0.10926,-0.00847,0.26045,0.94287
2092,2543.6,22518637,1516762,0.628,0.618,8616,10740,14389,0.01324763,0,0,0.071,0.141,0.323,0.0935,0.01216,0.60485,0.12515,-0.0079,0.29065,0.9271
2093,2544.9,22529431,1517452,0.616,0.617,8757,10794,14424,0.01324441,0,0,0.0765,0.1532,0.3419,0.0444,0.01257,0.60321,0.11796,-0.00706,0.27471,0.93134
2094,2546.1,22540174,1518135,0.62,0.61,8733,10743,14409,0.01324117,0,0,0.0727,0.142,0.3291,0.076,0.01253,0.59709,0.12364,-0.00638,0.28505,0.94501
2095,2547.4,22550942,1518820,0.677,0.621,8297,10768,14407,0.01323795,0,0,0.087,0.1709,0.3643,0.055,0.01213,0.60762,0.11491,-0.00807,0.27138,0.96016
2096,2548.7,22561687,1519511,0.675,0.624,8275,10745,14385,0.01323472,0,0,0.0804,0.1689,0.3443,0.0811,0.01045,0.61191,0.103,-0.00753,0.2471,0.98379
2097,2549.9,22572487,1520181,0.637,0.628,8539,10800,14429,0.01323149,0,0,0.0793,0.1664,0.3462,0.0446,0.01247,0.61484,0.12242,-0.00963,0.29034,0.99112
2098,2551.2,22583221,1520864,0.663,0.625,8336,10734,14365,0.01322825,0,0,0.0788,0.1582,0.3458,0.0801,0.01214,0.6116,0.11668,-0.01,0.27914,0.97428
2099,2552.5,22593971,1521539,0.611,0.618,8751,10750,14400,0.01322503,0,0,0.0784,0.1558,0.3318,0.0447,0.01235,0.60449,0.10752,-0.00993,0.26171,1.01407
2100,2553.8,22604747,1522223,0.744,0.62,7901,10776,14402,0.01322181,0,0,0.0859,0.1744,0.3749,0.1088,0.01236,0.60632,0.12125,-0.01035,0.28873,0.96514
2101,2555.2,22615530,1522898,0.738,0.615,7964,10783,14443,0.01321858,0,0,0.0885,0.1878,0.3712,0.0909,0.0112,0.60321,0.10806,-0.01115,0.26472,0.99498
2102,2556.8,22626305,1523576,0.773,0.626,7700,10775,14409,0.01321534,0,0,0.0891,0.1984,0.3974,0.0882,0.01196,0.61328,0.11537,-0.01047,0.2777,0.98478
2103,2558.1,22637067,1524245,0.7,0.624,8126,10762,14417,0.01321211,0,0,0.0903,0.1697,0.3857,0.0547,0.01267,0.61046,0.11152,-0.01054,0.27033,0.99196
2104,2559.5,22647844,1524906,0.83,0.622,7424,10777,14414,0.01320888,0,0,0.0817,0.2169,0.4305,0.1006,0.01369,0.60681,0.11514,-0.00647,0.26865,0.96239
2105,2561.0,22658668,1525576,0.797,0.622,7624,10824,14453,0.01320565,0,0,0.082,0.1969,0.4105,0.1079,0.01311,0.60811,0.12408,-0.00689,0.28704,0.95066
2106,2562.3,22669477,1526233,0.748,0.619,7902,10809,14454,0.0132024,0,0,0.0852,0.2034,0.3904,0.0695,0.01222,0.60611,0.11724,-0.0104,0.28099,0.97384
2107,2563.7,22680331,1526890,0.775,0.609,7839,10854,14505,0.01319916,0,0,0.0847,0.1959,0.3865,0.1084,0.01243,0.59447,0.12097,-0.00995,0.28672,0.94272
2108,2565.1,22691177,1527541,0.793,0.616,7699,10846,14489,0.0131959,0,0,0.0881,0.2023,0.391,0.1113,0.01375,0.60115,0.12038,-0.00912,0.28435,0.96065
2109,2566.4,22702000,1528207,0.71,0.607,8217,10823,14457,0.01319265,0,0,0.082,0.1828,0.3572,0.0885,0.01284,0.59289,0.12222,-0.00935,0.28798,0.94162
2110,2567.7,22712876,1528866,0.611,0.613,8884,10876,14498,0.0131894,0,0,0.0714,0.1475,0.3369,0.0555,0.01293,0.59929,0.12777,-0.00758,0.29641,0.97492
2111,2568.9,22723691,1529533,0.66,0.606,8543,10815,14480,0.01318614,0,0,0.0753,0.1533,0.3445,0.0864,0.01244,0.59309,0.12321,-0.00652,0.28477,0.95973
2112,2570.2,22734523,1530183,0.626,0.609,8773,10832,14460,0.01318289,0,0,0.076,0.1528,0.339,0.0582,0.01172,0.59615,0.13487,-0.01038,0.31563,0.95314
2113,2571.4,22745317,1530845,0.604,0.605,8934,10794,14452,0.01317964,0,0,0.0765,0.1461,0.3148,0.0662,0.01119,0.59268,0.12781,-0.00904,0.29986,0.99249
2114,2572.5,22756167,1531509,0.543,0.603,9464,10850,14512,0.0131764,0,0,0.0631,0.1189,0.2951,0.0662,0.01139,0.59031,0.13271,-0.00888,0.30887,0.97431
2115,2573.7,22766970,1532180,0.548,0.605,9374,10803,14446,0.01317315,0,0,0.0624,0.1174,0.2907,0.0771,0.01083,0.59286,0.12058,-0.00916,0.28513,0.97393
2116,2574.9,22777792,1532836,0.614,0.603,8888,10822,14456,0.01316991,0,0,0.07,0.1535,0.3224,0.0687,0.01194,0.59016,0.13303,-0.00809,0.30763,0.96432
2117,2576.1,22788627,1533498,0.616,0.608,8856,10835,14498,0.01316666,0,0,0.0729,0.1545,0.3261,0.0622,0.0119,0.59503,0.12228,-0.00826,0.28773,1.01148
2118,2577.4,22799433,1534176,0.625,0.606,8779,10806,14462,0.01316341,0,0,0.084,0.1587,0.3304,0.0516,0.01147,0.59367,0.12583,-0.00946,0.29637,0.97954
2119,2578.6,22810244,1534837,0.661,0.615,8469,10811,14446,0.01316017,0,0,0.0805,0.1583,0.3495,0.0731,0.01307,0.60051,0.12151,-0.00904,0.28725,0.99319
2120,2579.9,22821062,1535497,0.642,0.619,8583,10818,14468,0.01315693,0,0,0.0716,0.1618,0.3357,0.0725,0.01134,0.60626,0.11477,-0.0102,0.27606,0.99278
2121,2581.2,22831864,1536174,0.69,0.623,8228,10802,14431,0.01315368,0,0,0.0764,0.1658,0.3511,0.0963,0.01301,0.60944,0.12301,-0.00583,0.28362,0.98559
2122,2582.4,22842638,1536850,0.617,0.623,8687,10774,14422,0.01315044,0,0,0.0741,0.154,0.3302,0.0588,0.01319,0.60915,0.11715,-0.01089,0.28191,0.98255
2123,2583.7,22853401,1537525,0.644,0.617,8534,10763,14392,0.01314721,0,0,0.0736,0.1513,0.3325,0.0868,0.01124,0.60465,0.12659,-0.00964,0.29868,0.99701
2124,2584.9,22864197,1538198,0.548,0.619,9252,10796,14438,0.01314398,0,0,0.065,0.1265,0.2872,0.0696,0.01101,0.60689,0.12745,-0.01181,0.30448,0.98718
2125,2586.0,22874960,1538860,0.535,0.616,9346,10763,14384,0.01314074,0,0,0.0627,0.1162,0.2899,0.0665,0.01151,0.60415,0.12919,-0.01039,0.30468,0.97058
2126,2587.1,22885749,1539541,0.489,0.617,9754,10789,14437,0.01313751,0,0,0.0607,0.1107,0.2817,0.0357,0.01143,0.60521,0.11679,-0.00933,0.27764,0.96663
2127,2588.3,22896530,1540191,0.504,0.617,9619,10781,14408,0.01313428,0,0,0.059,0.1088,0.2872,0.0489,0.01188,0.60421,0.13127,-0.00696,0.30215,0.97799
2128,2589.4,22907317,1540864,0.499,0.614,9690,10787,14416,0.01313104,0,0,0.0592,0.108,0.2949,0.037,0.01147,0.60215,0.12004,-0.01039,0.28659,0.98013
2129,2590.4,22918161,1541547,0.47,0.613,10014,10844,14466,0.0131278,0,0,0.0526,0.0962,0.2694,0.0515,0.01219,0.60028,0.13252,-0.00877,0.30803,0.96911
2130,2591.5,22928957,1542218,0.429,0.613,10364,10796,14412,0.01312455,0,0,0.0494,0.0928,0.2575,0.029,0.0112,0.60121,0.12875,-0.00941,0.30187,0.97334
2131,2592.6,22939784,1542891,0.456,0.612,10138,10827,14457,0.01312131,0,0,0.0498,0.0905,0.2587,0.0573,0.01092,0.60021,0.12348,-0.00894,0.29014,0.96363
2132,2593.6,22950576,1543558,0.468,0.614,9974,10792,14417,0.01311806,0,0,0.0559,0.0991,0.2789,0.034,0.01189,0.60128,0.12831,-0.00857,0.29936,0.9756
2133,2594.8,22961347,1544241,0.511,0.623,9501,10771,14414,0.01311483,0,0,0.0611,0.1063,0.2897,0.0539,0.01138,0.61052,0.12672,-0.01032,0.29912,0.95499
2134,2596.0,22972197,1544898,0.619,0.608,8848,10850,14486,0.0131116,0,0,0.0778,0.1594,0.3359,0.0456,0.012,0.59477,0.12435,-0.00494,0.28396,0.96803
2135,2597.2,22982975,1545560,0.582,0.604,9090,10778,14413,0.01310834,0,0,0.0662,0.1358,0.2957,0.0841,0.01166,0.59148,0.12164,-0.0091,0.2873,0.98539
2136,2598.4,22993780,1546249,0.614,0.61,8827,10805,14452,0.01310511,0,0,0.0702,0.1422,0.3346,0.0673,0.01194,0.59613,0.11184,-0.00961,0.26867,0.98354
2137,2599.7,23004564,1546924,0.619,0.62,8703,10784,14450,0.01310187,0,0,0.0689,0.1513,0.32,0.0786,0.01181,0.60756,0.12069,-0.007,0.28136,0.99132
2138,2600.9,23015369,1547609,0.604,0.616,8851,10805,14449,0.01309863,0,0,0.0698,0.1411,0.3105,0.0831,0.01141,0.60418,0.10517,-0.01111,0.25779,0.96319
2139,2602.1,23026135,1548287,0.57,0.614,9092,10766,14414,0.01309539,0,0,0.07,0.128,0.3023,0.0701,0.01103,0.60201,0.11655,-0.00842,0.27516,0.96284
2140,2603.2,23036947,1548964,0.557,0.623,9163,10812,14458,0.01309216,0,0,0.068,0.1317,0.3145,0.0427,0.01189,0.61015,0.12559,-0.00911,0.29512,0.98215
2141,2604.5,23047731,1549642,0.637,0.624,8553,10784,14458,0.01308892,0,0,0.0703,0.1668,0.326,0.0738,0.01191,0.6113,0.10938,-0.00984,0.26437,0.99062
2142,2605.8,23058530,1550317,0.643,0.619,8562,10799,14452,0.01308568,0,0,0.0794,0.1665,0.3329,0.0638,0.01177,0.60621,0.12011,-0.00586,0.27793,0.9931
2143,2607.0,23069335,1551004,0.582,0.609,9070,10805,14457,0.01308244,0,0,0.0678,0.1375,0.3086,0.0681,0.01174,0.59593,0.11352,-0.00799,0.26938,1.00706
2144,2608.2,23080156,1551696,0.606,0.606,8927,10821,14451,0.0130792,0,0,0.0768,0.1562,0.3323,0.041,0.01141,0.59354,0.12576,-0.00936,0.29607,0.98743
2145,2609.4,23090932,1552352,0.62,0.602,8820,10776,14401,0.01307595,0,0,0.0671,0.1368,0.3249,0.0909,0.0118,0.58945,0.11207,-0.00542,0.26008,0.96012
2146,2610.6,23101727,1553049,0.587,0.612,9003,10795,14442,0.01307272,0,0,0.0715,0.1457,0.322,0.0482,0.01242,0.59837,0.12431,-0.00609,0.28638,0.97863
2147,2611.8,23112531,1553721,0.621,0.612,8765,10804,14435,0.01306948,0,0,0.0727,0.1349,0.3159,0.0976,0.01158,0.59926,0.10963,-0.00942,0.26304,0.95362
2148,2613.0,23123321,1554419,0.58,0.607,9092,10790,14447,0.01306624,0,0,0.0692,0.1489,0.3181,0.0438,0.0118,0.59436,0.11767,-0.01151,0.28367,0.96848
2149,2614.2,23134124,1555099,0.569,0.609,9166,10803,14474,0.013063,0,0,0.0656,0.1325,0.3029,0.0684,0.01158,0.59692,0.12168,-0.0103,0.28948,0.97659
2150,2615.3,23144957,1555780,0.53,0.608,9522,10833,14441,0.01305976,0,0,0.0678,0.1296,0.2916,0.0409,0.01106,0.59595,0.11841,-0.0108,0.28316,0.94677
2151,2616.6,23155771,1556456,0.653,0.626,8460,10814,14442,0.01305651,0,0,0.0776,0.1565,0.3396,0.079,0.01196,0.61221,0.1157,-0.01048,0.27701,0.9436
2152,2618.0,23166555,1557142,0.642,0.62,8549,10784,14398,0.01305327,0,0,0.07,0.1476,0.3143,0.1098,0.01138,0.6075,0.11908,-0.00619,0.27491,0.93344
2153,2619.2,23177359,1557809,0.606,0.619,8820,10804,14456,0.01305003,0,0,0.0692,0.1307,0.3159,0.0905,0.01227,0.60533,0.11659,-0.00654,0.27071,0.93603
2154,2620.4,23188159,1558475,0.562,0.617,9160,10800,14445,0.01304679,0,0,0.0701,0.138,0.3143,0.0397,0.01124,0.60485,0.11789,-0.00898,0.27771,0.918
2155,2621.6,23198977,1559145,0.565,0.618,9143,10818,14460,0.01304355,0,0,0.0661,0.1288,0.3053,0.0649,0.01167,0.60571,0.11522,-0.0061,0.26698,0.93301
2156,2622.7,23209784,1559808,0.535,0.629,9289,10807,14450,0.01304031,0,0,0.0641,0.123,0.3068,0.0408,0.0114,0.6167,0.11001,-0.01004,0.26526,0.964
2157,2624.0,23220593,1560466,0.607,0.618,8822,10809,14447,0.01303706,0,0,0.0766,0.1425,0.3214,0.0667,0.01186,0.60566,0.11491,-0.00728,0.26943,0.96071
2158,2625.1,23231410,1561131,0.539,0.626,9288,10817,14460,0.01303382,0,0,0.069,0.1243,0.302,0.0434,0.01277,0.61252,0.12086,-0.00795,0.28276,0.96429
2159,2626.3,23242279,1561798,0.558,0.622,9212,10869,14505,0.01303058,0,0,0.0682,0.1267,0.3055,0.0576,0.01159,0.60922,0.12112,-0.00959,0.28678,0.97346
2160,2627.5,23253068,1562477,0.55,0.618,9235,10789,14444,0.01302732,0,0,0.0727,0.1271,0.3042,0.0459,0.01225,0.60512,0.12001,-0.00726,0.27982,0.97029
2161,2628.8,23263860,1563136,0.675,0.622,8319,10792,14477,0.01302408,0,0,0.0778,0.1727,0.3579,0.067,0.01197,0.60829,0.11097,-0.00852,0.26522,1.00752
2162,2630.1,23274627,1563808,0.703,0.621,8133,10767,14419,0.01302084,0,0,0.0814,0.186,0.3427,0.0925,0.01187,0.60835,0.13052,-0.00699,0.3007,0.98602
2163,2631.3,23285426,1564479,0.63,0.617,8665,10799,14456,0.01301761,0,0,0.0757,0.1541,0.3325,0.0675,0.01109,0.60441,0.11906,-0.00554,0.27475,0.98158
2164,2632.6,23296243,1565159,0.648,0.623,8512,10817,14481,0.01301437,0,0,0.0815,0.1724,0.3421,0.0517,0.01168,0.61023,0.1271,-0.00623,0.29198,0.97263
2165,2633.9,23307036,1565854,0.634,0.624,8580,10793,14443,0.01301113,0,0,0.0768,0.1568,0.3286,0.0717,0.0122,0.61097,0.11882,-0.00897,0.28098,0.9756
2166,2635.1,23317828,1566536,0.617,0.626,8682,10792,14463,0.01300789,0,0,0.0819,0.159,0.3325,0.0442,0.01189,0.61277,0.13332,-0.0081,0.30796,0.96549
2167,2636.3,23328609,1567223,0.607,0.624,8757,10781,14436,0.01300465,0,0,0.0714,0.1363,0.3232,0.0757,0.01496,0.60879,0.12008,-0.00989,0.28484,0.95763
2168,2637.6,23339349,1567915,0.619,0.62,8666,10740,14378,0.01300142,0,0,0.0787,0.158,0.3379,0.0448,0.01223,0.60603,0.11954,-0.01033,0.28438,0.9473
2169,2638.8,23350093,1568593,0.604,0.621,8772,10744,14421,0.0129982,0,0,0.0727,0.1384,0.3347,0.0584,0.01194,0.60766,0.11682,-0.00917,0.27636,0.93794
2170,2640.0,23360821,1569272,0.578,0.619,8959,10728,14390,0.01299497,0,0,0.0762,0.143,0.3111,0.0478,0.01141,0.60732,0.11474,-0.00599,0.26555,0.92647
2171,2641.3,23371579,1569944,0.645,0.627,8462,10758,14390,0.01299175,0,0,0.0741,0.1646,0.3351,0.0709,0.01121,0.61451,0.13375,-0.0074,0.30687,0.94574
2172,2642.5,23382298,1570637,0.621,0.623,8613,10719,14380,0.01298853,0,0,0.0769,0.1514,0.3504,0.0424,0.01136,0.61078,0.12795,-0.00523,0.29077,0.94017
2173,2644.0,23392988,1571319,0.807,0.624,7466,10690,14343,0.01298531,0,0,0.0898,0.197,0.4081,0.1125,0.01256,0.61093,0.13849,-0.00813,0.31733,0.92765
2174,2645.3,23403715,1572009,0.706,0.625,8058,10727,14377,0.0129821,0,0,0.0865,0.1861,0.3807,0.0525,0.01256,0.61179,0.12647,-0.00828,0.29429,0.95514
2175,2646.9,23414422,1572700,0.963,0.624,6746,10707,14351,0.01297889,0,0,0.102,0.2843,0.4412,0.1354,0.01292,0.61025,0.12567,-0.00922,0.29473,0.96087
2176,2648.3,23425170,1573395,0.811,0.62,7510,10748,14386,0.01297567,0,0,0.0862,0.2201,0.3978,0.1069,0.01229,0.60641,0.11904,-0.0092,0.28028,0.91666
2177,2649.7,23435971,1574084,0.734,0.636,7883,10801,14426,0.01297245,0,0,0.091,0.1806,0.3675,0.095,0.01442,0.6201,0.13061,-0.00853,0.30209,0.91803
2178,2651.1,23446671,1574762,0.803,0.623,7503,10700,14344,0.01296921,0,0,0.0852,0.1974,0.3657,0.1551,0.01193,0.61008,0.11949,-0.01027,0.28323,0.91365
2179,2652.4,23457374,1575446,0.685,0.622,8187,10703,14349,0.012966,0,0,0.0799,0.1886,0.3304,0.0863,0.01198,0.6091,0.12032,-0.00785,0.27999,0.91208
2180,2653.6,23468087,1576137,0.616,0.623,8649,10713,14360,0.01296279,0,0,0.0742,0.1427,0.3295,0.0696,0.01295,0.60846,0.12611,-0.00887,0.29378,0.91846
2181,2654.9,23478767,1576835,0.58,0.623,8879,10680,14336,0.01295957,0,0,0.0764,0.1429,0.3205,0.0398,0.01231,0.61003,0.13032,-0.00664,0.29735,0.90374
2182,2656.0,23489476,1577522,0.574,0.617,8991,10709,14349,0.01295637,0,0,0.0663,0.1316,0.3078,0.0681,0.01127,0.60508,0.13556,-0.00829,0.31018,0.86742
2183,2657.2,23500153,1578215,0.516,0.615,9442,10677,14340,0.01295316,0,0,0.0638,0.1165,0.2991,0.0369,0.01142,0.60242,0.12866,-0.00652,0.29332,0.88628
2184,2658.3,23510860,1578902,0.543,0.616,9231,10707,14364,0.01294995,0,0,0.064,0.12,0.3027,0.0567,0.01127,0.60426,0.11657,-0.00563,0.26733,0.88585
2185,2659.5,23521591,1579582,0.52,0.618,9430,10731,14388,0.01294674,0,0,0.0648,0.1155,0.3016,0.0383,0.01212,0.60491,0.12201,-0.00342,0.27381,0.88603
2186,2660.6,23532309,1580269,0.541,0.619,9234,10718,14391,0.01294352,0,0,0.0687,0.1258,0.2893,0.0576,0.01072,0.60789,0.13245,-0.00284,0.29326,0.87585
2187,2661.8,23543070,1580951,0.533,0.623,9311,10761,14397,0.01294031,0,0,0.0631,0.1311,0.2981,0.0409,0.01139,0.60976,0.12823,-0.00746,0.29384,0.86758
2188,2663.0,23553759,1581625,0.598,0.622,8758,10689,14325,0.01293708,0,0,0.0692,0.1462,0.3084,0.0745,0.01146,0.61009,0.1132,-0.0054,0.26056,0.90302
2189,2664.2,23564488,1582306,0.535,0.622,9274,10729,14374,0.01293387,0,0,0.0682,0.1331,0.2924,0.0414,0.01206,0.60912,0.12248,-0.00761,0.28363,0.90656
2190,2665.5,23575244,1582998,0.717,0.622,8032,10756,14397,0.01293065,0,0,0.0774,0.1712,0.3371,0.1313,0.01318,0.60768,0.12297,-0.00627,0.28164,0.89532
2191,2666.8,23585970,1583683,0.653,0.622,8411,10726,14374,0.01292743,0,0,0.0706,0.1528,0.3325,0.0971,0.012,0.60921,0.12581,-0.00684,0.28943,0.93292
2192,2668.1,23596694,1584369,0.658,0.619,8396,10724,14361,0.01292421,0,0,0.0717,0.155,0.3328,0.099,0.01254,0.60535,0.12587,-0.00698,0.28968,0.92796
2193,2669.2,23607445,1585046,0.567,0.62,9057,10751,14417,0.01292099,0,0,0.0734,0.1408,0.3148,0.0376,0.01149,0.6082,0.11446,-0.00861,0.27098,0.96129
2194,2670.5,23618200,1585720,0.638,0.621,8547,10755,14431,0.01291777,0,0,0.0738,0.1439,0.3416,0.0783,0.0111,0.60865,0.12506,-0.00574,0.28628,0.95494
2195,2671.7,23628980,1586402,0.569,0.621,9058,10780,14451,0.01291454,0,0,0.0712,0.1377,0.3213,0.0391,0.01191,0.60793,0.11192,-0.00892,0.26669,0.96863
2196,2673.0,23639780,1587085,0.671,0.627,8322,10800,14472,0.01291131,0,0,0.0741,0.164,0.3425,0.0901,0.01441,0.6117,0.11549,-0.00904,0.27352,0.94684
2197,2674.2,23650591,1587780,0.615,0.619,8759,10811,14477,0.01290807,0,0,0.0789,0.1565,0.3346,0.0453,0.01212,0.60573,0.12005,-0.01035,0.28491,0.9338
2198,2675.5,23661380,1588461,0.603,0.617,8837,10789,14432,0.01290482,0,0,0.0715,0.1342,0.3168,0.0809,0.01171,0.60485,0.11212,-0.00716,0.26241,0.92415
2199,2676.7,23672138,1589145,0.633,0.616,8620,10758,14403,0.01290159,0,0,0.0797,0.1711,0.343,0.0388,0.01138,0.60344,0.11292,-0.00635,0.26189,0.90543
2200,2677.9,23682906,1589831,0.623,0.616,8693,10768,14420,0.01289836,0,0,0.0739,0.1487,0.3177,0.0827,0.01189,0.60263,0.10091,-0.00943,0.24444,0.92095
2201,2679.8,23693673,1590537,0.788,0.61,7701,10767,14404,0.01289513,0,0,0.0829,0.2038,0.3942,0.1075,0.01157,0.5975,0.11698,-0.00738,0.27157,0.88584
2202,2681.1,23704479,1591221,0.594,0.607,8999,10806,14420,0.0128919,0,0,0.0731,0.1476,0.3196,0.0533,0.01126,0.595,0.11612,-0.00752,0.27045,0.89915
2203,2682.5,23715270,1591889,0.729,0.613,8041,10791,14415,0.01288866,0,0,0.0815,0.177,0.3612,0.1092,0.01278,0.59929,0.10761,-0.00756,0.2531,0.8828
2204,2683.7,23726085,1592573,0.584,0.613,9037,10815,14449,0.01288542,0,0,0.07,0.1394,0.3124,0.0623,0.01652,0.59523,0.10309,-0.00549,0.2397,0.87408
2205,2684.9,23736841,1593263,0.626,0.607,8724,10756,14395,0.01288217,0,0,0.0763,0.1489,0.3228,0.0779,0.01207,0.59429,0.1078,-0.00663,0.25082,0.85185
2206,2686.1,23747654,1593930,0.58,0.612,9069,10813,14438,0.01287895,0,0,0.0723,0.1406,0.3225,0.0449,0.01181,0.59942,0.12354,-0.00573,0.28062,0.85767
2207,2687.3,23758429,1594590,0.617,0.608,8795,10775,14401,0.0128757,0,0,0.0741,0.134,0.3339,0.0752,0.01204,0.59495,0.11554,-0.00701,0.26749,0.86893
2208,2688.7,23769253,1595284,0.715,0.661,7867,10824,14477,0.01287247,0,0,0.0868,0.1809,0.3502,0.097,0.01275,0.64722,0.12431,-0.00891,0.28924,0.88521
2209,2690.1,23780047,1595948,0.731,0.659,7768,10794,14427,0.01286922,0,0,0.0842,0.1796,0.3872,0.0799,0.012,0.64565,0.11702,-0.00898,0.2741,0.8585
2210,2691.4,23790840,1596614,0.628,0.642,8500,10793,14419,0.01286599,0,0,0.0737,0.1465,0.3408,0.0668,0.01223,0.6285,0.11143,-0.0057,0.25669,0.87192
2211,2692.6,23801636,1597271,0.611,0.642,8613,10796,14436,0.01286275,0,0,0.0725,0.1476,0.3198,0.0714,0.01287,0.62868,0.1074,-0.0065,0.24964,0.84894
2212,2693.9,23812411,1597946,0.635,0.638,8462,10775,14398,0.01285951,0,0,0.0749,0.1514,0.3393,0.0696,0.01326,0.62425,0.1193,-0.00657,0.27354,0.84796
2213,2695.1,23823161,1598612,0.557,0.624,9103,10750,14391,0.01285628,0,0,0.0704,0.1296,0.3163,0.0408,0.01201,0.61115,0.11584,-0.0072,0.268,0.85275
2214,2696.2,23833965,1599281,0.509,0.623,9543,10804,14415,0.01285305,0,0,0.0596,0.1041,0.2854,0.0601,0.01122,0.61054,0.10924,-0.00807,0.25652,0.85217
2215,2697.8,23844761,1599951,0.957,0.622,6833,10796,14453,0.01284981,0,0,0.1145,0.3017,0.4684,0.0729,0.01156,0.6102,0.10592,-0.00419,0.24233,0.85989
2216,2699.1,23855564,1600605,0.725,0.632,7959,10803,14434,0.01284657,0,0,0.0925,0.1807,0.3667,0.0853,0.01181,0.61919,0.10724,-0.00558,0.2483,0.88188
2217,2700.6,23866327,1601255,0.786,0.649,7499,10763,14398,0.01284333,0,0,0.0927,0.1983,0.3979,0.0971,0.01348,0.63344,0.1085,-0.00365,0.24683,0.87703
2218,2702.2,23877099,1601926,0.939,0.644,6804,10772,14390,0.0128401,0,0,0.0938,0.2891,0.425,0.1314,0.01247,0.6303,0.10319,-0.00776,0.2438,0.85308
2219,2703.5,23887856,1602587,0.724,0.63,7944,10757,14362,0.01283687,0,0,0.0772,0.1609,0.3514,0.1342,0.01282,0.61668,0.10579,-0.00912,0.25157,0.84679
2220,2704.8,23898660,1603255,0.62,0.626,8674,10804,14435,0.01283364,0,0,0.0716,0.1374,0.3378,0.073,0.01086,0.61429,0.11115,-0.00526,0.25464,0.85015
2221,2706.0,23909414,1603923,0.59,0.616,8917,10754,14371,0.0128304,0,0,0.0699,0.137,0.3328,0.05,0.01142,0.60417,0.12714,-0.00668,0.2901,0.8751
2222,2707.3,23920159,1604577,0.64,0.645,8361,10745,14343,0.01282718,0,0,0.0711,0.1526,0.3288,0.0874,0.01279,0.63145,0.10997,-0.0082,0.25848,0.86342
2223,2708.5,23930914,1605234,0.626,0.621,8628,10755,14377,0.01282395,0,0,0.0777,0.1578,0.3445,0.0456,0.01236,0.60767,0.12195,-0.00783,0.28175,0.86539
2224,2709.7,23941656,1605904,0.586,0.62,8904,10742,14355,0.01282073,0,0,0.0685,0.1328,0.3218,0.0633,0.01153,0.60787,0.11599,-0.01054,0.27547,0.87354
2225,2710.9,23952416,1606589,0.574,0.624,8978,10760,14399,0.0128175,0,0,0.0695,0.1363,0.3206,0.0476,0.01306,0.61023,0.1136,-0.00399,0.2578,0.8823
2226,2712.2,23963150,1607257,0.671,0.62,8316,10734,14371,0.01281428,0,0,0.076,0.1651,0.3407,0.0891,0.01283,0.60625,0.11535,-0.00653,0.2656,0.85191
2227,2713.4,23973908,1607947,0.621,0.619,8677,10758,14396,0.01281106,0,0,0.0803,0.1483,0.3335,0.0585,0.0124,0.60578,0.12189,-0.00651,0.27918,0.87365
2228,2714.8,23984695,1608643,0.701,0.619,8173,10787,14407,0.01280783,0,0,0.0827,0.1587,0.3349,0.125,0.01188,0.60564,0.12247,-0.00845,0.28397,0.86448
2229,2716.0,23995514,1609341,0.644,0.62,8554,10819,14460,0.01280459,0,0,0.0784,0.1524,0.329,0.0847,0.01197,0.60742,0.12754,-0.00692,0.29099,0.86207
2230,2717.3,24006300,1610024,0.666,0.626,8347,10786,14397,0.01280135,0,0,0.0777,0.159,0.3317,0.0975,0.01196,0.61337,0.12189,-0.00544,0.27663,0.85854
2231,2718.7,24017114,1610725,0.758,0.629,7798,10814,14448,0.01279811,0,0,0.0955,0.1824,0.3478,0.1323,0.01283,0.61441,0.12117,-0.00563,0.27521,0.84448
2232,2720.0,24027937,1611418,0.706,0.626,8127,10823,14452,0.01279487,0,0,0.0832,0.1683,0.3495,0.1046,0.01266,0.61241,0.12033,-0.00698,0.27656,0.85755
2233,2721.3,24038769,1612108,0.661,0.62,8451,10832,14438,0.01279162,0,0,0.0785,0.1591,0.3416,0.0822,0.01159,0.60796,0.12572,-0.00771,0.28855,0.84791
2234,2722.7,24049618,1612800,0.716,0.621,8113,10849,14498,0.01278837,0,0,0.0862,0.1626,0.3496,0.1175,0.01201,0.60842,0.12545,-0.00657,0.28602,0.85939
2235,2724.0,24060412,1613486,0.753,0.624,7841,10794,14417,0.01278511,0,0,0.0829,0.192,0.3518,0.1258,0.0123,0.61068,0.12355,-0.00718,0.28349,0.86085
2236,2725.5,24071190,1614168,0.791,0.623,7622,10778,14412,0.01278188,0,0,0.0928,0.2087,0.3852,0.1046,0.01231,0.60951,0.12324,-0.00288,0.27401,0.85196
2237,2726.9,24081982,1614835,0.828,0.63,7398,10792,14421,0.01277864,0,0,0.0861,0.1977,0.4069,0.1377,0.01336,0.61562,0.12993,-0.00596,0.29456,0.89179
2238,2728.4,24092778,1615532,0.823,0.627,7442,10796,14421,0.01277541,0,0,0.0895,0.2006,0.402,0.1311,0.01324,0.6129,0.12468,-0.00716,0.28634,0.88718
2239,2729.8,24103539,1616205,0.784,0.626,7634,10761,14372,0.01277217,0,0,0.0857,0.202,0.3824,0.1136,0.01167,0.61333,0.12495,-0.00517,0.28324,0.89977
2240,2731.2,24114321,1616887,0.822,0.621,7474,10782,14383,0.01276894,0,0,0.0847,0.2086,0.4096,0.1185,0.01225,0.60768,0.13532,-0.00639,0.307,0.9227
2241,2732.6,24125068,1617553,0.794,0.622,7591,10747,14360,0.0127657,0,0,0.0881,0.1821,0.4128,0.1107,0.01227,0.60808,0.12775,-0.00808,0.29481,0.90635
2242,2734.0,24135850,1618232,0.782,0.622,7684,10782,14380,0.01276248,0,0,0.0927,0.2085,0.3929,0.0874,0.01223,0.60847,0.12453,-0.0066,0.28463,0.87632
2243,2735.5,24146616,1618917,0.803,0.626,7534,10766,14398,0.01275925,0,0,0.0879,0.2017,0.3796,0.1339,0.01223,0.61267,0.12291,-0.00699,0.28269,0.89674
2244,2736.9,24157415,1619586,0.825,0.634,7403,10799,14411,0.01275602,0,0,0.0929,0.2062,0.4442,0.0817,0.0132,0.61936,0.11765,-0.00744,0.27248,0.87413
2245,2738.5,24168191,1620257,0.927,0.642,6869,10776,14416,0.01275278,0,0,0.0998,0.2238,0.46,0.1435,0.01182,0.62844,0.11506,-0.00508,0.26345,0.90848
2246,2740.1,24178990,1620924,1.0,0.624,6648,10799,14429,0.01274954,0,0,0.0961,0.2709,0.4775,0.1555,0.01457,0.60849,0.11333,-0.00715,0.26377,0.89397
2247,2741.6,24189764,1621594,0.812,0.622,7517,10774,14415,0.0127463,0,0,0.0891,0.1955,0.4192,0.1079,0.01222,0.60844,0.1229,-0.00993,0.28814,0.88159
2248,2743.0,24200587,1622285,0.835,0.623,7423,10823,14440,0.01274307,0,0,0.0895,0.217,0.4061,0.1229,0.01203,0.60953,0.10396,-0.0058,0.2419,0.87869
2249,2744.5,24211370,1622962,0.799,0.643,7479,10783,14419,0.01273982,0,0,0.0909,0.2128,0.3988,0.0961,0.01216,0.62917,0.11272,-0.00372,0.25563,0.89296
2250,2746.0,24222188,1623639,0.919,0.644,6922,10818,14458,0.01273659,0,0,0.1075,0.2353,0.4378,0.138,0.01303,0.62991,0.10194,-0.00555,0.23745,0.88167
2251,2747.4,24232990,1624308,0.773,0.635,7668,10802,14419,0.01273334,0,0,0.085,0.2026,0.3833,0.1024,0.0124,0.62087,0.10486,-0.00522,0.24236,0.87154
2252,2748.9,24243776,1624979,0.741,0.623,7904,10786,14405,0.0127301,0,0,0.0962,0.1899,0.3722,0.0831,0.01215,0.60951,0.10631,-0.00945,0.2537,0.87122
2253,2750.3,24254592,1625687,0.733,0.625,7963,10816,14448,0.01272687,0,0,0.0804,0.1712,0.3362,0.145,0.01278,0.61045,0.11005,-0.00649,0.25525,0.87108
2254,2751.6,24265397,1626358,0.7,0.626,8151,10805,14443,0.01272362,0,0,0.078,0.1832,0.3367,0.1017,0.0125,0.6116,0.11402,-0.00587,0.26185,0.86716
2255,2753.1,24276191,1627047,0.827,0.626,7430,10794,14402,0.01272038,0,0,0.0891,0.2199,0.3867,0.1314,0.01318,0.61074,0.10385,-0.00929,0.249,0.89343
2256,2754.4,24286993,1627745,0.739,0.632,7878,10802,14437,0.01271714,0,0,0.0857,0.1954,0.3798,0.0779,0.017,0.61431,0.10189,-0.0058,0.23781,0.88193
2257,2755.8,24297815,1628437,0.707,0.624,8126,10822,14428,0.0127139,0,0,0.0839,0.1869,0.3607,0.076,0.01203,0.61158,0.09893,-0.00432,0.22867,0.87163
2258,2757.0,24308598,1629122,0.626,0.627,8608,10783,14390,0.01271066,0,0,0.0815,0.1628,0.3245,0.0568,0.01184,0.61405,0.12196,-0.00786,0.28121,0.84844
2259,2758.3,24319399,1629832,0.662,0.622,8411,10801,14414,0.01270742,0,0,0.0741,0.1542,0.3389,0.0945,0.01241,0.60868,0.12921,-0.00646,0.29248,0.83187
2260,2759.6,24330243,1630526,0.621,0.618,8754,10844,14460,0.01270418,0,0,0.0726,0.1535,0.3274,0.0672,0.01122,0.60545,0.12669,-0.00936,0.2932,0.83044
2261,2761.0,24341048,1631211,0.826,0.626,7441,10805,14421,0.01270093,0,0,0.083,0.1786,0.3631,0.2015,0.01358,0.61068,0.12057,-0.00576,0.27371,0.82849
2262,2762.4,24351865,1631901,0.778,0.623,7718,10817,14448,0.01269769,0,0,0.0902,0.2065,0.3975,0.0839,0.01319,0.60888,0.10823,-0.00581,0.24975,0.85323
2263,2763.8,24362682,1632593,0.783,0.609,7772,10817,14410,0.01269444,0,0,0.0864,0.1995,0.3935,0.1031,0.01206,0.59548,0.12928,-0.0072,0.29442,0.84484
2264,2765.0,24373473,1633290,0.642,0.607,8638,10791,14418,0.0126912,0,0,0.0792,0.1715,0.3314,0.0603,0.01278,0.59319,0.11194,-0.00674,0.25877,0.84364
2265,2766.4,24384269,1633969,0.727,0.629,7962,10796,14389,0.01268796,0,0,0.0772,0.1572,0.3546,0.1381,0.01209,0.61594,0.12366,-0.00592,0.28035,0.83447
2266,2767.7,24395009,1634648,0.719,0.605,8114,10740,14357,0.01268472,0,0,0.0832,0.1876,0.3733,0.0749,0.01185,0.59159,0.10871,-0.00898,0.2571,0.85591
2267,2769.1,24405764,1635346,0.772,0.627,7691,10755,14366,0.0126815,0,0,0.0829,0.1903,0.3765,0.1222,0.01238,0.61332,0.10905,-0.00919,0.25784,0.84206
2268,2770.3,24416518,1636027,0.575,0.62,8997,10754,14375,0.01267827,0,0,0.0721,0.1361,0.3087,0.0585,0.01217,0.60669,0.09885,-0.0073,0.23371,0.84467
2269,2771.6,24427260,1636708,0.616,0.619,8699,10742,14351,0.01267504,0,0,0.0738,0.1409,0.3232,0.0785,0.01151,0.6055,0.12003,-0.00359,0.26883,0.85176
2270,2772.8,24437988,1637384,0.635,0.625,8510,10728,14333,0.01267182,0,0,0.0753,0.1642,0.3357,0.06,0.01138,0.61278,0.12697,-0.00766,0.29053,0.83953
2271,2774.1,24448710,1638066,0.679,0.624,8224,10722,14318,0.0126686,0,0,0.079,0.179,0.3362,0.0853,0.0129,0.61029,0.12642,-0.00478,0.28392,0.84924
2272,2775.4,24459428,1638741,0.644,0.623,8460,10718,14324,0.01266539,0,0,0.0711,0.1475,0.316,0.1091,0.01188,0.6104,0.11475,-0.00901,0.26879,0.83928
2273,2776.7,24470161,1639444,0.652,0.623,8421,10733,14327,0.01266217,0,0,0.0731,0.145,0.3321,0.1017,0.01143,0.60975,0.11313,-0.00635,0.26055,0.85256
2274,2777.9,24480889,1640129,0.629,0.619,8598,10728,14352,0.01265895,0,0,0.075,0.1624,0.33,0.0614,0.0123,0.60558,0.09969,-0.00654,0.23409,0.85431
2275,2779.1,24491610,1640808,0.577,0.617,8982,10721,14329,0.01265573,0,0,0.0638,0.1323,0.3091,0.0719,0.01189,0.60396,0.09678,-0.00607,0.22694,0.83928
2276,2780.3,24502367,1641492,0.55,0.616,9223,10757,14358,0.01265252,0,0,0.0645,0.1248,0.3134,0.0478,0.01166,0.60345,0.10842,-0.00535,0.2493,0.85994
2277,2781.5,24513111,1642185,0.613,0.617,8732,10744,14386,0.01264929,0,0,0.0724,0.138,0.313,0.0898,0.01334,0.60279,0.10467,-0.006,0.2436,0.87974
2278,2782.7,24523831,1642870,0.631,0.606,8669,10720,14336,0.01264607,0,0,0.074,0.1538,0.3282,0.0746,0.01202,0.59282,0.12223,-0.00496,0.27613,0.85925
2279,2784.0,24534630,1643561,0.676,0.622,8315,10799,14404,0.01264285,0,0,0.0817,0.1613,0.3327,0.1008,0.01243,0.60876,0.1197,-0.00374,0.26869,0.8632
2280,2785.3,24545399,1644242,0.627,0.605,8743,10769,14372,0.01263961,0,0,0.0791,0.1615,0.327,0.059,0.01178,0.59238,0.10445,-0.00766,0.24647,0.8801
2281,2786.5,24556128,1644918,0.667,0.604,8445,10729,14346,0.01263638,0,0,0.081,0.1583,0.3338,0.0937,0.01102,0.59119,0.11784,-0.00892,0.27583,0.88278
2282,2787.9,24566817,1645605,0.727,0.603,8038,10689,14300,0.01263316,0,0,0.088,0.2106,0.3545,0.0736,0.01138,0.5907,0.11292,-0.00651,0.26085,0.87042
2283,2789.2,24577496,1646275,0.707,0.623,8031,10679,14293,0.01262995,0,0,0.0832,0.1831,0.3484,0.0923,0.01394,0.6077,0.1107,-0.00613,0.25589,0.88004
2284,2790.6,24588200,1646964,0.801,0.608,7599,10704,14348,0.01262675,0,0,0.0866,0.2205,0.3935,0.1004,0.0119,0.59384,0.11715,-0.00988,0.27642,0.88532
2285,2792.1,24598890,1647644,0.867,0.609,7240,10690,14318,0.01262354,0,0,0.0922,0.201,0.4363,0.138,0.01304,0.59483,0.11775,-0.00789,0.27356,0.88262
2286,2793.5,24609600,1648341,0.757,0.625,7752,10710,14328,0.01262033,0,0,0.0937,0.1794,0.3718,0.1116,0.01245,0.61086,0.11592,-0.00635,0.26661,0.87427
2287,2794.8,24620318,1649019,0.755,0.612,7840,10718,14343,0.01261712,0,0,0.0839,0.2119,0.3833,0.0761,0.01187,0.59894,0.11822,-0.00913,0.27666,0.87087
2288,2796.2,24631021,1649694,0.702,0.604,8195,10703,14311,0.0126139,0,0,0.0806,0.1795,0.3399,0.1018,0.01171,0.59151,0.12208,-0.00736,0.28096,0.87539
2289,2797.5,24641766,1650378,0.719,0.605,8113,10745,14382,0.01261069,0,0,0.0802,0.1822,0.349,0.1076,0.01194,0.59272,0.12543,-0.00775,0.28812,0.86306
2290,2798.7,24652480,1651062,0.615,0.603,8797,10714,14332,0.01260747,0,0,0.0768,0.1547,0.3209,0.0622,0.01207,0.59007,0.12335,-0.00905,0.28698,0.8793
2291,2800.0,24663218,1651755,0.74,0.61,7954,10738,14370,0.01260426,0,0,0.0836,0.1814,0.3649,0.1098,0.01262,0.59649,0.11582,-0.0088,0.2712,0.87072
2292,2801.3,24673947,1652453,0.691,0.61,8246,10729,14361,0.01260103,0,0,0.0823,0.1748,0.371,0.063,0.0126,0.59637,0.11152,-0.01002,0.26523,0.8793
2293,2802.7,24684691,1653147,0.697,0.615,8185,10744,14370,0.01259782,0,0,0.0877,0.1734,0.3363,0.0999,0.01237,0.60173,0.10618,-0.00638,0.24704,0.86955
2294,2804.0,24695407,1653824,0.686,0.609,8278,10716,14333,0.01259459,0,0,0.0841,0.1807,0.328,0.093,0.01237,0.59498,0.12194,-0.00736,0.28057,0.8719
2295,2805.3,24706184,1654530,0.747,0.61,7946,10777,14368,0.01259138,0,0,0.0843,0.1808,0.3577,0.1239,0.01246,0.59609,0.11583,-0.00924,0.27276,0.89845
2296,2806.7,24716990,1655207,0.819,0.617,7526,10806,14427,0.01258814,0,0,0.0907,0.2215,0.3922,0.1147,0.01862,0.59667,0.11672,-0.00707,0.27057,0.91319
2297,2808.1,24727768,1655893,0.777,0.606,7795,10778,14409,0.0125849,0,0,0.0863,0.1925,0.3786,0.1192,0.01229,0.59295,0.10777,-0.00311,0.24472,0.91218
2298,2809.3,24738550,1656574,0.541,0.605,9408,10782,14420,0.01258167,0,0,0.067,0.1296,0.2984,0.0464,0.01195,0.59197,0.11139,-0.00839,0.26315,0.93742
2299,2810.5,24749332,1657251,0.597,0.603,8981,10782,14391,0.01257844,0,0,0.0725,0.134,0.3135,0.077,0.01275,0.59005,0.11502,-0.00792,0.26955,0.94037
2300,2811.7,24760146,1657934,0.596,0.609,8969,10814,14448,0.0125752,0,0,0.0727,0.1516,0.3188,0.0533,0.01315,0.5953,0.10987,-0.0066,0.2563,0.92941
2301,2812.9,24770932,1658606,0.642,0.609,8626,10786,14401,0.01257196,0,0,0.0756,0.1518,0.325,0.089,0.0116,0.59633,0.09981,-0.0084,0.24019,0.9455
2302,2814.4,24781698,1659291,0.683,0.602,8376,10766,14411,0.01256872,0,0,0.0793,0.1757,0.349,0.0791,0.01216,0.58942,0.10834,-0.00887,0.25813,0.94348
2303,2815.8,24792500,1659976,0.781,0.608,7776,10802,14426,0.01256549,0,0,0.0964,0.2062,0.371,0.1077,0.01215,0.59463,0.12498,-0.00921,0.29264,0.96529
2304,2817.1,24803255,1660636,0.706,0.604,8208,10755,14387,0.01256225,0,0,0.0799,0.1844,0.3525,0.0895,0.01214,0.59066,0.11532,-0.01,0.27471,0.95771
2305,2818.4,24814078,1661316,0.704,0.605,8266,10823,14475,0.01255902,0,0,0.0882,0.1719,0.3663,0.0776,0.01117,0.59143,0.11055,-0.00857,0.26315,0.99164
2306,2819.7,24824860,1661983,0.747,0.603,7982,10782,14396,0.01255578,0,0,0.0852,0.1979,0.3343,0.13,0.01212,0.59033,0.10565,-0.00775,0.25124,0.97355
2307,2821.0,24835667,1662661,0.716,0.603,8192,10807,14428,0.01255254,0,0,0.0804,0.1833,0.3789,0.0736,0.01112,0.59087,0.10609,-0.00881,0.25363,0.94955
2308,2822.4,24846396,1663336,0.711,0.606,8146,10729,14355,0.0125493,0,0,0.0905,0.1803,0.3405,0.1002,0.01349,0.59137,0.11615,-0.00658,0.26916,0.94474
2309,2823.7,24857138,1664000,0.694,0.605,8272,10742,14360,0.01254608,0,0,0.0932,0.1745,0.3491,0.0767,0.01367,0.58983,0.12623,-0.00537,0.28767,0.97497
2310,2825.1,24867879,1664683,0.78,0.605,7758,10741,14383,0.01254286,0,0,0.0929,0.2021,0.3822,0.1024,0.01217,0.59177,0.10015,-0.00901,0.24331,0.99636
2311,2826.5,24878585,1665381,0.811,0.606,7558,10706,14328,0.01253964,0,0,0.0936,0.2213,0.4057,0.0902,0.01247,0.59184,0.11475,-0.00675,0.26733,0.97021
2312,2827.9,24889307,1666046,0.836,0.604,7446,10722,14346,0.01253642,0,0,0.0893,0.2157,0.3996,0.1315,0.01219,0.59067,0.11329,-0.01052,0.27149,0.95172
2313,2829.2,24900097,1666721,0.644,0.604,8644,10790,14376,0.01253321,0,0,0.0789,0.1667,0.342,0.0563,0.01205,0.59121,0.12398,-0.01008,0.29236,0.96699
2314,2830.5,24910849,1667390,0.71,0.605,8171,10752,14360,0.01252997,0,0,0.0814,0.183,0.3431,0.1029,0.01264,0.5915,0.10727,-0.00874,0.25711,1.00111
2315,2831.8,24921591,1668060,0.716,0.606,8129,10742,14352,0.01252675,0,0,0.0846,0.1842,0.3549,0.0918,0.01227,0.5927,0.11479,-0.00948,0.27275,0.96683
2316,2833.1,24932307,1668741,0.704,0.606,8183,10716,14342,0.01252352,0,0,0.0765,0.1632,0.3507,0.1137,0.01238,0.59191,0.11016,-0.01157,0.26836,0.99382
2317,2834.4,24943056,1669401,0.737,0.603,8022,10749,14361,0.01252031,0,0,0.082,0.189,0.3708,0.0948,0.01231,0.58991,0.09673,-0.01051,0.24052,1.03962
2318,2835.7,24953749,1670090,0.698,0.602,8225,10693,14334,0.01251708,0,0,0.0772,0.1559,0.3491,0.1155,0.01185,0.58908,0.10023,-0.00792,0.24203,1.02765
2319,2837.0,24964477,1670764,0.651,0.604,8552,10728,14347,0.01251388,0,0,0.0791,0.1647,0.3379,0.0692,0.01277,0.58989,0.08765,-0.00691,0.21559,1.05759
2320,2838.3,24975193,1671466,0.726,0.594,8117,10716,14329,0.01251066,0,0,0.0778,0.1662,0.335,0.147,0.0117,0.58136,0.09363,-0.01029,0.23382,1.03893
2321,2839.6,24985915,1672136,0.68,0.59,8440,10722,14348,0.01250744,0,0,0.0811,0.1784,0.3365,0.0845,0.01216,0.57698,0.10258,-0.00899,0.24948,1.05358
2322,2841.0,24996653,1672809,0.805,0.604,7621,10738,14358,0.01250423,0,0,0.094,0.1963,0.4001,0.1145,0.01241,0.59049,0.09476,-0.00945,0.23489,1.05852
2323,2842.4,25007401,1673495,0.781,0.615,7696,10748,14353,0.012501,0,0,0.0884,0.1952,0.3973,0.1003,0.01254,0.60159,0.09097,-0.01083,0.22982,1.04931
2324,2843.8,25018135,1674159,0.809,0.625,7484,10734,14349,0.01249778,0,0,0.085,0.2025,0.3911,0.1307,0.01356,0.61014,0.10171,-0.01017,0.24942,1.02676
2325,2845.2,25028848,1674838,0.723,0.62,7977,10713,14338,0.01249456,0,0,0.085,0.1817,0.3639,0.0925,0.01255,0.6061,0.11586,-0.00788,0.27298,1.0204
2326,2846.6,25039615,1675510,0.758,0.636,7723,10767,14398,0.01249135,0,0,0.0875,0.195,0.3727,0.1033,0.01259,0.62134,0.10763,-0.00717,0.2558,1.04878
2327,2848.0,25050359,1676178,0.767,0.626,7713,10744,14356,0.01248812,0,0,0.0849,0.1944,0.393,0.0947,0.01205,0.61282,0.10143,-0.00658,0.24252,1.06128
2328,2849.4,25061123,1676837,0.795,0.623,7592,10764,14395,0.01248489,0,0,0.0927,0.2011,0.3862,0.1153,0.0136,0.60799,0.1214,-0.00971,0.28886,1.06732
2329,2850.7,25071876,1677486,0.739,0.621,7905,10753,14370,0.01248166,0,0,0.0937,0.1888,0.3749,0.0817,0.01314,0.60695,0.11344,-0.01012,0.27342,1.05375
2330,2852.2,25082599,1678136,0.783,0.621,7635,10723,14351,0.01247844,0,0,0.0871,0.1996,0.3797,0.1166,0.01207,0.60829,0.12272,-0.0094,0.28947,1.01043
2331,2853.5,25093330,1678789,0.714,0.624,8020,10731,14341,0.01247522,0,0,0.0835,0.1905,0.3631,0.0766,0.01227,0.60948,0.10635,-0.0109,0.25952,1.00317
2332,2855.0,25104094,1679441,0.876,0.62,7192,10764,14367,0.012472,0,0,0.0957,0.2375,0.4147,0.1286,0.01222,0.60692,0.10327,-0.00951,0.2507,1.0073
2333,2856.5,25114819,1680116,0.891,0.628,7059,10725,14330,0.01246877,0,0,0.0985,0.2501,0.4517,0.0908,0.0124,0.61453,0.10475,-0.00485,0.24422,1.00364
2334,2858.1,25125479,1680779,0.917,0.628,6899,10660,14258,0.01246555,0,0,0.1042,0.2499,0.4406,0.1221,0.01353,0.61354,0.10994,-0.00888,0.26151,0.95668
2335,2859.6,25136178,1681450,0.898,0.626,7023,10699,14305,0.01246236,0,0,0.0963,0.2365,0.4501,0.1147,0.0135,0.6114,0.11509,-0.00781,0.26976,0.9613
2336,2861.0,25146904,1682118,0.846,0.623,7301,10726,14316,0.01245915,0,0,0.0895,0.2222,0.4332,0.1009,0.01327,0.60882,0.10493,-0.00889,0.25247,0.99651
2337,2862.5,25157589,1682785,0.789,0.62,7583,10685,14299,0.01245593,0,0,0.092,0.2002,0.3964,0.1001,0.0123,0.60705,0.12139,-0.00696,0.28217,1.0231
2338,2863.8,25168320,1683441,0.735,0.622,7909,10731,14335,0.01245272,0,0,0.0833,0.1903,0.3664,0.0947,0.01242,0.60834,0.10816,-0.00944,0.26075,1.02607
2339,2865.1,25179119,1684136,0.709,0.621,8118,10799,14396,0.0124495,0,0,0.0795,0.183,0.3581,0.0882,0.01312,0.60701,0.11374,-0.00813,0.26932,1.02688
2340,2866.5,25189889,1684798,0.729,0.628,7936,10770,14393,0.01244626,0,0,0.0868,0.1864,0.3649,0.0906,0.01224,0.61465,0.11577,-0.00705,0.27098,1.01777
2341,2867.8,25200680,1685474,0.655,0.627,8416,10791,14386,0.01244303,0,0,0.0749,0.1579,0.3443,0.0776,0.01231,0.61403,0.12963,-0.00794,0.30054,1.02066
2342,2869.1,25211387,1686143,0.674,0.638,8160,10707,14316,0.0124398,0,0,0.0742,0.1525,0.3339,0.1135,0.01207,0.61961,0.11787,-0.00798,0.27648,0.99635
2343,2870.5,25222142,1686832,0.735,0.623,7923,10755,14359,0.01243658,0,0,0.0851,0.1985,0.3532,0.0979,0.01184,0.60947,0.105,-0.00948,0.25433,1.01987
2344,2871.8,25232894,1687507,0.699,0.611,8209,10752,14389,0.01243336,0,0,0.0795,0.1785,0.349,0.0916,0.01246,0.59706,0.1061,-0.01044,0.25827,1.01286
2345,2873.1,25243652,1688180,0.696,0.609,8242,10758,14367,0.01243013,0,0,0.076,0.1635,0.3379,0.119,0.01212,0.59548,0.10619,-0.01083,0.25977,1.0345
2346,2874.3,25254390,1688843,0.588,0.611,8957,10738,14341,0.0124269,0,0,0.0675,0.139,0.3143,0.0675,0.01176,0.59785,0.11623,-0.0113,0.27966,0.9901
2347,2875.5,25265183,1689517,0.595,0.606,8987,10793,14404,0.01242368,0,0,0.0701,0.1387,0.3155,0.0704,0.01158,0.59382,0.12575,-0.00963,0.29531,0.98775
2348,2876.6,25275919,1690201,0.531,0.605,9450,10736,14366,0.01242045,0,0,0.06,0.1138,0.2863,0.0705,0.01157,0.59318,0.11598,-0.00773,0.27258,1.0132
2349,2877.8,25286637,1690868,0.547,0.605,9303,10718,14325,0.01241722,0,0,0.0625,0.116,0.3005,0.068,0.01151,0.593,0.11403,-0.01109,0.27456,0.97972
2350,2878.9,25297435,1691535,0.521,0.605,9597,10798,14413,0.01241401,0,0,0.0585,0.1176,0.2882,0.0562,0.01121,0.5925,0.12357,-0.00831,0.2882,0.9848
2351,2880.0,25308234,1692190,0.505,0.603,9748,10799,14422,0.01241077,0,0,0.0549,0.1066,0.27,0.0731,0.01095,0.59122,0.11362,-0.00728,0.26648,0.99428
2352,2881.2,25318986,1692830,0.491,0.609,9776,10752,14360,0.01240753,0,0,0.0536,0.1039,0.2662,0.0674,0.01087,0.59657,0.11423,-0.0083,0.26936,0.97944
2353,2882.4,25329730,1693509,0.564,0.614,9122,10744,14379,0.0124043,0,0,0.0638,0.1179,0.3019,0.0804,0.01043,0.60221,0.11489,-0.01003,0.27441,0.99012
2354,2883.5,25340514,1694193,0.517,0.613,9541,10784,14368,0.01240108,0,0,0.0596,0.1187,0.2864,0.0527,0.01117,0.6003,0.11353,-0.00792,0.2679,1.00778
2355,2884.6,25351316,1694857,0.499,0.587,9946,10802,14417,0.01239785,0,0,0.0567,0.1049,0.2855,0.0516,0.01121,0.57514,0.12883,-0.00718,0.29626,0.9776
2356,2885.6,25362086,1695520,0.442,0.594,10398,10770,14376,0.01239461,0,0,0.0485,0.0941,0.255,0.044,0.01085,0.5828,0.1018,-0.00918,0.24696,1.00822
2357,2886.7,25372801,1696190,0.453,0.595,10223,10715,14325,0.01239137,0,0,0.0482,0.088,0.2468,0.0701,0.01097,0.58337,0.11761,-0.01136,0.28186,0.96505
2358,2887.8,25383600,1696862,0.492,0.607,9826,10799,14424,0.01238816,0,0,0.0601,0.1085,0.2896,0.0334,0.01139,0.59531,0.11355,-0.0113,0.27317,0.9475
2359,2888.9,25394379,1697525,0.485,0.6,9927,10779,14431,0.01238492,0,0,0.0544,0.0953,0.2681,0.0676,0.01073,0.5889,0.10631,-0.00332,0.24302,0.95919
2360,2890.0,25405183,1698194,0.507,0.599,9774,10804,14432,0.01238169,0,0,0.058,0.1122,0.287,0.0492,0.0113,0.58683,0.10775,-0.01115,0.26102,0.93759
2361,2891.1,25415994,1698857,0.507,0.601,9757,10811,14439,0.01237845,0,0,0.0576,0.1006,0.2781,0.0711,0.01162,0.58805,0.10453,-0.00687,0.24627,0.94792
2362,2892.2,25426777,1699520,0.51,0.593,9783,10783,14422,0.0123752,0,0,0.0566,0.1088,0.2843,0.0598,0.01153,0.58022,0.11274,-0.00828,0.26577,0.95811
2363,2893.3,25437548,1700182,0.498,0.589,9909,10771,14376,0.01237197,0,0,0.0542,0.1009,0.2586,0.084,0.01148,0.57671,0.11311,-0.00898,0.2678,0.95499
2364,2894.4,25448376,1700852,0.536,0.603,9511,10828,14479,0.01236874,0,0,0.0607,0.1187,0.2904,0.066,0.01093,0.59062,0.09581,-0.00958,0.23401,0.93907
2365,2895.5,25459144,1701524,0.537,0.602,9449,10768,14389,0.01236549,0,0,0.0598,0.1153,0.293,0.0692,0.01102,0.59056,0.1008,-0.0039,0.23313,0.95909
2366,2896.7,25469916,1702190,0.519,0.598,9643,10772,14374,0.01236226,0,0,0.0594,0.1082,0.2769,0.0749,0.0113,0.5856,0.11368,-0.01083,0.27268,0.95675
2367,2897.7,25480723,1702859,0.49,0.583,10067,10807,14453,0.01235903,0,0,0.0553,0.1015,0.2714,0.062,0.01073,0.57175,0.10112,-0.00772,0.24091,0.93977
2368,2898.8,25491511,1703531,0.477,0.585,10159,10788,14379,0.01235578,0,0,0.056,0.1055,0.2671,0.0486,0.01155,0.572,0.10477,-0.00732,0.24661,0.90804
2369,2899.9,25502320,1704197,0.555,0.584,9491,10809,14419,0.01235255,0,0,0.0621,0.1229,0.2859,0.084,0.01118,0.57178,0.1024,-0.01176,0.25106,0.92025
2370,2901.1,25513171,1704843,0.559,0.585,9490,10851,14474,0.0123493,0,0,0.0648,0.127,0.294,0.0729,0.01081,0.57308,0.10044,-0.00747,0.23881,0.93141
2371,2902.3,25524003,1705494,0.652,0.589,8727,10832,14456,0.01234605,0,0,0.0733,0.1459,0.3208,0.1117,0.01262,0.57537,0.10813,-0.00835,0.25562,0.91742
2372,2903.5,25534802,1706182,0.622,0.585,8946,10799,14411,0.0123428,0,0,0.0746,0.1563,0.317,0.0743,0.01139,0.57233,0.09999,-0.00796,0.2388,0.9278
2373,2904.8,25545589,1706858,0.659,0.587,8660,10787,14408,0.01233956,0,0,0.0734,0.162,0.323,0.1004,0.01162,0.57441,0.10299,-0.00738,0.24411,0.94684
2374,2906.0,25556381,1707534,0.623,0.586,8924,10792,14436,0.01233632,0,0,0.0791,0.1512,0.3205,0.0723,0.01169,0.5733,0.10617,-0.0099,0.25532,0.9399
2375,2907.3,25567179,1708199,0.688,0.587,8468,10798,14417,0.01233309,0,0,0.0752,0.1659,0.3235,0.1231,0.01212,0.57449,0.10062,-0.00681,0.23806,0.93992
2376,2908.5,25577949,1708886,0.609,0.594,8952,10770,14398,0.01232985,0,0,0.0718,0.1488,0.3279,0.0607,0.01155,0.58111,0.10261,-0.00702,0.24267,0.94951
2377,2909.7,25588707,1709556,0.69,0.594,8374,10758,14392,0.01232662,0,0,0.0805,0.1812,0.3407,0.088,0.013,0.58017,0.1105,-0.0079,0.26012,0.94587
2378,2911.0,25599486,1710245,0.66,0.592,8609,10779,14426,0.01232339,0,0,0.08,0.1731,0.3314,0.0759,0.01272,0.5779,0.10963,-0.00938,0.26124,0.94256
2379,2912.2,25610289,1710909,0.658,0.587,8673,10803,14428,0.01232015,0,0,0.0817,0.1718,0.3239,0.0808,0.01134,0.57482,0.11378,-0.00962,0.26973,0.93023
2380,2913.4,25621075,1711584,0.575,0.589,9268,10786,14402,0.01231691,0,0,0.0666,0.1318,0.3013,0.0753,0.01159,0.57576,0.11337,-0.00799,0.2652,0.91335
2381,2914.6,25631867,1712266,0.611,0.605,8876,10792,14405,0.01231368,0,0,0.0688,0.1353,0.2952,0.1119,0.01238,0.59104,0.10817,-0.00926,0.25771,0.92757
2382,2915.8,25642618,1712953,0.549,0.588,9460,10751,14387,0.01231044,0,0,0.065,0.1276,0.2881,0.0679,0.01096,0.5759,0.11322,-0.00835,0.2659,0.92495
2383,2916.9,25653422,1713644,0.568,0.59,9328,10804,14417,0.01230721,0,0,0.0677,0.1326,0.2958,0.0717,0.01144,0.57838,0.1232,-0.01155,0.29198,0.91292
2384,2918.0,25664217,1714329,0.524,0.584,9749,10795,14402,0.01230397,0,0,0.062,0.1226,0.2955,0.0436,0.01124,0.57168,0.11789,-0.00911,0.27604,0.89605
2385,2919.2,25675027,1715025,0.567,0.584,9387,10810,14453,0.01230073,0,0,0.0669,0.1241,0.3,0.0764,0.01172,0.57167,0.10675,-0.0085,0.25292,0.91117
2386,2920.3,25685882,1715729,0.542,0.585,9636,10855,14507,0.01229749,0,0,0.07,0.1331,0.2792,0.0592,0.01124,0.57284,0.11459,-0.0034,0.25843,0.91317
2387,2921.5,25696646,1716419,0.613,0.592,8939,10764,14394,0.01229424,0,0,0.0727,0.1454,0.2994,0.0951,0.0122,0.57866,0.10426,-0.00803,0.24674,0.90093
2388,2922.7,25707436,1717111,0.627,0.604,8765,10790,14411,0.01229101,0,0,0.0749,0.1732,0.3225,0.0561,0.01144,0.59192,0.11545,-0.0042,0.26151,0.903
2389,2924.0,25718194,1717827,0.644,0.594,8693,10758,14397,0.01228777,0,0,0.0788,0.1523,0.325,0.0875,0.01244,0.58068,0.11614,-0.00961,0.27381,0.90764
2390,2925.2,25728983,1718514,0.59,0.594,9111,10789,14424,0.01228454,0,0,0.0713,0.1481,0.3015,0.0696,0.01162,0.58093,0.11361,-0.00747,0.26422,0.89774
2391,2926.4,25739799,1719209,0.693,0.593,8412,10816,14438,0.01228131,0,0,0.077,0.168,0.3474,0.1007,0.0121,0.57954,0.11613,-0.00982,0.27375,0.89004
2392,2927.7,25750593,1719895,0.654,0.59,8677,10794,14428,0.01227806,0,0,0.0766,0.1609,0.3293,0.0872,0.01197,0.57699,0.11857,-0.0043,0.26803,0.90754
2393,2928.9,25761394,1720581,0.648,0.589,8735,10801,14412,0.01227482,0,0,0.0724,0.1531,0.3016,0.1208,0.0118,0.57605,0.12124,-0.00877,0.28111,0.8591
2394,2930.2,25772192,1721284,0.649,0.59,8709,10798,14418,0.01227158,0,0,0.0785,0.1627,0.3168,0.0916,0.01175,0.57778,0.10683,-0.00787,0.25136,0.89445
2395,2931.3,25783013,1721977,0.565,0.608,9223,10821,14444,0.01226834,0,0,0.0664,0.1298,0.2876,0.0815,0.01188,0.59521,0.11794,-0.00392,0.26544,0.88444
2396,2932.6,25793777,1722691,0.63,0.608,8694,10764,14394,0.0122651,0,0,0.0686,0.1485,0.32,0.0934,0.01209,0.59455,0.12036,-0.00807,0.2788,0.89389
2397,2933.8,25804606,1723372,0.598,0.61,8962,10829,14447,0.01226187,0,0,0.069,0.1375,0.3114,0.0804,0.01143,0.59735,0.12794,-0.00823,0.29467,0.91011
2398,2935.0,25815403,1724059,0.575,0.61,9108,10797,14431,0.01225862,0,0,0.067,0.1413,0.305,0.062,0.01148,0.59744,0.13257,-0.00904,0.30507,0.89148
2399,2936.2,25826207,1724753,0.616,0.606,8847,10804,14429,0.01225538,0,0,0.0662,0.1352,0.3146,0.0996,0.01169,0.59298,0.11277,-0.00829,0.26386,0.88713
2400,2937.4,25837042,1725424,0.617,0.616,8789,10835,14475,0.01225214,0,0,0.0674,0.1391,0.3271,0.0831,0.01093,0.60452,0.13533,-0.00776,0.30778,0.88112
2401,2939.1,25847864,1726108,0.623,0.621,8703,10822,14449,0.01224889,0,0,0.0718,0.142,0.3338,0.0753,0.01189,0.6081,0.13055,-0.0088,0.30108,0.91315
2402,2940.4,25858675,1726806,0.559,0.62,9167,10811,14450,0.01224564,0,0,0.0688,0.1399,0.2911,0.0593,0.01132,0.60812,0.12475,-0.01062,0.2932,0.91714
2403,2941.7,25869471,1727477,0.597,0.628,8816,10796,14434,0.0122424,0,0,0.0722,0.1337,0.3011,0.0896,0.01133,0.61547,0.11285,-0.01134,0.27114,0.92935
2404,2942.9,25880266,1728160,0.635,0.615,8639,10795,14424,0.01223916,0,0,0.0726,0.1569,0.3312,0.0741,0.01181,0.60181,0.11736,-0.00906,0.27526,0.91523
2405,2944.2,25891059,1728828,0.714,0.608,8161,10793,14418,0.01223592,0,0,0.0808,0.1806,0.34,0.1127,0.01188,0.59529,0.12341,-0.00965,0.28831,0.90714
2406,2945.4,25901831,1729510,0.588,0.603,9046,10772,14445,0.01223268,0,0,0.0677,0.1406,0.3096,0.0702,0.01113,0.58996,0.12989,-0.0069,0.29534,0.88985
2407,2946.6,25912601,1730177,0.612,0.606,8845,10770,14420,0.01222945,0,0,0.0722,0.1433,0.3134,0.0829,0.01229,0.59113,0.12405,-0.0077,0.2857,0.90808
2408,2947.8,25923353,1730836,0.575,0.605,9106,10752,14403,0.01222622,0,0,0.0686,0.1431,0.2971,0.0665,0.01276,0.59094,0.11728,-0.01234,0.28112,0.89518
2409,2949.0,25934137,1731515,0.559,0.603,9277,10784,14426,0.01222299,0,0,0.0661,0.1334,0.2904,0.0695,0.01231,0.58989,0.12154,-0.0104,0.28548,0.88366
2410,2950.1,25944909,1732168,0.535,0.604,9451,10772,14407,0.01221976,0,0,0.0642,0.1196,0.283,0.0686,0.01126,0.59246,0.11664,-0.00969,0.2747,0.90171
2411,2951.3,25955683,1732850,0.603,0.605,8920,10774,14408,0.01221653,0,0,0.069,0.1354,0.2959,0.1023,0.01225,0.59212,0.12218,-0.00801,0.28261,0.90952
2412,2952.6,25966444,1733519,0.626,0.606,8732,10761,14433,0.0122133,0,0,0.0744,0.1581,0.3399,0.0535,0.01231,0.59351,0.122,-0.01123,0.28879,0.91423
2413,2953.8,25977239,1734200,0.584,0.606,9070,10795,14430,0.01221007,0,0,0.0707,0.1382,0.3043,0.0709,0.0116,0.59365,0.12481,-0.00945,0.29058,0.90339
2414,2954.9,25987989,1734876,0.54,0.602,9415,10750,14388,0.01220683,0,0,0.0673,0.1347,0.2973,0.0405,0.01143,0.58994,0.11649,-0.00785,0.27127,0.92571
2415,2956.0,25998757,1735547,0.531,0.602,9509,10768,14396,0.0122036,0,0,0.0654,0.1126,0.2862,0.0666,0.01154,0.58951,0.11874,-0.0094,0.27875,0.92043
2416,2957.2,26009524,1736240,0.532,0.601,9505,10767,14420,0.01220037,0,0,0.0657,0.1211,0.2976,0.0477,0.01042,0.58953,0.11952,-0.01133,0.28364,0.89939
2417,2958.4,26020279,1736906,0.59,0.607,8987,10755,14374,0.01219714,0,0,0.0641,0.125,0.305,0.0961,0.01216,0.59319,0.12002,-0.0098,0.28155,0.89761
2418,2959.5,26031049,1737576,0.565,0.608,9181,10770,14408,0.01219392,0,0,0.0669,0.1306,0.3028,0.0651,0.01217,0.59456,0.12329,-0.01027,0.28953,0.919
2419,2960.8,26041840,1738233,0.608,0.605,8902,10791,14413,0.01219069,0,0,0.0674,0.1399,0.3132,0.0869,0.01144,0.59222,0.12275,-0.01066,0.28896,0.90844
2420,2961.9,26052657,1738916,0.586,0.606,9075,10817,14453,0.01218745,0,0,0.0705,0.1495,0.3129,0.0534,0.01187,0.59247,0.12984,-0.00926,0.30053,0.91651
2421,2963.1,26063415,1739574,0.561,0.606,9213,10758,14391,0.0121842,0,0,0.0677,0.1318,0.2894,0.0723,0.01375,0.59187,0.12164,-0.00863,0.28339,0.9376
2422,2964.4,26074238,1740242,0.618,0.619,8751,10823,14420,0.01218098,0,0,0.072,0.146,0.3153,0.0843,0.01237,0.60576,0.11528,-0.00711,0.2676,0.93632
2423,2965.6,26085042,1740915,0.615,0.586,8997,10804,14417,0.01217773,0,0,0.0707,0.1447,0.3033,0.0959,0.01203,0.57309,0.10846,-0.00851,0.25694,0.94471
2424,2966.7,26095851,1741585,0.557,0.597,9367,10809,14434,0.01217449,0,0,0.0658,0.1254,0.2871,0.079,0.0111,0.58418,0.11503,-0.00773,0.2687,0.95145
2425,2967.9,26106636,1742257,0.609,0.589,9004,10785,14409,0.01217124,0,0,0.0681,0.1378,0.3144,0.0889,0.01123,0.5761,0.12889,-0.00839,0.29737,0.9364
2426,2969.1,26117421,1742937,0.575,0.588,9273,10785,14418,0.01216801,0,0,0.0689,0.1395,0.2954,0.0712,0.01187,0.57466,0.13142,-0.00898,0.304,0.95366
2427,2970.2,26128193,1743612,0.593,0.585,9142,10772,14401,0.01216477,0,0,0.0708,0.1437,0.312,0.0669,0.01107,0.57322,0.12504,-0.00757,0.28928,0.98856
2428,2971.3,26138948,1744272,0.514,0.584,9799,10755,14396,0.01216154,0,0,0.0645,0.1144,0.2764,0.0582,0.01181,0.57162,0.12682,-0.00965,0.29701,0.9899
2429,2972.5,26149740,1744949,0.55,0.589,9476,10792,14394,0.01215832,0,0,0.0619,0.1217,0.2704,0.0961,0.01156,0.57642,0.12297,-0.0074,0.28444,0.97489
2430,2973.6,26160520,1745619,0.56,0.582,9436,10780,14379,0.01215508,0,0,0.0736,0.1458,0.2991,0.0417,0.01122,0.57028,0.12929,-0.01188,0.30568,0.96044
2431,2974.8,26171358,1746286,0.579,0.584,9315,10838,14450,0.01215184,0,0,0.0688,0.14,0.3035,0.0667,0.01239,0.57119,0.10838,-0.01085,0.26198,0.9671
2432,2975.9,26182158,1746962,0.542,0.585,9584,10800,14437,0.01214859,0,0,0.0673,0.1325,0.2958,0.0465,0.01243,0.57123,0.10912,-0.01044,0.26276,0.97306
2433,2977.1,26192985,1747632,0.581,0.584,9293,10827,14444,0.01214535,0,0,0.0689,0.132,0.3031,0.0767,0.01169,0.57159,0.11579,-0.00984,0.27507,0.98062
2434,2978.2,26203870,1748332,0.564,0.585,9472,10885,14481,0.0121421,0,0,0.0687,0.1365,0.2986,0.0605,0.0114,0.57258,0.12975,-0.00602,0.29447,0.94433
2435,2979.4,26214659,1749011,0.594,0.586,9142,10789,14410,0.01213884,0,0,0.0673,0.1458,0.3005,0.0807,0.01284,0.57116,0.11091,-0.01116,0.26809,0.98585
2436,2980.6,26225485,1749705,0.557,0.583,9497,10826,14448,0.0121356,0,0,0.0655,0.1286,0.2956,0.0675,0.01133,0.57054,0.10799,-0.01065,0.26084,0.97066
2437,2981.7,26236293,1750398,0.557,0.584,9473,10808,14436,0.01213235,0,0,0.0674,0.1228,0.3002,0.0665,0.01201,0.57103,0.11806,-0.00851,0.27654,0.96389
2438,2982.9,26247117,1751097,0.576,0.584,9331,10824,14457,0.01212911,0,0,0.0685,0.137,0.2996,0.0713,0.01189,0.57008,0.11855,-0.01033,0.28156,0.98118
2439,2984.0,26257920,1751786,0.579,0.586,9270,10803,14424,0.01212586,0,0,0.0653,0.1315,0.2994,0.0828,0.01304,0.57213,0.11994,-0.01342,0.28986,0.95439
2440,2985.2,26268695,1752490,0.553,0.585,9463,10775,14396,0.01212262,0,0,0.0654,0.1256,0.2925,0.0699,0.01143,0.57254,0.11785,-0.01012,0.28004,0.9943
2441,2986.4,26279467,1753168,0.616,0.586,8960,10772,14359,0.01211939,0,0,0.0689,0.1427,0.298,0.1065,0.01351,0.57163,0.11109,-0.01256,0.27139,0.99412
2442,2987.5,26290278,1753880,0.553,0.585,9496,10811,14421,0.01211616,0,0,0.0673,0.1309,0.3007,0.0541,0.01092,0.5735,0.11024,-0.01138,0.26734,0.99406
2443,2988.7,26301021,1754592,0.559,0.587,9374,10743,14371,0.01211292,0,0,0.0649,0.1231,0.3043,0.067,0.01228,0.57351,0.13144,-0.0073,0.30054,0.95172
2444,2989.7,26311702,1755289,0.51,0.586,9742,10681,14296,0.01210969,0,0,0.0634,0.1188,0.2871,0.041,0.01195,0.57339,0.12678,-0.01009,0.29689,0.95634
2445,2990.9,26322446,1756002,0.539,0.584,9563,10744,14362,0.01210649,0,0,0.0648,0.1235,0.2851,0.0656,0.01177,0.57194,0.13152,-0.0099,0.30627,0.96754
2446,2992.0,26333177,1756706,0.516,0.587,9726,10731,14367,0.01210327,0,0,0.0639,0.1162,0.2872,0.0491,0.01256,0.57362,0.11824,-0.01144,0.28307,0.97976
2447,2993.1,26343917,1757390,0.545,0.584,9512,10740,14358,0.01210005,0,0,0.063,0.1161,0.2879,0.0778,0.01199,0.5714,0.11877,-0.00941,0.27957,0.95958
2448,2994.2,26354651,1758099,0.535,0.585,9583,10734,14356,0.01209682,0,0,0.0654,0.1204,0.2973,0.0523,0.01127,0.57234,0.12836,-0.01093,0.30184,0.96108
2449,2995.4,26365407,1758791,0.565,0.585,9352,10756,14366,0.0120936,0,0,0.0656,0.1277,0.2972,0.0745,0.01233,0.57207,0.13602,-0.00986,0.31461,0.94486
2450,2996.5,26376159,1759475,0.546,0.587,9492,10752,14352,0.01209038,0,0,0.0657,0.1307,0.2991,0.0505,0.01204,0.57363,0.1366,-0.01061,0.31716,0.94033
2451,2997.7,26386959,1760178,0.598,0.604,8987,10800,14412,0.01208715,0,0,0.0694,0.1384,0.3195,0.0705,0.01207,0.59093,0.13078,-0.0097,0.3037,0.94097
2452,2999.0,26397689,1760876,0.592,0.594,9042,10730,14369,0.01208391,0,0,0.0687,0.1407,0.3169,0.0661,0.01167,0.58142,0.12579,-0.01186,0.29838,0.95452
2453,3000.3,26408392,1761561,0.635,0.601,8659,10703,14309,0.01208069,0,0,0.0663,0.1339,0.3311,0.1036,0.01174,0.58828,0.12584,-0.01272,0.29982,0.93971
2454,3001.4,26419141,1762259,0.579,0.587,9217,10749,14364,0.01207748,0,0,0.0672,0.1384,0.3001,0.0738,0.01214,0.57322,0.1284,-0.00788,0.29575,0.96073
2455,3002.6,26429907,1762938,0.591,0.589,9125,10766,14383,0.01207426,0,0,0.0682,0.1287,0.3099,0.0845,0.01166,0.57553,0.11905,-0.01186,0.28447,0.93776
2456,3003.8,26440634,1763629,0.607,0.589,8971,10727,14337,0.01207103,0,0,0.07,0.1529,0.3077,0.0765,0.01321,0.57392,0.1295,-0.01178,0.30489,0.9252
2457,3005.2,26451367,1764308,0.582,0.608,9015,10733,14349,0.01206781,0,0,0.0681,0.1326,0.2982,0.0832,0.01179,0.59461,0.13642,-0.00619,0.30715,0.90884
2458,3006.4,26462122,1764993,0.589,0.598,9059,10755,14381,0.01206459,0,0,0.0718,0.1486,0.2991,0.0693,0.01151,0.58607,0.14853,-0.00767,0.33436,0.91028
2459,3007.6,26472899,1765688,0.563,0.601,9255,10777,14407,0.01206136,0,0,0.063,0.124,0.3084,0.0677,0.01178,0.58787,0.13002,-0.01024,0.3031,0.93617
2460,3008.7,26483643,1766374,0.566,0.604,9179,10744,14390,0.01205813,0,0,0.0706,0.139,0.3076,0.049,0.01204,0.59145,0.13867,-0.00995,0.31996,0.94204
2461,3009.9,26494341,1767062,0.553,0.598,9295,10698,14326,0.01205491,0,0,0.0654,0.1166,0.2971,0.0735,0.01144,0.58596,0.13266,-0.00902,0.3063,0.95126
2462,3011.0,26505060,1767766,0.505,0.597,9727,10719,14351,0.0120517,0,0,0.0629,0.1183,0.2932,0.031,0.01097,0.58503,0.12311,-0.01191,0.29298,0.95126
2463,3012.1,26515741,1768475,0.543,0.601,9338,10681,14341,0.01204848,0,0,0.063,0.1127,0.2981,0.0689,0.01213,0.58833,0.13938,-0.00927,0.32018,0.94957
2464,3013.2,26526462,1769155,0.493,0.597,9829,10721,14333,0.01204528,0,0,0.0637,0.1113,0.2843,0.0341,0.01103,0.58547,0.12441,-0.00828,0.28846,0.95833
2465,3014.4,26537186,1769855,0.582,0.598,9083,10724,14355,0.01204206,0,0,0.0666,0.1311,0.3058,0.0788,0.0125,0.58522,0.13532,-0.00934,0.3126,0.96658
2466,3015.5,26547893,1770541,0.495,0.602,9763,10707,14342,0.01203884,0,0,0.0622,0.1121,0.2861,0.0343,0.01142,0.58989,0.12262,-0.01081,0.28983,0.95382
2467,3016.7,26558587,1771251,0.595,0.603,8926,10694,14326,0.01203563,0,0,0.0696,0.133,0.313,0.0796,0.0115,0.59051,0.12333,-0.00621,0.28139,0.92689
2468,3017.9,26569285,1771918,0.545,0.599,9351,10698,14317,0.01203242,0,0,0.0689,0.1291,0.292,0.0552,0.01206,0.58574,0.13424,-0.00896,0.30839,0.91346
2469,3019.0,26580025,1772618,0.595,0.591,9055,10740,14388,0.01202921,0,0,0.0675,0.133,0.314,0.0803,0.01222,0.57781,0.11659,-0.01037,0.2757,0.90516
2470,3020.2,26590738,1773302,0.527,0.592,9577,10713,14377,0.01202599,0,0,0.0631,0.1224,0.2825,0.0586,0.0113,0.57979,0.11808,-0.00875,0.27632,0.94205
2471,3021.4,26601444,1773989,0.581,0.609,9000,10706,14352,0.01202278,0,0,0.0668,0.1323,0.3136,0.0681,0.01244,0.59537,0.13121,-0.00843,0.30139,0.91938
2472,3022.5,26612170,1774696,0.551,0.598,9331,10726,14362,0.01201957,0,0,0.0623,0.1208,0.2889,0.0795,0.01128,0.58579,0.11821,-0.0091,0.27657,0.91352
2473,3023.8,26622936,1775381,0.68,0.624,8253,10766,14409,0.01201635,0,0,0.0767,0.1601,0.3296,0.1139,0.01154,0.61104,0.12272,-0.0103,0.28765,0.8995
2474,3025.1,26633706,1776077,0.625,0.627,8601,10770,14426,0.01201312,0,0,0.0766,0.1617,0.3235,0.0629,0.01411,0.6119,0.13223,-0.01131,0.30883,0.9053
2475,3026.3,26644428,1776766,0.599,0.623,8778,10722,14358,0.01200989,0,0,0.0641,0.1405,0.2998,0.0941,0.01169,0.61003,0.12637,-0.01002,0.29483,0.91825
2476,3027.5,26655188,1777468,0.602,0.623,8778,10760,14407,0.01200667,0,0,0.0713,0.1511,0.3115,0.0685,0.01238,0.60978,0.12419,-0.00603,0.28217,0.90514
2477,3028.7,26665906,1778182,0.568,0.618,9042,10718,14390,0.01200344,0,0,0.0631,0.1186,0.3139,0.0722,0.01079,0.60587,0.11959,-0.00587,0.2731,0.92367
2478,3029.8,26676655,1778866,0.493,0.614,9702,10749,14370,0.01200023,0,0,0.0585,0.1014,0.2764,0.0571,0.01111,0.60269,0.12482,-0.00832,0.2888,0.93848
2479,3030.9,26687414,1779547,0.491,0.611,9759,10759,14370,0.011997,0,0,0.0596,0.1047,0.285,0.0417,0.01071,0.60014,0.11708,-0.00855,0.27369,0.9349
2480,3032.0,26698167,1780250,0.496,0.614,9693,10753,14422,0.01199378,0,0,0.0583,0.0979,0.2781,0.0613,0.01117,0.60192,0.13009,-0.01,0.30278,0.94232
2481,3033.1,26708869,1780940,0.504,0.614,9577,10702,14368,0.01199055,0,0,0.0587,0.1012,0.276,0.0679,0.0116,0.60118,0.10659,-0.01013,0.25635,0.95485
2482,3034.3,26719616,1781642,0.539,0.62,9273,10747,14397,0.01198734,0,0,0.0623,0.123,0.2987,0.0551,0.01108,0.60768,0.10333,-0.00862,0.24646,0.9416
2483,3035.5,26730389,1782336,0.544,0.622,9240,10773,14396,0.01198412,0,0,0.0616,0.1093,0.3006,0.0725,0.01247,0.6085,0.12526,-0.00654,0.28585,0.92808
2484,3036.6,26741130,1783023,0.494,0.613,9700,10741,14404,0.01198088,0,0,0.0599,0.1036,0.2849,0.0455,0.01135,0.6012,0.12607,-0.00815,0.29088,0.93611
2485,3037.7,26751894,1783730,0.486,0.615,9781,10764,14409,0.01197766,0,0,0.0557,0.101,0.2655,0.0636,0.01153,0.60251,0.12999,-0.01092,0.30451,0.9474
2486,3038.8,26762675,1784415,0.511,0.616,9570,10781,14414,0.01197443,0,0,0.0586,0.1107,0.2872,0.0544,0.01149,0.60284,0.12304,-0.00991,0.2881,0.92669
2487,3039.9,26773439,1785117,0.523,0.612,9483,10764,14413,0.0119712,0,0,0.0607,0.1078,0.3004,0.0538,0.011,0.60054,0.1121,-0.00898,0.26522,0.96275
2488,3041.1,26784220,1785820,0.55,0.615,9253,10781,14410,0.01196797,0,0,0.0681,0.138,0.3094,0.0349,0.01105,0.60266,0.13627,-0.00884,0.31251,0.93085
2489,3042.3,26795025,1786533,0.585,0.616,8996,10805,14445,0.01196473,0,0,0.072,0.1336,0.3175,0.062,0.01252,0.60268,0.1354,-0.00852,0.31112,0.9734
2490,3043.5,26805746,1787240,0.548,0.616,9210,10721,14371,0.01196149,0,0,0.07,0.1369,0.2927,0.0487,0.01181,0.60284,0.11962,-0.01189,0.28544,0.93732
2491,3044.7,26816457,1787957,0.655,0.621,8394,10711,14349,0.01195828,0,0,0.0721,0.1581,0.3323,0.0925,0.01255,0.60735,0.12184,-0.01086,0.28798,0.94415
2492,3046.0,26827166,1788667,0.598,0.619,8799,10709,14352,0.01195506,0,0,0.0711,0.1503,0.3102,0.0669,0.01153,0.60617,0.11658,-0.00976,0.27509,0.93684
2493,3047.1,26837879,1789372,0.526,0.621,9338,10713,14367,0.01195185,0,0,0.0612,0.1045,0.298,0.0625,0.01117,0.60902,0.11073,-0.01053,0.26513,0.94584
2494,3048.2,26848616,1790073,0.509,0.615,9553,10737,14369,0.01194864,0,0,0.0603,0.1121,0.2899,0.0466,0.01146,0.60235,0.12533,-0.01056,0.29416,0.93661
2495,3049.4,26859354,1790799,0.569,0.612,9092,10738,14395,0.01194542,0,0,0.0774,0.1267,0.2932,0.0716,0.01082,0.60017,0.13215,-0.00802,0.30289,0.9437
2496,3050.6,26870066,1791502,0.526,0.615,9385,10712,14367,0.01194219,0,0,0.0602,0.1163,0.2889,0.0607,0.0114,0.60286,0.1087,-0.01138,0.2634,0.97312
2497,3051.9,26880742,1792205,0.687,0.621,8160,10676,14306,0.01193898,0,0,0.0704,0.1539,0.3029,0.1601,0.01243,0.60744,0.1231,-0.0099,0.28881,0.95554
2498,3053.1,26891489,1792926,0.594,0.62,8849,10747,14402,0.01193578,0,0,0.0713,0.1421,0.3085,0.0726,0.0114,0.60742,0.1341,-0.00792,0.3072,0.97082
2499,3054.3,26902205,1793643,0.63,0.626,8531,10716,14339,0.01193255,0,0,0.0743,0.1538,0.3127,0.0893,0.01144,0.61309,0.12355,-0.00922,0.28826,0.95215
2500,3055.7,26912890,1794361,0.718,0.621,7982,10685,14362,0.01192934,0,0,0.079,0.1678,0.3609,0.1099,0.01082,0.60951,0.11349,-0.01355,0.27727,0.97184
2501,3056.9,26923558,1795075,0.6,0.623,8721,10668,14296,0.01192613,0,0,0.0707,0.1294,0.3081,0.0918,0.01249,0.61001,0.11919,-0.00649,0.27343,0.92539
2502,3058.2,26934286,1795797,0.599,0.618,8817,10728,14354,0.01192293,0,0,0.069,0.1391,0.3133,0.0775,0.01144,0.60568,0.11702,-0.00917,0.27451,0.92863
2503,3059.5,26944951,1796510,0.654,0.62,8371,10665,14269,0.01191971,0,0,0.0754,0.1597,0.3308,0.0878,0.01195,0.60776,0.12597,-0.01156,0.29659,0.90337
2504,3060.7,26955685,1797221,0.548,0.618,9213,10734,14347,0.01191651,0,0,0.0685,0.1318,0.3043,0.043,0.01182,0.60468,0.12262,-0.01129,0.28871,0.87632
2505,3061.9,26966398,1797928,0.628,0.619,8596,10713,14361,0.01191329,0,0,0.0765,0.1327,0.2941,0.1244,0.01232,0.60547,0.11702,-0.00784,0.271,0.89322
2506,3063.1,26977153,1798650,0.579,0.619,8975,10755,14365,0.01191008,0,0,0.0704,0.1375,0.3223,0.049,0.01119,0.60705,0.11944,-0.00962,0.27935,0.89158
2507,3064.3,26987870,1799376,0.581,0.622,8912,10717,14350,0.01190685,0,0,0.0661,0.1292,0.3088,0.0766,0.01104,0.60985,0.11768,-0.0079,0.27213,0.88045
2508,3065.6,26998577,1800124,0.643,0.613,8525,10707,14342,0.01190364,0,0,0.0752,0.1539,0.3389,0.0745,0.01164,0.60084,0.11358,-0.00628,0.2608,0.88503
2509,3066.9,27009265,1800845,0.683,0.608,8279,10688,14317,0.01190043,0,0,0.0756,0.1705,0.3323,0.1043,0.01219,0.59492,0.11604,-0.00708,0.26728,0.88441
2510,3068.1,27019958,1801580,0.666,0.616,8338,10693,14315,0.01189722,0,0,0.0802,0.1676,0.3464,0.0722,0.01143,0.60345,0.10795,-0.00946,0.25609,0.89434
2511,3069.4,27030624,1802313,0.613,0.616,8678,10666,14302,0.01189401,0,0,0.0778,0.142,0.3172,0.0759,0.01146,0.60362,0.11645,-0.00769,0.26914,0.87714
2512,3070.6,27041347,1803038,0.63,0.617,8596,10723,14368,0.01189081,0,0,0.0767,0.1629,0.3266,0.0641,0.01199,0.60395,0.11336,-0.00645,0.26105,0.9013
2513,3071.9,27052036,1803773,0.626,0.618,8597,10689,14319,0.0118876,0,0,0.073,0.147,0.3162,0.0894,0.01181,0.60484,0.10782,-0.00874,0.2542,0.88682
2514,3073.1,27062774,1804513,0.619,0.62,8668,10738,14364,0.01188439,0,0,0.0742,0.1541,0.3071,0.0831,0.01128,0.60772,0.12175,-0.00913,0.28279,0.88476
2515,3074.4,27073555,1805237,0.658,0.623,8415,10781,14414,0.01188117,0,0,0.0752,0.1558,0.3158,0.1115,0.01252,0.60899,0.11591,-0.00676,0.26653,0.89167
2516,3075.6,27084279,1805982,0.591,0.618,8869,10724,14366,0.01187793,0,0,0.072,0.1413,0.3077,0.07,0.01096,0.606,0.12051,-0.00977,0.2828,0.93678
2517,3076.9,27095047,1806685,0.642,0.617,8556,10768,14393,0.01187472,0,0,0.0723,0.141,0.3113,0.1171,0.01196,0.60353,0.12684,-0.00568,0.28693,0.92136
2518,3078.2,27105808,1807388,0.685,0.616,8270,10761,14386,0.01187149,0,0,0.0726,0.1572,0.3045,0.1509,0.01261,0.60278,0.11989,-0.01004,0.28209,0.9357
2519,3079.4,27116569,1808104,0.599,0.613,8878,10761,14397,0.01186826,0,0,0.0758,0.1357,0.293,0.0946,0.01099,0.60126,0.12586,-0.00642,0.28678,0.93608
2520,3080.6,27127292,1808819,0.608,0.614,8776,10723,14350,0.01186503,0,0,0.0673,0.1339,0.3136,0.0932,0.01088,0.60232,0.11683,-0.00961,0.27523,0.9422
2521,3081.7,27138104,1809539,0.498,0.617,9691,10812,14437,0.01186181,0,0,0.0614,0.1114,0.2886,0.0368,0.01149,0.60526,0.11751,-0.00465,0.26602,0.91483
2522,3082.9,27148871,1810261,0.562,0.62,9109,10767,14391,0.01185857,0,0,0.0701,0.1278,0.285,0.0793,0.01253,0.60646,0.1157,-0.01018,0.27369,0.92376
2523,3084.1,27159641,1810961,0.567,0.621,9067,10770,14406,0.01185534,0,0,0.0701,0.1302,0.3052,0.0616,0.01107,0.60904,0.11397,-0.01079,0.27186,0.94226
2524,3085.3,27170370,1811671,0.617,0.622,8656,10729,14373,0.01185211,0,0,0.069,0.1456,0.3033,0.0992,0.01271,0.6089,0.11256,-0.00771,0.26224,0.91484
2525,3086.5,27181157,1812383,0.562,0.618,9144,10787,14417,0.01184889,0,0,0.0697,0.1286,0.309,0.0549,0.01305,0.60343,0.11904,-0.00946,0.27911,0.93348
2526,3087.7,27191927,1813098,0.559,0.617,9155,10770,14402,0.01184565,0,0,0.0617,0.1257,0.2991,0.0729,0.01194,0.60428,0.11744,-0.00772,0.27205,0.91743
2527,3089.0,27202699,1813810,0.699,0.617,8188,10772,14420,0.01184242,0,0,0.0769,0.1661,0.329,0.1266,0.01161,0.60458,0.11521,-0.00651,0.26529,0.92233
2528,3090.2,27213523,1814529,0.618,0.619,8749,10824,14445,0.01183919,0,0,0.0712,0.141,0.3163,0.0895,0.01154,0.60655,0.11796,-0.00883,0.27591,0.94287
2529,3091.5,27224312,1815246,0.644,0.624,8513,10789,14436,0.01183594,0,0,0.0734,0.1461,0.3238,0.1005,0.01211,0.61023,0.12405,-0.01037,0.29096,0.93481
2530,3092.8,27235168,1815961,0.655,0.626,8476,10856,14495,0.01183271,0,0,0.0769,0.1534,0.3183,0.1064,0.01334,0.61143,0.11216,-0.01063,0.26818,0.95526
2531,3094.0,27246008,1816683,0.557,0.625,9173,10840,14470,0.01182945,0,0,0.0651,0.1279,0.2909,0.0727,0.01156,0.61246,0.10817,-0.00822,0.25497,0.93807
2532,3095.3,27256883,1817411,0.685,0.633,8251,10875,14515,0.0118262,0,0,0.079,0.1688,0.3419,0.095,0.01205,0.62002,0.11302,-0.00905,0.26631,0.93784
2533,3096.5,27267778,1818126,0.653,0.62,8561,10895,14572,0.01182294,0,0,0.0776,0.1606,0.325,0.0894,0.01231,0.60627,0.10003,-0.0096,0.24204,0.96374
2534,3097.8,27278658,1818846,0.629,0.619,8718,10880,14531,0.01181967,0,0,0.0723,0.1451,0.3273,0.0847,0.01172,0.60615,0.10459,-0.00924,0.25049,0.96556
2535,3099.0,27289585,1819563,0.606,0.619,8920,10927,14595,0.0118164,0,0,0.0714,0.1391,0.3104,0.0848,0.012,0.60589,0.1094,-0.01067,0.26295,0.96448
2536,3100.2,27300449,1820251,0.586,0.617,9031,10864,14536,0.01181312,0,0,0.0715,0.1403,0.2949,0.0788,0.01205,0.6041,0.09503,-0.01012,0.23308,0.96431
2537,3101.4,27311359,1820963,0.562,0.62,9227,10910,14560,0.01180987,0,0,0.0659,0.1307,0.3013,0.0642,0.01142,0.60675,0.09445,-0.00576,0.22293,0.95317
2538,3102.6,27322274,1821675,0.608,0.62,8884,10915,14560,0.01180659,0,0,0.0728,0.1411,0.31,0.0844,0.01228,0.60694,0.1006,-0.00905,0.24206,0.9642
2539,3103.9,27333154,1822370,0.614,0.619,8821,10880,14517,0.01180332,0,0,0.0717,0.1426,0.3124,0.0877,0.01145,0.60659,0.10626,-0.01082,0.25687,0.96215
2540,3105.1,27344081,1823090,0.578,0.612,9180,10927,14597,0.01180005,0,0,0.0705,0.1331,0.2978,0.0769,0.01076,0.60066,0.10269,-0.01057,0.24921,0.96144
2541,3106.2,27354970,1823783,0.525,0.609,9596,10889,14528,0.01179678,0,0,0.066,0.1175,0.2898,0.0521,0.01075,0.59796,0.09022,-0.01047,0.22416,0.96569
2542,3107.4,27365869,1824477,0.608,0.614,8920,10899,14546,0.01179351,0,0,0.068,0.1375,0.3078,0.0949,0.0119,0.60106,0.10702,-0.00831,0.25296,0.94536
2543,3108.6,27376723,1825207,0.56,0.612,9259,10854,14527,0.01179024,0,0,0.0726,0.1322,0.3023,0.0528,0.01132,0.5999,0.11438,-0.00748,0.26597,0.94285
2544,3109.8,27387572,1825920,0.598,0.622,8893,10849,14508,0.01178698,0,0,0.0713,0.141,0.3016,0.0845,0.01259,0.60835,0.09788,-0.0113,0.24104,0.96267
2545,3111.0,27398415,1826617,0.564,0.619,9161,10843,14504,0.01178373,0,0,0.0722,0.1473,0.299,0.0456,0.01156,0.6072,0.11344,-0.00946,0.26779,0.93321
2546,3112.1,27409221,1827334,0.532,0.616,9410,10806,14476,0.01178048,0,0,0.0608,0.1142,0.2944,0.0629,0.0113,0.60412,0.1156,-0.0074,0.26798,0.93306
2547,3113.3,27420046,1828047,0.533,0.62,9392,10825,14483,0.01177723,0,0,0.0621,0.1195,0.2982,0.0528,0.01139,0.60798,0.11548,-0.00782,0.26812,0.91308
2548,3114.5,27430901,1828754,0.548,0.614,9341,10855,14521,0.01177399,0,0,0.0611,0.12,0.2945,0.0727,0.012,0.60076,0.10881,-0.00837,0.25637,0.93414
2549,3115.7,27441730,1829451,0.579,0.618,9047,10829,14488,0.01177073,0,0,0.0694,0.1315,0.3026,0.0756,0.01105,0.60562,0.10879,-0.01126,0.26211,0.93487
2550,3116.9,27452594,1830173,0.61,0.62,8834,10864,14529,0.01176748,0,0,0.0714,0.1453,0.3064,0.0872,0.01163,0.60659,0.11357,-0.00646,0.26206,0.93406
2551,3118.1,27463429,1830876,0.612,0.617,8818,10835,14486,0.01176422,0,0,0.0666,0.1296,0.3199,0.096,0.0114,0.60415,0.11523,-0.00851,0.26956,0.93851
2552,3119.5,27474288,1831572,0.628,0.625,8665,10859,14529,0.01176097,0,0,0.0723,0.1537,0.3251,0.0775,0.01169,0.6117,0.10655,-0.00962,0.25447,0.94147
2553,3120.8,27485140,1832291,0.629,0.624,8664,10852,14519,0.01175771,0,0,0.0737,0.1613,0.3292,0.0645,0.01157,0.611,0.10955,-0.00723,0.25575,0.94401
2554,3122.0,27496010,1832994,0.669,0.623,8415,10870,14501,0.01175446,0,0,0.0751,0.1592,0.3314,0.1035,0.01159,0.61006,0.11209,-0.00842,0.26353,0.95753
2555,3123.5,27506904,1833698,0.801,0.631,7607,10894,14553,0.0117512,0,0,0.0771,0.1625,0.3437,0.2178,0.01267,0.61701,0.11166,-0.00896,0.26383,0.96162
2556,3124.7,27517777,1834386,0.576,0.617,9113,10873,14530,0.01174793,0,0,0.0686,0.1397,0.2924,0.0754,0.01146,0.6044,0.10775,-0.0105,0.25895,0.95568
2557,3125.9,27528677,1835109,0.612,0.619,8859,10900,14536,0.01174467,0,0,0.0751,0.1528,0.3137,0.0702,0.01132,0.60593,0.11028,-0.0076,0.25801,0.94752
2558,3127.2,27539585,1835802,0.625,0.619,8764,10908,14561,0.0117414,0,0,0.0742,0.1504,0.321,0.0797,0.0117,0.60649,0.10668,-0.01124,0.25817,0.95047
2559,3128.4,27550501,1836500,0.602,0.622,8922,10916,14581,0.01173812,0,0,0.0747,0.1433,0.3102,0.0733,0.01129,0.6094,0.10465,-0.00861,0.2487,0.94531
2560,3129.7,27561404,1837200,0.668,0.623,8447,10903,14572,0.01173485,0,0,0.076,0.154,0.3286,0.1093,0.01171,0.61009,0.11411,-0.0093,0.26944,0.96359
2561,3130.8,27572250,1837896,0.554,0.623,9215,10846,14517,0.01173158,0,0,0.0628,0.1156,0.3153,0.0605,0.01138,0.61041,0.10225,-0.00858,0.24442,0.97029
2562,3132.1,27583106,1838606,0.62,0.621,8744,10856,14538,0.01172833,0,0,0.0721,0.1441,0.3155,0.0883,0.01266,0.60793,0.09861,-0.00954,0.23893,0.96477
2563,3133.3,27594009,1839293,0.56,0.616,9273,10903,14534,0.01172507,0,0,0.0723,0.1378,0.3049,0.0448,0.01165,0.60366,0.11091,-0.01151,0.26693,0.94216
2564,3134.5,27604942,1840003,0.597,0.618,8998,10933,14588,0.0117218,0,0,0.0715,0.1373,0.3041,0.0844,0.01209,0.60467,0.10147,-0.00771,0.24058,0.94776
2565,3135.7,27615842,1840700,0.569,0.615,9203,10900,14583,0.01171852,0,0,0.0687,0.1384,0.3075,0.0548,0.01094,0.60335,0.09535,-0.00721,0.22771,0.96364
2566,3136.9,27626702,1841414,0.575,0.617,9110,10860,14540,0.01171525,0,0,0.066,0.1274,0.2998,0.0822,0.01149,0.60442,0.10816,-0.00829,0.25547,0.96368
2567,3138.1,27637560,1842155,0.607,0.621,8845,10858,14516,0.01171199,0,0,0.0761,0.1592,0.3235,0.0479,0.01211,0.60801,0.08906,-0.00742,0.21494,0.93799
2568,3139.3,27648401,1842851,0.577,0.615,9095,10841,14498,0.01170873,0,0,0.0624,0.1292,0.2984,0.0868,0.01034,0.60375,0.09759,-0.00787,0.23325,0.95298
2569,3140.4,27659247,1843567,0.54,0.618,9365,10846,14510,0.01170548,0,0,0.0631,0.1321,0.3038,0.0411,0.01139,0.60599,0.10837,-0.00923,0.25799,0.97328
2570,3141.6,27670082,1844260,0.559,0.616,9220,10835,14479,0.01170223,0,0,0.0622,0.1223,0.3076,0.0673,0.0114,0.60362,0.12763,-0.00966,0.29622,0.92434
2571,3142.7,27680945,1844965,0.507,0.61,9721,10863,14532,0.01169898,0,0,0.0615,0.1069,0.2836,0.0555,0.01077,0.5986,0.11862,-0.00971,0.27896,0.95282
2572,3143.9,27691774,1845665,0.56,0.614,9226,10829,14482,0.01169572,0,0,0.0635,0.1293,0.2886,0.0784,0.01184,0.60062,0.11057,-0.0078,0.25863,0.93604
2573,3145.2,27702594,1846354,0.643,0.615,8599,10820,14463,0.01169247,0,0,0.0729,0.15,0.3325,0.0874,0.01253,0.60191,0.10889,-0.00934,0.25831,0.93416
2574,3146.4,27713393,1847051,0.623,0.612,8744,10799,14465,0.01168922,0,0,0.0736,0.1593,0.3066,0.0831,0.0113,0.60003,0.12409,-0.00705,0.28364,0.91326
2575,3147.6,27724214,1847757,0.577,0.617,9065,10821,14469,0.01168598,0,0,0.0685,0.1373,0.3024,0.0689,0.01123,0.60442,0.11495,-0.00765,0.26645,0.9092
2576,3148.8,27734992,1848469,0.567,0.62,9086,10778,14408,0.01168274,0,0,0.0666,0.1301,0.2928,0.0772,0.01114,0.60707,0.12221,-0.01034,0.28724,0.94734
2577,3150.0,27745733,1849187,0.613,0.622,8696,10741,14394,0.0116795,0,0,0.068,0.1479,0.3103,0.0872,0.01187,0.60894,0.11686,-0.00877,0.27366,0.95827
2578,3151.2,27756517,1849868,0.579,0.617,9020,10784,14421,0.01167628,0,0,0.0718,0.1339,0.3061,0.0668,0.01185,0.60387,0.11743,-0.0102,0.27772,0.96238
2579,3152.5,27767274,1850578,0.632,0.614,8631,10757,14393,0.01167304,0,0,0.0775,0.1491,0.3156,0.0897,0.01184,0.60079,0.12741,-0.0093,0.29554,0.94792
2580,3153.6,27778091,1851255,0.565,0.615,9168,10817,14445,0.01166982,0,0,0.0625,0.1221,0.3095,0.0707,0.01156,0.60222,0.13346,-0.00819,0.30515,0.93624
2581,3154.9,27788849,1851973,0.694,0.614,8226,10758,14427,0.01166657,0,0,0.0805,0.1668,0.3399,0.1068,0.01166,0.60122,0.11072,-0.01184,0.26704,0.93955
2582,3156.1,27799599,1852687,0.578,0.618,8990,10750,14387,0.01166335,0,0,0.0702,0.1352,0.3061,0.0668,0.01171,0.60489,0.12238,-0.00732,0.28113,0.93202
2583,3157.3,27810372,1853395,0.577,0.617,9016,10773,14450,0.01166012,0,0,0.0693,0.1359,0.3089,0.0634,0.01103,0.60567,0.12075,-0.01057,0.28491,0.95465
2584,3158.5,27821143,1854071,0.587,0.619,8928,10771,14414,0.01165689,0,0,0.0714,0.1431,0.3226,0.0499,0.01161,0.60683,0.12717,-0.01079,0.29805,0.94926
2585,3159.7,27831891,1854764,0.538,0.619,9290,10748,14389,0.01165366,0,0,0.061,0.1086,0.3027,0.0654,0.01171,0.60661,0.11746,-0.00873,0.27424,0.93812
2586,3160.9,27842702,1855464,0.58,0.616,9039,10811,14449,0.01165043,0,0,0.073,0.1431,0.3125,0.0514,0.01147,0.60399,0.11152,-0.01102,0.26687,0.93507
2587,3162.2,27853442,1856152,0.65,0.616,8481,10740,14382,0.01164719,0,0,0.0713,0.1579,0.3143,0.1064,0.01173,0.60404,0.10101,-0.00747,0.23935,0.96071
2588,3163.3,27864243,1856844,0.546,0.61,9341,10801,14420,0.01164397,0,0,0.0707,0.1327,0.3022,0.0407,0.01144,0.59766,0.10763,-0.00769,0.25285,0.95406
2589,3164.5,27875017,1857548,0.568,0.605,9185,10774,14425,0.01164073,0,0,0.0649,0.1259,0.3068,0.0706,0.01153,0.59269,0.11092,-0.00912,0.26139,0.91521
2590,3165.6,27885824,1858249,0.531,0.608,9491,10807,14454,0.01163749,0,0,0.0663,0.1326,0.29,0.0417,0.01091,0.59644,0.13045,-0.00781,0.29748,0.89985
2591,3166.8,27896642,1858936,0.571,0.612,9141,10818,14475,0.01163425,0,0,0.0693,0.1344,0.293,0.0747,0.01227,0.5989,0.11133,-0.01185,0.26748,0.90743
2592,3168.0,27907467,1859645,0.566,0.611,9195,10825,14475,0.01163101,0,0,0.0719,0.1425,0.2874,0.0643,0.01133,0.59901,0.1182,-0.00654,0.27026,0.89366
2593,3169.2,27918291,1860347,0.585,0.612,9043,10824,14487,0.01162776,0,0,0.0677,0.1496,0.2794,0.0883,0.0117,0.59957,0.11684,-0.01029,0.27478,0.88249
2594,3170.3,27929175,1861026,0.55,0.607,9403,10884,14517,0.01162451,0,0,0.0689,0.1398,0.2927,0.0488,0.01262,0.59407,0.11399,-0.00855,0.26577,0.89063
2595,3171.5,27940005,1861725,0.517,0.608,9633,10830,14509,0.01162125,0,0,0.0602,0.1084,0.2785,0.0697,0.01123,0.59554,0.12038,-0.00821,0.27775,0.88473
2596,3172.7,27950890,1862440,0.611,0.611,8910,10885,14547,0.011618,0,0,0.0676,0.144,0.2979,0.1015,0.01209,0.59774,0.12398,-0.00556,0.27967,0.88541
2597,3173.9,27961740,1863136,0.606,0.598,9015,10850,14490,0.01161473,0,0,0.0727,0.1448,0.3036,0.0846,0.01163,0.58495,0.10766,-0.01005,0.2565,0.90803
2598,3175.2,27972635,1863832,0.688,0.6,8461,10895,14556,0.01161148,0,0,0.0774,0.1743,0.3183,0.1178,0.0123,0.58609,0.11104,-0.00825,0.25984,0.91491
2599,3176.4,27983526,1864514,0.624,0.598,8908,10891,14545,0.01160821,0,0,0.0713,0.1579,0.3038,0.0912,0.01153,0.58597,0.12048,-0.01005,0.28265,0.92959
2600,3177.5,27994385,1865206,0.514,0.597,9771,10859,14495,0.01160494,0,0,0.0591,0.1137,0.2849,0.0563,0.01153,0.58506,0.1121,-0.00869,0.26297,0.92181
2601,3179.2,28005268,1865897,0.577,0.599,9254,10883,14562,0.01160168,0,0,0.071,0.1364,0.3013,0.0684,0.01095,0.58721,0.11798,-0.00903,0.27551,0.92578
2602,3180.6,28016142,1866593,0.681,0.61,8421,10874,14503,0.01159842,0,0,0.0745,0.1824,0.3346,0.0894,0.01669,0.5923,0.12537,-0.00746,0.2875,0.94199
2603,3181.9,28027018,1867317,0.671,0.605,8530,10876,14519,0.01159516,0,0,0.0784,0.1695,0.3455,0.0772,0.01108,0.5919,0.1228,-0.01276,0.29295,0.94128
2604,3183.1,28037911,1868011,0.609,0.604,8981,10893,14543,0.01159189,0,0,0.0709,0.1498,0.2997,0.0887,0.01135,0.59122,0.12407,-0.01012,0.28989,0.92775
2605,3184.3,28048779,1868713,0.627,0.608,8801,10868,14539,0.01158863,0,0,0.073,0.1513,0.3223,0.0799,0.0118,0.59544,0.12091,-0.01119,0.28605,0.94257
2606,3185.6,28059635,1869424,0.667,0.623,8419,10856,14506,0.01158537,0,0,0.0754,0.1603,0.3392,0.092,0.01212,0.60901,0.11357,-0.00882,0.26621,0.92438
2607,3187.0,28070555,1870121,0.762,0.628,7857,10920,14555,0.01158211,0,0,0.0957,0.2177,0.3796,0.0692,0.01298,0.61399,0.13094,-0.00816,0.29995,0.93935
2608,3188.2,28081468,1870834,0.604,0.625,8873,10913,14559,0.01157883,0,0,0.065,0.133,0.3169,0.0896,0.01106,0.61368,0.10863,-0.01014,0.25982,0.96223
2609,3189.4,28092379,1871548,0.561,0.621,9237,10911,14567,0.01157556,0,0,0.0687,0.135,0.3229,0.0341,0.01052,0.60946,0.12828,-0.01035,0.29869,0.92617
2610,3190.7,28103317,1872258,0.711,0.622,8205,10938,14592,0.01157229,0,0,0.0861,0.1588,0.3522,0.1135,0.01183,0.60979,0.12222,-0.01093,0.28829,0.95028
2611,3191.9,28114193,1872950,0.579,0.62,9073,10876,14519,0.011569,0,0,0.0711,0.1326,0.3236,0.0518,0.01137,0.60744,0.13208,-0.00914,0.30374,0.92029
2612,3193.2,28125110,1873660,0.635,0.626,8663,10917,14581,0.01156574,0,0,0.0749,0.1548,0.3281,0.0769,0.01228,0.61245,0.12733,-0.0086,0.29352,0.93616
2613,3194.4,28135996,1874353,0.564,0.626,9147,10886,14544,0.01156247,0,0,0.0707,0.1319,0.32,0.0418,0.01216,0.61273,0.12089,-0.00709,0.27725,0.92091
2614,3195.6,28146893,1875051,0.589,0.61,9087,10897,14519,0.0115592,0,0,0.0682,0.1359,0.3214,0.0634,0.01126,0.59817,0.11614,-0.00837,0.27066,0.93559
2615,3196.7,28157808,1875750,0.522,0.606,9678,10915,14550,0.01155593,0,0,0.0637,0.1165,0.2807,0.0608,0.01164,0.59366,0.11693,-0.00976,0.27491,0.93086
2616,3197.9,28168682,1876463,0.603,0.605,9000,10874,14508,0.01155266,0,0,0.0701,0.1481,0.3153,0.0695,0.01109,0.59342,0.1137,-0.00712,0.26264,0.90815
2617,3199.1,28179554,1877160,0.519,0.602,9701,10872,14521,0.0115494,0,0,0.0669,0.1296,0.2795,0.0426,0.01177,0.58948,0.12623,-0.00825,0.28989,0.9062
2618,3200.3,28190424,1877863,0.621,0.605,8861,10870,14522,0.01154613,0,0,0.0726,0.1514,0.297,0.1004,0.0117,0.59214,0.11982,-0.00602,0.27307,0.9268
2619,3201.5,28201284,1878564,0.586,0.6,9160,10860,14497,0.01154287,0,0,0.0675,0.1389,0.2909,0.0884,0.01045,0.5884,0.11332,-0.01013,0.2681,0.91865
2620,3202.7,28212182,1879252,0.621,0.61,8850,10898,14540,0.01153961,0,0,0.0719,0.1461,0.3066,0.0965,0.01387,0.59516,0.11642,-0.0076,0.26902,0.90885
2621,3203.9,28223085,1879961,0.614,0.609,8915,10903,14556,0.01153635,0,0,0.0684,0.1473,0.29,0.1085,0.01083,0.59695,0.12245,-0.0081,0.28165,0.89046
2622,3205.1,28233964,1880667,0.601,0.607,9011,10879,14522,0.01153307,0,0,0.0728,0.148,0.3107,0.0691,0.01056,0.59513,0.10377,-0.01114,0.25099,0.91812
2623,3206.3,28244800,1881392,0.606,0.608,8925,10836,14484,0.01152981,0,0,0.0728,0.1517,0.2985,0.0828,0.01149,0.5958,0.11159,-0.00884,0.26239,0.93326
2624,3207.5,28255685,1882099,0.539,0.601,9546,10885,14514,0.01152656,0,0,0.0626,0.1407,0.2803,0.0557,0.01051,0.58889,0.11366,-0.00944,0.26773,0.93377
2625,3208.8,28266542,1882813,0.707,0.61,8244,10857,14497,0.01152329,0,0,0.0795,0.1904,0.3328,0.1044,0.0137,0.5949,0.11166,-0.00909,0.26299,0.93242
2626,3210.0,28277404,1883517,0.562,0.604,9315,10862,14479,0.01152004,0,0,0.0675,0.1417,0.2881,0.0644,0.01139,0.59203,0.11385,-0.00968,0.26819,0.91705
2627,3211.2,28288249,1884246,0.593,0.604,9058,10845,14487,0.01151678,0,0,0.0661,0.1305,0.2948,0.1016,0.01236,0.59128,0.10086,-0.01102,0.24555,0.94553
2628,3212.4,28299094,1884985,0.56,0.62,9192,10845,14492,0.01151353,0,0,0.0673,0.1327,0.3087,0.051,0.01149,0.60784,0.12648,-0.00671,0.28751,0.91834
2629,3213.5,28309935,1885726,0.522,0.619,9504,10841,14487,0.01151027,0,0,0.0581,0.1076,0.2887,0.0673,0.01146,0.60642,0.10729,-0.00807,0.2521,0.92881
2630,3214.6,28320743,1886450,0.453,0.617,10094,10808,14434,0.01150702,0,0,0.0515,0.0978,0.2697,0.0344,0.01059,0.60617,0.12396,-0.00744,0.28373,0.90921
2631,3215.7,28331496,1887188,0.508,0.618,9545,10753,14400,0.01150378,0,0,0.0574,0.098,0.2771,0.0758,0.01128,0.60642,0.11755,-0.00916,0.27472,0.9252
2632,3216.8,28342269,1887903,0.496,0.622,9644,10773,14386,0.01150055,0,0,0.0596,0.1106,0.2943,0.031,0.01095,0.61002,0.11373,-0.0102,0.26899,0.91848
2633,3217.9,28353068,1888619,0.486,0.612,9836,10799,14431,0.01149732,0,0,0.055,0.0995,0.272,0.0591,0.01128,0.60035,0.10961,-0.00816,0.25647,0.90972
2634,3219.0,28363840,1889342,0.489,0.618,9731,10772,14405,0.01149408,0,0,0.0573,0.1057,0.2908,0.0348,0.01096,0.60672,0.12398,-0.0058,0.28051,0.91146
2635,3220.1,28374619,1890066,0.493,0.63,9599,10779,14405,0.01149085,0,0,0.0545,0.0978,0.2862,0.054,0.01155,0.61813,0.11123,-0.00873,0.26139,0.93454
2636,3221.3,28385446,1890791,0.525,0.63,9378,10827,14464,0.01148761,0,0,0.0623,0.1208,0.3055,0.0361,0.01239,0.61675,0.10881,-0.01173,0.26237,0.92658
2637,3222.5,28396257,1891506,0.532,0.63,9310,10811,14410,0.01148437,0,0,0.0587,0.1069,0.3015,0.0645,0.01121,0.61767,0.11537,-0.00928,0.27065,0.92909
2638,3223.5,28407038,1892249,0.464,0.628,9873,10781,14413,0.01148112,0,0,0.0514,0.089,0.2721,0.0515,0.01082,0.61615,0.10858,-0.01054,0.25959,0.93012
2639,3224.7,28417798,1892960,0.532,0.629,9271,10760,14404,0.01147789,0,0,0.0578,0.1101,0.3026,0.0615,0.01056,0.61735,0.11333,-0.00693,0.26168,0.92235
2640,3225.8,28428551,1893674,0.439,0.626,10097,10753,14382,0.01147466,0,0,0.0495,0.0902,0.2679,0.0314,0.01091,0.61431,0.10842,-0.0109,0.26023,0.94077
2641,3226.8,28439344,1894394,0.452,0.623,10041,10793,14437,0.01147143,0,0,0.0486,0.0875,0.262,0.0535,0.01029,0.61237,0.11704,-0.00804,0.27204,0.95338
2642,3227.9,28450155,1895110,0.442,0.596,10414,10811,14459,0.0114682,0,0,0.0513,0.0993,0.2602,0.0313,0.00955,0.58564,0.111,-0.00744,0.25859,0.94638
2643,3228.9,28460969,1895822,0.438,0.606,10360,10814,14435,0.01146495,0,0,0.0502,0.0865,0.2389,0.0625,0.01321,0.59188,0.12571,-0.00916,0.29077,0.91733
2644,3230.0,28471776,1896512,0.48,0.605,9957,10807,14451,0.01146171,0,0,0.0588,0.1107,0.2674,0.0435,0.01171,0.59257,0.11206,-0.00985,0.26464,0.90851
2645,3231.2,28482574,1897224,0.572,0.604,9182,10798,14432,0.01145847,0,0,0.0675,0.1382,0.284,0.0818,0.01041,0.59336,0.1124,-0.00689,0.25945,0.91116
2646,3232.4,28493368,1897915,0.562,0.609,9218,10794,14419,0.01145523,0,0,0.0697,0.1364,0.2968,0.0593,0.01214,0.5956,0.09423,-0.0078,0.2256,0.93968
2647,3233.6,28504144,1898607,0.666,0.594,8552,10776,14428,0.01145199,0,0,0.0727,0.1579,0.3338,0.102,0.01161,0.5807,0.10467,-0.008,0.24749,0.96704
2648,3234.8,28514961,1899294,0.57,0.589,9330,10817,14455,0.01144876,0,0,0.0681,0.1546,0.2869,0.0605,0.01008,0.57814,0.12215,-0.00785,0.28192,0.95744
2649,3235.9,28525789,1899994,0.49,0.589,10035,10828,14471,0.01144551,0,0,0.0549,0.1137,0.2494,0.0724,0.01105,0.57649,0.1083,-0.00666,0.25183,0.95707
2650,3236.9,28536581,1900669,0.484,0.587,10075,10792,14428,0.01144226,0,0,0.0558,0.103,0.2551,0.0704,0.01063,0.57515,0.12864,-0.0081,0.29494,0.93761
2651,3238.0,28547426,1901361,0.446,0.586,10512,10845,14496,0.01143903,0,0,0.0476,0.0943,0.2352,0.0686,0.011,0.57447,0.11294,-0.00873,0.26438,0.91976
2652,3239.0,28558214,1902058,0.399,0.585,10963,10788,14488,0.01143577,0,0,0.0466,0.0844,0.2364,0.0312,0.01086,0.57387,0.11904,-0.00918,0.27828,0.95426
2653,3240.1,28568914,1902786,0.458,0.589,10217,10700,14403,0.01143254,0,0,0.0524,0.0923,0.2516,0.0621,0.01097,0.57725,0.11359,-0.00969,0.26902,0.98278
2654,3241.1,28579702,1903493,0.402,0.589,10875,10788,14502,0.01142933,0,0,0.0461,0.0928,0.234,0.0296,0.01127,0.5775,0.10942,-0.00685,0.25504,0.98468
2655,3242.1,28590486,1904194,0.404,0.588,10868,10784,14486,0.01142609,0,0,0.0462,0.0843,0.2409,0.0326,0.01041,0.57721,0.10821,-0.00667,0.25188,0.96788
2656,3243.1,28601222,1904894,0.451,0.589,10322,10736,14405,0.01142285,0,0,0.0529,0.096,0.2455,0.0566,0.01042,0.57803,0.10904,-0.00946,0.25917,0.97056
2657,3244.1,28612004,1905585,0.434,0.59,10531,10782,14488,0.01141963,0,0,0.0537,0.1016,0.2449,0.0333,0.01036,0.57927,0.12029,-0.00589,0.27449,0.9687
2658,3245.2,28622797,1906286,0.447,0.599,10320,10793,14486,0.0114164,0,0,0.0551,0.0963,0.2457,0.0498,0.01085,0.58736,0.11611,-0.00792,0.27001,0.96112
2659,3246.2,28633592,1906986,0.437,0.586,10555,10795,14473,0.01141316,0,0,0.054,0.0949,0.2498,0.038,0.01011,0.57536,0.11194,-0.00711,0.26008,0.96268
2660,3247.3,28644402,1907697,0.499,0.598,9856,10810,14508,0.01140992,0,0,0.0573,0.1137,0.2575,0.0701,0.01093,0.5867,0.12301,-0.00867,0.28516,0.95479
2661,3248.3,28655197,1908411,0.438,0.594,10461,10795,14482,0.01140668,0,0,0.0542,0.0985,0.2534,0.0319,0.01014,0.58283,0.12073,-0.00905,0.2813,0.95259
2662,3249.4,28665999,1909114,0.478,0.603,9988,10802,14500,0.01140344,0,0,0.0554,0.0978,0.2605,0.0644,0.01069,0.59204,0.11074,-0.00866,0.26118,0.98083
2663,3250.5,28676785,1909807,0.481,0.594,10037,10786,14519,0.0114002,0,0,0.0604,0.1085,0.2749,0.0371,0.01131,0.5817,0.10622,-0.01103,0.25724,0.99776
2664,3251.6,28687584,1910497,0.473,0.615,9922,10799,14494,0.01139696,0,0,0.0565,0.0998,0.2623,0.0544,0.01112,0.60356,0.10484,-0.00904,0.25048,0.99708
2665,3252.7,28698391,1911204,0.464,0.617,9998,10807,14529,0.01139372,0,0,0.0576,0.1026,0.2718,0.0318,0.01148,0.60497,0.09868,-0.01037,0.24088,1.00048
2666,3253.8,28709234,1911913,0.512,0.615,9621,10843,14552,0.01139048,0,0,0.0573,0.1114,0.2852,0.0578,0.01081,0.60357,0.12074,-0.01012,0.2846,1.00408
2667,3254.8,28720103,1912599,0.445,0.619,10215,10869,14544,0.01138723,0,0,0.0512,0.0904,0.2703,0.0334,0.01182,0.60618,0.1289,-0.00857,0.29683,0.96111
2668,3256.0,28731014,1913285,0.505,0.625,9659,10911,14607,0.01138397,0,0,0.06,0.1042,0.2739,0.0669,0.0103,0.61375,0.11874,-0.01112,0.28223,0.98825
2669,3257.2,28741923,1913976,0.623,0.632,8694,10909,14602,0.0113807,0,0,0.0692,0.1588,0.3255,0.0691,0.01179,0.61967,0.11265,-0.01145,0.27125,1.01257
2670,3258.6,28752805,1914678,0.701,0.618,8251,10882,14578,0.01137742,0,0,0.0784,0.1603,0.3704,0.0922,0.01164,0.6051,0.1095,-0.00671,0.25503,0.99358
2671,3259.8,28763659,1915354,0.646,0.621,8562,10854,14584,0.01137416,0,0,0.084,0.1628,0.3499,0.0498,0.01169,0.60843,0.11535,-0.00955,0.27287,1.01452
2672,3261.1,28774520,1916060,0.678,0.62,8364,10861,14562,0.0113709,0,0,0.0798,0.1663,0.3487,0.0836,0.01171,0.60728,0.12491,-0.00967,0.29146,0.98099
2673,3262.3,28785430,1916734,0.559,0.611,9321,10910,14607,0.01136764,0,0,0.0623,0.1186,0.3058,0.0727,0.01127,0.59833,0.11689,-0.00954,0.27567,1.00308
2674,3263.4,28796319,1917439,0.554,0.585,9565,10889,14619,0.01136437,0,0,0.0616,0.1276,0.2946,0.0699,0.01058,0.57285,0.12192,-0.00774,0.2824,1.01484
2675,3264.5,28807203,1918129,0.505,0.584,9990,10884,14619,0.0113611,0,0,0.0563,0.1204,0.2625,0.0662,0.0104,0.57299,0.11343,-0.00802,0.26561,0.9995
2676,3265.6,28818031,1918810,0.481,0.584,10161,10828,14540,0.01135784,0,0,0.055,0.0986,0.265,0.0628,0.01101,0.57253,0.10732,-0.012,0.26119,0.99244
2677,3266.6,28828923,1919486,0.451,0.588,10486,10892,14612,0.01135459,0,0,0.0559,0.0981,0.2564,0.0404,0.01062,0.57663,0.11787,-0.00855,0.27582,1.01224
2678,3267.7,28839846,1920174,0.504,0.585,10026,10923,14639,0.01135132,0,0,0.0568,0.1095,0.2801,0.0576,0.00976,0.57487,0.11689,-0.00786,0.27148,0.96782
2679,3268.8,28850707,1920854,0.467,0.582,10349,10861,14594,0.01134805,0,0,0.056,0.0999,0.2621,0.0491,0.0108,0.57074,0.11481,-0.00876,0.27015,1.01356
2680,3269.8,28861580,1921537,0.462,0.578,10458,10873,14607,0.01134479,0,0,0.0538,0.0996,0.2426,0.0658,0.01098,0.56633,0.11522,-0.00989,0.27338,1.02045
2681,3270.9,28872456,1922211,0.464,0.599,10226,10876,14587,0.01134153,0,0,0.0551,0.1064,0.2699,0.0329,0.01124,0.58752,0.11834,-0.00652,0.27258,1.00742
2682,3271.9,28883257,1922916,0.433,0.584,10623,10801,14524,0.01133826,0,0,0.0519,0.09,0.2454,0.0453,0.01036,0.57308,0.11609,-0.0087,0.27239,1.00518
2683,3272.9,28894095,1923606,0.489,0.575,10189,10838,14542,0.01133502,0,0,0.0606,0.1164,0.2807,0.0315,0.01089,0.56311,0.13147,-0.00711,0.2993,0.9771
2684,3274.0,28904910,1924313,0.459,0.575,10452,10815,14535,0.01133177,0,0,0.0504,0.0972,0.2488,0.063,0.01047,0.56415,0.11608,-0.00853,0.27206,1.00738
2685,3275.0,28915757,1925010,0.387,0.593,11061,10847,14574,0.01132853,0,0,0.046,0.0825,0.2286,0.0303,0.01077,0.58188,0.12035,-0.00957,0.28277,1.01163
2686,3276.0,28926581,1925717,0.436,0.581,10645,10824,14554,0.01132527,0,0,0.0542,0.0989,0.2492,0.0337,0.0107,0.56936,0.10654,-0.0072,0.25088,1.03335
2687,3277.0,28937411,1926425,0.465,0.58,10366,10830,14533,0.01132203,0,0,0.0559,0.1046,0.2463,0.0578,0.01045,0.56872,0.12314,-0.00765,0.28424,1.0007
2688,3278.1,28948198,1927100,0.457,0.589,10310,10787,14483,0.01131878,0,0,0.0583,0.1042,0.2566,0.0382,0.01135,0.57629,0.11271,-0.00869,0.26517,0.98822
2689,3279.3,28959024,1927783,0.608,0.607,8913,10826,14539,0.01131554,0,0,0.0678,0.1377,0.3019,0.1003,0.01094,0.59477,0.11544,-0.00993,0.27305,0.98597
2690,3280.5,28969807,1928492,0.63,0.604,8743,10783,14491,0.01131229,0,0,0.0744,0.1564,0.2962,0.1028,0.0108,0.59177,0.1132,-0.00631,0.26177,1.00526
2691,3281.7,28980613,1929177,0.565,0.601,9267,10806,14492,0.01130906,0,0,0.06,0.1136,0.3078,0.0837,0.01074,0.58958,0.12423,-0.00794,0.28681,0.99387
2692,3282.8,28991493,1929868,0.485,0.6,10027,10880,14606,0.01130582,0,0,0.0577,0.1115,0.2682,0.0474,0.01106,0.58851,0.1209,-0.00787,0.28012,0.99797
2693,3283.9,29002286,1930564,0.545,0.617,9283,10793,14518,0.01130255,0,0,0.0659,0.1356,0.287,0.0567,0.01086,0.60586,0.11839,-0.009,0.27753,1.00655
2694,3285.1,29013092,1931255,0.542,0.617,9327,10806,14523,0.01129931,0,0,0.0656,0.1275,0.2963,0.0524,0.01123,0.60493,0.11249,-0.00922,0.26675,1.03204
2695,3286.3,29023928,1931947,0.536,0.622,9357,10836,14543,0.01129607,0,0,0.0605,0.1178,0.3061,0.0515,0.0112,0.60979,0.11229,-0.01066,0.26919,1.03073
2696,3287.5,29034749,1932655,0.594,0.618,8931,10821,14533,0.01129282,0,0,0.0712,0.1396,0.3062,0.0769,0.01135,0.60539,0.10905,-0.0056,0.25307,1.05143
2697,3288.7,29045577,1933356,0.593,0.615,8962,10828,14573,0.01128958,0,0,0.0663,0.1345,0.2923,0.0995,0.01211,0.6021,0.12002,-0.00775,0.27937,1.05521
2698,3289.8,29056392,1934048,0.526,0.617,9466,10815,14534,0.01128633,0,0,0.0565,0.1146,0.2702,0.0847,0.01153,0.6043,0.12343,-0.00678,0.2838,1.03576
2699,3290.9,29067244,1934714,0.496,0.61,9811,10852,14577,0.01128308,0,0,0.0505,0.1062,0.2687,0.0705,0.01151,0.5981,0.12838,-0.01004,0.30072,1.0577
2700,3292.0,29078087,1935421,0.437,0.594,10521,10843,14541,0.01127983,0,0,0.0514,0.0915,0.2491,0.0447,0.01119,0.58214,0.1195,-0.00822,0.27871,1.03183
2701,3293.0,29088897,1936088,0.458,0.595,10270,10810,14528,0.01127657,0,0,0.0508,0.094,0.2553,0.0574,0.00992,0.58447,0.11668,-0.00827,0.27344,1.04429
2702,3294.1,29099750,1936781,0.436,0.597,10504,10853,14558,0.01127333,0,0,0.0517,0.0995,0.2532,0.0313,0.01003,0.58678,0.12837,-0.01013,0.30039,1.0369
2703,3295.3,29110592,1937459,0.629,0.601,8811,10842,14549,0.01127008,0,0,0.0717,0.1611,0.3258,0.0705,0.01198,0.58879,0.13074,-0.00904,0.30254,1.01892
2704,3296.5,29121453,1938150,0.59,0.604,9094,10861,14591,0.01126682,0,0,0.0699,0.1499,0.3094,0.0607,0.01132,0.59216,0.11684,-0.00607,0.26933,1.04307
2705,3297.7,29132262,1938839,0.588,0.607,9048,10809,14531,0.01126356,0,0,0.0703,0.1405,0.2934,0.0838,0.0116,0.59389,0.12612,-0.00775,0.2907,1.01975
2706,3299.1,29143115,1939549,0.755,0.611,7947,10853,14562,0.01126032,0,0,0.0851,0.1912,0.379,0.0996,0.01246,0.59669,0.12047,-0.00839,0.2812,1.04246
2707,3300.5,29154034,1940242,0.745,0.604,8097,10919,14654,0.01125707,0,0,0.0781,0.2292,0.3522,0.0851,0.01044,0.5925,0.11957,-0.0089,0.28077,1.05906
2708,3301.7,29164937,1940932,0.608,0.601,9015,10903,14635,0.01125379,0,0,0.0695,0.1477,0.3214,0.0695,0.01265,0.58804,0.11808,-0.00889,0.27781,1.06042
2709,3302.8,29175860,1941610,0.501,0.599,9937,10923,14662,0.01125052,0,0,0.0615,0.1068,0.2823,0.05,0.01113,0.58687,0.10108,-0.00944,0.24481,1.05662
2710,3303.9,29186795,1942314,0.543,0.599,9572,10935,14668,0.01124724,0,0,0.0646,0.138,0.2925,0.0481,0.01128,0.58705,0.12144,-0.01006,0.28729,1.0798
2711,3305.0,29197693,1943001,0.527,0.601,9661,10898,14645,0.01124396,0,0,0.0613,0.1149,0.277,0.0734,0.01131,0.58929,0.10872,-0.0095,0.2607,1.07828
2712,3306.1,29208631,1943683,0.493,0.602,9990,10938,14663,0.01124069,0,0,0.0626,0.1217,0.2723,0.036,0.01178,0.58957,0.11235,-0.00631,0.26172,1.08506
2713,3307.3,29219493,1944371,0.532,0.602,9577,10862,14590,0.01123741,0,0,0.0611,0.1125,0.2736,0.0845,0.01024,0.59155,0.11862,-0.00441,0.26966,1.04963
2714,3308.4,29230399,1945052,0.517,0.615,9632,10906,14623,0.01123415,0,0,0.0624,0.1204,0.2925,0.0419,0.01168,0.6025,0.12824,-0.01135,0.30252,1.03878
2715,3309.6,29241266,1945763,0.579,0.61,9136,10867,14608,0.01123088,0,0,0.066,0.1312,0.3039,0.078,0.01129,0.5984,0.11508,-0.00977,0.27305,1.03991
2716,3310.7,29252125,1946473,0.539,0.609,9459,10859,14573,0.01122762,0,0,0.0632,0.1279,0.3104,0.0379,0.01114,0.59678,0.11756,-0.00954,0.27713,1.02106
2717,3311.9,29262949,1947195,0.558,0.608,9278,10824,14543,0.01122436,0,0,0.0647,0.1202,0.3012,0.0719,0.01113,0.59675,0.12396,-0.00943,0.28965,1.01915
2718,3313.0,29273783,1947892,0.526,0.613,9518,10834,14536,0.01122112,0,0,0.0667,0.1257,0.2898,0.0433,0.01187,0.60018,0.1301,-0.01069,0.30398,0.99868
2719,3314.2,29284618,1948617,0.553,0.612,9296,10835,14571,0.01121787,0,0,0.0598,0.1096,0.2986,0.0853,0.01075,0.60088,0.12577,-0.01096,0.29551,0.98266
2720,3315.3,29295430,1949340,0.51,0.625,9527,10812,14523,0.01121461,0,0,0.0608,0.1209,0.2962,0.0319,0.01089,0.61346,0.1289,-0.00821,0.29707,1.01948
2721,3316.6,29306241,1950031,0.574,0.651,8824,10811,14557,0.01121137,0,0,0.0676,0.1231,0.3084,0.0747,0.01249,0.63821,0.13255,-0.00935,0.30634,1.00546
2722,3317.8,29317033,1950744,0.589,0.652,8699,10792,14519,0.01120813,0,0,0.0667,0.1341,0.3336,0.0546,0.01123,0.63928,0.13384,-0.00747,0.30511,1.00349
2723,3319.1,29327846,1951437,0.672,0.652,8164,10813,14519,0.01120489,0,0,0.0722,0.1517,0.3514,0.0971,0.01194,0.63877,0.123,-0.00836,0.28467,0.98
2724,3320.4,29338638,1952127,0.618,0.651,8506,10792,14497,0.01120165,0,0,0.0736,0.1531,0.33,0.0609,0.01174,0.63821,0.12585,-0.00971,0.29393,1.01833
2725,3321.7,29349389,1952836,0.665,0.659,8118,10751,14496,0.01119841,0,0,0.0746,0.1488,0.3392,0.1024,0.01399,0.644,0.12412,-0.01024,0.29164,1.02343
2726,3323.0,29360162,1953530,0.627,0.657,8395,10773,14505,0.01119518,0,0,0.0728,0.1538,0.3349,0.0652,0.0117,0.64417,0.13812,-0.00903,0.31616,0.97667
2727,3324.3,29370956,1954236,0.617,0.657,8475,10794,14543,0.01119195,0,0,0.077,0.1403,0.3456,0.0541,0.01155,0.64421,0.12695,-0.00691,0.28929,0.96411
2728,3325.6,29381778,1954965,0.647,0.652,8330,10822,14549,0.01118871,0,0,0.0697,0.1527,0.3296,0.0946,0.01072,0.64104,0.1167,-0.00817,0.27112,0.95603
2729,3326.8,29392583,1955679,0.543,0.635,9175,10805,14532,0.01118547,0,0,0.0683,0.1261,0.3083,0.0403,0.01161,0.6223,0.13391,-0.00783,0.30475,0.95117
2730,3327.9,29403399,1956389,0.533,0.619,9393,10816,14552,0.01118223,0,0,0.0622,0.1189,0.2972,0.0545,0.01122,0.60677,0.13266,-0.00941,0.30523,0.94366
2731,3329.1,29414221,1957110,0.535,0.616,9397,10822,14561,0.01117898,0,0,0.0623,0.1201,0.3148,0.038,0.01137,0.60439,0.12632,-0.00619,0.28529,0.90657
2732,3330.2,29425080,1957817,0.509,0.615,9662,10859,14580,0.01117573,0,0,0.0601,0.1092,0.2911,0.0482,0.01097,0.60367,0.12518,-0.00801,0.28635,0.89319
2733,3331.3,29435887,1958559,0.542,0.613,9355,10807,14526,0.01117248,0,0,0.0684,0.1334,0.2996,0.041,0.01179,0.60038,0.12941,-0.00855,0.2966,0.92498
2734,3332.5,29446712,1959274,0.53,0.6,9584,10825,14545,0.01116923,0,0,0.0624,0.1265,0.275,0.0658,0.01099,0.58814,0.123,-0.00736,0.28183,0.94569
2735,3333.6,29457540,1960016,0.52,0.601,9658,10828,14570,0.01116599,0,0,0.0632,0.1146,0.2961,0.0459,0.01051,0.59009,0.12268,-0.00837,0.28328,0.94795
2736,3334.8,29468403,1960763,0.56,0.605,9322,10863,14600,0.01116274,0,0,0.0663,0.1339,0.3095,0.0505,0.01061,0.59374,0.12462,-0.00507,0.28069,0.95491
2737,3335.9,29479238,1961486,0.539,0.609,9440,10835,14591,0.01115948,0,0,0.0673,0.139,0.2854,0.0476,0.01036,0.59655,0.13406,-0.00606,0.30221,0.98437
2738,3337.1,29490095,1962222,0.564,0.606,9281,10857,14589,0.01115623,0,0,0.0687,0.1405,0.2974,0.057,0.01117,0.59427,0.12689,-0.00731,0.29048,0.9901
2739,3338.3,29500937,1962930,0.573,0.601,9239,10842,14568,0.01115297,0,0,0.0709,0.1434,0.3157,0.0426,0.01117,0.58892,0.12491,-0.00628,0.28468,0.99972
2740,3339.4,29511814,1963670,0.521,0.599,9709,10877,14611,0.01114972,0,0,0.0597,0.1212,0.2706,0.0696,0.0107,0.58792,0.11391,-0.00823,0.26679,1.00957
2741,3340.5,29522733,1964385,0.48,0.6,10111,10919,14621,0.01114646,0,0,0.0609,0.1034,0.2738,0.0416,0.01069,0.58863,0.11654,-0.00974,0.27539,1.02445
2742,3341.6,29533629,1965114,0.509,0.602,9811,10896,14633,0.01114318,0,0,0.0622,0.1151,0.279,0.0524,0.01094,0.59025,0.12309,-0.00943,0.28734,1.00113
2743,3342.7,29544536,1965825,0.519,0.602,9730,10907,14633,0.01113991,0,0,0.0632,0.1289,0.2788,0.0481,0.01085,0.59026,0.12638,-0.01018,0.29516,0.98966
2744,3343.8,29555400,1966533,0.542,0.605,9475,10864,14565,0.01113664,0,0,0.0587,0.1199,0.2839,0.0792,0.01116,0.59269,0.11813,-0.00814,0.27544,1.02799
2745,3344.9,29566285,1967254,0.491,0.606,9929,10885,14590,0.01113338,0,0,0.0564,0.1093,0.2674,0.0576,0.01037,0.59459,0.12222,-0.01156,0.29047,1.02917
2746,3346.0,29577177,1967956,0.481,0.601,10068,10892,14621,0.01113011,0,0,0.0542,0.1062,0.2517,0.0689,0.01054,0.58973,0.11883,-0.00611,0.2733,1.05189
2747,3347.1,29588009,1968661,0.455,0.6,10262,10832,14541,0.01112685,0,0,0.0536,0.0949,0.2699,0.0366,0.01112,0.58837,0.11882,-0.00918,0.27873,1.02143
2748,3348.2,29598898,1969352,0.476,0.608,10045,10889,14583,0.0111236,0,0,0.0562,0.1018,0.2688,0.0491,0.01058,0.59684,0.11244,-0.01015,0.26836,1.04217
2749,3349.2,29609765,1970060,0.443,0.611,10311,10867,14598,0.01112033,0,0,0.0519,0.0915,0.2643,0.0356,0.01066,0.59935,0.11902,-0.01062,0.28243,1.04047
2750,3350.3,29620601,1970758,0.495,0.612,9786,10836,14543,0.01111707,0,0,0.0582,0.1037,0.275,0.0584,0.01088,0.60042,0.1316,-0.00991,0.30605,1.03646
2751,3351.4,29631398,1971456,0.446,0.611,10208,10797,14528,0.01111382,0,0,0.0533,0.0938,0.267,0.0322,0.01063,0.60022,0.12579,-0.00804,0.29199,1.09433
2752,3352.5,29642197,1972144,0.477,0.617,9874,10799,14525,0.01111058,0,0,0.0514,0.1024,0.2644,0.0587,0.01152,0.60457,0.12427,-0.01127,0.29496,1.07449
2753,3353.6,29652996,1972865,0.438,0.618,10226,10799,14506,0.01110734,0,0,0.0504,0.0892,0.2675,0.0311,0.01134,0.60552,0.12776,-0.00701,0.29346,1.07654
2754,3354.8,29663797,1973562,0.553,0.619,9213,10801,14523,0.0111041,0,0,0.0677,0.1388,0.3015,0.045,0.01162,0.60701,0.11296,-0.00853,0.2671,1.0858
2755,3355.9,29674573,1974261,0.541,0.609,9378,10776,14504,0.01110086,0,0,0.0656,0.1299,0.3029,0.0421,0.01113,0.59656,0.10571,-0.00964,0.25467,1.07971
2756,3357.2,29685380,1974960,0.626,0.603,8798,10807,14500,0.01109763,0,0,0.076,0.1602,0.331,0.0583,0.0113,0.59092,0.11176,-0.00959,0.26656,1.07527
2757,3358.3,29696179,1975657,0.54,0.603,9449,10799,14500,0.01109439,0,0,0.0641,0.1219,0.3001,0.0541,0.01122,0.59061,0.11237,-0.00752,0.26345,1.06651
2758,3359.5,29706970,1976355,0.57,0.602,9205,10791,14499,0.01109115,0,0,0.0661,0.1357,0.2931,0.0748,0.01073,0.59096,0.10722,-0.0095,0.25729,1.07477
2759,3360.6,29717724,1977046,0.516,0.6,9635,10754,14468,0.01108791,0,0,0.0667,0.1271,0.2733,0.0487,0.01031,0.58923,0.10268,-0.01026,0.24925,1.05317
2760,3361.8,29728449,1977742,0.585,0.605,9014,10725,14462,0.01108468,0,0,0.0682,0.1347,0.313,0.069,0.01163,0.59274,0.08505,-0.00893,0.21253,1.10766
2761,3362.9,29739253,1978450,0.523,0.605,9586,10804,14514,0.01108147,0,0,0.0617,0.121,0.2991,0.0408,0.01062,0.59328,0.10925,-0.00739,0.25644,1.04505
2762,3364.0,29750007,1979143,0.532,0.605,9458,10754,14471,0.01107822,0,0,0.0595,0.1125,0.2911,0.0693,0.01084,0.59322,0.10935,-0.00891,0.25989,1.05468
2763,3365.2,29760752,1979833,0.531,0.607,9438,10745,14459,0.011075,0,0,0.0659,0.1289,0.3015,0.0351,0.0104,0.59578,0.10225,-0.00645,0.24099,1.06549
2764,3366.4,29771545,1980524,0.641,0.605,8660,10793,14500,0.01107177,0,0,0.0781,0.1584,0.3202,0.0843,0.01181,0.59256,0.10993,-0.00457,0.25214,1.04474
2765,3367.6,29782352,1981205,0.57,0.603,9213,10807,14534,0.01106854,0,0,0.0742,0.1496,0.3036,0.043,0.01127,0.59074,0.10671,-0.00789,0.25172,1.01769
2766,3368.8,29793185,1981916,0.547,0.605,9408,10833,14555,0.01106529,0,0,0.0682,0.1364,0.2792,0.0629,0.01219,0.59133,0.1133,-0.00528,0.25983,1.02433
2767,3369.9,29803969,1982631,0.564,0.605,9228,10784,14489,0.01106204,0,0,0.0669,0.1422,0.3033,0.0511,0.01085,0.59298,0.10444,-0.00712,0.24631,1.04819
2768,3371.2,29814769,1983329,0.668,0.61,8453,10800,14535,0.01105881,0,0,0.0771,0.1599,0.3219,0.1087,0.01223,0.59698,0.11904,-0.00669,0.27458,1.04539
2769,3372.4,29825532,1984031,0.614,0.62,8720,10763,14491,0.01105557,0,0,0.0724,0.1393,0.3191,0.0829,0.01151,0.60792,0.10898,-0.00993,0.26111,1.05318
2770,3373.7,29836308,1984722,0.625,0.618,8672,10776,14482,0.01105234,0,0,0.0717,0.1494,0.3258,0.0781,0.01024,0.60638,0.11573,-0.01037,0.27525,1.04307
2771,3374.8,29847147,1985419,0.539,0.616,9384,10839,14533,0.01104911,0,0,0.0734,0.1277,0.2907,0.0471,0.01193,0.60369,0.12487,-0.01115,0.29438,1.01118
2772,3376.0,29857979,1986111,0.562,0.615,9205,10832,14559,0.01104586,0,0,0.0689,0.1266,0.3027,0.0638,0.01172,0.60228,0.10337,-0.00891,0.24766,1.04629
2773,3377.1,29868768,1986798,0.507,0.614,9627,10789,14498,0.01104261,0,0,0.0634,0.1154,0.2947,0.0333,0.01119,0.60201,0.11878,-0.00937,0.27981,1.06461
2774,3378.3,29879608,1987485,0.563,0.614,9206,10840,14550,0.01103937,0,0,0.0656,0.1204,0.2985,0.0787,0.01147,0.60199,0.11308,-0.01072,0.27117,1.06731
2775,3379.5,29890500,1988167,0.549,0.641,9155,10892,14606,0.01103612,0,0,0.0688,0.1337,0.3076,0.0387,0.01091,0.62929,0.11744,-0.01104,0.27983,1.03587
2776,3380.8,29901376,1988845,0.62,0.673,8413,10876,14573,0.01103285,0,0,0.0721,0.1311,0.3299,0.0872,0.01202,0.65978,0.11859,-0.00808,0.27659,1.05406
2777,3382.0,29912274,1989551,0.572,0.676,8733,10898,14617,0.01102959,0,0,0.0671,0.1192,0.3464,0.0391,0.01207,0.66339,0.10451,-0.00866,0.24994,1.07015
2778,3383.3,29923123,1990237,0.588,0.677,8580,10849,14576,0.01102632,0,0,0.068,0.1225,0.3338,0.0634,0.01409,0.66163,0.10733,-0.01066,0.25899,1.04414
2779,3384.6,29933958,1990909,0.575,0.67,8701,10835,14565,0.01102306,0,0,0.0692,0.1247,0.34,0.0416,0.01316,0.65587,0.10261,-0.0078,0.24479,1.08696
2780,3385.8,29944866,1991595,0.593,0.667,8660,10908,14610,0.01101981,0,0,0.0683,0.119,0.3289,0.0764,0.01191,0.65421,0.11232,-0.00748,0.26267,1.04616
2781,3387.0,29955752,1992295,0.534,0.616,9470,10886,14583,0.01101654,0,0,0.0656,0.1196,0.3122,0.0361,0.01156,0.60381,0.12248,-0.00845,0.28337,0.97638
2782,3388.2,29966671,1992987,0.567,0.621,9191,10919,14630,0.01101327,0,0,0.0645,0.1155,0.3052,0.0823,0.01138,0.60854,0.12049,-0.00633,0.27584,1.00845
2783,3389.3,29977537,1993690,0.518,0.623,9515,10866,14588,0.01101,0,0,0.0636,0.1139,0.303,0.0379,0.01114,0.61145,0.11075,-0.00725,0.25773,0.98681
2784,3390.5,29988448,1994381,0.609,0.623,8851,10911,14604,0.01100674,0,0,0.0758,0.1439,0.3234,0.0662,0.01123,0.61148,0.11876,-0.0078,0.27485,0.98673
2785,3391.7,29999333,1995082,0.558,0.626,9193,10885,14591,0.01100347,0,0,0.0686,0.134,0.3153,0.04,0.01134,0.61423,0.11454,-0.00988,0.27032,0.97643
2786,3392.9,30010197,1995771,0.587,0.626,8961,10864,14569,0.0110002,0,0,0.0619,0.1184,0.3315,0.0747,0.01109,0.61375,0.11827,-0.00867,0.27558,0.98697
2787,3394.1,30021096,1996453,0.578,0.621,9085,10899,14612,0.01099694,0,0,0.07,0.1311,0.3201,0.0571,0.01054,0.6101,0.11578,-0.00968,0.2727,0.9903
2788,3395.4,30032016,1997136,0.639,0.617,8697,10920,14639,0.01099367,0,0,0.0713,0.1502,0.3376,0.08,0.01103,0.60487,0.10826,-0.00767,0.25342,0.98133
2789,3396.5,30042920,1997822,0.521,0.601,9722,10904,14604,0.0109904,0,0,0.0608,0.1092,0.2751,0.0759,0.01158,0.58834,0.11035,-0.00761,0.25799,1.00408
2790,3397.6,30053781,1998501,0.527,0.607,9578,10861,14598,0.01098712,0,0,0.0641,0.1154,0.2901,0.0576,0.01144,0.59441,0.10159,-0.00965,0.24537,1.041
2791,3398.8,30064684,1999195,0.531,0.606,9585,10903,14580,0.01098387,0,0,0.0657,0.1244,0.2976,0.0436,0.01121,0.59416,0.10928,-0.01001,0.26053,0.99916
2792,3400.0,30075567,1999881,0.57,0.608,9238,10883,14598,0.01098059,0,0,0.0679,0.1399,0.2851,0.0769,0.01141,0.59625,0.10365,-0.01078,0.2512,1.01669
2793,3401.1,30086433,2000567,0.553,0.607,9369,10866,14562,0.01097733,0,0,0.0684,0.1423,0.2872,0.0552,0.01132,0.59462,0.10972,-0.00729,0.25589,0.99617
2794,3402.2,30097302,2001245,0.531,0.606,9559,10869,14543,0.01097407,0,0,0.0633,0.1162,0.2853,0.0663,0.01128,0.59392,0.11862,-0.00777,0.27399,0.96594
2795,3403.3,30108193,2001947,0.496,0.602,9915,10891,14607,0.01097081,0,0,0.0618,0.1179,0.2828,0.0337,0.01178,0.5895,0.1193,-0.00996,0.28063,1.00724
2796,3404.4,30119073,2002619,0.5,0.6,9888,10880,14590,0.01096754,0,0,0.0623,0.1078,0.2867,0.0437,0.01028,0.58901,0.10168,-0.00816,0.24108,0.97626
2797,3405.6,30129985,2003322,0.555,0.6,9446,10912,14619,0.01096428,0,0,0.0713,0.1431,0.3007,0.0399,0.01043,0.58889,0.11308,-0.00925,0.26649,0.99493
2798,3406.7,30140863,2004016,0.54,0.6,9543,10878,14582,0.010961,0,0,0.0636,0.1116,0.2943,0.0704,0.00974,0.58953,0.10109,-0.00938,0.24278,0.99627
2799,3408.0,30151702,2004704,0.635,0.609,8714,10839,14550,0.01095774,0,0,0.0749,0.1737,0.3162,0.0705,0.01189,0.59575,0.09835,-0.0081,0.23544,1.02875
2800,3409.2,30162597,2005404,0.636,0.609,8751,10895,14583,0.01095449,0,0,0.0784,0.161,0.3099,0.0864,0.01194,0.59657,0.11484,-0.00997,0.2716,1.00381
2801,3410.9,30173435,2006090,0.639,0.609,8688,10838,14536,0.01095122,0,0,0.0763,0.1577,0.306,0.0987,0.01204,0.59605,0.11946,-0.01009,0.28099,0.99993
2802,3412.3,30184355,2006779,0.648,0.622,8598,10920,14640,0.01094797,0,0,0.0802,0.1581,0.3271,0.0823,0.01221,0.60963,0.1118,-0.00864,0.26232,0.97945
2803,3413.5,30195293,2007478,0.614,0.622,8853,10938,14642,0.01094469,0,0,0.0774,0.1562,0.328,0.0522,0.01154,0.60906,0.12748,-0.00724,0.2896,0.9205
2804,3414.9,30206211,2008159,0.737,0.621,8039,10918,14617,0.01094141,0,0,0.0833,0.1824,0.3908,0.0804,0.01196,0.60849,0.10122,-0.01117,0.24622,0.97886
2805,3416.2,30217146,2008828,0.657,0.621,8555,10935,14637,0.01093814,0,0,0.0805,0.1602,0.3318,0.0843,0.01268,0.60757,0.11564,-0.01062,0.27393,0.97928
2806,3417.5,30228047,2009498,0.694,0.625,8263,10901,14593,0.01093486,0,0,0.0816,0.165,0.3411,0.1061,0.01237,0.61221,0.11572,-0.00804,0.26986,1.02155
2807,3418.7,30238949,2010159,0.615,0.624,8801,10902,14594,0.01093159,0,0,0.0781,0.1575,0.3215,0.0579,0.01201,0.6104,0.11487,-0.00996,0.27209,1.02637
2808,3420.1,30249820,2010861,0.719,0.612,8166,10871,14576,0.01092832,0,0,0.0832,0.1941,0.3745,0.0672,0.01268,0.59846,0.11391,-0.00859,0.26773,1.04027
2809,3421.6,30260651,2011508,0.896,0.614,7173,10831,14500,0.01092505,0,0,0.1025,0.2582,0.4618,0.0737,0.0118,0.6008,0.10197,-0.00891,0.24324,0.98227
2810,3422.9,30271539,2012197,0.737,0.614,8059,10888,14567,0.0109218,0,0,0.0932,0.184,0.3247,0.1349,0.01202,0.60128,0.10799,-0.00931,0.25613,0.9858
2811,3424.2,30282385,2012872,0.657,0.606,8593,10846,14562,0.01091854,0,0,0.0839,0.1689,0.3134,0.0905,0.01171,0.59295,0.11874,-0.00843,0.27621,1.00135
2812,3425.5,30293208,2013556,0.72,0.607,8154,10823,14541,0.01091528,0,0,0.0812,0.185,0.3531,0.1006,0.01238,0.59426,0.09744,-0.00904,0.23421,0.9742
2813,3426.7,30304045,2014239,0.56,0.603,9315,10837,14541,0.01091204,0,0,0.0697,0.1298,0.3139,0.0465,0.01046,0.59224,0.11877,-0.01184,0.28206,0.95514
2814,3427.9,30314879,2014936,0.609,0.61,8885,10834,14529,0.01090879,0,0,0.0711,0.1474,0.3076,0.0833,0.01142,0.59745,0.11159,-0.00905,0.26257,0.97628
2815,3429.1,30325727,2015634,0.618,0.608,8850,10848,14573,0.01090554,0,0,0.0712,0.1383,0.2989,0.1099,0.0118,0.59486,0.09731,-0.00973,0.23575,0.99357
2816,3430.3,30336601,2016339,0.624,0.605,8851,10874,14600,0.01090228,0,0,0.0755,0.1541,0.3116,0.0826,0.01024,0.59377,0.10358,-0.00891,0.24651,0.98689
2817,3431.5,30347470,2017041,0.569,0.603,9276,10869,14563,0.01089902,0,0,0.0729,0.1344,0.3022,0.0596,0.01149,0.59047,0.11039,-0.00967,0.26148,0.98044
2818,3432.7,30358356,2017731,0.586,0.6,9174,10886,14594,0.01089576,0,0,0.0728,0.1411,0.2877,0.0848,0.01112,0.58846,0.10901,-0.01094,0.26106,0.97108
2819,3433.8,30369238,2018435,0.503,0.602,9846,10882,14578,0.01089249,0,0,0.0652,0.1215,0.2775,0.0391,0.0112,0.5897,0.10308,-0.01116,0.24978,0.97798
2820,3434.9,30380164,2019127,0.536,0.603,9588,10926,14644,0.01088923,0,0,0.07,0.1355,0.2773,0.0535,0.0121,0.59054,0.10626,-0.0089,0.25143,0.96888
2821,3436.1,30391040,2019822,0.526,0.612,9557,10876,14589,0.01088595,0,0,0.0717,0.1299,0.2812,0.0431,0.01122,0.60019,0.10136,-0.00999,0.24352,0.95595
2822,3437.3,30401917,2020494,0.548,0.614,9359,10877,14583,0.01088269,0,0,0.0689,0.1336,0.2962,0.0498,0.01137,0.60166,0.12722,-0.00987,0.29499,0.95534
2823,3438.4,30412783,2021205,0.568,0.614,9191,10866,14572,0.01087942,0,0,0.0763,0.14,0.2862,0.066,0.01161,0.6012,0.10963,-0.00815,0.25718,0.99375
2824,3439.6,30423630,2021893,0.576,0.613,9124,10847,14577,0.01087617,0,0,0.0656,0.1261,0.2922,0.0925,0.01145,0.60022,0.11906,-0.00897,0.2776,0.99059
2825,3440.8,30434536,2022560,0.563,0.605,9339,10906,14623,0.01087291,0,0,0.0709,0.1346,0.3092,0.0482,0.01089,0.5932,0.11812,-0.00919,0.27663,1.0123
2826,3442.0,30445432,2023254,0.563,0.609,9296,10896,14585,0.01086964,0,0,0.0688,0.1376,0.2988,0.0575,0.01157,0.59659,0.13078,-0.00742,0.29763,0.97623
2827,3443.2,30456325,2023922,0.596,0.609,9041,10893,14602,0.01086637,0,0,0.0772,0.1513,0.3143,0.0532,0.01189,0.59619,0.11101,-0.01018,0.26437,1.01234
2828,3444.5,30467235,2024613,0.643,0.641,8499,10910,14609,0.0108631,0,0,0.0742,0.1507,0.3397,0.0781,0.01139,0.62875,0.12554,-0.00744,0.28732,0.98321
2829,3445.7,30478075,2025279,0.601,0.649,8672,10840,14533,0.01085983,0,0,0.0728,0.1378,0.3458,0.0444,0.01278,0.63561,0.10817,-0.01048,0.25808,0.95708
2830,3447.0,30488975,2025951,0.646,0.649,8422,10900,14587,0.01085658,0,0,0.0762,0.1416,0.3394,0.0885,0.01199,0.6359,0.12074,-0.00936,0.28106,0.96081
2831,3448.2,30499882,2026636,0.595,0.647,8782,10907,14609,0.01085331,0,0,0.071,0.1401,0.3334,0.0503,0.01158,0.63467,0.11308,-0.01224,0.2722,0.99351
2832,3449.6,30510778,2027298,0.68,0.644,8230,10896,14612,0.01085004,0,0,0.078,0.1629,0.3723,0.0663,0.01159,0.63206,0.1141,-0.00915,0.26814,0.99772
2833,3450.8,30521734,2027954,0.614,0.618,8891,10956,14664,0.01084677,0,0,0.0734,0.1453,0.3387,0.0567,0.0118,0.60577,0.10756,-0.00868,0.25409,0.9959
2834,3452.0,30532694,2028629,0.556,0.612,9385,10960,14667,0.01084348,0,0,0.0656,0.1254,0.3084,0.0561,0.01192,0.59977,0.12715,-0.01093,0.29753,0.98538
2835,3453.1,30543594,2029292,0.533,0.613,9506,10900,14611,0.01084019,0,0,0.0627,0.1204,0.3001,0.0502,0.0115,0.60095,0.11473,-0.01056,0.27218,0.99718
2836,3454.3,30554503,2029945,0.616,0.616,8856,10909,14624,0.01083692,0,0,0.0738,0.1387,0.3117,0.0919,0.01114,0.60363,0.11341,-0.01147,0.27137,0.99696
2837,3455.6,30565341,2030607,0.596,0.62,8912,10838,14555,0.01083365,0,0,0.0697,0.1451,0.3136,0.068,0.01163,0.60749,0.11255,-0.0076,0.26168,0.98639
2838,3456.8,30576242,2031258,0.577,0.617,9128,10901,14607,0.0108304,0,0,0.0712,0.137,0.3118,0.0574,0.01099,0.60529,0.11253,-0.01022,0.26699,0.99178
2839,3457.9,30587144,2031936,0.563,0.619,9224,10902,14613,0.01082713,0,0,0.069,0.1407,0.3083,0.0446,0.01178,0.60652,0.10796,-0.01101,0.25954,0.99739
2840,3459.1,30598011,2032601,0.593,0.616,8987,10867,14576,0.01082386,0,0,0.0755,0.1453,0.3056,0.067,0.01133,0.60377,0.09358,-0.00992,0.22873,1.0041
2841,3460.4,30608892,2033271,0.625,0.604,8852,10881,14579,0.0108206,0,0,0.0796,0.1581,0.3202,0.0674,0.01224,0.59093,0.1047,-0.00899,0.2493,1.0125
2842,3461.6,30619707,2033933,0.6,0.603,8988,10815,14519,0.01081733,0,0,0.0703,0.1412,0.2988,0.0898,0.01149,0.59078,0.11341,-0.00874,0.26602,1.0039
2843,3462.7,30630533,2034615,0.542,0.604,9444,10826,14556,0.01081409,0,0,0.0671,0.1348,0.2913,0.0489,0.0111,0.59235,0.12219,-0.01019,0.28645,1.00292
2844,3463.9,30641288,2035291,0.598,0.607,8922,10755,14445,0.01081084,0,0,0.0752,0.15,0.3156,0.0577,0.01092,0.59515,0.11074,-0.00696,0.25685,0.99256
2845,3465.1,30652093,2035969,0.557,0.606,9298,10805,14526,0.01080761,0,0,0.069,0.1457,0.2976,0.0443,0.01084,0.59407,0.10288,-0.00864,0.24403,0.97146
2846,3466.3,30662902,2036656,0.615,0.607,8847,10809,14530,0.01080437,0,0,0.0718,0.1411,0.3103,0.0915,0.01222,0.59419,0.10538,-0.00944,0.25024,0.95327
2847,3467.5,30673689,2037344,0.58,0.603,9118,10787,14472,0.01080113,0,0,0.0713,0.1437,0.3034,0.0615,0.01004,0.59252,0.11783,-0.00884,0.27398,0.95574
2848,3468.7,30684503,2038005,0.595,0.603,9026,10814,14506,0.01079789,0,0,0.0702,0.1363,0.2909,0.0979,0.01096,0.59063,0.11281,-0.01014,0.26629,0.94389
2849,3469.8,30695327,2038708,0.541,0.599,9495,10824,14528,0.01079465,0,0,0.0699,0.1369,0.2887,0.0452,0.01025,0.58812,0.11208,-0.00888,0.26318,0.98445
2850,3471.0,30706152,2039359,0.581,0.605,9127,10825,14513,0.0107914,0,0,0.0713,0.1478,0.2989,0.0634,0.01137,0.59244,0.11786,-0.01048,0.27738,0.95916
2851,3472.2,30717026,2040039,0.593,0.603,9090,10874,14503,0.01078815,0,0,0.0781,0.1606,0.3146,0.0396,0.01115,0.59128,0.11864,-0.0094,0.27554,0.90174
2852,3473.6,30727871,2040713,0.633,0.609,8735,10845,14474,0.01078489,0,0,0.0771,0.1575,0.3256,0.0725,0.01165,0.59574,0.13505,-0.0043,0.29748,0.87127
2853,3474.8,30738764,2041397,0.635,0.592,8881,10893,14523,0.01078164,0,0,0.0773,0.1581,0.3355,0.0639,0.01144,0.57954,0.12347,-0.00974,0.28533,0.87723
2854,3476.2,30749661,2042058,0.725,0.63,8041,10897,14542,0.01077837,0,0,0.091,0.1613,0.3562,0.1169,0.01351,0.61517,0.13666,-0.0097,0.31096,0.84617
2855,3477.5,30760547,2042749,0.686,0.628,8285,10886,14535,0.0107751,0,0,0.0747,0.1552,0.3558,0.1005,0.01164,0.61533,0.1324,-0.00921,0.30175,0.86004
2856,3478.7,30771388,2043407,0.631,0.625,8631,10841,14491,0.01077184,0,0,0.0728,0.1447,0.3343,0.0791,0.01183,0.61229,0.12549,-0.00992,0.28921,0.85401
2857,3480.0,30782318,2044084,0.653,0.627,8536,10930,14586,0.01076858,0,0,0.0816,0.1571,0.3577,0.057,0.01358,0.61268,0.11904,-0.01066,0.27844,0.88367
2858,3481.3,30793187,2044750,0.687,0.627,8268,10869,14515,0.0107653,0,0,0.0784,0.1633,0.3497,0.096,0.01229,0.6138,0.1289,-0.01003,0.29632,0.85758
2859,3482.6,30804036,2045416,0.622,0.629,8675,10849,14482,0.01076204,0,0,0.0758,0.1525,0.3473,0.0465,0.01138,0.61644,0.12185,-0.00886,0.28032,0.87821
2860,3483.8,30814959,2046082,0.625,0.612,8826,10923,14589,0.01075879,0,0,0.0715,0.1415,0.3395,0.0729,0.01166,0.59929,0.12377,-0.00884,0.28472,0.90611
2861,3485.0,30825910,2046758,0.57,0.607,9304,10951,14587,0.01075551,0,0,0.074,0.1407,0.2974,0.0582,0.01086,0.59509,0.13004,-0.0097,0.29889,0.90295
2862,3486.2,30836832,2047438,0.622,0.609,8874,10922,14589,0.01075223,0,0,0.0727,0.1507,0.3177,0.0808,0.01132,0.59699,0.12798,-0.00871,0.29244,0.88646
2863,3487.4,30847714,2048113,0.541,0.607,9478,10882,14531,0.01074895,0,0,0.0681,0.1408,0.2899,0.042,0.01112,0.5955,0.1401,-0.0093,0.3176,0.87405
2864,3488.5,30858604,2048798,0.561,0.607,9329,10890,14544,0.01074569,0,0,0.0662,0.1359,0.2858,0.0728,0.01146,0.5932,0.12933,-0.00853,0.29442,0.87072
2865,3489.7,30869504,2049451,0.536,0.603,9572,10900,14553,0.01074242,0,0,0.0676,0.1305,0.3027,0.0348,0.01171,0.59053,0.13355,-0.00981,0.30605,0.89985
2866,3490.8,30880389,2050127,0.544,0.602,9499,10885,14533,0.01073915,0,0,0.0618,0.1228,0.2881,0.0717,0.01157,0.58931,0.13221,-0.01021,0.30378,0.88254
2867,3492.0,30891338,2050789,0.534,0.607,9601,10949,14627,0.01073588,0,0,0.0667,0.1327,0.2857,0.0486,0.01049,0.59535,0.13376,-0.0091,0.30486,0.89158
2868,3493.3,30902245,2051460,0.704,0.61,8301,10907,14567,0.0107326,0,0,0.0824,0.1689,0.3352,0.1178,0.01163,0.59687,0.12684,-0.01064,0.2939,0.88208
2869,3494.5,30913150,2052129,0.63,0.613,8769,10905,14580,0.01072933,0,0,0.0754,0.1604,0.3204,0.074,0.01247,0.60014,0.12962,-0.01098,0.29957,0.85627
2870,3495.8,30924041,2052794,0.637,0.607,8758,10891,14564,0.01072605,0,0,0.0768,0.1622,0.315,0.0827,0.01235,0.59322,0.11725,-0.01124,0.27547,0.86211
2871,3497.0,30934944,2053465,0.568,0.604,9307,10903,14550,0.01072279,0,0,0.0726,0.1529,0.3011,0.0414,0.01114,0.59168,0.13361,-0.00788,0.30128,0.85233
2872,3498.2,30945868,2054146,0.666,0.605,8599,10924,14567,0.01071952,0,0,0.079,0.1723,0.309,0.1053,0.01222,0.59192,0.12784,-0.01018,0.29458,0.86518
2873,3499.3,30956783,2054819,0.509,0.601,9834,10915,14588,0.01071624,0,0,0.0643,0.1292,0.2814,0.0338,0.01178,0.58875,0.13512,-0.00904,0.30649,0.84805
2874,3500.5,30967675,2055509,0.545,0.602,9501,10892,14560,0.01071297,0,0,0.0644,0.1293,0.2801,0.0707,0.01184,0.58943,0.13298,-0.00553,0.29511,0.84423
2875,3501.6,30978577,2056178,0.527,0.608,9600,10902,14577,0.0107097,0,0,0.068,0.1337,0.2879,0.0378,0.01171,0.59579,0.13819,-0.00755,0.30935,0.83436
2876,3502.8,30989483,2056859,0.569,0.605,9288,10906,14565,0.01070643,0,0,0.0661,0.1357,0.2878,0.0795,0.01066,0.59373,0.11996,-0.00763,0.27351,0.85634
2877,3503.9,31000381,2057524,0.525,0.606,9631,10898,14575,0.01070316,0,0,0.0677,0.1288,0.2883,0.0404,0.01001,0.5955,0.13116,-0.00998,0.30134,0.89066
2878,3505.1,31011257,2058188,0.558,0.608,9330,10876,14535,0.01069989,0,0,0.0725,0.1384,0.2723,0.0749,0.01165,0.59537,0.12585,-0.00907,0.288,0.84836
2879,3506.2,31022159,2058848,0.52,0.601,9725,10902,14549,0.01069662,0,0,0.0677,0.125,0.2925,0.035,0.01081,0.58924,0.12967,-0.00445,0.28647,0.85225
2880,3507.4,31033041,2059526,0.56,0.607,9323,10882,14562,0.01069335,0,0,0.0645,0.1196,0.2997,0.0766,0.0126,0.59308,0.14954,0.00658,0.30469,0.87663
2881,3508.8,31043859,2060216,0.735,0.647,7827,10818,14491,0.01069009,0,0,0.0769,0.1645,0.3591,0.1348,0.0118,0.63343,0.12609,-0.00903,0.28803,0.83136
2882,3510.1,31054716,2060908,0.663,0.646,8299,10857,14537,0.01068684,0,0,0.0716,0.151,0.3447,0.0953,0.01199,0.63226,0.12753,-0.01142,0.2955,0.82338
2883,3511.4,31065592,2061591,0.728,0.65,7894,10876,14537,0.01068359,0,0,0.0769,0.1704,0.3532,0.1277,0.01226,0.63585,0.12843,-0.00919,0.2931,0.83575
2884,3512.7,31076456,2062278,0.581,0.629,8977,10864,14533,0.01068032,0,0,0.0665,0.1315,0.3069,0.0767,0.01201,0.61556,0.12235,-0.01125,0.28443,0.80632
2885,3513.8,31087333,2062973,0.537,0.62,9405,10877,14536,0.01067706,0,0,0.0637,0.1238,0.2982,0.0512,0.01055,0.60833,0.13727,-0.00843,0.30846,0.79963
2886,3515.0,31098233,2063649,0.532,0.617,9485,10900,14584,0.0106738,0,0,0.0604,0.1103,0.298,0.0634,0.01132,0.60522,0.12811,-0.00794,0.28978,0.82791
2887,3516.1,31109213,2064307,0.497,0.601,9998,10980,14654,0.01067053,0,0,0.0632,0.1109,0.288,0.0351,0.01101,0.58927,0.13296,-0.00798,0.29997,0.84751
2888,3517.2,31120220,2064990,0.511,0.6,9907,11007,14676,0.01066724,0,0,0.06,0.1068,0.2799,0.0646,0.01118,0.58781,0.1255,-0.01099,0.2909,0.83992
2889,3518.3,31131151,2065683,0.486,0.6,10062,10931,14612,0.01066393,0,0,0.0616,0.1086,0.2805,0.0355,0.01076,0.58848,0.13091,-0.00982,0.29921,0.83215
2890,3519.4,31142105,2066336,0.519,0.6,9787,10954,14630,0.01066065,0,0,0.0599,0.1113,0.2832,0.0648,0.011,0.58835,0.12005,-0.01122,0.28044,0.83945
2891,3520.5,31153000,2067011,0.481,0.604,10046,10895,14558,0.01065737,0,0,0.0586,0.1049,0.2813,0.0361,0.01016,0.59258,0.11864,-0.00889,0.27342,0.86064
2892,3521.6,31163926,2067686,0.538,0.606,9551,10926,14601,0.0106541,0,0,0.061,0.1114,0.3017,0.0636,0.01125,0.59407,0.12011,-0.01073,0.27947,0.83511
2893,3522.7,31174838,2068356,0.475,0.606,10094,10912,14585,0.01065082,0,0,0.0602,0.107,0.2757,0.0326,0.01158,0.59333,0.11982,-0.00929,0.27619,0.84362
2894,3523.8,31185732,2069037,0.514,0.604,9738,10894,14555,0.01064755,0,0,0.0605,0.1102,0.2797,0.0638,0.01148,0.59177,0.1327,-0.00693,0.29731,0.84799
2895,3524.9,31196675,2069739,0.501,0.601,9930,10943,14620,0.01064428,0,0,0.0605,0.1124,0.2882,0.0399,0.01096,0.58938,0.12801,-0.00935,0.29247,0.83357
2896,3526.0,31207560,2070395,0.485,0.6,10028,10885,14559,0.010641,0,0,0.0586,0.1034,0.261,0.0624,0.01094,0.5885,0.12469,-0.0101,0.28759,0.8463
2897,3527.1,31218460,2071094,0.487,0.598,10043,10900,14577,0.01063773,0,0,0.0603,0.1141,0.2787,0.0337,0.01156,0.58635,0.11707,-0.00919,0.2712,0.87839
2898,3528.2,31229330,2071777,0.509,0.599,9811,10870,14541,0.01063446,0,0,0.0586,0.1029,0.2791,0.0683,0.01125,0.58724,0.11948,-0.00581,0.26941,0.88545
2899,3529.3,31240191,2072448,0.486,0.6,10001,10861,14533,0.0106312,0,0,0.0607,0.1146,0.2741,0.0366,0.01069,0.58877,0.116,-0.00898,0.26843,0.86854
2900,3530.4,31251054,2073117,0.513,0.608,9695,10863,14527,0.01062794,0,0,0.0583,0.1046,0.281,0.0689,0.01176,0.5952,0.12757,-0.00834,0.29005,0.8583
2901,3531.5,31261947,2073783,0.502,0.609,9804,10893,14564,0.01062468,0,0,0.0648,0.116,0.2802,0.041,0.01184,0.59666,0.13062,-0.00804,0.29554,0.85722
2902,3532.9,31272848,2074441,0.632,0.607,8801,10901,14561,0.01062142,0,0,0.0753,0.1604,0.3184,0.0776,0.01162,0.59464,0.12501,-0.0119,0.29226,0.86818
2903,3534.0,31283750,2075113,0.572,0.602,9285,10902,14555,0.01061815,0,0,0.072,0.1463,0.307,0.0465,0.01071,0.59078,0.12671,-0.00976,0.29153,0.87492
2904,3535.2,31294667,2075797,0.577,0.602,9255,10917,14571,0.01061488,0,0,0.0666,0.1259,0.305,0.0798,0.01129,0.59014,0.12678,-0.00846,0.28927,0.88477
2905,3536.3,31305554,2076461,0.511,0.603,9774,10887,14535,0.0106116,0,0,0.0638,0.1227,0.2862,0.0385,0.01132,0.59069,0.11737,-0.01324,0.27992,0.88071
2906,3537.5,31316465,2077137,0.537,0.603,9573,10911,14609,0.01060833,0,0,0.0636,0.1185,0.2886,0.0663,0.01151,0.59053,0.12146,-0.01276,0.28693,0.87201
2907,3538.6,31327356,2077818,0.542,0.605,9495,10891,14576,0.01060506,0,0,0.0694,0.1315,0.3059,0.0356,0.01096,0.59287,0.11906,-0.0088,0.27458,0.88856
2908,3539.8,31338250,2078490,0.582,0.64,8913,10894,14553,0.01060179,0,0,0.0722,0.1474,0.2823,0.08,0.01174,0.62782,0.12691,-0.01212,0.29726,0.90485
2909,3541.1,31349178,2079172,0.652,0.652,8381,10928,14595,0.01059853,0,0,0.0806,0.1641,0.3642,0.0429,0.01174,0.6397,0.12389,-0.01113,0.28936,0.91167
2910,3542.4,31360107,2079828,0.608,0.652,8674,10929,14591,0.01059525,0,0,0.0707,0.1383,0.322,0.0769,0.01213,0.63899,0.1149,-0.01377,0.27622,0.89177
2911,3543.7,31371063,2080499,0.709,0.633,8168,10956,14626,0.01059197,0,0,0.0863,0.1764,0.3708,0.0751,0.01192,0.61935,0.12541,-0.00938,0.28912,0.92287
2912,3545.0,31381914,2081184,0.638,0.619,8635,10851,14551,0.01058868,0,0,0.0758,0.1531,0.3292,0.0798,0.0115,0.6061,0.12101,-0.01013,0.2813,0.89815
2913,3546.2,31392839,2081853,0.619,0.619,8827,10925,14592,0.01058543,0,0,0.0717,0.1464,0.3163,0.0845,0.01174,0.60618,0.12159,-0.01214,0.28669,0.90829
2914,3547.5,31403704,2082533,0.632,0.619,8687,10865,14526,0.01058215,0,0,0.0757,0.1494,0.3239,0.0828,0.01194,0.60605,0.11603,-0.00929,0.26993,0.91124
2915,3548.7,31414559,2083219,0.597,0.609,9000,10855,14499,0.01057889,0,0,0.0836,0.1564,0.3097,0.0473,0.01128,0.59658,0.11932,-0.00933,0.27661,0.91282
2916,3549.9,31425426,2083896,0.636,0.607,8745,10867,14515,0.01057563,0,0,0.0776,0.1753,0.3035,0.0793,0.01232,0.59401,0.12534,-0.01089,0.29107,0.87946
2917,3551.1,31436335,2084597,0.523,0.607,9653,10909,14566,0.01057237,0,0,0.0694,0.1265,0.2907,0.0368,0.01165,0.59432,0.11737,-0.01036,0.27457,0.90352
2918,3552.2,31447186,2085276,0.503,0.603,9809,10851,14503,0.0105691,0,0,0.0616,0.1104,0.2672,0.0638,0.01122,0.59126,0.11342,-0.01069,0.26686,0.88199
2919,3553.3,31458085,2085969,0.503,0.601,9877,10899,14546,0.01056584,0,0,0.0653,0.12,0.2836,0.0339,0.01055,0.58941,0.12154,-0.01032,0.28278,0.90182
2920,3554.4,31468956,2086643,0.565,0.6,9331,10871,14507,0.01056257,0,0,0.0671,0.1272,0.2931,0.0772,0.01114,0.58859,0.12989,-0.01089,0.30017,0.88158
2921,3555.6,31479830,2087340,0.545,0.601,9487,10874,14517,0.01055931,0,0,0.073,0.1349,0.3023,0.0347,0.01106,0.58966,0.11781,-0.01003,0.27486,0.90887
2922,3556.8,31490728,2088034,0.566,0.605,9307,10898,14548,0.01055605,0,0,0.0655,0.1414,0.2935,0.066,0.01109,0.59271,0.12853,-0.01029,0.29644,0.89067
2923,3557.9,31501628,2088739,0.529,0.606,9604,10900,14540,0.01055278,0,0,0.0669,0.1361,0.2898,0.0359,0.0107,0.59484,0.11867,-0.01104,0.27813,0.88717
2924,3559.0,31512551,2089420,0.534,0.604,9602,10923,14579,0.01054951,0,0,0.0624,0.1246,0.2816,0.0649,0.01173,0.59153,0.11442,-0.01479,0.27693,0.87697
2925,3560.2,31523441,2090139,0.563,0.607,9311,10890,14544,0.01054623,0,0,0.0711,0.1489,0.3034,0.0393,0.0114,0.59466,0.11494,-0.00567,0.25958,0.87067
2926,3561.4,31534303,2090844,0.613,0.602,8935,10862,14542,0.01054297,0,0,0.0717,0.1449,0.3229,0.0736,0.01184,0.58975,0.10703,-0.00867,0.24982,0.87331
2927,3562.6,31545200,2091559,0.604,0.604,9025,10897,14550,0.01053971,0,0,0.0789,0.1569,0.3145,0.0535,0.01193,0.59084,0.10699,-0.0105,0.25324,0.86676
2928,3563.9,31556128,2092256,0.701,0.605,8366,10928,14582,0.01053644,0,0,0.0887,0.1833,0.3418,0.0869,0.01256,0.59189,0.11501,-0.00834,0.26496,0.86661
2929,3565.1,31567037,2092955,0.562,0.604,9351,10909,14572,0.01053316,0,0,0.0779,0.1405,0.3012,0.0426,0.01175,0.59206,0.1068,-0.00766,0.24721,0.86791
2930,3566.4,31577943,2093657,0.651,0.607,8672,10906,14551,0.01052989,0,0,0.0816,0.1752,0.3158,0.0781,0.01164,0.59448,0.11218,-0.00849,0.25988,0.87984
2931,3567.6,31588885,2094353,0.597,0.607,9082,10942,14596,0.01052662,0,0,0.0839,0.1572,0.3147,0.0415,0.01138,0.59498,0.12568,-0.00729,0.28429,0.87163
2932,3568.8,31599769,2095034,0.656,0.606,8623,10884,14518,0.01052333,0,0,0.0818,0.163,0.3263,0.0852,0.00994,0.59479,0.12381,-0.01309,0.2917,0.8507
2933,3570.1,31610664,2095725,0.708,0.606,8295,10895,14532,0.01052007,0,0,0.0879,0.1829,0.3666,0.0702,0.01238,0.59195,0.11549,-0.00726,0.26401,0.87914
2934,3571.8,31621586,2096436,1.02,0.628,6625,10922,14564,0.0105168,0,0,0.123,0.2783,0.4944,0.1244,0.01253,0.61482,0.11901,-0.00917,0.27472,0.87341
2935,3573.5,31632492,2097122,1.055,0.64,6436,10906,14540,0.01051352,0,0,0.0989,0.2905,0.5677,0.0977,0.01156,0.62647,0.12401,-0.00905,0.28431,0.86454
2936,3574.9,31643381,2097809,0.818,0.641,7465,10889,14539,0.01051025,0,0,0.0912,0.203,0.4192,0.1044,0.01188,0.62762,0.11929,-0.00748,0.27176,0.86629
2937,3576.5,31654227,2098501,0.891,0.648,7047,10846,14508,0.01050699,0,0,0.0953,0.2476,0.452,0.0964,0.01169,0.63487,0.10842,-0.00638,0.24844,0.89654
2938,3578.3,31665148,2099229,1.167,0.656,5992,10921,14564,0.01050373,0,0,0.1216,0.3272,0.5656,0.1525,0.01979,0.63374,0.11733,-0.01122,0.27592,0.89594
2939,3579.9,31676075,2099895,1.029,0.606,6679,10927,14553,0.01050046,0,0,0.0988,0.3,0.5393,0.0914,0.01221,0.59314,0.11432,-0.01127,0.26968,0.88089
2940,3581.4,31686995,2100585,0.899,0.607,7251,10920,14572,0.01049718,0,0,0.1039,0.2234,0.459,0.1129,0.01342,0.59247,0.11042,-0.00833,0.25612,0.88676
2941,3582.7,31697890,2101286,0.664,0.605,8589,10895,14558,0.0104939,0,0,0.0847,0.1858,0.3311,0.062,0.01225,0.59168,0.09889,-0.00779,0.23197,0.88639
2942,3584.0,31708864,2101975,0.717,0.607,8285,10974,14628,0.01049063,0,0,0.089,0.1897,0.3589,0.0798,0.012,0.59428,0.11933,-0.00801,0.273,0.87336
2943,3585.4,31719771,2102673,0.786,0.611,7807,10907,14551,0.01048734,0,0,0.0888,0.2191,0.4107,0.0678,0.01154,0.59831,0.12074,-0.00976,0.27881,0.84843
2944,3587.0,31730695,2103379,0.935,0.615,7050,10924,14597,0.01048407,0,0,0.0904,0.2533,0.4645,0.1268,0.01141,0.60199,0.10765,-0.01,0.25399,0.89163
2945,3588.4,31741620,2104070,0.826,0.621,7551,10925,14554,0.01048079,0,0,0.0987,0.2002,0.3992,0.1274,0.015,0.60499,0.1149,-0.00851,0.26474,0.85425
2946,3589.9,31752497,2104775,0.89,0.608,7262,10877,14531,0.01047751,0,0,0.097,0.222,0.4597,0.1116,0.01082,0.59552,0.11081,-0.00942,0.25871,0.87104
2947,3591.5,31763377,2105462,0.947,0.607,6999,10880,14522,0.01047425,0,0,0.098,0.235,0.4857,0.1286,0.01267,0.59278,0.1172,-0.00987,0.27273,0.8867
2948,3592.8,31774299,2106142,0.666,0.605,8590,10922,14600,0.01047099,0,0,0.0819,0.1706,0.338,0.076,0.01148,0.59255,0.10655,-0.00932,0.25059,0.90075
2949,3594.0,31785229,2106821,0.669,0.608,8561,10930,14571,0.01046771,0,0,0.0806,0.1745,0.3155,0.0985,0.01125,0.59549,0.12396,-0.01003,0.28688,0.90313
2950,3595.3,31796141,2107515,0.64,0.607,8745,10912,14575,0.01046443,0,0,0.0765,0.1602,0.3465,0.0571,0.01197,0.59462,0.10032,-0.00909,0.23736,0.88533
2951,3596.6,31807116,2108225,0.655,0.607,8702,10975,14644,0.01046116,0,0,0.0796,0.1569,0.3283,0.0897,0.0111,0.59479,0.10299,-0.00946,0.24396,0.91128
2952,3597.9,31818075,2108907,0.606,0.607,9038,10959,14586,0.01045787,0,0,0.075,0.1612,0.3171,0.0526,0.01264,0.5929,0.11261,-0.00827,0.26077,0.90929
2953,3599.1,31829057,2109606,0.631,0.602,8906,10982,14643,0.01045458,0,0,0.0751,0.1573,0.3169,0.0819,0.01161,0.58951,0.11502,-0.01023,0.26965,0.91527
2954,3600.3,31839968,2110303,0.6,0.605,9057,10911,14562,0.01045128,0,0,0.0796,0.1525,0.3111,0.0566,0.01284,0.59129,0.10455,-0.01062,0.24975,0.92849
2955,3601.6,31850919,2110979,0.637,0.604,8823,10951,14614,0.01044801,0,0,0.0744,0.1546,0.334,0.0741,0.01151,0.59157,0.12052,-0.01154,0.28377,0.94101
2956,3602.7,31861888,2111652,0.548,0.606,9503,10969,14610,0.01044472,0,0,0.0729,0.1406,0.2819,0.0531,0.01095,0.59394,0.11567,-0.01072,0.27241,0.93951
2957,3604.0,31872864,2112350,0.637,0.627,8680,10976,14632,0.01044143,0,0,0.0782,0.1554,0.3173,0.0864,0.01086,0.61528,0.10974,-0.01197,0.26326,0.95012
2958,3605.2,31883805,2113022,0.608,0.629,8850,10941,14609,0.01043814,0,0,0.0691,0.1363,0.3413,0.0611,0.01187,0.61597,0.1135,-0.01189,0.26983,0.91281
2959,3606.7,31894735,2113707,0.635,0.631,8633,10930,14585,0.01043486,0,0,0.0705,0.1346,0.3143,0.1157,0.01163,0.61793,0.10164,-0.01013,0.2433,0.94647
2960,3607.9,31905687,2114390,0.598,0.624,8959,10952,14615,0.01043158,0,0,0.0739,0.1468,0.3401,0.0375,0.01066,0.61303,0.1053,-0.00887,0.2476,0.92385
2961,3609.2,31916661,2115073,0.659,0.63,8515,10974,14628,0.01042829,0,0,0.0757,0.1496,0.3406,0.0928,0.01175,0.61742,0.11821,-0.0109,0.27782,0.9395
2962,3610.5,31927590,2115768,0.689,0.626,8311,10929,14585,0.010425,0,0,0.081,0.166,0.3876,0.0544,0.01086,0.61446,0.10692,-0.01081,0.25479,0.92714
2963,3611.7,31938509,2116453,0.542,0.62,9396,10919,14580,0.01042172,0,0,0.0675,0.1282,0.3137,0.0327,0.01287,0.60652,0.11027,-0.01061,0.26101,0.92386
2964,3612.9,31949487,2117133,0.609,0.604,9052,10978,14638,0.01041845,0,0,0.075,0.1581,0.3087,0.067,0.01108,0.59197,0.13025,-0.01223,0.30389,0.90852
2965,3614.2,31960440,2117830,0.667,0.594,8688,10953,14597,0.01041515,0,0,0.0792,0.1902,0.3394,0.0581,0.01267,0.58029,0.11385,-0.00945,0.26572,0.91778
2966,3615.4,31971316,2118538,0.66,0.598,8643,10876,14515,0.01041187,0,0,0.0757,0.164,0.3505,0.0698,0.01191,0.58539,0.11944,-0.00981,0.27783,0.92782
2967,3616.7,31982199,2119240,0.666,0.606,8559,10883,14545,0.01040861,0,0,0.0809,0.1633,0.3666,0.055,0.01263,0.59207,0.12557,-0.00932,0.28929,0.9376
2968,3617.9,31993126,2119946,0.63,0.606,8842,10927,14574,0.01040534,0,0,0.0768,0.1538,0.3163,0.0829,0.01157,0.59342,0.11994,-0.00939,0.27768,0.91441
2969,3619.1,32004063,2120643,0.579,0.607,9221,10937,14605,0.01040206,0,0,0.0733,0.1387,0.2746,0.092,0.01256,0.59374,0.11445,-0.00878,0.26509,0.89516
2970,3620.3,32015006,2121352,0.581,0.603,9236,10943,14609,0.01039878,0,0,0.0681,0.1414,0.2923,0.0796,0.01063,0.59192,0.11423,-0.00724,0.26133,0.88493
2971,3621.5,32025913,2122081,0.563,0.609,9307,10907,14535,0.0103955,0,0,0.0747,0.1473,0.3034,0.0378,0.012,0.59605,0.11078,-0.00866,0.2572,0.88098
2972,3622.7,32036818,2122796,0.637,0.611,8735,10905,14572,0.01039223,0,0,0.0753,0.1517,0.3191,0.0914,0.01253,0.59782,0.1182,-0.00922,0.27287,0.86754
2973,3623.9,32047712,2123498,0.584,0.617,9069,10894,14568,0.01038895,0,0,0.0754,0.1434,0.3034,0.0619,0.012,0.60389,0.1091,-0.00849,0.25405,0.908
2974,3625.2,32058663,2124196,0.652,0.609,8687,10951,14585,0.01038569,0,0,0.0819,0.1639,0.3261,0.0799,0.01132,0.59666,0.11742,-0.00899,0.27151,0.89913
2975,3626.4,32069530,2124908,0.563,0.603,9316,10867,14530,0.0103824,0,0,0.071,0.1404,0.307,0.0446,0.01232,0.59039,0.11283,-0.01179,0.26818,0.912
2976,3627.5,32080441,2125628,0.567,0.602,9334,10911,14560,0.01037914,0,0,0.0675,0.1277,0.3065,0.0648,0.01039,0.59139,0.10282,-0.01153,0.24774,0.91721
2977,3628.6,32091353,2126343,0.505,0.6,9870,10912,14576,0.01037587,0,0,0.0638,0.1223,0.2861,0.0328,0.01074,0.58898,0.10448,-0.00982,0.24795,0.93264
2978,3629.7,32102257,2127063,0.508,0.6,9841,10904,14567,0.01037259,0,0,0.0628,0.1112,0.2722,0.0616,0.0113,0.58824,0.09358,-0.0088,0.22494,0.97268
2979,3630.9,32113146,2127793,0.505,0.605,9807,10889,14548,0.01036932,0,0,0.0628,0.1163,0.2881,0.0381,0.0123,0.59211,0.0915,-0.00968,0.22161,0.92906
2980,3632.0,32124080,2128532,0.493,0.604,9964,10934,14585,0.01036606,0,0,0.0591,0.1053,0.2672,0.0617,0.01128,0.59218,0.09306,-0.00966,0.22526,0.95617
2981,3633.1,32135060,2129228,0.498,0.606,9950,10980,14651,0.01036278,0,0,0.0619,0.1064,0.288,0.0417,0.01232,0.59244,0.10411,-0.00859,0.24495,0.9434
2982,3634.2,32146008,2129950,0.51,0.605,9823,10948,14598,0.01035948,0,0,0.0604,0.1119,0.2691,0.0685,0.01117,0.5928,0.09453,-0.00715,0.22307,0.95119
2983,3635.2,32156970,2130664,0.468,0.6,10262,10962,14634,0.0103562,0,0,0.0597,0.1039,0.2688,0.0359,0.01181,0.58744,0.09743,-0.01116,0.23737,0.97524
2984,3636.4,32167860,2131387,0.541,0.626,9326,10890,14545,0.01035291,0,0,0.0622,0.1101,0.3063,0.0629,0.01135,0.61428,0.09942,-0.00934,0.23727,0.95327
2985,3637.6,32178790,2132105,0.555,0.629,9232,10930,14587,0.01034964,0,0,0.068,0.1335,0.3183,0.035,0.01113,0.61739,0.10351,-0.00825,0.24298,0.94009
2986,3638.7,32189726,2132833,0.525,0.631,9465,10936,14597,0.01034636,0,0,0.0637,0.11,0.2949,0.0562,0.01146,0.61808,0.10486,-0.00863,0.24685,0.95983
2987,3639.9,32200657,2133547,0.529,0.638,9369,10931,14613,0.01034308,0,0,0.0636,0.1128,0.3094,0.0434,0.01223,0.62461,0.09008,-0.00868,0.21735,0.95813
2988,3641.1,32211567,2134266,0.55,0.634,9219,10910,14535,0.0103398,0,0,0.0647,0.1176,0.2995,0.0678,0.01091,0.62211,0.10425,-0.00931,0.24701,0.96147
2989,3642.3,32222436,2134981,0.546,0.64,9167,10869,14521,0.01033653,0,0,0.0663,0.126,0.3155,0.038,0.01217,0.62684,0.09224,-0.00855,0.22218,0.9971
2990,3643.5,32233272,2135704,0.577,0.639,8909,10836,14484,0.01033327,0,0,0.0647,0.1298,0.3216,0.061,0.0114,0.62672,0.09304,-0.01115,0.22847,0.97185
2991,3644.6,32244148,2136439,0.503,0.621,9679,10876,14519,0.01033002,0,0,0.0605,0.1095,0.2933,0.0394,0.01313,0.60725,0.09323,-0.00886,0.2245,0.98383
2992,3645.8,32255034,2137174,0.52,0.622,9529,10886,14544,0.01032676,0,0,0.0613,0.1101,0.2863,0.0628,0.01128,0.60993,0.09815,-0.01168,0.23957,0.96481
2993,3646.9,32265935,2137914,0.502,0.622,9695,10901,14543,0.01032349,0,0,0.0624,0.109,0.2954,0.0352,0.01114,0.61037,0.09395,-0.01089,0.22981,0.97576
2994,3648.1,32276851,2138632,0.576,0.622,9111,10916,14556,0.01032022,0,0,0.0678,0.1259,0.3082,0.074,0.01144,0.61021,0.09952,-0.00925,0.23756,0.9698
2995,3649.2,32287755,2139355,0.503,0.626,9657,10904,14558,0.01031694,0,0,0.0613,0.1068,0.3008,0.0345,0.01135,0.61351,0.09116,-0.00886,0.22063,0.99746
2996,3650.5,32298663,2140069,0.623,0.627,8728,10908,14577,0.01031367,0,0,0.0741,0.1585,0.3308,0.0598,0.01056,0.61533,0.09864,-0.01042,0.23861,0.99323
2997,3651.6,32309556,2140793,0.511,0.626,9582,10893,14533,0.0103104,0,0,0.0638,0.114,0.2978,0.0357,0.01142,0.6135,0.09345,-0.00779,0.22333,1.01139
2998,3652.8,32320506,2141507,0.553,0.623,9317,10950,14609,0.01030713,0,0,0.0646,0.1192,0.2976,0.0711,0.01171,0.61016,0.10624,-0.01084,0.25476,0.99909
2999,3653.9,32331495,2142210,0.496,0.619,9855,10989,14642,0.01030385,0,0,0.0617,0.1046,0.2948,0.0348,0.01097,0.60757,0.10774,-0.01034,0.25707,1.01405
3000,3655.1,32342434,2142924,0.535,0.617,9499,10939,14599,0.01030055,0,0,0.062,0.1066,0.2951,0.0714,0.01077,0.60516,0.11586,-0.0123,0.27679,0.99387
3001,3656.6,32353360,2143633,0.522,0.62,9568,10926,14601,0.01029727,0,0,0.065,0.1241,0.2997,0.0333,0.01129,0.60802,0.11104,-0.01026,0.26345,1.01221
3002,3657.9,32364313,2144340,0.598,0.621,8987,10953,14600,0.01029399,0,0,0.0675,0.1368,0.3138,0.0798,0.0121,0.60814,0.11496,-0.00998,0.27032,0.99341
3003,3659.1,32375190,2145011,0.565,0.628,9113,10877,14535,0.01029071,0,0,0.0672,0.1289,0.3259,0.0434,0.01221,0.61496,0.10187,-0.00927,0.24311,1.01147
3004,3660.3,32386139,2145715,0.594,0.627,8964,10949,14619,0.01028744,0,0,0.0681,0.1363,0.315,0.0745,0.01172,0.61465,0.11261,-0.01118,0.26826,1.00505
3005,3661.5,32397035,2146405,0.587,0.623,9006,10896,14538,0.01028416,0,0,0.0712,0.1433,0.3304,0.0418,0.01187,0.61067,0.11213,-0.00968,0.26365,0.97374
3006,3662.7,32407955,2147102,0.597,0.624,8944,10920,14582,0.01028089,0,0,0.0731,0.1271,0.333,0.0634,0.01169,0.61171,0.10959,-0.00978,0.2589,0.98012
3007,3664.0,32418837,2147797,0.644,0.62,8607,10882,14530,0.01027761,0,0,0.0796,0.1709,0.3481,0.0454,0.01192,0.60759,0.12242,-0.01139,0.28758,0.97134
3008,3665.2,32429774,2148506,0.629,0.621,8748,10937,14592,0.01027435,0,0,0.0749,0.1475,0.3194,0.0876,0.01211,0.60792,0.12818,-0.00823,0.29251,0.95847
3009,3666.4,32440713,2149198,0.57,0.62,9197,10939,14590,0.01027107,0,0,0.0726,0.1401,0.3138,0.0432,0.0122,0.60666,0.12089,-0.00999,0.28132,0.95164
3010,3667.7,32451679,2149896,0.637,0.619,8731,10966,14624,0.01026779,0,0,0.0724,0.1489,0.3346,0.0808,0.01126,0.60724,0.12248,-0.01101,0.28656,0.95312
3011,3668.9,32462617,2150609,0.595,0.624,8973,10938,14605,0.0102645,0,0,0.0757,0.1503,0.3286,0.0408,0.01163,0.61031,0.10916,-0.01101,0.25971,0.94333
3012,3670.1,32473551,2151313,0.558,0.623,9255,10934,14571,0.01026121,0,0,0.0619,0.1307,0.2941,0.0712,0.01175,0.61105,0.1143,-0.01028,0.2685,0.94207
3013,3671.3,32484480,2151995,0.539,0.626,9386,10929,14580,0.01025793,0,0,0.065,0.1354,0.2953,0.0428,0.01211,0.61316,0.11222,-0.01052,0.26455,0.93014
3014,3672.5,32495362,2152718,0.566,0.626,9136,10882,14546,0.01025466,0,0,0.0637,0.1177,0.3129,0.0713,0.0125,0.6123,0.13244,-0.00859,0.30139,0.94237
3015,3673.6,32506261,2153401,0.538,0.617,9431,10899,14542,0.01025139,0,0,0.0662,0.1245,0.3084,0.0392,0.01138,0.60509,0.10708,-0.01069,0.25516,0.95642
3016,3674.8,32517176,2154110,0.56,0.618,9267,10915,14563,0.01024812,0,0,0.0686,0.1338,0.2948,0.0628,0.01172,0.60508,0.11868,-0.00977,0.27634,0.94867
3017,3675.9,32528060,2154799,0.532,0.617,9479,10884,14538,0.01024485,0,0,0.0625,0.14,0.2896,0.0396,0.01241,0.60353,0.11365,-0.00771,0.26244,0.96256
3018,3677.2,32538990,2155498,0.618,0.63,8759,10930,14593,0.01024158,0,0,0.0679,0.1316,0.3243,0.0944,0.01225,0.61628,0.11728,-0.00946,0.27322,0.96302
3019,3678.4,32549922,2156200,0.621,0.631,8736,10932,14605,0.0102383,0,0,0.0818,0.1458,0.3309,0.0623,0.01244,0.61699,0.1189,-0.00684,0.27116,0.9614
3020,3679.7,32560809,2156890,0.667,0.634,8371,10887,14547,0.01023502,0,0,0.0721,0.1544,0.327,0.1134,0.01261,0.61972,0.11122,-0.00805,0.25796,0.9494
3021,3681.0,32571742,2157604,0.646,0.626,8595,10933,14586,0.01023176,0,0,0.0788,0.1567,0.3386,0.0723,0.012,0.61255,0.1074,-0.00959,0.2529,0.92496
3022,3682.2,32582654,2158309,0.612,0.624,8830,10912,14567,0.01022848,0,0,0.0726,0.1442,0.3042,0.0906,0.01189,0.61137,0.11703,-0.0084,0.26967,0.91994
3023,3683.5,32593540,2159013,0.653,0.647,8376,10886,14550,0.0102252,0,0,0.0784,0.1765,0.3518,0.0465,0.01195,0.63372,0.12392,-0.00817,0.283,0.92003
3024,3684.9,32604449,2159720,0.711,0.629,8136,10909,14553,0.01022194,0,0,0.0855,0.1736,0.371,0.0812,0.01234,0.61639,0.12001,-0.00627,0.27113,0.90805
3025,3686.1,32615318,2160443,0.557,0.625,9190,10869,14527,0.01021867,0,0,0.068,0.1283,0.3224,0.0387,0.01178,0.6127,0.10934,-0.00919,0.25628,0.94088
3026,3687.3,32626251,2161130,0.558,0.625,9248,10933,14587,0.0102154,0,0,0.0619,0.1284,0.292,0.0752,0.01162,0.61198,0.11889,-0.0103,0.27742,0.93132
3027,3688.4,32637132,2161827,0.56,0.617,9247,10881,14550,0.01021212,0,0,0.0699,0.1275,0.3165,0.0461,0.01171,0.6042,0.11146,-0.00853,0.25911,0.93635
3028,3689.6,32648018,2162518,0.591,0.627,8937,10886,14529,0.01020886,0,0,0.0664,0.1313,0.3117,0.0818,0.01161,0.61428,0.11843,-0.00765,0.27107,0.92602
3029,3691.0,32658927,2163206,0.704,0.617,8256,10909,14586,0.01020559,0,0,0.0847,0.1919,0.3639,0.0639,0.01256,0.60384,0.11295,-0.00822,0.2614,0.93385
3030,3692.2,32669855,2163892,0.571,0.619,9187,10928,14629,0.01020232,0,0,0.0744,0.1275,0.2974,0.0716,0.01222,0.60562,0.11393,-0.00936,0.26581,0.94178
3031,3693.4,32680803,2164586,0.602,0.623,8938,10948,14587,0.01019904,0,0,0.0736,0.1522,0.3339,0.0421,0.01213,0.60974,0.10843,-0.01053,0.25739,0.95459
3032,3694.7,32691726,2165292,0.711,0.625,8177,10923,14593,0.01019576,0,0,0.08,0.1807,0.3728,0.0773,0.01262,0.61172,0.11894,-0.00724,0.27078,0.90335
3033,3696.1,32702608,2165971,0.742,0.631,7926,10882,14540,0.01019248,0,0,0.0897,0.1936,0.3883,0.0707,0.01418,0.61571,0.13386,-0.00861,0.3031,0.89087
3034,3697.4,32713520,2166688,0.652,0.62,8581,10912,14596,0.01018922,0,0,0.0801,0.1642,0.3354,0.0721,0.01258,0.60663,0.12329,-0.01026,0.28589,0.92282
3035,3698.5,32724445,2167394,0.529,0.617,9533,10925,14590,0.01018594,0,0,0.0663,0.1193,0.3009,0.0427,0.01094,0.60499,0.11318,-0.00994,0.26505,0.92376
3036,3699.7,32735334,2168122,0.523,0.616,9557,10889,14558,0.01018267,0,0,0.0599,0.1089,0.2951,0.0591,0.0114,0.60404,0.12284,-0.00771,0.27973,0.91475
3037,3700.8,32746216,2168807,0.497,0.618,9761,10882,14543,0.0101794,0,0,0.0611,0.1108,0.2903,0.0345,0.01264,0.60473,0.10738,-0.01105,0.25542,0.91124
3038,3702.0,32757084,2169517,0.565,0.626,9129,10868,14535,0.01017614,0,0,0.0617,0.1191,0.3148,0.0692,0.01211,0.61298,0.11988,-0.00511,0.2685,0.91
3039,3703.2,32767964,2170199,0.572,0.624,9095,10880,14538,0.01017287,0,0,0.0667,0.1346,0.3235,0.0473,0.01122,0.61195,0.12807,-0.01034,0.29507,0.89704
3040,3704.4,32778792,2170891,0.623,0.623,8689,10828,14496,0.01016961,0,0,0.0684,0.1342,0.3227,0.0976,0.01209,0.61039,0.11993,-0.01093,0.27995,0.89654
3041,3705.5,32789647,2171578,0.52,0.621,9516,10855,14514,0.01016636,0,0,0.0615,0.1124,0.3105,0.0357,0.01182,0.60796,0.12603,-0.00872,0.28801,0.91049
3042,3706.8,32800538,2172265,0.629,0.618,8727,10891,14544,0.01016311,0,0,0.0761,0.1426,0.3221,0.0886,0.0119,0.60574,0.11531,-0.00912,0.2675,0.91727
3043,3707.9,32811447,2172964,0.513,0.616,9667,10909,14586,0.01015984,0,0,0.0616,0.1158,0.3009,0.0342,0.01212,0.60313,0.12243,-0.00699,0.27763,0.92495
3044,3709.1,32822306,2173643,0.605,0.619,8868,10859,14517,0.01015657,0,0,0.0717,0.1472,0.3194,0.0668,0.01175,0.60678,0.11551,-0.0095,0.2688,0.9246
3045,3710.4,32833188,2174332,0.632,0.619,8693,10882,14548,0.01015331,0,0,0.0751,0.1574,0.3435,0.0563,0.01327,0.60537,0.11856,-0.00944,0.27478,0.92538
3046,3711.9,32844104,2175001,0.868,0.625,7310,10916,14591,0.01015004,0,0,0.0958,0.2159,0.4544,0.1022,0.0117,0.61236,0.10029,-0.01039,0.24034,0.93492
3047,3713.3,32854976,2175682,0.777,0.625,7755,10872,14534,0.01014677,0,0,0.0938,0.2127,0.4182,0.052,0.01375,0.61059,0.09962,-0.00999,0.23818,0.93438
3048,3714.6,32865853,2176362,0.648,0.623,8556,10877,14563,0.01014351,0,0,0.0791,0.1583,0.3311,0.0798,0.01191,0.61002,0.11415,-0.00861,0.26454,0.93811
3049,3715.8,32876732,2177045,0.644,0.624,8578,10879,14549,0.01014024,0,0,0.0831,0.1659,0.3525,0.0428,0.01235,0.61065,0.10123,-0.01004,0.24151,0.93478
3050,3717.1,32887627,2177726,0.674,0.62,8413,10895,14564,0.01013698,0,0,0.0809,0.1617,0.3493,0.0826,0.01264,0.60683,0.11891,-0.01135,0.27868,0.89625
3051,3718.4,32898498,2178400,0.604,0.621,8869,10871,14552,0.01013371,0,0,0.0742,0.1513,0.3314,0.0473,0.01191,0.60875,0.10465,-0.00997,0.24806,0.92813
3052,3719.8,32909338,2179067,0.701,0.625,8172,10840,14552,0.01013045,0,0,0.0807,0.1727,0.3601,0.0876,0.01294,0.61174,0.0969,-0.01097,0.2357,0.98481
3053,3721.1,32920223,2179745,0.65,0.622,8559,10885,14603,0.0101272,0,0,0.079,0.1534,0.3408,0.0766,0.01192,0.60918,0.10728,-0.00874,0.25242,1.00615
3054,3722.3,32931072,2180419,0.624,0.625,8685,10849,14605,0.01012393,0,0,0.0792,0.1606,0.3373,0.0472,0.01169,0.61243,0.11082,-0.00818,0.25799,0.98685
3055,3723.6,32941942,2181079,0.657,0.623,8494,10870,14595,0.01012068,0,0,0.0778,0.161,0.3281,0.0897,0.01279,0.60936,0.10519,-0.00983,0.24982,0.97686
3056,3724.8,32952812,2181766,0.631,0.607,8782,10870,14597,0.01011742,0,0,0.079,0.1692,0.3311,0.0515,0.01297,0.59313,0.10854,-0.00933,0.25591,0.99688
3057,3726.1,32963630,2182455,0.697,0.608,8288,10818,14537,0.01011416,0,0,0.0804,0.1648,0.3667,0.0849,0.01275,0.59489,0.1109,-0.01089,0.26372,0.99533
3058,3727.4,32974504,2183144,0.676,0.604,8492,10874,14577,0.01011091,0,0,0.0804,0.1831,0.3524,0.0605,0.0125,0.59073,0.11255,-0.01069,0.26661,0.99504
3059,3728.7,32985341,2183817,0.671,0.604,8499,10837,14571,0.01010765,0,0,0.0796,0.1615,0.3482,0.0814,0.01205,0.59098,0.10945,-0.00998,0.25937,1.0144
3060,3730.0,32996223,2184485,0.639,0.607,8734,10882,14614,0.0101044,0,0,0.0794,0.1651,0.3463,0.0479,0.0119,0.59442,0.10901,-0.00834,0.25505,1.00659
3061,3731.2,33007092,2185162,0.662,0.609,8555,10869,14589,0.01010113,0,0,0.0781,0.1707,0.3374,0.0755,0.01147,0.5962,0.10408,-0.01032,0.24866,0.98398
3062,3732.6,33017957,2185839,0.717,0.612,8170,10865,14579,0.01009787,0,0,0.0845,0.1779,0.3608,0.0942,0.01285,0.59785,0.12323,-0.00997,0.28612,0.97676
3063,3733.9,33028785,2186500,0.726,0.627,8001,10828,14557,0.01009461,0,0,0.0818,0.1726,0.3477,0.1242,0.01223,0.61318,0.11734,-0.01179,0.27793,0.97462
3064,3735.5,33039602,2187186,0.964,0.623,6819,10817,14538,0.01009136,0,0,0.0915,0.254,0.4919,0.1261,0.01194,0.60956,0.11278,-0.01074,0.2674,1.0089
3065,3736.8,33050464,2187856,0.733,0.621,8022,10862,14567,0.01008812,0,0,0.0863,0.1827,0.3597,0.1046,0.01328,0.6065,0.11274,-0.01199,0.26949,0.99256
3066,3738.2,33061348,2188550,0.723,0.619,8109,10884,14604,0.01008486,0,0,0.0951,0.1719,0.3504,0.1058,0.01241,0.60606,0.11012,-0.0114,0.26329,1.00427
3067,3739.5,33072199,2189239,0.684,0.621,8311,10851,14564,0.0100816,0,0,0.0817,0.1635,0.3465,0.0924,0.01233,0.60814,0.10229,-0.01285,0.25011,0.98353
3068,3740.8,33083093,2189904,0.64,0.622,8633,10894,14612,0.01007834,0,0,0.0775,0.16,0.3468,0.0559,0.01074,0.61,0.11136,-0.00956,0.26117,0.95952
3069,3742.1,33093957,2190584,0.673,0.622,8394,10864,14562,0.01007507,0,0,0.0808,0.1618,0.3511,0.0791,0.01178,0.60908,0.11304,-0.01159,0.26846,0.95315
3070,3743.3,33104796,2191280,0.618,0.624,8726,10839,14542,0.01007181,0,0,0.08,0.1551,0.3389,0.0439,0.01226,0.6111,0.11394,-0.01107,0.26941,0.96223
3071,3744.6,33115681,2191965,0.721,0.623,8098,10885,14591,0.01006856,0,0,0.0852,0.1667,0.3728,0.0963,0.01191,0.61016,0.10984,-0.01048,0.26022,0.9725
3072,3745.9,33126562,2192648,0.67,0.623,8415,10881,14603,0.0100653,0,0,0.0837,0.1637,0.3738,0.0485,0.01227,0.61003,0.11402,-0.01261,0.27264,0.96224
3073,3747.2,33137456,2193338,0.637,0.625,8634,10894,14596,0.01006203,0,0,0.0771,0.1649,0.3239,0.0708,0.01143,0.61267,0.11931,-0.00926,0.27674,0.97356
3074,3748.5,33148355,2194046,0.641,0.621,8635,10899,14611,0.01005876,0,0,0.081,0.1673,0.3492,0.0436,0.01341,0.6064,0.1073,-0.01023,0.25431,0.95743
3075,3749.8,33159257,2194749,0.686,0.622,8330,10902,14592,0.01005549,0,0,0.0813,0.1778,0.3519,0.0752,0.0121,0.60949,0.11725,-0.00769,0.26887,0.94412
3076,3751.1,33170170,2195444,0.681,0.624,8359,10913,14618,0.01005222,0,0,0.0836,0.1657,0.3684,0.0638,0.01238,0.6109,0.12127,-0.0101,0.2819,0.95317
3077,3752.3,33181076,2196121,0.612,0.623,8829,10906,14609,0.01004895,0,0,0.0799,0.1453,0.321,0.0658,0.01211,0.61018,0.11058,-0.00971,0.26008,0.96945
3078,3753.5,33192006,2196806,0.61,0.617,8909,10930,14632,0.01004568,0,0,0.0763,0.1601,0.3301,0.0439,0.01167,0.60389,0.11175,-0.01009,0.26272,0.94763
3079,3754.7,33202928,2197479,0.562,0.616,9267,10922,14616,0.0100424,0,0,0.0707,0.1314,0.2988,0.0616,0.01131,0.60398,0.11849,-0.00575,0.26794,0.96886
3080,3755.9,33213835,2198133,0.564,0.616,9244,10907,14603,0.01003912,0,0,0.071,0.1294,0.3151,0.0482,0.01172,0.60367,0.11638,-0.01056,0.27296,0.95028
3081,3757.1,33224724,2198788,0.587,0.621,9009,10889,14583,0.01003585,0,0,0.0751,0.1317,0.3158,0.0648,0.01226,0.60821,0.10646,-0.01227,0.25676,0.96151
3082,3758.3,33235587,2199476,0.555,0.62,9242,10863,14571,0.01003258,0,0,0.0695,0.1326,0.3036,0.0496,0.01143,0.60805,0.11449,-0.01149,0.27141,0.96961
3083,3759.5,33246488,2200159,0.575,0.621,9115,10901,14612,0.01002932,0,0,0.0723,0.1204,0.3065,0.0755,0.01198,0.60864,0.10391,-0.00983,0.24727,0.98678
3084,3760.7,33257340,2200807,0.558,0.624,9188,10852,14531,0.01002605,0,0,0.0707,0.1294,0.3083,0.0492,0.01243,0.61048,0.11613,-0.01114,0.27432,0.98628
3085,3761.9,33268217,2201471,0.655,0.619,8535,10877,14563,0.0100228,0,0,0.0786,0.1667,0.3446,0.065,0.01063,0.6078,0.10981,-0.01176,0.26264,0.9738
3086,3763.2,33279086,2202142,0.629,0.618,8713,10869,14594,0.01001953,0,0,0.0798,0.1594,0.343,0.0469,0.01198,0.6056,0.1061,-0.01135,0.25448,0.97598
3087,3764.4,33289997,2202817,0.644,0.618,8650,10911,14617,0.01001627,0,0,0.0847,0.1601,0.3263,0.0726,0.01227,0.60445,0.10915,-0.00937,0.25698,0.99531
3088,3765.7,33300890,2203489,0.594,0.618,8984,10893,14582,0.010013,0,0,0.0746,0.1526,0.328,0.0391,0.01156,0.60569,0.10367,-0.01034,0.2477,0.98217
3089,3767.0,33311735,2204180,0.717,0.621,8103,10845,14550,0.01000973,0,0,0.0918,0.1725,0.3601,0.0928,0.01147,0.60878,0.12041,-0.01015,0.28082,0.98443
3090,3768.3,33322625,2204856,0.689,0.624,8293,10890,14601,0.01000648,0,0,0.0804,0.1967,0.3673,0.045,0.01235,0.61002,0.11711,-0.00989,0.27358,0.97902
3091,3769.6,33333517,2205551,0.631,0.623,8684,10892,14620,0.01000321,0,0,0.0749,0.1479,0.3277,0.0805,0.01164,0.61062,0.11056,-0.01095,0.26291,0.9938
3092,3770.9,33344374,2206224,0.695,0.627,8215,10857,14569,0.00999994,0,0,0.0982,0.189,0.3641,0.0434,0.01376,0.61257,0.10376,-0.01224,0.25192,0.99621
3093,3772.1,33355208,2206908,0.581,0.618,9032,10834,14551,0.00999669,0,0,0.0719,0.1398,0.3031,0.0664,0.01163,0.60585,0.11493,-0.01063,0.27072,0.98035
3094,3773.2,33366013,2207580,0.546,0.616,9301,10805,14509,0.00999344,0,0,0.0653,0.1225,0.3191,0.0388,0.0111,0.60398,0.11876,-0.01048,0.27821,0.98722
3095,3774.4,33376821,2208264,0.562,0.616,9169,10808,14533,0.0099902,0,0,0.0737,0.1291,0.2942,0.0653,0.01181,0.60391,0.12663,-0.01055,0.29397,0.98176
3096,3775.6,33387656,2208958,0.546,0.618,9309,10835,14543,0.00998695,0,0,0.0688,0.1261,0.3063,0.0445,0.01238,0.60507,0.11216,-0.0114,0.26614,0.95204
3097,3776.8,33398484,2209648,0.592,0.625,8900,10828,14544,0.0099837,0,0,0.0728,0.1405,0.315,0.0632,0.01243,0.61181,0.12182,-0.00778,0.27808,0.94566
3098,3778.0,33409310,2210331,0.615,0.624,8735,10826,14521,0.00998045,0,0,0.0786,0.1596,0.3321,0.0448,0.01255,0.61065,0.11824,-0.00948,0.27433,0.94544
3099,3779.4,33420150,2210999,0.734,0.621,7999,10840,14534,0.00997721,0,0,0.0928,0.1958,0.3768,0.0685,0.01172,0.6087,0.11687,-0.00953,0.27184,0.95512
3100,3780.6,33430929,2211669,0.543,0.62,9262,10779,14493,0.00997395,0,0,0.0695,0.1347,0.3031,0.0361,0.01105,0.60843,0.12675,-0.00979,0.29201,0.94894
3101,3781.9,33441721,2212343,0.68,0.617,8324,10792,14496,0.00997072,0,0,0.0919,0.1735,0.3313,0.0829,0.01133,0.60489,0.1206,-0.01018,0.28004,0.927
3102,3783.1,33452544,2213012,0.553,0.618,9245,10823,14531,0.00996748,0,0,0.0657,0.1202,0.3184,0.0488,0.01171,0.60505,0.11499,-0.00761,0.26396,0.9417
3103,3784.4,33463370,2213694,0.598,0.619,8899,10826,14515,0.00996424,0,0,0.0704,0.1478,0.3065,0.0729,0.01287,0.60452,0.12381,-0.00872,0.28355,0.92767
3104,3785.5,33474161,2214372,0.547,0.616,9276,10791,14498,0.00996099,0,0,0.0744,0.1325,0.301,0.0389,0.01104,0.60451,0.10997,-0.01023,0.25963,0.96574
3105,3786.7,33484997,2215064,0.598,0.623,8881,10836,14531,0.00995775,0,0,0.0725,0.1471,0.3083,0.0698,0.01192,0.60974,0.11641,-0.00922,0.27011,0.94656
3106,3787.9,33495760,2215740,0.545,0.621,9231,10763,14464,0.0099545,0,0,0.0655,0.1263,0.3133,0.0396,0.01188,0.60873,0.12288,-0.00796,0.28095,0.96807
3107,3789.1,33506549,2216446,0.568,0.622,9071,10789,14490,0.00995127,0,0,0.0693,0.1363,0.2916,0.0706,0.01204,0.60898,0.12692,-0.01007,0.29273,0.94217
3108,3790.2,33517392,2217130,0.533,0.618,9424,10843,14535,0.00994804,0,0,0.0716,0.1283,0.2898,0.0428,0.01112,0.60626,0.11712,-0.00993,0.27288,0.94368
3109,3791.5,33528192,2217806,0.592,0.616,8943,10800,14519,0.00994478,0,0,0.0715,0.1378,0.311,0.0716,0.01126,0.60348,0.1241,-0.00922,0.28544,0.9451
3110,3792.6,33539005,2218493,0.546,0.615,9319,10813,14523,0.00994154,0,0,0.0675,0.1306,0.3116,0.0361,0.0119,0.60199,0.111,-0.005,0.25151,0.98061
3111,3793.8,33549827,2219176,0.572,0.615,9111,10822,14526,0.0099383,0,0,0.0674,0.1282,0.3002,0.0766,0.01178,0.60263,0.10784,-0.01061,0.25629,0.97524
3112,3795.0,33560656,2219841,0.574,0.619,9075,10829,14530,0.00993505,0,0,0.0681,0.135,0.3174,0.0536,0.0116,0.60672,0.11038,-0.01107,0.26162,0.94222
3113,3796.2,33571434,2220536,0.578,0.612,9058,10778,14477,0.0099318,0,0,0.0707,0.134,0.3069,0.0666,0.01184,0.59888,0.11745,-0.01041,0.27477,0.95918
3114,3797.5,33582226,2221205,0.682,0.622,8275,10792,14494,0.00992857,0,0,0.0844,0.1802,0.3682,0.0491,0.01163,0.60991,0.11388,-0.00961,0.26598,0.95673
3115,3798.9,33593006,2221882,0.716,0.671,7776,10780,14498,0.00992533,0,0,0.0848,0.1685,0.3871,0.0751,0.01094,0.659,0.1248,-0.01007,0.28934,0.98738
3116,3800.1,33603770,2222567,0.568,0.618,9078,10764,14503,0.0099221,0,0,0.0704,0.1389,0.3183,0.0401,0.01172,0.60557,0.11612,-0.01131,0.27478,1.00426
3117,3801.3,33614585,2223227,0.613,0.619,8773,10815,14537,0.00991887,0,0,0.0744,0.1404,0.3208,0.0779,0.01091,0.60774,0.11206,-0.01308,0.27031,1.00964
3118,3802.5,33625428,2223902,0.578,0.621,9042,10843,14559,0.00991562,0,0,0.071,0.1423,0.325,0.0397,0.01234,0.60769,0.10427,-0.00996,0.24895,1.0335
3119,3803.8,33636276,2224581,0.685,0.621,8301,10848,14557,0.00991237,0,0,0.079,0.1592,0.3401,0.107,0.01144,0.60862,0.10399,-0.01243,0.25357,1.04509
3120,3805.1,33647111,2225246,0.671,0.626,8360,10835,14534,0.00990912,0,0,0.0768,0.1665,0.3367,0.0905,0.01296,0.61144,0.11024,-0.01207,0.26509,1.03282
3121,3806.4,33657942,2225928,0.666,0.625,8393,10831,14551,0.00990587,0,0,0.0779,0.1678,0.334,0.0858,0.01116,0.61274,0.10051,-0.0119,0.24542,1.03949
3122,3807.6,33668768,2226614,0.608,0.629,8753,10826,14542,0.00990262,0,0,0.076,0.1527,0.3342,0.0455,0.0119,0.61577,0.10585,-0.01239,0.25713,1.04178
3123,3808.9,33679582,2227286,0.676,0.627,8294,10814,14506,0.00989937,0,0,0.0875,0.16,0.3427,0.0862,0.01217,0.61436,0.10806,-0.01223,0.26116,1.0405
3124,3810.2,33690396,2227950,0.611,0.617,8803,10814,14525,0.00989613,0,0,0.0735,0.1423,0.3241,0.0714,0.01246,0.60402,0.11373,-0.01224,0.27264,1.04573
3125,3811.4,33701221,2228642,0.6,0.604,8995,10825,14536,0.00989288,0,0,0.0719,0.1481,0.3089,0.0707,0.01141,0.5916,0.09848,-0.01077,0.23884,1.02887
3126,3812.6,33712039,2229333,0.601,0.586,9114,10818,14536,0.00988963,0,0,0.08,0.1554,0.3219,0.0432,0.01198,0.57358,0.10278,-0.00997,0.24627,1.04992
3127,3813.8,33722845,2230015,0.605,0.596,8996,10806,14547,0.00988639,0,0,0.0737,0.1458,0.313,0.0726,0.01159,0.5835,0.10154,-0.01182,0.24687,1.01976
3128,3814.9,33733738,2230708,0.534,0.589,9692,10893,14617,0.00988315,0,0,0.0681,0.1312,0.2889,0.0463,0.01133,0.57746,0.1044,-0.0118,0.25231,1.00767
3129,3816.2,33744505,2231394,0.689,0.599,8357,10767,14485,0.00987988,0,0,0.0786,0.1705,0.3339,0.1065,0.01188,0.58617,0.09124,-0.01238,0.22732,1.01691
3130,3817.4,33755310,2232076,0.673,0.603,8465,10805,14506,0.00987665,0,0,0.081,0.1816,0.356,0.0544,0.012,0.59027,0.10046,-0.01137,0.24369,1.01361
3131,3818.7,33766116,2232765,0.691,0.604,8340,10806,14505,0.00987341,0,0,0.0813,0.1761,0.3467,0.0873,0.01139,0.59166,0.10369,-0.01241,0.25195,0.99963
3132,3819.9,33776935,2233449,0.598,0.598,9047,10819,14523,0.00987017,0,0,0.0784,0.1518,0.3116,0.0559,0.01424,0.58287,0.10804,-0.00931,0.25427,0.99077
3133,3821.2,33787840,2234135,0.7,0.593,8433,10905,14640,0.00986692,0,0,0.0822,0.1859,0.3509,0.0808,0.01152,0.58094,0.12624,-0.00859,0.28912,0.98545
3134,3822.4,33798637,2234810,0.598,0.597,9039,10797,14535,0.00986365,0,0,0.0777,0.1521,0.3218,0.0463,0.01127,0.58449,0.11344,-0.00908,0.2644,0.98144
3135,3823.6,33809454,2235505,0.602,0.589,9087,10817,14531,0.00986041,0,0,0.0758,0.1424,0.3101,0.0734,0.01379,0.5738,0.11452,-0.00989,0.26825,0.98599
3136,3824.8,33820272,2236168,0.54,0.59,9575,10818,14525,0.00985716,0,0,0.0677,0.1377,0.2976,0.0368,0.01167,0.57751,0.11494,-0.01008,0.269,0.96244
3137,3825.9,33831100,2236860,0.586,0.586,9239,10828,14533,0.00985392,0,0,0.0688,0.1388,0.3038,0.0751,0.01137,0.5733,0.11094,-0.00936,0.25975,0.97182
3138,3827.1,33841877,2237531,0.604,0.589,9032,10777,14506,0.00985067,0,0,0.0818,0.1584,0.3179,0.0462,0.01177,0.57633,0.1118,-0.01196,0.2668,0.97859
3139,3828.4,33852686,2238208,0.661,0.6,8572,10809,14520,0.00984744,0,0,0.08,0.1584,0.3342,0.0886,0.01146,0.58743,0.10219,-0.01103,0.24578,0.98238
3140,3829.6,33863536,2238912,0.625,0.62,8713,10850,14560,0.00984419,0,0,0.0783,0.1701,0.3275,0.0496,0.01159,0.60713,0.09566,-0.0103,0.23135,0.98744
3141,3831.0,33874373,2239591,0.736,0.64,7880,10837,14565,0.00984094,0,0,0.0825,0.1892,0.3728,0.0913,0.01547,0.62321,0.10676,-0.0112,0.25562,1.00081
3142,3832.3,33885226,2240267,0.681,0.622,8327,10853,14563,0.00983769,0,0,0.0932,0.1839,0.3578,0.0463,0.01207,0.60905,0.11481,-0.01139,0.27252,1.02264
3143,3833.7,33896065,2240954,0.756,0.627,7842,10839,14579,0.00983443,0,0,0.0927,0.2015,0.3702,0.0913,0.01283,0.61259,0.10785,-0.0109,0.25825,1.05555
3144,3835.0,33906886,2241633,0.729,0.624,7992,10821,14541,0.00983118,0,0,0.1051,0.1839,0.3802,0.0602,0.0116,0.61195,0.10351,-0.01098,0.24911,1.02389
3145,3836.4,33917738,2242323,0.72,0.626,8059,10852,14571,0.00982793,0,0,0.0851,0.1899,0.3554,0.0899,0.01258,0.61274,0.10815,-0.01265,0.26193,1.03442
3146,3837.7,33928617,2242988,0.659,0.62,8510,10879,14597,0.00982468,0,0,0.0803,0.1795,0.3482,0.0509,0.01308,0.60562,0.11096,-0.01226,0.26741,1.06719
3147,3839.0,33939478,2243663,0.664,0.619,8462,10861,14595,0.00982141,0,0,0.081,0.169,0.3337,0.0805,0.01182,0.60643,0.11395,-0.01108,0.27012,1.02107
3148,3840.2,33950361,2244351,0.66,0.619,8508,10883,14575,0.00981816,0,0,0.0815,0.1802,0.3543,0.0439,0.01151,0.60695,0.11217,-0.01052,0.26463,0.98037
3149,3841.6,33961178,2245051,0.744,0.644,7791,10817,14510,0.00981489,0,0,0.0819,0.1977,0.3513,0.1134,0.0122,0.63131,0.10271,-0.01356,0.25191,0.98751
3150,3842.9,33972037,2245761,0.69,0.632,8215,10859,14568,0.00981165,0,0,0.0856,0.1796,0.376,0.0485,0.01216,0.61914,0.09415,-0.0087,0.22491,0.97892
3151,3844.4,33982827,2246449,0.793,0.627,7602,10790,14525,0.00980839,0,0,0.0876,0.2167,0.4009,0.0875,0.01227,0.61357,0.09704,-0.01125,0.23583,0.98189
3152,3845.7,33993688,2247164,0.627,0.631,8629,10861,14583,0.00980515,0,0,0.0771,0.1598,0.3366,0.054,0.01249,0.61771,0.10545,-0.00957,0.24884,0.95823
3153,3847.1,34004492,2247863,0.719,0.615,8098,10804,14536,0.00980189,0,0,0.0801,0.1825,0.3749,0.0813,0.01207,0.6022,0.09478,-0.01014,0.22847,0.94985
3154,3848.3,34015291,2248561,0.648,0.612,8575,10799,14508,0.00979865,0,0,0.084,0.1697,0.3493,0.0446,0.01151,0.59941,0.10441,-0.00969,0.24668,0.9425
3155,3849.5,34026103,2249260,0.605,0.606,8927,10812,14541,0.00979541,0,0,0.0722,0.1343,0.3115,0.0871,0.0128,0.5922,0.08994,-0.01294,0.22491,0.97771
3156,3850.8,34036913,2249967,0.689,0.621,8255,10810,14548,0.00979217,0,0,0.0942,0.1943,0.3611,0.0394,0.01197,0.60773,0.09318,-0.00938,0.22425,0.9779
3157,3852.1,34047770,2250683,0.647,0.626,8529,10857,14589,0.00978893,0,0,0.0762,0.1533,0.3445,0.0729,0.0117,0.61353,0.10039,-0.00986,0.24005,0.99812
3158,3853.4,34058652,2251398,0.687,0.607,8413,10882,14624,0.00978567,0,0,0.0825,0.1663,0.3707,0.0672,0.01201,0.59397,0.09618,-0.01036,0.23237,0.98621
3159,3854.6,34069507,2252093,0.61,0.61,8896,10855,14603,0.0097824,0,0,0.0698,0.1375,0.309,0.0935,0.01128,0.59847,0.09791,-0.00954,0.23437,0.99521
3160,3855.9,34080349,2252792,0.665,0.616,8463,10842,14561,0.00977915,0,0,0.0792,0.1744,0.352,0.0596,0.01166,0.60336,0.10104,-0.00955,0.24039,0.98168
3161,3857.1,34091218,2253496,0.595,0.602,9078,10869,14593,0.0097759,0,0,0.0729,0.1356,0.3192,0.0673,0.0121,0.58941,0.11644,-0.01154,0.27565,1.00649
3162,3858.2,34102025,2254198,0.512,0.602,9704,10807,14530,0.00977263,0,0,0.0635,0.1167,0.2953,0.0363,0.01109,0.58972,0.09883,-0.01194,0.24097,0.99418
3163,3859.4,34112836,2254905,0.55,0.6,9402,10811,14537,0.00976939,0,0,0.064,0.1272,0.2905,0.0681,0.01144,0.58793,0.10483,-0.00979,0.24867,0.9943
3164,3860.5,34123647,2255611,0.481,0.603,9967,10811,14530,0.00976615,0,0,0.0606,0.1088,0.2784,0.0336,0.01116,0.59138,0.09553,-0.00944,0.22951,1.00147
3165,3861.6,34134473,2256293,0.531,0.603,9552,10826,14546,0.00976291,0,0,0.0624,0.1158,0.2886,0.064,0.01109,0.59098,0.10515,-0.00819,0.24629,1.00378
3166,3862.8,34145271,2256995,0.556,0.606,9296,10798,14516,0.00975966,0,0,0.0685,0.137,0.3105,0.0396,0.01175,0.59363,0.10577,-0.01155,0.25448,1.01587
3167,3863.9,34156125,2257666,0.552,0.607,9367,10854,14567,0.00975642,0,0,0.0648,0.1277,0.2953,0.0641,0.01197,0.59384,0.1074,-0.01349,0.26093,0.98112
3168,3865.0,34166958,2258360,0.496,0.605,9843,10833,14528,0.00975316,0,0,0.0626,0.1123,0.2872,0.034,0.01185,0.59184,0.10591,-0.01413,0.25947,0.99373
3169,3866.2,34177816,2259068,0.56,0.606,9312,10858,14591,0.00974991,0,0,0.0659,0.1224,0.2944,0.0773,0.01194,0.5934,0.10186,-0.01249,0.24836,1.00785
3170,3867.3,34188610,2259757,0.524,0.605,9554,10794,14512,0.00974666,0,0,0.0647,0.1223,0.2987,0.0388,0.01104,0.59368,0.10855,-0.01074,0.25821,1.0076
3171,3868.4,34199419,2260458,0.532,0.602,9528,10809,14529,0.00974342,0,0,0.0658,0.1167,0.2864,0.0633,0.01104,0.59028,0.1076,-0.01147,0.25743,0.9899
3172,3869.5,34210245,2261141,0.496,0.604,9844,10826,14560,0.00974017,0,0,0.0615,0.1134,0.2834,0.0374,0.01203,0.59138,0.11135,-0.00917,0.26062,1.00505
3173,3870.7,34221061,2261823,0.555,0.606,9310,10816,14534,0.00973693,0,0,0.0641,0.116,0.3029,0.0725,0.01162,0.59367,0.10502,-0.01034,0.24986,0.98237
3174,3871.9,34231850,2262529,0.568,0.611,9147,10789,14503,0.00973368,0,0,0.0713,0.1441,0.3118,0.041,0.01201,0.59861,0.10182,-0.01073,0.24435,0.98864
3175,3873.1,34242651,2263224,0.57,0.613,9132,10801,14534,0.00973045,0,0,0.0654,0.125,0.3075,0.0724,0.01273,0.59901,0.10573,-0.01119,0.25332,1.00033
3176,3874.2,34253499,2263923,0.548,0.613,9342,10848,14547,0.0097272,0,0,0.0679,0.1259,0.3102,0.0443,0.01167,0.60058,0.09973,-0.01158,0.2422,1.00678
3177,3875.4,34264322,2264614,0.592,0.606,9033,10823,14544,0.00972395,0,0,0.0693,0.1336,0.319,0.0704,0.01189,0.59325,0.11277,-0.01226,0.26933,0.99127
3178,3876.6,34275181,2265298,0.526,0.616,9504,10859,14559,0.0097207,0,0,0.0656,0.1184,0.3024,0.04,0.01148,0.6038,0.11164,-0.00915,0.26084,0.99074
3179,3877.8,34285965,2265986,0.593,0.609,8970,10784,14522,0.00971745,0,0,0.0707,0.131,0.3219,0.0691,0.01143,0.59739,0.10511,-0.01034,0.24991,0.97883
3180,3879.0,34296783,2266696,0.559,0.616,9204,10818,14547,0.00971421,0,0,0.0677,0.1354,0.3124,0.0439,0.0118,0.60293,0.11141,-0.01234,0.26625,0.96533
3181,3880.2,34307576,2267379,0.581,0.621,8979,10793,14518,0.00971097,0,0,0.0681,0.1261,0.3204,0.0665,0.01186,0.60822,0.11185,-0.01041,0.26393,0.99953
3182,3881.4,34318350,2268068,0.577,0.62,8999,10774,14498,0.00970773,0,0,0.0673,0.1342,0.3264,0.0491,0.013,0.60656,0.10412,-0.01123,0.24949,0.96764
3183,3882.6,34329118,2268775,0.6,0.622,8814,10768,14486,0.0097045,0,0,0.069,0.1251,0.3226,0.0834,0.01152,0.60933,0.12245,-0.01084,0.2854,0.96891
3184,3883.8,34339902,2269481,0.564,0.625,9065,10784,14513,0.00970126,0,0,0.0684,0.1341,0.3146,0.0471,0.01209,0.61226,0.10876,-0.00975,0.25603,0.97934
3185,3885.0,34350641,2270181,0.638,0.622,8527,10739,14468,0.00969803,0,0,0.0758,0.1451,0.3366,0.0801,0.01262,0.60849,0.11169,-0.01012,0.26255,0.97654
3186,3886.2,34361418,2270894,0.586,0.619,8949,10777,14506,0.00969481,0,0,0.0695,0.1383,0.3287,0.0491,0.01361,0.60416,0.11183,-0.0116,0.26576,0.97441
3187,3887.5,34372181,2271577,0.613,0.615,8766,10763,14487,0.00969157,0,0,0.0727,0.1389,0.3359,0.0652,0.01229,0.60189,0.10856,-0.01074,0.25725,0.96225
3188,3888.7,34382985,2272277,0.614,0.62,8755,10804,14559,0.00968835,0,0,0.074,0.1545,0.3356,0.0497,0.01262,0.60631,0.11125,-0.01118,0.26339,0.95655
3189,3890.0,34393744,2272976,0.709,0.62,8092,10759,14487,0.0096851,0,0,0.0837,0.1678,0.369,0.0889,0.01204,0.60721,0.10961,-0.01155,0.26091,0.96009
3190,3891.3,34404514,2273677,0.688,0.63,8174,10770,14516,0.00968188,0,0,0.0801,0.1686,0.3588,0.0802,0.01274,0.61638,0.10773,-0.01055,0.25597,1.00197
3191,3892.6,34415328,2274380,0.662,0.625,8402,10814,14541,0.00967865,0,0,0.0828,0.166,0.3638,0.0491,0.01234,0.61227,0.11039,-0.01025,0.26001,0.96768
3192,3894.0,34426152,2275084,0.713,0.624,8099,10824,14533,0.0096754,0,0,0.0794,0.18,0.3524,0.1011,0.01297,0.60937,0.10444,-0.00902,0.24533,0.9521
3193,3895.3,34436923,2275787,0.732,0.621,7960,10771,14520,0.00967215,0,0,0.0864,0.1836,0.4007,0.0615,0.01224,0.60775,0.11244,-0.0096,0.26279,0.96731
3194,3896.6,34447676,2276484,0.69,0.62,8209,10753,14492,0.00966892,0,0,0.083,0.1768,0.3592,0.0713,0.01336,0.6051,0.10658,-0.01159,0.25535,0.98354
3195,3898.0,34458479,2277188,0.723,0.62,8040,10803,14531,0.0096657,0,0,0.0809,0.1552,0.4022,0.0851,0.0136,0.60563,0.11939,-0.00861,0.27507,0.98659
3196,3899.2,34469312,2277886,0.624,0.623,8688,10833,14557,0.00966246,0,0,0.0775,0.1582,0.3393,0.049,0.01179,0.61018,0.10763,-0.00806,0.25086,1.00861
3197,3900.5,34480095,2278566,0.669,0.624,8341,10783,14512,0.00965921,0,0,0.0752,0.1578,0.3368,0.0993,0.01151,0.61102,0.10911,-0.01042,0.25831,0.99651
3198,3901.9,34490886,2279281,0.728,0.625,7975,10791,14516,0.00965597,0,0,0.0859,0.1811,0.3681,0.0929,0.01197,0.61191,0.10069,-0.00875,0.23831,1.00626
3199,3903.3,34501692,2279973,0.782,0.62,7709,10806,14521,0.00965273,0,0,0.0883,0.2007,0.3783,0.1145,0.01258,0.60631,0.11872,-0.01,0.27618,0.97136
3200,3904.6,34512516,2280686,0.72,0.607,8152,10824,14577,0.00964949,0,0,0.0834,0.1698,0.3584,0.1088,0.01183,0.59452,0.09849,-0.01188,0.24027,1.0127
3201,3907.2,34523394,2281371,0.674,0.645,8247,10878,14604,0.00964625,0,0,0.0732,0.1563,0.3618,0.0829,0.01233,0.63171,0.09766,-0.00918,0.23316,1.00966
3202,3908.6,34534205,2282057,0.672,0.632,8295,10811,14508,0.00964298,0,0,0.0787,0.1664,0.3634,0.0632,0.01349,0.61692,0.1001,-0.00831,0.23666,1.02843
3203,3909.9,34544999,2282751,0.713,0.627,8056,10794,14509,0.00963974,0,0,0.0825,0.1661,0.3716,0.0932,0.01284,0.613,0.10937,-0.01,0.25826,1.01229
3204,3911.2,34555847,2283435,0.681,0.624,8311,10848,14535,0.0096365,0,0,0.081,0.1844,0.3566,0.0592,0.01228,0.61094,0.10969,-0.01108,0.26024,0.96976
3205,3912.6,34566660,2284122,0.789,0.62,7678,10813,14516,0.00963325,0,0,0.0902,0.2135,0.4008,0.084,0.01259,0.60648,0.08648,-0.01049,0.2137,1.02576
3206,3913.8,34577452,2284789,0.579,0.618,9016,10792,14520,0.00963,0,0,0.0714,0.1402,0.3231,0.0445,0.01182,0.60503,0.09947,-0.01192,0.24258,1.02811
3207,3915.1,34588292,2285461,0.623,0.615,8758,10840,14570,0.00962676,0,0,0.0766,0.1425,0.3214,0.0827,0.01156,0.60233,0.09073,-0.0108,0.22325,1.049
3208,3916.2,34599093,2286137,0.51,0.616,9589,10801,14506,0.00962351,0,0,0.0604,0.1141,0.2932,0.0426,0.01149,0.60405,0.109,-0.0111,0.26022,1.04048
3209,3917.3,34609939,2286815,0.525,0.617,9492,10846,14551,0.00962027,0,0,0.0621,0.1072,0.2998,0.0563,0.01158,0.60475,0.09852,-0.01182,0.24078,1.04497
3210,3918.4,34620792,2287509,0.435,0.617,10322,10853,14555,0.00961702,0,0,0.051,0.0917,0.2617,0.0302,0.01118,0.60496,0.09131,-0.01187,0.22611,1.02691
3211,3919.5,34631633,2288181,0.492,0.618,9761,10841,14567,0.00961376,0,0,0.0565,0.0976,0.2795,0.0585,0.01077,0.60709,0.09746,-0.01198,0.23871,1.03116
3212,3920.6,34642478,2288859,0.451,0.618,10140,10845,14566,0.00961051,0,0,0.0517,0.0928,0.2708,0.0359,0.01193,0.60578,0.0936,-0.01316,0.23318,1.02318
3213,3921.7,34653302,2289559,0.467,0.615,10005,10824,14527,0.00960726,0,0,0.0516,0.0941,0.2612,0.0596,0.01119,0.60346,0.1015,-0.00931,0.24083,1.00016
3214,3922.7,34664093,2290252,0.428,0.611,10393,10791,14525,0.00960401,0,0,0.0492,0.09,0.257,0.0316,0.01079,0.59917,0.09549,-0.01033,0.23137,1.02651
3215,3923.8,34674919,2290951,0.468,0.611,10031,10826,14539,0.00960077,0,0,0.0523,0.0916,0.2636,0.0605,0.01062,0.59983,0.10902,-0.01061,0.25832,0.99275
3216,3924.8,34685726,2291645,0.422,0.614,10430,10807,14500,0.00959752,0,0,0.049,0.0879,0.2523,0.0331,0.01116,0.6021,0.11343,-0.01026,0.26661,1.00184
3217,3925.9,34696507,2292330,0.452,0.614,10114,10781,14486,0.00959428,0,0,0.0507,0.0868,0.2641,0.0503,0.01153,0.60166,0.086,-0.01258,0.21653,1.00923
3218,3927.0,34707310,2293022,0.468,0.618,9945,10803,14524,0.00959105,0,0,0.0552,0.102,0.2746,0.0364,0.01125,0.60623,0.10656,-0.00849,0.24934,1.00302
3219,3928.1,34718097,2293739,0.499,0.619,9645,10787,14501,0.00958781,0,0,0.0566,0.1052,0.2772,0.0603,0.01165,0.60671,0.08949,-0.00967,0.21747,0.99807
3220,3929.2,34728895,2294439,0.471,0.619,9905,10798,14534,0.00958457,0,0,0.0578,0.1017,0.2787,0.0328,0.01159,0.60682,0.09615,-0.00903,0.22989,1.01905
3221,3930.3,34739656,2295138,0.517,0.62,9464,10761,14461,0.00958133,0,0,0.0589,0.1028,0.2921,0.0637,0.0111,0.60777,0.11068,-0.01187,0.26429,1.0018
3222,3931.4,34750461,2295833,0.479,0.614,9890,10805,14503,0.0095781,0,0,0.0592,0.1036,0.2818,0.0341,0.0112,0.60192,0.10706,-0.01005,0.25345,1.00281
3223,3932.5,34761207,2296518,0.502,0.615,9619,10746,14473,0.00957486,0,0,0.0606,0.0997,0.2835,0.0584,0.01177,0.60266,0.09739,-0.00987,0.23424,1.03059
3224,3933.6,34771970,2297228,0.478,0.614,9857,10763,14484,0.00957164,0,0,0.061,0.1056,0.2775,0.0335,0.0116,0.60173,0.09149,-0.01068,0.22412,1.03338
3225,3934.7,34782689,2297916,0.501,0.615,9603,10719,14436,0.00956841,0,0,0.0598,0.1066,0.2796,0.0547,0.01087,0.60394,0.09458,-0.0107,0.23055,1.04459
3226,3935.8,34793547,2298610,0.484,0.618,9861,10858,14574,0.00956519,0,0,0.0591,0.1068,0.2841,0.0335,0.01148,0.60543,0.0887,-0.00838,0.21322,0.99641
3227,3937.0,34804317,2299301,0.508,0.618,9562,10770,14501,0.00956194,0,0,0.0586,0.1029,0.2827,0.0637,0.01155,0.6058,0.09411,-0.00956,0.22624,0.98784
3228,3938.1,34815108,2300010,0.488,0.618,9760,10791,14528,0.0095587,0,0,0.0592,0.1075,0.2865,0.0347,0.01115,0.60583,0.1015,-0.01001,0.2424,1.01328
3229,3939.2,34825875,2300720,0.51,0.618,9539,10767,14489,0.00955547,0,0,0.0586,0.1026,0.2891,0.0599,0.01142,0.60645,0.09353,-0.01204,0.23033,1.00401
3230,3940.3,34836664,2301423,0.498,0.612,9719,10789,14521,0.00955224,0,0,0.0587,0.1074,0.2868,0.0452,0.01195,0.59948,0.10697,-0.01059,0.2542,0.99945
3231,3941.4,34847453,2302101,0.507,0.624,9537,10789,14525,0.009549,0,0,0.0591,0.1044,0.2847,0.059,0.01124,0.61203,0.09645,-0.01066,0.23352,1.01079
3232,3942.5,34858248,2302810,0.502,0.618,9640,10795,14527,0.00954576,0,0,0.062,0.1087,0.2974,0.0341,0.01162,0.60535,0.10108,-0.01095,0.24357,1.02129
3233,3943.7,34869070,2303502,0.524,0.618,9474,10822,14532,0.00954253,0,0,0.0589,0.1088,0.2938,0.0627,0.01107,0.60622,0.08997,-0.01181,0.22311,1.02474
3234,3944.8,34879822,2304191,0.494,0.616,9688,10752,14457,0.00953928,0,0,0.0595,0.1044,0.2927,0.0376,0.01112,0.60389,0.09783,-0.01195,0.23899,1.01858
3235,3945.9,34890632,2304877,0.509,0.623,9548,10810,14548,0.00953605,0,0,0.0614,0.1038,0.2906,0.0536,0.01083,0.61134,0.09714,-0.01106,0.2357,1.01166
3236,3947.1,34901420,2305579,0.496,0.621,9657,10788,14530,0.00953281,0,0,0.0587,0.1075,0.2931,0.0367,0.01091,0.60952,0.09278,-0.00999,0.22471,1.00557
3237,3948.2,34912216,2306266,0.526,0.619,9426,10796,14530,0.00952957,0,0,0.0613,0.1105,0.2915,0.0632,0.01181,0.6064,0.10605,-0.01047,0.25247,1.01998
3238,3949.3,34923016,2306952,0.496,0.619,9688,10800,14532,0.00952634,0,0,0.0602,0.1053,0.2922,0.0381,0.01112,0.60731,0.08442,-0.01026,0.20869,1.0151
3239,3950.4,34933878,2307641,0.5,0.613,9756,10862,14612,0.0095231,0,0,0.0596,0.1031,0.2839,0.0534,0.01165,0.60116,0.09884,-0.01292,0.24337,1.04235
3240,3951.5,34944727,2308324,0.478,0.614,9935,10849,14584,0.00951984,0,0,0.0582,0.1025,0.2823,0.035,0.01123,0.60202,0.09882,-0.01069,0.23903,1.05052
3241,3952.6,34955546,2309006,0.51,0.614,9617,10819,14543,0.00951658,0,0,0.0591,0.1067,0.2785,0.0663,0.01141,0.60232,0.1014,-0.00899,0.24054,1.03818
3242,3953.7,34966355,2309699,0.484,0.614,9844,10809,14547,0.00951334,0,0,0.0583,0.1057,0.286,0.0339,0.01154,0.60178,0.10075,-0.0083,0.2375,1.0197
3243,3954.9,34977171,2310375,0.506,0.617,9629,10816,14550,0.00951009,0,0,0.0584,0.1061,0.2832,0.0588,0.01171,0.60452,0.08994,-0.01348,0.22693,1.05624
3244,3956.0,34987972,2311057,0.481,0.62,9811,10801,14536,0.00950685,0,0,0.0587,0.1088,0.279,0.0343,0.01179,0.60749,0.09178,-0.01327,0.22998,1.04589
3245,3957.1,34998769,2311739,0.52,0.621,9461,10797,14537,0.00950361,0,0,0.0621,0.1126,0.2801,0.0655,0.01135,0.60882,0.10668,-0.01165,0.25606,1.02026
3246,3958.2,35009613,2312440,0.489,0.618,9796,10844,14580,0.00950037,0,0,0.0626,0.1085,0.2839,0.0336,0.01122,0.60651,0.09003,-0.00818,0.21622,1.04251
3247,3959.3,35020446,2313131,0.503,0.615,9690,10833,14550,0.00949712,0,0,0.0603,0.108,0.2761,0.0587,0.01105,0.60313,0.10631,-0.00835,0.24817,0.99299
3248,3960.4,35031281,2313816,0.499,0.615,9730,10835,14572,0.00949387,0,0,0.0617,0.106,0.2952,0.0359,0.01161,0.60245,0.09728,-0.0109,0.23598,1.03267
3249,3961.6,35042074,2314520,0.515,0.615,9544,10793,14551,0.00949062,0,0,0.061,0.1062,0.2935,0.0548,0.01144,0.60294,0.09521,-0.00984,0.22932,1.01255
3250,3962.7,35052810,2315220,0.503,0.617,9587,10736,14447,0.00948738,0,0,0.0612,0.1179,0.2918,0.0322,0.01126,0.60478,0.0858,-0.01255,0.21612,1.02385
3251,3963.9,35063651,2315953,0.591,0.622,8934,10841,14548,0.00948416,0,0,0.0681,0.1357,0.3063,0.0811,0.01156,0.6098,0.08923,-0.00921,0.215,0.95479
3252,3965.2,35074487,2316640,0.589,0.625,8929,10836,14505,0.0094809,0,0,0.0731,0.1489,0.3153,0.0518,0.01265,0.61089,0.10702,-0.00861,0.24889,0.92989
3253,3966.5,35085316,2317348,0.615,0.625,8736,10829,14486,0.00947765,0,0,0.0687,0.1398,0.3282,0.0779,0.01223,0.612,0.11426,-0.00959,0.26561,0.94465
3254,3967.7,35096112,2318050,0.591,0.625,8881,10796,14446,0.00947441,0,0,0.0732,0.1464,0.3275,0.0437,0.01189,0.61201,0.1048,-0.01125,0.24994,0.94106
3255,3968.9,35106963,2318753,0.599,0.62,8901,10851,14491,0.00947117,0,0,0.0708,0.1352,0.3288,0.064,0.01062,0.60846,0.10631,-0.00919,0.24828,0.9124
3256,3970.2,35117825,2319438,0.656,0.632,8430,10862,14533,0.00946791,0,0,0.0774,0.1546,0.3371,0.0874,0.01199,0.61848,0.10994,-0.00992,0.25708,0.9173
3257,3971.5,35128671,2320135,0.627,0.626,8654,10846,14502,0.00946465,0,0,0.0752,0.1448,0.3116,0.0955,0.01213,0.61305,0.10359,-0.01025,0.24513,0.9219
3258,3972.6,35139506,2320837,0.551,0.628,9187,10835,14503,0.0094614,0,0,0.0695,0.1332,0.2955,0.0527,0.01156,0.61575,0.10774,-0.0102,0.25334,0.92284
3259,3973.9,35150338,2321541,0.614,0.629,8716,10832,14487,0.00945815,0,0,0.0751,0.1407,0.322,0.0758,0.01153,0.61675,0.11318,-0.01134,0.26665,0.93096
3260,3975.0,35161134,2322217,0.522,0.629,9381,10796,14466,0.0094549,0,0,0.067,0.1238,0.2935,0.0377,0.01112,0.61706,0.09953,-0.01143,0.23897,0.90105
3261,3976.2,35171949,2322931,0.583,0.631,8908,10815,14488,0.00945166,0,0,0.0654,0.1258,0.318,0.0737,0.01181,0.61869,0.10548,-0.01181,0.25141,0.89133
3262,3977.4,35182759,2323633,0.564,0.631,9047,10810,14496,0.00944842,0,0,0.071,0.1328,0.3115,0.0484,0.01212,0.61828,0.1082,-0.01147,0.25642,0.90356
3263,3978.7,35193550,2324332,0.6,0.631,8765,10791,14463,0.00944517,0,0,0.0679,0.1356,0.3189,0.078,0.01191,0.61791,0.09512,-0.01162,0.23052,0.90223
3264,3979.9,35204397,2325023,0.551,0.629,9195,10847,14510,0.00944194,0,0,0.072,0.1314,0.3084,0.0391,0.01203,0.61559,0.11302,-0.01182,0.26621,0.8754
3265,3981.1,35215305,2325727,0.613,0.631,8766,10908,14586,0.00943868,0,0,0.0723,0.1376,0.3336,0.0695,0.0115,0.61892,0.11578,-0.00922,0.2672,0.91041
3266,3982.3,35226182,2326412,0.59,0.627,8937,10877,14536,0.00943541,0,0,0.0733,0.149,0.3242,0.0431,0.01133,0.61541,0.11724,-0.01096,0.27379,0.92119
3267,3983.5,35237017,2327102,0.578,0.623,9021,10835,14524,0.00943215,0,0,0.07,0.1315,0.3149,0.0618,0.01218,0.60989,0.10495,-0.01172,0.2508,0.92457
3268,3984.7,35247889,2327785,0.555,0.625,9214,10872,14542,0.00942889,0,0,0.0689,0.1291,0.3178,0.0395,0.01261,0.61149,0.1001,-0.01129,0.24003,0.91478
3269,3985.9,35258712,2328495,0.615,0.622,8750,10823,14492,0.00942563,0,0,0.0738,0.1348,0.3264,0.0797,0.01146,0.60992,0.09807,-0.01259,0.23829,0.90024
3270,3987.1,35269568,2329201,0.577,0.624,9045,10856,14531,0.00942239,0,0,0.0703,0.143,0.3208,0.0426,0.01169,0.61093,0.10488,-0.01146,0.24961,0.89914
3271,3988.3,35280410,2329881,0.576,0.623,9045,10842,14516,0.00941913,0,0,0.0674,0.1386,0.3023,0.0676,0.01135,0.61088,0.09867,-0.01115,0.23672,0.90705
3272,3989.5,35291291,2330596,0.553,0.617,9303,10881,14566,0.00941588,0,0,0.0668,0.1338,0.3134,0.0389,0.0119,0.60403,0.10504,-0.01098,0.24898,0.89957
3273,3990.7,35302141,2331295,0.58,0.618,9058,10850,14520,0.00941261,0,0,0.0682,0.1377,0.3061,0.0681,0.01238,0.60428,0.09173,-0.01016,0.22143,0.93696
3274,3991.9,35313009,2331999,0.547,0.619,9322,10868,14554,0.00940936,0,0,0.0705,0.1294,0.3075,0.04,0.01128,0.60609,0.09871,-0.01085,0.23614,0.90372
3275,3993.1,35323876,2332675,0.596,0.619,8942,10867,14538,0.0094061,0,0,0.0707,0.1355,0.3168,0.073,0.01107,0.6076,0.09651,-0.0077,0.22567,0.91743
3276,3994.3,35334731,2333384,0.566,0.624,9115,10855,14540,0.00940284,0,0,0.0688,0.137,0.3058,0.0548,0.01264,0.6109,0.10851,-0.0089,0.25129,0.87606
3277,3995.6,35345593,2334082,0.66,0.623,8471,10862,14528,0.00939958,0,0,0.0788,0.1558,0.3359,0.0892,0.01112,0.61089,0.11317,-0.01067,0.26424,0.88104
3278,3996.7,35356471,2334772,0.541,0.62,9375,10878,14544,0.00939632,0,0,0.0684,0.135,0.2999,0.0374,0.011,0.60798,0.09349,-0.01046,0.2242,0.86702
3279,3997.9,35367376,2335468,0.548,0.615,9380,10905,14587,0.00939306,0,0,0.0616,0.114,0.2982,0.0739,0.01114,0.60285,0.11016,-0.00847,0.25373,0.87638
3280,3999.0,35378304,2336156,0.533,0.619,9482,10928,14620,0.00938979,0,0,0.0645,0.1156,0.3149,0.0383,0.01122,0.60693,0.09753,-0.00906,0.22965,0.87651
3281,4000.2,35389177,2336854,0.576,0.616,9117,10873,14551,0.00938651,0,0,0.064,0.1282,0.3035,0.0805,0.01202,0.60337,0.11248,-0.01182,0.265,0.87295
3282,4001.4,35400032,2337560,0.551,0.618,9293,10855,14541,0.00938325,0,0,0.0664,0.1367,0.2912,0.0562,0.01185,0.60494,0.09872,-0.0128,0.23944,0.87405
3283,4002.6,35410921,2338250,0.551,0.622,9282,10889,14577,0.00937999,0,0,0.0662,0.1225,0.3012,0.061,0.01174,0.60957,0.09889,-0.00701,0.22823,0.87501
3284,4003.7,35421803,2338942,0.537,0.621,9394,10882,14573,0.00937672,0,0,0.0681,0.1295,0.2995,0.04,0.01181,0.60852,0.10184,-0.00952,0.2394,0.8893
3285,4004.9,35432710,2339622,0.563,0.621,9216,10907,14558,0.00937346,0,0,0.0627,0.1242,0.3059,0.0701,0.01105,0.6089,0.10688,-0.01138,0.25279,0.8672
3286,4006.0,35443574,2340327,0.518,0.619,9556,10864,14562,0.00937019,0,0,0.0638,0.1143,0.3015,0.0386,0.01114,0.60682,0.11171,-0.00913,0.25798,0.86918
3287,4007.2,35454424,2341021,0.55,0.615,9315,10850,14524,0.00936693,0,0,0.0636,0.119,0.2949,0.0723,0.01141,0.60285,0.09518,-0.00888,0.22483,0.89235
3288,4008.3,35465265,2341737,0.518,0.614,9579,10841,14537,0.00936367,0,0,0.0639,0.1167,0.302,0.0351,0.01131,0.60202,0.10068,-0.00893,0.23554,0.87156
3289,4009.5,35476170,2342421,0.563,0.616,9251,10905,14580,0.00936042,0,0,0.0669,0.1263,0.3026,0.067,0.01154,0.60377,0.10471,-0.00911,0.24428,0.88845
3290,4010.7,35486963,2343134,0.522,0.616,9487,10793,14492,0.00935715,0,0,0.0648,0.1157,0.2978,0.0434,0.01192,0.60318,0.1009,-0.00881,0.23611,0.89244
3291,4011.9,35497817,2343841,0.604,0.62,8866,10854,14507,0.00935391,0,0,0.0677,0.1316,0.3256,0.0791,0.01181,0.60763,0.1,-0.00786,0.23243,0.8927
3292,4013.1,35508658,2344530,0.544,0.621,9305,10841,14495,0.00935065,0,0,0.0695,0.1343,0.3034,0.037,0.01155,0.6084,0.09597,-0.00846,0.22476,0.85054
3293,4014.3,35519529,2345236,0.638,0.623,8621,10871,14547,0.0093474,0,0,0.0726,0.1415,0.3439,0.0805,0.01152,0.61035,0.112,-0.00962,0.25926,0.85641
3294,4015.5,35530369,2345928,0.525,0.622,9447,10840,14539,0.00934414,0,0,0.0647,0.1288,0.2963,0.0355,0.01129,0.61022,0.09677,-0.00933,0.22836,0.86464
3295,4016.7,35541224,2346620,0.605,0.616,8886,10855,14556,0.00934089,0,0,0.0727,0.131,0.3255,0.076,0.01218,0.60364,0.09727,-0.00638,0.22362,0.87453
3296,4017.9,35552091,2347315,0.567,0.615,9194,10867,14545,0.00933763,0,0,0.0765,0.1422,0.3058,0.0424,0.01167,0.60296,0.09806,-0.00941,0.23084,0.85218
3297,4019.0,35562926,2348028,0.568,0.616,9152,10835,14535,0.00933437,0,0,0.0674,0.126,0.2985,0.0763,0.0113,0.60366,0.09338,-0.01134,0.22596,0.88527
3298,4020.2,35573794,2348723,0.518,0.617,9575,10868,14566,0.00933112,0,0,0.0639,0.1184,0.2973,0.0387,0.01158,0.60442,0.10297,-0.01076,0.24357,0.86288
3299,4021.6,35584628,2349409,0.776,0.625,7733,10834,14553,0.00932786,0,0,0.0838,0.1954,0.4007,0.0958,0.01241,0.61224,0.11461,-0.00987,0.26535,0.87914
3300,4022.9,35595521,2350114,0.666,0.624,8441,10893,14578,0.00932461,0,0,0.0757,0.1498,0.3301,0.1107,0.01474,0.60863,0.0991,-0.00995,0.23438,0.87298
3301,4024.1,35606374,2350812,0.635,0.622,8633,10853,14564,0.00932134,0,0,0.0739,0.1474,0.3313,0.0828,0.01288,0.6083,0.08862,-0.00854,0.21079,0.88298
3302,4025.5,35617262,2351502,0.584,0.621,9037,10888,14563,0.00931809,0,0,0.0723,0.1417,0.3237,0.0462,0.01169,0.6081,0.11306,-0.00902,0.26019,0.86076
3303,4026.7,35628184,2352183,0.633,0.621,8709,10922,14622,0.00931482,0,0,0.0747,0.1491,0.3195,0.0899,0.01284,0.60716,0.09547,-0.01001,0.22762,0.89419
3304,4027.9,35639115,2352873,0.608,0.615,8936,10931,14608,0.00931154,0,0,0.0703,0.1358,0.3295,0.0728,0.01107,0.60305,0.1113,-0.00852,0.25643,0.90046
3305,4029.2,35650002,2353576,0.624,0.618,8767,10887,14568,0.00930827,0,0,0.0735,0.1466,0.3182,0.0853,0.01181,0.60565,0.10867,-0.01057,0.25496,0.88423
3306,4030.4,35660928,2354265,0.558,0.621,9268,10926,14635,0.009305,0,0,0.0716,0.1352,0.3074,0.0437,0.01203,0.60831,0.10801,-0.00798,0.24865,0.89518
3307,4031.5,35671895,2354966,0.572,0.622,9185,10967,14641,0.00930172,0,0,0.0681,0.121,0.3054,0.0771,0.0124,0.60915,0.09621,-0.00929,0.2274,0.88228
3308,4032.7,35682787,2355673,0.547,0.625,9295,10892,14560,0.00929843,0,0,0.0636,0.1349,0.3046,0.0436,0.01242,0.61166,0.10825,-0.00883,0.25048,0.87721
3309,4034.0,35693709,2356362,0.658,0.625,8513,10922,14598,0.00929516,0,0,0.0788,0.1532,0.3537,0.0727,0.01243,0.61066,0.10779,-0.011,0.25405,0.88494
3310,4035.3,35704638,2357060,0.66,0.618,8550,10929,14610,0.00929189,0,0,0.075,0.1561,0.3452,0.0835,0.01293,0.60481,0.10217,-0.01063,0.24239,0.90366
3311,4036.5,35715563,2357747,0.589,0.618,9051,10925,14611,0.00928861,0,0,0.0709,0.1248,0.3176,0.076,0.01174,0.60512,0.10466,-0.00666,0.23959,0.9121
3312,4037.7,35726487,2358439,0.593,0.618,9024,10924,14592,0.00928533,0,0,0.074,0.1485,0.3253,0.0448,0.01174,0.60522,0.10361,-0.01075,0.24578,0.91857
3313,4038.9,35737426,2359126,0.612,0.619,8885,10939,14605,0.00928205,0,0,0.07,0.145,0.3252,0.0723,0.01249,0.60529,0.10058,-0.0087,0.2351,0.89171
3314,4040.1,35748329,2359832,0.572,0.624,9120,10903,14587,0.00927877,0,0,0.0719,0.1374,0.3196,0.0427,0.01171,0.61139,0.10685,-0.01007,0.25008,0.875
3315,4041.4,35759262,2360510,0.628,0.625,8731,10933,14625,0.0092755,0,0,0.075,0.1501,0.3186,0.0839,0.01189,0.61195,0.11132,-0.00961,0.2584,0.89215
3316,4042.6,35770170,2361213,0.581,0.623,9053,10908,14586,0.00927222,0,0,0.0716,0.1445,0.3169,0.0484,0.012,0.61063,0.1064,-0.00743,0.24383,0.87192
3317,4043.8,35781084,2361887,0.604,0.621,8905,10914,14614,0.00926895,0,0,0.0691,0.1422,0.3117,0.0814,0.01147,0.60888,0.11348,-0.00988,0.26276,0.8649
3318,4045.0,35792012,2362582,0.548,0.617,9382,10928,14609,0.00926567,0,0,0.07,0.1348,0.3053,0.0376,0.01233,0.60406,0.10668,-0.00927,0.24832,0.88616
3319,4046.3,35802978,2363264,0.666,0.619,8536,10966,14645,0.0092624,0,0,0.0817,0.1671,0.3314,0.0857,0.01231,0.60566,0.09714,-0.01171,0.23419,0.89049
3320,4047.5,35813921,2363955,0.604,0.617,8958,10943,14628,0.00925911,0,0,0.077,0.1499,0.333,0.0443,0.01177,0.60492,0.10353,-0.00961,0.24262,0.8828
3321,4048.7,35824779,2364634,0.576,0.617,9099,10858,14537,0.00925582,0,0,0.0664,0.1372,0.3058,0.067,0.0119,0.60385,0.10799,-0.01145,0.25514,0.8793
3322,4049.9,35835681,2365310,0.568,0.623,9154,10902,14622,0.00925257,0,0,0.0686,0.1456,0.3093,0.0447,0.01194,0.6102,0.10881,-0.01134,0.25635,0.8671
3323,4051.1,35846526,2365996,0.57,0.622,9101,10845,14541,0.0092493,0,0,0.066,0.1223,0.314,0.0673,0.01106,0.61026,0.10808,-0.0095,0.25135,0.87542
3324,4052.2,35857374,2366686,0.515,0.621,9555,10848,14530,0.00924604,0,0,0.0631,0.1187,0.2951,0.0378,0.011,0.60892,0.09766,-0.01243,0.2361,0.86095
3325,4053.4,35868283,2367379,0.632,0.62,8713,10909,14613,0.00924279,0,0,0.0704,0.1378,0.3563,0.0679,0.0115,0.60732,0.09819,-0.00886,0.23018,0.87005
3326,4054.6,35879167,2368077,0.542,0.617,9389,10884,14602,0.00923952,0,0,0.0655,0.1162,0.3216,0.0388,0.01147,0.60502,0.09699,-0.00804,0.22604,0.86511
3327,4055.8,35890034,2368759,0.539,0.616,9413,10867,14578,0.00923625,0,0,0.0622,0.116,0.2998,0.0606,0.01177,0.60341,0.10052,-0.00888,0.23492,0.87243
3328,4056.9,35900872,2369434,0.558,0.615,9240,10838,14541,0.00923299,0,0,0.0649,0.1193,0.3143,0.0592,0.01239,0.60227,0.09972,-0.01051,0.2364,0.86371
3329,4058.1,35911723,2370086,0.586,0.617,9019,10851,14548,0.00922974,0,0,0.0684,0.1413,0.3175,0.059,0.0123,0.60387,0.10091,-0.01059,0.23897,0.86473
3330,4059.3,35922650,2370763,0.524,0.622,9536,10927,14624,0.00922648,0,0,0.0642,0.119,0.3059,0.0352,0.01196,0.60901,0.10871,-0.00842,0.25051,0.88041
3331,4060.5,35933541,2371436,0.592,0.625,8948,10891,14594,0.0092232,0,0,0.0677,0.1318,0.3149,0.0774,0.0117,0.61299,0.10207,-0.01047,0.24145,0.88655
3332,4061.6,35944421,2372109,0.499,0.625,9679,10880,14580,0.00921994,0,0,0.0626,0.1121,0.2877,0.0361,0.01145,0.61334,0.09293,-0.01214,0.22621,0.87185
3333,4062.8,35955302,2372773,0.566,0.608,9273,10881,14571,0.00921667,0,0,0.0674,0.1293,0.3002,0.0689,0.01188,0.59482,0.09651,-0.01028,0.22931,0.85255
3334,4064.0,35966208,2373447,0.545,0.603,9503,10906,14612,0.00921341,0,0,0.0671,0.1409,0.2976,0.0393,0.01169,0.5901,0.09089,-0.01168,0.22137,0.87999
3335,4065.1,35977087,2374091,0.561,0.603,9346,10879,14567,0.00921014,0,0,0.0626,0.1178,0.3012,0.0795,0.01281,0.58936,0.10165,-0.00935,0.23834,0.88649
3336,4066.2,35987990,2374781,0.527,0.604,9641,10903,14577,0.00920687,0,0,0.0671,0.1223,0.2995,0.0379,0.01198,0.59128,0.10035,-0.00666,0.22979,0.8555
3337,4067.4,35998831,2375438,0.566,0.601,9288,10841,14544,0.0092036,0,0,0.0651,0.1278,0.2983,0.0747,0.01161,0.58897,0.11161,-0.00879,0.257,0.88046
3338,4068.7,36009680,2376118,0.622,0.622,8723,10849,14528,0.00920035,0,0,0.0744,0.1567,0.3508,0.0402,0.01214,0.60888,0.10016,-0.01047,0.23735,0.87442
3339,4069.9,36020591,2376784,0.581,0.621,9080,10911,14626,0.0091971,0,0,0.0704,0.1273,0.3178,0.0655,0.01134,0.60835,0.10332,-0.0077,0.23812,0.87427
3340,4071.0,36031530,2377433,0.538,0.605,9573,10939,14624,0.00919382,0,0,0.0631,0.1282,0.3065,0.0399,0.01154,0.59275,0.10037,-0.00802,0.2328,0.87072
3341,4072.2,36042426,2378095,0.564,0.605,9319,10896,14590,0.00919054,0,0,0.0649,0.122,0.3146,0.0628,0.01155,0.59267,0.11996,-0.00827,0.27206,0.84847
3342,4073.3,36053285,2378770,0.533,0.602,9563,10859,14558,0.00918727,0,0,0.0634,0.1231,0.2979,0.0488,0.01197,0.58965,0.11494,-0.0079,0.26141,0.85567
3343,4074.5,36064240,2379451,0.591,0.602,9181,10955,14669,0.00918401,0,0,0.0677,0.1321,0.3124,0.0793,0.0117,0.58929,0.09884,-0.00935,0.23257,0.88121
3344,4075.7,36075187,2380142,0.549,0.603,9502,10947,14640,0.00918073,0,0,0.0676,0.1299,0.307,0.0441,0.01148,0.59087,0.09952,-0.00985,0.23492,0.88075
3345,4076.8,36086162,2380820,0.557,0.606,9437,10975,14691,0.00917744,0,0,0.0652,0.1362,0.287,0.0681,0.01087,0.59456,0.10646,-0.00965,0.24949,0.94139
3346,4078.0,36097076,2381499,0.588,0.601,9178,10914,14613,0.00917415,0,0,0.0706,0.1457,0.3078,0.064,0.01254,0.58757,0.10594,-0.01168,0.25176,0.90061
3347,4079.2,36107998,2382175,0.561,0.59,9488,10922,14643,0.00917088,0,0,0.0764,0.115,0.2843,0.0855,0.01123,0.57807,0.10378,-0.01172,0.24785,0.91831
3348,4080.3,36118921,2382860,0.515,0.594,9851,10923,14617,0.0091676,0,0,0.0611,0.117,0.2876,0.0491,0.01163,0.58172,0.11176,-0.00935,0.25867,0.89793
3349,4081.4,36129849,2383525,0.572,0.604,9293,10928,14633,0.00916432,0,0,0.0686,0.134,0.2851,0.0846,0.01196,0.59096,0.10828,-0.01179,0.25671,0.90392
3350,4082.6,36140759,2384201,0.562,0.601,9384,10910,14614,0.00916105,0,0,0.0652,0.1256,0.3115,0.0594,0.01159,0.58869,0.10508,-0.01207,0.25055,0.88686
3351,4083.8,36151660,2384882,0.556,0.601,9423,10901,14600,0.00915777,0,0,0.0625,0.1217,0.2948,0.0768,0.01297,0.58721,0.1022,-0.01065,0.24217,0.89906
3352,4085.0,36162546,2385544,0.534,0.597,9624,10886,14587,0.0091545,0,0,0.0673,0.1252,0.3045,0.0369,0.01127,0.58533,0.10754,-0.01007,0.25191,0.91079
3353,4086.2,36173410,2386216,0.576,0.603,9218,10864,14573,0.00915124,0,0,0.0655,0.1223,0.3185,0.0695,0.01216,0.59002,0.1058,-0.01134,0.2509,0.90852
3354,4087.3,36184351,2386908,0.56,0.602,9414,10941,14654,0.00914798,0,0,0.067,0.1301,0.3048,0.0579,0.01219,0.58935,0.10774,-0.01053,0.25311,0.90572
3355,4088.5,36195309,2387582,0.576,0.601,9311,10958,14684,0.00914469,0,0,0.068,0.1356,0.3031,0.0691,0.01155,0.58842,0.09875,-0.00971,0.2342,0.9447
3356,4089.6,36206287,2388253,0.519,0.607,9755,10978,14682,0.00914141,0,0,0.0641,0.135,0.2762,0.0435,0.01237,0.59325,0.10277,-0.00834,0.23891,0.91397
3357,4090.8,36217208,2388918,0.584,0.606,9175,10921,14633,0.00913811,0,0,0.07,0.1369,0.2997,0.0779,0.01112,0.59414,0.11739,-0.00889,0.26954,0.93005
3358,4092.0,36228170,2389570,0.55,0.605,9489,10962,14657,0.00913484,0,0,0.0719,0.1397,0.2997,0.0386,0.01248,0.59206,0.10823,-0.01042,0.25389,0.90784
3359,4093.2,36239090,2390243,0.587,0.616,9081,10920,14615,0.00913155,0,0,0.0645,0.1231,0.3174,0.0817,0.0116,0.60354,0.11861,-0.00902,0.27177,0.90437
3360,4094.4,36250051,2390899,0.549,0.618,9393,10961,14680,0.00912827,0,0,0.0653,0.1217,0.3227,0.0397,0.01151,0.60535,0.1127,-0.00941,0.26052,0.89331
3361,4095.6,36261003,2391561,0.586,0.619,9088,10952,14670,0.00912498,0,0,0.0736,0.1294,0.3179,0.0655,0.01076,0.60728,0.121,-0.00838,0.27531,0.90714
3362,4096.7,36271946,2392241,0.567,0.625,9177,10943,14636,0.0091217,0,0,0.0691,0.1381,0.315,0.0448,0.01223,0.61241,0.11816,-0.01002,0.27304,0.91472
3363,4098.0,36282941,2392892,0.669,0.619,8534,10995,14700,0.00911842,0,0,0.0747,0.1589,0.3427,0.0926,0.0111,0.60757,0.13092,-0.00534,0.28876,0.89091
3364,4099.2,36293912,2393571,0.576,0.618,9185,10971,14695,0.00911512,0,0,0.069,0.1364,0.3265,0.0444,0.01198,0.60545,0.10982,-0.00962,0.25484,0.8759
3365,4100.4,36304951,2394259,0.52,0.615,9728,11039,14742,0.00911183,0,0,0.0593,0.1028,0.295,0.0626,0.01176,0.60254,0.12065,-0.00704,0.27132,0.87437
3366,4101.5,36315972,2394928,0.485,0.612,10046,11021,14747,0.00910851,0,0,0.0585,0.1092,0.2804,0.0367,0.0112,0.60026,0.11252,-0.01062,0.26225,0.87728
3367,4102.6,36327032,2395573,0.497,0.61,9989,11060,14725,0.00910521,0,0,0.0572,0.1014,0.282,0.0566,0.01066,0.59864,0.12106,-0.01028,0.27874,0.88195
3368,4103.6,36338009,2396234,0.45,0.613,10329,10977,14685,0.00910189,0,0,0.053,0.0954,0.2712,0.0306,0.01106,0.60062,0.1219,-0.0121,0.28376,0.86523
3369,4104.7,36348954,2396892,0.472,0.613,10082,10945,14619,0.0090986,0,0,0.0537,0.0932,0.2723,0.0532,0.01159,0.60102,0.119,-0.00873,0.2717,0.89178
3370,4105.8,36359964,2397562,0.477,0.617,10059,11010,14693,0.00909531,0,0,0.0577,0.1064,0.2803,0.0327,0.01148,0.60526,0.11701,-0.01026,0.2705,0.8769
3371,4106.9,36370926,2398230,0.486,0.612,9983,10962,14662,0.00909201,0,0,0.0538,0.0978,0.2742,0.0602,0.01133,0.59998,0.11483,-0.00935,0.26431,0.87721
3372,4108.0,36381882,2398884,0.48,0.617,9988,10956,14647,0.00908872,0,0,0.0579,0.1083,0.2792,0.0347,0.01155,0.60456,0.11534,-0.01064,0.26791,0.87824
3373,4109.1,36392836,2399538,0.5,0.616,9819,10954,14658,0.00908544,0,0,0.058,0.1013,0.2773,0.0629,0.01124,0.60395,0.10442,-0.01267,0.25125,0.93938
3374,4110.2,36403834,2400195,0.477,0.61,10110,10998,14683,0.00908215,0,0,0.0578,0.1042,0.2813,0.034,0.01084,0.59883,0.108,-0.01031,0.25332,0.91986
3375,4111.3,36414768,2400855,0.503,0.612,9801,10934,14626,0.00907885,0,0,0.0573,0.1015,0.2898,0.0546,0.0113,0.60038,0.10085,-0.01041,0.23962,0.94151
3376,4112.4,36425734,2401523,0.473,0.613,10093,10966,14655,0.00907557,0,0,0.0581,0.1027,0.2779,0.0345,0.01131,0.60142,0.10812,-0.00863,0.2502,0.92019
3377,4113.5,36436686,2402190,0.505,0.611,9814,10952,14652,0.00907228,0,0,0.0583,0.1029,0.2792,0.0643,0.01067,0.59998,0.09839,-0.01063,0.23474,0.9207
3378,4114.6,36447638,2402849,0.476,0.615,10034,10952,14640,0.00906899,0,0,0.0574,0.105,0.2811,0.033,0.01113,0.60331,0.10611,-0.00858,0.24616,0.92558
3379,4115.7,36458579,2403491,0.503,0.618,9753,10941,14611,0.00906571,0,0,0.0579,0.1027,0.2862,0.0565,0.01126,0.6066,0.0946,-0.01122,0.22817,0.91189
3380,4116.8,36469503,2404158,0.481,0.615,9973,10924,14613,0.00906243,0,0,0.0584,0.1067,0.2825,0.0332,0.01151,0.60233,0.10355,-0.01021,0.24412,0.91517
3381,4118.0,36480450,2404826,0.509,0.619,9708,10947,14630,0.00905915,0,0,0.0577,0.1032,0.2863,0.0615,0.01146,0.60683,0.10073,-0.00981,0.23781,0.92404
3382,4119.1,36491382,2405512,0.483,0.618,9930,10932,14614,0.00905586,0,0,0.0566,0.103,0.2848,0.0381,0.01132,0.60637,0.10544,-0.00852,0.24447,0.91314
3383,4120.2,36502303,2406176,0.521,0.614,9624,10921,14606,0.00905259,0,0,0.0583,0.1078,0.2902,0.0646,0.01142,0.60189,0.1087,-0.00825,0.25017,0.8984
3384,4121.3,36513258,2406852,0.474,0.613,10078,10955,14629,0.00904931,0,0,0.0586,0.1046,0.2786,0.0327,0.01061,0.60098,0.10568,-0.00787,0.24382,0.92294
3385,4122.5,36524218,2407521,0.565,0.616,9278,10960,14665,0.00904602,0,0,0.0613,0.114,0.2991,0.0907,0.01149,0.60404,0.1083,-0.01109,0.25531,0.91371
3386,4123.6,36535151,2408192,0.498,0.612,9849,10933,14627,0.00904273,0,0,0.052,0.0961,0.2688,0.0813,0.01098,0.60005,0.10052,-0.01136,0.24021,0.90889
3387,4124.7,36546071,2408864,0.475,0.604,10119,10920,14613,0.00903945,0,0,0.0545,0.0985,0.2716,0.0506,0.01063,0.59253,0.10657,-0.0101,0.25011,0.92848
3388,4125.7,36557010,2409536,0.445,0.614,10322,10939,14628,0.00903618,0,0,0.0516,0.0957,0.2671,0.031,0.01161,0.60207,0.11329,-0.00856,0.26021,0.91432
3389,4126.8,36567924,2410230,0.502,0.618,9743,10914,14585,0.0090329,0,0,0.0572,0.0985,0.2802,0.0662,0.01138,0.60601,0.10779,-0.00857,0.24883,0.89144
3390,4127.9,36578825,2410910,0.467,0.615,10076,10901,14579,0.00902962,0,0,0.0559,0.0987,0.2805,0.0315,0.01102,0.60364,0.0953,-0.01185,0.23099,0.92419
3391,4129.0,36589715,2411586,0.492,0.612,9860,10890,14569,0.00902635,0,0,0.0562,0.0977,0.2721,0.0661,0.01129,0.60028,0.10913,-0.01149,0.25789,0.92262
3392,4130.1,36600597,2412260,0.476,0.61,10016,10882,14571,0.00902309,0,0,0.0587,0.1035,0.2806,0.0333,0.01122,0.59857,0.11655,-0.00338,0.2566,0.92705
3393,4131.2,36611469,2412934,0.515,0.611,9652,10872,14561,0.00901982,0,0,0.0592,0.1048,0.2879,0.0635,0.01089,0.59952,0.1131,-0.00887,0.26119,0.95623
3394,4132.3,36622360,2413594,0.474,0.612,10027,10891,14558,0.00901656,0,0,0.0601,0.1032,0.2782,0.0326,0.0116,0.5998,0.10833,-0.00968,0.25326,0.95599
3395,4133.5,36633270,2414258,0.507,0.615,9728,10910,14591,0.00901329,0,0,0.0591,0.1034,0.2837,0.0605,0.01081,0.60317,0.10809,-0.0146,0.26272,0.96167
3396,4134.5,36644211,2414938,0.47,0.619,10049,10941,14626,0.00901002,0,0,0.0579,0.1015,0.2772,0.0333,0.0122,0.60602,0.10838,-0.01227,0.2586,0.96115
3397,4135.7,36655138,2415585,0.498,0.617,9799,10927,14582,0.00900674,0,0,0.058,0.1021,0.2832,0.055,0.01086,0.60515,0.10986,-0.01045,0.25788,0.95858
3398,4136.7,36666100,2416243,0.472,0.6,10225,10962,14646,0.00900346,0,0,0.0577,0.1052,0.2751,0.0337,0.01169,0.58817,0.12806,-0.01061,0.29466,0.96135
3399,4137.8,36677002,2416915,0.481,0.601,10074,10902,14590,0.00900017,0,0,0.0554,0.0975,0.2683,0.0601,0.01095,0.58937,0.11947,-0.01122,0.27833,0.9414
3400,4138.9,36687957,2417578,0.466,0.599,10292,10955,14618,0.0089969,0,0,0.0573,0.1009,0.2686,0.0387,0.01105,0.58706,0.11924,-0.00902,0.27324,0.92871
3401,4140.4,36698892,2418229,0.456,0.617,10185,10935,14629,0.00899361,0,0,0.0532,0.0914,0.2553,0.0564,0.01114,0.60516,0.12267,-0.01422,0.29039,0.92339
3402,4141.5,36709826,2418907,0.464,0.608,10199,10934,14634,0.00899033,0,0,0.056,0.1023,0.2734,0.0328,0.01104,0.59591,0.1203,-0.01201,0.28117,0.92072
3403,4142.6,36720730,2419569,0.446,0.602,10399,10904,14598,0.00898705,0,0,0.0482,0.0864,0.2517,0.0599,0.01086,0.59084,0.1158,-0.01185,0.27161,0.90737
3404,4143.7,36731620,2420239,0.458,0.603,10265,10890,14583,0.00898378,0,0,0.0554,0.0994,0.2731,0.0304,0.01083,0.59089,0.1089,-0.00995,0.25358,0.88329
3405,4144.7,36742478,2420898,0.451,0.602,10312,10858,14556,0.00898051,0,0,0.0479,0.0857,0.2561,0.0616,0.01042,0.59061,0.11492,-0.01066,0.26691,0.87748
3406,4145.7,36753347,2421566,0.422,0.603,10599,10869,14559,0.00897726,0,0,0.0471,0.0843,0.2579,0.0328,0.01086,0.59189,0.10034,-0.0125,0.24181,0.89873
3407,4146.8,36764244,2422239,0.472,0.601,10157,10897,14591,0.008974,0,0,0.0539,0.092,0.2662,0.0599,0.01049,0.58978,0.11424,-0.00967,0.26493,0.95296
3408,4147.9,36775120,2422917,0.441,0.6,10443,10876,14563,0.00897073,0,0,0.0526,0.093,0.2639,0.0318,0.01079,0.58857,0.10754,-0.01165,0.25494,0.9226
3409,4148.9,36785945,2423578,0.422,0.6,10592,10825,14509,0.00896746,0,0,0.0475,0.0839,0.2462,0.0447,0.01084,0.58805,0.12272,-0.011,0.28398,0.92179
3410,4149.9,36796766,2424248,0.421,0.597,10622,10821,14494,0.00896422,0,0,0.0492,0.0911,0.2503,0.0309,0.01118,0.58554,0.12217,-0.00614,0.27285,0.90475
3411,4150.9,36807608,2424898,0.442,0.598,10429,10842,14492,0.00896097,0,0,0.048,0.0875,0.2454,0.0607,0.01077,0.58659,0.11613,-0.00854,0.26564,0.90977
3412,4152.0,36818422,2425571,0.469,0.607,10053,10814,14494,0.00895772,0,0,0.0562,0.0973,0.2699,0.0454,0.01157,0.59474,0.11734,-0.01146,0.27412,0.92213
3413,4153.1,36829251,2426222,0.463,0.605,10140,10829,14527,0.00895447,0,0,0.0525,0.094,0.2622,0.0541,0.01132,0.59314,0.11882,-0.01147,0.27708,0.92172
3414,4154.1,36840046,2426895,0.426,0.612,10400,10795,14456,0.00895122,0,0,0.0508,0.0925,0.2528,0.0297,0.01144,0.60014,0.12653,-0.00989,0.28921,0.91459
3415,4155.2,36850933,2427570,0.467,0.616,10055,10887,14576,0.00894799,0,0,0.0536,0.0954,0.2669,0.0511,0.01133,0.60377,0.10664,-0.01265,0.25507,0.92114
3416,4156.3,36861749,2428257,0.449,0.618,10132,10816,14488,0.00894472,0,0,0.052,0.095,0.2705,0.0316,0.01083,0.60693,0.12471,-0.00925,0.28452,0.92839
3417,4157.4,36872584,2428948,0.482,0.61,9919,10835,14495,0.00894148,0,0,0.0537,0.0945,0.2656,0.0684,0.01085,0.59865,0.12826,-0.00915,0.29133,0.9226
3418,4158.4,36883384,2429631,0.448,0.609,10218,10800,14481,0.00893822,0,0,0.0517,0.0925,0.2687,0.0352,0.01072,0.59745,0.11741,-0.00993,0.27133,0.93232
3419,4159.5,36894254,2430330,0.504,0.617,9695,10870,14531,0.00893498,0,0,0.0567,0.1063,0.2802,0.0608,0.01171,0.60472,0.12841,-0.00943,0.29205,0.91615
3420,4160.6,36905098,2431000,0.47,0.611,10031,10844,14494,0.00893172,0,0,0.0572,0.0996,0.281,0.0323,0.01077,0.59953,0.12003,-0.00889,0.27426,0.91907
3421,4161.7,36915963,2431686,0.451,0.614,10206,10865,14541,0.00892847,0,0,0.0498,0.0884,0.2568,0.0561,0.01102,0.60193,0.13013,-0.01274,0.30196,0.9096
3422,4162.7,36926850,2432357,0.428,0.622,10367,10887,14567,0.00892521,0,0,0.0496,0.0886,0.2597,0.0305,0.01177,0.60941,0.12396,-0.0108,0.28548,0.89326
3423,4163.9,36937730,2433042,0.527,0.614,9540,10880,14568,0.00892195,0,0,0.0602,0.1091,0.2986,0.0588,0.01111,0.60183,0.13044,-0.01044,0.29752,0.88325
3424,4164.9,36948649,2433711,0.421,0.602,10680,10919,14595,0.00891868,0,0,0.047,0.0858,0.2535,0.0345,0.01095,0.59001,0.12211,-0.0105,0.28123,0.89651
3425,4165.9,36959564,2434398,0.436,0.599,10548,10915,14597,0.00891541,0,0,0.0479,0.0835,0.2531,0.0512,0.01068,0.58789,0.11704,-0.01245,0.27475,0.88487
3426,4167.0,36970472,2435065,0.422,0.611,10560,10908,14618,0.00891213,0,0,0.0493,0.0886,0.255,0.029,0.01092,0.59949,0.12561,-0.0101,0.28725,0.88806
3427,4168.1,36981427,2435739,0.475,0.612,10079,10955,14642,0.00890886,0,0,0.0556,0.0964,0.2647,0.0583,0.01086,0.60043,0.12007,-0.01104,0.27854,0.91668
3428,4169.1,36992409,2436438,0.468,0.617,10118,10982,14680,0.00890557,0,0,0.0557,0.0978,0.2824,0.0324,0.01133,0.60512,0.11866,-0.00759,0.26812,0.87629
3429,4170.2,37003299,2437123,0.461,0.599,10277,10890,14574,0.00890228,0,0,0.0511,0.0898,0.2633,0.0568,0.01102,0.58697,0.1188,-0.01017,0.27369,0.88436
3430,4171.3,37014210,2437804,0.45,0.619,10212,10911,14606,0.00889901,0,0,0.0536,0.0939,0.2707,0.0313,0.0111,0.6071,0.11149,-0.00801,0.25473,0.88429
3431,4172.4,37025086,2438470,0.485,0.618,9859,10876,14553,0.00889574,0,0,0.054,0.0998,0.2743,0.057,0.01104,0.60636,0.12542,-0.01329,0.29284,0.86662
3432,4173.4,37035989,2439157,0.451,0.611,10267,10903,14606,0.00889247,0,0,0.0538,0.0959,0.2684,0.0333,0.01064,0.59949,0.10382,-0.01042,0.24403,0.87387
3433,4174.5,37046908,2439830,0.465,0.613,10136,10919,14611,0.0088892,0,0,0.0542,0.0909,0.2691,0.0504,0.01066,0.60142,0.11214,-0.01266,0.26534,0.88545
3434,4175.6,37057804,2440517,0.445,0.612,10308,10896,14594,0.00888593,0,0,0.052,0.0923,0.2682,0.0328,0.01133,0.59969,0.12601,-0.00888,0.28524,0.86929
3435,4176.7,37068658,2441198,0.488,0.609,9889,10854,14545,0.00888266,0,0,0.0553,0.099,0.2823,0.0517,0.01118,0.59752,0.12077,-0.00808,0.27333,0.88027
3436,4177.8,37079572,2441878,0.472,0.613,10053,10914,14633,0.0088794,0,0,0.0564,0.0993,0.2836,0.0332,0.01117,0.60145,0.11998,-0.01153,0.27851,0.87261
3437,4178.9,37090497,2442581,0.492,0.614,9880,10925,14609,0.00887613,0,0,0.0582,0.101,0.2803,0.052,0.01137,0.60196,0.12091,-0.01022,0.27781,0.87593
3438,4179.9,37101447,2443263,0.468,0.616,10098,10950,14640,0.00887285,0,0,0.0575,0.0995,0.2768,0.0343,0.01089,0.60455,0.13425,-0.00632,0.29673,0.8792
3439,4181.1,37112331,2443945,0.501,0.618,9725,10884,14577,0.00886957,0,0,0.0581,0.0969,0.2808,0.0652,0.01184,0.60567,0.12674,-0.01069,0.29025,0.86766
3440,4182.2,37123248,2444627,0.472,0.62,10002,10917,14626,0.0088663,0,0,0.0566,0.0985,0.2831,0.0335,0.01116,0.60806,0.13126,-0.0106,0.29963,0.89722
3441,4183.3,37134159,2445338,0.507,0.618,9700,10911,14606,0.00886303,0,0,0.059,0.0983,0.2805,0.0694,0.01187,0.6052,0.11613,-0.00943,0.26643,0.86345
3442,4184.4,37145054,2446042,0.49,0.603,9970,10895,14583,0.00885975,0,0,0.0581,0.1032,0.297,0.0314,0.01152,0.59094,0.12576,-0.00928,0.28516,0.85065
3443,4185.5,37155981,2446726,0.465,0.615,10116,10927,14643,0.00885648,0,0,0.0532,0.0926,0.26,0.0591,0.01171,0.603,0.12323,-0.01185,0.28575,0.88082
3444,4186.5,37166945,2447430,0.465,0.599,10303,10964,14663,0.00885321,0,0,0.0576,0.1028,0.2729,0.0319,0.01114,0.58717,0.12754,-0.00944,0.2891,0.85611
3445,4187.6,37177869,2448114,0.469,0.6,10226,10924,14621,0.00884992,0,0,0.0546,0.0942,0.266,0.0538,0.01107,0.58764,0.12739,-0.00649,0.28249,0.8325
3446,4188.7,37188749,2448826,0.519,0.6,9718,10880,14580,0.00884664,0,0,0.0596,0.1048,0.2738,0.0812,0.01119,0.58791,0.13759,-0.01047,0.31064,0.81988
3447,4189.8,37199659,2449523,0.48,0.603,10077,10910,14610,0.00884338,0,0,0.0549,0.0928,0.2623,0.0696,0.01104,0.59128,0.13728,-0.01227,0.31365,0.82212
3448,4190.9,37210515,2450224,0.49,0.601,9947,10856,14549,0.0088401,0,0,0.0556,0.0972,0.2701,0.0675,0.01111,0.5892,0.1349,-0.01181,0.3076,0.80156
3449,4191.9,37221429,2450930,0.464,0.6,10262,10914,14601,0.00883685,0,0,0.0542,0.093,0.2634,0.053,0.01067,0.58859,0.13581,-0.00803,0.30189,0.8041
3450,4193.0,37232323,2451620,0.463,0.626,10006,10894,14592,0.00883357,0,0,0.0561,0.1001,0.2746,0.0324,0.01108,0.61386,0.14397,-0.00579,0.31392,0.81485
3451,4194.2,37243211,2452316,0.5,0.615,9771,10888,14592,0.0088303,0,0,0.0567,0.1019,0.2794,0.0617,0.01146,0.60229,0.13987,-0.00735,0.30844,0.79309
3452,4195.3,37254128,2453022,0.477,0.616,9988,10917,14599,0.00882704,0,0,0.0588,0.1015,0.2835,0.0329,0.01119,0.60452,0.13892,-0.00717,0.30611,0.78794
3453,4196.4,37265080,2453714,0.495,0.614,9873,10952,14657,0.00882376,0,0,0.0567,0.0983,0.2771,0.0631,0.01133,0.60209,0.1414,-0.01178,0.32018,0.78279
3454,4197.5,37275990,2454398,0.454,0.614,10218,10910,14614,0.00882048,0,0,0.0558,0.0962,0.2699,0.0319,0.01095,0.60217,0.12411,-0.00921,0.28013,0.76519
3455,4198.6,37286925,2455092,0.508,0.609,9791,10935,14626,0.0088172,0,0,0.062,0.1068,0.2868,0.0526,0.01149,0.59634,0.13774,-0.00836,0.30599,0.78147
3456,4199.7,37297873,2455777,0.46,0.615,10184,10948,14645,0.00881392,0,0,0.057,0.0985,0.2731,0.0313,0.01042,0.60409,0.13262,-0.0077,0.29442,0.78141
3457,4200.8,37308778,2456461,0.503,0.619,9721,10905,14633,0.00881064,0,0,0.057,0.1027,0.284,0.0591,0.01164,0.60684,0.13362,-0.00851,0.29802,0.78133
3458,4201.9,37319744,2457156,0.488,0.617,9921,10966,14650,0.00880737,0,0,0.0576,0.1022,0.285,0.0432,0.01076,0.60599,0.13712,-0.00481,0.29811,0.80866
3459,4203.0,37330658,2457829,0.494,0.621,9785,10914,14623,0.00880408,0,0,0.0578,0.1025,0.2744,0.0596,0.01086,0.60957,0.13012,-0.01031,0.29559,0.83682
3460,4204.1,37341534,2458491,0.476,0.612,9996,10876,14566,0.0088008,0,0,0.0575,0.1026,0.2827,0.0329,0.01132,0.60053,0.13251,-0.00876,0.29683,0.81225
3461,4205.2,37352456,2459177,0.498,0.615,9820,10922,14625,0.00879754,0,0,0.0572,0.1022,0.2799,0.0583,0.01121,0.60271,0.13571,-0.00738,0.30076,0.829
3462,4206.3,37363386,2459850,0.439,0.611,10408,10930,14588,0.00879426,0,0,0.0515,0.092,0.2644,0.031,0.01057,0.60006,0.13275,-0.00882,0.2978,0.83424
3463,4207.5,37374313,2460548,0.467,0.597,10269,10927,14615,0.00879098,0,0,0.0529,0.092,0.2614,0.0604,0.01053,0.5859,0.12557,-0.00881,0.28305,0.81313
3464,4208.6,37385209,2461231,0.455,0.605,10276,10896,14572,0.00878771,0,0,0.0558,0.0958,0.2673,0.0363,0.01151,0.59267,0.12793,-0.00851,0.28755,0.83432
3465,4209.8,37396024,2461904,0.566,0.62,9121,10815,14519,0.00878444,0,0,0.0595,0.1126,0.2855,0.1081,0.0122,0.60722,0.1336,-0.00837,0.29844,0.8254
3466,4210.9,37406876,2462585,0.504,0.604,9795,10852,14538,0.00878119,0,0,0.0606,0.1124,0.2973,0.0335,0.01154,0.59198,0.12085,-0.0077,0.27173,0.83248
3467,4212.0,37417755,2463276,0.482,0.603,10026,10879,14577,0.00877794,0,0,0.0585,0.0986,0.2617,0.0637,0.01088,0.59115,0.13321,-0.01023,0.30129,0.82133
3468,4213.1,37428544,2463966,0.485,0.6,9940,10789,14467,0.00877467,0,0,0.0601,0.1108,0.2811,0.0331,0.01081,0.58863,0.11945,-0.0072,0.2678,0.82594
3469,4214.2,37439314,2464660,0.531,0.602,9505,10770,14470,0.00877144,0,0,0.0626,0.1164,0.2825,0.0699,0.01181,0.58917,0.13843,-0.00962,0.31,0.79173
3470,4215.3,37450126,2465372,0.539,0.622,9315,10812,14483,0.00876821,0,0,0.0679,0.129,0.3054,0.0368,0.0115,0.60932,0.12754,-0.00638,0.28212,0.81558
3471,4216.5,37460941,2466062,0.537,0.6,9507,10815,14538,0.00876496,0,0,0.0689,0.1091,0.2954,0.064,0.01145,0.5882,0.12776,-0.00862,0.28721,0.82415
3472,4217.6,37471748,2466754,0.498,0.606,9789,10807,14483,0.00876172,0,0,0.0655,0.1099,0.2846,0.0384,0.01153,0.59323,0.13058,-0.00659,0.28846,0.80517
3473,4218.8,37482522,2467444,0.57,0.606,9160,10774,14443,0.00875848,0,0,0.0631,0.1186,0.3094,0.0787,0.01213,0.59329,0.12244,-0.0056,0.27021,0.80588
3474,4219.9,37493334,2468144,0.522,0.612,9530,10812,14494,0.00875524,0,0,0.0642,0.1192,0.2991,0.0396,0.01153,0.59999,0.10256,-0.00803,0.23563,0.82585
3475,4221.1,37504169,2468829,0.607,0.622,8816,10835,14518,0.008752,0,0,0.0703,0.1494,0.3247,0.0629,0.01213,0.609,0.1256,-0.00847,0.28282,0.83928
3476,4222.3,37514982,2469516,0.519,0.619,9498,10813,14518,0.00874875,0,0,0.0663,0.1186,0.2983,0.0359,0.01173,0.60702,0.12096,-0.00884,0.274,0.82324
3477,4223.5,37525812,2470220,0.563,0.618,9169,10830,14515,0.00874551,0,0,0.0663,0.1318,0.3083,0.0566,0.01158,0.60566,0.12432,-0.00594,0.27489,0.82159
3478,4224.6,37536652,2470927,0.529,0.616,9466,10840,14521,0.00874226,0,0,0.0646,0.123,0.3029,0.0383,0.01144,0.60429,0.11135,-0.00847,0.25415,0.83023
3479,4225.8,37547469,2471641,0.568,0.615,9141,10817,14522,0.008739,0,0,0.0637,0.1169,0.3169,0.0706,0.01076,0.60376,0.11651,-0.01148,0.27009,0.80704
3480,4226.9,37558288,2472357,0.535,0.62,9362,10819,14506,0.00873576,0,0,0.0639,0.122,0.3105,0.039,0.01172,0.60748,0.11753,-0.00725,0.26381,0.81541
3481,4228.3,37569138,2473053,0.728,0.633,7970,10850,14546,0.00873251,0,0,0.0813,0.1797,0.369,0.0982,0.0135,0.61663,0.12685,-0.00791,0.28343,0.79691
3482,4229.7,37579954,2473754,0.802,0.593,7758,10816,14497,0.00872926,0,0,0.0759,0.1612,0.3473,0.2171,0.01077,0.58113,0.12377,-0.00911,0.27954,0.78961
3483,4230.9,37590808,2474452,0.592,0.605,9068,10854,14543,0.00872601,0,0,0.0719,0.1355,0.3046,0.0803,0.0117,0.59213,0.12219,-0.00851,0.27549,0.80706
3484,4232.2,37601612,2475190,0.671,0.598,8513,10804,14523,0.00872276,0,0,0.08,0.1718,0.3531,0.066,0.01171,0.58552,0.12074,-0.00882,0.27265,0.77564
3485,4233.4,37612458,2475898,0.639,0.585,8861,10846,14530,0.00871952,0,0,0.0749,0.1532,0.3327,0.0787,0.01149,0.57239,0.1199,-0.00519,0.26349,0.76325
3486,4234.5,37623322,2476589,0.534,0.584,9721,10864,14560,0.00871626,0,0,0.0691,0.1343,0.2928,0.0375,0.01123,0.57199,0.1188,-0.00672,0.26441,0.7679
3487,4235.6,37634232,2477278,0.516,0.585,9907,10910,14603,0.008713,0,0,0.0615,0.1127,0.2746,0.0672,0.01144,0.57309,0.11891,-0.0057,0.26261,0.76765
3488,4236.7,37645137,2477984,0.495,0.582,10126,10905,14618,0.00870973,0,0,0.0634,0.1157,0.2805,0.0353,0.01191,0.56957,0.11184,-0.00591,0.24876,0.76125
3489,4237.9,37656007,2478682,0.587,0.595,9199,10870,14550,0.00870646,0,0,0.0703,0.1406,0.3058,0.0703,0.01254,0.58128,0.10944,-0.00584,0.24384,0.76306
3490,4239.0,37666868,2479386,0.515,0.591,9814,10861,14547,0.0087032,0,0,0.0641,0.124,0.292,0.0352,0.01093,0.57964,0.11998,-0.00588,0.26482,0.75331
3491,4240.1,37677757,2480080,0.513,0.58,9959,10889,14590,0.00869994,0,0,0.0615,0.1127,0.2805,0.0585,0.01072,0.56871,0.11678,-0.00734,0.26122,0.7456
3492,4241.2,37688625,2480796,0.506,0.581,9997,10868,14578,0.00869667,0,0,0.0625,0.1193,0.2774,0.0468,0.01113,0.56926,0.10681,-0.00638,0.23947,0.75252
3493,4242.3,37699469,2481504,0.543,0.582,9635,10844,14553,0.00869341,0,0,0.0637,0.1158,0.2828,0.0808,0.01225,0.56952,0.10482,-0.00942,0.24193,0.77373
3494,4243.4,37710332,2482211,0.51,0.595,9837,10863,14573,0.00869016,0,0,0.0645,0.1219,0.2884,0.0351,0.01076,0.58312,0.10244,-0.00956,0.23748,0.77657
3495,4244.6,37721252,2482914,0.567,0.615,9239,10920,14629,0.0086869,0,0,0.0657,0.1224,0.2984,0.0804,0.01142,0.60289,0.10954,-0.00753,0.24765,0.77732
3496,4245.7,37732169,2483629,0.499,0.602,9914,10917,14628,0.00868362,0,0,0.0608,0.1135,0.2887,0.0358,0.01072,0.59109,0.11122,-0.00584,0.24741,0.76548
3497,4246.9,37743087,2484343,0.574,0.624,9112,10918,14638,0.00868035,0,0,0.0648,0.1411,0.2979,0.0705,0.01152,0.6114,0.10312,-0.00668,0.23293,0.76777
3498,4248.1,37753956,2485040,0.612,0.622,8810,10869,14566,0.00867707,0,0,0.0707,0.1483,0.342,0.0508,0.01128,0.60982,0.10295,-0.00725,0.23395,0.78045
3499,4249.3,37764888,2485736,0.563,0.623,9215,10932,14633,0.00867381,0,0,0.065,0.1331,0.2914,0.0737,0.0118,0.6105,0.107,-0.006,0.23954,0.78162
3500,4250.4,37775840,2486445,0.54,0.617,9462,10952,14638,0.00867053,0,0,0.0684,0.1337,0.2978,0.0406,0.01127,0.60506,0.10852,-0.00786,0.24665,0.80135
3501,4251.6,37786742,2487137,0.578,0.616,9133,10902,14589,0.00866725,0,0,0.0631,0.1161,0.3105,0.088,0.01128,0.60377,0.09834,-0.00794,0.22635,0.79618
3502,4253.1,37797627,2487806,0.673,0.619,8429,10885,14568,0.00866398,0,0,0.0672,0.1397,0.3087,0.1571,0.01137,0.6065,0.12224,-0.00812,0.27447,0.79435
3503,4254.3,37808578,2488476,0.624,0.621,8793,10951,14635,0.00866071,0,0,0.07,0.1388,0.3045,0.1109,0.01153,0.60868,0.1182,-0.0089,0.26854,0.82789
3504,4255.7,37819466,2489182,0.73,0.625,8033,10888,14565,0.00865743,0,0,0.0835,0.2085,0.3686,0.0696,0.01208,0.61233,0.10299,-0.00843,0.23686,0.80977
3505,4256.9,37830377,2489861,0.626,0.624,8725,10911,14609,0.00865416,0,0,0.0782,0.1472,0.3199,0.0808,0.01245,0.61122,0.0947,-0.00806,0.22036,0.85654
3506,4258.2,37841316,2490529,0.611,0.627,8840,10939,14624,0.00865089,0,0,0.073,0.1483,0.3285,0.061,0.01176,0.61403,0.12067,-0.00828,0.27245,0.8406
3507,4259.4,37852216,2491188,0.622,0.621,8770,10900,14602,0.00864761,0,0,0.0735,0.1408,0.3317,0.0756,0.01106,0.60951,0.11848,-0.00702,0.26556,0.84239
3508,4260.6,37863110,2491868,0.601,0.617,8943,10894,14582,0.00864434,0,0,0.0721,0.1413,0.3244,0.0629,0.01205,0.6045,0.11693,-0.01029,0.2689,0.83579
3509,4261.8,37873982,2492540,0.594,0.617,8981,10872,14570,0.00864107,0,0,0.0735,0.1533,0.2921,0.0746,0.01177,0.60449,0.11079,-0.01102,0.25791,0.82654
3510,4263.0,37884914,2493211,0.548,0.616,9392,10932,14630,0.00863781,0,0,0.0699,0.1394,0.3005,0.0386,0.0117,0.60306,0.09749,-0.01123,0.2321,0.84905
3511,4264.2,37895827,2493896,0.629,0.619,8742,10913,14607,0.00863453,0,0,0.0721,0.1433,0.3099,0.1037,0.01191,0.60672,0.10507,-0.00689,0.23834,0.8352
3512,4265.4,37906711,2494578,0.576,0.624,9073,10884,14572,0.00863125,0,0,0.0724,0.135,0.3034,0.0654,0.01121,0.61157,0.11205,-0.00885,0.25579,0.81043
3513,4266.6,37917583,2495249,0.584,0.62,9035,10872,14580,0.00862799,0,0,0.0657,0.1381,0.3011,0.0789,0.01243,0.60641,0.1086,-0.00951,0.25032,0.81695
3514,4267.8,37928505,2495923,0.56,0.618,9266,10922,14631,0.00862473,0,0,0.071,0.1302,0.3079,0.0512,0.01065,0.60723,0.11556,-0.00639,0.25813,0.8242
3515,4269.0,37939333,2496587,0.599,0.616,8911,10828,14533,0.00862145,0,0,0.0685,0.1366,0.3191,0.0748,0.01295,0.60249,0.10918,-0.00966,0.25205,0.83363
3516,4270.2,37950186,2497280,0.558,0.613,9263,10853,14569,0.0086182,0,0,0.074,0.1432,0.3018,0.0392,0.01238,0.59965,0.10849,-0.00824,0.24766,0.82438
3517,4271.4,37961029,2497971,0.617,0.613,8809,10843,14555,0.00861494,0,0,0.0791,0.144,0.3045,0.0898,0.01203,0.6008,0.10609,-0.00751,0.2417,0.84116
3518,4272.6,37971874,2498639,0.579,0.613,9099,10845,14544,0.00861169,0,0,0.0785,0.1468,0.3072,0.0463,0.01184,0.60058,0.11973,-0.00744,0.26876,0.83723
3519,4273.9,37982704,2499311,0.615,0.609,8847,10830,14521,0.00860844,0,0,0.0728,0.1479,0.3015,0.0925,0.01168,0.59668,0.11092,-0.00761,0.25155,0.84056
3520,4275.0,37993573,2499971,0.566,0.601,9310,10869,14551,0.00860519,0,0,0.0717,0.1502,0.3062,0.0383,0.01217,0.58786,0.11042,-0.00998,0.25578,0.87094
3521,4276.3,38004437,2500635,0.698,0.612,8291,10864,14566,0.00860193,0,0,0.0795,0.1759,0.3611,0.0818,0.01166,0.59948,0.11247,-0.00829,0.2563,0.85927
3522,4277.6,38015229,2501287,0.667,0.606,8481,10792,14491,0.00859867,0,0,0.0855,0.1793,0.3443,0.0577,0.01267,0.59235,0.09864,-0.01105,0.23397,0.84863
3523,4279.0,38026079,2501955,0.73,0.625,8009,10850,14559,0.00859543,0,0,0.0829,0.1828,0.3609,0.103,0.01183,0.61224,0.10975,-0.00367,0.24184,0.87306
3524,4280.3,38036917,2502617,0.683,0.624,8296,10838,14548,0.00859218,0,0,0.0819,0.1688,0.3347,0.0973,0.0118,0.61089,0.11102,-0.00759,0.25246,0.8876
3525,4281.7,38047790,2503283,0.773,0.616,7826,10873,14570,0.00858892,0,0,0.0814,0.2042,0.4025,0.0851,0.01207,0.60312,0.1061,-0.00828,0.24348,0.85672
3526,4283.0,38058622,2503958,0.685,0.618,8314,10832,14525,0.00858566,0,0,0.0801,0.1719,0.3543,0.0786,0.01153,0.60579,0.10819,-0.00872,0.24893,0.87996
3527,4284.4,38069460,2504623,0.781,0.62,7736,10838,14537,0.00858241,0,0,0.1083,0.2009,0.3739,0.0974,0.01348,0.60618,0.10435,-0.00848,0.24091,0.88918
3528,4285.6,38080398,2505296,0.65,0.624,8586,10938,14653,0.00857916,0,0,0.0835,0.1749,0.3431,0.0482,0.01214,0.61101,0.09837,-0.00718,0.22656,0.90065
3529,4287.0,38091296,2505927,0.748,0.627,7929,10898,14611,0.00857588,0,0,0.0891,0.1945,0.3668,0.0972,0.01389,0.61213,0.10153,-0.00882,0.23597,0.89053
3530,4288.6,38102211,2506589,0.924,0.627,7038,10915,14602,0.00857261,0,0,0.0972,0.288,0.466,0.0729,0.01688,0.6089,0.09604,-0.00753,0.22251,0.89633
3531,4289.9,38113099,2507253,0.698,0.616,8285,10888,14577,0.00856934,0,0,0.084,0.1793,0.3521,0.083,0.01168,0.60351,0.09425,-0.01072,0.2245,0.84975
3532,4291.1,38124041,2507933,0.589,0.618,9063,10942,14647,0.00856607,0,0,0.0756,0.1504,0.3197,0.0436,0.01205,0.60508,0.09217,-0.00689,0.21333,0.88725
3533,4292.3,38134964,2508609,0.633,0.619,8727,10923,14617,0.00856279,0,0,0.0774,0.147,0.3311,0.0774,0.0118,0.60604,0.10666,-0.00827,0.24465,0.86432
3534,4293.5,38145908,2509282,0.557,0.618,9313,10944,14619,0.00855951,0,0,0.0729,0.1378,0.3057,0.0409,0.01169,0.60523,0.13927,-0.00745,0.30825,0.86462
3535,4294.8,38156820,2509964,0.612,0.618,8873,10912,14588,0.00855623,0,0,0.0767,0.1426,0.3192,0.0733,0.01189,0.60526,0.13391,-0.01014,0.30251,0.84168
3536,4296.1,38167713,2510649,0.726,0.621,8092,10893,14593,0.00855295,0,0,0.0865,0.1899,0.3586,0.0905,0.0125,0.60739,0.11139,-0.01165,0.26069,0.8545
3537,4297.3,38178641,2511325,0.603,0.615,8972,10928,14606,0.00854969,0,0,0.0667,0.1263,0.3051,0.1053,0.01205,0.60197,0.11079,-0.01298,0.26175,0.83148
3538,4298.5,38189514,2512016,0.554,0.612,9325,10873,14590,0.00854641,0,0,0.0729,0.1333,0.2933,0.0542,0.01231,0.59901,0.10969,-0.00756,0.24904,0.85124
3539,4299.8,38200438,2512710,0.717,0.619,8177,10924,14648,0.00854315,0,0,0.0859,0.1703,0.3595,0.1011,0.01295,0.60552,0.10662,-0.00958,0.24708,0.85923
3540,4301.0,38211320,2513412,0.611,0.615,8872,10882,14598,0.00853987,0,0,0.0776,0.1695,0.321,0.0431,0.01265,0.60185,0.11016,-0.0085,0.25193,0.85596
3541,4302.3,38222218,2514085,0.67,0.623,8433,10898,14584,0.0085366,0,0,0.0763,0.1804,0.3319,0.0813,0.01339,0.60831,0.11456,-0.00925,0.26193,0.83766
3542,4303.6,38233134,2514765,0.593,0.62,8995,10916,14632,0.00853333,0,0,0.0744,0.1407,0.3245,0.0538,0.01262,0.60646,0.11105,-0.00716,0.25051,0.82604
3543,4304.8,38243986,2515449,0.661,0.62,8469,10852,14553,0.00853006,0,0,0.0778,0.1578,0.3519,0.0735,0.01177,0.60785,0.10929,-0.01079,0.25445,0.83762
3544,4306.1,38254860,2516136,0.607,0.615,8898,10874,14595,0.0085268,0,0,0.0751,0.158,0.3257,0.0485,0.01234,0.6016,0.11038,-0.0087,0.25269,0.8514
3545,4307.3,38265749,2516813,0.656,0.616,8565,10889,14578,0.00852354,0,0,0.0796,0.1549,0.3322,0.089,0.01187,0.6028,0.11083,-0.00719,0.25056,0.85191
3546,4308.6,38276600,2517475,0.61,0.617,8847,10851,14542,0.00852028,0,0,0.0776,0.1604,0.327,0.0446,0.01148,0.6043,0.11995,-0.00956,0.27374,0.86339
3547,4309.8,38287461,2518149,0.63,0.618,8704,10861,14581,0.00851702,0,0,0.0759,0.1464,0.3385,0.0694,0.01217,0.60448,0.10256,-0.00855,0.23725,0.88283
3548,4311.0,38298253,2518825,0.597,0.621,8864,10792,14483,0.00851376,0,0,0.0775,0.15,0.3198,0.0494,0.01156,0.60813,0.09942,-0.01051,0.23457,0.86426
3549,4312.3,38309098,2519493,0.671,0.623,8377,10845,14561,0.00851052,0,0,0.082,0.161,0.3447,0.0834,0.01216,0.61059,0.12216,-0.00919,0.27714,0.84719
3550,4313.6,38319929,2520174,0.7,0.624,8182,10831,14542,0.00850727,0,0,0.0792,0.1648,0.3461,0.1094,0.01299,0.60998,0.11448,-0.00981,0.26291,0.8426
3551,4314.9,38330729,2520839,0.635,0.62,8606,10800,14522,0.00850402,0,0,0.0754,0.1452,0.3329,0.0813,0.01213,0.60746,0.09364,-0.00935,0.22075,0.86824
3552,4316.2,38341615,2521510,0.594,0.616,9003,10886,14568,0.00850078,0,0,0.074,0.1413,0.3043,0.0739,0.01146,0.60327,0.11629,-0.00929,0.26514,0.82248
3553,4317.4,38352461,2522181,0.6,0.617,8913,10846,14561,0.00849752,0,0,0.0696,0.1278,0.3096,0.093,0.01242,0.6037,0.10688,-0.01251,0.25347,0.86435
3554,4318.7,38363276,2522851,0.648,0.617,8547,10815,14534,0.00849426,0,0,0.0826,0.1823,0.3403,0.0431,0.01151,0.60429,0.1195,-0.01012,0.27402,0.86964
3555,4319.9,38374205,2523522,0.631,0.62,8734,10929,14619,0.00849102,0,0,0.0762,0.1526,0.3262,0.0764,0.01178,0.6071,0.10403,-0.00999,0.24259,0.85691
3556,4321.1,38385052,2524202,0.578,0.621,9042,10847,14553,0.00848774,0,0,0.0707,0.141,0.3141,0.0525,0.01277,0.60761,0.10305,-0.01033,0.2417,0.88021
3557,4322.4,38395906,2524865,0.63,0.622,8666,10854,14574,0.00848448,0,0,0.0767,0.1446,0.329,0.0799,0.01238,0.60923,0.10369,-0.01269,0.24754,0.87103
3558,4323.6,38406752,2525520,0.6,0.623,8868,10846,14557,0.00848123,0,0,0.0791,0.1515,0.3184,0.051,0.01246,0.60939,0.10805,-0.01126,0.25377,0.89359
3559,4324.9,38417574,2526171,0.642,0.618,8590,10822,14512,0.00847797,0,0,0.0732,0.1537,0.3158,0.0994,0.01181,0.60429,0.10797,-0.0096,0.2505,0.90601
3560,4326.1,38428413,2526821,0.64,0.613,8656,10839,14551,0.00847473,0,0,0.0798,0.1782,0.3306,0.0509,0.01147,0.60036,0.10815,-0.00616,0.24396,0.90489
3561,4327.4,38439253,2527474,0.658,0.613,8523,10840,14539,0.00847148,0,0,0.0824,0.1636,0.3362,0.0762,0.01238,0.60021,0.10302,-0.00927,0.24013,0.91756
3562,4328.7,38450075,2528132,0.64,0.609,8666,10822,14523,0.00846822,0,0,0.0751,0.1643,0.3269,0.0733,0.0116,0.59666,0.11415,-0.00984,0.26282,0.87625
3563,4329.9,38460871,2528781,0.67,0.612,8423,10796,14489,0.00846498,0,0,0.0753,0.1638,0.341,0.0896,0.01276,0.59844,0.11445,-0.00704,0.2576,0.86339
3564,4331.2,38471683,2529421,0.62,0.612,8776,10812,14519,0.00846174,0,0,0.072,0.1477,0.3257,0.075,0.01173,0.59907,0.1071,-0.00921,0.24743,0.8744
3565,4332.4,38482486,2530076,0.608,0.622,8779,10803,14524,0.0084585,0,0,0.0785,0.14,0.3271,0.0625,0.01148,0.61011,0.11719,-0.0087,0.26662,0.8774
3566,4333.6,38493313,2530722,0.594,0.626,8877,10827,14529,0.00845525,0,0,0.0738,0.1474,0.3253,0.0471,0.01226,0.61261,0.11265,-0.00993,0.26018,0.88774
3567,4334.9,38504140,2531374,0.692,0.618,8261,10827,14521,0.00845201,0,0,0.0812,0.1669,0.3438,0.1005,0.01112,0.60614,0.10742,-0.00863,0.24703,0.88385
3568,4336.3,38514973,2532022,0.743,0.621,7942,10833,14513,0.00844876,0,0,0.0816,0.1807,0.3644,0.1163,0.0128,0.60704,0.11548,-0.01057,0.26689,0.87581
3569,4337.6,38525778,2532664,0.674,0.626,8314,10805,14506,0.00844551,0,0,0.0789,0.163,0.3324,0.0995,0.01311,0.61193,0.11607,-0.00673,0.26027,0.86871
3570,4338.8,38536590,2533314,0.624,0.607,8783,10812,14511,0.00844227,0,0,0.0768,0.1525,0.3421,0.0526,0.01098,0.59481,0.11258,-0.00586,0.25169,0.87814
3571,4340.1,38547451,2533973,0.62,0.618,8776,10861,14543,0.00843902,0,0,0.0741,0.1545,0.3229,0.0684,0.01188,0.60489,0.11502,-0.00779,0.26006,0.85603
3572,4341.4,38558244,2534614,0.65,0.635,8401,10793,14496,0.00843576,0,0,0.0821,0.1659,0.3518,0.0498,0.01252,0.62141,0.1131,-0.00731,0.25558,0.87428
3573,4342.7,38569053,2535260,0.675,0.642,8209,10809,14505,0.00843253,0,0,0.0775,0.155,0.3599,0.0823,0.01245,0.62842,0.10231,-0.0095,0.23806,0.85718
3574,4343.9,38579874,2535912,0.62,0.643,8566,10821,14505,0.00842928,0,0,0.0756,0.1491,0.3495,0.0463,0.01248,0.62947,0.10778,-0.01006,0.24996,0.84739
3575,4345.3,38590681,2536557,0.736,0.636,7880,10807,14513,0.00842604,0,0,0.0789,0.1827,0.3757,0.0986,0.01244,0.62219,0.11211,-0.0113,0.26144,0.86773
3576,4346.6,38601489,2537223,0.653,0.629,8435,10808,14515,0.0084228,0,0,0.08,0.1654,0.349,0.0583,0.01135,0.61658,0.11868,-0.00852,0.26893,0.86206
3577,4347.8,38612305,2537883,0.607,0.634,8715,10816,14540,0.00841955,0,0,0.0722,0.147,0.3204,0.0675,0.01363,0.61944,0.09887,-0.01005,0.23229,0.85685
3578,4349.2,38623105,2538540,0.78,0.627,7675,10800,14510,0.00841631,0,0,0.0851,0.193,0.4509,0.0511,0.01276,0.61336,0.10349,-0.00742,0.23634,0.86211
3579,4350.5,38633932,2539183,0.62,0.627,8682,10827,14546,0.00841307,0,0,0.0709,0.1424,0.3255,0.081,0.01259,0.61356,0.11228,-0.00601,0.25114,0.86532
3580,4351.7,38644738,2539839,0.62,0.631,8637,10806,14515,0.00840982,0,0,0.0759,0.1566,0.3384,0.0489,0.01371,0.6167,0.10096,-0.00846,0.23351,0.87285
3581,4353.0,38655515,2540481,0.676,0.626,8276,10777,14486,0.00840658,0,0,0.0825,0.1665,0.3353,0.0919,0.01288,0.61241,0.11529,-0.00772,0.26038,0.85465
3582,4354.3,38666341,2541104,0.591,0.626,8895,10826,14527,0.00840335,0,0,0.0743,0.1456,0.3228,0.0479,0.0116,0.61407,0.11928,-0.00943,0.27184,0.85803
3583,4355.5,38677149,2541756,0.583,0.625,8947,10808,14513,0.0084001,0,0,0.0678,0.1321,0.3199,0.0628,0.01269,0.61182,0.10998,-0.00735,0.24884,0.84351
3584,4356.6,38687987,2542405,0.546,0.612,9357,10838,14544,0.00839686,0,0,0.0671,0.1261,0.3103,0.0424,0.01236,0.59945,0.10707,-0.00927,0.24724,0.86701
3585,4357.8,38698811,2543041,0.598,0.611,8955,10824,14555,0.0083936,0,0,0.0686,0.1378,0.2998,0.0916,0.01132,0.59875,0.10959,-0.00877,0.25146,0.87853
3586,4359.1,38709644,2543695,0.632,0.611,8716,10833,14555,0.00839036,0,0,0.0793,0.1663,0.3297,0.0567,0.01178,0.59849,0.10328,-0.0098,0.24053,0.85572
3587,4360.4,38720486,2544348,0.682,0.614,8366,10842,14539,0.00838711,0,0,0.0787,0.1723,0.3118,0.1193,0.01211,0.60089,0.10632,-0.00792,0.24318,0.87627
3588,4361.7,38731322,2544991,0.68,0.615,8370,10836,14534,0.00838385,0,0,0.0792,0.1787,0.3594,0.0622,0.01215,0.60203,0.10065,-0.01234,0.24047,0.86472
3589,4362.9,38742203,2545639,0.662,0.615,8520,10881,14597,0.0083806,0,0,0.0818,0.1608,0.3507,0.0685,0.01277,0.60169,0.09575,-0.0114,0.22875,0.86149
3590,4364.2,38753035,2546304,0.601,0.613,8919,10832,14556,0.00837734,0,0,0.0768,0.1558,0.3215,0.047,0.0118,0.60071,0.11216,-0.00709,0.2529,0.85973
3591,4365.4,38763847,2546973,0.62,0.609,8798,10812,14488,0.00837409,0,0,0.0769,0.1472,0.3069,0.0887,0.01176,0.59659,0.10575,-0.0087,0.24284,0.83293
3592,4366.7,38774637,2547644,0.655,0.611,8526,10790,14502,0.00837085,0,0,0.0853,0.174,0.3529,0.0426,0.01291,0.59684,0.10428,-0.00858,0.23998,0.85209
3593,4367.9,38785448,2548322,0.677,0.609,8402,10811,14514,0.00836761,0,0,0.0796,0.1653,0.3238,0.1087,0.0118,0.59666,0.10564,-0.00421,0.23417,0.86356
3594,4369.3,38796236,2548985,0.715,0.614,8116,10788,14487,0.00836437,0,0,0.0836,0.1766,0.3913,0.0634,0.01185,0.60156,0.11234,-0.0096,0.25801,0.84383
3595,4370.5,38806997,2549671,0.656,0.616,8459,10761,14477,0.00836113,0,0,0.0786,0.1743,0.3455,0.0574,0.01344,0.60216,0.11851,-0.00782,0.26721,0.87026
3596,4371.8,38817739,2550347,0.638,0.615,8572,10742,14453,0.0083579,0,0,0.0796,0.1762,0.3249,0.0574,0.01182,0.60223,0.11934,-0.01194,0.27633,0.82421
3597,4373.2,38828560,2551007,0.788,0.632,7623,10821,14541,0.00835468,0,0,0.0853,0.2071,0.3862,0.1089,0.01217,0.61882,0.10065,-0.01122,0.23818,0.86386
3598,4374.6,38839405,2551693,0.75,0.626,7884,10845,14579,0.00835143,0,0,0.0957,0.2045,0.3881,0.0613,0.01267,0.61241,0.11646,-0.01081,0.26904,0.86812
3599,4375.9,38850233,2552369,0.659,0.624,8441,10828,14525,0.00834818,0,0,0.0787,0.1725,0.3242,0.0837,0.01141,0.61142,0.10443,-0.01047,0.24405,0.85361
3600,4377.1,38861112,2553047,0.593,0.623,8950,10879,14564,0.00834493,0,0,0.0757,0.1525,0.3201,0.0443,0.01183,0.61012,0.1057,-0.00688,0.23931,0.84723
3601,4378.7,38871910,2553735,0.589,0.625,8894,10798,14522,0.00834167,0,0,0.0732,0.1414,0.3145,0.0595,0.01258,0.61167,0.10277,-0.00823,0.23665,0.87735
3602,4379.9,38882752,2554414,0.526,0.628,9395,10842,14525,0.00833843,0,0,0.0677,0.1266,0.2908,0.0411,0.01171,0.61533,0.11029,-0.00973,0.25425,0.85226
3603,4381.2,38893593,2555110,0.668,0.641,8280,10841,14544,0.00833517,0,0,0.0794,0.1542,0.3368,0.0979,0.01192,0.62783,0.10649,-0.00662,0.2408,0.87411
3604,4382.6,38904403,2555782,0.716,0.638,7980,10810,14524,0.00833192,0,0,0.0801,0.1766,0.3588,0.1007,0.01219,0.6253,0.12142,-0.01041,0.27781,0.84927
3605,4384.0,38915222,2556475,0.743,0.645,7795,10819,14492,0.00832868,0,0,0.0823,0.1748,0.3789,0.1066,0.01304,0.63135,0.12865,-0.00912,0.28959,0.84384
3606,4385.3,38926046,2557161,0.641,0.647,8405,10824,14529,0.00832543,0,0,0.0806,0.1614,0.3521,0.0466,0.01218,0.63426,0.11756,-0.00648,0.26264,0.87461
3607,4386.6,38936837,2557828,0.644,0.647,8360,10791,14484,0.00832219,0,0,0.076,0.1504,0.3513,0.0662,0.01158,0.63456,0.10245,-0.00971,0.23864,0.86078
3608,4387.9,38947605,2558525,0.686,0.651,8054,10768,14444,0.00831895,0,0,0.0788,0.15,0.3556,0.1018,0.01235,0.63766,0.12164,-0.00834,0.27421,0.85547
3609,4389.1,38958399,2559210,0.581,0.627,8930,10794,14494,0.00831572,0,0,0.0707,0.1479,0.3186,0.0443,0.01197,0.61448,0.11483,-0.01046,0.26461,0.84434
3610,4390.3,38969246,2559905,0.608,0.628,8772,10847,14533,0.00831248,0,0,0.0742,0.1565,0.3157,0.0619,0.01128,0.6163,0.11755,-0.0069,0.26301,0.84857
3611,4391.5,38980036,2560610,0.545,0.622,9247,10790,14493,0.00830923,0,0,0.0685,0.1329,0.3051,0.0387,0.01175,0.60904,0.11347,-0.00667,0.25408,0.83094
3612,4392.8,38990887,2561287,0.622,0.621,8725,10851,14563,0.00830599,0,0,0.0769,0.1563,0.3216,0.0677,0.01184,0.6088,0.09751,-0.00678,0.22251,0.83848
3613,4393.9,39001705,2562004,0.544,0.619,9304,10818,14523,0.00830273,0,0,0.07,0.1374,0.2979,0.0385,0.01163,0.60624,0.11175,-0.00785,0.25314,0.84007
3614,4395.2,39012523,2562682,0.65,0.625,8484,10818,14527,0.00829949,0,0,0.0794,0.1639,0.3223,0.0848,0.01219,0.61055,0.12792,-0.00733,0.28461,0.85012
3615,4396.4,39023397,2563360,0.593,0.62,8962,10874,14591,0.00829624,0,0,0.0761,0.1504,0.3168,0.0496,0.01138,0.60809,0.1153,-0.00961,0.26413,0.86251
3616,4397.6,39034229,2564052,0.572,0.62,9081,10832,14534,0.00829298,0,0,0.0753,0.1391,0.277,0.081,0.01098,0.60883,0.1212,-0.0071,0.27032,0.82668
3617,4398.8,39045014,2564740,0.557,0.624,9135,10785,14497,0.00828973,0,0,0.0699,0.1416,0.3009,0.0442,0.01269,0.61047,0.12306,-0.00534,0.27062,0.83409
3618,4400.0,39055853,2565412,0.587,0.621,8975,10839,14533,0.0082865,0,0,0.0693,0.1305,0.3072,0.0798,0.01068,0.60952,0.12219,-0.01077,0.28027,0.86646
3619,4401.2,39066661,2566085,0.57,0.626,9037,10808,14518,0.00828324,0,0,0.0679,0.1385,0.3001,0.0636,0.01224,0.61273,0.1092,-0.00988,0.25289,0.8891
3620,4402.4,39077434,2566764,0.644,0.622,8505,10773,14462,0.00828,0,0,0.0781,0.1597,0.3175,0.0891,0.01237,0.60888,0.1164,-0.00845,0.26377,0.85015
3621,4403.8,39088243,2567450,0.736,0.622,7960,10809,14513,0.00827677,0,0,0.0817,0.1565,0.3158,0.1816,0.01199,0.60912,0.10609,-0.00892,0.24401,0.84537
3622,4405.0,39099017,2568152,0.605,0.619,8802,10774,14477,0.00827353,0,0,0.0718,0.1388,0.3012,0.0932,0.01118,0.60711,0.10897,-0.00905,0.25016,0.85356
3623,4406.2,39109805,2568839,0.509,0.622,9534,10788,14504,0.00827029,0,0,0.0673,0.1283,0.2741,0.0395,0.01064,0.61088,0.11067,-0.00741,0.25073,0.88075
3624,4407.3,39120616,2569531,0.56,0.62,9156,10811,14501,0.00826706,0,0,0.0677,0.1602,0.2722,0.0604,0.01001,0.60962,0.10621,-0.01161,0.24982,0.85711
3625,4408.5,39131418,2570230,0.528,0.625,9367,10802,14500,0.00826382,0,0,0.0713,0.1303,0.2846,0.0417,0.01136,0.61299,0.10475,-0.00878,0.24159,0.87958
3626,4409.8,39142188,2570916,0.631,0.623,8587,10770,14469,0.00826057,0,0,0.0777,0.1484,0.3141,0.0908,0.01206,0.61017,0.11066,-0.01059,0.25685,0.8682
3627,4411.0,39152950,2571631,0.576,0.629,8935,10762,14475,0.00825734,0,0,0.0718,0.1382,0.3194,0.0464,0.011,0.61708,0.12261,-0.00164,0.26298,0.87683
3628,4412.2,39163711,2572330,0.622,0.628,8608,10761,14468,0.00825412,0,0,0.075,0.1473,0.2981,0.1016,0.01201,0.61523,0.10251,-0.00824,0.2361,0.88521
3629,4413.5,39174502,2573049,0.601,0.668,8503,10791,14513,0.00825089,0,0,0.0706,0.1438,0.3413,0.0453,0.0118,0.65533,0.10047,-0.01003,0.23545,0.8747
3630,4415.0,39185239,2573783,0.81,0.667,7271,10737,14434,0.00824765,0,0,0.0852,0.1954,0.3957,0.1335,0.01374,0.65168,0.10479,-0.00569,0.2355,0.88201
3631,4416.3,39195978,2574472,0.632,0.666,8276,10739,14446,0.00824443,0,0,0.0808,0.1543,0.3525,0.044,0.01186,0.65354,0.11124,-0.01106,0.25907,0.87738
3632,4417.5,39206772,2575174,0.608,0.665,8481,10794,14503,0.00824121,0,0,0.0683,0.1339,0.328,0.0775,0.01147,0.65291,0.09972,-0.00954,0.23315,0.88783
3633,4418.8,39217585,2575883,0.566,0.667,8765,10813,14531,0.00823797,0,0,0.0684,0.1244,0.3346,0.039,0.01248,0.65389,0.11146,-0.0095,0.25664,0.89351
3634,4420.0,39228413,2576560,0.595,0.668,8571,10828,14530,0.00823472,0,0,0.0635,0.129,0.3206,0.0821,0.01195,0.65545,0.11004,-0.01136,0.25721,0.87432
3635,4421.2,39239193,2577267,0.554,0.658,8894,10780,14503,0.00823148,0,0,0.0664,0.1303,0.3193,0.038,0.01118,0.6461,0.10259,-0.01064,0.2413,0.90245
3636,4422.5,39250028,2577963,0.638,0.668,8294,10835,14556,0.00822824,0,0,0.0724,0.1498,0.3401,0.0757,0.01208,0.65536,0.11302,-0.01161,0.26378,0.88285
3637,4423.8,39260839,2578645,0.581,0.659,8718,10811,14521,0.00822499,0,0,0.0706,0.1418,0.3312,0.0374,0.0116,0.64634,0.11376,-0.01073,0.2636,0.88832
3638,4425.1,39271644,2579356,0.666,0.633,8319,10805,14521,0.00822175,0,0,0.0789,0.1628,0.3566,0.0676,0.01211,0.62022,0.11574,-0.01051,0.26698,0.88009
3639,4426.2,39282487,2580052,0.524,0.639,9321,10843,14551,0.00821851,0,0,0.0639,0.1122,0.3106,0.0377,0.01085,0.62728,0.11622,-0.00462,0.25608,0.87637
3640,4427.4,39293313,2580742,0.545,0.636,9162,10826,14547,0.00821525,0,0,0.0672,0.1237,0.2945,0.06,0.01108,0.62443,0.11556,-0.00754,0.26042,0.86563
3641,4428.6,39304157,2581431,0.571,0.628,9039,10844,14547,0.00821201,0,0,0.0701,0.1376,0.3247,0.0391,0.01206,0.61512,0.10648,-0.00732,0.24158,0.85157
3642,4429.8,39314983,2582126,0.518,0.62,9510,10826,14548,0.00820875,0,0,0.0623,0.109,0.2768,0.0702,0.01092,0.60846,0.10113,-0.00655,0.22982,0.8801
3643,4430.9,39325795,2582837,0.509,0.626,9528,10812,14526,0.00820551,0,0,0.062,0.1176,0.291,0.0382,0.01237,0.6127,0.09458,-0.00981,0.22286,0.85758
3644,4432.1,39336608,2583534,0.593,0.622,8902,10813,14542,0.00820226,0,0,0.072,0.1415,0.2887,0.0909,0.01155,0.60953,0.1053,-0.0094,0.24358,0.86439
3645,4433.3,39347353,2584207,0.535,0.623,9277,10745,14455,0.00819902,0,0,0.0623,0.1152,0.2855,0.0724,0.01058,0.61164,0.09113,-0.00916,0.21474,0.86398
3646,4434.4,39358143,2584926,0.531,0.621,9373,10790,14541,0.00819579,0,0,0.0608,0.1096,0.2965,0.0636,0.01101,0.60893,0.09976,-0.00787,0.22902,0.84012
3647,4435.6,39368925,2585626,0.508,0.62,9559,10782,14509,0.00819256,0,0,0.0607,0.113,0.2997,0.0342,0.01141,0.60835,0.10068,-0.00935,0.2343,0.86977
3648,4436.8,39379727,2586342,0.574,0.622,9032,10802,14519,0.00818932,0,0,0.068,0.1311,0.3052,0.0697,0.01158,0.60977,0.09523,-0.00899,0.22282,0.87719
3649,4437.9,39390497,2587029,0.507,0.616,9589,10770,14504,0.00818608,0,0,0.0613,0.1058,0.3004,0.0397,0.01117,0.60414,0.10803,-0.01023,0.25071,0.86703
3650,4439.0,39401257,2587743,0.535,0.62,9316,10760,14491,0.00818285,0,0,0.0637,0.1139,0.296,0.061,0.01133,0.60831,0.09823,-0.00731,0.22509,0.85658
3651,4440.2,39411991,2588455,0.582,0.62,8931,10734,14456,0.00817962,0,0,0.0749,0.1515,0.315,0.0411,0.01123,0.60746,0.09551,-0.00973,0.22461,0.8641
3652,4441.5,39422700,2589171,0.543,0.62,9200,10709,14429,0.0081764,0,0,0.0616,0.1182,0.2946,0.0691,0.01174,0.60811,0.09941,-0.0085,0.22989,0.8601
3653,4442.6,39433412,2589883,0.521,0.621,9377,10712,14453,0.00817319,0,0,0.0625,0.1212,0.2979,0.0396,0.01109,0.60959,0.10219,-0.00816,0.23469,0.85538
3654,4443.8,39444090,2590586,0.552,0.622,9098,10678,14399,0.00816998,0,0,0.0709,0.1412,0.2719,0.0677,0.0116,0.60914,0.09339,-0.00578,0.21275,0.88183
3655,4445.0,39454771,2591293,0.526,0.638,9176,10681,14407,0.00816677,0,0,0.0606,0.1143,0.3024,0.049,0.01246,0.62428,0.09137,-0.00906,0.2153,0.88448
3656,4446.2,39465460,2591996,0.591,0.638,8699,10689,14418,0.00816357,0,0,0.0684,0.1447,0.3177,0.06,0.01141,0.62593,0.10708,-0.00649,0.24154,0.88276
3657,4447.4,39476119,2592709,0.56,0.636,8919,10659,14395,0.00816036,0,0,0.0696,0.1314,0.3201,0.0383,0.01093,0.62398,0.10327,-0.00778,0.2362,0.86401
3658,4448.6,39486747,2593394,0.573,0.641,8754,10628,14344,0.00815716,0,0,0.0636,0.1249,0.3124,0.0717,0.01202,0.62856,0.10272,-0.00754,0.23506,0.89162
3659,4449.8,39497407,2594106,0.54,0.633,9084,10660,14388,0.00815398,0,0,0.0656,0.133,0.3033,0.0382,0.01235,0.61991,0.09959,-0.00921,0.23208,0.88874
3660,4451.1,39508066,2594808,0.649,0.64,8270,10659,14409,0.00815078,0,0,0.0713,0.1625,0.3507,0.0645,0.01148,0.6277,0.10139,-0.0061,0.22956,0.89414
3661,4452.3,39518697,2595517,0.582,0.628,8785,10631,14340,0.00814758,0,0,0.0688,0.142,0.3308,0.04,0.01148,0.61629,0.09578,-0.00775,0.22173,0.89981
3662,4453.5,39529357,2596215,0.537,0.629,9138,10660,14390,0.00814439,0,0,0.0667,0.1259,0.2889,0.0558,0.01151,0.61702,0.11189,-0.00843,0.25505,0.88499
3663,4454.6,39540007,2596947,0.53,0.626,9213,10650,14386,0.00814119,0,0,0.0649,0.1345,0.29,0.0403,0.01159,0.6139,0.09201,-0.00591,0.21081,0.9185
3664,4455.8,39550719,2597660,0.577,0.632,8860,10712,14438,0.008138,0,0,0.0688,0.1266,0.3056,0.0762,0.01188,0.61909,0.09659,-0.0096,0.2273,0.9162
3665,4457.0,39561414,2598364,0.533,0.627,9219,10695,14408,0.00813478,0,0,0.0672,0.1206,0.3081,0.0373,0.01075,0.61552,0.09007,-0.01017,0.21505,0.89618
3666,4458.2,39572093,2599081,0.562,0.625,9003,10679,14406,0.00813158,0,0,0.0723,0.133,0.2856,0.0707,0.01168,0.61217,0.08875,-0.01036,0.21282,0.89853
3667,4459.3,39582764,2599808,0.529,0.62,9288,10671,14395,0.00812837,0,0,0.0639,0.1267,0.3015,0.0367,0.01145,0.60791,0.08812,-0.00851,0.20831,0.92476
3668,4460.5,39593475,2600525,0.554,0.62,9123,10711,14424,0.00812517,0,0,0.0635,0.1185,0.3045,0.0676,0.0112,0.60809,0.09526,-0.00785,0.22139,0.93266
3669,4461.6,39604132,2601241,0.49,0.619,9609,10657,14393,0.00812196,0,0,0.0625,0.115,0.2776,0.0352,0.01101,0.60727,0.09098,-0.01009,0.21731,0.93414
3670,4462.8,39614824,2601944,0.534,0.621,9255,10692,14410,0.00811876,0,0,0.0671,0.1232,0.2792,0.0644,0.0116,0.60924,0.09209,-0.00975,0.21902,0.94427
3671,4463.9,39625469,2602649,0.53,0.623,9240,10645,14350,0.00811555,0,0,0.0642,0.1249,0.2963,0.0442,0.01153,0.60971,0.08869,-0.00728,0.20714,0.93768
3672,4465.1,39636143,2603371,0.558,0.621,9055,10674,14403,0.00811236,0,0,0.066,0.1354,0.2873,0.0694,0.01087,0.60906,0.09354,-0.00572,0.21417,0.96538
3673,4466.3,39646777,2604080,0.53,0.621,9245,10634,14349,0.00810916,0,0,0.0655,0.1285,0.2985,0.0371,0.01077,0.60915,0.0903,-0.00899,0.21352,0.92156
3674,4467.4,39657439,2604790,0.549,0.614,9166,10662,14372,0.00810597,0,0,0.0655,0.1286,0.2921,0.0631,0.01069,0.60243,0.09149,-0.00765,0.21335,0.93024
3675,4468.5,39668109,2605499,0.482,0.619,9694,10670,14414,0.00810277,0,0,0.0608,0.1106,0.278,0.0325,0.0105,0.60748,0.09773,-0.00737,0.22545,0.94071
3676,4469.7,39678825,2606207,0.538,0.621,9248,10716,14452,0.00809957,0,0,0.0629,0.1162,0.2933,0.0653,0.01164,0.60834,0.10779,-0.0077,0.24616,0.93714
3677,4470.8,39689533,2606905,0.547,0.62,9176,10708,14432,0.00809635,0,0,0.0698,0.1319,0.2883,0.0566,0.01148,0.60813,0.09997,-0.00787,0.23067,0.92513
3678,4472.0,39700233,2607628,0.533,0.621,9271,10700,14440,0.00809314,0,0,0.0664,0.1147,0.2824,0.0698,0.01104,0.60923,0.0975,-0.00893,0.22801,0.93578
3679,4473.1,39710944,2608324,0.476,0.616,9810,10711,14419,0.00808993,0,0,0.0563,0.1028,0.2766,0.0405,0.01068,0.60417,0.10058,-0.01012,0.23606,0.90559
3680,4474.2,39721670,2609028,0.492,0.617,9673,10726,14468,0.00808672,0,0,0.0576,0.1026,0.2739,0.0576,0.01169,0.60454,0.09481,-0.0114,0.22729,0.91943
3681,4475.4,39732341,2609723,0.527,0.628,9242,10671,14389,0.0080835,0,0,0.0622,0.115,0.3147,0.0349,0.01167,0.61521,0.09469,-0.01099,0.22615,0.91466
3682,4476.6,39742989,2610424,0.545,0.653,8883,10648,14362,0.0080803,0,0,0.0621,0.1205,0.3058,0.0569,0.01097,0.64178,0.08641,-0.0091,0.20588,0.91958
3683,4477.8,39753694,2611122,0.525,0.677,8911,10705,14427,0.0080771,0,0,0.0649,0.1089,0.3147,0.0361,0.01178,0.66426,0.09525,-0.00802,0.22131,0.91449
3684,4479.0,39764392,2611820,0.596,0.678,8402,10698,14431,0.00807389,0,0,0.066,0.1171,0.3309,0.0817,0.01175,0.66508,0.10558,-0.0105,0.24678,0.90543
3685,4480.2,39775082,2612533,0.533,0.678,8829,10690,14415,0.00807068,0,0,0.0635,0.1089,0.3248,0.0354,0.01226,0.6648,0.10871,-0.00838,0.24876,0.90295
3686,4481.6,39785788,2613240,0.672,0.684,7895,10706,14444,0.00806748,0,0,0.079,0.15,0.3478,0.0956,0.01301,0.66994,0.10748,-0.0114,0.2519,0.87613
3687,4482.8,39796473,2613937,0.566,0.681,8565,10685,14415,0.00806426,0,0,0.0724,0.1205,0.3364,0.0371,0.01267,0.6677,0.11152,-0.00954,0.25637,0.88479
3688,4484.3,39807160,2614644,0.723,0.685,7587,10687,14401,0.00806106,0,0,0.08,0.1595,0.3765,0.1072,0.01375,0.6706,0.10873,-0.00415,0.24025,0.89934
3689,4485.6,39817860,2615361,0.627,0.679,8189,10700,14425,0.00805785,0,0,0.0763,0.148,0.3477,0.0555,0.01192,0.66646,0.10451,-0.0092,0.24169,0.88494
3690,4486.9,39828534,2616057,0.645,0.647,8262,10674,14383,0.00805464,0,0,0.0741,0.1383,0.3614,0.071,0.01216,0.63398,0.08929,-0.01004,0.21293,0.88584
3691,4488.0,39839238,2616749,0.556,0.633,9003,10704,14409,0.00805144,0,0,0.0702,0.1302,0.304,0.0515,0.01126,0.62122,0.10586,-0.00974,0.24548,0.88651
3692,4489.2,39849956,2617447,0.556,0.63,9035,10718,14452,0.00804823,0,0,0.0602,0.1047,0.3232,0.0679,0.01224,0.61713,0.10331,-0.00827,0.2379,0.9152
3693,4490.4,39860674,2618157,0.513,0.634,9339,10718,14446,0.00804501,0,0,0.0598,0.1093,0.3051,0.039,0.01168,0.62209,0.10522,-0.00484,0.23414,0.87259
3694,4491.6,39871384,2618850,0.576,0.633,8858,10710,14429,0.0080418,0,0,0.0666,0.1328,0.3109,0.0655,0.0114,0.62128,0.10467,-0.00762,0.23851,0.86618
3695,4492.7,39882086,2619562,0.508,0.624,9449,10702,14423,0.00803858,0,0,0.0632,0.1147,0.2882,0.0421,0.01133,0.61225,0.10621,-0.00839,0.24332,0.8781
3696,4493.9,39892826,2620276,0.546,0.622,9200,10740,14477,0.00803537,0,0,0.0653,0.1175,0.2867,0.0762,0.01193,0.60889,0.11622,-0.00689,0.26011,0.86486
3697,4495.0,39903527,2620980,0.511,0.623,9436,10701,14405,0.00803215,0,0,0.0602,0.1167,0.2987,0.0359,0.01042,0.61149,0.10858,-0.00732,0.24556,0.85723
3698,4496.2,39914278,2621685,0.574,0.616,9033,10751,14461,0.00802894,0,0,0.0603,0.1147,0.3068,0.092,0.01191,0.60366,0.12731,-0.00757,0.28338,0.84752
3699,4497.3,39924981,2622409,0.508,0.614,9541,10703,14448,0.00802572,0,0,0.0628,0.1089,0.2752,0.0606,0.01164,0.60201,0.10951,-0.00807,0.24916,0.87263
3700,4498.4,39935662,2623130,0.49,0.612,9696,10681,14421,0.00802251,0,0,0.0591,0.1028,0.2712,0.0566,0.01088,0.60041,0.08634,-0.00812,0.20345,0.9052
3701,4499.5,39946382,2623849,0.491,0.615,9698,10720,14434,0.0080193,0,0,0.0608,0.1095,0.2848,0.0355,0.01111,0.60298,0.0994,-0.00879,0.23065,0.89066
3702,4500.8,39957102,2624547,0.531,0.611,9394,10720,14432,0.00801609,0,0,0.0627,0.1243,0.2933,0.0502,0.0106,0.59942,0.09897,-0.00886,0.22968,0.87443
3703,4501.9,39967767,2625274,0.466,0.611,9904,10665,14373,0.00801287,0,0,0.0565,0.0994,0.276,0.0339,0.01086,0.59933,0.08672,-0.01076,0.20911,0.88277
3704,4503.0,39978432,2625991,0.487,0.61,9723,10665,14359,0.00800967,0,0,0.0592,0.1036,0.2701,0.0539,0.01093,0.5987,0.0953,-0.00822,0.22099,0.87009
3705,4504.1,39989093,2626704,0.473,0.613,9817,10661,14384,0.00800647,0,0,0.0594,0.1107,0.2692,0.0339,0.01219,0.60007,0.09711,-0.00569,0.21926,0.85247
3706,4505.2,39999785,2627433,0.481,0.606,9833,10692,14414,0.00800327,0,0,0.0545,0.0934,0.2718,0.0616,0.01112,0.59434,0.08811,-0.00897,0.20808,0.86948
3707,4506.3,40010431,2628155,0.478,0.606,9822,10646,14354,0.00800006,0,0,0.0569,0.105,0.2807,0.0356,0.01098,0.59406,0.09057,-0.00811,0.21088,0.84544
3708,4507.3,40021122,2628888,0.467,0.606,9961,10691,14428,0.00799687,0,0,0.0547,0.0977,0.2546,0.0601,0.01084,0.59464,0.08996,-0.0093,0.21237,0.86583
3709,4508.4,40031830,2629634,0.477,0.608,9868,10708,14434,0.00799366,0,0,0.0594,0.1068,0.2765,0.0342,0.0116,0.59595,0.09794,-0.00847,0.2263,0.84303
3710,4509.5,40042544,2630368,0.481,0.611,9806,10714,14435,0.00799045,0,0,0.0561,0.1015,0.2658,0.058,0.01178,0.59835,0.09533,-0.00953,0.22321,0.84397
3711,4510.7,40053193,2631111,0.533,0.613,9290,10649,14396,0.00798724,0,0,0.0675,0.1312,0.2983,0.0359,0.01099,0.60161,0.08488,-0.0085,0.20021,0.8423
3712,4511.9,40063879,2631858,0.594,0.616,8828,10686,14410,0.00798404,0,0,0.069,0.141,0.3154,0.069,0.01262,0.60274,0.09263,-0.0078,0.21422,0.83638
3713,4513.0,40074586,2632589,0.528,0.613,9379,10707,14439,0.00798084,0,0,0.0661,0.1332,0.2841,0.0451,0.01136,0.60091,0.08884,-0.00682,0.20423,0.80804
3714,4514.2,40085319,2633320,0.546,0.61,9290,10733,14460,0.00797762,0,0,0.0649,0.1273,0.2882,0.0653,0.01131,0.59778,0.09449,-0.0091,0.22035,0.82608
3715,4515.3,40096075,2634050,0.522,0.609,9511,10756,14479,0.0079744,0,0,0.0659,0.1321,0.2869,0.0374,0.01103,0.59698,0.07527,-0.01105,0.186,0.83688
3716,4516.5,40106815,2634793,0.557,0.611,9202,10740,14454,0.00797118,0,0,0.0686,0.1226,0.2906,0.0748,0.01126,0.59852,0.09255,-0.00922,0.21674,0.82771
3717,4517.6,40117562,2635543,0.501,0.607,9703,10747,14451,0.00796796,0,0,0.0643,0.1148,0.2869,0.035,0.01065,0.59524,0.09712,-0.00612,0.21998,0.84797
3718,4518.7,40128289,2636273,0.495,0.607,9734,10727,14432,0.00796473,0,0,0.0593,0.1066,0.2722,0.0565,0.01079,0.59566,0.10305,-0.00857,0.23654,0.83455
3719,4519.8,40138995,2637013,0.513,0.611,9530,10706,14423,0.00796151,0,0,0.0606,0.109,0.2999,0.0433,0.01127,0.59887,0.08466,-0.01049,0.20332,0.8176
3720,4520.9,40149793,2637730,0.527,0.61,9500,10798,14538,0.0079583,0,0,0.063,0.1152,0.2857,0.0627,0.01176,0.59744,0.0975,-0.00775,0.2239,0.84182
3721,4522.1,40160531,2638462,0.516,0.609,9551,10738,14464,0.00795506,0,0,0.0617,0.1098,0.3049,0.0391,0.01114,0.59694,0.11476,-0.00844,0.26018,0.86567
3722,4523.2,40171290,2639184,0.5,0.61,9692,10759,14480,0.00795184,0,0,0.0607,0.1071,0.268,0.0645,0.01159,0.5976,0.10535,-0.00842,0.24126,0.86284
3723,4524.3,40182014,2639908,0.5,0.609,9666,10724,14457,0.00794861,0,0,0.0622,0.1135,0.2888,0.0356,0.011,0.59763,0.10714,-0.01055,0.24958,0.8937
3724,4525.5,40192734,2640621,0.569,0.607,9115,10720,14441,0.0079454,0,0,0.0637,0.1277,0.2903,0.0873,0.01101,0.59527,0.11257,-0.01061,0.26025,0.87348
3725,4526.6,40203496,2641362,0.518,0.611,9526,10762,14488,0.00794218,0,0,0.0656,0.1248,0.2823,0.0455,0.01231,0.59851,0.09893,-0.01007,0.23211,0.88861
3726,4527.8,40214243,2642089,0.563,0.61,9162,10747,14480,0.00793895,0,0,0.0642,0.1227,0.3004,0.0759,0.01077,0.5983,0.11403,-0.00918,0.26079,0.90542
3727,4528.9,40225031,2642815,0.545,0.614,9308,10788,14505,0.00793573,0,0,0.0712,0.1405,0.2965,0.037,0.01168,0.60109,0.1062,-0.00916,0.245,0.89996
3728,4530.0,40235795,2643539,0.469,0.612,9957,10764,14504,0.00793249,0,0,0.0546,0.0985,0.2599,0.0559,0.01084,0.60046,0.10902,-0.00809,0.2484,0.89395
3729,4531.1,40246594,2644256,0.459,0.608,10121,10799,14543,0.00792926,0,0,0.0566,0.103,0.2674,0.032,0.0104,0.5971,0.11642,-0.00916,0.26521,0.88666
3730,4532.1,40257374,2644984,0.468,0.609,10010,10780,14506,0.00792602,0,0,0.0538,0.0943,0.2614,0.0588,0.01137,0.59648,0.11403,-0.00865,0.25915,0.86986
3731,4533.2,40268130,2645698,0.46,0.62,9954,10756,14481,0.00792279,0,0,0.0556,0.0996,0.2709,0.0342,0.01083,0.60887,0.11664,-0.00929,0.26585,0.88337
3732,4534.3,40278924,2646416,0.493,0.621,9690,10794,14535,0.00791956,0,0,0.0563,0.0999,0.2804,0.0562,0.01146,0.60903,0.12251,-0.01271,0.28434,0.87727
3733,4535.4,40289738,2647137,0.45,0.62,10108,10814,14546,0.00791632,0,0,0.0551,0.0961,0.2681,0.0306,0.01146,0.60776,0.10388,-0.00961,0.24081,0.87408
3734,4536.5,40300504,2647843,0.485,0.621,9734,10766,14509,0.00791308,0,0,0.0558,0.0984,0.2796,0.0513,0.0124,0.60791,0.11574,-0.00928,0.26354,0.85298
3735,4537.6,40311281,2648552,0.511,0.623,9499,10777,14494,0.00790985,0,0,0.0627,0.1148,0.3013,0.0324,0.01078,0.61185,0.12077,-0.0103,0.27574,0.85977
3736,4538.8,40322062,2649284,0.501,0.624,9582,10781,14517,0.00790662,0,0,0.0578,0.1024,0.2824,0.0587,0.01097,0.61195,0.13157,-0.01041,0.29752,0.85723
3737,4539.9,40332882,2650000,0.457,0.62,10047,10820,14544,0.00790338,0,0,0.054,0.0958,0.276,0.0309,0.01056,0.60905,0.11255,-0.01156,0.26127,0.82562
3738,4541.0,40343648,2650717,0.495,0.678,9176,10766,14483,0.00790014,0,0,0.0551,0.1001,0.2805,0.0594,0.01243,0.66488,0.11059,-0.00829,0.25106,0.84088
3739,4542.2,40354475,2651443,0.508,0.671,9187,10827,14578,0.00789691,0,0,0.0625,0.1066,0.3029,0.0358,0.0116,0.65832,0.11116,-0.0096,0.2548,0.84027
3740,4543.6,40365250,2652166,0.717,0.675,7737,10775,14501,0.00789366,0,0,0.0745,0.1492,0.3957,0.0978,0.01278,0.66183,0.11947,-0.00964,0.27092,0.80425
3741,4544.8,40376100,2652879,0.503,0.671,9245,10850,14571,0.00789043,0,0,0.0607,0.1067,0.3013,0.0342,0.01182,0.65806,0.11971,-0.01115,0.2744,0.80353
3742,4546.0,40386892,2653584,0.542,0.672,8889,10792,14512,0.00788717,0,0,0.0614,0.1112,0.3026,0.067,0.01199,0.65903,0.12273,-0.00751,0.27314,0.80269
3743,4547.2,40397733,2654313,0.51,0.672,9174,10841,14568,0.00788393,0,0,0.0614,0.111,0.3023,0.035,0.01121,0.66029,0.11874,-0.00912,0.26852,0.81261
3744,4548.3,40408580,2655034,0.527,0.626,9407,10847,14574,0.00788068,0,0,0.0611,0.1068,0.2918,0.0674,0.01248,0.61291,0.1141,-0.00787,0.25664,0.80534
3745,4549.4,40419364,2655749,0.469,0.623,9877,10784,14489,0.00787743,0,0,0.0568,0.1008,0.2769,0.0341,0.01135,0.61131,0.11231,-0.00975,0.25691,0.81201
3746,4550.5,40430163,2656476,0.5,0.622,9619,10799,14537,0.00787419,0,0,0.0557,0.0986,0.286,0.0599,0.01112,0.61066,0.1266,-0.00791,0.2816,0.79834
3747,4551.6,40440935,2657202,0.474,0.621,9834,10772,14470,0.00787095,0,0,0.056,0.1,0.2857,0.0322,0.01058,0.61019,0.10967,-0.01111,0.25412,0.79804
3748,4552.7,40451680,2657929,0.48,0.62,9761,10745,14482,0.00786772,0,0,0.0567,0.0988,0.2703,0.0545,0.01123,0.6086,0.11308,-0.00894,0.25713,0.83293
3749,4553.9,40462414,2658622,0.502,0.624,9532,10734,14484,0.0078645,0,0,0.0593,0.1075,0.2909,0.0442,0.01161,0.61142,0.115,-0.01125,0.26612,0.86515
3750,4555.1,40473236,2659335,0.653,0.623,8486,10822,14544,0.00786128,0,0,0.0796,0.1593,0.3269,0.0869,0.01213,0.60972,0.11999,-0.01152,0.27626,0.84262
3751,4556.3,40484052,2660035,0.584,0.623,8962,10816,14531,0.00785803,0,0,0.0682,0.1321,0.3124,0.0713,0.01203,0.61,0.11421,-0.0103,0.26274,0.87292
3752,4557.7,40494924,2660760,0.612,0.63,8757,10872,14571,0.00785478,0,0,0.0761,0.148,0.308,0.0795,0.01256,0.61676,0.12261,-0.00977,0.27818,0.85396
3753,4558.9,40505752,2661459,0.62,0.621,8728,10828,14531,0.00785152,0,0,0.0761,0.157,0.3153,0.0711,0.01175,0.60828,0.1309,-0.0109,0.29692,0.84868
3754,4560.2,40516615,2662167,0.6,0.619,8912,10863,14575,0.00784827,0,0,0.072,0.1309,0.3051,0.0915,0.01153,0.60706,0.11795,-0.01276,0.27532,0.88548
3755,4561.3,40527447,2662885,0.573,0.615,9117,10832,14515,0.00784502,0,0,0.0735,0.1441,0.3094,0.0457,0.01107,0.60346,0.12117,-0.01193,0.27986,0.87038
3756,4562.7,40538351,2663584,0.687,0.617,8360,10904,14617,0.00784177,0,0,0.0856,0.1674,0.3463,0.088,0.01203,0.60408,0.11725,-0.01213,0.27314,0.91719
3757,4563.9,40549187,2664310,0.629,0.615,8709,10836,14526,0.00783849,0,0,0.0746,0.1527,0.321,0.0809,0.01151,0.60241,0.1145,-0.01432,0.27206,0.91878
3758,4565.3,40560002,2665044,0.766,0.618,7811,10815,14492,0.00783524,0,0,0.0902,0.2069,0.3551,0.114,0.0122,0.60527,0.11589,-0.01143,0.26875,0.90003
3759,4566.5,40570786,2665786,0.601,0.62,8831,10784,14480,0.007832,0,0,0.0787,0.1555,0.3229,0.0438,0.01078,0.60852,0.12223,-0.01073,0.27953,0.86827
3760,4567.8,40581582,2666524,0.676,0.622,8313,10796,14497,0.00782876,0,0,0.081,0.1616,0.3215,0.1122,0.01224,0.60935,0.12761,-0.01276,0.29412,0.85456
3761,4569.0,40592390,2667255,0.614,0.624,8736,10808,14540,0.00782553,0,0,0.0798,0.1624,0.3191,0.0523,0.01258,0.60984,0.11159,-0.01205,0.26081,0.86456
3762,4570.3,40603179,2667997,0.65,0.616,8523,10789,14496,0.00782228,0,0,0.0803,0.1575,0.3312,0.0814,0.01142,0.60328,0.11211,-0.00851,0.25472,0.86116
3763,4571.6,40613923,2668722,0.635,0.619,8571,10744,14433,0.00781905,0,0,0.0828,0.1578,0.3269,0.0675,0.01288,0.60481,0.12364,-0.01125,0.28332,0.8664
3764,4572.8,40624686,2669426,0.64,0.623,8521,10763,14474,0.00781582,0,0,0.0745,0.159,0.3162,0.0905,0.01161,0.61054,0.1217,-0.00969,0.27633,0.86573
3765,4574.0,40635427,2670140,0.6,0.622,8785,10741,14430,0.00781259,0,0,0.0716,0.1501,0.3127,0.0661,0.0116,0.6098,0.1242,-0.01095,0.28393,0.87156
3766,4575.3,40646115,2670875,0.619,0.629,8565,10688,14407,0.00780937,0,0,0.0767,0.1489,0.3182,0.0754,0.01251,0.61551,0.1173,-0.01137,0.2711,0.88139
3767,4576.5,40656833,2671609,0.598,0.627,8745,10718,14420,0.00780617,0,0,0.0756,0.1538,0.3241,0.0446,0.01173,0.6148,0.11736,-0.01049,0.26932,0.87217
3768,4577.8,40667609,2672331,0.623,0.629,8613,10776,14463,0.00780295,0,0,0.0775,0.1518,0.317,0.0763,0.01188,0.61584,0.10921,-0.0103,0.25268,0.87557
3769,4579.0,40678358,2673035,0.609,0.626,8700,10749,14439,0.00779972,0,0,0.0755,0.1482,0.3163,0.0692,0.0121,0.6131,0.12439,-0.00861,0.27969,0.87756
3770,4580.3,40689062,2673775,0.621,0.624,8598,10704,14423,0.00779649,0,0,0.0729,0.1555,0.3088,0.0835,0.01231,0.6108,0.11335,-0.00838,0.25716,0.87881
3771,4581.5,40699802,2674486,0.633,0.616,8601,10740,14440,0.00779328,0,0,0.0687,0.1551,0.2887,0.1205,0.01108,0.60402,0.12837,-0.0126,0.29561,0.87738
3772,4582.7,40710522,2675211,0.583,0.614,8952,10720,14422,0.00779006,0,0,0.0697,0.138,0.2946,0.0811,0.01054,0.60273,0.10699,-0.01224,0.25209,0.87507
3773,4583.9,40721276,2675926,0.54,0.615,9312,10754,14442,0.00778684,0,0,0.0734,0.1319,0.2974,0.0375,0.01152,0.60201,0.10715,-0.00886,0.2453,0.85236
3774,4585.0,40732001,2676644,0.567,0.62,9031,10725,14426,0.00778362,0,0,0.0735,0.1362,0.2949,0.0627,0.01241,0.60711,0.11898,-0.01091,0.27291,0.84367
3775,4586.2,40742716,2677361,0.564,0.625,9010,10715,14397,0.0077804,0,0,0.0648,0.1333,0.291,0.0752,0.01333,0.6105,0.13433,-0.00997,0.30135,0.81917
3776,4587.5,40753469,2678081,0.694,0.622,8170,10753,14458,0.00777719,0,0,0.0748,0.171,0.3577,0.0908,0.01275,0.60829,0.12127,-0.01013,0.276,0.84847
3777,4588.8,40764178,2678825,0.607,0.622,8713,10709,14425,0.00777396,0,0,0.0754,0.1646,0.3145,0.0529,0.01343,0.60705,0.10883,-0.01128,0.25347,0.85213
3778,4590.1,40774895,2679557,0.669,0.621,8308,10717,14421,0.00777075,0,0,0.0801,0.1595,0.33,0.0989,0.01241,0.60825,0.12491,-0.0066,0.27555,0.80594
3779,4591.3,40785640,2680287,0.623,0.624,8616,10745,14413,0.00776753,0,0,0.0789,0.1503,0.3201,0.0739,0.01194,0.61099,0.13086,-0.01123,0.29689,0.81734
3780,4592.6,40796376,2681009,0.65,0.617,8472,10736,14445,0.00776431,0,0,0.0808,0.1851,0.3133,0.0706,0.01281,0.60359,0.12914,-0.00533,0.28157,0.81327
3781,4593.8,40807087,2681749,0.569,0.62,9008,10711,14406,0.00776109,0,0,0.0762,0.145,0.3024,0.0456,0.01213,0.60683,0.12353,-0.01005,0.28024,0.84311
3782,4595.2,40817801,2682491,0.77,0.623,7691,10714,14417,0.00775787,0,0,0.0893,0.1924,0.3777,0.1104,0.01201,0.61046,0.11064,-0.01102,0.25616,0.82797
3783,4596.4,40828554,2683215,0.623,0.626,8606,10753,14452,0.00775466,0,0,0.0828,0.1658,0.3275,0.047,0.01179,0.614,0.12453,-0.00915,0.28026,0.83238
3784,4597.7,40839313,2683952,0.638,0.628,8493,10759,14472,0.00775143,0,0,0.0757,0.1489,0.3198,0.094,0.01059,0.61675,0.1147,-0.00656,0.25569,0.84865
3785,4599.0,40850036,2684680,0.649,0.627,8402,10723,14422,0.00774821,0,0,0.0853,0.1682,0.3401,0.0554,0.01242,0.6139,0.12956,-0.00699,0.28607,0.8366
3786,4600.2,40860787,2685433,0.654,0.627,8390,10751,14437,0.00774499,0,0,0.0811,0.1628,0.339,0.0714,0.01135,0.61497,0.12893,-0.00908,0.28872,0.82017
3787,4601.5,40871493,2686170,0.626,0.627,8545,10706,14397,0.00774176,0,0,0.0799,0.1606,0.3298,0.0558,0.01235,0.61357,0.12955,-0.00874,0.28907,0.80662
3788,4602.8,40882239,2686905,0.69,0.633,8119,10746,14434,0.00773855,0,0,0.0869,0.1697,0.3442,0.0896,0.01266,0.61949,0.12956,-0.0109,0.29348,0.81079
3789,4604.1,40892947,2687636,0.668,0.63,8247,10708,14397,0.00773533,0,0,0.0774,0.1732,0.3233,0.094,0.01216,0.61742,0.13745,-0.00774,0.30269,0.79563
3790,4605.5,40903642,2688377,0.673,0.682,7889,10695,14360,0.00773212,0,0,0.0829,0.1659,0.3551,0.0695,0.01265,0.66869,0.12556,-0.01101,0.28574,0.81447
3791,4606.8,40914360,2689122,0.655,0.682,8016,10718,14412,0.00772891,0,0,0.0798,0.149,0.372,0.054,0.01315,0.66838,0.12057,-0.00774,0.2695,0.833
3792,4608.2,40925055,2689862,0.719,0.672,7686,10695,14395,0.00772569,0,0,0.0857,0.1683,0.38,0.0851,0.0129,0.65863,0.13516,-0.00944,0.30167,0.8076
3793,4609.5,40935748,2690607,0.669,0.631,8225,10693,14376,0.00772248,0,0,0.0846,0.1832,0.3448,0.0562,0.01261,0.61778,0.11719,-0.00906,0.26512,0.81688
3794,4610.8,40946503,2691351,0.682,0.631,8189,10755,14429,0.00771928,0,0,0.083,0.172,0.3352,0.092,0.01213,0.61812,0.11424,-0.01066,0.2622,0.80166
3795,4612.1,40957176,2692074,0.613,0.636,8544,10673,14330,0.00771605,0,0,0.0736,0.1604,0.3316,0.0473,0.012,0.62349,0.11409,-0.01081,0.26239,0.81581
3796,4613.4,40967866,2692802,0.74,0.622,7847,10690,14373,0.00771285,0,0,0.0803,0.1681,0.3919,0.0998,0.0119,0.6096,0.12075,-0.01006,0.27442,0.83003
3797,4614.7,40978592,2693518,0.672,0.621,8295,10726,14394,0.00770964,0,0,0.0817,0.1791,0.3397,0.0714,0.01307,0.60671,0.11841,-0.00904,0.26735,0.80791
3798,4616.0,40989340,2694252,0.64,0.62,8531,10748,14453,0.00770642,0,0,0.0754,0.161,0.3138,0.0897,0.01181,0.60732,0.13374,-0.00652,0.29321,0.82373
3799,4617.3,41000008,2694981,0.705,0.616,8077,10668,14360,0.0077032,0,0,0.0844,0.1803,0.3583,0.0822,0.01155,0.60319,0.12896,-0.00906,0.2885,0.80892
3800,4618.5,41010737,2695703,0.576,0.616,8995,10729,14408,0.0077,0,0,0.068,0.1348,0.295,0.0785,0.0114,0.60407,0.1226,-0.00889,0.27549,0.81209
3801,4620.1,41021475,2696430,0.565,0.621,9049,10738,14400,0.00769678,0,0,0.0713,0.1527,0.2929,0.0483,0.01408,0.6069,0.12285,-0.01069,0.27929,0.7923
3802,4621.4,41032194,2697148,0.593,0.623,8817,10719,14380,0.00769356,0,0,0.0728,0.1463,0.298,0.0756,0.01182,0.61042,0.13993,-0.01014,0.31211,0.77811
3803,4622.6,41042917,2697860,0.538,0.62,9259,10723,14367,0.00769034,0,0,0.0679,0.1416,0.2896,0.0391,0.01149,0.60773,0.13569,-0.00914,0.30172,0.78351
3804,4623.9,41053664,2698577,0.657,0.622,8402,10747,14394,0.00768712,0,0,0.0755,0.1691,0.3376,0.0745,0.01309,0.60821,0.13308,-0.00888,0.29617,0.7959
3805,4625.2,41064345,2699303,0.658,0.62,8359,10681,14344,0.0076839,0,0,0.0874,0.1714,0.3494,0.0499,0.01143,0.60743,0.13191,-0.00794,0.29212,0.80819
3806,4626.5,41075082,2700017,0.717,0.617,8046,10737,14392,0.0076807,0,0,0.0964,0.1765,0.342,0.102,0.01109,0.60561,0.13421,-0.00938,0.29905,0.77319
3807,4627.7,41085797,2700709,0.629,0.618,8599,10715,14375,0.00767748,0,0,0.0836,0.1758,0.3155,0.0536,0.01219,0.60457,0.13223,-0.0108,0.2984,0.80303
3808,4628.9,41096540,2701425,0.59,0.616,8906,10743,14402,0.00767426,0,0,0.0735,0.1506,0.3047,0.0617,0.0113,0.6036,0.1242,-0.01054,0.28182,0.8037
3809,4630.2,41107259,2702139,0.606,0.619,8744,10719,14378,0.00767104,0,0,0.0813,0.1595,0.3185,0.0471,0.0127,0.60603,0.13938,-0.00911,0.30913,0.79134
3810,4631.4,41117956,2702838,0.603,0.62,8748,10697,14354,0.00766782,0,0,0.0813,0.1528,0.3111,0.0577,0.01125,0.60782,0.11732,-0.01126,0.26951,0.80592
3811,4632.6,41128664,2703549,0.63,0.623,8548,10708,14388,0.00766461,0,0,0.0851,0.1614,0.3287,0.0543,0.01159,0.61083,0.1293,-0.00661,0.284,0.79401
3812,4634.0,41139414,2704247,0.761,0.622,7769,10750,14422,0.0076614,0,0,0.0907,0.201,0.3699,0.0997,0.0118,0.60951,0.12552,-0.01008,0.28358,0.80769
3813,4635.3,41150172,2704939,0.651,0.617,8484,10758,14415,0.00765818,0,0,0.0816,0.1792,0.3371,0.0528,0.01125,0.60518,0.12718,-0.01033,0.28736,0.80605
3814,4636.6,41160926,2705632,0.707,0.636,8004,10754,14405,0.00765495,0,0,0.0845,0.1708,0.3501,0.1019,0.01092,0.62427,0.12885,-0.0082,0.28679,0.82981
3815,4638.1,41171647,2706332,0.785,0.656,7442,10721,14411,0.00765172,0,0,0.0929,0.1916,0.4388,0.0613,0.01209,0.64291,0.12787,-0.00926,0.28703,0.83503
3816,4639.5,41182386,2707019,0.77,0.656,7535,10739,14403,0.00764851,0,0,0.0906,0.1902,0.3948,0.0941,0.01199,0.64259,0.13381,-0.00867,0.29763,0.82826
3817,4641.0,41193168,2707714,0.809,0.659,7346,10782,14445,0.00764528,0,0,0.0942,0.1983,0.4565,0.0595,0.0122,0.64619,0.11812,-0.00886,0.26648,0.81951
3818,4642.4,41203923,2708409,0.762,0.654,7597,10755,14427,0.00764205,0,0,0.0855,0.1815,0.3725,0.1221,0.01144,0.64159,0.12897,-0.00928,0.28871,0.7986
3819,4643.8,41214705,2709107,0.814,0.635,7443,10782,14442,0.00763882,0,0,0.0888,0.2248,0.431,0.0692,0.01269,0.62105,0.12159,-0.01054,0.27663,0.80861
3820,4645.2,41225464,2709802,0.728,0.632,7910,10759,14437,0.00763559,0,0,0.0863,0.1737,0.3587,0.1095,0.01152,0.61692,0.12081,-0.01003,0.27399,0.80583
3821,4646.5,41236218,2710485,0.679,0.629,8219,10754,14411,0.00763236,0,0,0.0845,0.1721,0.3708,0.0517,0.01166,0.61654,0.12471,-0.00945,0.28052,0.79949
3822,4647.9,41246976,2711206,0.777,0.634,7625,10758,14446,0.00762913,0,0,0.0911,0.198,0.3873,0.1009,0.01272,0.62018,0.12213,-0.00851,0.27377,0.81816
3823,4649.2,41257656,2711914,0.659,0.637,8244,10680,14357,0.00762591,0,0,0.0812,0.1673,0.3612,0.0492,0.01211,0.62331,0.12625,-0.00718,0.27911,0.80359
3824,4650.6,41268394,2712612,0.726,0.636,7885,10738,14406,0.0076227,0,0,0.084,0.1812,0.3668,0.0943,0.01183,0.62257,0.12617,-0.00742,0.27934,0.79837
3825,4651.9,41279157,2713319,0.668,0.634,8267,10763,14439,0.00761948,0,0,0.0746,0.1612,0.3251,0.1076,0.01194,0.62078,0.12057,-0.00742,0.26763,0.76451
3826,4653.2,41289939,2714027,0.701,0.619,8167,10782,14453,0.00761625,0,0,0.0783,0.1557,0.3306,0.1362,0.01159,0.60697,0.13119,-0.0074,0.28894,0.77288
3827,4654.4,41300720,2714733,0.601,0.618,8838,10781,14457,0.00761302,0,0,0.0775,0.1571,0.3236,0.0433,0.0116,0.60592,0.1143,-0.00971,0.26017,0.79714
3828,4655.6,41311497,2715434,0.578,0.619,9006,10777,14450,0.00760978,0,0,0.0696,0.1388,0.29,0.0794,0.01052,0.60766,0.11981,-0.00747,0.2666,0.79123
3829,4656.8,41322257,2716138,0.526,0.617,9413,10760,14445,0.00760655,0,0,0.0671,0.1248,0.2982,0.0355,0.01096,0.6057,0.12891,-0.00565,0.28146,0.81211
3830,4658.0,41333021,2716846,0.633,0.62,8595,10764,14443,0.00760332,0,0,0.0731,0.151,0.3165,0.092,0.01212,0.60681,0.11144,-0.01046,0.25608,0.80814
3831,4659.2,41343834,2717555,0.55,0.62,9244,10813,14517,0.00760009,0,0,0.0717,0.1483,0.2821,0.0474,0.01241,0.6068,0.1122,-0.00843,0.25406,0.84189
3832,4660.4,41354597,2718243,0.618,0.624,8669,10763,14438,0.00759685,0,0,0.079,0.1569,0.3071,0.075,0.01197,0.61072,0.1213,-0.01043,0.276,0.82621
3833,4661.7,41365435,2718951,0.631,0.626,8626,10838,14516,0.00759362,0,0,0.0801,0.1542,0.3357,0.0608,0.0115,0.61343,0.1173,-0.00871,0.2647,0.83507
3834,4663.0,41376223,2719642,0.714,0.618,8100,10788,14488,0.00759037,0,0,0.083,0.1869,0.353,0.0911,0.01195,0.60486,0.11484,-0.00878,0.26004,0.84381
3835,4664.3,41387008,2720342,0.617,0.618,8730,10785,14452,0.00758713,0,0,0.0763,0.1465,0.3207,0.0734,0.01118,0.60664,0.10981,-0.00936,0.25108,0.84008
3836,4665.4,41397727,2721048,0.567,0.616,9058,10719,14385,0.0075839,0,0,0.0678,0.1467,0.2726,0.0804,0.01195,0.6033,0.11456,-0.00884,0.25995,0.86644
3837,4666.6,41408484,2721753,0.543,0.618,9270,10757,14462,0.00758068,0,0,0.0697,0.1464,0.2817,0.0449,0.01199,0.60484,0.12108,-0.00862,0.27251,0.86422
3838,4667.8,41419241,2722449,0.607,0.624,8743,10757,14442,0.00757745,0,0,0.0738,0.1407,0.3021,0.0901,0.01141,0.61142,0.11408,-0.01101,0.26329,0.86478
3839,4669.0,41429994,2723161,0.531,0.65,9112,10753,14436,0.00757423,0,0,0.0665,0.1373,0.2884,0.0383,0.01147,0.63703,0.10984,-0.00992,0.25237,0.84715
3840,4670.3,41440737,2723879,0.657,0.649,8224,10743,14426,0.007571,0,0,0.0757,0.1497,0.3503,0.0813,0.01206,0.63643,0.11983,-0.00854,0.26966,0.85394
3841,4671.6,41451497,2724573,0.677,0.649,8113,10760,14460,0.00756778,0,0,0.079,0.1529,0.3554,0.0898,0.01149,0.63688,0.11644,-0.00982,0.26547,0.85427
3842,4672.9,41462208,2725275,0.654,0.648,8230,10711,14403,0.00756455,0,0,0.0778,0.1475,0.3408,0.0874,0.01239,0.63493,0.11782,-0.00885,0.26621,0.85143
3843,4674.2,41472915,2725975,0.636,0.645,8364,10707,14403,0.00756134,0,0,0.0742,0.1512,0.3476,0.0626,0.01233,0.63138,0.11019,-0.01151,0.25622,0.84788
3844,4675.5,41483650,2726667,0.627,0.644,8445,10735,14403,0.00755813,0,0,0.0745,0.1405,0.3376,0.0747,0.01257,0.63061,0.12217,-0.00936,0.27541,0.81749
3845,4676.7,41494371,2727370,0.574,0.635,8865,10721,14413,0.00755491,0,0,0.0723,0.1379,0.3231,0.041,0.01162,0.62232,0.1173,-0.01086,0.26874,0.8212
3846,4678.0,41505070,2728063,0.623,0.632,8522,10699,14383,0.00755169,0,0,0.0736,0.1546,0.3227,0.0722,0.01108,0.62047,0.12729,-0.00994,0.2867,0.81142
3847,4679.2,41515822,2728757,0.597,0.634,8734,10752,14414,0.00754848,0,0,0.0742,0.1437,0.3246,0.0545,0.01189,0.62074,0.13139,-0.01061,0.29618,0.80659
3848,4680.4,41526554,2729456,0.587,0.634,8790,10732,14440,0.00754525,0,0,0.0691,0.143,0.3,0.0753,0.01132,0.62131,0.12801,-0.00901,0.28614,0.80217
3849,4681.6,41537302,2730156,0.568,0.628,8984,10748,14453,0.00754203,0,0,0.0707,0.151,0.3048,0.0413,0.01168,0.61613,0.13265,-0.00787,0.29328,0.81123
3850,4682.8,41548080,2730843,0.582,0.629,8901,10778,14450,0.00753881,0,0,0.0699,0.1411,0.3009,0.0699,0.01194,0.61649,0.12071,-0.00679,0.26689,0.78799
3851,4684.0,41558870,2731529,0.549,0.629,9159,10790,14470,0.00753558,0,0,0.0701,0.1366,0.3038,0.0388,0.01161,0.61596,0.12414,-0.00658,0.27348,0.7986
3852,4685.2,41569705,2732237,0.555,0.627,9160,10835,14512,0.00753234,0,0,0.0644,0.1263,0.3072,0.0576,0.01115,0.61571,0.11637,-0.00983,0.26446,0.80128
3853,4686.5,41580474,2732922,0.56,0.63,9055,10769,14453,0.00752909,0,0,0.0744,0.1402,0.3075,0.0375,0.01162,0.61738,0.13597,-0.00819,0.29986,0.76548
3854,4687.7,41591309,2733600,0.544,0.638,9164,10835,14502,0.00752586,0,0,0.0644,0.1275,0.2902,0.062,0.01173,0.62577,0.12493,-0.0076,0.27679,0.77944
3855,4688.8,41602155,2734294,0.564,0.633,9060,10846,14541,0.00752261,0,0,0.0787,0.1365,0.3106,0.0385,0.0108,0.62116,0.12194,-0.00877,0.27308,0.77478
3856,4690.1,41612945,2734994,0.583,0.64,8828,10790,14475,0.00751935,0,0,0.0693,0.1415,0.3196,0.0522,0.01272,0.62617,0.12229,-0.0087,0.2737,0.77961
3857,4691.3,41623722,2735643,0.583,0.635,8848,10777,14466,0.00751612,0,0,0.0766,0.1444,0.3205,0.042,0.01266,0.621,0.12665,-0.00962,0.28408,0.7673
3858,4692.5,41634522,2736318,0.609,0.631,8707,10800,14468,0.00751288,0,0,0.0715,0.1404,0.326,0.0711,0.0115,0.61904,0.13356,-0.01097,0.3009,0.7879
3859,4693.8,41645356,2736992,0.607,0.636,8718,10834,14526,0.00750964,0,0,0.0786,0.1488,0.3349,0.0447,0.0119,0.62261,0.13673,-0.00847,0.30203,0.77476
3860,4695.0,41656142,2737673,0.64,0.63,8490,10786,14462,0.00750639,0,0,0.077,0.1529,0.3359,0.0747,0.01119,0.61779,0.13102,-0.01079,0.29492,0.7524
3861,4696.4,41666907,2738355,0.706,0.644,7972,10765,14439,0.00750316,0,0,0.0894,0.1852,0.365,0.0666,0.01828,0.62488,0.1462,-0.00971,0.32333,0.76696
3862,4697.7,41677701,2739018,0.675,0.635,8239,10794,14465,0.00749993,0,0,0.0837,0.17,0.3439,0.0776,0.01141,0.62251,0.13264,-0.00947,0.29558,0.75825
3863,4699.1,41688484,2739692,0.712,0.634,8010,10783,14451,0.00749669,0,0,0.088,0.2066,0.3704,0.0469,0.01196,0.62111,0.12618,-0.01051,0.28474,0.75802
3864,4700.4,41699319,2740394,0.694,0.629,8190,10835,14542,0.00749345,0,0,0.0807,0.1715,0.3559,0.0856,0.01228,0.61624,0.12976,-0.01003,0.29115,0.7719
3865,4701.7,41710153,2741087,0.727,0.634,7960,10834,14507,0.0074902,0,0,0.0892,0.1865,0.3684,0.0832,0.01443,0.61836,0.12292,-0.00804,0.27342,0.76803
3866,4703.0,41720938,2741761,0.678,0.63,8241,10785,14450,0.00748695,0,0,0.08,0.1695,0.3468,0.0819,0.01191,0.61768,0.1398,-0.00694,0.3048,0.75625
3867,4704.3,41731693,2742432,0.649,0.634,8385,10755,14419,0.00748372,0,0,0.0814,0.1557,0.3322,0.0798,0.01295,0.61993,0.13214,-0.00954,0.29424,0.72716
3868,4705.6,41742492,2743105,0.671,0.637,8255,10799,14443,0.00748049,0,0,0.0815,0.1693,0.3397,0.0807,0.01291,0.6228,0.13823,-0.00901,0.30546,0.73396
3869,4706.9,41753313,2743792,0.599,0.635,8765,10821,14507,0.00747725,0,0,0.0773,0.1454,0.3318,0.0448,0.01189,0.6225,0.12913,-0.00882,0.28738,0.76825
3870,4708.2,41764105,2744466,0.666,0.64,8265,10792,14469,0.00747401,0,0,0.0764,0.1615,0.3502,0.0781,0.01221,0.62641,0.11815,-0.01084,0.26941,0.76494
3871,4709.4,41774887,2745135,0.615,0.628,8676,10782,14454,0.00747077,0,0,0.0728,0.1461,0.3561,0.0401,0.01324,0.61345,0.12475,-0.0089,0.27877,0.76891
3872,4710.7,41785675,2745809,0.634,0.626,8564,10788,14436,0.00746753,0,0,0.0764,0.1508,0.3304,0.0762,0.01212,0.61289,0.141,-0.01171,0.31672,0.75664
3873,4711.9,41796476,2746484,0.574,0.623,9019,10801,14467,0.0074643,0,0,0.0715,0.1419,0.3177,0.043,0.01128,0.61129,0.13012,-0.01092,0.29312,0.7404
3874,4713.2,41807269,2747170,0.658,0.623,8425,10793,14475,0.00746106,0,0,0.0781,0.1618,0.3346,0.0833,0.01207,0.61028,0.12295,-0.00897,0.27479,0.73337
3875,4714.3,41818052,2747846,0.558,0.626,9110,10783,14458,0.00745782,0,0,0.0725,0.141,0.3037,0.0409,0.01216,0.61253,0.1283,-0.00932,0.28614,0.73152
3876,4715.6,41828835,2748529,0.636,0.625,8547,10783,14457,0.00745458,0,0,0.0754,0.1468,0.3354,0.0787,0.01137,0.61291,0.12424,-0.00725,0.27398,0.73703
3877,4716.8,41839619,2749218,0.594,0.621,8871,10784,14462,0.00745135,0,0,0.0785,0.1519,0.3077,0.0563,0.01188,0.60831,0.12019,-0.00971,0.27099,0.75015
3878,4718.1,41850387,2749909,0.64,0.622,8532,10768,14445,0.00744811,0,0,0.0764,0.1594,0.3278,0.0766,0.01265,0.60846,0.12079,-0.013,0.27855,0.73663
3879,4719.3,41861184,2750594,0.586,0.617,8975,10797,14475,0.00744488,0,0,0.0746,0.1567,0.3123,0.0424,0.01211,0.60384,0.12058,-0.00986,0.27173,0.72906
3880,4720.5,41871953,2751276,0.627,0.616,8663,10769,14468,0.00744164,0,0,0.0764,0.1558,0.3216,0.0733,0.01198,0.60341,0.1238,-0.00929,0.27699,0.72537
3881,4721.7,41882726,2751956,0.575,0.617,9044,10773,14447,0.00743841,0,0,0.0738,0.1523,0.3075,0.041,0.01162,0.60409,0.12588,-0.00676,0.27615,0.73118
3882,4722.9,41893499,2752639,0.552,0.618,9205,10773,14452,0.00743518,0,0,0.068,0.1448,0.2674,0.0721,0.0115,0.60578,0.12777,-0.00874,0.28424,0.75527
3883,4724.1,41904270,2753322,0.547,0.618,9241,10771,14454,0.00743195,0,0,0.0721,0.1437,0.2912,0.0401,0.0113,0.60603,0.11982,-0.01076,0.27263,0.77282
3884,4725.3,41915054,2754006,0.571,0.633,8955,10784,14467,0.00742872,0,0,0.0667,0.1423,0.2795,0.0823,0.01202,0.62062,0.12686,-0.01095,0.28687,0.75678
3885,4726.5,41925804,2754703,0.6,0.632,8724,10750,14420,0.00742548,0,0,0.0801,0.1621,0.315,0.0426,0.01129,0.62017,0.11769,-0.00895,0.26481,0.776
3886,4727.8,41936558,2755395,0.667,0.627,8316,10754,14448,0.00742226,0,0,0.0786,0.158,0.3462,0.0839,0.01191,0.61375,0.11882,-0.01153,0.27199,0.76187
3887,4729.0,41947364,2756078,0.568,0.624,9063,10806,14485,0.00741903,0,0,0.0708,0.1383,0.319,0.0398,0.01073,0.6128,0.11859,-0.01114,0.27079,0.76296
3888,4730.2,41958172,2756771,0.6,0.628,8797,10808,14497,0.00741579,0,0,0.0749,0.1438,0.3116,0.0701,0.01139,0.61602,0.11858,-0.00923,0.26687,0.75787
3889,4731.4,41968946,2757461,0.569,0.627,9011,10774,14431,0.00741255,0,0,0.0717,0.1413,0.3123,0.0432,0.01169,0.6145,0.12662,-0.00755,0.27956,0.75689
3890,4732.7,41979736,2758139,0.635,0.635,8493,10790,14463,0.00740932,0,0,0.0769,0.1512,0.3215,0.0855,0.0124,0.62216,0.13117,-0.00817,0.28977,0.74832
3891,4733.9,41990585,2758830,0.602,0.64,8730,10849,14536,0.00740608,0,0,0.0744,0.1341,0.3299,0.064,0.01157,0.62758,0.13137,-0.00834,0.29067,0.75947
3892,4735.2,42001353,2759508,0.601,0.638,8689,10768,14443,0.00740282,0,0,0.0706,0.1392,0.323,0.0682,0.01187,0.62554,0.12145,-0.00791,0.26975,0.74497
3893,4736.4,42012128,2760186,0.556,0.638,9021,10775,14477,0.00739959,0,0,0.069,0.1314,0.3121,0.0437,0.01201,0.6256,0.12874,-0.00751,0.28339,0.73613
3894,4737.6,42022902,2760877,0.564,0.633,9003,10774,14433,0.00739636,0,0,0.0646,0.1214,0.3103,0.0675,0.01155,0.62046,0.1353,-0.00781,0.29698,0.72618
3895,4738.8,42033681,2761556,0.572,0.634,8933,10779,14469,0.00739313,0,0,0.0732,0.1371,0.3214,0.0408,0.01144,0.62155,0.11499,-0.00908,0.25915,0.74495
3896,4740.0,42044423,2762231,0.642,0.635,8414,10742,14424,0.0073899,0,0,0.0759,0.149,0.3362,0.0806,0.01198,0.62235,0.11745,-0.01015,0.26609,0.73821
3897,4741.3,42055149,2762906,0.619,0.619,8663,10726,14386,0.00738667,0,0,0.0795,0.1566,0.3353,0.0479,0.01193,0.60626,0.12419,-0.00939,0.27802,0.73475
3898,4742.6,42065931,2763611,0.662,0.621,8407,10782,14448,0.00738346,0,0,0.0838,0.1544,0.3389,0.0845,0.01234,0.60753,0.13445,-0.00669,0.29318,0.73865
3899,4743.8,42076739,2764289,0.568,0.624,9067,10808,14482,0.00738022,0,0,0.0741,0.1479,0.304,0.0424,0.01152,0.61097,0.12855,-0.01012,0.28839,0.74836
3900,4745.0,42087551,2764975,0.656,0.618,8483,10812,14485,0.00737698,0,0,0.0757,0.1592,0.3338,0.0876,0.01211,0.60516,0.13023,-0.00862,0.28857,0.73762
3901,4746.2,42098362,2765648,0.569,0.613,9148,10811,14491,0.00737373,0,0,0.0764,0.1369,0.2958,0.0603,0.01055,0.60124,0.13918,-0.00725,0.30368,0.73332
3902,4747.5,42109174,2766334,0.582,0.61,9067,10812,14494,0.00737049,0,0,0.0725,0.153,0.2914,0.0653,0.01198,0.59716,0.13611,-0.00792,0.29874,0.72412
3903,4748.7,42119982,2767020,0.628,0.611,8725,10808,14487,0.00736725,0,0,0.078,0.1583,0.3313,0.0601,0.01226,0.5975,0.14097,-0.00563,0.30399,0.73304
3904,4750.0,42130852,2767714,0.606,0.62,8865,10870,14565,0.00736401,0,0,0.074,0.147,0.3079,0.0774,0.01115,0.60776,0.13473,-0.00789,0.29598,0.72937
3905,4751.2,42141653,2768390,0.598,0.62,8869,10801,14480,0.00736074,0,0,0.0783,0.1516,0.326,0.0422,0.01226,0.60679,0.1475,-0.00668,0.3188,0.70906
3906,4752.4,42152489,2769078,0.641,0.618,8608,10836,14521,0.0073575,0,0,0.0717,0.148,0.3382,0.083,0.0114,0.6059,0.13897,-0.00677,0.30229,0.73391
3907,4753.7,42163316,2769756,0.611,0.626,8752,10827,14511,0.00735425,0,0,0.075,0.1421,0.3273,0.0668,0.01252,0.61151,0.13364,-0.00897,0.29568,0.71084
3908,4755.0,42174144,2770434,0.69,0.624,8240,10828,14507,0.00735101,0,0,0.0776,0.1617,0.3539,0.097,0.01253,0.61029,0.13131,-0.00676,0.28659,0.71119
3909,4756.2,42184927,2771108,0.624,0.617,8694,10783,14455,0.00734776,0,0,0.0787,0.1655,0.3323,0.0471,0.01224,0.60365,0.1365,-0.00637,0.29654,0.7351
3910,4757.5,42195717,2771788,0.633,0.615,8643,10790,14450,0.00734452,0,0,0.0771,0.16,0.3165,0.0794,0.01155,0.6031,0.13111,-0.00786,0.28843,0.71484
3911,4758.7,42206500,2772483,0.583,0.615,9001,10783,14465,0.00734128,0,0,0.0773,0.1543,0.31,0.0411,0.0111,0.60321,0.13464,-0.00791,0.29572,0.72313
3912,4759.9,42217307,2773168,0.636,0.621,8598,10807,14476,0.00733805,0,0,0.0744,0.1562,0.3231,0.0823,0.0116,0.60858,0.13396,-0.00771,0.29374,0.70873
3913,4761.2,42228111,2773836,0.595,0.619,8898,10804,14497,0.00733481,0,0,0.0784,0.1511,0.3217,0.0442,0.01135,0.60669,0.12954,-0.00535,0.28044,0.72659
3914,4762.5,42238944,2774526,0.674,0.619,8379,10833,14530,0.00733157,0,0,0.0781,0.1572,0.3292,0.1092,0.01159,0.60677,0.11601,-0.0059,0.25445,0.7238
3915,4763.8,42249741,2775204,0.677,0.623,8310,10797,14489,0.00732832,0,0,0.0739,0.1518,0.2996,0.1512,0.01283,0.609,0.11326,-0.00759,0.25226,0.7209
3916,4765.0,42260545,2775893,0.587,0.639,8817,10804,14470,0.00732508,0,0,0.0735,0.1508,0.3027,0.0596,0.0116,0.62627,0.12746,-0.00777,0.28102,0.72055
3917,4766.2,42271387,2776589,0.599,0.643,8729,10842,14502,0.00732184,0,0,0.0728,0.1434,0.3397,0.0432,0.01183,0.63003,0.12295,-0.0085,0.27342,0.71789
3918,4767.5,42282210,2777279,0.66,0.643,8306,10823,14526,0.00731858,0,0,0.0776,0.1488,0.3532,0.0806,0.01204,0.6299,0.12802,-0.00964,0.28592,0.72474
3919,4768.8,42293073,2777975,0.621,0.649,8556,10863,14530,0.00731534,0,0,0.0752,0.1544,0.3436,0.0478,0.01177,0.63514,0.11359,-0.00584,0.24939,0.7196
3920,4770.1,42303924,2778661,0.666,0.649,8254,10851,14520,0.00731208,0,0,0.0767,0.1528,0.3531,0.0836,0.01159,0.63615,0.12815,-0.00898,0.28477,0.71913
3921,4771.4,42314723,2779343,0.65,0.647,8326,10799,14468,0.00730882,0,0,0.079,0.1589,0.366,0.0461,0.01169,0.6344,0.13636,-0.00791,0.29878,0.69964
3922,4772.7,42325533,2780058,0.669,0.637,8276,10810,14483,0.00730558,0,0,0.0726,0.1484,0.3643,0.0841,0.01273,0.62297,0.13465,-0.00914,0.29781,0.69983
3923,4773.9,42336339,2780744,0.609,0.617,8812,10806,14455,0.00730234,0,0,0.0787,0.1477,0.3306,0.0518,0.01231,0.6043,0.12552,-0.00901,0.27913,0.68889
3924,4775.2,42347135,2781438,0.621,0.619,8709,10796,14466,0.0072991,0,0,0.0768,0.1559,0.3219,0.0664,0.01266,0.60519,0.1353,-0.00925,0.29937,0.7035
3925,4776.3,42357977,2782121,0.547,0.617,9320,10842,14498,0.00729586,0,0,0.0719,0.1407,0.2987,0.0354,0.01189,0.60319,0.12919,-0.00899,0.28644,0.69124
3926,4777.5,42368796,2782816,0.567,0.616,9146,10819,14491,0.00729261,0,0,0.0696,0.1357,0.2908,0.0706,0.01153,0.60377,0.12405,-0.00783,0.27401,0.70258
3927,4778.7,42379615,2783500,0.545,0.621,9282,10819,14496,0.00728936,0,0,0.0704,0.1402,0.2978,0.0366,0.01152,0.6075,0.12682,-0.01022,0.28423,0.69566
3928,4779.9,42390437,2784204,0.607,0.62,8820,10822,14474,0.00728612,0,0,0.0702,0.1436,0.3095,0.0837,0.01155,0.60772,0.13213,-0.00789,0.28996,0.68058
3929,4781.1,42401267,2784902,0.554,0.621,9223,10830,14512,0.00728287,0,0,0.071,0.1364,0.2966,0.0497,0.01171,0.6079,0.13954,-0.00809,0.30512,0.67637
3930,4782.3,42412106,2785596,0.572,0.619,9101,10839,14505,0.00727962,0,0,0.0675,0.1452,0.2967,0.063,0.0104,0.60738,0.13375,-0.00885,0.29512,0.68156
3931,4783.4,42422970,2786286,0.544,0.616,9370,10864,14539,0.00727637,0,0,0.0649,0.1292,0.2923,0.0575,0.01128,0.60355,0.13322,-0.00833,0.29317,0.6909
3932,4784.6,42433847,2786982,0.574,0.617,9136,10877,14568,0.00727311,0,0,0.0736,0.1498,0.2926,0.0578,0.01191,0.60365,0.12939,-0.0081,0.28509,0.69463
3933,4785.8,42444712,2787680,0.557,0.614,9277,10865,14545,0.00726985,0,0,0.071,0.1404,0.2911,0.0546,0.01114,0.60201,0.12095,-0.00858,0.26947,0.7147
3934,4787.0,42455573,2788361,0.579,0.615,9097,10861,14520,0.00726659,0,0,0.0731,0.1449,0.2969,0.0639,0.01167,0.60254,0.13794,-0.00863,0.30319,0.69158
3935,4788.2,42466438,2789059,0.608,0.623,8829,10865,14553,0.00726333,0,0,0.0767,0.1578,0.3181,0.0551,0.01176,0.61047,0.13113,-0.00805,0.28869,0.71033
3936,4789.4,42477286,2789754,0.584,0.624,8981,10848,14528,0.00726007,0,0,0.0731,0.15,0.3037,0.0572,0.0118,0.6112,0.12685,-0.00703,0.27812,0.71299
3937,4790.8,42488102,2790443,0.709,0.624,8113,10816,14507,0.00725681,0,0,0.0788,0.1741,0.392,0.0641,0.0128,0.6104,0.11039,-0.00867,0.24866,0.72618
3938,4792.1,42498912,2791152,0.74,0.616,7970,10810,14532,0.00725357,0,0,0.0811,0.174,0.3564,0.1284,0.0121,0.60355,0.11835,-0.00273,0.25291,0.74093
3939,4793.4,42509752,2791847,0.695,0.615,8276,10840,14488,0.00725033,0,0,0.0791,0.1608,0.344,0.1108,0.01271,0.60146,0.11704,-0.00619,0.25685,0.71723
3940,4794.6,42520629,2792539,0.586,0.613,9070,10877,14539,0.00724707,0,0,0.0703,0.1425,0.2966,0.0768,0.01076,0.60164,0.12166,-0.00448,0.26241,0.69958
3941,4795.9,42531471,2793234,0.591,0.618,8967,10842,14516,0.00724381,0,0,0.0752,0.1429,0.3181,0.0546,0.0114,0.60623,0.12023,-0.00732,0.2655,0.71748
3942,4797.1,42542303,2793925,0.594,0.635,8813,10832,14519,0.00724056,0,0,0.0702,0.1422,0.2981,0.0839,0.01048,0.62366,0.12961,-0.00835,0.28612,0.70557
3943,4798.2,42553186,2794627,0.526,0.635,9372,10883,14589,0.00723731,0,0,0.0619,0.1108,0.309,0.044,0.01159,0.62298,0.11764,-0.00801,0.26172,0.71982
3944,4799.4,42564059,2795322,0.523,0.636,9384,10873,14545,0.00723404,0,0,0.0623,0.1077,0.3018,0.051,0.01219,0.62302,0.12501,-0.00795,0.2763,0.71677
3945,4800.6,42574894,2796000,0.513,0.635,9441,10835,14520,0.00723078,0,0,0.0592,0.1086,0.3071,0.0382,0.01156,0.62238,0.11828,-0.00781,0.26248,0.71252
3946,4801.7,42585789,2796686,0.476,0.631,9839,10895,14552,0.00722753,0,0,0.0564,0.0981,0.2832,0.0387,0.01119,0.61925,0.12207,-0.00581,0.26608,0.71303
3947,4802.8,42596629,2797365,0.479,0.628,9784,10840,14523,0.00722426,0,0,0.0563,0.1005,0.2788,0.0439,0.01065,0.61714,0.11616,-0.00731,0.2574,0.72409
3948,4803.9,42607465,2798050,0.479,0.632,9758,10836,14539,0.00722101,0,0,0.0556,0.0991,0.2702,0.0538,0.01222,0.61865,0.12156,-0.00668,0.26685,0.71814
3949,4805.0,42618306,2798742,0.52,0.626,9459,10841,14492,0.00721776,0,0,0.0613,0.1109,0.3046,0.0437,0.01098,0.61403,0.11878,-0.00575,0.2593,0.70908
3950,4806.2,42629149,2799433,0.504,0.63,9558,10843,14517,0.00721451,0,0,0.0591,0.1069,0.2852,0.0533,0.01145,0.61761,0.12183,-0.00744,0.26904,0.72822
3951,4807.4,42640006,2800116,0.568,0.637,9012,10857,14542,0.00721126,0,0,0.069,0.1334,0.3109,0.0549,0.01268,0.62297,0.11577,-0.01064,0.26355,0.74312
3952,4808.9,42650834,2800803,0.625,0.632,8613,10828,14504,0.007208,0,0,0.0708,0.1407,0.3277,0.0856,0.01216,0.61855,0.11859,-0.00703,0.26193,0.74109
3953,4810.1,42661690,2801472,0.533,0.633,9309,10856,14530,0.00720475,0,0,0.0629,0.1223,0.3108,0.0369,0.01168,0.62074,0.11098,-0.00554,0.24383,0.74855
3954,4811.3,42672540,2802136,0.582,0.627,8975,10850,14502,0.00720149,0,0,0.0743,0.1353,0.3054,0.0668,0.01152,0.61481,0.12716,-0.00864,0.28215,0.73181
3955,4812.5,42683356,2802825,0.544,0.629,9225,10816,14498,0.00719824,0,0,0.0643,0.1177,0.3157,0.046,0.0119,0.61618,0.1162,-0.00858,0.26001,0.72586
3956,4813.7,42694182,2803494,0.543,0.624,9278,10826,14497,0.00719499,0,0,0.0609,0.11,0.309,0.0631,0.01093,0.61192,0.10948,-0.00949,0.24863,0.7428
3957,4814.8,42705012,2804195,0.519,0.627,9452,10830,14487,0.00719175,0,0,0.0605,0.1106,0.3149,0.033,0.01203,0.61401,0.114,-0.00682,0.25229,0.74169
3958,4816.0,42715844,2804857,0.536,0.631,9283,10832,14508,0.0071885,0,0,0.0614,0.1115,0.3032,0.06,0.01126,0.61884,0.11165,-0.00841,0.25049,0.72203
3959,4817.2,42726715,2805514,0.554,0.631,9180,10871,14542,0.00718525,0,0,0.068,0.1452,0.3072,0.0332,0.01132,0.61863,0.12588,-0.00753,0.27757,0.74706
3960,4818.3,42737593,2806187,0.548,0.63,9234,10878,14550,0.00718199,0,0,0.0601,0.1127,0.3105,0.0645,0.0115,0.61785,0.1131,-0.00913,0.25549,0.76708
3961,4819.5,42748436,2806851,0.505,0.63,9558,10843,14518,0.00717872,0,0,0.0604,0.1125,0.2967,0.0354,0.01135,0.61733,0.12652,-0.00978,0.28367,0.77006
3962,4820.6,42759314,2807505,0.545,0.626,9292,10878,14550,0.00717547,0,0,0.0625,0.1178,0.2942,0.0706,0.01167,0.61322,0.12404,-0.00832,0.27602,0.78739
3963,4821.8,42770203,2808170,0.518,0.624,9542,10889,14572,0.00717221,0,0,0.06,0.1096,0.3071,0.0409,0.01062,0.61212,0.11857,-0.00996,0.26832,0.78463
3964,4822.9,42781039,2808854,0.545,0.624,9272,10836,14523,0.00716894,0,0,0.0644,0.1214,0.3117,0.0475,0.01122,0.61181,0.11545,-0.01057,0.26331,0.78656
3965,4824.1,42791893,2809513,0.508,0.625,9576,10854,14518,0.00716569,0,0,0.0623,0.1165,0.2977,0.0317,0.01107,0.61319,0.12971,-0.00696,0.28466,0.79053
3966,4825.3,42802722,2810185,0.547,0.629,9209,10829,14513,0.00716243,0,0,0.0691,0.1243,0.2852,0.068,0.01101,0.61738,0.11601,-0.00735,0.25835,0.81171
3967,4826.4,42813517,2810845,0.547,0.627,9197,10795,14484,0.00715918,0,0,0.0687,0.1321,0.3093,0.0365,0.01089,0.61563,0.11748,-0.00934,0.265,0.79416
3968,4827.6,42824403,2811511,0.543,0.629,9288,10886,14578,0.00715594,0,0,0.0638,0.1224,0.3028,0.0543,0.01178,0.61644,0.10751,-0.01078,0.24823,0.81354
3969,4828.8,42835220,2812170,0.527,0.627,9377,10817,14512,0.00715268,0,0,0.0626,0.1148,0.3128,0.0363,0.01167,0.61433,0.12844,-0.01089,0.28997,0.78953
3970,4829.9,42846040,2812815,0.543,0.625,9266,10820,14509,0.00714943,0,0,0.0634,0.128,0.2896,0.0616,0.01129,0.61326,0.11796,-0.00803,0.26357,0.80997
3971,4831.1,42856932,2813464,0.527,0.626,9448,10892,14571,0.00714619,0,0,0.0612,0.1175,0.3115,0.0368,0.01187,0.61309,0.12072,-0.01083,0.27457,0.80301
3972,4832.2,42867742,2814128,0.539,0.623,9303,10810,14484,0.00714292,0,0,0.0667,0.1245,0.2938,0.0538,0.01148,0.61085,0.12285,-0.01317,0.28386,0.82724
3973,4833.3,42878570,2814782,0.471,0.625,9872,10828,14491,0.00713968,0,0,0.0584,0.1034,0.2798,0.0297,0.0119,0.61292,0.11789,-0.0087,0.26456,0.79645
3974,4834.5,42889389,2815452,0.5,0.627,9606,10819,14475,0.00713643,0,0,0.0593,0.1034,0.2895,0.0475,0.01117,0.61485,0.11764,-0.01042,0.26766,0.80821
3975,4835.6,42900213,2816122,0.48,0.627,9773,10824,14475,0.00713318,0,0,0.0577,0.104,0.2833,0.0351,0.01185,0.61495,0.12932,-0.01126,0.29284,0.81999
3976,4836.7,42911035,2816791,0.519,0.63,9419,10822,14482,0.00712994,0,0,0.0664,0.1188,0.2848,0.0492,0.01234,0.6167,0.12114,-0.01109,0.27597,0.8071
3977,4837.9,42921874,2817452,0.527,0.627,9394,10839,14500,0.00712669,0,0,0.0606,0.1223,0.2955,0.0482,0.01168,0.61488,0.11163,-0.00881,0.25267,0.82804
3978,4839.1,42932698,2818120,0.592,0.626,8886,10824,14476,0.00712344,0,0,0.0663,0.1266,0.3192,0.0801,0.01163,0.61327,0.11629,-0.00996,0.2646,0.84958
3979,4840.2,42943497,2818790,0.507,0.627,9525,10799,14471,0.00712019,0,0,0.0636,0.1187,0.2833,0.0415,0.01193,0.61417,0.11489,-0.0095,0.26038,0.81491
3980,4841.4,42954329,2819464,0.539,0.626,9298,10832,14504,0.00711695,0,0,0.0608,0.1129,0.2896,0.076,0.01202,0.6131,0.12396,-0.00866,0.27676,0.80922
3981,4842.5,42965165,2820129,0.507,0.626,9566,10836,14487,0.0071137,0,0,0.0603,0.1128,0.2975,0.0363,0.01113,0.61382,0.12012,-0.00715,0.26618,0.81739
3982,4843.7,42975981,2820792,0.558,0.629,9114,10816,14471,0.00711045,0,0,0.0606,0.115,0.3166,0.0657,0.01197,0.61604,0.12517,-0.01159,0.28503,0.80879
3983,4844.9,42986794,2821462,0.531,0.629,9321,10813,14482,0.00710721,0,0,0.0694,0.1299,0.2901,0.0417,0.01161,0.61644,0.13802,-0.00924,0.30603,0.80897
3984,4846.0,42997615,2822128,0.545,0.628,9227,10821,14494,0.00710396,0,0,0.0694,0.1311,0.2883,0.0557,0.01132,0.61626,0.13517,-0.0088,0.29966,0.82455
3985,4847.2,43008400,2822787,0.519,0.63,9391,10785,14436,0.00710072,0,0,0.0641,0.1252,0.2955,0.0341,0.0119,0.61684,0.13239,-0.0064,0.28902,0.80502
3986,4848.4,43019231,2823440,0.587,0.627,8919,10831,14496,0.00709748,0,0,0.0692,0.1304,0.3143,0.0731,0.01172,0.61502,0.12038,-0.01027,0.27288,0.81521
3987,4849.6,43030093,2824120,0.547,0.626,9256,10862,14537,0.00709423,0,0,0.0702,0.1291,0.3109,0.0369,0.01152,0.61426,0.13875,-0.00469,0.29854,0.82191
3988,4850.8,43040901,2824779,0.548,0.625,9210,10808,14473,0.00709097,0,0,0.0669,0.123,0.3076,0.0508,0.01188,0.61249,0.12703,-0.00778,0.2811,0.80947
3989,4851.9,43051723,2825438,0.498,0.622,9659,10822,14508,0.00708773,0,0,0.0614,0.107,0.2906,0.0393,0.01026,0.6114,0.12541,-0.0096,0.28143,0.80587
3990,4853.0,43062554,2826111,0.481,0.625,9794,10831,14472,0.00708448,0,0,0.055,0.0971,0.2734,0.0557,0.01152,0.61265,0.12173,-0.00925,0.27358,0.82041
3991,4854.1,43073366,2826781,0.48,0.629,9748,10812,14500,0.00708123,0,0,0.0587,0.1009,0.2873,0.0333,0.01116,0.61685,0.13155,-0.00469,0.28386,0.80426
3992,4855.2,43084210,2827425,0.491,0.628,9690,10844,14497,0.00707799,0,0,0.0581,0.1057,0.2785,0.049,0.01127,0.6159,0.13149,-0.00879,0.29175,0.79045
3993,4856.4,43095072,2828095,0.517,0.626,9498,10862,14530,0.00707474,0,0,0.0602,0.1103,0.3086,0.0383,0.01194,0.61326,0.13928,-0.00664,0.30298,0.78747
3994,4857.5,43105935,2828744,0.511,0.623,9574,10863,14544,0.00707148,0,0,0.0609,0.1139,0.2962,0.0403,0.01049,0.61215,0.13226,-0.00937,0.29432,0.78261
3995,4858.6,43116789,2829404,0.473,0.624,9896,10854,14533,0.00706822,0,0,0.0587,0.0982,0.2811,0.0347,0.01171,0.61148,0.13856,-0.00938,0.307,0.78666
3996,4859.7,43127609,2830055,0.48,0.625,9795,10820,14496,0.00706496,0,0,0.0569,0.0998,0.2769,0.0459,0.01118,0.61305,0.12589,-0.01152,0.28588,0.78259
3997,4860.8,43138433,2830716,0.509,0.624,9549,10824,14502,0.00706172,0,0,0.0597,0.1173,0.2839,0.0483,0.01271,0.61095,0.13768,-0.01107,0.30869,0.79282
3998,4862.0,43149272,2831359,0.536,0.625,9336,10839,14531,0.00705847,0,0,0.0595,0.1095,0.3002,0.0668,0.01167,0.61251,0.13079,-0.00863,0.28997,0.78849
3999,4863.1,43160101,2832014,0.506,0.628,9551,10829,14497,0.00705522,0,0,0.0584,0.1059,0.3003,0.0414,0.01155,0.61522,0.14026,-0.00826,0.30812,0.78419
4000,4864.3,43170954,2832671,0.543,0.62,9329,10853,14552,0.00705197,0,0,0.0601,0.1151,0.2967,0.0714,0.01099,0.60858,0.13442,-0.00774,0.29551,0.79304
4001,4865.8,43181793,2833303,0.493,0.626,9688,10839,14519,0.00704871,0,0,0.0565,0.1076,0.2929,0.0357,0.01147,0.61412,0.13454,-0.01021,0.30043,0.77579
4002,4867.0,43192641,2833952,0.504,0.624,9611,10848,14535,0.00704546,0,0,0.0596,0.1074,0.2777,0.0596,0.01061,0.61314,0.13953,-0.00847,0.30733,0.80407
4003,4868.1,43203494,2834586,0.515,0.625,9514,10853,14520,0.00704221,0,0,0.0611,0.1141,0.3027,0.0374,0.01198,0.61268,0.14018,-0.00762,0.30683,0.79635
4004,4869.3,43214354,2835215,0.556,0.626,9184,10860,14542,0.00703895,0,0,0.0691,0.1257,0.303,0.0585,0.01129,0.6144,0.14582,-0.00976,0.32203,0.77222
4005,4870.4,43225208,2835840,0.505,0.625,9602,10854,14512,0.00703569,0,0,0.0618,0.1092,0.3022,0.0323,0.01142,0.61289,0.14421,-0.01017,0.31986,0.7884
4006,4871.6,43236093,2836477,0.565,0.628,9121,10885,14578,0.00703244,0,0,0.0653,0.1304,0.3006,0.0689,0.0114,0.61615,0.14367,-0.00526,0.30901,0.79364
4007,4872.8,43246971,2837091,0.535,0.63,9335,10878,14550,0.00702917,0,0,0.068,0.1299,0.3026,0.0345,0.01185,0.61773,0.13816,-0.0079,0.30333,0.79707
4008,4874.0,43257851,2837736,0.574,0.631,9025,10880,14527,0.00702591,0,0,0.0672,0.134,0.2964,0.0764,0.01173,0.61888,0.12752,-0.00622,0.2786,0.79183
4009,4875.2,43268737,2838377,0.539,0.632,9300,10886,14590,0.00702264,0,0,0.0633,0.127,0.3057,0.0429,0.01189,0.619,0.13282,-0.00979,0.29615,0.77746
4010,4876.4,43279604,2839012,0.581,0.628,8983,10867,14540,0.00701938,0,0,0.0751,0.1373,0.3075,0.0614,0.01304,0.61444,0.12984,-0.01093,0.29262,0.78903
4011,4877.5,43290434,2839658,0.553,0.629,9158,10830,14490,0.00701612,0,0,0.0735,0.133,0.3073,0.0395,0.01171,0.6166,0.13463,-0.00924,0.29864,0.77685
4012,4878.8,43301282,2840286,0.656,0.626,8462,10848,14515,0.00701287,0,0,0.0694,0.1384,0.3025,0.1455,0.01184,0.61347,0.13631,-0.00866,0.3011,0.79562
4013,4880.1,43312157,2840921,0.603,0.626,8853,10875,14546,0.00700962,0,0,0.0737,0.1368,0.2978,0.0944,0.01207,0.61245,0.14072,-0.00891,0.31038,0.79264
4014,4881.3,43323028,2841547,0.572,0.63,9045,10871,14557,0.00700635,0,0,0.0665,0.1343,0.2997,0.0719,0.01187,0.61701,0.12803,-0.00848,0.28383,0.77135
4015,4882.4,43333909,2842179,0.523,0.628,9451,10881,14563,0.00700309,0,0,0.0645,0.1377,0.2862,0.0345,0.01181,0.61586,0.13606,-0.00997,0.30313,0.79075
4016,4883.5,43344754,2842820,0.494,0.625,9696,10845,14532,0.00699983,0,0,0.0585,0.1062,0.2764,0.0524,0.01032,0.61389,0.12572,-0.00919,0.28105,0.80273
4017,4884.6,43355656,2843463,0.48,0.628,9843,10902,14613,0.00699657,0,0,0.0582,0.1092,0.2805,0.0319,0.01163,0.61542,0.14009,-0.00675,0.30461,0.78093
4018,4885.8,43366512,2844105,0.53,0.626,9396,10856,14529,0.0069933,0,0,0.0615,0.1074,0.288,0.0729,0.01121,0.61372,0.12916,-0.00975,0.28847,0.7609
4019,4886.9,43377392,2844737,0.522,0.625,9485,10880,14554,0.00699005,0,0,0.0638,0.1286,0.2947,0.0351,0.01142,0.61266,0.12831,-0.0095,0.28667,0.79106
4020,4888.1,43388293,2845385,0.557,0.623,9234,10901,14600,0.00698678,0,0,0.0638,0.1152,0.3051,0.0729,0.01097,0.6117,0.12265,-0.01072,0.27749,0.77062
4021,4889.3,43399202,2846031,0.514,0.623,9593,10909,14622,0.00698351,0,0,0.0625,0.1171,0.3012,0.0333,0.01127,0.61123,0.11955,-0.01014,0.27043,0.7914
4022,4890.4,43410085,2846670,0.544,0.631,9262,10883,14570,0.00698024,0,0,0.0632,0.1259,0.2975,0.0572,0.01089,0.61972,0.12955,-0.00783,0.28527,0.75346
4023,4891.6,43420990,2847306,0.532,0.634,9355,10905,14593,0.00697697,0,0,0.0616,0.1265,0.306,0.038,0.01132,0.62149,0.13578,-0.00856,0.29934,0.76442
4024,4892.8,43431832,2847936,0.6,0.627,8838,10842,14550,0.0069737,0,0,0.0736,0.1342,0.3108,0.081,0.01131,0.61524,0.13696,-0.00631,0.29707,0.75518
4025,4894.0,43442726,2848598,0.537,0.63,9332,10894,14577,0.00697045,0,0,0.0646,0.1259,0.3049,0.0416,0.01151,0.6181,0.13467,-0.009,0.2979,0.75723
4026,4895.2,43453629,2849253,0.588,0.625,8987,10903,14593,0.00696718,0,0,0.0715,0.1398,0.3104,0.0661,0.01179,0.61269,0.13789,-0.01123,0.30869,0.74984
4027,4896.4,43464430,2849891,0.527,0.63,9335,10801,14506,0.00696391,0,0,0.0663,0.1328,0.2904,0.0377,0.01136,0.61748,0.13646,-0.00787,0.29904,0.74554
4028,4897.6,43475268,2850540,0.586,0.624,8956,10838,14518,0.00696067,0,0,0.0718,0.1517,0.3046,0.0582,0.01151,0.61138,0.13484,-0.01113,0.30262,0.767
4029,4898.7,43486030,2851183,0.541,0.624,9237,10762,14441,0.00695742,0,0,0.0723,0.1361,0.2958,0.0364,0.01048,0.6132,0.14302,-0.00556,0.30745,0.73852
4030,4900.0,43496845,2851832,0.579,0.629,8958,10815,14488,0.00695419,0,0,0.0667,0.1309,0.305,0.076,0.01191,0.61625,0.13521,-0.01151,0.30378,0.74297
4031,4901.1,43507616,2852497,0.532,0.629,9277,10771,14473,0.00695095,0,0,0.0662,0.1283,0.3024,0.0348,0.01115,0.61747,0.12895,-0.01118,0.29052,0.7383
4032,4902.3,43518378,2853152,0.574,0.628,8950,10762,14436,0.00694772,0,0,0.0713,0.1361,0.2959,0.0707,0.01103,0.61668,0.13728,-0.00629,0.29771,0.76031
4033,4903.5,43529133,2853797,0.542,0.629,9188,10755,14443,0.00694449,0,0,0.0711,0.1381,0.2943,0.0381,0.01132,0.61687,0.13668,-0.00792,0.29979,0.76335
4034,4904.7,43539896,2854455,0.583,0.624,8916,10763,14463,0.00694126,0,0,0.07,0.1447,0.3071,0.0612,0.01057,0.61293,0.13813,-0.00852,0.30406,0.77579
4035,4905.9,43550680,2855113,0.615,0.627,8685,10784,14483,0.00693803,0,0,0.071,0.1424,0.3127,0.0885,0.01248,0.61377,0.13964,-0.00827,0.30657,0.77486
4036,4907.2,43561484,2855770,0.588,0.626,8901,10804,14498,0.0069348,0,0,0.0682,0.129,0.3045,0.086,0.01104,0.614,0.12312,-0.00875,0.27432,0.76222
4037,4908.3,43572287,2856425,0.568,0.625,9051,10803,14509,0.00693155,0,0,0.0723,0.1266,0.3014,0.0679,0.01091,0.61372,0.15379,-0.00579,0.32968,0.7589
4038,4909.6,43583096,2857090,0.583,0.631,8907,10809,14491,0.00692831,0,0,0.0724,0.1387,0.2972,0.0745,0.01128,0.61881,0.12977,-0.00954,0.28913,0.75784
4039,4910.8,43593911,2857753,0.573,0.629,8996,10815,14506,0.00692507,0,0,0.0712,0.143,0.3162,0.0426,0.01167,0.61699,0.13656,-0.00806,0.29981,0.76249
4040,4912.0,43604763,2858435,0.591,0.629,8895,10852,14540,0.00692183,0,0,0.071,0.1447,0.304,0.0715,0.0118,0.61643,0.13005,-0.00818,0.28703,0.76333
4041,4913.2,43615600,2859102,0.549,0.629,9199,10837,14553,0.00691857,0,0,0.0711,0.1355,0.2984,0.0441,0.01181,0.61653,0.13287,-0.00449,0.28517,0.75382
4042,4914.4,43626422,2859749,0.592,0.624,8896,10822,14520,0.00691532,0,0,0.0654,0.1388,0.3046,0.0836,0.01144,0.61186,0.13345,-0.00878,0.29456,0.72994
4043,4915.6,43637278,2860395,0.551,0.627,9218,10856,14575,0.00691207,0,0,0.0697,0.1399,0.3027,0.0388,0.01187,0.61397,0.13413,-0.00905,0.29642,0.72854
4044,4916.8,43648081,2861065,0.589,0.626,8893,10803,14517,0.00690882,0,0,0.0706,0.1356,0.3075,0.075,0.01194,0.61338,0.13264,-0.00586,0.28721,0.73877
4045,4917.9,43658923,2861737,0.538,0.626,9312,10842,14573,0.00690558,0,0,0.069,0.1358,0.2965,0.0371,0.01033,0.61468,0.13699,-0.01087,0.30601,0.7456
4046,4919.1,43669716,2862391,0.561,0.632,9051,10793,14489,0.00690232,0,0,0.0718,0.1366,0.2944,0.0581,0.01201,0.61846,0.13924,-0.00898,0.30668,0.74237
4047,4920.3,43680526,2863045,0.588,0.631,8867,10810,14510,0.00689909,0,0,0.0733,0.1526,0.32,0.0422,0.01169,0.61802,0.12659,-0.00925,0.28197,0.74691
4048,4921.7,43691276,2863708,0.673,0.632,8240,10750,14449,0.00689584,0,0,0.0803,0.1574,0.3264,0.1084,0.01183,0.61929,0.13201,-0.00847,0.29099,0.72733
4049,4922.9,43702053,2864370,0.636,0.627,8535,10777,14495,0.00689262,0,0,0.0708,0.1439,0.2979,0.1229,0.01143,0.61486,0.12876,-0.00805,0.28367,0.72785
4050,4924.1,43712802,2865027,0.587,0.626,8864,10749,14443,0.00688938,0,0,0.0695,0.13,0.3106,0.0768,0.01122,0.61352,0.13498,-0.00703,0.29417,0.73614
4051,4925.3,43723608,2865704,0.562,0.629,9074,10806,14469,0.00688616,0,0,0.073,0.1448,0.3048,0.0395,0.01203,0.61607,0.11891,-0.01174,0.27153,0.74268
4052,4926.7,43734390,2866377,0.604,0.63,8739,10782,14476,0.00688292,0,0,0.0727,0.1405,0.3177,0.0729,0.01247,0.61658,0.1228,-0.00926,0.2742,0.73132
4053,4927.9,43745283,2867055,0.573,0.631,9048,10893,14568,0.00687968,0,0,0.0736,0.1491,0.3069,0.0431,0.01173,0.6187,0.12958,-0.01008,0.28957,0.74518
4054,4929.1,43756118,2867738,0.608,0.63,8753,10835,14555,0.00687642,0,0,0.0726,0.1495,0.3008,0.0848,0.01091,0.61824,0.13839,-0.01105,0.30909,0.74242
4055,4930.3,43766968,2868407,0.554,0.632,9152,10850,14545,0.00687316,0,0,0.0679,0.1327,0.3138,0.0392,0.01175,0.61951,0.12397,-0.00716,0.27258,0.74967
4056,4931.6,43777811,2869080,0.643,0.631,8509,10843,14543,0.00686991,0,0,0.0728,0.1544,0.3282,0.0877,0.0115,0.61875,0.11914,-0.00751,0.26365,0.75305
4057,4932.8,43788680,2869774,0.583,0.626,8991,10869,14606,0.00686666,0,0,0.0785,0.1557,0.3039,0.0451,0.01183,0.61302,0.12395,-0.00833,0.27482,0.74623
4058,4934.0,43799565,2870444,0.579,0.63,9009,10885,14587,0.0068634,0,0,0.0754,0.1306,0.3054,0.0671,0.01174,0.61694,0.12403,-0.00733,0.27281,0.73545
4059,4935.2,43810417,2871131,0.62,0.626,8709,10852,14557,0.00686013,0,0,0.0785,0.1534,0.3357,0.052,0.01162,0.61414,0.12715,-0.00785,0.2799,0.72179
4060,4936.4,43821292,2871816,0.584,0.629,8961,10875,14584,0.00685687,0,0,0.0706,0.1398,0.3021,0.0717,0.01145,0.61669,0.13401,-0.00519,0.28828,0.72015
4061,4937.6,43832184,2872502,0.538,0.629,9333,10892,14599,0.00685361,0,0,0.0727,0.1412,0.29,0.034,0.01175,0.61654,0.13794,-0.007,0.29964,0.71253
4062,4938.8,43843021,2873198,0.585,0.631,8911,10837,14537,0.00685034,0,0,0.068,0.149,0.2978,0.0701,0.01134,0.61878,0.12741,-0.00746,0.27947,0.71017
4063,4940.0,43853871,2873877,0.594,0.632,8848,10850,14555,0.00684709,0,0,0.0764,0.1438,0.3334,0.0404,0.01163,0.61995,0.1322,-0.0056,0.2856,0.73119
4064,4941.3,43864682,2874560,0.622,0.629,8639,10811,14539,0.00684384,0,0,0.0716,0.142,0.3208,0.0878,0.01248,0.61564,0.13784,-0.00861,0.30291,0.73218
4065,4942.5,43875544,2875244,0.55,0.626,9239,10862,14561,0.0068406,0,0,0.0679,0.1362,0.2954,0.0503,0.01108,0.61395,0.13125,-0.00902,0.29064,0.73801
4066,4943.7,43886415,2875902,0.573,0.627,9055,10871,14587,0.00683734,0,0,0.0653,0.1299,0.2916,0.0866,0.01104,0.615,0.12985,-0.00958,0.2884,0.69676
4067,4944.9,43897262,2876597,0.602,0.624,8852,10847,14548,0.00683408,0,0,0.0803,0.1545,0.3238,0.0433,0.01131,0.61126,0.11357,-0.00902,0.2551,0.72683
4068,4946.2,43908116,2877281,0.637,0.631,8563,10854,14561,0.00683082,0,0,0.0773,0.1556,0.3196,0.084,0.01148,0.61852,0.1227,-0.00784,0.27116,0.73855
4069,4947.5,43918959,2877961,0.654,0.632,8433,10843,14520,0.00682757,0,0,0.0937,0.1841,0.3355,0.0405,0.01177,0.61945,0.1182,-0.01037,0.26689,0.71434
4070,4948.7,43929843,2878664,0.63,0.632,8624,10884,14584,0.00682431,0,0,0.0796,0.1516,0.3156,0.0836,0.01162,0.61905,0.11851,-0.00756,0.26208,0.72823
4071,4950.0,43940723,2879347,0.613,0.632,8738,10880,14586,0.00682105,0,0,0.078,0.1545,0.3244,0.0564,0.01151,0.6193,0.13085,-0.00725,0.28618,0.7317
4072,4951.2,43951628,2880031,0.614,0.626,8797,10905,14632,0.00681778,0,0,0.0767,0.1521,0.3114,0.0737,0.01159,0.61338,0.13626,-0.00802,0.29832,0.7159
4073,4952.4,43962517,2880710,0.589,0.628,8946,10889,14594,0.00681451,0,0,0.0765,0.1535,0.3176,0.0413,0.01154,0.61597,0.14858,-0.00802,0.32309,0.72441
4074,4953.6,43973434,2881399,0.593,0.626,8953,10917,14629,0.00681124,0,0,0.0762,0.1426,0.2998,0.0745,0.0113,0.61394,0.11917,-0.00729,0.26273,0.72039
4075,4954.8,43984312,2882109,0.568,0.628,9097,10878,14614,0.00680797,0,0,0.07,0.1448,0.3095,0.0437,0.01218,0.6148,0.11644,-0.00927,0.26148,0.73883
4076,4956.1,43995183,2882805,0.658,0.633,8421,10871,14572,0.00680471,0,0,0.079,0.1702,0.3268,0.0815,0.01312,0.61934,0.12552,-0.00829,0.27735,0.71545
4077,4957.4,44006033,2883509,0.66,0.631,8409,10850,14560,0.00680145,0,0,0.0836,0.1722,0.3332,0.0707,0.0114,0.61838,0.11535,-0.00906,0.25882,0.73472
4078,4958.8,44016865,2884229,0.721,0.633,8002,10832,14534,0.00679819,0,0,0.0909,0.1702,0.3302,0.1295,0.01149,0.62,0.11786,-0.00974,0.26532,0.74423
4079,4960.1,44027720,2884932,0.674,0.628,8340,10855,14540,0.00679494,0,0,0.0846,0.1685,0.3383,0.0826,0.01149,0.61516,0.1143,-0.00868,0.25614,0.74964
4080,4961.4,44038573,2885640,0.696,0.628,8195,10853,14557,0.00679168,0,0,0.0902,0.1714,0.3398,0.095,0.01269,0.61444,0.1298,-0.00948,0.28875,0.75097
4081,4962.6,44049400,2886348,0.564,0.625,9099,10827,14526,0.00678843,0,0,0.0714,0.1463,0.3108,0.0359,0.01125,0.61349,0.13092,-0.00993,0.29207,0.76396
4082,4963.9,44060181,2887031,0.653,0.629,8415,10781,14467,0.00678518,0,0,0.0769,0.163,0.3262,0.0864,0.01254,0.61496,0.11891,-0.01275,0.27353,0.75237
4083,4965.1,44070980,2887727,0.624,0.631,8605,10799,14499,0.00678195,0,0,0.0801,0.1685,0.3259,0.0495,0.01187,0.61821,0.12704,-0.00881,0.28191,0.75297
4084,4966.4,44081829,2888422,0.659,0.631,8407,10849,14534,0.00677871,0,0,0.0801,0.156,0.3348,0.0883,0.01137,0.61893,0.12909,-0.01092,0.29028,0.75772
4085,4967.6,44092628,2889105,0.574,0.63,8968,10799,14501,0.00677545,0,0,0.0718,0.1449,0.3195,0.0378,0.01134,0.61813,0.11771,-0.0103,0.26631,0.76003
4086,4968.8,44103404,2889788,0.586,0.633,8840,10776,14448,0.00677221,0,0,0.0658,0.1277,0.3113,0.0811,0.01338,0.61877,0.11757,-0.01002,0.2653,0.74822
4087,4970.0,44114210,2890481,0.565,0.627,9069,10806,14518,0.00676898,0,0,0.0741,0.1424,0.3089,0.0391,0.01204,0.61409,0.11839,-0.00787,0.26316,0.78575
4088,4971.2,44125073,2891179,0.568,0.628,9084,10863,14549,0.00676574,0,0,0.0665,0.1299,0.3015,0.0701,0.01046,0.61662,0.11377,-0.00989,0.25757,0.75754
4089,4972.5,44135904,2891852,0.635,0.628,8576,10831,14525,0.00676248,0,0,0.0832,0.1621,0.3268,0.0627,0.01237,0.61498,0.13132,-0.00946,0.29173,0.75216
4090,4973.7,44146724,2892546,0.587,0.627,8910,10820,14516,0.00675923,0,0,0.0705,0.1424,0.2915,0.0826,0.01153,0.61474,0.11329,-0.01186,0.26084,0.78082
4091,4975.0,44157570,2893221,0.678,0.634,8265,10846,14554,0.00675598,0,0,0.0912,0.1766,0.3651,0.0455,0.01335,0.61975,0.12003,-0.01135,0.27296,0.75524
4092,4976.3,44168404,2893890,0.615,0.629,8706,10834,14546,0.00675273,0,0,0.0747,0.1489,0.3112,0.0801,0.01155,0.61714,0.12472,-0.00838,0.27632,0.74894
4093,4977.4,44179260,2894531,0.544,0.631,9239,10856,14550,0.00674948,0,0,0.0705,0.1317,0.3051,0.0366,0.01196,0.61834,0.12301,-0.01288,0.28196,0.75424
4094,4978.6,44190108,2895165,0.562,0.628,9120,10848,14556,0.00674622,0,0,0.0693,0.1191,0.2989,0.0745,0.01229,0.61463,0.1392,-0.00975,0.30772,0.72756
4095,4979.8,44200957,2895833,0.548,0.625,9252,10849,14551,0.00674297,0,0,0.072,0.1279,0.3012,0.0467,0.01129,0.61288,0.1345,-0.01033,0.29924,0.70998
4096,4981.0,44211818,2896486,0.568,0.626,9096,10861,14546,0.00673971,0,0,0.0625,0.1115,0.3136,0.0807,0.01161,0.61344,0.14148,-0.01087,0.31444,0.72169
4097,4982.1,44222671,2897120,0.519,0.626,9478,10853,14547,0.00673645,0,0,0.0718,0.1268,0.286,0.034,0.01132,0.61443,0.13779,-0.0109,0.30736,0.74056
4098,4983.3,44233518,2897771,0.534,0.627,9344,10847,14552,0.0067332,0,0,0.0603,0.1159,0.2931,0.0647,0.01218,0.61394,0.13484,-0.01187,0.30317,0.72503
4099,4984.5,44244370,2898404,0.525,0.631,9385,10852,14542,0.00672994,0,0,0.0667,0.1302,0.2945,0.034,0.01136,0.61872,0.13482,-0.0113,0.3019,0.71802
4100,4985.7,44255244,2899044,0.595,0.631,8868,10874,14564,0.00672669,0,0,0.0729,0.1441,0.3034,0.0747,0.0113,0.61903,0.13554,-0.01219,0.30523,0.72593
4101,4986.9,44266126,2899678,0.6,0.631,8844,10882,14594,0.00672343,0,0,0.0744,0.1477,0.3253,0.0521,0.01153,0.6185,0.12949,-0.01288,0.29419,0.70343
4102,4988.4,44277022,2900324,0.749,0.627,7916,10896,14592,0.00672016,0,0,0.0836,0.1816,0.354,0.1296,0.01187,0.61455,0.13182,-0.01078,0.29486,0.71917
4103,4989.6,44287890,2900957,0.575,0.629,9031,10868,14552,0.00671689,0,0,0.0771,0.142,0.3069,0.0488,0.0125,0.61534,0.13423,-0.01197,0.30199,0.71422
4104,4990.9,44298733,2901596,0.651,0.629,8476,10843,14530,0.00671363,0,0,0.0785,0.1628,0.3215,0.0878,0.0122,0.61553,0.12735,-0.01013,0.28472,0.72647
4105,4992.1,44309564,2902241,0.594,0.627,8873,10831,14538,0.00671038,0,0,0.0765,0.155,0.3103,0.0519,0.01112,0.61513,0.12952,-0.01049,0.28978,0.72828
4106,4993.4,44320409,2902913,0.677,0.63,8296,10845,14533,0.00670713,0,0,0.0785,0.1597,0.3481,0.0908,0.012,0.61754,0.13283,-0.00859,0.29248,0.7181
4107,4994.6,44331277,2903574,0.597,0.63,8855,10868,14593,0.00670388,0,0,0.0735,0.1492,0.3139,0.0602,0.01139,0.61813,0.12732,-0.00782,0.28003,0.72788
4108,4996.0,44342101,2904240,0.672,0.632,8301,10824,14527,0.00670062,0,0,0.0777,0.1586,0.3316,0.1039,0.01141,0.61958,0.13121,-0.00964,0.29157,0.73625
4109,4997.2,44352926,2904913,0.625,0.633,8600,10825,14519,0.00669737,0,0,0.0774,0.1625,0.3402,0.0455,0.01299,0.61935,0.13364,-0.00767,0.29222,0.71645
4110,4998.5,44363759,2905580,0.685,0.628,8252,10833,14558,0.00669412,0,0,0.0843,0.1948,0.3316,0.0744,0.01121,0.61557,0.14571,-0.00987,0.32079,0.71974
4111,4999.8,44374587,2906237,0.618,0.628,8692,10828,14537,0.00669087,0,0,0.0861,0.1706,0.319,0.0424,0.01169,0.61526,0.13104,-0.0101,0.29187,0.71597
4112,5001.0,44385426,2906895,0.647,0.627,8508,10839,14529,0.00668762,0,0,0.0798,0.1668,0.3326,0.0677,0.01198,0.61433,0.12411,-0.00937,0.27643,0.70682
4113,5002.3,44396214,2907554,0.647,0.631,8438,10788,14515,0.00668437,0,0,0.0838,0.1698,0.3497,0.0438,0.01156,0.61917,0.13448,-0.0092,0.29685,0.70977
4114,5003.5,44407098,2908208,0.585,0.631,8954,10884,14575,0.00668114,0,0,0.0689,0.1407,0.2964,0.0788,0.01149,0.61866,0.13331,-0.00894,0.29373,0.69059
4115,5004.7,44417934,2908842,0.514,0.632,9455,10836,14546,0.00667787,0,0,0.0636,0.1221,0.2953,0.033,0.01197,0.61957,0.13005,-0.00851,0.28662,0.7117
4116,5005.9,44428755,2909497,0.594,0.63,8842,10821,14526,0.00667462,0,0,0.0744,0.1417,0.3056,0.0719,0.01231,0.61712,0.13474,-0.0062,0.29119,0.69683
4117,5007.1,44439605,2910150,0.516,0.626,9501,10850,14516,0.00667137,0,0,0.0706,0.12,0.2885,0.037,0.01152,0.6136,0.12133,-0.00917,0.27039,0.70372
4118,5008.3,44450463,2910814,0.573,0.627,9051,10858,14567,0.00666812,0,0,0.0687,0.1391,0.3015,0.0639,0.01153,0.61441,0.12644,-0.01044,0.28302,0.69462
4119,5009.4,44461281,2911460,0.558,0.629,9114,10818,14518,0.00666486,0,0,0.0726,0.1469,0.3018,0.0363,0.01099,0.61744,0.12643,-0.0111,0.28424,0.68861
4120,5010.7,44472133,2912122,0.634,0.628,8601,10852,14524,0.00666162,0,0,0.0746,0.1663,0.3126,0.0805,0.01175,0.61513,0.12371,-0.01037,0.27746,0.69846
4121,5011.9,44483038,2912769,0.536,0.627,9377,10905,14585,0.00665836,0,0,0.0675,0.133,0.3004,0.035,0.01108,0.61527,0.13468,-0.00854,0.29578,0.70069
4122,5013.1,44493896,2913429,0.582,0.63,8959,10858,14544,0.00665509,0,0,0.0671,0.1236,0.3166,0.0751,0.01115,0.61774,0.13415,-0.00731,0.29204,0.68394
4123,5014.4,44504758,2914064,0.682,0.631,8269,10862,14528,0.00665183,0,0,0.0801,0.1701,0.3902,0.042,0.0116,0.61844,0.13483,-0.00997,0.29885,0.69564
4124,5015.7,44515617,2914743,0.717,0.636,8024,10859,14550,0.00664857,0,0,0.0967,0.18,0.363,0.0779,0.0119,0.62281,0.12731,-0.00694,0.27757,0.68255
4125,5017.1,44526478,2915393,0.759,0.628,7827,10861,14555,0.00664531,0,0,0.0968,0.1786,0.3395,0.1442,0.0115,0.61598,0.13239,-0.00743,0.28873,0.68422
4126,5018.4,44537372,2916056,0.679,0.629,8326,10894,14596,0.00664206,0,0,0.0748,0.1672,0.3297,0.1076,0.01309,0.61521,0.14048,-0.00827,0.30649,0.67631
4127,5019.7,44548278,2916720,0.628,0.629,8677,10906,14589,0.00663879,0,0,0.0839,0.1696,0.3336,0.0409,0.01203,0.61577,0.13765,-0.00865,0.30131,0.65666
4128,5021.0,44559121,2917385,0.685,0.633,8228,10843,14543,0.00663552,0,0,0.0822,0.1745,0.3418,0.0868,0.01166,0.62011,0.13306,-0.00857,0.29215,0.66953
4129,5022.3,44569965,2918044,0.641,0.631,8522,10844,14516,0.00663226,0,0,0.0786,0.1722,0.3457,0.045,0.01209,0.61798,0.14269,-0.00436,0.30299,0.67076
4130,5023.5,44580781,2918708,0.578,0.633,8927,10816,14478,0.00662901,0,0,0.073,0.1378,0.3047,0.0627,0.01227,0.62033,0.13495,-0.00626,0.2911,0.65431
4131,5024.7,44591617,2919362,0.545,0.631,9214,10836,14493,0.00662577,0,0,0.0699,0.1296,0.3095,0.0363,0.01085,0.61928,0.12119,-0.00725,0.26541,0.64428
4132,5025.9,44602475,2920023,0.58,0.627,9001,10858,14554,0.00662251,0,0,0.0672,0.1383,0.3131,0.0612,0.01173,0.61413,0.12693,-0.00789,0.27865,0.68141
4133,5027.0,44613283,2920679,0.514,0.626,9484,10808,14494,0.00661926,0,0,0.0609,0.1233,0.295,0.0349,0.01064,0.61421,0.13255,-0.00623,0.28667,0.68942
4134,5028.2,44624120,2921333,0.59,0.627,8905,10837,14534,0.00661602,0,0,0.0678,0.1359,0.3127,0.0735,0.01138,0.61512,0.13323,-0.00841,0.29225,0.67877
4135,5029.4,44634931,2921990,0.527,0.626,9371,10811,14481,0.00661276,0,0,0.0642,0.1302,0.2922,0.0406,0.01156,0.61413,0.10875,-0.01106,0.24875,0.69107
4136,5030.7,44645767,2922623,0.635,0.634,8539,10836,14515,0.00660952,0,0,0.0742,0.1597,0.3349,0.0664,0.01233,0.62053,0.13965,-0.00757,0.30361,0.69365
4137,5031.9,44656564,2923272,0.615,0.632,8658,10797,14461,0.00660627,0,0,0.0806,0.1526,0.3393,0.0428,0.01145,0.6194,0.13039,-0.01078,0.29155,0.69698
4138,5033.2,44667344,2923913,0.644,0.635,8430,10780,14459,0.00660303,0,0,0.0771,0.1616,0.3268,0.0782,0.0128,0.62096,0.11618,-0.00997,0.26147,0.69473
4139,5034.4,44678155,2924556,0.593,0.632,8822,10811,14483,0.0065998,0,0,0.0748,0.1521,0.3248,0.0412,0.01254,0.61931,0.1345,-0.00909,0.29637,0.69613
4140,5035.7,44688964,2925202,0.673,0.628,8310,10809,14499,0.00659655,0,0,0.0858,0.1766,0.3293,0.0809,0.01172,0.61561,0.12025,-0.01233,0.2747,0.72449
4141,5036.9,44699736,2925847,0.582,0.628,8900,10772,14441,0.00659331,0,0,0.0788,0.1514,0.3085,0.0433,0.01185,0.61542,0.12274,-0.00805,0.27097,0.71211
4142,5038.2,44710495,2926485,0.638,0.633,8461,10759,14459,0.00659008,0,0,0.0778,0.1541,0.331,0.0755,0.01485,0.61746,0.12719,-0.0089,0.28126,0.68905
4143,5039.5,44721264,2927121,0.644,0.638,8401,10769,14457,0.00658685,0,0,0.0871,0.1763,0.3345,0.0464,0.01153,0.62502,0.12705,-0.00823,0.27962,0.68778
4144,5040.9,44732062,2927754,0.732,0.637,7890,10798,14501,0.00658362,0,0,0.0828,0.1824,0.3666,0.1001,0.01304,0.62257,0.13138,-0.00837,0.28847,0.68134
4145,5042.2,44742872,2928391,0.732,0.636,7907,10810,14535,0.00658038,0,0,0.0858,0.1895,0.4021,0.0542,0.01149,0.62325,0.12386,-0.01066,0.27803,0.68415
4146,5043.6,44753662,2929021,0.787,0.634,7596,10790,14487,0.00657714,0,0,0.0894,0.2027,0.3929,0.1015,0.01126,0.62165,0.13206,-0.01247,0.298,0.67971
4147,5045.0,44764488,2929643,0.681,0.632,8241,10826,14509,0.0065739,0,0,0.0894,0.1745,0.363,0.0544,0.01266,0.61877,0.1334,-0.00945,0.29461,0.67729
4148,5046.3,44775294,2930289,0.724,0.631,7973,10806,14502,0.00657065,0,0,0.0839,0.1891,0.386,0.0652,0.01207,0.61806,0.13096,-0.01164,0.29431,0.69231
4149,5047.7,44786085,2930918,0.778,0.63,7666,10791,14473,0.00656741,0,0,0.097,0.1782,0.3808,0.1216,0.01181,0.6174,0.1384,-0.01066,0.30706,0.68111
4150,5049.2,44796934,2931553,0.793,0.639,7573,10849,14563,0.00656417,0,0,0.0899,0.206,0.4157,0.0819,0.01176,0.62612,0.14764,-0.00734,0.31906,0.69175
4151,5050.6,44807754,2932190,0.819,0.64,7418,10820,14510,0.00656092,0,0,0.0846,0.1955,0.4487,0.0903,0.01376,0.62478,0.14729,-0.00882,0.32126,0.68781
4152,5052.2,44818540,2932803,0.821,0.636,7402,10786,14463,0.00655767,0,0,0.0889,0.2318,0.437,0.0631,0.01183,0.62358,0.13556,-0.01386,0.30825,0.71685
4153,5053.7,44829361,2933440,0.86,0.634,7242,10821,14511,0.00655444,0,0,0.1217,0.2087,0.4266,0.103,0.01298,0.62006,0.13741,-0.01134,0.30685,0.71267
4154,5055.2,44840152,2934078,0.846,0.634,7288,10791,14466,0.00655119,0,0,0.0895,0.2173,0.4408,0.0989,0.01196,0.62108,0.12706,-0.01112,0.28586,0.72473
4155,5056.6,44850954,2934715,0.816,0.639,7424,10802,14488,0.00654795,0,0,0.0851,0.1937,0.4377,0.0999,0.01354,0.62402,0.13083,-0.00871,0.28827,0.70176
4156,5058.0,44861782,2935353,0.714,0.645,7968,10828,14518,0.00654471,0,0,0.078,0.1668,0.3364,0.1325,0.015,0.62929,0.1358,-0.0113,0.3032,0.68867
4157,5059.3,44872553,2935982,0.675,0.635,8224,10771,14447,0.00654147,0,0,0.0829,0.1603,0.351,0.0805,0.01171,0.62226,0.13522,-0.01022,0.29989,0.68857
4158,5060.6,44883357,2936623,0.673,0.633,8273,10804,14497,0.00653823,0,0,0.0876,0.1731,0.3541,0.0581,0.01173,0.62031,0.13398,-0.0086,0.29405,0.68013
4159,5062.0,44894123,2937268,0.705,0.638,8019,10766,14430,0.00653499,0,0,0.087,0.1733,0.3452,0.099,0.01206,0.625,0.13707,-0.00865,0.30033,0.68004
4160,5063.3,44904949,2937887,0.748,0.632,7843,10826,14509,0.00653176,0,0,0.093,0.1695,0.3798,0.1056,0.01192,0.61961,0.13179,-0.01139,0.29541,0.69296
4161,5064.6,44915735,2938521,0.657,0.63,8381,10786,14497,0.00652852,0,0,0.0841,0.1759,0.3556,0.0412,0.01179,0.61752,0.13568,-0.00949,0.29932,0.68811
4162,5065.9,44926578,2939151,0.67,0.632,8327,10843,14544,0.00652528,0,0,0.089,0.1633,0.3264,0.0915,0.01224,0.61886,0.14458,-0.01024,0.31866,0.69162
4163,5067.2,44937389,2939772,0.62,0.64,8574,10811,14505,0.00652203,0,0,0.0828,0.16,0.3278,0.0499,0.01372,0.62596,0.13227,-0.01054,0.29481,0.70405
4164,5068.5,44948219,2940398,0.691,0.64,8133,10830,14492,0.00651878,0,0,0.0838,0.1674,0.3633,0.0766,0.01206,0.62757,0.12537,-0.01192,0.28336,0.67387
4165,5069.9,44959084,2941017,0.704,0.638,8094,10865,14547,0.00651553,0,0,0.0925,0.1933,0.374,0.0446,0.0138,0.62341,0.15065,-0.0059,0.32192,0.6758
4166,5071.3,44969948,2941641,0.771,0.635,7723,10864,14551,0.00651227,0,0,0.0846,0.1943,0.3863,0.1061,0.0113,0.62316,0.13462,-0.01171,0.30148,0.67661
4167,5072.6,44980772,2942261,0.707,0.631,8090,10824,14489,0.00650902,0,0,0.0851,0.1881,0.3491,0.0844,0.01187,0.61837,0.12766,-0.00929,0.28282,0.68451
4168,5074.0,44991586,2942879,0.732,0.629,7943,10814,14497,0.00650577,0,0,0.0855,0.1878,0.3592,0.0998,0.01184,0.61642,0.13383,-0.01038,0.29741,0.68989
4169,5075.3,45002459,2943509,0.66,0.628,8439,10873,14547,0.00650252,0,0,0.0872,0.1878,0.3304,0.0549,0.01164,0.61574,0.13821,-0.00952,0.30432,0.68131
4170,5076.5,45013333,2944130,0.618,0.63,8714,10874,14551,0.00649926,0,0,0.075,0.1453,0.3122,0.0854,0.01154,0.61763,0.12943,-0.00988,0.28755,0.68707
4171,5077.8,45024208,2944751,0.641,0.632,8545,10875,14550,0.006496,0,0,0.0944,0.1689,0.3275,0.05,0.01187,0.61908,0.13421,-0.01049,0.29854,0.70318
4172,5079.2,45035065,2945367,0.743,0.635,7878,10857,14538,0.00649274,0,0,0.0828,0.1815,0.3846,0.0939,0.01185,0.62254,0.14062,-0.01002,0.31049,0.70821
4173,5080.5,45045924,2945993,0.703,0.632,8138,10859,14520,0.00648948,0,0,0.0839,0.1915,0.3804,0.0468,0.01158,0.61916,0.12118,-0.01023,0.27184,0.69523
4174,5081.9,45056748,2946631,0.789,0.632,7621,10824,14502,0.00648622,0,0,0.0847,0.1956,0.4141,0.0942,0.01249,0.61808,0.14013,-0.00949,0.30824,0.69402
4175,5083.4,45067612,2947249,0.876,0.636,7184,10864,14551,0.00648298,0,0,0.0911,0.2548,0.451,0.0789,0.01241,0.62295,0.13755,-0.01069,0.30563,0.70569
4176,5084.9,45078488,2947882,0.826,0.636,7439,10876,14524,0.00647972,0,0,0.0874,0.2171,0.4389,0.0826,0.01291,0.62235,0.12765,-0.01118,0.28688,0.71113
4177,5086.2,45089369,2948503,0.64,0.635,8537,10881,14547,0.00647645,0,0,0.0827,0.1633,0.348,0.046,0.01189,0.62165,0.14509,-0.01,0.31916,0.69313
4178,5087.6,45100260,2949119,0.747,0.638,7865,10891,14593,0.00647319,0,0,0.0853,0.1906,0.3702,0.1009,0.01229,0.62459,0.14385,-0.01082,0.3184,0.6997
4179,5088.9,45111086,2949741,0.709,0.638,8040,10826,14514,0.00646992,0,0,0.091,0.2042,0.3617,0.0521,0.01182,0.62456,0.12641,-0.01133,0.28478,0.71963
4180,5090.4,45121919,2950381,0.873,0.642,7151,10833,14508,0.00646667,0,0,0.0892,0.2497,0.43,0.1038,0.01314,0.62795,0.14179,-0.01024,0.31329,0.71404
4181,5092.3,45132844,2951000,1.28,0.638,5698,10925,14599,0.00646342,0,0,0.1393,0.3921,0.5427,0.2055,0.01206,0.62394,0.13025,-0.00974,0.28938,0.72638
4182,5094.0,45143731,2951621,1.021,0.637,6563,10887,14562,0.00646015,0,0,0.0971,0.2896,0.4906,0.1441,0.01533,0.62015,0.12508,-0.00918,0.27784,0.72148
4183,5095.5,45154569,2952264,0.891,0.636,7098,10838,14548,0.00645688,0,0,0.0999,0.2596,0.3977,0.1342,0.01279,0.6218,0.13096,-0.00942,0.29002,0.71638
4184,5096.9,45165359,2952890,0.73,0.637,7888,10790,14484,0.00645363,0,0,0.0909,0.1889,0.3627,0.0879,0.01178,0.62466,0.11961,-0.01164,0.27179,0.72072
4185,5098.3,45176228,2953524,0.772,0.634,7733,10869,14543,0.00645039,0,0,0.0867,0.2007,0.3988,0.0858,0.01191,0.6208,0.132,-0.00805,0.28947,0.72664
4186,5099.8,45187038,2954139,0.84,0.633,7336,10810,14523,0.00644713,0,0,0.0977,0.2646,0.414,0.064,0.01177,0.62045,0.12911,-0.00942,0.28635,0.71986
4187,5101.3,45197889,2954780,0.883,0.634,7155,10851,14532,0.00644389,0,0,0.0904,0.2361,0.3944,0.1617,0.01126,0.62157,0.12731,-0.01435,0.29248,0.7109
4188,5102.8,45208754,2955423,0.918,0.625,7043,10865,14553,0.00644063,0,0,0.0945,0.2567,0.4598,0.1066,0.01149,0.6127,0.13264,-0.01097,0.29637,0.71026
4189,5104.2,45219589,2956051,0.769,0.633,7728,10835,14524,0.00643737,0,0,0.0869,0.1934,0.3596,0.1294,0.0132,0.61802,0.13126,-0.01219,0.29591,0.70086
4190,5105.6,45230381,2956703,0.693,0.63,8159,10792,14515,0.00643412,0,0,0.0933,0.1934,0.349,0.0571,0.0115,0.61757,0.13254,-0.00988,0.29412,0.7223
4191,5106.8,45241227,2957338,0.627,0.632,8615,10846,14525,0.00643089,0,0,0.08,0.1543,0.3156,0.0767,0.01255,0.61899,0.14176,-0.00887,0.31042,0.71259
4192,5108.2,45252048,2957964,0.709,0.634,8060,10821,14533,0.00642763,0,0,0.094,0.1859,0.3732,0.0558,0.01233,0.62045,0.13317,-0.01085,0.29713,0.70684
4193,5109.6,45262911,2958610,0.819,0.628,7505,10863,14555,0.00642439,0,0,0.0961,0.1819,0.3688,0.1727,0.01221,0.615,0.12986,-0.01138,0.29166,0.71422
4194,5111.1,45273739,2959239,0.824,0.628,7455,10828,14499,0.00642113,0,0,0.0975,0.2339,0.4374,0.0554,0.01168,0.61559,0.13438,-0.01102,0.29998,0.7136
4195,5112.5,45284511,2959886,0.794,0.628,7574,10772,14467,0.00641788,0,0,0.0836,0.1921,0.4092,0.1091,0.01277,0.61449,0.12098,-0.01015,0.27135,0.70807
4196,5113.8,45295348,2960517,0.699,0.631,8147,10837,14504,0.00641465,0,0,0.0892,0.1797,0.3843,0.0456,0.01164,0.61866,0.12683,-0.00908,0.28098,0.7149
4197,5115.2,45306190,2961155,0.702,0.633,8124,10842,14547,0.0064114,0,0,0.0849,0.1731,0.363,0.0807,0.01245,0.61967,0.14084,-0.00766,0.30611,0.7105
4198,5116.4,45316999,2961790,0.613,0.633,8677,10809,14529,0.00640814,0,0,0.0772,0.1542,0.3406,0.0408,0.01287,0.61927,0.12684,-0.00658,0.27603,0.71683
4199,5117.7,45327805,2962430,0.705,0.636,8058,10806,14516,0.0064049,0,0,0.0829,0.1627,0.3558,0.104,0.01144,0.62325,0.12951,-0.00637,0.28101,0.72276
4200,5119.1,45338645,2963069,0.701,0.635,8116,10840,14529,0.00640166,0,0,0.0935,0.1882,0.3613,0.0577,0.01545,0.61863,0.13118,-0.00842,0.28834,0.71314
4201,5121.0,45349460,2963706,0.733,0.631,7929,10815,14500,0.00639841,0,0,0.0826,0.1817,0.3616,0.1077,0.01178,0.61814,0.13386,-0.00847,0.29375,0.70979
4202,5122.5,45360314,2964337,0.724,0.634,7996,10854,14539,0.00639516,0,0,0.0859,0.1978,0.3774,0.0626,0.01163,0.62126,0.14189,-0.01044,0.31375,0.71026
4203,5123.9,45371170,2964973,0.806,0.638,7519,10856,14513,0.00639191,0,0,0.0873,0.2122,0.4209,0.0854,0.01136,0.62556,0.13929,-0.01103,0.30948,0.6913
4204,5125.2,45381985,2965611,0.627,0.635,8567,10815,14500,0.00638865,0,0,0.0802,0.1587,0.3253,0.0631,0.01205,0.62213,0.13071,-0.00908,0.28853,0.70074
4205,5126.6,45392854,2966245,0.77,0.634,7742,10869,14553,0.0063854,0,0,0.0824,0.1807,0.3821,0.1252,0.01159,0.62106,0.13366,-0.00862,0.29349,0.69899
4206,5127.9,45403713,2966885,0.697,0.633,8169,10859,14535,0.00638214,0,0,0.0875,0.1818,0.3803,0.0472,0.01316,0.61729,0.1444,-0.00655,0.31086,0.70197
4207,5129.3,45414589,2967501,0.766,0.633,7774,10876,14583,0.00637889,0,0,0.0871,0.1983,0.3713,0.1093,0.0147,0.61731,0.13215,-0.01182,0.29726,0.72988
4208,5130.8,45425465,2968134,0.854,0.633,7313,10876,14570,0.00637562,0,0,0.0885,0.2158,0.3845,0.1651,0.01497,0.61736,0.13083,-0.01105,0.29284,0.71294
4209,5132.2,45436298,2968772,0.699,0.635,8125,10833,14524,0.00637236,0,0,0.083,0.1711,0.3602,0.0845,0.01201,0.62166,0.13033,-0.01067,0.2912,0.72266
4210,5133.5,45447181,2969406,0.699,0.625,8218,10883,14562,0.00636911,0,0,0.0793,0.1825,0.3857,0.052,0.01216,0.61196,0.13431,-0.0094,0.29677,0.73401
4211,5134.9,45458021,2970035,0.767,0.625,7792,10840,14503,0.00636585,0,0,0.0891,0.1987,0.3778,0.1011,0.0123,0.6114,0.12641,-0.01197,0.28603,0.72894
4212,5136.2,45468944,2970643,0.689,0.631,8277,10923,14583,0.00636259,0,0,0.0868,0.1894,0.3651,0.0478,0.01629,0.61349,0.12366,-0.01207,0.28089,0.74144
4213,5137.5,45479795,2971293,0.667,0.62,8429,10851,14550,0.00635932,0,0,0.0819,0.1782,0.3313,0.0757,0.01125,0.60824,0.13358,-0.00971,0.296,0.73949
4214,5138.7,45490648,2971921,0.578,0.62,9059,10853,14530,0.00635606,0,0,0.0718,0.1468,0.2959,0.0635,0.01172,0.60733,0.13482,-0.01216,0.30333,0.73676
4215,5139.9,45501504,2972544,0.59,0.621,8960,10856,14520,0.00635281,0,0,0.0699,0.1384,0.2997,0.0824,0.01258,0.60801,0.13919,-0.01061,0.30892,0.73449
4216,5141.1,45512386,2973167,0.545,0.618,9353,10882,14554,0.00634955,0,0,0.0756,0.1432,0.2875,0.0392,0.01113,0.60605,0.12903,-0.01057,0.28856,0.73742
4217,5142.3,45523185,2973807,0.528,0.627,9352,10799,14500,0.00634628,0,0,0.0616,0.1084,0.2944,0.0632,0.01088,0.61536,0.14158,-0.01114,0.31489,0.74428
4218,5143.5,45534056,2974424,0.583,0.628,8979,10871,14567,0.00634304,0,0,0.0747,0.1428,0.3206,0.0451,0.01171,0.61517,0.13396,-0.01273,0.30264,0.72942
4219,5144.7,45544936,2975057,0.587,0.629,8947,10880,14583,0.00633978,0,0,0.071,0.1328,0.307,0.0758,0.01113,0.6174,0.12686,-0.01007,0.283,0.72112
4220,5146.0,45555756,2975681,0.67,0.63,8323,10820,14512,0.00633652,0,0,0.0908,0.191,0.3475,0.0411,0.01167,0.61714,0.13282,-0.01125,0.2974,0.73131
4221,5147.2,45566624,2976323,0.635,0.626,8618,10868,14578,0.00633327,0,0,0.0748,0.1513,0.3317,0.0776,0.01231,0.61276,0.13235,-0.01254,0.29921,0.7447
4222,5148.4,45577480,2976929,0.495,0.621,9724,10856,14528,0.00633001,0,0,0.0593,0.107,0.2914,0.0375,0.01083,0.60953,0.13465,-0.01363,0.30584,0.73248
4223,5149.6,45588319,2977556,0.604,0.63,8783,10839,14537,0.00632676,0,0,0.0692,0.1421,0.3095,0.0831,0.01215,0.61696,0.12975,-0.01213,0.29319,0.74572
4224,5150.8,45599175,2978198,0.603,0.636,8763,10856,14537,0.0063235,0,0,0.0756,0.1557,0.3216,0.0502,0.01211,0.62286,0.11378,-0.01018,0.25704,0.72085
4225,5152.2,45610024,2978808,0.702,0.636,8106,10849,14555,0.00632025,0,0,0.0843,0.1688,0.3436,0.1057,0.01201,0.62304,0.134,-0.00991,0.29697,0.7244
4226,5153.5,45620911,2979439,0.7,0.635,8153,10887,14573,0.00631699,0,0,0.0759,0.151,0.3154,0.158,0.01155,0.62294,0.11577,-0.01195,0.26477,0.73795
4227,5154.7,45631802,2980051,0.552,0.632,9199,10891,14577,0.00631373,0,0,0.0616,0.1117,0.3009,0.0781,0.01182,0.61918,0.1165,-0.00918,0.26069,0.7392
4228,5156.8,45642694,2980684,1.477,0.631,5165,10892,14554,0.00631046,0,0,0.0702,0.1326,1.189,0.0856,0.01165,0.61784,0.12811,-0.00824,0.28185,0.72514
4229,5158.1,45653598,2981295,0.62,0.631,8716,10904,14589,0.00630719,0,0,0.0724,0.1626,0.3237,0.0608,0.0129,0.61754,0.12054,-0.01077,0.27178,0.72522
4230,5159.3,45664480,2981921,0.614,0.631,8740,10882,14582,0.00630392,0,0,0.074,0.1455,0.3174,0.0776,0.01284,0.61706,0.11563,-0.01004,0.26074,0.74478
4231,5160.5,45675399,2982540,0.575,0.632,9048,10919,14610,0.00630066,0,0,0.0715,0.1511,0.3071,0.0453,0.01189,0.61908,0.11091,-0.01296,0.25717,0.74812
4232,5161.7,45686294,2983168,0.571,0.631,9064,10895,14571,0.00629738,0,0,0.0647,0.1264,0.3096,0.0704,0.01126,0.61891,0.12752,-0.0063,0.27689,0.73544
4233,5163.0,45697205,2983807,0.623,0.635,8670,10911,14625,0.00629411,0,0,0.085,0.1616,0.3338,0.043,0.01135,0.62303,0.10915,-0.01129,0.25048,0.76229
4234,5164.3,45708108,2984434,0.709,0.636,8105,10903,14612,0.00629084,0,0,0.0873,0.1788,0.3514,0.092,0.0121,0.62286,0.11593,-0.01078,0.26277,0.7432
4235,5165.6,45719035,2985034,0.627,0.619,8767,10927,14611,0.00628757,0,0,0.0798,0.1693,0.3217,0.0562,0.01255,0.60579,0.12546,-0.01023,0.28063,0.73536
4236,5166.8,45729982,2985666,0.606,0.617,8955,10947,14660,0.00628429,0,0,0.0726,0.1511,0.2901,0.092,0.01174,0.60398,0.1154,-0.00638,0.25287,0.74194
4237,5168.0,45740875,2986290,0.567,0.616,9212,10893,14587,0.00628101,0,0,0.0751,0.144,0.2983,0.0494,0.01179,0.60325,0.12004,-0.01059,0.27039,0.72807
4238,5169.2,45751808,2986916,0.581,0.613,9155,10933,14636,0.00627774,0,0,0.0682,0.1484,0.2971,0.0675,0.01066,0.60089,0.11644,-0.00765,0.25721,0.718
4239,5170.4,45762704,2987546,0.591,0.622,8986,10896,14609,0.00627446,0,0,0.0775,0.1512,0.3087,0.053,0.01171,0.6094,0.12395,-0.00782,0.27269,0.72937
4240,5171.7,45773623,2988166,0.664,0.622,8489,10919,14627,0.00627119,0,0,0.0789,0.1592,0.3291,0.0971,0.0116,0.60953,0.11049,-0.0094,0.24878,0.71645
4241,5172.9,45784530,2988805,0.615,0.622,8815,10907,14577,0.00626791,0,0,0.0786,0.1643,0.3257,0.0465,0.0125,0.60888,0.11535,-0.01057,0.26093,0.72606
4242,5174.2,45795419,2989442,0.675,0.623,8389,10889,14605,0.00626464,0,0,0.0825,0.1796,0.3335,0.0797,0.01343,0.60816,0.12214,-0.00947,0.27236,0.73016
4243,5175.5,45806274,2990064,0.687,0.617,8324,10855,14542,0.00626137,0,0,0.0808,0.1789,0.3175,0.1096,0.01205,0.60408,0.12484,-0.0115,0.28183,0.73077
4244,5176.7,45817143,2990697,0.575,0.614,9141,10869,14523,0.00625812,0,0,0.0703,0.137,0.2828,0.0851,0.01123,0.60171,0.1205,-0.01192,0.27413,0.74226
4245,5177.9,45827999,2991332,0.629,0.617,8713,10856,14539,0.00625486,0,0,0.0814,0.1602,0.3223,0.0649,0.01153,0.60456,0.12078,-0.01185,0.27432,0.72429
4246,5179.4,45838874,2991944,0.811,0.622,7587,10875,14541,0.0062516,0,0,0.0891,0.212,0.4088,0.1013,0.01187,0.60953,0.11951,-0.00753,0.2629,0.70492
4247,5180.6,45849770,2992579,0.609,0.621,8859,10896,14577,0.00624834,0,0,0.0784,0.1634,0.3168,0.0502,0.0118,0.60855,0.12521,-0.0106,0.28061,0.71949
4248,5181.8,45860624,2993218,0.593,0.634,8845,10854,14548,0.00624507,0,0,0.0733,0.1376,0.3191,0.0629,0.0123,0.62114,0.10701,-0.00823,0.23981,0.74633
4249,5183.0,45871538,2993863,0.57,0.632,9079,10914,14601,0.00624181,0,0,0.0724,0.1304,0.2995,0.0674,0.01133,0.62001,0.11363,-0.00875,0.25402,0.74096
4250,5184.3,45882394,2994511,0.662,0.629,8412,10856,14535,0.00623854,0,0,0.0776,0.1618,0.3484,0.0738,0.01098,0.61726,0.11798,-0.00991,0.26511,0.74778
4251,5185.5,45893240,2995146,0.57,0.63,9034,10846,14512,0.00623528,0,0,0.074,0.1394,0.3142,0.0425,0.01187,0.61789,0.12341,-0.01111,0.27824,0.73663
4252,5186.9,45904133,2995775,0.626,0.635,8638,10893,14573,0.00623203,0,0,0.0724,0.1417,0.3213,0.0911,0.01351,0.61982,0.12499,-0.00818,0.27574,0.75422
4253,5188.1,45914993,2996408,0.625,0.63,8654,10860,14526,0.00622876,0,0,0.0751,0.1545,0.3449,0.0503,0.01166,0.61781,0.12641,-0.00881,0.27964,0.73866
4254,5189.4,45925897,2997038,0.612,0.636,8738,10904,14594,0.0062255,0,0,0.0769,0.1491,0.3234,0.0622,0.0126,0.62305,0.11541,-0.00953,0.25919,0.74877
4255,5190.5,45936777,2997678,0.519,0.631,9461,10880,14549,0.00622223,0,0,0.0602,0.1081,0.3144,0.0359,0.01212,0.6187,0.11452,-0.01099,0.26015,0.73338
4256,5191.8,45947692,2998305,0.596,0.632,8892,10915,14567,0.00621897,0,0,0.0663,0.1331,0.3197,0.0765,0.01209,0.61897,0.12041,-0.01034,0.27058,0.72976
4257,5193.0,45958563,2998934,0.556,0.636,9122,10871,14552,0.00621569,0,0,0.0722,0.1403,0.3006,0.043,0.01199,0.62276,0.11005,-0.01213,0.25353,0.73833
4258,5194.2,45969437,2999572,0.625,0.629,8672,10874,14559,0.00621243,0,0,0.0775,0.1526,0.3208,0.0737,0.01095,0.61752,0.13068,-0.01059,0.2918,0.74525
4259,5195.4,45980284,3000208,0.593,0.629,8876,10847,14545,0.00620917,0,0,0.0739,0.1412,0.334,0.0438,0.01183,0.61679,0.11905,-0.01104,0.26946,0.74794
4260,5196.6,45991174,3000840,0.566,0.628,9114,10890,14583,0.00620591,0,0,0.071,0.1444,0.2993,0.0517,0.01141,0.61633,0.12078,-0.00969,0.27009,0.73838
4261,5197.8,46002055,3001485,0.517,0.627,9515,10881,14574,0.00620265,0,0,0.0601,0.1124,0.3086,0.0356,0.01126,0.61495,0.12639,-0.011,0.28386,0.7326
4262,5199.0,46012933,3002124,0.602,0.626,8861,10878,14573,0.00619938,0,0,0.0716,0.1465,0.3137,0.0696,0.0113,0.61376,0.11583,-0.0106,0.26169,0.71247
4263,5200.2,46023774,3002758,0.524,0.625,9434,10841,14522,0.00619612,0,0,0.0653,0.1267,0.2886,0.0433,0.01185,0.61268,0.1127,-0.01004,0.25448,0.72691
4264,5201.4,46034671,3003401,0.57,0.626,9113,10897,14586,0.00619287,0,0,0.0721,0.1347,0.3002,0.0631,0.01165,0.61339,0.12045,-0.01019,0.27038,0.73456
4265,5202.6,46045589,3004037,0.576,0.625,9091,10918,14594,0.0061896,0,0,0.0736,0.1473,0.3152,0.0404,0.01134,0.61253,0.12089,-0.01217,0.27515,0.72885
4266,5203.7,46056480,3004682,0.531,0.621,9459,10891,14566,0.00618632,0,0,0.0597,0.1103,0.3088,0.0518,0.01153,0.60848,0.11412,-0.01264,0.26231,0.71183
4267,5204.9,46067370,3005321,0.553,0.618,9300,10890,14589,0.00618306,0,0,0.0591,0.1097,0.3003,0.0837,0.01112,0.60627,0.12217,-0.00872,0.27072,0.72213
4268,5206.0,46078241,3005951,0.49,0.619,9799,10871,14564,0.00617979,0,0,0.0513,0.0932,0.265,0.0806,0.01101,0.60758,0.12443,-0.01077,0.27925,0.71683
4269,5207.1,46089113,3006587,0.512,0.623,9580,10872,14543,0.00617653,0,0,0.0585,0.1016,0.2776,0.0745,0.01119,0.6109,0.12538,-0.01088,0.28144,0.72196
4270,5208.3,46099938,3007220,0.531,0.626,9355,10825,14501,0.00617327,0,0,0.0589,0.1131,0.2844,0.0747,0.01147,0.6138,0.11746,-0.01118,0.26614,0.71804
4271,5209.4,46110815,3007841,0.487,0.628,9763,10877,14552,0.00617002,0,0,0.0576,0.106,0.2774,0.0455,0.0116,0.6154,0.12636,-0.01018,0.28194,0.7172
4272,5210.6,46121637,3008475,0.544,0.626,9248,10822,14494,0.00616676,0,0,0.0601,0.1281,0.2963,0.0594,0.01083,0.61478,0.13382,-0.01031,0.29705,0.7125
4273,5211.7,46132494,3009123,0.492,0.626,9710,10857,14539,0.00616351,0,0,0.0583,0.1053,0.288,0.0407,0.01137,0.61349,0.11631,-0.01141,0.2646,0.74272
4274,5212.9,46143304,3009748,0.556,0.621,9179,10810,14483,0.00616025,0,0,0.0641,0.1269,0.3009,0.0646,0.01166,0.60898,0.11176,-0.01057,0.2537,0.73468
4275,5214.0,46154136,3010392,0.499,0.625,9642,10832,14519,0.00615701,0,0,0.0595,0.103,0.3032,0.033,0.01096,0.61297,0.12336,-0.00918,0.27395,0.71953
4276,5215.1,46164991,3011031,0.516,0.624,9517,10855,14545,0.00615376,0,0,0.0602,0.1075,0.2924,0.0561,0.01164,0.61216,0.11816,-0.01185,0.26893,0.72399
4277,5216.2,46175803,3011663,0.484,0.628,9723,10812,14478,0.0061505,0,0,0.0614,0.1088,0.2768,0.0372,0.01108,0.61594,0.11962,-0.01233,0.27283,0.72555
4278,5217.4,46186647,3012308,0.515,0.628,9480,10844,14545,0.00614726,0,0,0.0598,0.1096,0.2968,0.0492,0.01138,0.6164,0.12695,-0.0091,0.28087,0.7123
4279,5218.5,46197462,3012952,0.489,0.629,9675,10815,14485,0.00614401,0,0,0.0606,0.1025,0.2952,0.0307,0.01152,0.61661,0.12856,-0.0096,0.2849,0.69884
4280,5219.6,46208336,3013600,0.515,0.627,9524,10874,14552,0.00614076,0,0,0.0564,0.0993,0.2966,0.0629,0.01123,0.61477,0.12466,-0.00654,0.27124,0.72041
4281,5220.7,46219200,3014246,0.47,0.631,9872,10864,14522,0.0061375,0,0,0.0609,0.1029,0.2737,0.0325,0.01194,0.61766,0.1175,-0.00998,0.26385,0.72408
4282,5221.9,46230078,3014880,0.498,0.625,9687,10878,14538,0.00613424,0,0,0.0594,0.1064,0.2786,0.0541,0.01098,0.61278,0.13094,-0.01081,0.29206,0.69798
4283,5223.0,46240927,3015513,0.478,0.624,9846,10849,14532,0.00613098,0,0,0.0579,0.1035,0.2846,0.0316,0.0109,0.61273,0.12822,-0.00954,0.28414,0.70188
4284,5224.1,46251758,3016166,0.496,0.625,9664,10831,14494,0.00612772,0,0,0.0608,0.1042,0.28,0.0506,0.01183,0.61245,0.12622,-0.00754,0.27602,0.69325
4285,5225.2,46262638,3016801,0.502,0.626,9645,10880,14559,0.00612447,0,0,0.0595,0.1112,0.2956,0.0356,0.01199,0.6134,0.12301,-0.01152,0.27802,0.73116
4286,5226.4,46273550,3017441,0.529,0.63,9410,10912,14594,0.00612121,0,0,0.0627,0.1178,0.2871,0.0617,0.01178,0.61761,0.12162,-0.01004,0.27224,0.72836
4287,5227.5,46284431,3018073,0.493,0.629,9694,10881,14570,0.00611793,0,0,0.0604,0.1049,0.2945,0.0334,0.01155,0.61722,0.12103,-0.01203,0.27509,0.73241
4288,5228.7,46295318,3018716,0.526,0.629,9431,10887,14537,0.00611467,0,0,0.0626,0.1153,0.2862,0.0615,0.01112,0.61683,0.1232,-0.01224,0.28004,0.75018
4289,5229.8,46306161,3019358,0.481,0.618,9867,10843,14514,0.0061114,0,0,0.0583,0.1053,0.2828,0.0343,0.01082,0.60671,0.12597,-0.01121,0.2834,0.73961
4290,5230.9,46317026,3019994,0.491,0.617,9803,10865,14536,0.00610815,0,0,0.0589,0.1047,0.2778,0.0498,0.01024,0.60627,0.1413,-0.00925,0.30991,0.72132
4291,5232.0,46327908,3020637,0.478,0.618,9925,10882,14588,0.00610489,0,0,0.06,0.11,0.2757,0.0322,0.01169,0.60622,0.12401,-0.01151,0.2801,0.74326
4292,5233.1,46338786,3021271,0.518,0.617,9584,10878,14542,0.00610163,0,0,0.0589,0.1051,0.2886,0.0653,0.0109,0.60541,0.1375,-0.01058,0.3051,0.7319
4293,5234.2,46349728,3021932,0.465,0.617,10104,10942,14647,0.00609836,0,0,0.0584,0.1033,0.2742,0.0296,0.01145,0.60483,0.12918,-0.01088,0.28918,0.74422
4294,5235.4,46360639,3022560,0.568,0.621,9176,10911,14585,0.00609508,0,0,0.0621,0.1328,0.2853,0.0881,0.01046,0.60971,0.13177,-0.01025,0.29306,0.74011
4295,5236.5,46371512,3023218,0.553,0.622,9253,10873,14525,0.00609181,0,0,0.057,0.101,0.2815,0.1138,0.01079,0.61,0.13407,-0.00936,0.29583,0.73561
4296,5237.7,46382432,3023856,0.51,0.626,9619,10920,14583,0.00608855,0,0,0.0703,0.1038,0.2868,0.0487,0.0109,0.61409,0.12485,-0.01171,0.28191,0.72197
4297,5238.8,46393325,3024504,0.464,0.624,10008,10893,14588,0.00608527,0,0,0.0552,0.0984,0.2796,0.0309,0.01126,0.61229,0.13238,-0.01057,0.29466,0.72042
4298,5239.9,46404216,3025150,0.526,0.626,9453,10891,14569,0.006082,0,0,0.0587,0.103,0.2979,0.0663,0.01156,0.61332,0.12012,-0.01079,0.27056,0.71819
4299,5241.0,46415148,3025797,0.475,0.621,9976,10932,14615,0.00607874,0,0,0.0578,0.1028,0.282,0.0318,0.01094,0.60971,0.11891,-0.01077,0.26826,0.73254
4300,5242.1,46426033,3026452,0.486,0.623,9811,10885,14562,0.00607546,0,0,0.0557,0.0982,0.2733,0.0589,0.01168,0.61105,0.11386,-0.01117,0.25893,0.72933
4301,5243.3,46436929,3027115,0.585,0.612,9096,10896,14568,0.00607219,0,0,0.0749,0.1509,0.3157,0.0439,0.01191,0.59997,0.11245,-0.01038,0.25448,0.72706
4302,5244.6,46447749,3027795,0.524,0.612,9520,10820,14567,0.00606892,0,0,0.067,0.1193,0.2922,0.0456,0.01168,0.60005,0.11716,-0.01242,0.26814,0.74076
4303,5245.7,46458541,3028463,0.494,0.616,9726,10792,14554,0.00606568,0,0,0.0625,0.1105,0.2873,0.0335,0.01135,0.60381,0.12393,-0.01336,0.2834,0.72605
4304,5246.9,46469307,3029136,0.593,0.62,8878,10766,14497,0.00606244,0,0,0.0727,0.138,0.3103,0.0718,0.01191,0.60731,0.11208,-0.01208,0.25699,0.71429
4305,5248.1,46480126,3029818,0.564,0.618,9147,10819,14566,0.00605921,0,0,0.0734,0.1451,0.3065,0.0394,0.01174,0.60595,0.12005,-0.01029,0.26947,0.72434
4306,5249.2,46490918,3030490,0.553,0.616,9231,10792,14526,0.00605596,0,0,0.0642,0.1123,0.3003,0.0765,0.01146,0.60374,0.11929,-0.01025,0.26783,0.72349
4307,5250.4,46501735,3031186,0.528,0.614,9473,10817,14564,0.00605272,0,0,0.0671,0.1264,0.2992,0.0349,0.01107,0.60251,0.11859,-0.01155,0.26903,0.72293
4308,5251.5,46512566,3031860,0.544,0.615,9350,10831,14576,0.00604948,0,0,0.0639,0.1221,0.3063,0.0515,0.01107,0.60266,0.13142,-0.00812,0.28771,0.71233
4309,5252.7,46523393,3032534,0.579,0.617,9051,10827,14544,0.00604623,0,0,0.0735,0.1486,0.3161,0.0413,0.01223,0.60371,0.11089,-0.0093,0.24905,0.71762
4310,5254.0,46534167,3033213,0.607,0.614,8827,10774,14509,0.00604298,0,0,0.0714,0.1432,0.3117,0.0807,0.01098,0.6017,0.11486,-0.00956,0.25762,0.72655
4311,5255.1,46544987,3033905,0.544,0.618,9312,10820,14567,0.00603975,0,0,0.0663,0.1284,0.3088,0.0409,0.01174,0.60489,0.11293,-0.00826,0.25126,0.73561
4312,5256.3,46555779,3034578,0.602,0.615,8869,10792,14518,0.0060365,0,0,0.0706,0.1435,0.3178,0.0697,0.0114,0.60309,0.1177,-0.00657,0.25712,0.71089
4313,5257.5,46566557,3035262,0.561,0.626,9076,10778,14550,0.00603327,0,0,0.0723,0.1449,0.3042,0.0399,0.01116,0.61436,0.11144,-0.00914,0.24985,0.72014
4314,5258.7,46577372,3035947,0.567,0.625,9072,10815,14545,0.00603003,0,0,0.0625,0.1237,0.3052,0.0757,0.011,0.61331,0.11271,-0.00944,0.25292,0.71601
4315,5259.9,46588163,3036637,0.55,0.626,9178,10791,14566,0.00602679,0,0,0.0667,0.1283,0.3144,0.0403,0.01207,0.61321,0.11094,-0.01015,0.2509,0.7227
4316,5261.1,46598962,3037327,0.592,0.626,8867,10799,14547,0.00602355,0,0,0.0716,0.1433,0.3217,0.055,0.01222,0.61313,0.11295,-0.00637,0.24735,0.72203
4317,5262.3,46609759,3037997,0.582,0.624,8952,10797,14530,0.00602031,0,0,0.0769,0.1542,0.3086,0.042,0.01191,0.61134,0.11483,-0.01074,0.25975,0.71417
4318,5263.7,46620519,3038692,0.727,0.63,7930,10760,14512,0.00601707,0,0,0.079,0.199,0.3597,0.0892,0.01269,0.61635,0.11552,-0.00683,0.25358,0.7372
4319,5264.9,46631335,3039358,0.66,0.614,8488,10816,14542,0.00601384,0,0,0.0793,0.1585,0.3359,0.0866,0.01222,0.60114,0.11541,-0.00641,0.25243,0.73148
4320,5266.1,46642123,3040041,0.549,0.623,9208,10788,14517,0.0060106,0,0,0.0638,0.1234,0.2953,0.0664,0.01077,0.61121,0.12719,-0.00894,0.28092,0.71944
4321,5267.3,46652915,3040719,0.576,0.616,9053,10792,14520,0.00600736,0,0,0.0665,0.1296,0.3007,0.0795,0.01187,0.60322,0.11541,-0.01232,0.26392,0.70429
4322,5268.5,46663728,3041393,0.538,0.614,9386,10813,14546,0.00600413,0,0,0.0697,0.1366,0.2959,0.0362,0.00997,0.60303,0.11825,-0.00955,0.26427,0.7229
4323,5269.6,46674559,3042058,0.541,0.621,9321,10831,14598,0.00600088,0,0,0.0639,0.116,0.2958,0.0651,0.01134,0.6091,0.12415,-0.00924,0.27522,0.70171
4324,5270.8,46685362,3042718,0.565,0.616,9150,10803,14536,0.00599763,0,0,0.0683,0.1309,0.315,0.051,0.01124,0.60369,0.1239,-0.00896,0.27422,0.7099
4325,5272.0,46696137,3043382,0.547,0.621,9226,10775,14523,0.00599439,0,0,0.0611,0.1134,0.3036,0.0692,0.01121,0.60873,0.12712,-0.00825,0.27926,0.71116
4326,5273.1,46706910,3044068,0.544,0.616,9290,10773,14534,0.00599116,0,0,0.0719,0.1346,0.297,0.0404,0.01116,0.60375,0.1406,-0.00857,0.30694,0.7176
4327,5274.3,46717664,3044744,0.546,0.626,9169,10754,14496,0.00598793,0,0,0.0641,0.1238,0.2955,0.063,0.01205,0.61381,0.12265,-0.01101,0.27581,0.71046
4328,5275.5,46728418,3045428,0.522,0.627,9355,10754,14504,0.0059847,0,0,0.0622,0.134,0.2919,0.0342,0.01115,0.61529,0.13124,-0.011,0.29296,0.70899
4329,5276.7,46739213,3046100,0.583,0.63,8901,10795,14547,0.00598147,0,0,0.0666,0.1372,0.308,0.0713,0.01155,0.61728,0.12192,-0.00842,0.26934,0.72416
4330,5277.9,46750015,3046768,0.552,0.629,9146,10802,14525,0.00597824,0,0,0.0696,0.1307,0.2985,0.0529,0.01198,0.61653,0.12319,-0.00983,0.27465,0.7201
4331,5279.1,46760801,3047429,0.618,0.623,8693,10786,14547,0.005975,0,0,0.0716,0.1364,0.3129,0.097,0.01143,0.61023,0.13648,-0.01137,0.3043,0.71855
4332,5280.3,46771582,3048112,0.591,0.63,8827,10781,14544,0.00597176,0,0,0.0684,0.1277,0.3118,0.0834,0.01142,0.61758,0.13008,-0.0108,0.29029,0.71488
4333,5281.6,46782392,3048771,0.618,0.617,8750,10810,14547,0.00596853,0,0,0.0773,0.1449,0.3171,0.0789,0.0116,0.60498,0.13299,-0.01288,0.30029,0.7161
4334,5282.8,46793176,3049452,0.565,0.633,8999,10784,14520,0.00596528,0,0,0.0745,0.1333,0.3206,0.0368,0.01128,0.62115,0.11719,-0.0099,0.26289,0.73086
4335,5284.0,46803949,3050113,0.612,0.623,8728,10773,14490,0.00596205,0,0,0.0704,0.1396,0.323,0.0787,0.01142,0.61028,0.12249,-0.01081,0.27491,0.69794
4336,5285.2,46814736,3050778,0.587,0.635,8826,10787,14515,0.00595882,0,0,0.0704,0.1389,0.3126,0.0652,0.0116,0.62254,0.1421,-0.00853,0.30971,0.7098
4337,5286.6,46825502,3051442,0.705,0.637,8024,10766,14509,0.00595558,0,0,0.0813,0.1811,0.3464,0.0962,0.01246,0.62337,0.13858,-0.0105,0.30668,0.71502
4338,5287.9,46836238,3052122,0.68,0.636,8153,10736,14486,0.00595235,0,0,0.0752,0.1552,0.3313,0.1186,0.01241,0.62306,0.12738,-0.01027,0.28355,0.69297
4339,5289.1,46846977,3052808,0.641,0.631,8443,10739,14497,0.00594913,0,0,0.078,0.1558,0.3286,0.0784,0.01148,0.61892,0.13205,-0.01197,0.29648,0.7099
4340,5290.4,46857751,3053474,0.618,0.635,8602,10774,14515,0.00594591,0,0,0.0834,0.1614,0.3344,0.0387,0.01173,0.62133,0.13848,-0.01021,0.30559,0.69105
4341,5291.6,46868518,3054143,0.578,0.638,8855,10767,14483,0.00594267,0,0,0.0705,0.1264,0.302,0.0788,0.01283,0.62481,0.14295,-0.00904,0.31225,0.6942
4342,5292.8,46879305,3054815,0.584,0.633,8864,10787,14531,0.00593944,0,0,0.0709,0.1408,0.3088,0.0638,0.01124,0.62046,0.13218,-0.01215,0.29723,0.72118
4343,5294.0,46890149,3055482,0.565,0.624,9121,10844,14589,0.00593621,0,0,0.0672,0.1316,0.2947,0.0715,0.01136,0.61162,0.12381,-0.00997,0.27621,0.72894
4344,5295.2,46900965,3056142,0.535,0.625,9329,10816,14572,0.00593296,0,0,0.0675,0.133,0.2921,0.0419,0.0114,0.61263,0.12799,-0.00774,0.28037,0.75105
4345,5296.3,46911802,3056805,0.546,0.625,9251,10837,14582,0.00592971,0,0,0.0666,0.1384,0.275,0.0662,0.01241,0.61222,0.13145,-0.00799,0.28775,0.74723
4346,5297.5,46922631,3057466,0.543,0.619,9323,10829,14572,0.00592646,0,0,0.0688,0.1316,0.3072,0.0354,0.01056,0.60745,0.1279,-0.00931,0.28343,0.76008
4347,5298.7,46933420,3058137,0.59,0.624,8886,10789,14565,0.00592321,0,0,0.072,0.1376,0.3006,0.08,0.01183,0.61113,0.12476,-0.00806,0.27469,0.76416
4348,5299.9,46944286,3058790,0.555,0.62,9248,10866,14607,0.00591997,0,0,0.067,0.1335,0.3,0.0543,0.01152,0.60803,0.12987,-0.01091,0.29047,0.75288
4349,5301.1,46955072,3059470,0.587,0.628,8876,10786,14549,0.00591671,0,0,0.0758,0.141,0.3022,0.0685,0.01096,0.61575,0.13196,-0.00906,0.29115,0.77041
4350,5302.3,46965907,3060139,0.569,0.635,8999,10835,14607,0.00591348,0,0,0.0761,0.1459,0.309,0.0385,0.01132,0.62246,0.11846,-0.00906,0.2641,0.76666
4351,5303.6,46976729,3060804,0.622,0.636,8608,10822,14555,0.00591023,0,0,0.0776,0.1417,0.3216,0.0806,0.01118,0.62371,0.12051,-0.01035,0.27054,0.74567
4352,5304.9,46987546,3061474,0.601,0.639,8724,10817,14606,0.00590698,0,0,0.0773,0.1548,0.3217,0.047,0.01214,0.62609,0.1239,-0.01187,0.28076,0.78091
4353,5306.3,46998270,3062156,0.709,0.633,7990,10724,14540,0.00590374,0,0,0.0802,0.1652,0.3616,0.1017,0.01282,0.61962,0.1145,-0.0089,0.25628,0.80243
4354,5307.8,47009036,3062829,0.854,0.636,7228,10766,14565,0.00590052,0,0,0.0905,0.2237,0.412,0.1275,0.01242,0.62235,0.12515,-0.01138,0.28242,0.79286
4355,5309.1,47019829,3063526,0.731,0.643,7853,10793,14580,0.00589729,0,0,0.0914,0.1947,0.3746,0.0703,0.01261,0.6296,0.11871,-0.00785,0.26265,0.80775
4356,5310.6,47030584,3064216,0.794,0.637,7516,10755,14565,0.00589405,0,0,0.0967,0.2163,0.4337,0.0469,0.01182,0.6248,0.12131,-0.00969,0.27128,0.78813
4357,5311.9,47041341,3064895,0.691,0.633,8122,10757,14566,0.00589082,0,0,0.0863,0.1728,0.3449,0.087,0.01128,0.62116,0.11615,-0.01187,0.26533,0.78831
4358,5313.4,47052068,3065583,0.856,0.641,7166,10727,14550,0.0058876,0,0,0.0981,0.2558,0.4468,0.0552,0.01558,0.62469,0.12734,-0.00808,0.28016,0.79112
4359,5314.8,47062787,3066277,0.777,0.632,7608,10719,14538,0.00588438,0,0,0.0923,0.1887,0.3962,0.0997,0.01226,0.61898,0.12304,-0.01215,0.27967,0.78912
4360,5316.1,47073532,3066941,0.647,0.629,8421,10745,14519,0.00588116,0,0,0.0802,0.1678,0.347,0.0519,0.01194,0.61623,0.12275,-0.01076,0.2761,0.77144
4361,5317.3,47084251,3067618,0.642,0.63,8425,10719,14529,0.00587794,0,0,0.0737,0.1647,0.3422,0.0616,0.01247,0.61671,0.12336,-0.01028,0.27631,0.76824
4362,5318.6,47094997,3068300,0.577,0.63,8906,10746,14533,0.00587472,0,0,0.0713,0.1418,0.3213,0.0424,0.01121,0.61775,0.11967,-0.00961,0.26754,0.76507
4363,5319.8,47105756,3068974,0.658,0.632,8341,10759,14562,0.0058715,0,0,0.0814,0.161,0.3373,0.0782,0.01181,0.61937,0.12293,-0.01058,0.27602,0.76503
4364,5321.0,47116494,3069654,0.537,0.631,9193,10738,14525,0.00586827,0,0,0.0702,0.1221,0.3063,0.038,0.01216,0.61829,0.12524,-0.00989,0.27925,0.76672
4365,5322.3,47127237,3070331,0.613,0.632,8627,10743,14545,0.00586505,0,0,0.0709,0.1431,0.3197,0.0791,0.01203,0.61933,0.12248,-0.01003,0.27376,0.74641
4366,5323.5,47137942,3071009,0.656,0.632,8310,10705,14490,0.00586183,0,0,0.0786,0.1652,0.3405,0.0715,0.01248,0.61884,0.12446,-0.01225,0.28216,0.74695
4367,5324.9,47148697,3071696,0.701,0.629,8086,10755,14564,0.00585862,0,0,0.0865,0.1713,0.3619,0.0815,0.01219,0.61578,0.12154,-0.00754,0.26676,0.73487
4368,5326.1,47159381,3072386,0.596,0.62,8789,10684,14479,0.00585539,0,0,0.0754,0.1544,0.3215,0.0446,0.01085,0.60802,0.1186,-0.01076,0.26731,0.73327
4369,5327.3,47170061,3073084,0.615,0.619,8653,10680,14473,0.00585219,0,0,0.0733,0.1412,0.309,0.0917,0.01294,0.6044,0.12255,-0.0074,0.26845,0.72977
4370,5328.6,47180786,3073767,0.68,0.623,8235,10725,14517,0.00584898,0,0,0.0861,0.1955,0.3412,0.0568,0.01196,0.60959,0.12566,-0.0096,0.27913,0.73423
4371,5330.0,47191554,3074442,0.724,0.621,8005,10768,14555,0.00584576,0,0,0.0914,0.2066,0.3504,0.0756,0.01131,0.609,0.13461,-0.00835,0.29448,0.73194
4372,5331.2,47202283,3075119,0.637,0.629,8475,10729,14560,0.00584253,0,0,0.0811,0.1738,0.3365,0.046,0.01215,0.6155,0.13704,-0.00656,0.296,0.75199
4373,5332.7,47212990,3075809,0.793,0.62,7579,10707,14519,0.00583932,0,0,0.0884,0.208,0.4233,0.073,0.01192,0.6066,0.13644,-0.00638,0.29423,0.73528
4374,5333.9,47223725,3076497,0.658,0.626,8362,10735,14569,0.0058361,0,0,0.0895,0.179,0.3369,0.0522,0.01206,0.61295,0.12698,-0.00779,0.27822,0.74376
4375,5335.3,47234453,3077168,0.689,0.633,8117,10728,14525,0.00583288,0,0,0.087,0.1615,0.3636,0.0768,0.01215,0.61999,0.1298,-0.00845,0.28512,0.73883
4376,5336.6,47245134,3077862,0.69,0.634,8067,10681,14469,0.00582966,0,0,0.0838,0.1753,0.3801,0.0506,0.01209,0.62107,0.11709,-0.0097,0.26246,0.76221
4377,5338.0,47255855,3078577,0.798,0.633,7493,10721,14538,0.00582646,0,0,0.0941,0.2092,0.397,0.0976,0.01202,0.62005,0.12609,-0.0096,0.28004,0.74263
4378,5339.4,47266563,3079263,0.743,0.626,7817,10708,14494,0.00582324,0,0,0.0878,0.1883,0.3643,0.1029,0.01259,0.61142,0.13839,-0.00761,0.30059,0.73803
4379,5340.8,47277302,3079927,0.807,0.645,7397,10739,14539,0.00582003,0,0,0.0874,0.2252,0.3703,0.124,0.01431,0.62949,0.13649,-0.00933,0.30052,0.76406
4380,5342.3,47288116,3080618,0.802,0.639,7501,10814,14621,0.00581681,0,0,0.092,0.2231,0.3849,0.1025,0.01181,0.62646,0.13692,-0.00929,0.30131,0.76446
4381,5343.7,47298849,3081278,0.799,0.629,7516,10733,14526,0.00581357,0,0,0.0853,0.19,0.4196,0.1042,0.012,0.61591,0.11945,-0.0076,0.26299,0.76447
4382,5345.1,47309660,3081950,0.814,0.615,7563,10811,14618,0.00581035,0,0,0.0994,0.2199,0.4181,0.0766,0.01213,0.60251,0.13063,-0.00934,0.28887,0.76823
4383,5346.6,47320469,3082606,0.788,0.634,7603,10809,14596,0.0058071,0,0,0.0914,0.2009,0.3913,0.1046,0.01821,0.61392,0.13767,-0.01,0.30414,0.75725
4384,5348.1,47331252,3083274,0.861,0.638,7192,10783,14582,0.00580386,0,0,0.0954,0.2221,0.4091,0.1342,0.01201,0.6254,0.12734,-0.00888,0.28131,0.76452
4385,5349.5,47342071,3083946,0.755,0.635,7783,10819,14645,0.00580062,0,0,0.0893,0.1905,0.4001,0.0756,0.01459,0.61901,0.13655,-0.01109,0.30416,0.76584
4386,5350.8,47352850,3084612,0.692,0.628,8171,10779,14587,0.00579738,0,0,0.0966,0.1837,0.3627,0.0485,0.01203,0.61469,0.12862,-0.01036,0.28685,0.76561
4387,5352.1,47363693,3085270,0.678,0.624,8325,10843,14634,0.00579415,0,0,0.083,0.1771,0.3347,0.0836,0.01146,0.61203,0.12532,-0.01103,0.2817,0.77747
4388,5353.3,47374478,3085928,0.592,0.627,8849,10785,14594,0.00579089,0,0,0.0797,0.1537,0.3154,0.043,0.01196,0.6143,0.13103,-0.01228,0.29551,0.76816
4389,5354.6,47385285,3086598,0.655,0.624,8447,10807,14591,0.00578766,0,0,0.0747,0.1578,0.3293,0.0936,0.0124,0.6105,0.1238,-0.00924,0.2749,0.76262
4390,5355.9,47396086,3087273,0.718,0.616,8096,10801,14620,0.00578441,0,0,0.076,0.1622,0.3291,0.1505,0.01135,0.60419,0.12134,-0.00785,0.26731,0.7724
4391,5357.1,47406926,3087947,0.596,0.614,8959,10840,14644,0.00578117,0,0,0.0724,0.1351,0.3063,0.0818,0.01141,0.60219,0.13204,-0.00945,0.29192,0.77519
4392,5358.3,47417721,3088607,0.519,0.617,9498,10795,14591,0.00577792,0,0,0.0648,0.1257,0.2894,0.0393,0.01104,0.60579,0.12975,-0.01157,0.29132,0.75118
4393,5359.5,47428528,3089286,0.648,0.625,8492,10807,14585,0.00577468,0,0,0.0793,0.1528,0.3271,0.0883,0.0126,0.6115,0.12621,-0.01183,0.28508,0.77823
4394,5360.9,47439300,3089962,0.738,0.622,7920,10772,14595,0.00577144,0,0,0.0928,0.2017,0.3791,0.0641,0.01385,0.60764,0.11998,-0.01061,0.27019,0.77975
4395,5362.2,47450078,3090647,0.683,0.62,8271,10778,14587,0.00576821,0,0,0.0799,0.1701,0.3636,0.0696,0.0104,0.60872,0.12704,-0.01011,0.28332,0.78184
4396,5363.4,47460828,3091338,0.568,0.619,9051,10750,14545,0.00576498,0,0,0.0787,0.1514,0.2983,0.0401,0.01144,0.60692,0.12511,-0.01006,0.2794,0.7859
4397,5364.6,47471623,3092014,0.584,0.621,8956,10795,14597,0.00576175,0,0,0.0704,0.1392,0.3071,0.0673,0.0132,0.6072,0.12923,-0.01011,0.28761,0.7755
4398,5365.8,47482406,3092675,0.545,0.628,9188,10783,14560,0.00575851,0,0,0.0732,0.1449,0.2809,0.0465,0.01148,0.61589,0.13229,-0.01135,0.29628,0.78116
4399,5367.0,47493151,3093363,0.574,0.63,8928,10745,14577,0.00575528,0,0,0.0658,0.1237,0.3067,0.0774,0.01146,0.61787,0.13018,-0.00991,0.28918,0.782
4400,5368.1,47503890,3094039,0.538,0.629,9200,10739,14545,0.00575205,0,0,0.0686,0.1211,0.3055,0.043,0.0119,0.61648,0.13208,-0.00874,0.2906,0.77771
4401,5369.9,47514598,3094752,0.642,0.632,8405,10708,14552,0.00574883,0,0,0.0745,0.1532,0.3252,0.0886,0.01274,0.61878,0.13155,-0.00867,0.28982,0.8151
4402,5371.2,47525299,3095440,0.626,0.632,8504,10701,14512,0.00574562,0,0,0.0788,0.1583,0.3449,0.0441,0.01243,0.61825,0.12865,-0.0098,0.28597,0.78982
4403,5372.6,47536003,3096126,0.734,0.63,7848,10704,14504,0.00574241,0,0,0.0823,0.1967,0.3593,0.0959,0.01264,0.61629,0.12928,-0.0086,0.28487,0.79479
4404,5374.0,47546712,3096805,0.731,0.631,7861,10709,14507,0.0057392,0,0,0.0818,0.1773,0.3488,0.123,0.01211,0.61781,0.13635,-0.00907,0.30017,0.81205
4405,5375.3,47557442,3097490,0.69,0.635,8100,10730,14574,0.00573599,0,0,0.0773,0.1649,0.3501,0.0974,0.01192,0.62208,0.13425,-0.01171,0.30118,0.80816
4406,5376.6,47568196,3098170,0.674,0.644,8155,10754,14564,0.00573277,0,0,0.081,0.1557,0.3492,0.0884,0.01295,0.63048,0.12595,-0.00976,0.28055,0.79574
4407,5377.9,47578908,3098850,0.638,0.614,8553,10712,14519,0.00572954,0,0,0.0799,0.154,0.3553,0.0487,0.01266,0.60101,0.12833,-0.00851,0.28294,0.80863
4408,5379.1,47589628,3099550,0.63,0.621,8566,10720,14568,0.00572633,0,0,0.0771,0.1422,0.3237,0.0873,0.01234,0.60769,0.12355,-0.0126,0.28169,0.82017
4409,5380.4,47600342,3100259,0.644,0.62,8482,10714,14523,0.00572311,0,0,0.0788,0.1621,0.3429,0.0597,0.01244,0.60625,0.13425,-0.01207,0.30196,0.81444
4410,5381.7,47610993,3100950,0.645,0.637,8309,10651,14460,0.0057199,0,0,0.0757,0.1474,0.3508,0.0711,0.01232,0.62345,0.12902,-0.00923,0.28601,0.83012
4411,5383.1,47621673,3101624,0.751,0.635,7706,10680,14477,0.0057167,0,0,0.0833,0.1782,0.3746,0.1147,0.01195,0.62194,0.11957,-0.01147,0.2713,0.80652
4412,5384.4,47632382,3102329,0.676,0.636,8163,10709,14533,0.0057135,0,0,0.0761,0.1603,0.3384,0.1011,0.01269,0.62251,0.11949,-0.01252,0.27352,0.83205
4413,5385.6,47643090,3103016,0.645,0.635,8364,10708,14500,0.00571029,0,0,0.0801,0.1698,0.351,0.044,0.01242,0.62206,0.12116,-0.01183,0.27509,0.79747
4414,5387.0,47653777,3103716,0.692,0.638,8035,10687,14495,0.00570707,0,0,0.0846,0.1655,0.3557,0.0857,0.01249,0.62483,0.12826,-0.00994,0.28555,0.80099
4415,5388.3,47664480,3104419,0.651,0.634,8334,10703,14533,0.00570387,0,0,0.0774,0.1621,0.3571,0.054,0.01297,0.62003,0.13131,-0.00859,0.28907,0.81205
4416,5389.6,47675215,3105097,0.661,0.629,8326,10735,14527,0.00570066,0,0,0.0798,0.1725,0.3335,0.0749,0.01286,0.61519,0.12459,-0.01119,0.28069,0.80026
4417,5390.8,47685933,3105785,0.62,0.628,8588,10718,14523,0.00569744,0,0,0.0775,0.1624,0.3347,0.0458,0.012,0.6145,0.13569,-0.01058,0.30156,0.79174
4418,5392.1,47696698,3106473,0.66,0.627,8361,10765,14555,0.00569422,0,0,0.0777,0.1569,0.3392,0.0862,0.01265,0.61386,0.1245,-0.01037,0.2789,0.80401
4419,5393.3,47707398,3107167,0.618,0.628,8585,10700,14511,0.00569099,0,0,0.0786,0.1593,0.3329,0.0475,0.01237,0.61441,0.13838,-0.01048,0.30683,0.8004
4420,5394.7,47718151,3107859,0.717,0.627,8002,10753,14545,0.00568778,0,0,0.0805,0.1712,0.372,0.0934,0.01312,0.61242,0.11989,-0.01055,0.27015,0.81335
4421,5395.9,47728852,3108549,0.601,0.627,8713,10701,14514,0.00568455,0,0,0.0759,0.1462,0.3204,0.0588,0.01188,0.61383,0.1223,-0.01138,0.27687,0.83681
4422,5397.2,47739528,3109228,0.639,0.626,8440,10676,14463,0.00568134,0,0,0.0756,0.1561,0.33,0.0775,0.01213,0.61258,0.12815,-0.01015,0.28581,0.81017
4423,5398.4,47750257,3109921,0.619,0.63,8592,10729,14534,0.00567814,0,0,0.074,0.1503,0.3215,0.073,0.01217,0.6171,0.12889,-0.01096,0.28904,0.82196
4424,5399.7,47760959,3110604,0.656,0.631,8310,10702,14488,0.00567492,0,0,0.0748,0.166,0.3282,0.0874,0.01311,0.61743,0.11834,-0.01147,0.26877,0.80632
4425,5400.9,47771601,3111289,0.607,0.631,8594,10642,14437,0.00567171,0,0,0.0772,0.1491,0.3334,0.0475,0.01228,0.61758,0.11785,-0.00893,0.26308,0.83997
4426,5402.3,47782266,3111988,0.751,0.629,7726,10665,14481,0.00566852,0,0,0.0897,0.1893,0.3941,0.0783,0.01279,0.61491,0.11335,-0.01106,0.25847,0.85087
4427,5403.6,47792978,3112697,0.628,0.629,8522,10712,14510,0.00566532,0,0,0.0783,0.1471,0.3332,0.069,0.01133,0.61719,0.12108,-0.00786,0.2674,0.83883
4428,5404.9,47803678,3113390,0.662,0.633,8261,10700,14514,0.00566211,0,0,0.0765,0.1564,0.3406,0.0887,0.012,0.61987,0.12874,-0.00655,0.27988,0.82162
4429,5406.2,47814415,3114072,0.685,0.636,8127,10737,14552,0.0056589,0,0,0.0768,0.163,0.3494,0.0957,0.0124,0.62309,0.11387,-0.00868,0.25443,0.82354
4430,5407.5,47825112,3114762,0.676,0.636,8156,10697,14489,0.00565568,0,0,0.0814,0.1601,0.3539,0.0806,0.01227,0.62232,0.12621,-0.00598,0.27369,0.82212
4431,5408.8,47835822,3115463,0.677,0.639,8138,10710,14531,0.00565247,0,0,0.0832,0.1633,0.3425,0.088,0.01214,0.62564,0.12798,-0.00947,0.28441,0.84074
4432,5410.4,47846523,3116142,0.672,0.638,8166,10701,14495,0.00564925,0,0,0.075,0.1639,0.3321,0.1012,0.01324,0.62304,0.11182,-0.01195,0.257,0.83694
4433,5411.8,47857272,3116828,0.746,0.635,7782,10749,14548,0.00564604,0,0,0.0835,0.1776,0.3645,0.1208,0.01272,0.62143,0.11834,-0.00948,0.26495,0.82476
4434,5413.1,47868004,3117511,0.643,0.635,8398,10732,14548,0.00564282,0,0,0.079,0.1739,0.3479,0.0422,0.01179,0.62212,0.11998,-0.00931,0.26804,0.83745
4435,5414.4,47878760,3118192,0.664,0.636,8274,10756,14562,0.0056396,0,0,0.0759,0.1634,0.3516,0.0734,0.01167,0.62336,0.11932,-0.01125,0.27086,0.86126
4436,5415.6,47889482,3118867,0.553,0.64,8982,10722,14535,0.00563637,0,0,0.0675,0.1372,0.3028,0.0458,0.013,0.62656,0.11626,-0.0109,0.26381,0.84184
4437,5416.8,47900209,3119543,0.6,0.628,8740,10727,14502,0.00563316,0,0,0.0741,0.1464,0.3325,0.0468,0.01129,0.61547,0.12697,-0.00796,0.27917,0.82646
4438,5418.0,47910958,3120218,0.58,0.618,8970,10749,14558,0.00562994,0,0,0.0772,0.1523,0.3099,0.0408,0.01099,0.60646,0.11573,-0.01063,0.26208,0.8316
4439,5419.2,47921744,3120880,0.587,0.612,8991,10786,14542,0.00562671,0,0,0.069,0.1343,0.3159,0.0683,0.01112,0.60032,0.11895,-0.01097,0.26893,0.80884
4440,5420.4,47932479,3121550,0.538,0.612,9330,10735,14512,0.00562348,0,0,0.0682,0.1243,0.309,0.0367,0.01136,0.6003,0.12382,-0.00903,0.27492,0.82009
4441,5421.5,47943227,3122226,0.553,0.608,9258,10748,14499,0.00562026,0,0,0.0664,0.1158,0.3072,0.0636,0.01124,0.59561,0.11974,-0.00929,0.26716,0.80973
4442,5422.7,47953976,3122890,0.573,0.606,9121,10749,14551,0.00561703,0,0,0.0765,0.1473,0.3098,0.0392,0.01142,0.59327,0.1206,-0.0096,0.26966,0.82408
4443,5423.9,47964746,3123548,0.568,0.605,9187,10770,14573,0.00561381,0,0,0.0769,0.1431,0.2891,0.0585,0.01141,0.59243,0.13008,-0.00612,0.28163,0.82253
4444,5425.0,47975552,3124210,0.563,0.605,9255,10806,14586,0.00561058,0,0,0.0785,0.1505,0.2955,0.0384,0.01186,0.5917,0.12618,-0.0093,0.28021,0.82343
4445,5426.3,47986325,3124875,0.634,0.607,8678,10773,14551,0.00560733,0,0,0.0756,0.1505,0.3223,0.0856,0.01211,0.59431,0.11128,-0.01085,0.25346,0.82019
4446,5427.5,47997070,3125550,0.623,0.608,8728,10745,14530,0.0056041,0,0,0.0819,0.1677,0.3252,0.0483,0.01223,0.59494,0.12869,-0.00836,0.28352,0.83944
4447,5428.8,48007832,3126221,0.693,0.611,8253,10762,14545,0.00560088,0,0,0.0917,0.1708,0.3487,0.0818,0.01466,0.59535,0.11967,-0.01094,0.27069,0.84693
4448,5430.0,48018534,3126891,0.589,0.611,8913,10702,14462,0.00559765,0,0,0.0762,0.1562,0.3135,0.0434,0.01203,0.59832,0.12566,-0.01165,0.28403,0.8415
4449,5431.3,48029260,3127559,0.674,0.611,8346,10726,14520,0.00559444,0,0,0.0943,0.164,0.3321,0.0835,0.01174,0.59874,0.12412,-0.01057,0.27868,0.83192
4450,5432.5,48040008,3128247,0.558,0.611,9199,10748,14535,0.00559122,0,0,0.0719,0.1321,0.2957,0.0581,0.01119,0.59854,0.12352,-0.00955,0.27539,0.82712
4451,5433.7,48050668,3128923,0.596,0.621,8757,10660,14462,0.005588,0,0,0.0722,0.134,0.3165,0.0734,0.01237,0.60799,0.12744,-0.0111,0.28674,0.86358
4452,5435.0,48061396,3129596,0.55,0.621,9166,10728,14528,0.0055848,0,0,0.0678,0.1323,0.3124,0.0373,0.0116,0.60741,0.12176,-0.00685,0.26671,0.84898
4453,5436.1,48072090,3130259,0.574,0.62,8958,10694,14465,0.00558158,0,0,0.0748,0.1331,0.2995,0.0662,0.01163,0.60803,0.12713,-0.01015,0.28392,0.83834
4454,5437.3,48082822,3130928,0.538,0.615,9303,10732,14489,0.00557837,0,0,0.0728,0.1341,0.2927,0.0387,0.01159,0.60316,0.12618,-0.00848,0.27856,0.82843
4455,5438.5,48093610,3131582,0.583,0.615,9004,10788,14578,0.00557515,0,0,0.0691,0.1309,0.3135,0.0697,0.01194,0.60184,0.12732,-0.01133,0.28667,0.8399
4456,5439.7,48104310,3132251,0.595,0.615,8844,10700,14466,0.00557192,0,0,0.0722,0.1357,0.3008,0.0857,0.01151,0.60288,0.12465,-0.01005,0.27876,0.83946
4457,5440.9,48115044,3132935,0.585,0.609,8993,10734,14479,0.00556871,0,0,0.0706,0.1251,0.3116,0.0772,0.01088,0.59736,0.12868,-0.01217,0.29111,0.84385
4458,5442.1,48125762,3133625,0.553,0.615,9172,10718,14489,0.00556549,0,0,0.0728,0.1352,0.3088,0.0364,0.01195,0.6028,0.12601,-0.01059,0.28259,0.84436
4459,5443.2,48136479,3134286,0.557,0.618,9122,10717,14472,0.00556227,0,0,0.0644,0.1191,0.2897,0.0835,0.01158,0.60587,0.13303,-0.01107,0.2974,0.82698
4460,5444.4,48147181,3134972,0.535,0.614,9314,10702,14454,0.00555906,0,0,0.0647,0.1316,0.2988,0.0402,0.01265,0.60016,0.1261,-0.00771,0.27701,0.84447
4461,5445.5,48157842,3135663,0.534,0.613,9297,10661,14444,0.00555585,0,0,0.0644,0.1186,0.2962,0.0543,0.01175,0.60072,0.14055,-0.00934,0.30915,0.84263
4462,5446.7,48168593,3136337,0.524,0.614,9448,10751,14515,0.00555265,0,0,0.0696,0.129,0.2906,0.0348,0.01115,0.60215,0.13506,-0.00804,0.29566,0.85045
4463,5447.8,48179323,3137019,0.54,0.614,9296,10730,14512,0.00554942,0,0,0.0639,0.1114,0.3036,0.0613,0.01107,0.60225,0.13011,-0.00806,0.28587,0.85959
4464,5449.0,48190026,3137697,0.553,0.61,9204,10703,14485,0.0055462,0,0,0.0682,0.1422,0.3042,0.0382,0.0116,0.59766,0.13576,-0.0049,0.29088,0.86122
4465,5450.2,48200813,3138370,0.618,0.612,8771,10787,14526,0.00554299,0,0,0.0709,0.1495,0.3247,0.0729,0.01254,0.59849,0.13042,-0.00701,0.28422,0.84586
4466,5451.4,48211602,3139034,0.516,0.61,9583,10789,14557,0.00553976,0,0,0.0617,0.1187,0.303,0.0328,0.01128,0.59762,0.12549,-0.01232,0.28505,0.85112
4467,5452.5,48222351,3139708,0.579,0.61,9037,10749,14513,0.00553652,0,0,0.0741,0.141,0.3074,0.0564,0.01117,0.59862,0.13126,-0.00946,0.29097,0.86175
4468,5453.7,48233121,3140370,0.529,0.598,9556,10770,14527,0.00553329,0,0,0.0618,0.1157,0.3133,0.0379,0.01155,0.58556,0.12536,-0.01065,0.28128,0.83557
4469,5454.8,48243897,3141038,0.539,0.598,9477,10776,14547,0.00553006,0,0,0.0617,0.113,0.2983,0.0663,0.00996,0.5872,0.12284,-0.01218,0.27916,0.82424
4470,5455.9,48254606,3141711,0.483,0.598,9900,10709,14475,0.00552683,0,0,0.0595,0.1146,0.2745,0.0348,0.01114,0.5865,0.12244,-0.01221,0.27849,0.83207
4471,5457.0,48265352,3142392,0.504,0.6,9739,10746,14515,0.00552362,0,0,0.0604,0.1077,0.2738,0.0618,0.01158,0.58754,0.12079,-0.01283,0.27678,0.86327
4472,5458.1,48276075,3143049,0.483,0.6,9900,10723,14506,0.00552039,0,0,0.0606,0.1069,0.2806,0.0353,0.01202,0.58708,0.121,-0.01075,0.2728,0.84122
4473,5459.2,48286813,3143718,0.489,0.598,9877,10738,14502,0.00551718,0,0,0.0609,0.1081,0.2747,0.0454,0.01069,0.58657,0.13242,-0.01189,0.29777,0.82956
4474,5460.3,48297568,3144361,0.49,0.599,9875,10755,14504,0.00551396,0,0,0.0601,0.1112,0.2808,0.0383,0.01134,0.58668,0.12401,-0.00644,0.2702,0.84429
4475,5461.4,48308292,3145042,0.53,0.601,9479,10724,14494,0.00551073,0,0,0.0618,0.1093,0.27,0.0892,0.01078,0.58969,0.12274,-0.01148,0.27782,0.85136
4476,5462.5,48318981,3145690,0.509,0.602,9629,10689,14469,0.00550751,0,0,0.0614,0.1067,0.2781,0.0624,0.01068,0.59022,0.13787,-0.00774,0.30056,0.84757
4477,5463.7,48329690,3146350,0.563,0.604,9178,10709,14469,0.00550431,0,0,0.0654,0.1353,0.2963,0.0656,0.01147,0.59191,0.13213,-0.0088,0.29112,0.84294
4478,5464.7,48340391,3147005,0.473,0.603,9940,10701,14471,0.00550109,0,0,0.0585,0.1061,0.273,0.0358,0.01131,0.59118,0.12519,-0.01003,0.27972,0.8438
4479,5465.9,48351056,3147686,0.553,0.602,9232,10665,14442,0.00549788,0,0,0.0602,0.1133,0.3111,0.0684,0.0117,0.59004,0.12687,-0.01283,0.28897,0.86904
4480,5467.0,48361699,3148365,0.466,0.604,9949,10643,14414,0.00549468,0,0,0.0608,0.1041,0.2698,0.0309,0.01101,0.59223,0.12926,-0.00943,0.28689,0.86516
4481,5468.1,48372342,3149037,0.501,0.601,9664,10643,14405,0.00549149,0,0,0.0586,0.104,0.2702,0.0677,0.01138,0.58858,0.12334,-0.01133,0.27863,0.84595
4482,5469.1,48382926,3149730,0.459,0.603,9969,10584,14362,0.0054883,0,0,0.0586,0.1019,0.2686,0.0301,0.01066,0.59105,0.1308,-0.01379,0.29861,0.85857
4483,5470.2,48393563,3150398,0.505,0.61,9537,10637,14402,0.00548512,0,0,0.0601,0.1052,0.2812,0.0586,0.01126,0.59841,0.12855,-0.01035,0.28716,0.85275
4484,5471.3,48404204,3151077,0.479,0.61,9771,10641,14415,0.00548193,0,0,0.0593,0.1076,0.2808,0.0315,0.01124,0.59798,0.1246,-0.0126,0.28378,0.85703
4485,5472.5,48414818,3151760,0.507,0.612,9486,10614,14341,0.00547874,0,0,0.0602,0.1045,0.2943,0.0481,0.01129,0.59988,0.12469,-0.00926,0.27713,0.84209
4486,5473.6,48425425,3152450,0.485,0.611,9683,10607,14418,0.00547555,0,0,0.0592,0.1036,0.2891,0.0326,0.01085,0.59931,0.12013,-0.0108,0.27125,0.85888
4487,5474.7,48436013,3153136,0.514,0.611,9405,10588,14367,0.00547237,0,0,0.0593,0.1029,0.2843,0.0679,0.0112,0.59934,0.11929,-0.00972,0.2672,0.83841
4488,5475.8,48446650,3153825,0.485,0.612,9699,10637,14433,0.0054692,0,0,0.0591,0.1083,0.2857,0.0316,0.01134,0.59988,0.11545,-0.01294,0.26621,0.86093
4489,5476.9,48457282,3154501,0.514,0.611,9457,10632,14420,0.00546601,0,0,0.0604,0.1107,0.2847,0.0577,0.01128,0.59881,0.12586,-0.0115,0.28409,0.85778
4490,5478.0,48467938,3155198,0.518,0.609,9459,10656,14446,0.00546282,0,0,0.0645,0.1159,0.2945,0.0428,0.01147,0.59658,0.11243,-0.01211,0.25818,0.83104
4491,5479.1,48478580,3155876,0.482,0.608,9766,10642,14429,0.00545962,0,0,0.0592,0.1073,0.2686,0.0469,0.01164,0.59515,0.12494,-0.01104,0.28113,0.84007
4492,5480.2,48489224,3156560,0.475,0.607,9839,10644,14444,0.00545643,0,0,0.0588,0.107,0.2788,0.0305,0.01096,0.59507,0.12519,-0.00902,0.2776,0.84029
4493,5481.3,48499854,3157255,0.495,0.61,9623,10630,14436,0.00545323,0,0,0.0585,0.1015,0.283,0.0516,0.01128,0.59817,0.12313,-0.00867,0.27272,0.83576
4494,5482.4,48510483,3157930,0.503,0.608,9567,10629,14401,0.00545004,0,0,0.0601,0.1112,0.2991,0.033,0.01106,0.59586,0.13182,-0.00761,0.28783,0.82343
4495,5483.5,48521169,3158613,0.492,0.612,9676,10686,14461,0.00544686,0,0,0.0585,0.1024,0.2726,0.0586,0.01139,0.60028,0.13746,-0.00829,0.30072,0.84622
4496,5484.6,48531778,3159306,0.488,0.605,9701,10609,14421,0.00544365,0,0,0.0597,0.1039,0.2834,0.0412,0.01138,0.59339,0.12359,-0.0104,0.27713,0.84202
4497,5485.7,48542434,3159973,0.504,0.6,9659,10656,14449,0.00544047,0,0,0.065,0.1107,0.2768,0.0511,0.01173,0.58712,0.1338,-0.01016,0.29678,0.81413
4498,5486.8,48553056,3160643,0.518,0.603,9473,10622,14392,0.00543727,0,0,0.0623,0.1192,0.2957,0.0408,0.01176,0.59084,0.12783,-0.01135,0.28701,0.79402
4499,5488.0,48563669,3161306,0.57,0.607,9014,10613,14396,0.00543408,0,0,0.0686,0.1332,0.2846,0.084,0.01209,0.59418,0.13019,-0.01068,0.29019,0.77722
4500,5489.2,48574281,3161975,0.57,0.606,9029,10612,14420,0.0054309,0,0,0.0701,0.1407,0.3105,0.0482,0.01211,0.59222,0.1219,-0.00746,0.26756,0.8131
4501,5490.4,48584992,3162631,0.635,0.603,8655,10711,14473,0.00542772,0,0,0.0789,0.1563,0.3172,0.0823,0.01148,0.59052,0.1298,-0.01011,0.28838,0.7896
4502,5491.7,48595736,3163297,0.597,0.602,8957,10744,14458,0.0054245,0,0,0.0744,0.1521,0.3061,0.0646,0.01147,0.59001,0.14448,-0.01084,0.31893,0.76488
4503,5493.0,48606461,3163970,0.62,0.603,8768,10725,14457,0.00542128,0,0,0.0778,0.1532,0.3274,0.0614,0.01227,0.59039,0.12731,-0.01199,0.287,0.77432
4504,5494.2,48617207,3164616,0.616,0.606,8789,10746,14478,0.00541806,0,0,0.0815,0.1672,0.3242,0.0435,0.01195,0.59356,0.14417,-0.00578,0.30833,0.77959
4505,5495.4,48627988,3165271,0.65,0.607,8581,10781,14482,0.00541484,0,0,0.0819,0.1589,0.3156,0.0932,0.01172,0.59431,0.13645,-0.00903,0.29904,0.74762
4506,5496.7,48638746,3165927,0.612,0.608,8818,10758,14468,0.0054116,0,0,0.0744,0.1535,0.3189,0.0657,0.01139,0.59528,0.12384,-0.00808,0.2719,0.74323
4507,5497.9,48649481,3166586,0.597,0.603,8939,10735,14445,0.00540838,0,0,0.0716,0.1452,0.3043,0.0764,0.01083,0.59198,0.13163,-0.01014,0.29159,0.74282
4508,5499.1,48660239,3167249,0.608,0.607,8855,10758,14456,0.00540516,0,0,0.0648,0.1265,0.2935,0.1232,0.01214,0.59305,0.12254,-0.00935,0.27202,0.7625
4509,5500.3,48670966,3167897,0.579,0.605,9063,10727,14452,0.00540193,0,0,0.0672,0.1357,0.3059,0.0699,0.01216,0.59204,0.13451,-0.01019,0.29749,0.74882
4510,5501.4,48681731,3168558,0.565,0.612,9149,10765,14519,0.00539871,0,0,0.0699,0.1502,0.3042,0.0407,0.01174,0.59917,0.12617,-0.01254,0.28563,0.75955
4511,5502.7,48692466,3169204,0.613,0.611,8767,10735,14472,0.00539548,0,0,0.0696,0.1414,0.3153,0.0867,0.01216,0.59867,0.12785,-0.01165,0.28712,0.75118
4512,5503.9,48703199,3169838,0.593,0.617,8868,10733,14437,0.00539226,0,0,0.074,0.1552,0.3104,0.0534,0.01315,0.60289,0.13202,-0.0109,0.29389,0.74621
4513,5505.1,48713933,3170495,0.603,0.615,8814,10734,14454,0.00538904,0,0,0.071,0.1342,0.3239,0.0742,0.01273,0.6011,0.12627,-0.01022,0.28131,0.77403
4514,5506.3,48724726,3171144,0.547,0.616,9280,10793,14510,0.00538582,0,0,0.0678,0.1352,0.3065,0.0372,0.01117,0.60439,0.13083,-0.0077,0.28537,0.7714
4515,5507.5,48735482,3171785,0.633,0.631,8507,10756,14483,0.00538258,0,0,0.0824,0.1549,0.3264,0.0697,0.01218,0.61769,0.12574,-0.01009,0.27984,0.76094
4516,5508.8,48746241,3172430,0.643,0.618,8534,10759,14485,0.00537936,0,0,0.0827,0.1702,0.3454,0.0446,0.01168,0.60489,0.12274,-0.01052,0.27442,0.73422
4517,5510.2,48757030,3173068,0.747,0.621,7884,10789,14508,0.00537613,0,0,0.0804,0.2009,0.3605,0.1054,0.01201,0.60875,0.14051,-0.00874,0.3064,0.73381
4518,5511.5,48767787,3173694,0.712,0.624,8049,10757,14464,0.00537289,0,0,0.0811,0.1866,0.3629,0.0818,0.01678,0.60646,0.13933,-0.01041,0.30726,0.7238
4519,5512.8,48778552,3174332,0.768,0.59,7923,10765,14490,0.00536966,0,0,0.0939,0.1972,0.3735,0.1038,0.01262,0.57698,0.11991,-0.00931,0.26644,0.74302
4520,5514.1,48789293,3174985,0.68,0.587,8476,10741,14490,0.00536643,0,0,0.0843,0.2008,0.3316,0.063,0.01147,0.57468,0.14071,-0.01282,0.31503,0.74181
4521,5515.4,48800039,3175628,0.684,0.6,8371,10746,14494,0.00536321,0,0,0.0854,0.167,0.3564,0.0748,0.01222,0.58696,0.13701,-0.00994,0.30184,0.73985
4522,5516.7,48810811,3176264,0.656,0.603,8560,10772,14514,0.00535999,0,0,0.0928,0.1655,0.3522,0.045,0.01188,0.59007,0.13068,-0.01121,0.29137,0.70831
4523,5517.9,48821572,3176917,0.662,0.591,8584,10761,14507,0.00535676,0,0,0.0773,0.1563,0.3384,0.0902,0.01115,0.57938,0.1226,-0.00953,0.27216,0.73786
4524,5519.2,48832350,3177563,0.731,0.601,8094,10778,14532,0.00535353,0,0,0.0981,0.1949,0.3539,0.0838,0.01915,0.58057,0.12795,-0.0077,0.27916,0.73257
4525,5520.6,48843149,3178210,0.819,0.581,7714,10799,14523,0.00535029,0,0,0.0877,0.2333,0.3804,0.1179,0.0117,0.56803,0.12466,-0.00887,0.27492,0.73329
4526,5521.9,48853985,3178854,0.716,0.585,8330,10836,14567,0.00534706,0,0,0.0844,0.1745,0.3504,0.107,0.01228,0.57126,0.13019,-0.00941,0.28708,0.7365
4527,5523.2,48864764,3179485,0.676,0.578,8598,10779,14498,0.0053438,0,0,0.0838,0.1823,0.339,0.0706,0.01236,0.56433,0.12607,-0.01141,0.28283,0.73654
4528,5524.4,48875575,3180128,0.656,0.586,8708,10811,14559,0.00534057,0,0,0.0849,0.1876,0.333,0.0504,0.01113,0.57361,0.12412,-0.00747,0.2708,0.71318
4529,5525.9,48886358,3180762,0.842,0.592,7520,10783,14522,0.00533733,0,0,0.0891,0.2353,0.3796,0.1378,0.01165,0.57954,0.12029,-0.01026,0.26883,0.7246
4530,5527.1,48897192,3181400,0.6,0.59,9104,10834,14568,0.00533409,0,0,0.0763,0.1587,0.3203,0.0444,0.01181,0.57773,0.12386,-0.01056,0.27652,0.71989
4531,5528.3,48908021,3182022,0.68,0.589,8534,10829,14538,0.00533084,0,0,0.08,0.1698,0.336,0.094,0.01185,0.5765,0.1372,-0.00846,0.29873,0.69594
4532,5529.7,48918886,3182659,0.723,0.592,8260,10865,14573,0.00532759,0,0,0.0931,0.1906,0.3827,0.0567,0.01695,0.57452,0.13303,-0.00935,0.29227,0.7048
4533,5531.0,48929677,3183318,0.795,0.593,7776,10791,14571,0.00532433,0,0,0.092,0.1877,0.4166,0.0989,0.01372,0.5779,0.12683,-0.01021,0.28179,0.7235
4534,5532.3,48940541,3183942,0.697,0.592,8434,10864,14611,0.0053211,0,0,0.0837,0.1826,0.3404,0.0899,0.01183,0.57891,0.13169,-0.00837,0.28773,0.71546
4535,5533.6,48951322,3184578,0.684,0.598,8406,10781,14537,0.00531784,0,0,0.0814,0.1805,0.3358,0.0866,0.01107,0.58642,0.12612,-0.01048,0.28057,0.69236
4536,5534.8,48962061,3185218,0.636,0.586,8785,10739,14510,0.0053146,0,0,0.0809,0.1821,0.3302,0.0432,0.01305,0.57193,0.12729,-0.00927,0.2807,0.71353
4537,5536.1,48972872,3185855,0.683,0.602,8408,10811,14545,0.00531138,0,0,0.0787,0.164,0.3394,0.1014,0.01246,0.58888,0.13635,-0.00766,0.29524,0.67953
4538,5537.4,48983674,3186499,0.693,0.598,8365,10802,14557,0.00530814,0,0,0.084,0.1879,0.3787,0.0428,0.01179,0.58517,0.14273,-0.00838,0.30962,0.69696
4539,5538.8,48994436,3187160,0.749,0.606,7945,10762,14485,0.0053049,0,0,0.0916,0.1964,0.3584,0.1027,0.0123,0.59204,0.13298,-0.00761,0.28889,0.72743
4540,5540.1,49005251,3187797,0.712,0.605,8214,10815,14564,0.00530167,0,0,0.0796,0.1742,0.3508,0.107,0.01176,0.59232,0.13719,-0.00765,0.29718,0.70732
4541,5541.5,49016087,3188446,0.793,0.607,7741,10836,14561,0.00529842,0,0,0.0894,0.2026,0.3935,0.107,0.01164,0.59478,0.14086,-0.01084,0.31102,0.71884
4542,5542.8,49026868,3189087,0.664,0.606,8490,10781,14523,0.00529517,0,0,0.0864,0.1776,0.3516,0.0483,0.01179,0.59338,0.13862,-0.00915,0.30289,0.69347
4543,5544.1,49037677,3189731,0.722,0.604,8150,10809,14527,0.00529194,0,0,0.0825,0.1749,0.3652,0.0993,0.01249,0.59064,0.13764,-0.01079,0.30435,0.70635
4544,5545.3,49048453,3190387,0.586,0.608,9021,10776,14494,0.0052887,0,0,0.071,0.1434,0.3328,0.039,0.01131,0.59642,0.13111,-0.01098,0.29169,0.71126
4545,5546.5,49059255,3191039,0.629,0.61,8723,10802,14525,0.00528546,0,0,0.0734,0.1465,0.323,0.0858,0.01205,0.59673,0.13061,-0.01011,0.28917,0.73172
4546,5547.8,49070043,3191692,0.67,0.612,8420,10788,14527,0.00528222,0,0,0.071,0.1359,0.3102,0.1524,0.01069,0.59978,0.13977,-0.01093,0.30893,0.71318
4547,5549.1,49080796,3192347,0.653,0.612,8495,10753,14495,0.00527899,0,0,0.0761,0.163,0.3392,0.075,0.01143,0.59984,0.14618,-0.01068,0.32133,0.72116
4548,5550.2,49091529,3192996,0.561,0.592,9312,10733,14455,0.00527576,0,0,0.0726,0.1437,0.303,0.0413,0.01167,0.57948,0.13366,-0.01028,0.29564,0.73615
4549,5551.5,49102323,3193667,0.706,0.594,8308,10794,14507,0.00527254,0,0,0.0794,0.1872,0.3476,0.0915,0.01262,0.58009,0.14199,-0.00994,0.3115,0.72405
4550,5552.8,49113100,3194299,0.702,0.594,8312,10777,14471,0.0052693,0,0,0.0974,0.1731,0.3651,0.0667,0.01149,0.58188,0.12391,-0.0109,0.27713,0.71133
4551,5554.3,49123927,3194945,0.841,0.595,7544,10827,14519,0.00526607,0,0,0.095,0.2232,0.4295,0.0928,0.01139,0.58216,0.13571,-0.00971,0.29812,0.69057
4552,5555.8,49134721,3195573,0.807,0.594,7706,10794,14451,0.00526282,0,0,0.0853,0.2565,0.3947,0.0707,0.01171,0.58085,0.13891,-0.00857,0.30188,0.65715
4553,5557.3,49145542,3196236,0.898,0.593,7258,10821,14521,0.00525958,0,0,0.0997,0.2747,0.4015,0.1221,0.0108,0.58113,0.14042,-0.00728,0.30232,0.65872
4554,5558.7,49156331,3196869,0.823,0.597,7602,10789,14482,0.00525634,0,0,0.0998,0.2565,0.4023,0.0641,0.0129,0.58254,0.13989,-0.01127,0.3092,0.65587
4555,5560.2,49167162,3197518,0.859,0.596,7445,10831,14518,0.0052531,0,0,0.0984,0.2446,0.4503,0.0657,0.01387,0.581,0.13773,-0.0088,0.29988,0.64943
4556,5561.6,49178010,3198162,0.845,0.596,7529,10848,14525,0.00524985,0,0,0.0918,0.2182,0.4227,0.1123,0.01315,0.58183,0.13368,-0.00946,0.2933,0.66687
4557,5563.1,49188814,3198797,0.852,0.594,7473,10804,14471,0.0052466,0,0,0.0909,0.2392,0.4225,0.0991,0.01149,0.5818,0.13821,-0.0099,0.30325,0.67077
4558,5564.5,49199682,3199446,0.843,0.593,7568,10868,14571,0.00524336,0,0,0.1026,0.2187,0.4289,0.0932,0.01153,0.58039,0.14089,-0.00939,0.30742,0.65563
4559,5565.9,49210552,3200077,0.826,0.596,7642,10870,14554,0.0052401,0,0,0.0936,0.2156,0.4097,0.1074,0.01141,0.58368,0.1341,-0.01187,0.29898,0.66965
4560,5567.3,49221425,3200756,0.761,0.597,8003,10873,14563,0.00523683,0,0,0.0918,0.2028,0.4093,0.0575,0.01193,0.58426,0.12406,-0.00851,0.27198,0.65376
4561,5568.8,49232274,3201401,0.952,0.599,6996,10849,14530,0.00523357,0,0,0.0835,0.2777,0.4663,0.1242,0.01201,0.58471,0.11675,-0.00972,0.25975,0.65163
4562,5570.4,49243140,3202059,1.014,0.597,6743,10866,14534,0.00523032,0,0,0.1049,0.2759,0.4268,0.2066,0.01169,0.58406,0.12465,-0.01012,0.27622,0.63772
4563,5571.8,49254032,3202716,0.737,0.598,8155,10892,14599,0.00522706,0,0,0.0843,0.1977,0.3606,0.0947,0.01226,0.58487,0.11914,-0.01151,0.26815,0.65529
4564,5573.2,49264895,3203358,0.803,0.607,7707,10863,14548,0.00522379,0,0,0.0894,0.2196,0.4236,0.0699,0.01196,0.59407,0.12871,-0.00824,0.28064,0.64456
4565,5574.7,49275760,3203995,0.878,0.628,7215,10865,14539,0.00522053,0,0,0.0915,0.236,0.4322,0.1181,0.01807,0.60922,0.11751,-0.00784,0.25757,0.65805
4566,5576.2,49286636,3204648,0.838,0.622,7448,10876,14542,0.00521727,0,0,0.0921,0.2191,0.4458,0.081,0.01305,0.60811,0.12503,-0.00928,0.27546,0.65652
4567,5577.5,49297484,3205301,0.728,0.621,8042,10848,14552,0.00521401,0,0,0.087,0.1887,0.4006,0.0519,0.01145,0.60837,0.12046,-0.01158,0.27079,0.64281
4568,5579.0,49308310,3205938,0.909,0.624,7060,10826,14522,0.00521075,0,0,0.1006,0.2458,0.4666,0.0965,0.01251,0.60995,0.13306,-0.00951,0.29191,0.64872
4569,5580.5,49319157,3206583,0.821,0.622,7520,10847,14525,0.00520751,0,0,0.0972,0.2149,0.4192,0.0895,0.01219,0.60838,0.12935,-0.00866,0.28268,0.63846
4570,5582.0,49329990,3207246,0.906,0.62,7099,10833,14540,0.00520425,0,0,0.1013,0.2268,0.4707,0.1067,0.01121,0.60819,0.13827,-0.00808,0.2992,0.62404
4571,5583.4,49340794,3207877,0.75,0.624,7864,10804,14485,0.005201,0,0,0.0848,0.1839,0.4196,0.0616,0.0127,0.60949,0.13032,-0.01033,0.28773,0.61834
4572,5584.8,49351617,3208496,0.814,0.607,7615,10823,14539,0.00519776,0,0,0.0915,0.2097,0.4358,0.077,0.0124,0.59398,0.12785,-0.00678,0.2761,0.65812
4573,5586.1,49362444,3209147,0.734,0.608,8071,10827,14545,0.00519451,0,0,0.0898,0.2094,0.3709,0.0637,0.01307,0.59362,0.1275,-0.00835,0.27834,0.63845
4574,5587.6,49373309,3209796,0.839,0.607,7516,10865,14576,0.00519127,0,0,0.0969,0.2119,0.4325,0.0975,0.01199,0.59412,0.12605,-0.00739,0.27354,0.64206
4575,5588.9,49384168,3210447,0.656,0.607,8597,10859,14576,0.00518801,0,0,0.0822,0.1842,0.3408,0.049,0.01288,0.59296,0.12963,-0.01012,0.28616,0.64176
4576,5590.2,49395012,3211100,0.727,0.594,8208,10844,14564,0.00518475,0,0,0.0818,0.177,0.3701,0.0979,0.0121,0.58142,0.13433,-0.00842,0.29213,0.63941
4577,5591.4,49405870,3211750,0.666,0.593,8627,10858,14553,0.0051815,0,0,0.0807,0.1755,0.3609,0.0486,0.01153,0.58041,0.12436,-0.00839,0.27208,0.63659
4578,5592.8,49416751,3212408,0.723,0.593,8271,10881,14569,0.00517824,0,0,0.0845,0.1923,0.3568,0.089,0.0119,0.58034,0.12875,-0.00789,0.27995,0.6455
4579,5594.0,49427652,3213073,0.68,0.593,8560,10901,14598,0.00517497,0,0,0.0919,0.1946,0.3475,0.0464,0.01208,0.57972,0.13293,-0.00976,0.29203,0.64261
4580,5595.3,49438519,3213734,0.657,0.593,8697,10867,14579,0.0051717,0,0,0.0807,0.161,0.3241,0.091,0.01226,0.57957,0.11979,-0.01085,0.26786,0.63602
4581,5596.5,49449396,3214408,0.65,0.595,8738,10877,14567,0.00516844,0,0,0.0879,0.1674,0.3505,0.0445,0.01304,0.58057,0.11489,-0.00858,0.25373,0.65631
4582,5597.8,49460294,3215076,0.662,0.593,8682,10898,14623,0.00516518,0,0,0.0824,0.1707,0.3253,0.0838,0.01168,0.58042,0.11564,-0.0094,0.25682,0.65222
4583,5598.9,49471206,3215731,0.574,0.592,9355,10912,14629,0.00516191,0,0,0.0754,0.1472,0.3091,0.0422,0.01177,0.57951,0.12934,-0.0101,0.28551,0.64132
4584,5600.2,49482089,3216388,0.638,0.592,8845,10883,14575,0.00515864,0,0,0.0793,0.167,0.3265,0.0657,0.0115,0.57949,0.11749,-0.01061,0.26274,0.63427
4585,5601.4,49492982,3217033,0.59,0.591,9219,10893,14604,0.00515537,0,0,0.0805,0.1549,0.3073,0.0477,0.01147,0.57889,0.12792,-0.00905,0.28048,0.63582
4586,5602.6,49503843,3217678,0.632,0.592,8869,10861,14560,0.00515211,0,0,0.0778,0.16,0.3172,0.0774,0.01152,0.57975,0.12656,-0.0097,0.27906,0.63488
4587,5603.8,49514708,3218328,0.601,0.591,9112,10865,14565,0.00514885,0,0,0.0791,0.1646,0.32,0.0372,0.01209,0.57819,0.11953,-0.00848,0.26251,0.62982
4588,5605.0,49525558,3218977,0.612,0.593,9005,10850,14516,0.00514559,0,0,0.0766,0.1552,0.3021,0.0783,0.01179,0.57995,0.13601,-0.00895,0.29624,0.61583
4589,5606.2,49536417,3219645,0.615,0.608,8878,10859,14589,0.00514233,0,0,0.0796,0.1589,0.3317,0.0448,0.01221,0.59503,0.1249,-0.00856,0.27347,0.63662
4590,5607.5,49547217,3220297,0.645,0.607,8632,10800,14513,0.00513907,0,0,0.0832,0.1659,0.3294,0.0662,0.01239,0.59348,0.12277,-0.01016,0.27249,0.64669
4591,5608.7,49558071,3220957,0.652,0.607,8626,10854,14539,0.00513583,0,0,0.0866,0.177,0.344,0.044,0.01161,0.59411,0.12969,-0.00648,0.2787,0.61893
4592,5610.0,49568950,3221612,0.699,0.607,8324,10879,14586,0.00513258,0,0,0.0861,0.1804,0.351,0.0819,0.01183,0.59465,0.13115,-0.00946,0.28736,0.59738
4593,5611.4,49579785,3222261,0.743,0.607,8021,10835,14542,0.00512932,0,0,0.0921,0.2057,0.3977,0.0478,0.01265,0.59387,0.13394,-0.01034,0.2948,0.60799
4594,5612.6,49590710,3222920,0.663,0.605,8617,10925,14637,0.00512606,0,0,0.082,0.1702,0.3277,0.083,0.01105,0.59291,0.13676,-0.00762,0.29512,0.6192
4595,5613.8,49601548,3223588,0.61,0.591,9022,10838,14565,0.00512279,0,0,0.0794,0.158,0.3302,0.0422,0.01152,0.5789,0.14115,-0.00598,0.30063,0.62077
4596,5615.1,49612377,3224254,0.705,0.592,8351,10829,14523,0.00511954,0,0,0.0988,0.1734,0.3508,0.0815,0.0123,0.579,0.13565,-0.00933,0.2964,0.6283
4597,5616.4,49623213,3224908,0.664,0.596,8600,10836,14556,0.00511629,0,0,0.0909,0.1805,0.3365,0.0561,0.01159,0.58341,0.13795,-0.00886,0.29998,0.62116
4598,5617.8,49634051,3225583,0.783,0.594,7871,10838,14552,0.00511304,0,0,0.0834,0.1959,0.3895,0.1139,0.01135,0.58186,0.12278,-0.0071,0.26632,0.64186
4599,5619.1,49644916,3226259,0.708,0.599,8316,10865,14570,0.00510978,0,0,0.084,0.1888,0.3818,0.0533,0.01367,0.58362,0.13527,-0.00963,0.29614,0.62069
4600,5620.5,49655752,3226946,0.803,0.595,7750,10836,14548,0.00510653,0,0,0.0878,0.2204,0.3676,0.1272,0.01189,0.58221,0.13184,-0.00572,0.28145,0.6214
