update,seconds,decisions,episodes,collect_s,update_s,decisions_per_s,policy_rows,acted_rows,entropy_coef,cut_episodes,tiebreak_unresolved,t_engine,t_encode,t_policy,t_other,t_transfer,t_compute,loss,policy_loss,value_loss,entropy
1,29.8,10900,378,11.825,17.952,366,10900,14542,0.02,0,0,0.0437,0.121,11.5983,0.0617,0.10187,17.84926,0.09339,-0.00063,0.33945,3.78495
2,30.6,21787,855,0.533,0.301,13049,10887,14531,0.01999673,0,0,0.0564,0.1636,0.2413,0.0719,0.01129,0.28929,0.07049,-0.00135,0.28928,3.64078
3,31.3,32689,1370,0.426,0.3,15027,10902,14553,0.01999346,0,0,0.0577,0.0979,0.2392,0.0311,0.01089,0.28818,0.05761,-0.00211,0.26627,3.672
4,32.0,43610,1858,0.407,0.301,15431,10921,14560,0.01999019,0,0,0.055,0.0894,0.2263,0.036,0.01092,0.28944,0.07086,-0.00348,0.29492,3.65776
5,32.8,54476,2358,0.423,0.294,15156,10866,14497,0.01998692,0,0,0.0506,0.087,0.2216,0.0637,0.01047,0.28289,0.0614,-0.00703,0.28207,3.63257
6,33.5,65341,2869,0.451,0.295,14563,10865,14501,0.01998366,0,0,0.0605,0.1022,0.2485,0.0395,0.01072,0.28387,0.07766,-0.00676,0.31183,3.57727
7,34.3,76135,3394,0.472,0.303,13930,10794,14434,0.0199804,0,0,0.0625,0.1134,0.2614,0.0344,0.01208,0.29057,0.06444,-0.00944,0.28845,3.52062
8,35.0,86969,3940,0.447,0.301,14486,10834,14527,0.01997716,0,0,0.0545,0.0926,0.2444,0.0558,0.01066,0.28922,0.07943,-0.00622,0.31166,3.51306
9,35.7,97811,4500,0.411,0.304,15158,10842,14517,0.01997391,0,0,0.0552,0.0896,0.231,0.0356,0.01397,0.28939,0.07912,-0.00637,0.30898,3.45452
10,36.4,108589,5051,0.402,0.296,15448,10778,14453,0.01997066,0,0,0.053,0.0881,0.2274,0.0333,0.01127,0.284,0.09263,-0.0054,0.33111,3.38144
11,37.2,119305,5629,0.421,0.294,14989,10716,14435,0.01996742,0,0,0.0549,0.0893,0.2305,0.0459,0.01015,0.28326,0.08317,-0.00576,0.31124,3.33962
12,38.0,129980,6216,0.536,0.304,12702,10675,14406,0.01996421,0,0,0.0694,0.1403,0.2792,0.0474,0.01242,0.28997,0.07048,-0.00558,0.2839,3.30017
13,38.8,140674,6808,0.507,0.31,13095,10694,14429,0.01996101,0,0,0.0622,0.1267,0.2545,0.0635,0.01218,0.29535,0.08089,-0.00707,0.30359,3.1979
14,39.6,151333,7417,0.511,0.312,12955,10659,14416,0.0199578,0,0,0.0633,0.1223,0.2542,0.0708,0.01528,0.29528,0.08947,-0.00366,0.31286,3.17149
15,40.4,162002,8064,0.496,0.304,13346,10669,14441,0.0199546,0,0,0.0648,0.1211,0.2642,0.0457,0.0116,0.29127,0.08283,-0.00564,0.30153,3.12177
16,41.2,172650,8720,0.448,0.303,14188,10648,14417,0.0199514,0,0,0.0588,0.1091,0.2422,0.0376,0.01119,0.29094,0.09969,-0.00494,0.33157,3.06556
17,42.0,183216,9400,0.464,0.298,13872,10566,14352,0.01994821,0,0,0.0592,0.0996,0.2442,0.0611,0.01112,0.28556,0.08173,-0.00404,0.29093,2.99216
18,42.7,193789,10111,0.455,0.295,14104,10573,14386,0.01994504,0,0,0.0594,0.1142,0.2428,0.0387,0.01199,0.28213,0.08794,-0.00458,0.30254,2.94567
19,43.5,204386,10826,0.486,0.304,13404,10597,14402,0.01994186,0,0,0.0636,0.112,0.2647,0.046,0.01514,0.28845,0.09266,-0.00299,0.30784,2.92237
20,44.3,214989,11530,0.485,0.303,13468,10603,14449,0.01993868,0,0,0.0621,0.1035,0.2497,0.0693,0.01163,0.29043,0.08426,-0.00801,0.29571,2.78787
21,45.0,225588,12273,0.382,0.301,15507,10599,14413,0.0199355,0,0,0.0514,0.0842,0.2173,0.0293,0.01059,0.28983,0.10794,-0.00412,0.33542,2.79158
22,45.7,236177,13018,0.389,0.297,15441,10589,14453,0.01993232,0,0,0.0527,0.0862,0.2178,0.0323,0.01082,0.28547,0.10078,-0.00476,0.32098,2.75647
23,46.4,246767,13787,0.425,0.294,14727,10590,14428,0.01992915,0,0,0.0518,0.0834,0.222,0.068,0.01083,0.28251,0.09873,-0.0034,0.31314,2.7319
24,47.2,257307,14558,0.478,0.301,13530,10540,14408,0.01992597,0,0,0.0554,0.1383,0.2321,0.0525,0.01134,0.28879,0.11503,-0.00501,0.34676,2.67697
25,47.9,267838,15331,0.423,0.304,14489,10531,14408,0.01992281,0,0,0.0548,0.0905,0.2259,0.0521,0.0115,0.29134,0.1089,-0.0025,0.32745,2.62626
26,48.7,278392,16113,0.491,0.304,13266,10554,14396,0.01991965,0,0,0.0608,0.1041,0.2566,0.0697,0.01185,0.29193,0.0985,-0.00428,0.30677,2.54087
27,49.4,288960,16890,0.439,0.303,14245,10568,14420,0.01991648,0,0,0.0609,0.0976,0.2478,0.0323,0.01156,0.29105,0.11475,-0.00445,0.33715,2.47914
28,50.1,299534,17708,0.436,0.296,14460,10574,14425,0.01991331,0,0,0.0596,0.1002,0.2441,0.0317,0.01095,0.28407,0.11308,-0.00379,0.331,2.4418
29,50.9,310060,18490,0.465,0.299,13774,10526,14403,0.01991014,0,0,0.0596,0.0982,0.2447,0.0629,0.01159,0.28667,0.10584,-0.00413,0.3139,2.35918
30,51.6,320657,19296,0.419,0.303,14674,10597,14447,0.01990698,0,0,0.0564,0.0902,0.2348,0.0377,0.011,0.29148,0.10902,-0.00299,0.3186,2.3754
31,52.4,331212,20084,0.45,0.303,14021,10555,14442,0.0199038,0,0,0.0618,0.102,0.2495,0.0366,0.01086,0.29156,0.10948,-0.00366,0.31832,2.31223
32,53.2,341767,20893,0.455,0.306,13863,10555,14416,0.01990064,0,0,0.0602,0.0979,0.2537,0.0436,0.01206,0.29304,0.12445,-0.00333,0.34632,2.28054
33,53.9,352262,21725,0.447,0.299,14067,10495,14386,0.01989747,0,0,0.0622,0.1042,0.2504,0.0302,0.01042,0.28805,0.11259,-0.00314,0.32043,2.23604
34,54.7,362747,22532,0.536,0.298,12558,10485,14350,0.01989432,0,0,0.0725,0.1306,0.2929,0.0405,0.01187,0.28552,0.1136,-0.00329,0.32256,2.2312
35,55.6,373292,23325,0.536,0.296,12670,10545,14433,0.01989118,0,0,0.0719,0.1204,0.286,0.058,0.01177,0.28336,0.12552,-0.00417,0.34685,2.19895
36,56.6,383854,24145,0.731,0.299,10250,10562,14427,0.01988801,0,0,0.0895,0.191,0.3842,0.0662,0.01202,0.28667,0.1079,-0.0023,0.30869,2.21988
37,57.6,394360,24954,0.658,0.299,10969,10506,14380,0.01988484,0,0,0.0914,0.162,0.3586,0.0463,0.01085,0.28781,0.1196,-0.00242,0.33201,2.21172
38,58.5,404875,25769,0.667,0.304,10830,10515,14377,0.01988169,0,0,0.0891,0.1698,0.3547,0.0534,0.01273,0.29036,0.10663,-0.00284,0.30707,2.21637
39,59.6,415406,26569,0.795,0.309,9543,10531,14407,0.01987854,0,0,0.0983,0.1759,0.4266,0.0941,0.01359,0.29407,0.10527,-0.00365,0.30356,2.15616
40,60.6,425934,27364,0.677,0.312,10644,10528,14385,0.01987538,0,0,0.0895,0.179,0.3508,0.0581,0.01755,0.2934,0.11697,-0.00435,0.32764,2.1382
41,61.6,436456,28165,0.667,0.304,10826,10522,14398,0.01987222,0,0,0.0871,0.179,0.3528,0.0485,0.011,0.29257,0.11499,-0.0021,0.31834,2.11748
42,62.6,447030,28955,0.675,0.305,10793,10574,14437,0.01986906,0,0,0.0976,0.1644,0.3407,0.0721,0.01209,0.29205,0.11485,-0.00291,0.31721,2.05545
43,63.6,457570,29760,0.725,0.304,10246,10540,14399,0.01986589,0,0,0.0947,0.1803,0.3744,0.0757,0.01151,0.29122,0.12067,-0.00171,0.32606,2.04648
44,64.7,468075,30580,0.823,0.296,9390,10505,14384,0.01986273,0,0,0.1071,0.2219,0.412,0.0815,0.01168,0.28376,0.10724,-0.00349,0.30155,2.01659
45,65.8,478625,31404,0.782,0.303,9725,10550,14423,0.01985958,0,0,0.1159,0.2037,0.4086,0.0541,0.01132,0.29032,0.10639,-0.00271,0.29875,2.02833
46,66.9,489177,32208,0.795,0.304,9602,10552,14418,0.01985641,0,0,0.1042,0.2165,0.4055,0.0688,0.01243,0.29084,0.10214,-0.00352,0.29257,2.04617
47,67.9,499742,32999,0.657,0.306,10980,10565,14423,0.01985325,0,0,0.0789,0.155,0.365,0.0576,0.01186,0.29304,0.10894,-0.00231,0.30644,2.11388
48,68.9,510280,33787,0.724,0.303,10257,10538,14404,0.01985008,0,0,0.0909,0.1694,0.3928,0.0712,0.01087,0.29127,0.11252,-0.00105,0.31127,2.11931
49,69.9,520840,34587,0.702,0.308,10462,10560,14437,0.01984692,0,0,0.0993,0.1605,0.3374,0.1046,0.01342,0.29297,0.10781,-0.00255,0.30377,2.09239
50,70.9,531408,35381,0.643,0.307,11127,10568,14430,0.01984375,0,0,0.0845,0.1598,0.3332,0.0651,0.01354,0.29277,0.10913,-0.00355,0.30717,2.06152
51,71.8,541955,36160,0.622,0.305,11380,10547,14415,0.01984058,0,0,0.0908,0.1609,0.3158,0.0543,0.01129,0.29304,0.11186,-0.0035,0.3119,2.04608
52,73.5,552535,36952,0.792,0.309,9614,10580,14435,0.01983741,0,0,0.0948,0.2284,0.3817,0.0869,0.01595,0.29202,0.11255,-0.00233,0.30939,2.0067
53,74.6,563095,37744,0.708,0.305,10419,10560,14424,0.01983424,0,0,0.0945,0.2057,0.3679,0.04,0.01285,0.29193,0.09501,-0.00328,0.2779,2.05002
54,75.6,573660,38523,0.705,0.302,10490,10565,14426,0.01983107,0,0,0.0885,0.2099,0.3331,0.074,0.0124,0.28848,0.11368,-0.00163,0.31129,2.0336
55,76.6,584239,39286,0.722,0.3,10358,10579,14458,0.0198279,0,0,0.088,0.1857,0.3807,0.0673,0.01317,0.28562,0.10645,-0.00312,0.30061,2.05429
56,77.6,594768,40078,0.713,0.299,10405,10529,14408,0.01982473,0,0,0.0966,0.1883,0.3757,0.0527,0.0116,0.2861,0.10017,-0.00291,0.2858,2.00861
57,78.6,605310,40844,0.712,0.304,10379,10542,14402,0.01982157,0,0,0.0931,0.1852,0.3462,0.0873,0.01153,0.2916,0.10628,-0.00311,0.29974,2.04203
58,79.5,615877,41633,0.614,0.305,11498,10567,14427,0.01981841,0,0,0.0824,0.1703,0.3114,0.0502,0.01182,0.29206,0.10764,-0.00349,0.302,2.01171
59,80.5,626434,42427,0.612,0.303,11533,10557,14430,0.01981524,0,0,0.0837,0.1722,0.318,0.0383,0.01168,0.29073,0.09941,-0.00178,0.28275,2.02781
60,81.4,637011,43205,0.616,0.303,11508,10577,14445,0.01981207,0,0,0.0761,0.1668,0.303,0.07,0.01165,0.2908,0.10505,-0.00278,0.2974,2.06287
61,82.3,647650,43974,0.629,0.303,11421,10639,14486,0.0198089,0,0,0.0787,0.2021,0.2952,0.0527,0.01194,0.29019,0.10412,-0.003,0.29527,2.04545
62,83.2,658240,44740,0.618,0.306,11470,10590,14439,0.0198057,0,0,0.0815,0.1737,0.3154,0.0469,0.01318,0.29166,0.09715,-0.00484,0.28423,2.02559
63,84.1,668844,45511,0.604,0.303,11687,10604,14436,0.01980253,0,0,0.0832,0.1659,0.2985,0.0563,0.0121,0.29066,0.10377,-0.00304,0.29434,2.03872
64,85.0,679453,46278,0.532,0.3,12747,10609,14469,0.01979935,0,0,0.0706,0.1381,0.2871,0.0363,0.01109,0.28828,0.11085,-0.00263,0.30767,2.03819
65,85.8,690021,47048,0.536,0.299,12665,10568,14451,0.01979616,0,0,0.075,0.1454,0.2782,0.0372,0.01197,0.28593,0.10615,-0.00424,0.30182,2.04676
66,86.7,700639,47808,0.563,0.298,12326,10618,14468,0.01979299,0,0,0.0717,0.1413,0.2926,0.0575,0.01254,0.28501,0.11026,-0.00337,0.30746,2.02599
67,87.5,711233,48560,0.57,0.298,12198,10594,14465,0.01978981,0,0,0.0735,0.1445,0.2875,0.0647,0.01179,0.28554,0.1218,-0.00188,0.32711,2.01534
68,88.5,721823,49331,0.616,0.299,11567,10590,14473,0.01978663,0,0,0.0837,0.1723,0.3118,0.0485,0.01243,0.28613,0.1095,-0.00116,0.30133,2.02199
69,89.4,732451,50086,0.605,0.297,11783,10628,14495,0.01978345,0,0,0.078,0.1712,0.3061,0.0499,0.01158,0.28454,0.10451,-0.00181,0.29683,2.12788
70,90.2,743073,50810,0.528,0.302,12801,10622,14500,0.01978026,0,0,0.0699,0.1403,0.2756,0.0422,0.01218,0.28899,0.12228,-0.00152,0.33159,2.12307
71,91.0,753716,51542,0.514,0.304,13012,10643,14473,0.01977708,0,0,0.0677,0.1297,0.2695,0.0469,0.01166,0.29192,0.10523,-0.00345,0.29879,2.05893
72,92.0,764321,52275,0.653,0.305,11076,10605,14443,0.01977389,0,0,0.0824,0.1755,0.3256,0.0692,0.01248,0.2915,0.11647,-0.00373,0.32195,2.06209
73,92.9,774942,53023,0.619,0.304,11512,10621,14479,0.0197707,0,0,0.0781,0.1621,0.311,0.0674,0.01233,0.29097,0.11105,-0.00154,0.30354,1.98218
74,93.8,785547,53770,0.663,0.302,10991,10605,14474,0.01976752,0,0,0.0882,0.1953,0.3172,0.0619,0.01134,0.29004,0.12169,-0.00137,0.32525,2.00147
75,94.9,796176,54532,0.704,0.301,10575,10629,14487,0.01976434,0,0,0.0891,0.1949,0.3557,0.0641,0.01372,0.2866,0.09656,-0.00277,0.27865,2.02321
76,95.9,806784,55264,0.753,0.3,10073,10608,14495,0.01976115,0,0,0.0976,0.2085,0.3863,0.0603,0.01254,0.28724,0.11116,-0.00354,0.30919,2.01888
77,96.8,817412,55994,0.632,0.299,11419,10628,14483,0.01975796,0,0,0.0801,0.1686,0.3126,0.0705,0.01194,0.28606,0.11176,-0.00331,0.3109,2.04388
78,97.7,828018,56734,0.594,0.298,11890,10606,14460,0.01975478,0,0,0.0814,0.1582,0.3161,0.0386,0.01162,0.28507,0.11242,-0.0035,0.31254,2.04239
79,98.6,838614,57457,0.61,0.296,11694,10596,14444,0.01975159,0,0,0.0749,0.1652,0.2958,0.0742,0.01073,0.28462,0.10949,-0.00278,0.3039,2.00903
80,99.5,849253,58179,0.599,0.296,11888,10639,14503,0.01974842,0,0,0.0776,0.1541,0.3046,0.0625,0.01172,0.28358,0.10944,-0.00302,0.3056,2.04289
81,100.4,859884,58930,0.547,0.295,12628,10631,14484,0.01974522,0,0,0.0758,0.1492,0.286,0.0362,0.01114,0.28283,0.10491,-0.00305,0.29454,1.9908
82,101.2,870521,59648,0.568,0.299,12281,10637,14497,0.01974203,0,0,0.0709,0.1472,0.2837,0.0658,0.01197,0.28591,0.12191,-0.00229,0.32717,1.99504
83,102.1,881186,60377,0.548,0.302,12540,10665,14531,0.01973884,0,0,0.0693,0.1494,0.2834,0.0463,0.01298,0.28852,0.10891,-0.00368,0.30432,2.00457
84,102.9,891798,61081,0.5,0.299,13277,10612,14501,0.01973564,0,0,0.0667,0.1343,0.2615,0.0377,0.01073,0.28764,0.10886,-0.00432,0.30652,2.03085
85,103.7,902451,61800,0.509,0.3,13158,10653,14496,0.01973246,0,0,0.0625,0.1237,0.2472,0.0758,0.01173,0.28809,0.11246,-0.00221,0.30799,1.99308
86,104.5,913103,62527,0.467,0.302,13854,10652,14522,0.01972926,0,0,0.064,0.114,0.2543,0.0348,0.01159,0.28963,0.10884,-0.00437,0.30669,2.03451
87,105.2,923751,63233,0.463,0.298,13991,10648,14503,0.01972607,0,0,0.0653,0.1169,0.2491,0.0316,0.01064,0.28692,0.1055,-0.00253,0.29755,2.066
88,106.0,934384,63923,0.499,0.297,13360,10633,14501,0.01972287,0,0,0.0623,0.1221,0.2449,0.0696,0.01172,0.28465,0.11019,-0.00172,0.30586,2.07953
89,106.8,945027,64621,0.459,0.291,14192,10643,14491,0.01971968,0,0,0.0621,0.1146,0.2428,0.0391,0.01134,0.27936,0.09868,-0.0022,0.28371,2.0779
90,107.5,955745,65314,0.467,0.297,14031,10718,14590,0.01971649,0,0,0.0643,0.1162,0.2564,0.03,0.01145,0.28487,0.09795,-0.00259,0.28425,2.10919
91,108.3,966394,66022,0.489,0.301,13483,10649,14539,0.01971328,0,0,0.0672,0.1116,0.2494,0.0606,0.01178,0.28884,0.10343,-0.00484,0.3002,2.12201
92,109.1,977070,66721,0.45,0.3,14230,10676,14529,0.01971008,0,0,0.0621,0.113,0.2433,0.0316,0.01099,0.28861,0.10922,-0.00352,0.30796,2.09248
93,109.9,987769,67423,0.473,0.301,13835,10699,14563,0.01970688,0,0,0.0651,0.118,0.2537,0.0358,0.01117,0.28839,0.11399,-0.00204,0.31329,2.06109
94,110.7,998462,68124,0.527,0.303,12884,10693,14555,0.01970367,0,0,0.066,0.1302,0.2622,0.0683,0.01132,0.29128,0.09727,-0.00347,0.28487,2.1162
95,111.5,1009153,68831,0.492,0.3,13500,10691,14557,0.01970046,0,0,0.065,0.1253,0.2649,0.0369,0.01139,0.28785,0.10388,-0.0019,0.2946,2.10739
96,112.3,1019834,69513,0.525,0.297,12998,10681,14547,0.01969725,0,0,0.0701,0.1376,0.28,0.0371,0.01151,0.2848,0.10199,-0.00372,0.29488,2.11888
97,113.1,1030537,70193,0.538,0.296,12822,10703,14554,0.01969405,0,0,0.0729,0.1435,0.2697,0.0522,0.01138,0.28421,0.10564,-0.00146,0.29796,2.12642
98,114.0,1041245,70877,0.542,0.3,12726,10708,14552,0.01969084,0,0,0.0717,0.1378,0.2806,0.0515,0.01126,0.28775,0.10112,-0.0025,0.29069,2.11912
99,114.8,1051923,71580,0.535,0.308,12667,10678,14524,0.01968763,0,0,0.0694,0.1298,0.2823,0.0538,0.01212,0.29482,0.10085,-0.0039,0.29582,2.1919
100,115.7,1062622,72276,0.536,0.307,12687,10699,14560,0.01968442,0,0,0.0704,0.1406,0.2871,0.0377,0.0122,0.29454,0.10228,-0.00146,0.29464,2.21385
101,116.5,1073306,72951,0.537,0.306,12678,10684,14544,0.01968121,0,0,0.0697,0.1377,0.2755,0.0542,0.01193,0.29283,0.1064,-0.00625,0.31287,2.22493
102,117.4,1083965,73646,0.518,0.306,12934,10659,14531,0.01967801,0,0,0.0678,0.1264,0.2775,0.0464,0.01133,0.29415,0.0941,-0.00586,0.2866,2.20232
103,118.2,1094630,74367,0.501,0.306,13219,10665,14522,0.01967481,0,0,0.0647,0.1274,0.2684,0.0403,0.01117,0.29419,0.11908,-0.0019,0.33029,2.24483
104,119.0,1105306,75061,0.531,0.305,12781,10676,14533,0.01967161,0,0,0.0664,0.1323,0.289,0.043,0.01185,0.29195,0.10347,-0.00448,0.30633,2.29829
105,119.9,1115926,75747,0.533,0.305,12682,10620,14479,0.01966841,0,0,0.0686,0.1363,0.2702,0.0576,0.01152,0.29235,0.09921,-0.00618,0.29976,2.26212
106,120.7,1126576,76437,0.516,0.301,13043,10650,14512,0.01966522,0,0,0.07,0.1332,0.274,0.0383,0.01219,0.28819,0.10135,-0.00512,0.30316,2.29415
107,121.5,1137218,77130,0.536,0.299,12748,10642,14512,0.01966203,0,0,0.0754,0.1309,0.286,0.0435,0.012,0.28632,0.10665,-0.00454,0.31007,2.22992
108,122.3,1147876,77836,0.52,0.296,13046,10658,14507,0.01965883,0,0,0.0663,0.1375,0.2738,0.0428,0.01196,0.28396,0.1125,-0.00455,0.31953,2.17273
109,123.1,1158475,78551,0.469,0.302,13738,10599,14460,0.01965564,0,0,0.0651,0.1195,0.2527,0.0318,0.01133,0.29054,0.11336,-0.0054,0.32369,2.1921
110,123.9,1169093,79266,0.471,0.305,13680,10618,14496,0.01965246,0,0,0.0626,0.1178,0.2568,0.0341,0.01118,0.29311,0.10865,-0.00195,0.31013,2.2625
111,124.7,1179664,79968,0.516,0.305,12876,10571,14447,0.01964927,0,0,0.0663,0.1251,0.2715,0.0534,0.01189,0.29206,0.10946,-0.00392,0.31668,2.2879
112,125.5,1190282,80665,0.496,0.305,13249,10618,14480,0.0196461,0,0,0.0668,0.1211,0.2608,0.0476,0.01131,0.29297,0.10931,-0.00256,0.31235,2.2555
113,126.3,1200885,81391,0.481,0.303,13522,10603,14459,0.01964292,0,0,0.064,0.1131,0.2528,0.0511,0.01102,0.29146,0.10439,-0.00674,0.30995,2.23185
114,127.0,1211474,82105,0.462,0.296,13979,10589,14431,0.01963973,0,0,0.0631,0.1139,0.2496,0.0352,0.01019,0.28495,0.11519,-0.00479,0.32652,2.20392
115,127.8,1222045,82834,0.469,0.297,13798,10571,14432,0.01963656,0,0,0.0638,0.1188,0.2498,0.0368,0.01128,0.28509,0.10231,-0.00595,0.30281,2.19722
116,128.6,1232652,83539,0.496,0.299,13338,10607,14481,0.01963339,0,0,0.0628,0.1233,0.2531,0.0571,0.01096,0.28715,0.10866,-0.00419,0.31292,2.22108
117,129.4,1243228,84241,0.485,0.302,13441,10576,14430,0.0196302,0,0,0.0662,0.1258,0.262,0.0306,0.01122,0.29041,0.0968,-0.00655,0.29533,2.25719
118,130.1,1253819,84955,0.444,0.303,14170,10591,14458,0.01962703,0,0,0.061,0.1103,0.2423,0.0307,0.0108,0.29151,0.11093,-0.00265,0.31462,2.22806
119,130.9,1264447,85669,0.493,0.301,13389,10628,14483,0.01962385,0,0,0.0638,0.1245,0.2489,0.0553,0.01147,0.28914,0.10589,-0.00436,0.30783,2.22533
120,131.7,1275022,86374,0.474,0.302,13621,10575,14442,0.01962067,0,0,0.0632,0.1183,0.2548,0.038,0.01127,0.2898,0.10895,-0.0023,0.30957,2.21908
121,132.5,1285611,87083,0.513,0.298,13072,10589,14455,0.01961749,0,0,0.0678,0.1365,0.2729,0.0354,0.01132,0.28564,0.11437,-0.00276,0.31897,2.15901
122,133.4,1296203,87793,0.568,0.297,12242,10592,14448,0.01961432,0,0,0.0708,0.1434,0.2804,0.0737,0.01129,0.28494,0.10538,-0.00653,0.30719,2.12474
123,134.2,1306798,88513,0.522,0.3,12896,10595,14447,0.01961114,0,0,0.0678,0.1464,0.2692,0.0382,0.01218,0.2871,0.11083,-0.00373,0.3106,2.07744
124,135.1,1317413,89209,0.585,0.302,11971,10615,14459,0.01960796,0,0,0.0738,0.1624,0.3015,0.047,0.01227,0.28874,0.11035,-0.00408,0.31184,2.11652
125,135.9,1328022,89898,0.521,0.3,12919,10609,14470,0.01960478,0,0,0.0683,0.1345,0.2681,0.05,0.01102,0.28866,0.11125,-0.0018,0.31055,2.15351
126,136.7,1338605,90605,0.511,0.305,12955,10583,14417,0.01960159,0,0,0.0711,0.1299,0.2766,0.0339,0.01252,0.29214,0.10898,-0.00537,0.31566,2.21846
127,137.5,1349239,91290,0.482,0.304,13533,10634,14485,0.01959842,0,0,0.0655,0.1241,0.2584,0.0335,0.01095,0.29274,0.0983,-0.0039,0.29167,2.22687
128,138.3,1359863,91991,0.511,0.303,13038,10624,14473,0.01959523,0,0,0.065,0.128,0.2658,0.0526,0.01174,0.29113,0.10535,-0.00455,0.30754,2.2386
129,139.1,1370483,92702,0.486,0.305,13429,10620,14464,0.01959204,0,0,0.0655,0.1222,0.256,0.042,0.012,0.29242,0.11195,-0.00308,0.31621,2.19845
130,139.9,1381096,93357,0.48,0.3,13602,10613,14467,0.01958886,0,0,0.0639,0.1227,0.2517,0.0416,0.01211,0.28719,0.10193,-0.00183,0.29564,2.24906
131,140.7,1391779,94049,0.531,0.298,12894,10683,14530,0.01958567,0,0,0.0652,0.1284,0.2643,0.0729,0.01206,0.28461,0.10528,-0.00226,0.30261,2.23424
132,141.6,1402406,94720,0.522,0.295,13004,10627,14474,0.01958247,0,0,0.0679,0.1348,0.2794,0.0397,0.01149,0.28323,0.11442,-0.00302,0.32319,2.25509
133,142.4,1413057,95400,0.528,0.3,12863,10651,14504,0.01957928,0,0,0.066,0.1372,0.2847,0.0405,0.01205,0.28706,0.10776,-0.00626,0.31371,2.18752
134,143.2,1423688,96091,0.531,0.305,12723,10631,14461,0.01957608,0,0,0.0665,0.1309,0.2689,0.0648,0.01173,0.29205,0.10283,-0.00579,0.30334,2.19893
135,144.0,1434292,96791,0.524,0.304,12794,10604,14461,0.01957289,0,0,0.0686,0.1326,0.2895,0.0337,0.01204,0.29185,0.11087,-0.00291,0.31423,2.21378
136,144.9,1444916,97464,0.502,0.305,13162,10624,14484,0.01956971,0,0,0.0666,0.1291,0.2727,0.0336,0.01184,0.29211,0.09745,-0.005,0.29077,2.19395
137,145.7,1455564,98170,0.514,0.302,13047,10648,14488,0.01956653,0,0,0.0648,0.1248,0.2676,0.057,0.01127,0.28983,0.10368,-0.00695,0.30503,2.14069
138,146.5,1466184,98846,0.515,0.304,12965,10620,14480,0.01956333,0,0,0.065,0.1331,0.2693,0.0472,0.0123,0.29153,0.10106,-0.00699,0.2995,2.13162
139,147.3,1476811,99547,0.513,0.303,13022,10627,14470,0.01956014,0,0,0.0664,0.1367,0.2723,0.038,0.01158,0.29046,0.10788,-0.00573,0.30894,2.08898
140,148.2,1487438,100246,0.552,0.301,12464,10627,14488,0.01955696,0,0,0.0698,0.1368,0.2719,0.0733,0.01201,0.28821,0.10988,-0.00132,0.30509,2.11405
141,149.0,1498078,100935,0.502,0.299,13281,10640,14475,0.01955377,0,0,0.0656,0.1269,0.2701,0.0391,0.01166,0.28724,0.11,-0.00452,0.31191,2.1192
142,149.8,1508664,101642,0.539,0.3,12627,10586,14449,0.01955058,0,0,0.0693,0.1502,0.2785,0.0408,0.01211,0.28679,0.10494,-0.00247,0.29701,2.10175
143,150.6,1519304,102348,0.536,0.3,12724,10640,14487,0.0195474,0,0,0.066,0.125,0.2741,0.0713,0.01208,0.28681,0.10997,-0.00658,0.31445,2.08063
144,151.4,1529886,103044,0.497,0.302,13255,10582,14449,0.01954421,0,0,0.0665,0.1249,0.2712,0.0342,0.01183,0.28903,0.09937,-0.0058,0.29263,2.10518
145,152.3,1540504,103754,0.524,0.305,12810,10618,14477,0.01954103,0,0,0.0721,0.1391,0.2761,0.0369,0.01257,0.29094,0.09735,-0.00548,0.28848,2.11953
146,153.1,1551140,104468,0.561,0.302,12325,10636,14523,0.01953785,0,0,0.0692,0.1381,0.2897,0.064,0.01143,0.28995,0.11386,-0.00387,0.31787,2.10895
147,153.9,1561725,105169,0.498,0.301,13242,10585,14456,0.01953466,0,0,0.0645,0.1231,0.2747,0.0358,0.01112,0.28906,0.09862,-0.00679,0.2899,2.02404
148,154.7,1572305,105876,0.5,0.302,13192,10580,14449,0.01953148,0,0,0.0666,0.1289,0.2602,0.0444,0.01168,0.28973,0.10546,-0.00575,0.30231,2.04547
149,155.6,1582931,106568,0.52,0.305,12885,10626,14503,0.01952831,0,0,0.0671,0.127,0.2667,0.059,0.01262,0.29159,0.10032,-0.006,0.29245,2.04363
150,156.4,1593548,107269,0.524,0.3,12876,10617,14464,0.01952512,0,0,0.0721,0.1454,0.2701,0.0366,0.01187,0.28768,0.09794,-0.00443,0.2864,2.0911
151,157.2,1604164,107980,0.518,0.294,13074,10616,14475,0.01952194,0,0,0.0681,0.13,0.281,0.039,0.01185,0.28145,0.10725,-0.00316,0.30233,2.08752
152,158.2,1614814,108686,0.603,0.301,11783,10650,14514,0.01951875,0,0,0.0733,0.1566,0.307,0.0662,0.01278,0.28715,0.09994,-0.00785,0.2963,2.06739
153,159.1,1625420,109376,0.586,0.306,11890,10606,14485,0.01951556,0,0,0.0732,0.1637,0.3051,0.0439,0.01344,0.29175,0.09649,-0.00261,0.27897,2.0695
154,160.0,1636070,110078,0.597,0.302,11856,10650,14538,0.01951237,0,0,0.0815,0.1701,0.2976,0.0473,0.01222,0.28844,0.10595,-0.00335,0.29818,2.03951
155,160.8,1646677,110773,0.547,0.296,12591,10607,14485,0.01950918,0,0,0.071,0.1382,0.2763,0.0611,0.01208,0.28316,0.10627,-0.00677,0.3054,2.03285
156,161.7,1657329,111474,0.569,0.297,12304,10652,14533,0.019506,0,0,0.0747,0.1554,0.2938,0.0451,0.01204,0.28391,0.10613,-0.0073,0.3072,2.05911
157,162.5,1667940,112176,0.525,0.299,12881,10611,14496,0.0195028,0,0,0.069,0.132,0.2743,0.0498,0.01199,0.28574,0.10935,-0.00602,0.30854,1.99477
158,163.3,1678518,112874,0.544,0.3,12528,10578,14450,0.01949962,0,0,0.0665,0.1301,0.2805,0.0674,0.01154,0.28773,0.09603,-0.00553,0.28072,1.99005
159,164.1,1689108,113579,0.49,0.305,13315,10590,14443,0.01949644,0,0,0.0654,0.1274,0.264,0.0337,0.01169,0.29269,0.09942,-0.00465,0.28623,2.00232
160,164.9,1699732,114273,0.499,0.306,13194,10624,14502,0.01949327,0,0,0.0653,0.1266,0.271,0.0365,0.01151,0.29325,0.10233,-0.0031,0.28969,2.0218
161,165.8,1710342,114972,0.58,0.305,11984,10610,14475,0.01949008,0,0,0.0704,0.1434,0.2893,0.077,0.01184,0.29249,0.10732,-0.00311,0.29975,2.0238
162,166.7,1721015,115666,0.578,0.306,12077,10673,14547,0.0194869,0,0,0.0775,0.1514,0.3003,0.0484,0.01138,0.29385,0.09982,-0.00732,0.29508,2.07293
163,167.7,1731637,116351,0.637,0.305,11276,10622,14507,0.0194837,0,0,0.0746,0.168,0.3037,0.0904,0.01127,0.29343,0.09332,-0.0072,0.28056,2.04097
164,168.6,1742287,117032,0.595,0.305,11829,10650,14506,0.01948051,0,0,0.0768,0.1619,0.3105,0.0458,0.01173,0.29294,0.09847,-0.00822,0.29277,2.03783
165,169.4,1752903,117729,0.581,0.308,11943,10616,14484,0.01947731,0,0,0.0741,0.1461,0.2907,0.0701,0.01214,0.29515,0.08947,-0.00625,0.27141,2.05301
166,170.4,1763519,118418,0.653,0.308,11045,10616,14470,0.01947413,0,0,0.0882,0.1835,0.3189,0.0625,0.01221,0.29496,0.10416,-0.0076,0.3042,2.07141
167,171.4,1774158,119117,0.719,0.312,10323,10639,14523,0.01947094,0,0,0.0925,0.2013,0.3461,0.0788,0.01195,0.29858,0.09166,-0.00488,0.27537,2.11305
168,172.6,1784765,119822,0.826,0.309,9348,10607,14476,0.01946775,0,0,0.0902,0.215,0.3768,0.1442,0.01358,0.29333,0.10647,-0.00698,0.3091,2.11083
169,173.7,1795395,120516,0.788,0.306,9716,10630,14519,0.01946457,0,0,0.0991,0.2212,0.3728,0.0953,0.0122,0.29184,0.10434,-0.0059,0.30218,2.09865
170,174.6,1806037,121204,0.626,0.3,11501,10642,14513,0.01946138,0,0,0.0696,0.1808,0.2755,0.0997,0.01172,0.28724,0.10142,-0.00482,0.29451,2.10729
171,175.4,1816654,121904,0.518,0.297,13038,10617,14484,0.01945819,0,0,0.0639,0.149,0.2555,0.0492,0.01143,0.28451,0.10701,-0.00034,0.29582,2.0843
172,176.3,1827260,122591,0.542,0.3,12607,10606,14499,0.019455,0,0,0.0706,0.1433,0.2894,0.0385,0.01149,0.28723,0.09144,-0.00701,0.27894,2.10842
173,177.2,1837858,123304,0.604,0.302,11710,10598,14473,0.01945182,0,0,0.0759,0.1529,0.3133,0.0613,0.01153,0.28944,0.10119,-0.00823,0.30063,2.10195
174,177.9,1848465,124011,0.485,0.302,13472,10607,14487,0.01944864,0,0,0.0608,0.1164,0.2516,0.0563,0.0114,0.29018,0.09849,-0.00414,0.28908,2.15493
175,178.7,1859103,124692,0.479,0.304,13595,10638,14500,0.01944546,0,0,0.0637,0.1204,0.2549,0.0397,0.01069,0.29235,0.10183,-0.00621,0.29879,2.12669
176,179.5,1869706,125397,0.492,0.305,13304,10603,14467,0.01944227,0,0,0.0621,0.1222,0.251,0.0567,0.01134,0.29309,0.10297,-0.00801,0.30332,2.09245
177,180.3,1880293,126114,0.484,0.303,13448,10587,14463,0.01943909,0,0,0.0651,0.1308,0.2575,0.0306,0.01134,0.29127,0.11252,-0.00631,0.31735,2.05008
178,181.1,1890882,126813,0.445,0.3,14221,10589,14441,0.01943591,0,0,0.0598,0.1123,0.2436,0.0294,0.0112,0.2877,0.10278,-0.00695,0.29869,2.03773
179,181.8,1901480,127509,0.458,0.298,14011,10598,14478,0.01943274,0,0,0.0607,0.1123,0.246,0.0394,0.01168,0.28572,0.10056,-0.00576,0.29173,2.03471
180,182.6,1912075,128213,0.434,0.303,14380,10595,14468,0.01942956,0,0,0.0579,0.1052,0.2392,0.0319,0.01149,0.29079,0.11178,-0.00703,0.31701,2.04277
181,183.3,1922704,128909,0.423,0.296,14784,10629,14487,0.01942638,0,0,0.057,0.1019,0.2336,0.0304,0.01116,0.28441,0.09877,-0.00838,0.29325,2.03238
182,184.0,1933308,129613,0.446,0.297,14276,10604,14460,0.01942319,0,0,0.0558,0.1018,0.2291,0.0593,0.01167,0.28462,0.10133,-0.00476,0.2911,2.03202
183,184.7,1943937,130327,0.411,0.294,15085,10629,14480,0.01942001,0,0,0.0551,0.0994,0.2275,0.0289,0.01091,0.28224,0.09761,-0.00673,0.28799,2.04158
184,185.5,1954554,131029,0.466,0.291,14029,10617,14467,0.01941682,0,0,0.062,0.1174,0.2542,0.0323,0.01185,0.27841,0.09969,-0.00781,0.29338,2.0181
185,186.3,1965182,131725,0.543,0.293,12708,10628,14485,0.01941363,0,0,0.0664,0.1385,0.2807,0.0577,0.01086,0.28169,0.1081,-0.00668,0.30944,2.0571
186,187.1,1975739,132396,0.466,0.296,13858,10557,14407,0.01941045,0,0,0.0614,0.1159,0.2489,0.0398,0.01064,0.28448,0.10303,-0.00767,0.30037,2.03396
187,188.0,1986328,133113,0.61,0.302,11609,10589,14447,0.01940728,0,0,0.0835,0.1602,0.3045,0.0615,0.01243,0.28926,0.09647,-0.00818,0.28662,1.99174
188,189.2,1996921,133799,0.885,0.295,8979,10593,14466,0.0194041,0,0,0.1048,0.2894,0.414,0.0769,0.01601,0.27774,0.09876,-0.00706,0.28989,2.01644
189,190.2,2007522,134502,0.694,0.291,10759,10601,14500,0.01940092,0,0,0.0858,0.1984,0.3651,0.0447,0.01184,0.27857,0.09707,-0.00466,0.28148,2.01099
190,191.1,2018123,135209,0.673,0.301,10880,10601,14477,0.01939774,0,0,0.0874,0.1727,0.3703,0.0431,0.01216,0.28805,0.10181,-0.00858,0.30071,2.06026
191,192.3,2028763,135896,0.889,0.302,8937,10640,14494,0.01939456,0,0,0.0937,0.2774,0.437,0.0806,0.01278,0.28813,0.10483,-0.00781,0.3028,1.99845
192,193.4,2039355,136580,0.746,0.301,10124,10592,14458,0.01939137,0,0,0.086,0.1818,0.4136,0.0642,0.01121,0.28868,0.10269,-0.00762,0.29833,2.00391
193,194.4,2049977,137272,0.744,0.31,10078,10622,14493,0.01938819,0,0,0.0976,0.1643,0.3977,0.0847,0.02076,0.28809,0.10254,-0.00522,0.29255,1.98659
194,195.4,2060632,137957,0.693,0.292,10818,10655,14517,0.01938501,0,0,0.0892,0.193,0.3293,0.081,0.01205,0.27944,0.0939,-0.00722,0.2789,1.9776
195,196.4,2071219,138657,0.702,0.295,10623,10587,14458,0.01938181,0,0,0.0881,0.1928,0.3696,0.0513,0.01075,0.28333,0.09951,-0.00852,0.29243,1.97024
196,197.3,2081835,139355,0.65,0.297,11201,10616,14491,0.01937863,0,0,0.0948,0.1921,0.3218,0.0417,0.01166,0.2848,0.10144,-0.00696,0.29242,1.95116
197,198.4,2092464,140048,0.715,0.298,10496,10629,14507,0.01937545,0,0,0.0879,0.1815,0.3434,0.1023,0.01182,0.28478,0.10316,-0.00361,0.28956,1.96214
198,199.4,2103081,140766,0.685,0.304,10729,10617,14487,0.01937226,0,0,0.1078,0.1817,0.3323,0.0634,0.01339,0.29,0.09622,-0.00654,0.28229,1.98118
199,200.4,2113671,141441,0.76,0.3,9998,10590,14447,0.01936908,0,0,0.0907,0.2121,0.3775,0.0792,0.01173,0.28719,0.09766,-0.00318,0.27778,1.96484
200,201.5,2124286,142137,0.808,0.308,9511,10615,14484,0.0193659,0,0,0.1178,0.2195,0.4015,0.0689,0.01319,0.29446,0.10518,-0.00858,0.30225,1.9295
201,216.0,2134875,142815,1.239,0.589,5795,10589,14442,0.01936271,0,0,0.0925,0.2891,0.7149,0.1424,0.02683,0.56097,0.09819,-0.00939,0.28955,1.92049
202,217.5,2145522,143487,1.013,0.307,8066,10647,14452,0.01935954,0,0,0.1196,0.3316,0.4761,0.0857,0.01621,0.28973,0.11226,-0.00768,0.31143,1.84797
203,218.8,2156220,144166,0.968,0.302,8421,10698,14501,0.01935634,0,0,0.0958,0.265,0.4983,0.1088,0.01457,0.28678,0.10784,-0.00633,0.29956,1.83944
204,220.1,2166849,144848,0.979,0.299,8322,10629,14443,0.01935313,0,0,0.1046,0.3254,0.4718,0.0767,0.01161,0.28599,0.10199,-0.00858,0.2936,1.87218
205,221.3,2177512,145527,0.965,0.298,8446,10663,14459,0.01934995,0,0,0.1043,0.3043,0.4425,0.1136,0.01197,0.28462,0.1253,-0.00474,0.33103,1.83325
206,222.6,2188140,146192,0.973,0.302,8337,10628,14406,0.01934675,0,0,0.0941,0.2757,0.4986,0.1041,0.01287,0.2883,0.097,-0.00889,0.28258,1.83008
207,223.9,2198836,146886,0.964,0.302,8446,10696,14495,0.01934356,0,0,0.1008,0.3225,0.4239,0.1172,0.01299,0.2877,0.10432,-0.00473,0.28825,1.81348
208,225.2,2209459,147545,0.996,0.299,8202,10623,14443,0.01934035,0,0,0.1229,0.3193,0.471,0.0826,0.01172,0.28677,0.11924,-0.0081,0.32665,1.86026
209,226.5,2220122,148229,0.99,0.298,8278,10663,14450,0.01933716,0,0,0.1002,0.2724,0.4631,0.154,0.01233,0.28525,0.11528,-0.00099,0.30357,1.83683
210,228.0,2230795,148912,1.194,0.304,7122,10673,14471,0.01933396,0,0,0.1415,0.3865,0.5388,0.1273,0.01195,0.2915,0.10808,-0.00961,0.30493,1.79883
211,229.3,2241433,149596,1.014,0.301,8088,10638,14430,0.01933076,0,0,0.1026,0.3305,0.4404,0.1403,0.01145,0.28894,0.10473,-0.00498,0.29049,1.83823
212,230.5,2252017,150271,0.962,0.302,8371,10584,14407,0.01932757,0,0,0.0952,0.3041,0.4695,0.0937,0.01238,0.28825,0.10615,-0.00213,0.28631,1.80441
213,231.9,2262625,150929,1.052,0.307,7807,10608,14420,0.01932439,0,0,0.1006,0.3106,0.489,0.1517,0.01148,0.29443,0.09931,-0.00628,0.28033,1.78901
214,233.2,2273260,151592,1.0,0.307,8138,10635,14433,0.01932121,0,0,0.1082,0.3349,0.4563,0.101,0.01329,0.29247,0.09788,-0.00792,0.28131,1.8041
215,234.4,2283880,152272,0.903,0.309,8764,10620,14408,0.01931802,0,0,0.1069,0.2738,0.4141,0.1079,0.01286,0.29557,0.10182,-0.0062,0.28553,1.79846
216,235.7,2294474,152958,0.969,0.305,8316,10594,14394,0.01931484,0,0,0.09,0.2805,0.4525,0.1456,0.01185,0.29269,0.11017,-0.00652,0.30348,1.81467
217,236.8,2305090,153629,0.845,0.308,9209,10616,14397,0.01931166,0,0,0.0857,0.2498,0.4375,0.0717,0.01255,0.29468,0.1035,-0.00374,0.28366,1.79081
218,238.0,2315771,154304,0.889,0.306,8938,10681,14482,0.01930847,0,0,0.0918,0.2703,0.4294,0.0972,0.01137,0.29416,0.09537,-0.00673,0.2753,1.841
219,239.2,2326365,154968,0.865,0.315,8980,10594,14385,0.01930527,0,0,0.0968,0.2323,0.4626,0.073,0.0124,0.30183,0.11498,-0.00438,0.30807,1.7962
220,240.4,2336988,155650,0.901,0.315,8736,10623,14409,0.01930209,0,0,0.0901,0.2239,0.4831,0.1044,0.01164,0.30196,0.10495,-0.00727,0.29312,1.77887
221,241.6,2347625,156313,0.857,0.315,9080,10637,14422,0.0192989,0,0,0.1144,0.2377,0.4244,0.0803,0.01132,0.30259,0.09699,-0.00851,0.28019,1.79256
222,242.9,2358246,156989,0.976,0.319,8205,10621,14413,0.01929571,0,0,0.125,0.2983,0.4512,0.1014,0.01305,0.30472,0.08861,-0.00851,0.26317,1.78585
223,244.1,2368859,157661,0.92,0.314,8603,10613,14406,0.01929253,0,0,0.1002,0.2947,0.465,0.0597,0.01239,0.30082,0.09447,-0.00782,0.27467,1.81669
224,245.4,2379509,158342,0.899,0.318,8749,10650,14430,0.01928934,0,0,0.0936,0.2544,0.4324,0.1189,0.01206,0.30444,0.10518,-0.00914,0.29795,1.79658
225,246.5,2390120,158999,0.818,0.316,9357,10611,14389,0.01928615,0,0,0.1256,0.2289,0.3956,0.0676,0.01196,0.30368,0.09034,-0.00763,0.26674,1.83532
226,247.7,2400757,159669,0.889,0.303,8924,10637,14420,0.01928296,0,0,0.0929,0.2292,0.4494,0.1173,0.01368,0.28852,0.09909,-0.00762,0.2841,1.8327
227,248.8,2411377,160315,0.833,0.313,9268,10620,14419,0.01927977,0,0,0.0975,0.2271,0.393,0.115,0.01202,0.29188,0.10669,-0.00683,0.29928,1.87329
228,250.1,2422005,160953,0.988,0.305,8219,10628,14407,0.01927659,0,0,0.0991,0.2641,0.4956,0.1288,0.0152,0.28901,0.09571,-0.00494,0.27485,1.90769
229,251.3,2432661,161614,0.884,0.307,8954,10656,14460,0.0192734,0,0,0.101,0.2468,0.4685,0.0672,0.01692,0.28866,0.10024,-0.00666,0.28719,1.90355
230,252.5,2443375,162267,0.851,0.302,9296,10714,14507,0.0192702,0,0,0.0961,0.2453,0.4,0.1092,0.0122,0.28874,0.09188,-0.00641,0.27101,1.93116
231,253.6,2454060,162905,0.843,0.305,9311,10685,14497,0.01926699,0,0,0.1149,0.2464,0.3933,0.0884,0.01409,0.28952,0.0963,-0.0078,0.28206,1.91681
232,254.9,2464739,163551,1.017,0.31,8047,10679,14453,0.01926378,0,0,0.1483,0.2781,0.4317,0.1593,0.01182,0.29644,0.09738,-0.00619,0.27929,1.87308
233,256.4,2475403,164189,1.146,0.303,7362,10664,14461,0.01926058,0,0,0.1175,0.3505,0.5983,0.0796,0.01159,0.29029,0.09152,-0.00741,0.27052,1.88607
234,257.9,2486042,164811,1.191,0.312,7080,10639,14415,0.01925738,0,0,0.1207,0.3205,0.5024,0.2475,0.0227,0.28791,0.08936,-0.00724,0.26742,1.92707
235,259.4,2496723,165457,1.248,0.304,6885,10681,14458,0.01925419,0,0,0.1368,0.4324,0.5588,0.1195,0.01219,0.29069,0.08686,-0.00736,0.2615,1.89729
236,260.6,2507320,166087,0.867,0.3,9078,10597,14383,0.01925098,0,0,0.0951,0.2271,0.4746,0.0705,0.01209,0.28675,0.09685,-0.00825,0.28079,1.83351
237,261.7,2517983,166737,0.829,0.301,9433,10663,14439,0.0192478,0,0,0.0949,0.2214,0.4054,0.1073,0.01225,0.28827,0.09948,-0.00914,0.28908,1.86607
238,262.9,2528630,167389,0.832,0.304,9371,10647,14430,0.01924461,0,0,0.1002,0.2273,0.4323,0.0719,0.01339,0.28991,0.09628,-0.00663,0.27852,1.88843
239,264.1,2539235,168031,0.896,0.302,8850,10605,14401,0.01924141,0,0,0.0984,0.2159,0.4406,0.1412,0.01179,0.28925,0.08782,-0.009,0.26854,1.94651
240,265.2,2549877,168669,0.821,0.301,9484,10642,14409,0.01923823,0,0,0.0908,0.2367,0.4223,0.0713,0.01244,0.28759,0.10079,-0.00666,0.28809,1.90251
241,266.4,2560511,169307,0.887,0.305,8918,10634,14420,0.01923504,0,0,0.0971,0.2462,0.435,0.109,0.01337,0.29072,0.09416,-0.00892,0.27959,1.90895
242,267.6,2571138,169966,0.899,0.304,8835,10627,14389,0.01923185,0,0,0.0964,0.2495,0.4563,0.0971,0.01484,0.28791,0.10349,-0.00846,0.2967,1.89267
243,268.8,2581783,170621,0.863,0.301,9144,10645,14442,0.01922866,0,0,0.0991,0.2431,0.4051,0.1155,0.01145,0.28868,0.09371,-0.00688,0.27481,1.91496
244,269.9,2592361,171271,0.823,0.3,9418,10578,14356,0.01922547,0,0,0.0976,0.222,0.433,0.0706,0.01128,0.28768,0.08636,-0.00997,0.26593,1.90597
245,271.1,2602991,171917,0.87,0.317,8955,10630,14392,0.01922229,0,0,0.0856,0.2288,0.4032,0.1528,0.01569,0.29966,0.093,-0.01011,0.28082,1.94066
246,272.4,2613618,172568,0.957,0.32,8318,10627,14426,0.0192191,0,0,0.1072,0.274,0.4135,0.1626,0.01476,0.30416,0.09938,-0.00721,0.28768,1.93832
247,273.4,2624217,173227,0.736,0.313,10107,10599,14393,0.01921591,0,0,0.0922,0.2161,0.3287,0.099,0.01216,0.29971,0.08664,-0.00841,0.26661,1.991
248,274.4,2634894,173866,0.693,0.316,10589,10677,14470,0.01921273,0,0,0.0924,0.1999,0.3521,0.0482,0.01358,0.30117,0.09334,-0.00997,0.2803,1.91727
249,275.6,2645501,174531,0.902,0.315,8713,10607,14405,0.01920953,0,0,0.0934,0.2221,0.4773,0.1096,0.01171,0.30232,0.09463,-0.0082,0.28149,1.97366
250,276.7,2656130,175164,0.749,0.316,9985,10629,14416,0.01920635,0,0,0.1004,0.21,0.37,0.0686,0.01324,0.3013,0.10513,-0.01074,0.30747,1.97125
251,277.7,2666757,175829,0.684,0.314,10647,10627,14404,0.01920316,0,0,0.0859,0.1803,0.3406,0.0769,0.01209,0.30097,0.09517,-0.01033,0.28529,1.93436
252,278.7,2677435,176479,0.618,0.302,11609,10678,14405,0.01919997,0,0,0.0811,0.1744,0.3226,0.04,0.01129,0.28978,0.1036,-0.00954,0.29772,1.86064
253,279.5,2688055,177135,0.493,0.295,13477,10620,14319,0.01919677,0,0,0.0664,0.1228,0.2624,0.0411,0.01166,0.28307,0.10202,-0.00937,0.29165,1.79418
254,280.3,2698741,177805,0.526,0.296,13006,10686,14395,0.01919358,0,0,0.0683,0.129,0.2572,0.0714,0.01186,0.28291,0.10135,-0.00893,0.29133,1.8436
255,281.1,2709353,178470,0.492,0.3,13393,10612,14312,0.01919038,0,0,0.0622,0.1146,0.265,0.0506,0.01162,0.28771,0.10355,-0.00827,0.29341,1.81782
256,282.0,2720033,179122,0.551,0.301,12535,10680,14376,0.01918719,0,0,0.0769,0.1514,0.2816,0.0414,0.01096,0.28926,0.1069,-0.00878,0.3027,1.85941
257,282.8,2730732,179798,0.492,0.3,13500,10699,14415,0.01918399,0,0,0.0616,0.1172,0.2553,0.0584,0.01009,0.2894,0.10513,-0.00791,0.29607,1.82453
258,283.6,2741436,180452,0.518,0.301,13080,10704,14416,0.01918078,0,0,0.0706,0.1388,0.2748,0.0335,0.01101,0.289,0.10598,-0.01129,0.30434,1.81933
259,284.3,2752147,181146,0.443,0.304,14331,10711,14452,0.01917757,0,0,0.0591,0.1027,0.2367,0.0449,0.01215,0.29101,0.09964,-0.01153,0.2914,1.80034
260,285.1,2762840,181800,0.496,0.304,13368,10693,14393,0.01917436,0,0,0.0642,0.1154,0.2468,0.0695,0.01127,0.29144,0.09622,-0.00929,0.27887,1.76929
261,286.0,2773585,182470,0.501,0.303,13368,10745,14489,0.01917115,0,0,0.0689,0.1278,0.2719,0.0326,0.01082,0.29101,0.11474,-0.01094,0.31872,1.75679
262,286.7,2784289,183120,0.477,0.302,13746,10704,14428,0.01916792,0,0,0.0617,0.1216,0.2577,0.0362,0.01171,0.28931,0.11305,-0.00776,0.30893,1.75577
263,287.5,2794982,183794,0.5,0.3,13380,10693,14419,0.01916471,0,0,0.0636,0.1111,0.2624,0.0626,0.01083,0.28819,0.11731,-0.00657,0.31589,1.77762
264,288.3,2805698,184446,0.436,0.298,14602,10716,14437,0.01916151,0,0,0.0587,0.1022,0.2367,0.038,0.0122,0.28558,0.09424,-0.0095,0.27658,1.80367
265,289.0,2816407,185097,0.448,0.299,14330,10709,14427,0.01915829,0,0,0.0557,0.1221,0.2303,0.04,0.01067,0.28764,0.11239,-0.00743,0.30759,1.77365
266,289.7,2827039,185783,0.424,0.298,14724,10632,14346,0.01915508,0,0,0.0544,0.1019,0.2268,0.0411,0.01089,0.28641,0.1148,-0.0072,0.31141,1.75938
267,290.4,2837685,186462,0.415,0.298,14922,10646,14364,0.01915189,0,0,0.0557,0.0983,0.2328,0.0282,0.0106,0.28731,0.10992,-0.00728,0.30285,1.78712
268,291.2,2848376,187131,0.427,0.298,14748,10691,14426,0.01914869,0,0,0.0579,0.1048,0.235,0.0296,0.01035,0.28662,0.1063,-0.01072,0.30271,1.7931
269,291.9,2859069,187802,0.416,0.303,14870,10693,14451,0.01914549,0,0,0.0556,0.0979,0.2275,0.0355,0.01239,0.28945,0.1173,-0.00856,0.31932,1.76556
270,292.6,2869768,188454,0.41,0.298,15109,10699,14444,0.01914228,0,0,0.0537,0.0986,0.2278,0.0303,0.01087,0.28643,0.11495,-0.00792,0.31369,1.77506
271,293.3,2880437,189111,0.426,0.298,14732,10669,14390,0.01913907,0,0,0.0576,0.1039,0.2353,0.029,0.01122,0.28671,0.10663,-0.01188,0.30425,1.75657
272,294.0,2891118,189773,0.421,0.298,14858,10681,14404,0.01913587,0,0,0.0539,0.0989,0.2279,0.0405,0.01044,0.28664,0.11828,-0.00771,0.31866,1.7424
273,294.8,2901794,190452,0.439,0.299,14466,10676,14388,0.01913266,0,0,0.0577,0.1042,0.2313,0.0462,0.01076,0.28738,0.10115,-0.01097,0.2914,1.75492
274,295.5,2912481,191084,0.427,0.302,14665,10687,14410,0.01912946,0,0,0.0557,0.1018,0.2331,0.0363,0.01106,0.28978,0.10937,-0.00912,0.30339,1.73592
275,296.3,2923230,191743,0.481,0.302,13732,10749,14490,0.01912626,0,0,0.0605,0.1165,0.25,0.054,0.01117,0.29017,0.11389,-0.00599,0.30583,1.72723
276,297.0,2933893,192403,0.439,0.301,14417,10663,14387,0.01912303,0,0,0.0575,0.1078,0.2398,0.0335,0.01142,0.28915,0.10755,-0.00939,0.30038,1.73853
277,297.8,2944577,193062,0.431,0.303,14546,10684,14425,0.01911983,0,0,0.0582,0.1001,0.2406,0.0326,0.01133,0.29117,0.12141,-0.00627,0.32205,1.74403
278,298.5,2955285,193734,0.466,0.301,13964,10708,14445,0.01911663,0,0,0.0597,0.1079,0.2436,0.0547,0.0103,0.28991,0.10017,-0.00897,0.28598,1.77077
279,299.3,2965969,194383,0.469,0.301,13873,10684,14417,0.01911341,0,0,0.0624,0.1132,0.2587,0.0345,0.011,0.28942,0.09146,-0.00758,0.26518,1.75521
280,300.1,2976652,195053,0.474,0.301,13769,10683,14436,0.01911021,0,0,0.0615,0.1186,0.252,0.0422,0.011,0.28937,0.11199,-0.00968,0.30985,1.74046
281,300.8,2987334,195712,0.459,0.302,14046,10682,14428,0.019107,0,0,0.0591,0.1066,0.2431,0.0498,0.01221,0.28915,0.10806,-0.00954,0.30208,1.7499
282,301.6,2998005,196387,0.446,0.301,14296,10671,14398,0.0191038,0,0,0.0598,0.1134,0.2381,0.0343,0.01136,0.28889,0.10772,-0.0093,0.30032,1.73494
283,302.3,3008660,197043,0.449,0.303,14179,10655,14391,0.0191006,0,0,0.0593,0.1083,0.2475,0.0335,0.0115,0.29075,0.11255,-0.00612,0.30272,1.71171
284,303.2,3019338,197724,0.491,0.318,13198,10678,14414,0.0190974,0,0,0.0613,0.1178,0.2476,0.0647,0.01162,0.30545,0.12254,-0.00425,0.31823,1.69256
285,303.9,3030024,198382,0.432,0.317,14256,10686,14418,0.0190942,0,0,0.0575,0.1053,0.238,0.0314,0.0113,0.30546,0.12016,-0.00602,0.31544,1.65203
286,304.7,3040624,199046,0.468,0.316,13507,10600,14342,0.01909099,0,0,0.0659,0.113,0.2538,0.0356,0.01122,0.30468,0.11368,-0.01002,0.31099,1.6654
287,305.4,3051286,199710,0.444,0.316,14025,10662,14410,0.01908781,0,0,0.0568,0.1018,0.2362,0.0494,0.01125,0.30406,0.10533,-0.00957,0.292,1.62903
288,306.2,3061937,200387,0.424,0.317,14379,10651,14409,0.01908461,0,0,0.0564,0.1027,0.2308,0.0338,0.01121,0.30522,0.10849,-0.00692,0.2928,1.62375
289,306.9,3072589,201049,0.429,0.316,14300,10652,14386,0.01908142,0,0,0.058,0.1045,0.2357,0.0306,0.0106,0.30472,0.10381,-0.00894,0.28866,1.65488
290,307.7,3083257,201706,0.467,0.315,13640,10668,14443,0.01907822,0,0,0.0585,0.1074,0.2402,0.0606,0.01071,0.30386,0.12144,-0.00836,0.32355,1.67633
291,308.5,3093913,202368,0.422,0.315,14462,10656,14399,0.01907502,0,0,0.055,0.1008,0.2374,0.0287,0.01136,0.30299,0.1044,-0.00992,0.29146,1.64667
292,309.2,3104558,203036,0.397,0.316,14925,10645,14380,0.01907183,0,0,0.0512,0.0941,0.2215,0.03,0.01168,0.30424,0.12288,-0.00613,0.32053,1.63848
293,309.9,3115207,203709,0.419,0.306,14702,10649,14399,0.01906863,0,0,0.0536,0.0977,0.2261,0.0413,0.01112,0.29382,0.12169,-0.00759,0.32009,1.61339
294,310.6,3125827,204368,0.444,0.306,14163,10620,14363,0.01906544,0,0,0.0593,0.1077,0.2387,0.0385,0.01093,0.29382,0.11395,-0.01033,0.3101,1.61422
295,311.4,3136483,205016,0.427,0.3,14656,10656,14379,0.01906225,0,0,0.0582,0.1027,0.2334,0.0325,0.01059,0.28927,0.11756,-0.008,0.31169,1.58882
296,312.1,3147131,205697,0.456,0.301,14063,10648,14396,0.01905906,0,0,0.0562,0.1054,0.2395,0.0554,0.01114,0.28903,0.10811,-0.00999,0.29675,1.58883
297,312.9,3157727,206374,0.439,0.307,14212,10596,14345,0.01905586,0,0,0.0574,0.1048,0.2436,0.0332,0.01076,0.29529,0.12223,-0.00657,0.31809,1.58715
298,313.6,3168344,207032,0.464,0.304,13838,10617,14375,0.01905268,0,0,0.0654,0.1129,0.2499,0.0356,0.01073,0.29216,0.12201,-0.00762,0.3195,1.58076
299,314.4,3179012,207695,0.497,0.301,13379,10668,14416,0.0190495,0,0,0.0617,0.1134,0.2534,0.0683,0.01083,0.28908,0.11894,-0.00902,0.31876,1.64961
300,315.2,3189658,208365,0.454,0.298,14155,10646,14406,0.0190463,0,0,0.0603,0.1116,0.2516,0.0306,0.01133,0.28586,0.11963,-0.009,0.31836,1.60424
301,315.9,3200308,209027,0.448,0.298,14288,10650,14365,0.0190431,0,0,0.0624,0.1117,0.2405,0.0329,0.01036,0.2869,0.10982,-0.00939,0.29917,1.59472
302,316.7,3211023,209699,0.447,0.297,14409,10715,14394,0.01903991,0,0,0.0573,0.1018,0.2317,0.0564,0.01098,0.28498,0.11938,-0.00681,0.31231,1.57412
303,317.5,3221672,210360,0.423,0.299,14742,10649,14339,0.01903669,0,0,0.056,0.1021,0.2352,0.0301,0.01113,0.28729,0.11661,-0.01224,0.31667,1.5492
304,318.2,3232362,211034,0.451,0.298,14270,10690,14384,0.0190335,0,0,0.0631,0.1116,0.2454,0.0314,0.01085,0.28629,0.12895,-0.00873,0.33381,1.53578
305,319.0,3243010,211686,0.456,0.295,14185,10648,14324,0.01903029,0,0,0.0573,0.1034,0.2369,0.058,0.01029,0.28391,0.12428,-0.00792,0.32206,1.51536
306,320.1,3253743,212362,0.82,0.299,9595,10733,14409,0.0190271,0,0,0.1107,0.2597,0.3441,0.1056,0.01271,0.28475,0.12413,-0.00821,0.32329,1.53975
307,321.1,3264425,213033,0.754,0.299,10151,10682,14361,0.01902388,0,0,0.0751,0.1788,0.371,0.1288,0.01238,0.28552,0.11873,-0.00797,0.31204,1.54078
308,322.3,3275161,213709,0.878,0.301,9112,10736,14447,0.01902067,0,0,0.0893,0.2491,0.4574,0.0817,0.01258,0.28691,0.11877,-0.00862,0.31435,1.56617
309,323.8,3285892,214376,1.145,0.303,7409,10731,14409,0.01901745,0,0,0.1134,0.3458,0.5011,0.1851,0.01163,0.29036,0.11721,-0.00812,0.31006,1.562
310,325.3,3296605,215042,1.208,0.303,7092,10713,14411,0.01901423,0,0,0.121,0.3346,0.6044,0.1479,0.01244,0.28925,0.11108,-0.00942,0.3027,1.62245
311,326.9,3307348,215700,1.267,0.308,6822,10743,14429,0.01901102,0,0,0.1213,0.3647,0.5648,0.2165,0.0168,0.29001,0.125,-0.01153,0.33461,1.6189
312,328.2,3318100,216353,1.038,0.305,8010,10752,14414,0.0190078,0,0,0.1086,0.3466,0.5064,0.0762,0.01178,0.29177,0.12579,-0.00944,0.33021,1.57205
313,329.4,3328878,217023,0.923,0.305,8777,10778,14461,0.01900457,0,0,0.11,0.2751,0.409,0.1294,0.01316,0.29043,0.14418,-0.00785,0.36418,1.58185
314,330.7,3339619,217681,0.962,0.304,8479,10741,14403,0.01900134,0,0,0.1095,0.3354,0.4578,0.0596,0.01202,0.29152,0.1324,-0.00942,0.34387,1.58498
315,332.1,3350351,218350,1.114,0.305,7565,10732,14412,0.01899811,0,0,0.112,0.3978,0.5205,0.0834,0.01217,0.29171,0.11303,-0.00908,0.30407,1.57531
316,333.4,3361102,219019,0.957,0.305,8522,10751,14410,0.01899489,0,0,0.0951,0.263,0.485,0.1139,0.01221,0.29136,0.12778,-0.0091,0.33379,1.58014
317,334.7,3371851,219687,1.062,0.304,7871,10749,14404,0.01899167,0,0,0.1009,0.3176,0.5628,0.0805,0.01159,0.29119,0.12222,-0.00872,0.32097,1.55615
318,336.2,3382555,220362,1.112,0.319,7478,10704,14400,0.01898844,0,0,0.1068,0.3324,0.5241,0.149,0.01247,0.30553,0.13383,-0.00911,0.34577,1.57693
319,337.6,3393294,221026,1.098,0.318,7586,10739,14428,0.01898523,0,0,0.1334,0.3551,0.5304,0.0788,0.01299,0.30393,0.13063,-0.00878,0.33694,1.53093
320,338.8,3404012,221694,0.854,0.318,9139,10718,14397,0.01898201,0,0,0.0923,0.2712,0.3987,0.0922,0.01285,0.3048,0.11489,-0.01118,0.3099,1.52109
321,339.6,3414713,222359,0.561,0.315,12209,10701,14381,0.0189788,0,0,0.0771,0.1527,0.2958,0.0355,0.01244,0.30222,0.11634,-0.00741,0.3053,1.5224
322,340.6,3425450,223036,0.631,0.32,11296,10737,14401,0.01897559,0,0,0.0786,0.1745,0.3178,0.0596,0.01149,0.3079,0.1278,-0.00987,0.33177,1.48707
323,341.4,3436147,223708,0.44,0.319,14097,10697,14366,0.01897237,0,0,0.0623,0.1044,0.2412,0.0321,0.01072,0.30751,0.12524,-0.00736,0.32224,1.50339
324,342.1,3446878,224381,0.444,0.32,14039,10731,14407,0.01896916,0,0,0.0618,0.1092,0.2386,0.0344,0.01218,0.30725,0.13198,-0.00851,0.33722,1.48266
325,343.0,3457555,225065,0.552,0.31,12392,10677,14368,0.01896594,0,0,0.0737,0.1344,0.2764,0.0674,0.01137,0.29757,0.12922,-0.00528,0.32491,1.47374
326,343.8,3468285,225724,0.523,0.304,12976,10730,14408,0.01896273,0,0,0.075,0.1393,0.2733,0.0357,0.0116,0.29132,0.12131,-0.00804,0.31722,1.54306
327,344.7,3478966,226387,0.589,0.303,11967,10681,14325,0.01895951,0,0,0.0794,0.1612,0.307,0.0417,0.01063,0.2918,0.12822,-0.00688,0.32613,1.47522
328,345.9,3489680,227045,0.872,0.304,9108,10714,14368,0.01895631,0,0,0.092,0.2231,0.4381,0.119,0.01139,0.29218,0.12221,-0.00893,0.31867,1.4873
329,346.8,3500376,227708,0.63,0.306,11423,10696,14369,0.0189531,0,0,0.0912,0.1799,0.3116,0.0477,0.01202,0.29325,0.11692,-0.00983,0.3097,1.48262
330,347.8,3511093,228372,0.725,0.304,10421,10717,14371,0.01894989,0,0,0.083,0.2291,0.3323,0.0806,0.01089,0.29191,0.12316,-0.00937,0.32167,1.49383
331,348.8,3521750,229012,0.662,0.311,10948,10657,14328,0.01894667,0,0,0.0872,0.1848,0.3391,0.051,0.01832,0.29222,0.11958,-0.00859,0.31388,1.51849
332,349.7,3532459,229671,0.581,0.303,12108,10709,14379,0.01894348,0,0,0.0801,0.1493,0.2817,0.0702,0.01172,0.29082,0.1264,-0.00873,0.3277,1.51581
333,350.5,3543199,230327,0.481,0.302,13710,10740,14420,0.01894026,0,0,0.067,0.1188,0.2622,0.0331,0.01132,0.29009,0.12526,-0.01096,0.3292,1.49815
334,351.3,3553915,230967,0.501,0.304,13305,10716,14382,0.01893704,0,0,0.0695,0.1317,0.2666,0.0333,0.01064,0.29279,0.11934,-0.00944,0.31496,1.51534
335,352.1,3564607,231628,0.547,0.302,12600,10692,14357,0.01893383,0,0,0.0692,0.1343,0.2794,0.0641,0.01096,0.2899,0.13119,-0.00867,0.33739,1.52273
336,352.9,3575336,232262,0.44,0.301,14469,10729,14399,0.01893062,0,0,0.0585,0.106,0.2432,0.0325,0.01083,0.28971,0.12497,-0.01101,0.32965,1.52421
337,353.7,3586118,232919,0.507,0.301,13345,10782,14433,0.0189274,0,0,0.0675,0.1281,0.2756,0.0362,0.01095,0.28918,0.12761,-0.00564,0.32398,1.51862
338,354.6,3596838,233558,0.614,0.305,11654,10720,14379,0.01892416,0,0,0.0857,0.1569,0.2792,0.0926,0.01215,0.29276,0.12349,-0.00821,0.32139,1.53242
339,355.4,3607619,234198,0.465,0.3,14092,10781,14432,0.01892095,0,0,0.0631,0.1158,0.2505,0.0351,0.01039,0.28949,0.12273,-0.00768,0.31783,1.50687
340,356.1,3618335,234860,0.461,0.303,14024,10716,14373,0.01891771,0,0,0.0619,0.1126,0.2531,0.0332,0.01242,0.29014,0.12548,-0.00692,0.32167,1.50285
341,356.9,3629049,235504,0.456,0.3,14172,10714,14387,0.0189145,0,0,0.0601,0.1089,0.2395,0.048,0.01041,0.28856,0.12967,-0.00402,0.32588,1.54666
342,357.6,3639793,236157,0.425,0.3,14820,10744,14407,0.01891129,0,0,0.0576,0.1037,0.2293,0.0341,0.0111,0.28862,0.11448,-0.00835,0.30363,1.53293
343,358.4,3650480,236796,0.439,0.299,14474,10687,14348,0.01890806,0,0,0.0593,0.1107,0.2396,0.0295,0.01048,0.28829,0.1264,-0.00451,0.318,1.48557
344,359.1,3661205,237431,0.488,0.3,13611,10725,14384,0.01890486,0,0,0.061,0.1153,0.2533,0.058,0.01096,0.2888,0.11489,-0.00841,0.30444,1.52994
345,359.9,3671948,238071,0.434,0.298,14678,10743,14399,0.01890164,0,0,0.0586,0.1059,0.2398,0.0297,0.00996,0.28741,0.11873,-0.00861,0.31221,1.52173
346,360.6,3682694,238732,0.44,0.303,14481,10746,14414,0.01889842,0,0,0.0572,0.1051,0.2442,0.033,0.01113,0.29088,0.12101,-0.00728,0.31386,1.5157
347,361.4,3693423,239377,0.466,0.301,13985,10729,14404,0.01889519,0,0,0.0573,0.1057,0.2375,0.0654,0.01092,0.28971,0.11146,-0.00798,0.29559,1.50053
348,362.1,3704178,240025,0.454,0.3,14262,10755,14420,0.01889197,0,0,0.0596,0.117,0.2439,0.0334,0.01027,0.28922,0.12395,-0.00654,0.31924,1.54191
349,362.9,3714977,240664,0.42,0.301,14977,10799,14492,0.01888875,0,0,0.056,0.1002,0.2338,0.0299,0.01081,0.28977,0.10633,-0.00931,0.28989,1.55177
350,363.7,3725737,241311,0.488,0.302,13625,10760,14425,0.01888551,0,0,0.0613,0.1148,0.2493,0.0627,0.01111,0.29006,0.12151,-0.00905,0.31789,1.50342
351,364.4,3736507,241942,0.441,0.3,14524,10770,14396,0.01888228,0,0,0.0597,0.1079,0.242,0.0318,0.01059,0.28902,0.13075,-0.00997,0.33696,1.47032
352,365.2,3747330,242584,0.422,0.301,14974,10823,14415,0.01887905,0,0,0.0564,0.1011,0.2339,0.0304,0.01092,0.28902,0.12205,-0.00627,0.31179,1.46088
353,365.9,3758090,243226,0.453,0.301,14263,10760,14376,0.0188758,0,0,0.0552,0.1019,0.2374,0.0587,0.01042,0.29025,0.12075,-0.00935,0.31492,1.44963
354,366.7,3768859,243868,0.419,0.299,14979,10769,14376,0.01887257,0,0,0.0547,0.0973,0.236,0.0315,0.00987,0.28908,0.13424,-0.00912,0.34161,1.45437
355,367.4,3779691,244514,0.438,0.322,14251,10832,14452,0.01886934,0,0,0.0595,0.1047,0.2404,0.0334,0.01122,0.31029,0.12482,-0.00514,0.31573,1.47848
356,368.2,3790478,245148,0.468,0.321,13685,10787,14408,0.01886609,0,0,0.0605,0.11,0.2407,0.0565,0.01066,0.30928,0.12661,-0.00712,0.32218,1.45002
357,369.0,3801287,245804,0.442,0.322,14135,10809,14422,0.01886286,0,0,0.06,0.1076,0.2425,0.0321,0.01123,0.31064,0.12521,-0.00993,0.32756,1.51836
358,369.7,3812089,246464,0.445,0.322,14080,10802,14404,0.01885961,0,0,0.0609,0.106,0.2458,0.0323,0.01089,0.31075,0.13466,-0.00736,0.34159,1.52568
359,370.5,3822866,247113,0.49,0.322,13268,10777,14386,0.01885637,0,0,0.0636,0.1138,0.2585,0.0539,0.01163,0.31024,0.12497,-0.00659,0.32057,1.52326
360,371.3,3833652,247760,0.442,0.32,14157,10786,14412,0.01885314,0,0,0.0611,0.1059,0.242,0.0333,0.01076,0.30785,0.13464,-0.00773,0.34081,1.48722
361,372.1,3844426,248419,0.457,0.322,13829,10774,14417,0.0188499,0,0,0.0628,0.1095,0.2498,0.0347,0.01152,0.31016,0.12858,-0.00737,0.32812,1.49103
362,372.9,3855198,249081,0.516,0.323,12835,10772,14395,0.01884667,0,0,0.064,0.1198,0.2639,0.0681,0.01266,0.31011,0.13399,-0.00867,0.34001,1.45072
363,373.7,3865976,249736,0.47,0.322,13599,10778,14404,0.01884344,0,0,0.0638,0.1153,0.2569,0.0342,0.01195,0.30986,0.14237,-0.00899,0.35802,1.4674
364,374.5,3876726,250411,0.462,0.324,13677,10750,14371,0.01884021,0,0,0.0623,0.11,0.2542,0.0357,0.01265,0.31049,0.11669,-0.00919,0.30738,1.47585
365,375.3,3887487,251081,0.484,0.302,13692,10761,14398,0.01883698,0,0,0.0618,0.1128,0.2469,0.0623,0.01064,0.29107,0.13531,-0.00681,0.33916,1.45792
366,376.0,3898234,251745,0.436,0.301,14590,10747,14355,0.01883375,0,0,0.0571,0.1038,0.243,0.0319,0.01187,0.28824,0.12663,-0.00524,0.31853,1.45467
367,376.8,3908989,252416,0.437,0.3,14583,10755,14375,0.01883053,0,0,0.0592,0.1053,0.2383,0.0344,0.01038,0.28921,0.12946,-0.00844,0.33028,1.44658
368,377.6,3919718,253079,0.49,0.303,13532,10729,14323,0.0188273,0,0,0.0619,0.115,0.2522,0.0612,0.01205,0.28991,0.12698,-0.00768,0.32416,1.45639
369,378.3,3930491,253754,0.455,0.301,14247,10773,14397,0.01882408,0,0,0.0612,0.1098,0.2506,0.0334,0.01056,0.28998,0.13699,-0.00919,0.34721,1.45692
370,379.1,3941236,254434,0.465,0.301,14030,10745,14362,0.01882085,0,0,0.0651,0.1116,0.2538,0.0347,0.01073,0.28928,0.12089,-0.00701,0.31063,1.45651
371,379.9,3951978,255111,0.472,0.3,13906,10742,14372,0.01881763,0,0,0.0603,0.1053,0.243,0.0638,0.01045,0.28916,0.12911,-0.00664,0.32614,1.45194
372,380.6,3962721,255795,0.456,0.303,14144,10743,14383,0.01881441,0,0,0.061,0.1097,0.2445,0.0408,0.01051,0.29198,0.11594,-0.01019,0.30569,1.4196
373,381.4,3973464,256449,0.52,0.304,13036,10743,14340,0.01881118,0,0,0.0614,0.1287,0.2482,0.0819,0.01058,0.29254,0.1324,-0.00738,0.33388,1.44417
374,382.3,3984177,257136,0.534,0.302,12809,10713,14328,0.01880796,0,0,0.0637,0.1275,0.2521,0.0911,0.01042,0.29074,0.11591,-0.0084,0.30281,1.44065
375,383.1,3994917,257796,0.532,0.301,12892,10740,14365,0.01880475,0,0,0.0637,0.1357,0.2472,0.0851,0.01117,0.2898,0.12911,-0.00845,0.32939,1.44328
376,383.9,4005688,258467,0.471,0.299,13976,10771,14417,0.01880152,0,0,0.0582,0.1062,0.2427,0.0642,0.01064,0.28822,0.11904,-0.00318,0.2973,1.40543
377,384.6,4016402,259131,0.461,0.3,14083,10714,14341,0.01879829,0,0,0.0571,0.1024,0.2356,0.0656,0.01149,0.28796,0.11155,-0.00738,0.29224,1.44669
378,385.4,4027191,259799,0.432,0.3,14745,10789,14425,0.01879508,0,0,0.0566,0.1038,0.2407,0.0309,0.01081,0.28826,0.12361,-0.00926,0.32061,1.45931
379,386.1,4037981,260438,0.426,0.301,14839,10790,14411,0.01879184,0,0,0.0559,0.1026,0.2373,0.0307,0.01072,0.28944,0.11422,-0.00928,0.30214,1.46739
380,386.9,4048741,261097,0.467,0.301,14010,10760,14376,0.01878861,0,0,0.0575,0.1058,0.2428,0.0608,0.01094,0.28948,0.11189,-0.00675,0.29097,1.42869
381,387.6,4059556,261768,0.433,0.301,14733,10815,14412,0.01878538,0,0,0.0586,0.1061,0.2373,0.0312,0.01057,0.28979,0.11292,-0.00644,0.29284,1.44071
382,388.4,4070294,262429,0.521,0.304,13008,10738,14360,0.01878213,0,0,0.0675,0.1291,0.28,0.0447,0.01106,0.2926,0.10514,-0.00858,0.28038,1.40894
383,389.2,4081083,263084,0.508,0.3,13350,10789,14416,0.01877891,0,0,0.0761,0.1107,0.2534,0.0678,0.01124,0.2883,0.11679,-0.00632,0.29923,1.41098
384,390.0,4091870,263757,0.462,0.301,14125,10787,14428,0.01877568,0,0,0.0612,0.11,0.2556,0.0357,0.01112,0.28919,0.10623,-0.00934,0.28476,1.42788
385,390.7,4102634,264409,0.433,0.303,14615,10764,14383,0.01877244,0,0,0.0598,0.1039,0.2372,0.0323,0.01149,0.29135,0.10052,-0.00973,0.27383,1.42034
386,391.6,4113469,265071,0.508,0.303,13364,10835,14467,0.01876921,0,0,0.0645,0.1154,0.2672,0.0604,0.01121,0.29136,0.12038,-0.00735,0.30965,1.44326
387,392.3,4124262,265741,0.489,0.302,13638,10793,14435,0.01876596,0,0,0.0628,0.1177,0.2556,0.0529,0.01091,0.29084,0.11318,-0.00669,0.29386,1.44194
388,393.1,4135028,266411,0.447,0.3,14415,10766,14384,0.01876272,0,0,0.06,0.1106,0.2415,0.0348,0.0106,0.28878,0.12552,-0.00564,0.31458,1.39232
389,393.9,4145816,267076,0.457,0.3,14234,10788,14409,0.01875949,0,0,0.0594,0.1116,0.2426,0.0439,0.01068,0.28925,0.11864,-0.00802,0.30674,1.42378
390,394.6,4156593,267739,0.471,0.302,13941,10777,14399,0.01875626,0,0,0.0617,0.1082,0.2477,0.0537,0.01127,0.28988,0.10876,-0.00749,0.28557,1.41441
391,395.4,4167377,268394,0.429,0.3,14803,10784,14368,0.01875302,0,0,0.0591,0.1052,0.2339,0.0307,0.01096,0.28801,0.11066,-0.00574,0.28738,1.45533
392,396.1,4178154,269047,0.44,0.301,14541,10777,14410,0.01874979,0,0,0.057,0.1012,0.2326,0.0496,0.01099,0.28903,0.11874,-0.00763,0.30699,1.44729
393,396.8,4188939,269700,0.443,0.301,14509,10785,14387,0.01874655,0,0,0.0597,0.1056,0.2451,0.0323,0.0107,0.28936,0.12108,-0.00787,0.31209,1.44546
394,397.6,4199747,270362,0.42,0.3,15021,10808,14417,0.01874332,0,0,0.0574,0.0991,0.2327,0.0303,0.01128,0.28809,0.10773,-0.01077,0.29125,1.4474
395,398.3,4210568,271020,0.465,0.3,14144,10821,14431,0.01874008,0,0,0.0579,0.1052,0.2347,0.0674,0.011,0.28826,0.09675,-0.00818,0.26556,1.48611
396,399.1,4221390,271679,0.459,0.317,13949,10822,14426,0.01873683,0,0,0.0625,0.111,0.2535,0.0317,0.01101,0.30536,0.12168,-0.00644,0.31073,1.45433
397,400.6,4232186,272323,1.135,0.34,7323,10796,14423,0.01873358,0,0,0.2146,0.2442,0.5653,0.1105,0.01376,0.32503,0.11082,-0.00904,0.29554,1.48961
398,402.2,4243017,272978,1.269,0.344,6713,10831,14454,0.01873034,0,0,0.2972,0.2395,0.5718,0.1605,0.0264,0.31672,0.11626,-0.00666,0.30236,1.5088
399,403.5,4253833,273622,0.959,0.329,8402,10816,14433,0.01872709,0,0,0.1837,0.2282,0.4464,0.1003,0.01451,0.31361,0.12373,-0.00618,0.31583,1.49537
400,404.6,4264645,274253,0.761,0.347,9767,10812,14409,0.01872385,0,0,0.1179,0.1969,0.3668,0.0789,0.01955,0.32599,0.11622,-0.00861,0.30599,1.50399
401,406.3,4275514,274897,0.82,0.312,9606,10869,14489,0.01872061,0,0,0.1397,0.219,0.3797,0.0812,0.01285,0.29792,0.12033,-0.00805,0.31303,1.50284
402,407.3,4286317,275537,0.576,0.328,11956,10803,14438,0.01871735,0,0,0.0946,0.1251,0.284,0.072,0.0192,0.30749,0.11561,-0.00943,0.30674,1.51329
403,408.9,4297160,276196,1.219,0.335,6979,10843,14471,0.0187141,0,0,0.3072,0.2626,0.5489,0.1003,0.02431,0.3078,0.10691,-0.00985,0.29047,1.52128
404,410.3,4307994,276845,1.069,0.311,7851,10834,14469,0.01871085,0,0,0.2319,0.2235,0.5614,0.052,0.01245,0.29791,0.10487,-0.00704,0.2807,1.52007
405,411.6,4318813,277504,1.049,0.319,7913,10819,14431,0.0187076,0,0,0.2321,0.2214,0.5288,0.0665,0.01484,0.30254,0.10809,-0.00751,0.28749,1.50435
406,413.0,4329632,278160,1.026,0.308,8106,10819,14429,0.01870436,0,0,0.2167,0.2252,0.5231,0.0614,0.01237,0.29508,0.13411,-0.00379,0.33191,1.49967
407,414.3,4340468,278823,0.978,0.32,8348,10836,14455,0.01870111,0,0,0.2221,0.2156,0.4806,0.0593,0.01587,0.30282,0.09957,-0.0096,0.27532,1.52366
408,415.7,4351292,279486,1.138,0.308,7483,10824,14435,0.01869786,0,0,0.2743,0.2176,0.5431,0.103,0.01244,0.29509,0.11969,-0.00646,0.30867,1.50746
409,417.0,4362146,280155,1.014,0.309,8207,10854,14477,0.01869461,0,0,0.2409,0.2188,0.4785,0.0753,0.01344,0.29303,0.11578,-0.00658,0.30063,1.49501
410,418.3,4372954,280824,0.971,0.315,8399,10808,14412,0.01869136,0,0,0.2028,0.2103,0.4602,0.098,0.01251,0.30062,0.10931,-0.0088,0.29179,1.48621
411,419.5,4383763,281490,0.876,0.31,9118,10809,14406,0.01868811,0,0,0.162,0.2074,0.4107,0.0958,0.01486,0.29284,0.11499,-0.00792,0.30178,1.49688
412,420.6,4394605,282170,0.765,0.307,10110,10842,14453,0.01868487,0,0,0.1362,0.1935,0.3867,0.0491,0.01172,0.29442,0.12063,-0.00344,0.30463,1.51183
413,421.7,4405380,282829,0.761,0.306,10092,10775,14394,0.01868162,0,0,0.1282,0.2016,0.3614,0.0702,0.01147,0.29405,0.11665,-0.00835,0.30625,1.50547
414,422.6,4416215,283495,0.669,0.307,11110,10835,14420,0.01867839,0,0,0.1063,0.1767,0.3318,0.0538,0.01182,0.2931,0.12599,-0.01276,0.33327,1.4926
415,423.7,4427007,284158,0.712,0.307,10586,10792,14428,0.01867514,0,0,0.109,0.1834,0.3229,0.0969,0.01207,0.29447,0.11428,-0.01052,0.30445,1.46858
416,424.6,4437825,284841,0.657,0.307,11218,10818,14443,0.0186719,0,0,0.0927,0.1913,0.3239,0.0492,0.01147,0.29432,0.12046,-0.00606,0.30708,1.44701
417,425.6,4448679,285501,0.706,0.307,10712,10854,14465,0.01866865,0,0,0.1161,0.2008,0.3535,0.0359,0.01192,0.29444,0.12855,-0.01107,0.33408,1.46892
418,426.6,4459505,286181,0.642,0.309,11381,10826,14439,0.0186654,0,0,0.0788,0.1668,0.2992,0.0973,0.0117,0.2963,0.11441,-0.0085,0.29988,1.44824
419,427.5,4470312,286851,0.641,0.31,11364,10807,14400,0.01866215,0,0,0.0811,0.1664,0.303,0.0901,0.01212,0.29663,0.11425,-0.0076,0.29731,1.43657
420,428.5,4481120,287521,0.646,0.31,11307,10808,14428,0.01865891,0,0,0.0808,0.177,0.3048,0.0836,0.01238,0.29667,0.12552,-0.01084,0.32593,1.42573
421,429.4,4491909,288187,0.577,0.306,12217,10789,14412,0.01865566,0,0,0.0765,0.1508,0.2834,0.0663,0.0108,0.29443,0.12906,-0.00801,0.32673,1.40938
422,430.2,4502686,288853,0.541,0.304,12753,10777,14366,0.01865243,0,0,0.0677,0.1305,0.2687,0.0744,0.01151,0.29126,0.11942,-0.01041,0.31255,1.41768
423,431.1,4513466,289528,0.519,0.317,12898,10780,14398,0.01864919,0,0,0.0725,0.1278,0.2648,0.0535,0.01213,0.30444,0.12179,-0.00657,0.30946,1.41384
424,431.9,4524206,290191,0.553,0.336,12079,10740,14339,0.01864596,0,0,0.076,0.1381,0.2996,0.0396,0.01268,0.32242,0.10885,-0.00825,0.28554,1.37693
425,432.9,4534934,290885,0.572,0.336,11822,10728,14352,0.01864274,0,0,0.0767,0.1442,0.2811,0.0698,0.01286,0.32178,0.12372,-0.00872,0.3151,1.34749
426,433.7,4545713,291547,0.55,0.336,12170,10779,14368,0.01863952,0,0,0.0723,0.1466,0.2745,0.0568,0.01239,0.32245,0.13547,-0.00731,0.33566,1.34385
427,434.7,4556516,292208,0.58,0.335,11807,10803,14440,0.01863629,0,0,0.0786,0.1434,0.2837,0.0739,0.0119,0.32272,0.12414,-0.0069,0.31436,1.40246
428,435.5,4567328,292854,0.529,0.335,12513,10812,14415,0.01863305,0,0,0.0696,0.1351,0.2786,0.046,0.0119,0.32226,0.13409,-0.00828,0.33621,1.38101
429,436.4,4578100,293503,0.541,0.337,12274,10772,14388,0.0186298,0,0,0.07,0.1258,0.2827,0.0621,0.01159,0.32462,0.13178,-0.00979,0.33426,1.3718
430,437.3,4588878,294185,0.548,0.327,12324,10778,14411,0.01862657,0,0,0.0719,0.1364,0.291,0.0487,0.01198,0.31396,0.1198,-0.00852,0.309,1.40558
431,438.1,4599695,294833,0.483,0.311,13621,10817,14451,0.01862334,0,0,0.0652,0.1207,0.2635,0.034,0.01223,0.29788,0.11183,-0.00848,0.29297,1.40523
432,438.9,4610550,295488,0.506,0.309,13319,10855,14470,0.01862009,0,0,0.0642,0.1173,0.2556,0.0688,0.01124,0.29733,0.12522,-0.00431,0.31042,1.37923
433,439.7,4621347,296149,0.485,0.305,13667,10797,14417,0.01861684,0,0,0.0649,0.1199,0.2634,0.037,0.01042,0.2938,0.11878,-0.00468,0.299,1.39881
434,440.5,4632117,296797,0.494,0.307,13452,10770,14397,0.0186136,0,0,0.0678,0.1237,0.2632,0.039,0.01176,0.29448,0.11511,-0.00304,0.28942,1.42668
435,441.3,4642915,297471,0.5,0.307,13388,10798,14443,0.01861036,0,0,0.0636,0.1139,0.2566,0.0654,0.01143,0.29505,0.12116,-0.00552,0.30626,1.42115
436,442.0,4653720,298131,0.461,0.307,14066,10805,14430,0.01860713,0,0,0.063,0.1132,0.2516,0.0334,0.0114,0.29511,0.1137,-0.00829,0.29663,1.41497
437,442.8,4664507,298770,0.481,0.308,13669,10787,14427,0.01860388,0,0,0.0642,0.1159,0.2631,0.0376,0.0117,0.29602,0.11698,-0.00691,0.30083,1.42552
438,443.6,4675314,299420,0.479,0.307,13747,10807,14423,0.01860065,0,0,0.063,0.1137,0.2528,0.0495,0.01044,0.29615,0.10363,-0.00833,0.27595,1.39863
439,444.4,4686119,300083,0.472,0.306,13893,10805,14447,0.01859741,0,0,0.0627,0.1198,0.2555,0.0337,0.01076,0.29456,0.10181,-0.00898,0.27484,1.43193
440,445.2,4696953,300732,0.465,0.306,14039,10834,14464,0.01859416,0,0,0.0636,0.112,0.2544,0.0353,0.01082,0.29448,0.11296,-0.01019,0.29867,1.40848
441,446.0,4707773,301378,0.504,0.307,13356,10820,14446,0.01859091,0,0,0.065,0.1176,0.2562,0.0647,0.01104,0.29495,0.12168,-0.00592,0.30751,1.40666
442,446.8,4718626,302034,0.486,0.306,13702,10853,14487,0.01858767,0,0,0.065,0.129,0.2586,0.0339,0.01054,0.29442,0.11089,-0.00969,0.29425,1.42852
443,447.5,4729494,302677,0.457,0.301,14339,10868,14479,0.01858441,0,0,0.0635,0.111,0.2503,0.0322,0.01125,0.28887,0.12218,-0.0053,0.30669,1.39167
444,448.3,4740314,303320,0.491,0.302,13639,10820,14440,0.01858115,0,0,0.0625,0.1163,0.2471,0.0652,0.0108,0.2907,0.12426,-0.00438,0.30911,1.39514
445,449.1,4751170,303968,0.511,0.303,13334,10856,14488,0.01857791,0,0,0.0676,0.1321,0.277,0.0344,0.01084,0.29149,0.10921,-0.00824,0.28644,1.38714
446,449.9,4762028,304636,0.492,0.304,13636,10858,14497,0.01857465,0,0,0.0664,0.1236,0.2692,0.0327,0.01091,0.29291,0.11212,-0.00948,0.29374,1.36042
447,450.7,4772887,305292,0.484,0.302,13820,10859,14484,0.01857139,0,0,0.0612,0.1091,0.2396,0.0739,0.01053,0.29088,0.11614,-0.00469,0.29227,1.36231
448,451.5,4783714,305973,0.446,0.301,14488,10827,14470,0.01856813,0,0,0.0599,0.1082,0.2477,0.0306,0.01053,0.2898,0.11184,-0.01003,0.29287,1.32296
449,452.3,4794549,306648,0.493,0.301,13637,10835,14446,0.01856489,0,0,0.0666,0.1212,0.2689,0.0363,0.01179,0.28913,0.11945,-0.00858,0.30452,1.305
450,453.1,4805353,307309,0.494,0.299,13621,10804,14458,0.01856164,0,0,0.0603,0.1142,0.2436,0.0759,0.00994,0.28864,0.12316,-0.00643,0.30772,1.30777
451,453.8,4816197,307978,0.481,0.302,13851,10844,14483,0.01855839,0,0,0.0621,0.1159,0.2671,0.0356,0.01142,0.29008,0.13265,-0.00325,0.3208,1.31977
452,454.7,4826981,308634,0.451,0.302,14317,10784,14479,0.01855514,0,0,0.0604,0.107,0.2382,0.0452,0.01168,0.29006,0.11526,-0.00751,0.29597,1.35891
453,455.5,4837765,309315,0.49,0.307,13528,10784,14464,0.01855191,0,0,0.0608,0.1149,0.248,0.0665,0.01083,0.29565,0.11972,-0.00496,0.30003,1.36585
454,456.2,4848504,309964,0.434,0.293,14766,10739,14435,0.01854867,0,0,0.059,0.1053,0.2378,0.0321,0.01074,0.28169,0.11385,-0.00712,0.29199,1.34911
455,456.9,4859322,310632,0.438,0.297,14706,10818,14504,0.01854545,0,0,0.059,0.1002,0.2318,0.0474,0.0121,0.28453,0.11131,-0.00646,0.28523,1.33925
456,457.7,4870069,311292,0.453,0.295,14365,10747,14439,0.0185422,0,0,0.0595,0.1011,0.2373,0.0552,0.01144,0.28303,0.11082,-0.00575,0.28391,1.36933
457,458.4,4880880,311955,0.435,0.295,14805,10811,14526,0.01853898,0,0,0.0589,0.1075,0.2385,0.0302,0.01103,0.2831,0.11106,-0.00942,0.29201,1.37652
458,459.3,4891586,312617,0.624,0.298,11605,10706,14401,0.01853574,0,0,0.0775,0.1667,0.306,0.074,0.01236,0.28514,0.10363,-0.00618,0.27066,1.37744
459,460.2,4902367,313280,0.524,0.303,13037,10781,14480,0.01853252,0,0,0.0744,0.1345,0.2683,0.0464,0.01135,0.29106,0.10784,-0.0098,0.28607,1.37036
460,460.9,4913144,313964,0.475,0.295,13990,10777,14453,0.01852929,0,0,0.0635,0.1192,0.258,0.0343,0.01089,0.28386,0.11347,-0.00699,0.29173,1.37113
461,461.7,4923854,314624,0.516,0.294,13224,10710,14399,0.01852606,0,0,0.0659,0.1163,0.2615,0.0725,0.01105,0.28216,0.11115,-0.00888,0.29056,1.3627
462,462.5,4934607,315295,0.456,0.297,14277,10753,14470,0.01852284,0,0,0.0644,0.1121,0.249,0.0304,0.01108,0.28575,0.10435,-0.00684,0.27374,1.38634
463,463.3,4945354,315967,0.466,0.307,13889,10747,14444,0.01851962,0,0,0.0613,0.1192,0.2507,0.0351,0.01109,0.29574,0.11394,-0.0038,0.28685,1.38682
464,464.1,4956060,316630,0.48,0.315,13472,10706,14424,0.01851639,0,0,0.0652,0.1101,0.2448,0.0596,0.01178,0.3025,0.11883,-0.0105,0.30963,1.37633
465,464.9,4966776,317304,0.494,0.322,13144,10716,14440,0.01851318,0,0,0.0664,0.1228,0.2563,0.0483,0.01158,0.30889,0.11395,-0.0072,0.29232,1.35041
466,465.9,4977511,317980,0.653,0.318,11049,10735,14442,0.01850997,0,0,0.0866,0.1729,0.3192,0.0744,0.01157,0.30572,0.11196,-0.00836,0.29066,1.35113
467,466.7,4988230,318664,0.55,0.316,12380,10719,14423,0.01850675,0,0,0.0705,0.1351,0.2677,0.0764,0.01225,0.30308,0.10865,-0.0082,0.28327,1.33916
468,467.6,4998938,319345,0.526,0.317,12708,10708,14412,0.01850353,0,0,0.0724,0.1316,0.282,0.0401,0.01159,0.30425,0.11877,-0.00818,0.30418,1.35885
469,468.5,5009664,320032,0.565,0.319,12126,10726,14451,0.01850032,0,0,0.0748,0.1385,0.2788,0.0733,0.01183,0.30654,0.10721,-0.0075,0.27997,1.36623
470,469.3,5020383,320725,0.519,0.316,12832,10719,14404,0.0184971,0,0,0.0673,0.1435,0.2654,0.0428,0.01138,0.30441,0.12292,-0.00814,0.31199,1.3478
471,470.2,5031065,321411,0.595,0.318,11705,10682,14390,0.01849389,0,0,0.0752,0.1494,0.2919,0.0785,0.01164,0.30483,0.12744,-0.00774,0.31956,1.33054
472,471.0,5041777,322114,0.533,0.313,12660,10712,14404,0.01849068,0,0,0.0711,0.1363,0.2826,0.0433,0.01209,0.29999,0.12743,-0.01009,0.32515,1.35496
473,471.8,5052507,322796,0.441,0.3,14480,10730,14410,0.01848747,0,0,0.0594,0.1102,0.2392,0.0326,0.01101,0.28804,0.12181,-0.01045,0.31403,1.33859
474,472.5,5063186,323505,0.427,0.298,14743,10679,14376,0.01848425,0,0,0.0558,0.099,0.2268,0.045,0.01101,0.28624,0.1147,-0.00635,0.29127,1.33023
475,473.2,5073866,324198,0.401,0.3,15242,10680,14379,0.01848104,0,0,0.0516,0.0947,0.2213,0.0332,0.01096,0.28832,0.1161,-0.00861,0.29897,1.34033
476,473.9,5084559,324908,0.414,0.301,14956,10693,14404,0.01847784,0,0,0.0504,0.0921,0.2193,0.0521,0.01091,0.2896,0.12508,-0.00575,0.31089,1.33215
477,474.6,5095249,325604,0.417,0.3,14898,10690,14392,0.01847463,0,0,0.0524,0.0964,0.2311,0.0373,0.01111,0.28873,0.11943,-0.00569,0.29984,1.34209
478,475.4,5105944,326284,0.483,0.303,13609,10695,14377,0.01847143,0,0,0.0659,0.122,0.2604,0.0349,0.01135,0.29074,0.11388,-0.01167,0.30087,1.34738
479,476.3,5116664,326984,0.568,0.301,12324,10720,14426,0.01846822,0,0,0.0724,0.1436,0.2798,0.0726,0.01106,0.28974,0.1321,-0.01044,0.33489,1.34874
480,477.1,5127413,327684,0.459,0.303,14119,10749,14459,0.018465,0,0,0.0613,0.1136,0.2505,0.0333,0.01153,0.29028,0.12307,-0.00773,0.31183,1.36028
481,477.9,5138130,328386,0.499,0.303,13365,10717,14426,0.01846178,0,0,0.0659,0.1318,0.2652,0.0362,0.01109,0.29078,0.1097,-0.00773,0.28575,1.37838
482,478.8,5148876,329087,0.592,0.302,12009,10746,14467,0.01845856,0,0,0.0746,0.1476,0.2925,0.0777,0.0113,0.2905,0.12471,-0.01046,0.32046,1.3572
483,479.6,5159570,329785,0.519,0.305,12990,10694,14410,0.01845534,0,0,0.0692,0.1337,0.2825,0.0332,0.01153,0.2919,0.12125,-0.00564,0.30418,1.36553
484,480.5,5170324,330478,0.572,0.303,12291,10754,14450,0.01845213,0,0,0.0716,0.138,0.2817,0.0805,0.0115,0.29071,0.12645,-0.00665,0.31674,1.3692
485,481.3,5181023,331176,0.545,0.301,12654,10699,14397,0.0184489,0,0,0.0735,0.1293,0.2779,0.0638,0.01043,0.28986,0.12279,-0.00752,0.31098,1.3647
486,482.1,5191772,331873,0.516,0.306,13086,10749,14470,0.01844569,0,0,0.0723,0.1316,0.2719,0.04,0.01184,0.29307,0.11187,-0.01152,0.29746,1.37381
487,483.0,5202515,332559,0.55,0.306,12548,10743,14451,0.01844247,0,0,0.0662,0.1401,0.2697,0.0744,0.01194,0.29278,0.11219,-0.01028,0.29624,1.39076
488,483.9,5213225,333250,0.636,0.304,11396,10710,14446,0.01843925,0,0,0.0857,0.1826,0.33,0.0378,0.01136,0.29151,0.11331,-0.00919,0.29653,1.39686
489,484.8,5223984,333933,0.537,0.303,12817,10759,14458,0.01843603,0,0,0.0705,0.1267,0.266,0.0733,0.01113,0.29082,0.1277,-0.01028,0.32713,1.38749
490,485.6,5234714,334614,0.492,0.303,13501,10730,14429,0.0184328,0,0,0.0688,0.1265,0.2623,0.0345,0.0121,0.28984,0.12808,-0.00773,0.32168,1.35761
491,486.4,5245477,335318,0.486,0.303,13648,10763,14491,0.01842959,0,0,0.0643,0.1244,0.2566,0.0404,0.01187,0.29046,0.12288,-0.00631,0.30895,1.37187
492,487.2,5256233,336008,0.516,0.307,13074,10756,14469,0.01842636,0,0,0.0655,0.1182,0.2598,0.0727,0.01096,0.29503,0.1215,-0.01081,0.31631,1.40255
493,488.0,5266990,336684,0.561,0.309,12359,10757,14470,0.01842313,0,0,0.0755,0.1412,0.3002,0.0441,0.01169,0.29697,0.12041,-0.01011,0.31241,1.39415
494,488.9,5277783,337362,0.582,0.308,12131,10793,14512,0.0184199,0,0,0.0774,0.1537,0.3059,0.0451,0.01167,0.29526,0.1316,-0.00622,0.32768,1.41259
495,489.8,5288568,338046,0.59,0.308,12013,10785,14508,0.01841667,0,0,0.0745,0.1496,0.2988,0.067,0.0114,0.29578,0.13172,-0.00886,0.33428,1.442
496,490.7,5299360,338702,0.551,0.31,12529,10792,14502,0.01841343,0,0,0.0762,0.1414,0.2879,0.0454,0.01131,0.29848,0.12588,-0.00746,0.31938,1.43081
497,491.6,5310117,339367,0.576,0.309,12158,10757,14485,0.01841019,0,0,0.0718,0.1363,0.283,0.0848,0.01102,0.29719,0.11702,-0.01125,0.30851,1.41155
498,492.4,5320881,340059,0.522,0.307,12984,10764,14474,0.01840696,0,0,0.0692,0.1304,0.2797,0.0429,0.01211,0.29407,0.13459,-0.00846,0.33865,1.4274
499,493.3,5331641,340737,0.551,0.305,12564,10760,14485,0.01840374,0,0,0.0738,0.131,0.2754,0.071,0.01117,0.29357,0.12575,-0.00981,0.32382,1.43209
500,494.1,5342399,341415,0.501,0.308,13290,10758,14484,0.01840051,0,0,0.0636,0.1292,0.2656,0.0428,0.01156,0.29617,0.12345,-0.0095,0.31776,1.40884
501,494.9,5353184,342106,0.522,0.31,12966,10785,14529,0.01839728,0,0,0.0686,0.1234,0.2775,0.0521,0.01183,0.29759,0.12574,-0.01042,0.32449,1.41786
502,496.1,5363909,342779,0.749,0.336,9888,10725,14468,0.01839404,0,0,0.099,0.2042,0.3504,0.0951,0.01366,0.32163,0.11676,-0.00455,0.2957,1.44276
503,497.0,5374653,343483,0.581,0.333,11753,10744,14533,0.01839083,0,0,0.0804,0.1522,0.3033,0.0452,0.01242,0.31982,0.11866,-0.00722,0.30574,1.46784
504,498.1,5385418,344185,0.763,0.334,9816,10765,14540,0.0183876,0,0,0.0988,0.1966,0.3378,0.1298,0.01273,0.32017,0.1137,-0.00936,0.30083,1.48758
505,499.2,5396117,344873,0.724,0.332,10137,10699,14451,0.01838437,0,0,0.0929,0.1738,0.3301,0.1269,0.01194,0.3188,0.11007,-0.00901,0.29259,1.4804
506,500.2,5406849,345561,0.683,0.313,10767,10732,14509,0.01838116,0,0,0.084,0.1878,0.313,0.0985,0.01214,0.29994,0.11119,-0.00923,0.29453,1.46053
507,501.1,5417546,346253,0.596,0.31,11805,10697,14477,0.01837795,0,0,0.0832,0.163,0.3027,0.047,0.0123,0.2972,0.10722,-0.0075,0.28273,1.44964
508,502.1,5428270,346953,0.717,0.318,10363,10724,14493,0.01837474,0,0,0.1012,0.2014,0.3529,0.0615,0.01338,0.3034,0.10803,-0.00754,0.28493,1.46371
509,503.2,5439022,347622,0.815,0.309,9558,10752,14520,0.01837152,0,0,0.093,0.213,0.405,0.1044,0.01257,0.29593,0.11142,-0.01084,0.29724,1.43493
510,504.3,5449787,348297,0.741,0.308,10263,10765,14547,0.01836829,0,0,0.0955,0.2019,0.3232,0.1203,0.01223,0.29486,0.10918,-0.00824,0.28919,1.4796
511,505.3,5460551,348967,0.683,0.307,10881,10764,14548,0.01836506,0,0,0.094,0.2031,0.336,0.0494,0.01252,0.2934,0.10319,-0.00879,0.2776,1.46022
512,506.4,5471301,349650,0.795,0.307,9756,10750,14523,0.01836183,0,0,0.0953,0.2032,0.3723,0.1236,0.01263,0.29373,0.1086,-0.00821,0.28792,1.47827
513,507.3,5482086,350328,0.592,0.306,12004,10785,14551,0.01835861,0,0,0.0819,0.1543,0.3014,0.0548,0.01211,0.29273,0.10031,-0.00873,0.27158,1.45726
514,508.4,5492847,351024,0.776,0.306,9951,10761,14546,0.01835537,0,0,0.093,0.2056,0.3741,0.103,0.01165,0.29315,0.10684,-0.00615,0.28027,1.47822
515,509.4,5503648,351707,0.717,0.305,10572,10801,14604,0.01835215,0,0,0.0834,0.175,0.3435,0.1149,0.01179,0.29217,0.1031,-0.00662,0.27374,1.47974
516,510.3,5514399,352384,0.626,0.306,11529,10751,14557,0.01834891,0,0,0.0799,0.1687,0.332,0.0457,0.01149,0.29407,0.09522,-0.00799,0.25928,1.44018
517,511.3,5525168,353067,0.653,0.307,11210,10769,14556,0.01834568,0,0,0.0835,0.1724,0.3262,0.0712,0.01182,0.29479,0.10777,-0.00855,0.2865,1.46806
518,512.3,5535899,353756,0.697,0.307,10682,10731,14514,0.01834245,0,0,0.0823,0.1723,0.3344,0.1082,0.01266,0.29394,0.10841,-0.0096,0.28973,1.46394
519,513.2,5546601,354443,0.622,0.305,11551,10702,14492,0.01833923,0,0,0.0817,0.1718,0.3182,0.0498,0.01171,0.29243,0.09987,-0.00746,0.26885,1.47753
520,514.1,5557318,355137,0.625,0.309,11468,10717,14498,0.01833602,0,0,0.0813,0.1692,0.3224,0.0523,0.01416,0.29424,0.10091,-0.00808,0.27262,1.49008
521,515.1,5568058,355827,0.693,0.307,10744,10740,14519,0.0183328,0,0,0.0911,0.1943,0.3128,0.0948,0.01228,0.29292,0.10643,-0.01024,0.28873,1.51024
522,516.1,5578818,356512,0.617,0.305,11672,10760,14545,0.01832958,0,0,0.0816,0.1708,0.3126,0.0515,0.01176,0.29283,0.10926,-0.00773,0.28823,1.4797
523,517.2,5589553,357211,0.784,0.307,9840,10735,14510,0.01832635,0,0,0.0919,0.2201,0.3671,0.1044,0.0125,0.29405,0.11917,-0.00227,0.29659,1.4656
524,518.2,5600252,357900,0.73,0.306,10325,10699,14469,0.01832313,0,0,0.0879,0.2172,0.3592,0.0656,0.01224,0.29316,0.10657,-0.00939,0.28527,1.45561
525,519.3,5610996,358592,0.759,0.311,10041,10744,14542,0.01831992,0,0,0.1044,0.206,0.3682,0.0805,0.01187,0.29827,0.10316,-0.00986,0.28009,1.47543
526,520.5,5621728,359273,0.89,0.311,8935,10732,14511,0.0183167,0,0,0.0998,0.2293,0.4337,0.1273,0.01254,0.29744,0.10859,-0.00436,0.27948,1.46264
527,521.6,5632433,359960,0.825,0.306,9468,10705,14501,0.01831348,0,0,0.0934,0.2019,0.4156,0.1136,0.01274,0.29243,0.10049,-0.00801,0.26993,1.44466
528,522.8,5643151,360649,0.892,0.307,8934,10718,14517,0.01831027,0,0,0.1049,0.2524,0.4499,0.0852,0.01202,0.29415,0.10274,-0.00926,0.27706,1.44911
529,524.0,5653867,361344,0.948,0.303,8566,10716,14490,0.01830705,0,0,0.1003,0.2592,0.4407,0.148,0.01214,0.28976,0.09998,-0.00894,0.27169,1.47072
530,525.2,5664589,362012,0.869,0.304,9138,10722,14504,0.01830384,0,0,0.1038,0.2595,0.4274,0.0786,0.01291,0.29011,0.09954,-0.00955,0.27265,1.48778
531,526.3,5675277,362704,0.77,0.299,9994,10688,14450,0.01830062,0,0,0.1152,0.1947,0.3811,0.0791,0.01199,0.28652,0.10705,-0.01133,0.29068,1.47303
532,527.4,5685951,363395,0.802,0.317,9536,10674,14442,0.01829742,0,0,0.0928,0.2347,0.3905,0.0845,0.01226,0.30351,0.10813,-0.01043,0.2913,1.48046
533,528.4,5696697,364069,0.702,0.318,10536,10746,14531,0.01829421,0,0,0.0935,0.1878,0.3251,0.0953,0.01318,0.30427,0.09314,-0.00872,0.25907,1.51258
534,529.4,5707440,364759,0.689,0.331,10529,10743,14540,0.01829099,0,0,0.0943,0.1982,0.3311,0.0654,0.01308,0.31735,0.11462,-0.0085,0.30191,1.52188
535,530.5,5718125,365445,0.748,0.327,9940,10685,14481,0.01828777,0,0,0.0944,0.1977,0.3506,0.1049,0.01307,0.31349,0.11214,-0.00747,0.29404,1.49887
536,531.4,5728868,366152,0.613,0.297,11807,10743,14511,0.01828456,0,0,0.0843,0.1629,0.3061,0.0593,0.01259,0.284,0.10681,-0.00742,0.28267,1.48222
537,532.3,5739553,366819,0.57,0.297,12318,10685,14442,0.01828134,0,0,0.078,0.158,0.2924,0.0419,0.01195,0.28429,0.12338,-0.01071,0.32115,1.44851
538,533.2,5750271,367513,0.585,0.295,12179,10718,14518,0.01827813,0,0,0.0744,0.1496,0.2811,0.0801,0.01177,0.28233,0.11273,-0.00948,0.29874,1.48607
539,534.0,5760981,368208,0.534,0.296,12908,10710,14484,0.01827492,0,0,0.0731,0.1317,0.2796,0.0498,0.01172,0.28295,0.11435,-0.00892,0.29979,1.45687
540,534.9,5771631,368909,0.559,0.296,12459,10650,14464,0.01827171,0,0,0.0742,0.1533,0.2917,0.04,0.0108,0.28402,0.1063,-0.00739,0.28171,1.48694
541,535.8,5782307,369603,0.589,0.295,12082,10676,14448,0.01826851,0,0,0.0793,0.1552,0.2881,0.0663,0.01102,0.28295,0.09641,-0.00914,0.264,1.44782
542,536.6,5792979,370268,0.59,0.289,12140,10672,14448,0.01826531,0,0,0.0837,0.1594,0.305,0.0421,0.01106,0.27695,0.11576,-0.0108,0.30546,1.43236
543,537.5,5803633,370956,0.557,0.296,12495,10654,14449,0.01826211,0,0,0.0794,0.1486,0.2854,0.0433,0.01171,0.28355,0.10618,-0.0107,0.28657,1.44581
544,538.4,5814302,371639,0.587,0.293,12124,10669,14463,0.01825891,0,0,0.0775,0.1519,0.2982,0.0592,0.01248,0.28001,0.11246,-0.00913,0.2957,1.43819
545,539.3,5824955,372341,0.593,0.293,12021,10653,14425,0.01825571,0,0,0.0818,0.1618,0.3032,0.0465,0.01264,0.27951,0.10534,-0.00908,0.28309,1.48597
546,540.2,5835640,373019,0.662,0.291,11210,10685,14457,0.01825251,0,0,0.082,0.1892,0.3357,0.0554,0.01231,0.27695,0.11081,-0.01,0.29539,1.47284
547,541.1,5846286,373723,0.609,0.289,11854,10646,14432,0.01824931,0,0,0.08,0.1524,0.3103,0.066,0.01139,0.27691,0.11347,-0.01077,0.30246,1.47899
548,542.0,5856943,374410,0.597,0.289,12032,10657,14398,0.01824611,0,0,0.0825,0.1668,0.3071,0.0401,0.01196,0.27636,0.10379,-0.00771,0.27704,1.48071
549,542.9,5867623,375107,0.596,0.287,12092,10680,14442,0.01824292,0,0,0.0833,0.1555,0.313,0.0439,0.01157,0.27498,0.10748,-0.01217,0.29409,1.50171
550,543.7,5878278,375805,0.577,0.285,12352,10655,14413,0.01823971,0,0,0.0811,0.1516,0.2878,0.0569,0.01116,0.27319,0.10673,-0.01055,0.28943,1.50433
551,544.6,5888877,376500,0.532,0.289,12920,10599,14418,0.01823652,0,0,0.0739,0.1369,0.2838,0.0371,0.01159,0.27623,0.10785,-0.00892,0.28934,1.52985
552,545.5,5899518,377195,0.604,0.291,11888,10641,14420,0.01823334,0,0,0.0797,0.1692,0.3099,0.0449,0.01261,0.27796,0.11592,-0.00824,0.30261,1.48866
553,546.5,5910143,377877,0.644,0.29,11369,10625,14397,0.01823014,0,0,0.0817,0.1893,0.3053,0.0678,0.01102,0.27866,0.11527,-0.00717,0.30006,1.51338
554,547.4,5920747,378560,0.676,0.291,10965,10604,14377,0.01822696,0,0,0.089,0.1868,0.3419,0.0581,0.01273,0.27788,0.11272,-0.0092,0.2984,1.49711
555,548.5,5931350,379248,0.74,0.29,10293,10603,14359,0.01822378,0,0,0.0964,0.1926,0.343,0.1076,0.01253,0.27657,0.10117,-0.00852,0.27512,1.52936
556,549.5,5942071,379941,0.763,0.297,10115,10721,14487,0.01822059,0,0,0.094,0.214,0.3589,0.096,0.0129,0.28315,0.11092,-0.0101,0.2981,1.53857
557,550.6,5952712,380618,0.723,0.288,10524,10641,14407,0.01821738,0,0,0.0806,0.195,0.3729,0.0744,0.01219,0.2751,0.09919,-0.01126,0.27603,1.51349
558,551.6,5963386,381314,0.701,0.3,10665,10674,14462,0.01821419,0,0,0.0977,0.1845,0.3384,0.0807,0.01232,0.28618,0.10817,-0.0084,0.28876,1.52698
559,552.5,5974063,382024,0.666,0.296,11097,10677,14446,0.01821098,0,0,0.0882,0.1819,0.323,0.0726,0.01198,0.2835,0.11576,-0.01141,0.30924,1.50713
560,553.5,5984723,382713,0.67,0.293,11069,10660,14410,0.01820778,0,0,0.0872,0.1888,0.3421,0.0515,0.01183,0.28057,0.1084,-0.01021,0.2925,1.51789
561,554.5,5995382,383395,0.72,0.293,10519,10659,14415,0.01820458,0,0,0.0825,0.1848,0.359,0.0941,0.01223,0.27993,0.12206,-0.00928,0.31863,1.53674
562,555.4,6006002,384107,0.653,0.295,11200,10620,14420,0.01820139,0,0,0.0867,0.1805,0.3298,0.0558,0.01256,0.28228,0.10775,-0.01023,0.2927,1.55868
563,556.4,6016669,384788,0.651,0.299,11226,10667,14453,0.0181982,0,0,0.0857,0.1861,0.3276,0.0518,0.01263,0.28544,0.12613,-0.00845,0.32472,1.52666
564,557.3,6027318,385488,0.666,0.291,11125,10649,14411,0.018195,0,0,0.0878,0.1678,0.3308,0.0799,0.01136,0.27881,0.10945,-0.01107,0.29609,1.51292
565,558.3,6037980,386165,0.634,0.293,11497,10662,14419,0.0181918,0,0,0.0909,0.1765,0.3199,0.0465,0.01191,0.28075,0.11677,-0.00837,0.30576,1.52529
566,559.2,6048649,386850,0.623,0.311,11428,10669,14437,0.01818861,0,0,0.0842,0.1665,0.322,0.0499,0.01233,0.29746,0.11277,-0.0109,0.30327,1.53735
567,560.3,6059360,387521,0.725,0.323,10219,10711,14495,0.01818541,0,0,0.0933,0.1882,0.3469,0.0969,0.01305,0.30799,0.10853,-0.0086,0.2901,1.53573
568,561.2,6070017,388187,0.66,0.321,10857,10657,14416,0.01818219,0,0,0.0868,0.1809,0.3413,0.0514,0.01255,0.30776,0.12113,-0.00859,0.31474,1.52046
569,562.3,6080718,388856,0.747,0.299,10234,10701,14460,0.01817899,0,0,0.0964,0.2056,0.3529,0.0917,0.01386,0.28436,0.11695,-0.00888,0.30609,1.49673
570,563.4,6091365,389531,0.797,0.3,9709,10647,14402,0.01817578,0,0,0.1042,0.223,0.3987,0.0708,0.01287,0.28623,0.11005,-0.00734,0.29062,1.53604
571,564.5,6102002,390233,0.794,0.301,9720,10637,14403,0.01817259,0,0,0.0949,0.2015,0.4115,0.0857,0.01162,0.28815,0.119,-0.01159,0.31579,1.50233
572,565.4,6112595,390904,0.63,0.304,11336,10593,14345,0.0181694,0,0,0.0841,0.182,0.3196,0.0447,0.0125,0.2907,0.13327,-0.00883,0.33903,1.50866
573,566.4,6123221,391612,0.632,0.312,11247,10626,14400,0.01816622,0,0,0.0851,0.1687,0.3273,0.0512,0.01246,0.29902,0.11778,-0.00675,0.30299,1.48437
574,567.4,6133910,392303,0.702,0.293,10742,10689,14446,0.01816303,0,0,0.0912,0.1758,0.3458,0.0895,0.01139,0.28059,0.11102,-0.00922,0.29307,1.44805
575,568.3,6144586,392984,0.601,0.294,11924,10676,14443,0.01815983,0,0,0.0838,0.1556,0.3061,0.0556,0.0124,0.28111,0.12541,-0.00972,0.32328,1.45972
576,569.2,6155247,393675,0.671,0.297,11012,10661,14419,0.01815662,0,0,0.0898,0.1712,0.313,0.097,0.01273,0.28363,0.10504,-0.01111,0.28579,1.47302
577,570.1,6165908,394370,0.604,0.293,11882,10661,14434,0.01815343,0,0,0.0804,0.1601,0.3257,0.0382,0.01236,0.27921,0.12073,-0.00909,0.31272,1.46218
578,571.0,6176527,395065,0.564,0.295,12360,10619,14393,0.01815023,0,0,0.0763,0.1478,0.2978,0.0422,0.01276,0.28149,0.11846,-0.01002,0.30977,1.45497
579,571.9,6187218,395769,0.646,0.292,11399,10691,14460,0.01814704,0,0,0.0801,0.1512,0.3032,0.1112,0.01149,0.27997,0.12866,-0.00817,0.32674,1.46213
580,572.9,6197909,396476,0.657,0.3,11172,10691,14445,0.01814383,0,0,0.0893,0.1786,0.3475,0.0417,0.01184,0.28709,0.11793,-0.00864,0.30582,1.45152
581,573.9,6208553,397165,0.681,0.301,10830,10644,14408,0.01814063,0,0,0.0827,0.1747,0.3372,0.0868,0.01208,0.28841,0.10689,-0.0105,0.28756,1.45453
582,574.8,6219230,397855,0.615,0.3,11667,10677,14451,0.01813743,0,0,0.0856,0.162,0.3202,0.0472,0.014,0.28526,0.11533,-0.01026,0.30282,1.42354
583,575.7,6229887,398556,0.636,0.295,11453,10657,14440,0.01813423,0,0,0.0896,0.1785,0.3183,0.0494,0.01142,0.28228,0.12469,-0.01154,0.32523,1.45471
584,576.6,6240594,399234,0.628,0.298,11565,10707,14486,0.01813103,0,0,0.0804,0.1607,0.3091,0.0776,0.01207,0.28494,0.10444,-0.00985,0.2815,1.45902
585,577.5,6251292,399928,0.611,0.297,11778,10698,14474,0.01812782,0,0,0.078,0.1619,0.3158,0.0556,0.01432,0.28207,0.11333,-0.00617,0.29205,1.46367
586,578.4,6261948,400597,0.595,0.291,12022,10656,14450,0.01812461,0,0,0.0804,0.1558,0.3132,0.046,0.01191,0.27821,0.12588,-0.00799,0.32029,1.44965
587,579.4,6272632,401272,0.677,0.292,11025,10684,14460,0.01812142,0,0,0.0882,0.1769,0.3227,0.0896,0.01274,0.27788,0.12182,-0.00721,0.31173,1.48073
588,580.3,6283295,401958,0.633,0.291,11551,10663,14456,0.01811821,0,0,0.0722,0.1512,0.2966,0.1126,0.01169,0.27792,0.11178,-0.00987,0.29653,1.4688
589,581.1,6294042,402631,0.498,0.292,13606,10747,14511,0.01811501,0,0,0.0666,0.1245,0.2689,0.038,0.011,0.27998,0.11242,-0.00876,0.29507,1.45524
590,582.0,6304735,403297,0.603,0.293,11933,10693,14467,0.01811179,0,0,0.0805,0.1478,0.2967,0.0778,0.01453,0.27792,0.12647,-0.00891,0.32288,1.4384
591,582.9,6315396,403993,0.567,0.29,12443,10661,14434,0.01810858,0,0,0.0752,0.1483,0.3015,0.0417,0.0108,0.27854,0.12064,-0.00618,0.30624,1.45229
592,583.8,6326019,404667,0.617,0.298,11612,10623,14400,0.01810538,0,0,0.0844,0.1681,0.3159,0.0486,0.01207,0.28438,0.12226,-0.00813,0.31391,1.46714
593,584.7,6336708,405347,0.669,0.297,11060,10689,14463,0.01810219,0,0,0.0875,0.1753,0.3196,0.0869,0.01229,0.28405,0.11671,-0.00797,0.30169,1.44585
594,585.7,6347431,406028,0.641,0.298,11418,10723,14486,0.01809899,0,0,0.0872,0.1767,0.3299,0.0474,0.0119,0.28493,0.12022,-0.0094,0.31179,1.45217
595,586.6,6358103,406719,0.643,0.306,11250,10672,14451,0.01809577,0,0,0.0897,0.1787,0.3253,0.0491,0.01513,0.28973,0.12009,-0.00898,0.31131,1.46899
596,587.6,6368791,407392,0.645,0.295,11368,10688,14452,0.01809257,0,0,0.0805,0.1761,0.3189,0.07,0.01186,0.28226,0.12139,-0.00899,0.31399,1.47116
597,588.4,6379477,408070,0.523,0.295,13066,10686,14441,0.01808936,0,0,0.0705,0.1291,0.2833,0.0397,0.01197,0.28264,0.12496,-0.00867,0.32038,1.46859
598,589.2,6390140,408759,0.5,0.298,13365,10663,14449,0.01808616,0,0,0.0684,0.1209,0.2739,0.0368,0.01236,0.28489,0.11295,-0.00733,0.29293,1.44782
599,590.0,6400839,409445,0.55,0.297,12629,10699,14466,0.01808296,0,0,0.0696,0.1407,0.2755,0.0647,0.01193,0.28369,0.11314,-0.0088,0.29656,1.45698
600,590.9,6411529,410142,0.526,0.298,12979,10690,14447,0.01807975,0,0,0.0722,0.1392,0.2741,0.0403,0.01151,0.28577,0.13361,-0.0052,0.32981,1.44324
601,592.2,6422200,410822,0.606,0.337,11313,10671,14485,0.01807654,0,0,0.0795,0.1427,0.3172,0.0666,0.01258,0.32411,0.12024,-0.00679,0.30728,1.47212
602,593.2,6432894,411490,0.596,0.323,11637,10694,14486,0.01807334,0,0,0.0748,0.1632,0.3168,0.0413,0.01257,0.30962,0.12063,-0.00838,0.31098,1.46514
603,594.2,6443607,412174,0.612,0.314,11572,10713,14493,0.01807013,0,0,0.0788,0.1604,0.3181,0.0548,0.01313,0.29946,0.13083,-0.00776,0.32983,1.45715
604,595.1,6454326,412849,0.6,0.298,11944,10719,14512,0.01806692,0,0,0.0783,0.167,0.2951,0.0594,0.0119,0.28477,0.11108,-0.01114,0.29732,1.4637
605,595.9,6465034,413520,0.555,0.3,12530,10708,14499,0.0180637,0,0,0.0717,0.1519,0.2889,0.042,0.01213,0.28715,0.13344,-0.00699,0.3333,1.45147
606,596.8,6475798,414179,0.537,0.299,12878,10764,14544,0.01806049,0,0,0.073,0.1472,0.274,0.0432,0.0107,0.28684,0.11314,-0.01047,0.29972,1.45359
607,597.6,6486517,414840,0.537,0.297,12845,10719,14487,0.01805726,0,0,0.0705,0.1304,0.2735,0.063,0.01126,0.2852,0.12105,-0.01019,0.31557,1.46982
608,598.4,6497242,415513,0.484,0.294,13780,10725,14517,0.01805404,0,0,0.0668,0.1192,0.2624,0.0359,0.01108,0.28233,0.11402,-0.0118,0.30589,1.50248
609,599.2,6507977,416203,0.502,0.298,13423,10735,14527,0.01805083,0,0,0.0671,0.1283,0.2684,0.0382,0.01166,0.28542,0.12494,-0.01035,0.32436,1.48973
610,600.0,6518630,416901,0.529,0.29,13015,10653,14450,0.01804761,0,0,0.0691,0.1289,0.2787,0.0518,0.01147,0.2773,0.12634,-0.00682,0.3192,1.46536
611,600.8,6529390,417597,0.501,0.291,13583,10760,14549,0.01804441,0,0,0.0641,0.1306,0.2653,0.0411,0.01085,0.27944,0.12252,-0.00955,0.31696,1.46392
612,601.7,6540111,418288,0.508,0.289,13443,10721,14516,0.01804118,0,0,0.0669,0.1339,0.2659,0.0414,0.01214,0.27636,0.12347,-0.00756,0.31502,1.46784
613,602.5,6550831,418961,0.559,0.289,12649,10720,14521,0.01803797,0,0,0.0745,0.1461,0.2693,0.0686,0.01148,0.27667,0.1294,-0.00658,0.32656,1.51345
614,603.3,6561560,419653,0.502,0.287,13597,10729,14531,0.01803475,0,0,0.0641,0.1208,0.2591,0.0582,0.01161,0.27463,0.11798,-0.01173,0.31415,1.51767
615,604.1,6572254,420360,0.49,0.29,13715,10694,14500,0.01803153,0,0,0.0664,0.1223,0.2674,0.0336,0.01224,0.27703,0.12248,-0.00954,0.31731,1.47713
616,604.9,6582923,421041,0.524,0.288,13146,10669,14492,0.01802832,0,0,0.0646,0.1223,0.2634,0.0737,0.01034,0.27628,0.12882,-0.01263,0.33644,1.48538
617,605.7,6593585,421766,0.489,0.289,13701,10662,14458,0.01802512,0,0,0.066,0.1211,0.2645,0.0378,0.01078,0.27708,0.11941,-0.01047,0.31274,1.46948
618,606.4,6604270,422484,0.471,0.287,14093,10685,14486,0.01802192,0,0,0.062,0.1102,0.2603,0.0382,0.01145,0.27543,0.12085,-0.01305,0.31988,1.44492
619,607.3,6614904,423200,0.538,0.291,12831,10634,14423,0.01801872,0,0,0.0684,0.1318,0.2671,0.0702,0.01099,0.27931,0.13571,-0.00779,0.34003,1.47137
620,608.1,6625602,423911,0.493,0.29,13654,10698,14499,0.01801553,0,0,0.0638,0.1279,0.2622,0.0392,0.01214,0.27771,0.12708,-0.00974,0.32726,1.48829
621,608.9,6636275,424612,0.504,0.296,13347,10673,14478,0.01801232,0,0,0.0652,0.1223,0.272,0.0444,0.01138,0.28367,0.11129,-0.00745,0.2919,1.51055
622,609.8,6646989,425313,0.68,0.302,10908,10714,14527,0.01800912,0,0,0.0831,0.1877,0.3177,0.0916,0.01217,0.28898,0.10923,-0.01009,0.29319,1.51458
623,610.7,6657630,426025,0.597,0.299,11875,10641,14441,0.0180059,0,0,0.0782,0.1611,0.3074,0.05,0.01114,0.28748,0.1145,-0.00845,0.30006,1.5038
624,611.6,6668305,426752,0.534,0.295,12881,10675,14469,0.01800271,0,0,0.0714,0.1414,0.2754,0.0459,0.012,0.28195,0.12431,-0.00688,0.31645,1.50206
625,612.5,6678961,427455,0.603,0.299,11818,10656,14445,0.01799951,0,0,0.0759,0.1511,0.2968,0.0788,0.0137,0.28432,0.12598,-0.0125,0.33119,1.50608
626,613.4,6689610,428172,0.589,0.296,12023,10649,14444,0.01799631,0,0,0.0754,0.1543,0.3126,0.0472,0.01115,0.28465,0.10641,-0.01069,0.28954,1.53781
627,614.2,6700329,428875,0.544,0.299,12717,10719,14516,0.01799312,0,0,0.0741,0.1365,0.2941,0.0396,0.01195,0.28546,0.11393,-0.00494,0.29198,1.50678
628,615.1,6711002,429594,0.594,0.301,11918,10673,14468,0.0179899,0,0,0.0806,0.1614,0.2977,0.0545,0.0121,0.28794,0.11368,-0.00919,0.30078,1.53018
629,616.0,6721656,430288,0.601,0.303,11781,10654,14441,0.0179867,0,0,0.0783,0.1595,0.3212,0.0424,0.01075,0.29158,0.12298,-0.00423,0.30907,1.51918
630,616.9,6732344,431003,0.633,0.301,11449,10688,14504,0.0179835,0,0,0.0842,0.1761,0.3265,0.0457,0.01242,0.28682,0.12009,-0.0079,0.30998,1.50115
631,617.8,6743053,431716,0.582,0.303,12097,10709,14499,0.0179803,0,0,0.0736,0.1378,0.2973,0.0735,0.01129,0.29111,0.11822,-0.01168,0.31397,1.5064
632,618.7,6753765,432434,0.615,0.304,11661,10712,14498,0.01797708,0,0,0.081,0.1669,0.3107,0.0562,0.01219,0.29071,0.12642,-0.00651,0.31956,1.49375
633,619.7,6764464,433153,0.617,0.298,11694,10699,14520,0.01797387,0,0,0.0843,0.1709,0.3152,0.0469,0.01169,0.28517,0.11751,-0.0097,0.30915,1.52259
634,620.6,6775168,433866,0.612,0.295,11797,10704,14497,0.01797066,0,0,0.0757,0.1596,0.2984,0.0786,0.012,0.28251,0.12059,-0.00774,0.3115,1.52591
635,621.4,6785898,434574,0.542,0.295,12819,10730,14509,0.01796745,0,0,0.0763,0.1435,0.2733,0.0486,0.01111,0.28352,0.12755,-0.01033,0.32938,1.49216
636,622.2,6796605,435272,0.457,0.299,14153,10707,14466,0.01796423,0,0,0.0622,0.1157,0.2501,0.029,0.01094,0.28778,0.12571,-0.00669,0.31841,1.49248
637,622.9,6807295,435990,0.459,0.3,14084,10690,14515,0.01796102,0,0,0.0587,0.1021,0.2388,0.0589,0.01107,0.28886,0.13164,-0.00379,0.32531,1.51543
638,623.7,6818027,436715,0.429,0.32,14339,10732,14503,0.01795781,0,0,0.0588,0.102,0.2299,0.038,0.01209,0.30701,0.11725,-0.01091,0.30942,1.4782
639,624.4,6828753,437439,0.419,0.321,14498,10726,14518,0.01795459,0,0,0.0556,0.0984,0.2323,0.0326,0.01082,0.30953,0.11487,-0.0098,0.30162,1.45618
640,625.2,6839426,438166,0.459,0.324,13622,10673,14467,0.01795137,0,0,0.0552,0.1028,0.2295,0.0715,0.01151,0.31197,0.12841,-0.01079,0.33024,1.44385
641,626.0,6850156,438895,0.469,0.307,13816,10730,14477,0.01794817,0,0,0.0638,0.1155,0.2561,0.0337,0.01209,0.29482,0.12088,-0.0087,0.30996,1.41545
642,626.7,6860832,439629,0.437,0.297,14550,10676,14463,0.01794495,0,0,0.0565,0.1049,0.2392,0.0363,0.01105,0.28521,0.10994,-0.00683,0.2851,1.4367
643,627.5,6871527,440347,0.487,0.299,13622,10695,14454,0.01794175,0,0,0.0593,0.1092,0.2505,0.0675,0.01098,0.28701,0.11957,-0.01055,0.31167,1.43332
644,628.2,6882228,441076,0.449,0.3,14272,10701,14481,0.01793854,0,0,0.0596,0.1068,0.2447,0.0382,0.01197,0.28787,0.11896,-0.00911,0.30846,1.4584
645,629.0,6892923,441797,0.475,0.299,13818,10695,14493,0.01793533,0,0,0.0618,0.1143,0.2495,0.049,0.01048,0.28825,0.11927,-0.00884,0.30898,1.47113
646,629.8,6903597,442525,0.473,0.297,13860,10674,14446,0.01793212,0,0,0.0598,0.1105,0.2447,0.0586,0.0115,0.28462,0.12209,-0.00941,0.31601,1.47798
647,630.5,6914305,443242,0.419,0.296,14982,10708,14506,0.01792892,0,0,0.0577,0.1032,0.2264,0.0315,0.01136,0.2839,0.10898,-0.00949,0.29003,1.48073
648,631.2,6925013,443958,0.427,0.289,14956,10708,14504,0.01792571,0,0,0.0562,0.0989,0.2312,0.0407,0.01094,0.27747,0.1119,-0.00806,0.2934,1.49145
649,631.9,6935692,444694,0.414,0.292,15115,10679,14474,0.0179225,0,0,0.05,0.0881,0.2172,0.0592,0.0107,0.28081,0.1123,-0.00826,0.29417,1.47983
650,632.6,6946402,445420,0.379,0.288,16062,10710,14491,0.01791929,0,0,0.049,0.0873,0.2103,0.0321,0.01125,0.27617,0.1116,-0.01062,0.29806,1.49647
651,633.2,6957137,446146,0.377,0.285,16219,10735,14475,0.01791608,0,0,0.0487,0.0871,0.2125,0.0286,0.01049,0.27398,0.11366,-0.01011,0.30051,1.47838
652,634.0,6967859,446857,0.387,0.284,15984,10722,14432,0.01791286,0,0,0.0479,0.0879,0.2113,0.04,0.01039,0.27271,0.12036,-0.00883,0.31005,1.44245
653,634.7,6978628,447571,0.393,0.285,15880,10769,14484,0.01790964,0,0,0.0524,0.0925,0.2187,0.0295,0.01057,0.27401,0.12336,-0.00668,0.31235,1.45953
654,635.3,6989348,448289,0.377,0.285,16180,10720,14444,0.01790641,0,0,0.0471,0.0847,0.2094,0.0361,0.01081,0.27385,0.12625,-0.00966,0.32467,1.47541
655,636.0,7000130,448990,0.378,0.29,16146,10782,14492,0.0179032,0,0,0.0481,0.0864,0.2147,0.0284,0.01102,0.27858,0.12237,-0.00749,0.3133,1.49675
656,636.7,7010865,449714,0.443,0.293,14600,10735,14468,0.01789996,0,0,0.057,0.1012,0.2379,0.0466,0.01163,0.28036,0.12057,-0.00932,0.31303,1.48767
657,637.4,7021592,450425,0.406,0.286,15505,10727,14444,0.01789674,0,0,0.0546,0.0967,0.2231,0.0314,0.01069,0.27484,0.11516,-0.01163,0.30658,1.48074
658,638.1,7032352,451143,0.412,0.291,15318,10760,14487,0.01789352,0,0,0.0565,0.0991,0.2273,0.0289,0.01088,0.27933,0.12247,-0.0105,0.31891,1.48005
659,638.8,7043096,451845,0.437,0.287,14834,10744,14457,0.01789029,0,0,0.0547,0.0985,0.2264,0.0576,0.01207,0.27454,0.13398,-0.00804,0.33698,1.47947
660,639.6,7053852,452516,0.445,0.285,14733,10756,14469,0.01788707,0,0,0.059,0.1108,0.241,0.034,0.01054,0.27424,0.13084,-0.00426,0.32236,1.45827
661,640.3,7064623,453209,0.426,0.288,15076,10771,14490,0.01788384,0,0,0.0572,0.1031,0.231,0.0349,0.01145,0.27619,0.12706,-0.00646,0.31908,1.4547
662,641.0,7075338,453905,0.442,0.285,14722,10715,14428,0.01788061,0,0,0.0562,0.0972,0.2269,0.0622,0.01046,0.27434,0.11361,-0.00989,0.29948,1.46742
663,641.7,7086027,454617,0.404,0.286,15491,10689,14399,0.0178774,0,0,0.0552,0.0979,0.2239,0.0266,0.01107,0.27478,0.12886,-0.01121,0.33186,1.44672
664,642.4,7096770,455315,0.417,0.292,15153,10743,14451,0.01787419,0,0,0.056,0.1007,0.2308,0.0293,0.01036,0.28132,0.1229,-0.0122,0.32278,1.47102
665,643.2,7107482,456023,0.504,0.296,13393,10712,14451,0.01787097,0,0,0.0652,0.1197,0.2665,0.053,0.01114,0.28356,0.12165,-0.01216,0.31948,1.45091
666,643.9,7118231,456722,0.435,0.291,14809,10749,14470,0.01786776,0,0,0.0593,0.1019,0.2386,0.0354,0.01029,0.27981,0.12101,-0.01133,0.31651,1.45019
667,644.6,7128939,457432,0.423,0.286,15100,10708,14424,0.01786453,0,0,0.0566,0.1019,0.236,0.0284,0.01144,0.27428,0.12051,-0.00902,0.31122,1.4599
668,645.4,7139698,458140,0.443,0.285,14768,10759,14458,0.01786132,0,0,0.0545,0.1005,0.2257,0.0624,0.01099,0.27357,0.11401,-0.00738,0.29449,1.44744
669,646.2,7150403,458857,0.534,0.294,12923,10705,14444,0.01785809,0,0,0.0593,0.1096,0.2361,0.1293,0.01143,0.28191,0.12707,-0.00929,0.32427,1.44331
670,647.0,7161123,459551,0.513,0.286,13411,10720,14452,0.01785488,0,0,0.0564,0.1007,0.2309,0.1254,0.01151,0.27373,0.11795,-0.00542,0.29867,1.45372
671,647.8,7171835,460245,0.453,0.296,14303,10712,14443,0.01785166,0,0,0.056,0.0988,0.2294,0.0689,0.01044,0.2848,0.11368,-0.01028,0.29917,1.43547
672,648.5,7182556,460951,0.441,0.301,14441,10721,14425,0.01784845,0,0,0.0585,0.1076,0.2394,0.0357,0.01118,0.2893,0.12736,-0.0098,0.32538,1.43029
673,649.3,7193310,461658,0.468,0.293,14139,10754,14478,0.01784523,0,0,0.062,0.1141,0.2501,0.0418,0.01081,0.2812,0.13141,-0.01024,0.334,1.42023
674,650.0,7204064,462344,0.445,0.293,14576,10754,14482,0.01784201,0,0,0.0561,0.0998,0.2272,0.0618,0.01041,0.28163,0.12428,-0.00992,0.31914,1.42191
675,650.7,7214814,463010,0.411,0.292,15290,10750,14460,0.01783878,0,0,0.056,0.0979,0.2239,0.0333,0.01084,0.28043,0.12502,-0.00894,0.31851,1.41815
676,651.4,7225589,463690,0.409,0.29,15429,10775,14484,0.01783556,0,0,0.055,0.0976,0.2293,0.0266,0.01016,0.27903,0.11985,-0.0096,0.30968,1.42315
677,652.1,7236364,464380,0.456,0.291,14420,10775,14487,0.01783232,0,0,0.0549,0.101,0.2359,0.0644,0.01104,0.2794,0.12569,-0.00761,0.31752,1.42787
678,652.9,7247141,465079,0.419,0.294,15117,10777,14477,0.01782909,0,0,0.0558,0.0985,0.2263,0.0381,0.01127,0.2823,0.1328,-0.01042,0.33655,1.4055
679,653.6,7257919,465769,0.446,0.3,14449,10778,14498,0.01782586,0,0,0.0593,0.1072,0.2455,0.0342,0.01144,0.28773,0.13056,-0.00917,0.32876,1.38273
680,654.4,7268653,466482,0.498,0.296,13512,10734,14472,0.01782262,0,0,0.0699,0.1121,0.2429,0.0731,0.01134,0.28409,0.12343,-0.01128,0.31867,1.38161
681,655.2,7279386,467195,0.479,0.302,13732,10733,14454,0.0178194,0,0,0.0632,0.1168,0.26,0.0394,0.0134,0.28772,0.12349,-0.01079,0.31738,1.37
682,656.0,7290116,467889,0.537,0.318,12554,10730,14425,0.01781618,0,0,0.07,0.1314,0.2744,0.0608,0.01105,0.30638,0.12273,-0.00594,0.30622,1.37178
683,656.9,7300892,468594,0.528,0.317,12747,10776,14466,0.01781297,0,0,0.0685,0.1249,0.2729,0.0621,0.01117,0.30517,0.11715,-0.01131,0.30605,1.37907
684,657.7,7311697,469298,0.533,0.318,12696,10805,14517,0.01780973,0,0,0.0767,0.1325,0.2866,0.0375,0.01166,0.30544,0.12941,-0.00799,0.32475,1.40258
685,658.5,7322465,470006,0.456,0.316,13939,10768,14487,0.01780649,0,0,0.062,0.1094,0.2499,0.0347,0.01193,0.30384,0.12518,-0.00801,0.31612,1.39614
686,659.3,7333213,470693,0.482,0.313,13522,10748,14461,0.01780326,0,0,0.0609,0.1139,0.2429,0.0642,0.01129,0.30103,0.13432,-0.00427,0.32589,1.3681
687,660.0,7344038,471387,0.422,0.293,15139,10825,14535,0.01780004,0,0,0.0586,0.1032,0.2319,0.0282,0.01086,0.2809,0.11767,-0.00767,0.29938,1.36817
688,660.8,7354795,472074,0.444,0.293,14591,10757,14488,0.01779679,0,0,0.0605,0.1121,0.2421,0.0291,0.0117,0.28121,0.12207,-0.00557,0.30444,1.38125
689,661.5,7365594,472758,0.464,0.292,14298,10799,14518,0.01779356,0,0,0.0605,0.1069,0.2423,0.0539,0.01123,0.27979,0.12101,-0.00905,0.30893,1.37133
690,662.2,7376373,473453,0.423,0.292,15068,10779,14505,0.01779032,0,0,0.0576,0.1018,0.2363,0.0274,0.01118,0.27996,0.11791,-0.00692,0.2996,1.40337
691,662.9,7387164,474157,0.418,0.292,15189,10791,14500,0.01778709,0,0,0.0562,0.1025,0.2275,0.032,0.01099,0.28078,0.11906,-0.01114,0.30977,1.38808
692,663.6,7397974,474852,0.412,0.286,15494,10810,14539,0.01778385,0,0,0.0555,0.0954,0.2276,0.0337,0.01137,0.27364,0.11306,-0.00871,0.29314,1.39444
693,664.3,7408738,475545,0.414,0.286,15378,10764,14494,0.01778061,0,0,0.0565,0.0987,0.2278,0.0308,0.01077,0.27486,0.12077,-0.00847,0.3082,1.39816
694,665.0,7419511,476243,0.408,0.285,15544,10773,14503,0.01777738,0,0,0.0545,0.0975,0.2226,0.0331,0.01083,0.27354,0.11032,-0.00989,0.29019,1.39962
695,665.8,7430272,476932,0.455,0.289,14475,10761,14471,0.01777415,0,0,0.0571,0.0978,0.2306,0.0692,0.01253,0.27549,0.12488,-0.00655,0.31194,1.38055
696,666.5,7441062,477633,0.416,0.286,15366,10790,14522,0.01777092,0,0,0.0548,0.0941,0.2252,0.042,0.01141,0.2741,0.12929,-0.00779,0.3224,1.3571
697,667.2,7451832,478358,0.415,0.289,15301,10770,14494,0.01776768,0,0,0.0571,0.0974,0.2328,0.0279,0.01137,0.27684,0.11771,-0.00839,0.30038,1.35603
698,667.9,7462575,479052,0.425,0.287,15105,10743,14474,0.01776445,0,0,0.0505,0.0911,0.2258,0.0572,0.01102,0.27514,0.12171,-0.00757,0.307,1.36346
699,668.6,7473327,479756,0.385,0.285,16028,10752,14457,0.01776123,0,0,0.049,0.0869,0.2114,0.0382,0.01029,0.27453,0.1272,-0.00768,0.3185,1.37236
700,669.2,7484106,480475,0.391,0.287,15898,10779,14500,0.017758,0,0,0.0506,0.09,0.22,0.0306,0.0103,0.27591,0.12766,-0.00866,0.3207,1.35327
701,669.9,7494924,481166,0.415,0.287,15425,10818,14495,0.01775477,0,0,0.0492,0.0885,0.2141,0.0628,0.01096,0.27527,0.13187,-0.00982,0.32912,1.28792
702,670.7,7505743,481874,0.382,0.288,16154,10819,14458,0.01775152,0,0,0.0518,0.0887,0.2144,0.0269,0.01186,0.27521,0.13297,-0.00955,0.33028,1.27416
703,671.3,7516556,482564,0.381,0.287,16206,10813,14472,0.01774828,0,0,0.0484,0.0869,0.2157,0.0297,0.01111,0.27487,0.14641,-0.0069,0.35223,1.28451
704,672.1,7527372,483270,0.46,0.287,14481,10816,14462,0.01774503,0,0,0.0572,0.1009,0.2368,0.0653,0.01058,0.2755,0.13245,-0.00878,0.32858,1.29945
705,672.8,7538188,483966,0.433,0.288,15013,10816,14486,0.01774179,0,0,0.0569,0.1048,0.2375,0.0335,0.01051,0.2766,0.14009,-0.0095,0.34518,1.29649
706,673.5,7549044,484664,0.434,0.291,14976,10856,14509,0.01773854,0,0,0.058,0.1033,0.2409,0.0313,0.01084,0.27992,0.12887,-0.00707,0.3185,1.31396
707,674.3,7559845,485352,0.441,0.288,14815,10801,14467,0.01773529,0,0,0.055,0.0976,0.2284,0.0603,0.01142,0.27561,0.13704,-0.00648,0.33465,1.34218
708,675.0,7570690,486051,0.415,0.288,15428,10845,14504,0.01773205,0,0,0.0567,0.0988,0.2279,0.0313,0.01069,0.27699,0.12767,-0.00983,0.32337,1.36411
709,675.7,7581494,486736,0.43,0.291,14976,10804,14461,0.01772879,0,0,0.059,0.1044,0.2337,0.0334,0.01073,0.27971,0.12014,-0.01067,0.30985,1.36004
710,676.4,7592285,487419,0.452,0.288,14587,10791,14439,0.01772555,0,0,0.0589,0.1042,0.2425,0.0459,0.01096,0.27666,0.13671,-0.00856,0.33756,1.32675
711,677.2,7603121,488107,0.47,0.288,14301,10836,14501,0.01772231,0,0,0.0673,0.1157,0.2502,0.0367,0.01146,0.27584,0.12383,-0.01175,0.31963,1.36727
712,677.9,7613885,488794,0.441,0.287,14772,10764,14437,0.01771906,0,0,0.0584,0.1062,0.2368,0.04,0.01164,0.2751,0.13056,-0.00928,0.32694,1.33372
713,678.7,7624727,489470,0.484,0.286,14082,10842,14518,0.01771583,0,0,0.0607,0.1127,0.2437,0.0672,0.01014,0.27484,0.12278,-0.0077,0.30949,1.36968
714,679.4,7635531,490155,0.443,0.289,14745,10804,14480,0.01771258,0,0,0.0599,0.1074,0.2427,0.0335,0.01105,0.27768,0.12467,-0.00923,0.3165,1.37475
715,680.1,7646302,490831,0.408,0.292,15391,10771,14443,0.01770934,0,0,0.0548,0.0954,0.225,0.033,0.01114,0.27896,0.12217,-0.00952,0.31136,1.35503
716,680.8,7657086,491522,0.435,0.29,14885,10784,14445,0.01770611,0,0,0.0562,0.0993,0.2329,0.0462,0.01081,0.27847,0.11582,-0.01015,0.30038,1.36791
717,681.6,7667842,492198,0.453,0.293,14429,10756,14421,0.01770287,0,0,0.0577,0.1041,0.239,0.0517,0.01199,0.28036,0.12076,-0.00805,0.3055,1.35186
718,682.3,7678611,492861,0.453,0.289,14500,10769,14428,0.01769965,0,0,0.0562,0.0975,0.2295,0.0702,0.01031,0.27845,0.11939,-0.01043,0.30851,1.38056
719,683.0,7689445,493538,0.424,0.289,15186,10834,14489,0.01769642,0,0,0.0553,0.1006,0.2236,0.0449,0.01099,0.27744,0.12498,-0.0079,0.31476,1.3845
720,683.8,7700229,494186,0.422,0.289,15170,10784,14437,0.01769317,0,0,0.0565,0.1018,0.2275,0.0361,0.01136,0.27708,0.11485,-0.01019,0.29868,1.37325
721,684.5,7710989,494874,0.411,0.288,15388,10760,14432,0.01768993,0,0,0.0558,0.0964,0.2246,0.0343,0.01154,0.27614,0.12535,-0.01006,0.31887,1.3579
722,685.2,7721769,495534,0.439,0.289,14813,10780,14424,0.0176867,0,0,0.0555,0.0946,0.2271,0.0617,0.01156,0.27644,0.13669,-0.01051,0.34109,1.32
723,685.9,7732589,496202,0.404,0.287,15650,10820,14484,0.01768347,0,0,0.0535,0.095,0.2264,0.0293,0.01044,0.27631,0.13004,-0.01057,0.32824,1.32914
724,686.6,7743385,496899,0.403,0.289,15606,10796,14462,0.01768022,0,0,0.0539,0.0932,0.2232,0.0325,0.01093,0.27738,0.11838,-0.00994,0.30416,1.34376
725,687.3,7754188,497576,0.413,0.314,14850,10803,14446,0.01767698,0,0,0.0541,0.0928,0.2203,0.0457,0.01123,0.30263,0.12687,-0.00566,0.31198,1.32692
726,688.1,7764993,498234,0.493,0.318,13331,10805,14450,0.01767374,0,0,0.0652,0.1248,0.2628,0.04,0.01231,0.30487,0.11838,-0.00964,0.30278,1.32203
727,688.9,7775749,498903,0.46,0.318,13826,10756,14418,0.0176705,0,0,0.0628,0.1106,0.2534,0.0331,0.01116,0.30628,0.13128,-0.00583,0.32033,1.30467
728,689.7,7786502,499576,0.487,0.323,13272,10753,14414,0.01766728,0,0,0.061,0.1061,0.246,0.0738,0.01238,0.31028,0.12373,-0.01043,0.3149,1.31804
729,690.5,7797304,500251,0.463,0.319,13811,10802,14464,0.01766405,0,0,0.064,0.1106,0.2465,0.0416,0.01071,0.30818,0.12511,-0.00916,0.31543,1.32694
730,691.3,7808040,500923,0.454,0.327,13738,10736,14392,0.01766081,0,0,0.0616,0.1077,0.2492,0.0359,0.01192,0.31338,0.12902,-0.00858,0.32175,1.31812
731,692.1,7818779,501630,0.49,0.306,13494,10739,14374,0.01765759,0,0,0.0657,0.1139,0.2701,0.0398,0.01135,0.29443,0.11701,-0.00933,0.2996,1.3291
732,692.8,7829532,502301,0.449,0.294,14472,10753,14375,0.01765437,0,0,0.0604,0.112,0.2486,0.0283,0.01173,0.2814,0.11966,-0.00929,0.30511,1.337
733,693.5,7840290,502989,0.425,0.293,14973,10758,14427,0.01765114,0,0,0.0559,0.0986,0.2312,0.0394,0.01169,0.28108,0.11119,-0.00915,0.28732,1.3209
734,694.3,7851035,503684,0.443,0.293,14608,10745,14418,0.01764791,0,0,0.0632,0.1024,0.2342,0.0431,0.01121,0.28097,0.12274,-0.01112,0.31473,1.33183
735,695.0,7861761,504370,0.425,0.293,14933,10726,14404,0.01764469,0,0,0.0576,0.1008,0.232,0.0352,0.01141,0.28082,0.11976,-0.01046,0.30706,1.32051
736,695.7,7872512,505052,0.406,0.285,15549,10751,14401,0.01764147,0,0,0.0551,0.0969,0.2286,0.0259,0.01091,0.27358,0.12354,-0.01317,0.32093,1.34641
737,696.4,7883282,505738,0.447,0.288,14661,10770,14440,0.01763825,0,0,0.0553,0.102,0.2234,0.0664,0.01066,0.27631,0.12331,-0.01043,0.31467,1.33762
738,697.1,7894070,506416,0.404,0.286,15641,10788,14440,0.01763502,0,0,0.0541,0.0938,0.2232,0.033,0.01012,0.27492,0.12327,-0.01249,0.31755,1.30526
739,697.8,7904840,507118,0.406,0.288,15523,10770,14432,0.01763178,0,0,0.0555,0.0963,0.2234,0.0307,0.0115,0.27588,0.12225,-0.00818,0.30657,1.29634
740,698.5,7915578,507801,0.414,0.285,15363,10738,14393,0.01762855,0,0,0.0549,0.0985,0.2263,0.0345,0.00964,0.27449,0.12265,-0.00721,0.30429,1.26466
741,699.2,7926294,508497,0.406,0.287,15458,10716,14373,0.01762533,0,0,0.0546,0.0969,0.2218,0.0328,0.01136,0.27506,0.12252,-0.00837,0.3073,1.291
742,699.9,7937043,509183,0.425,0.286,15132,10749,14403,0.01762211,0,0,0.0571,0.0989,0.2335,0.035,0.0101,0.27503,0.11646,-0.01029,0.29843,1.27501
743,700.7,7947759,509875,0.48,0.288,13954,10716,14375,0.01761889,0,0,0.0574,0.1087,0.2401,0.0742,0.0113,0.2757,0.12429,-0.01014,0.31419,1.28613
744,701.4,7958498,510553,0.435,0.287,14875,10739,14387,0.01761567,0,0,0.057,0.1056,0.2352,0.0375,0.0117,0.27422,0.10993,-0.01121,0.28777,1.29092
745,702.1,7969256,511241,0.409,0.285,15487,10758,14416,0.01761245,0,0,0.0557,0.0949,0.2262,0.0327,0.01029,0.27438,0.117,-0.00734,0.29439,1.29821
746,702.8,7980003,511924,0.449,0.285,14641,10747,14421,0.01760922,0,0,0.0566,0.1012,0.2306,0.0607,0.01051,0.27396,0.11672,-0.00936,0.29754,1.28869
747,703.6,7990769,512613,0.473,0.296,14000,10766,14433,0.017606,0,0,0.0638,0.1091,0.2527,0.0473,0.01267,0.28275,0.11739,-0.00701,0.29392,1.28101
748,704.3,8001496,513306,0.44,0.289,14709,10727,14406,0.01760277,0,0,0.0623,0.1092,0.2376,0.0314,0.01073,0.27743,0.11165,-0.00676,0.28139,1.26612
749,705.1,8012246,514000,0.474,0.289,14087,10750,14417,0.01759955,0,0,0.0603,0.1112,0.241,0.0612,0.01065,0.27795,0.12419,-0.00583,0.30445,1.26145
750,705.8,8023002,514690,0.448,0.291,14545,10756,14422,0.01759633,0,0,0.0611,0.1074,0.2414,0.0382,0.01122,0.27947,0.13177,-0.00649,0.3207,1.25554
751,706.6,8033745,515362,0.471,0.289,14139,10743,14404,0.0175931,0,0,0.0662,0.1197,0.2531,0.0321,0.01131,0.27647,0.12505,-0.0088,0.31127,1.2381
752,707.4,8044538,516029,0.504,0.288,13615,10793,14462,0.01758988,0,0,0.0631,0.1211,0.2547,0.0656,0.01112,0.27657,0.12271,-0.0069,0.30359,1.2616
753,708.2,8055293,516706,0.474,0.289,14109,10755,14416,0.01758664,0,0,0.0651,0.1205,0.2544,0.0336,0.01116,0.27696,0.13321,-0.0073,0.32463,1.24037
754,709.0,8066096,517373,0.462,0.285,14452,10803,14471,0.01758341,0,0,0.064,0.1179,0.2487,0.0315,0.01006,0.27481,0.11818,-0.01132,0.3041,1.28231
755,709.7,8076867,518047,0.492,0.297,13648,10771,14446,0.01758017,0,0,0.0638,0.1155,0.2496,0.0632,0.01193,0.28431,0.12768,-0.00816,0.31627,1.26779
756,710.5,8087664,518717,0.487,0.288,13928,10797,14472,0.01757694,0,0,0.0658,0.1192,0.2628,0.0389,0.01176,0.27583,0.12526,-0.00427,0.30363,1.26797
757,711.4,8098446,519387,0.537,0.291,13020,10782,14455,0.0175737,0,0,0.0671,0.1331,0.2714,0.0656,0.01061,0.27953,0.11654,-0.00541,0.28886,1.27954
758,712.2,8109234,520036,0.547,0.293,12838,10788,14479,0.01757047,0,0,0.0677,0.1335,0.2737,0.0723,0.01177,0.2805,0.12665,-0.00486,0.30754,1.26709
759,713.1,8120046,520709,0.574,0.292,12484,10812,14496,0.01756723,0,0,0.0789,0.1623,0.2951,0.038,0.01168,0.27932,0.11185,-0.00869,0.28613,1.28251
760,713.9,8130829,521358,0.567,0.293,12539,10783,14465,0.01756399,0,0,0.0766,0.1537,0.2924,0.044,0.01195,0.2805,0.10654,-0.01013,0.27801,1.27152
761,714.8,8141622,522036,0.563,0.287,12697,10793,14490,0.01756075,0,0,0.0717,0.1372,0.2793,0.0744,0.01158,0.27528,0.1141,-0.00815,0.2902,1.30147
762,715.4,8152422,522697,0.392,0.284,15981,10800,14492,0.01755751,0,0,0.052,0.093,0.2162,0.0309,0.01059,0.27263,0.10548,-0.00744,0.27087,1.28228
763,716.1,8163191,523356,0.371,0.296,16148,10769,14455,0.01755427,0,0,0.0472,0.0827,0.2059,0.0352,0.01195,0.28334,0.1214,-0.00773,0.30266,1.26491
764,716.8,8173965,524007,0.443,0.291,14675,10774,14451,0.01755104,0,0,0.0565,0.0986,0.2362,0.0521,0.01149,0.27871,0.12101,-0.00793,0.3029,1.28217
765,717.6,8184737,524664,0.443,0.295,14579,10772,14458,0.01754781,0,0,0.0558,0.1089,0.2339,0.0449,0.01215,0.28274,0.12524,-0.00659,0.30897,1.29075
766,718.4,8195545,525321,0.481,0.289,14031,10808,14494,0.01754458,0,0,0.0628,0.1152,0.2508,0.0524,0.01115,0.27725,0.11238,-0.00735,0.28536,1.30801
767,719.1,8206370,525984,0.462,0.293,14332,10825,14502,0.01754134,0,0,0.0582,0.1068,0.2372,0.0597,0.01091,0.28185,0.11773,-0.00895,0.29839,1.28386
768,719.8,8217136,526650,0.403,0.316,14975,10766,14432,0.01753809,0,0,0.0535,0.0937,0.2254,0.0303,0.0114,0.30373,0.12727,-0.00626,0.31215,1.2853
769,720.6,8227908,527316,0.43,0.318,14403,10772,14449,0.01753486,0,0,0.0587,0.1027,0.2366,0.0323,0.01134,0.30546,0.1154,-0.00636,0.2873,1.24839
770,721.4,8238716,527976,0.506,0.316,13148,10808,14484,0.01753163,0,0,0.0632,0.1111,0.2523,0.0794,0.01153,0.30381,0.11543,-0.00393,0.28309,1.26515
771,722.2,8249557,528644,0.473,0.316,13728,10841,14530,0.01752839,0,0,0.0652,0.1158,0.26,0.0323,0.011,0.30462,0.11541,-0.00688,0.28928,1.2752
772,723.0,8260377,529316,0.491,0.318,13384,10820,14489,0.01752513,0,0,0.0667,0.1232,0.2599,0.0406,0.01194,0.30537,0.11871,-0.00807,0.2974,1.25059
773,723.8,8271151,529994,0.444,0.317,14153,10774,14468,0.01752189,0,0,0.0586,0.1057,0.2421,0.0379,0.01099,0.30537,0.11647,-0.00826,0.29276,1.23559
774,724.5,8281944,530675,0.435,0.324,14236,10793,14456,0.01751865,0,0,0.0596,0.1044,0.2399,0.0307,0.01223,0.31076,0.11702,-0.00844,0.2947,1.24953
775,725.3,8292762,531343,0.425,0.315,14610,10818,14506,0.01751542,0,0,0.057,0.0999,0.2337,0.0344,0.01161,0.30296,0.11962,-0.0086,0.29958,1.23131
776,726.0,8303559,532035,0.427,0.298,14893,10797,14480,0.01751217,0,0,0.0545,0.0944,0.2309,0.0475,0.01138,0.2857,0.11598,-0.00801,0.29157,1.24447
777,726.7,8314329,532697,0.404,0.293,15435,10770,14471,0.01750893,0,0,0.0525,0.0907,0.2197,0.0414,0.0105,0.28237,0.11727,-0.00635,0.29105,1.25124
778,727.4,8325112,533380,0.414,0.294,15211,10783,14459,0.0175057,0,0,0.0525,0.0917,0.227,0.0433,0.01156,0.28241,0.12557,-0.00935,0.31262,1.22232
779,728.1,8335922,534051,0.42,0.292,15184,10810,14470,0.01750247,0,0,0.0508,0.0893,0.2202,0.0593,0.01108,0.2806,0.1152,-0.00382,0.28223,1.26251
780,728.8,8346695,534721,0.398,0.287,15736,10773,14443,0.01749922,0,0,0.0502,0.09,0.2177,0.0401,0.0107,0.27542,0.13334,-0.00771,0.32453,1.2123
781,729.5,8357491,535398,0.387,0.285,16052,10796,14463,0.01749599,0,0,0.0517,0.0921,0.2184,0.025,0.01034,0.27438,0.1171,-0.00965,0.2967,1.23443
782,730.2,8368296,536070,0.414,0.287,15399,10805,14489,0.01749275,0,0,0.0489,0.0892,0.2164,0.0596,0.01118,0.27538,0.11794,-0.00905,0.29704,1.23071
783,730.9,8379111,536771,0.399,0.29,15702,10815,14513,0.01748951,0,0,0.0489,0.0867,0.2093,0.054,0.0113,0.27806,0.11184,-0.00886,0.28489,1.243
784,731.5,8389912,537456,0.378,0.285,16285,10801,14498,0.01748627,0,0,0.0476,0.0875,0.2088,0.0339,0.01075,0.27406,0.12273,-0.00793,0.30368,1.21125
785,732.2,8400698,538140,0.404,0.285,15660,10786,14445,0.01748303,0,0,0.0544,0.0963,0.2209,0.0319,0.01017,0.27446,0.13016,-0.00905,0.32012,1.19222
786,732.9,8411523,538830,0.405,0.291,15557,10825,14514,0.01747979,0,0,0.0511,0.0921,0.2205,0.0411,0.01049,0.27995,0.12588,-0.00828,0.31052,1.20758
787,733.6,8422301,539510,0.401,0.286,15695,10778,14463,0.01747654,0,0,0.0509,0.0899,0.2173,0.0427,0.01121,0.27422,0.1275,-0.008,0.31271,1.19309
788,734.3,8433071,540195,0.386,0.286,16022,10770,14439,0.01747331,0,0,0.051,0.0899,0.217,0.0286,0.0107,0.2746,0.13057,-0.00921,0.32151,1.20056
789,734.9,8443870,540882,0.38,0.286,16220,10799,14466,0.01747008,0,0,0.0472,0.0827,0.2071,0.0427,0.01107,0.27462,0.11906,-0.00766,0.29533,1.19887
790,735.6,8454668,541567,0.379,0.287,16219,10798,14460,0.01746684,0,0,0.0486,0.0836,0.2134,0.0329,0.01057,0.27618,0.13197,-0.00647,0.31872,1.19808
791,736.3,8465501,542251,0.398,0.292,15705,10833,14506,0.0174636,0,0,0.0529,0.0934,0.2197,0.0321,0.01044,0.28076,0.12169,-0.00772,0.30116,1.21217
792,737.0,8476317,542943,0.429,0.29,15042,10816,14489,0.01746035,0,0,0.0519,0.0922,0.2169,0.0677,0.012,0.27773,0.12139,-0.01055,0.30659,1.22327
793,737.7,8487122,543631,0.426,0.285,15189,10805,14480,0.0174571,0,0,0.0544,0.1057,0.231,0.0349,0.01097,0.27383,0.12218,-0.0064,0.29959,1.21475
794,738.4,8497904,544314,0.366,0.291,16401,10782,14442,0.01745386,0,0,0.0473,0.0826,0.2077,0.0286,0.01105,0.27953,0.12958,-0.00494,0.31147,1.21586
795,739.1,8508704,544990,0.415,0.288,15371,10800,14502,0.01745063,0,0,0.0482,0.0897,0.213,0.0637,0.01049,0.27685,0.12748,-0.00716,0.31198,1.22397
796,739.7,8519523,545670,0.38,0.285,16261,10819,14506,0.01744739,0,0,0.0483,0.089,0.2152,0.0274,0.0111,0.27376,0.1187,-0.01104,0.30259,1.23556
797,740.4,8530308,546358,0.383,0.285,16142,10785,14471,0.01744414,0,0,0.0477,0.0857,0.2092,0.0403,0.01102,0.27373,0.12608,-0.00587,0.30615,1.21085
798,741.1,8541126,547047,0.376,0.288,16297,10818,14504,0.01744091,0,0,0.0478,0.086,0.2128,0.0297,0.01102,0.27592,0.12638,-0.00779,0.31062,1.21221
799,741.7,8551914,547737,0.379,0.287,16186,10788,14483,0.01743766,0,0,0.0474,0.0841,0.2061,0.0417,0.01038,0.2762,0.12737,-0.00664,0.31077,1.22524
800,742.4,8562701,548428,0.41,0.286,15513,10787,14482,0.01743443,0,0,0.0505,0.0884,0.2149,0.0557,0.01067,0.27462,0.1231,-0.00836,0.30579,1.22952
801,743.5,8573525,549126,0.406,0.293,15488,10824,14506,0.01743119,0,0,0.0544,0.0979,0.225,0.0284,0.01039,0.28226,0.12867,-0.00627,0.3117,1.19949
802,744.2,8584327,549811,0.401,0.286,15735,10802,14509,0.01742794,0,0,0.0477,0.0844,0.2041,0.0643,0.01045,0.27498,0.11862,-0.00882,0.29798,1.23635
803,744.9,8595070,550523,0.378,0.288,16120,10743,14508,0.0174247,0,0,0.0486,0.0858,0.2103,0.0333,0.01056,0.27724,0.12383,-0.00092,0.29363,1.2666
804,745.6,8605873,551213,0.408,0.288,15521,10803,14569,0.01742148,0,0,0.055,0.098,0.2237,0.0314,0.0107,0.27672,0.11678,-0.00736,0.29298,1.28314
805,746.3,8616642,551906,0.419,0.289,15219,10769,14511,0.01741824,0,0,0.0493,0.0906,0.2129,0.0661,0.01031,0.27783,0.11724,-0.00587,0.28955,1.24356
806,746.9,8627444,552612,0.376,0.285,16356,10802,14524,0.01741501,0,0,0.0491,0.0862,0.212,0.0284,0.00993,0.27431,0.12968,-0.00939,0.32133,1.24008
807,747.6,8638192,553307,0.408,0.286,15492,10748,14497,0.01741177,0,0,0.0534,0.0936,0.2208,0.0403,0.01049,0.27472,0.12411,-0.00436,0.30027,1.24386
808,748.4,8648979,553986,0.43,0.292,14947,10787,14524,0.01740854,0,0,0.0541,0.1022,0.2212,0.0526,0.01077,0.28036,0.12695,-0.00706,0.31116,1.23882
809,749.0,8659732,554695,0.4,0.289,15594,10753,14502,0.01740531,0,0,0.0548,0.0941,0.222,0.0295,0.01084,0.27779,0.12557,-0.0078,0.30988,1.23929
810,749.7,8670492,555385,0.376,0.286,16245,10760,14525,0.01740208,0,0,0.0511,0.0878,0.2099,0.0276,0.01136,0.27409,0.11301,-0.0069,0.28397,1.26823
811,750.4,8681264,556086,0.411,0.286,15461,10772,14514,0.01739885,0,0,0.0519,0.0899,0.2177,0.0516,0.01063,0.27461,0.11193,-0.00818,0.28387,1.25434
812,751.1,8692072,556778,0.388,0.29,15928,10808,14567,0.01739562,0,0,0.0515,0.0892,0.2205,0.027,0.01047,0.27933,0.12691,-0.00814,0.31298,1.23244
813,751.8,8702858,557488,0.41,0.32,14782,10786,14542,0.01739238,0,0,0.0544,0.096,0.2297,0.0299,0.01137,0.30767,0.1156,-0.00642,0.28733,1.24451
814,752.7,8713645,558212,0.521,0.317,12867,10787,14531,0.01738914,0,0,0.073,0.1194,0.2611,0.0674,0.01186,0.30489,0.11619,-0.00705,0.28913,1.22638
815,753.4,8724421,558901,0.395,0.317,15126,10776,14519,0.01738591,0,0,0.0522,0.0921,0.2242,0.0269,0.0118,0.30463,0.12347,-0.00761,0.30468,1.2229
816,754.2,8735220,559591,0.492,0.318,13317,10799,14546,0.01738267,0,0,0.058,0.1071,0.2392,0.0881,0.01237,0.30539,0.12024,-0.00678,0.29724,1.24221
817,754.9,8745999,560281,0.44,0.315,14274,10779,14520,0.01737943,0,0,0.0542,0.0938,0.2266,0.0658,0.01114,0.30312,0.11439,-0.00965,0.29156,1.25061
818,755.7,8756761,560982,0.422,0.321,14482,10762,14499,0.0173762,0,0,0.0543,0.0986,0.2332,0.0355,0.01222,0.30863,0.12077,-0.0075,0.29984,1.24592
819,756.4,8767573,561662,0.451,0.316,14100,10812,14540,0.01737297,0,0,0.0595,0.1084,0.2413,0.0413,0.01111,0.30457,0.11335,-0.00816,0.2874,1.27724
820,757.2,8778330,562343,0.482,0.314,13510,10757,14500,0.01736973,0,0,0.061,0.1052,0.2458,0.0699,0.01234,0.30143,0.11421,-0.0063,0.28623,1.30153
821,758.0,8789107,563046,0.43,0.296,14847,10777,14532,0.0173665,0,0,0.0579,0.098,0.2321,0.0423,0.01151,0.28345,0.12116,-0.00798,0.30316,1.29211
822,758.8,8799887,563754,0.506,0.302,13342,10780,14498,0.01736327,0,0,0.0649,0.1293,0.2665,0.0457,0.01156,0.2894,0.11255,-0.00822,0.28616,1.28452
823,759.6,8810638,564462,0.493,0.29,13726,10751,14486,0.01736003,0,0,0.0608,0.1142,0.2494,0.0684,0.01143,0.27845,0.10237,-0.009,0.2676,1.29209
824,760.3,8821424,565141,0.419,0.286,15309,10786,14533,0.01735681,0,0,0.0558,0.0974,0.2347,0.0309,0.01081,0.27411,0.11713,-0.00882,0.29665,1.28856
825,761.0,8832213,565822,0.451,0.289,14580,10789,14532,0.01735357,0,0,0.0607,0.1068,0.2456,0.0376,0.01123,0.27734,0.12014,-0.0093,0.30329,1.2795
826,761.8,8843043,566512,0.476,0.291,14127,10830,14569,0.01735034,0,0,0.0595,0.1072,0.2405,0.0682,0.0104,0.28015,0.11183,-0.00932,0.28579,1.25336
827,762.5,8853823,567197,0.429,0.289,15005,10780,14531,0.01734709,0,0,0.0596,0.1011,0.2375,0.0308,0.01104,0.27773,0.10261,-0.01073,0.271,1.27704
828,763.2,8864593,567887,0.425,0.287,15125,10770,14515,0.01734385,0,0,0.0579,0.1006,0.2334,0.0328,0.01055,0.27627,0.11874,-0.0066,0.29455,1.2649
829,763.9,8875347,568593,0.437,0.291,14785,10754,14500,0.01734062,0,0,0.0588,0.103,0.2355,0.0394,0.01031,0.27967,0.11034,-0.00807,0.28062,1.26327
830,764.7,8886090,569281,0.46,0.292,14292,10743,14484,0.0173374,0,0,0.0603,0.1127,0.249,0.0376,0.01051,0.281,0.11383,-0.0094,0.29039,1.26681
831,765.4,8896831,569994,0.432,0.293,14815,10741,14500,0.01733417,0,0,0.0588,0.0994,0.239,0.0349,0.01074,0.28158,0.10751,-0.00322,0.26583,1.27973
832,766.2,8907573,570694,0.471,0.292,14078,10742,14495,0.01733095,0,0,0.0608,0.1102,0.2438,0.0564,0.0105,0.28056,0.11621,-0.00535,0.28735,1.27604
833,767.0,8918303,571393,0.576,0.287,12429,10730,14474,0.01732773,0,0,0.0744,0.1566,0.3045,0.0408,0.01153,0.27467,0.1119,-0.00695,0.28134,1.25936
834,767.8,8929067,572104,0.515,0.296,13270,10764,14501,0.01732451,0,0,0.0695,0.1311,0.2765,0.0384,0.0121,0.28301,0.10524,-0.00748,0.26939,1.26827
835,768.7,8939879,572810,0.579,0.291,12419,10812,14569,0.01732128,0,0,0.0698,0.1297,0.2789,0.101,0.01161,0.27895,0.11819,-0.00638,0.29255,1.25284
836,769.5,8950683,573507,0.508,0.29,13534,10804,14559,0.01731804,0,0,0.0678,0.1316,0.2718,0.0373,0.01185,0.27721,0.11356,-0.00482,0.27935,1.22965
837,770.4,8961515,574196,0.56,0.294,12689,10832,14568,0.0173148,0,0,0.0729,0.138,0.2751,0.0742,0.0109,0.28182,0.13026,-0.00758,0.31708,1.19554
838,771.2,8972296,574885,0.522,0.289,13294,10781,14519,0.01731155,0,0,0.072,0.1427,0.2678,0.0395,0.01199,0.27622,0.12337,-0.00718,0.30302,1.2108
839,772.0,8983138,575594,0.535,0.295,13049,10842,14571,0.01730831,0,0,0.0734,0.1318,0.2766,0.0537,0.01188,0.28256,0.12471,-0.00726,0.30607,1.21683
840,772.9,8993908,576314,0.546,0.314,12520,10770,14527,0.01730506,0,0,0.0772,0.1198,0.2679,0.0812,0.01158,0.3019,0.12071,-0.01092,0.30541,1.21823
841,773.7,9004679,577020,0.555,0.298,12634,10771,14516,0.01730183,0,0,0.0749,0.1291,0.2849,0.0658,0.01122,0.28556,0.11959,-0.00865,0.2993,1.23761
842,774.6,9015470,577721,0.616,0.294,11862,10791,14540,0.0172986,0,0,0.0775,0.1449,0.2969,0.0963,0.01124,0.28233,0.12011,-0.00974,0.30184,1.21771
843,775.4,9026273,578422,0.506,0.289,13600,10803,14537,0.01729536,0,0,0.0663,0.1253,0.2587,0.0554,0.01098,0.27706,0.11147,-0.00758,0.28066,1.23056
844,776.2,9037048,579120,0.496,0.29,13694,10775,14553,0.01729212,0,0,0.0662,0.1255,0.2608,0.0439,0.01097,0.27885,0.12031,-0.00755,0.29799,1.22195
845,777.1,9047826,579845,0.549,0.293,12792,10778,14514,0.01728889,0,0,0.0805,0.1428,0.2913,0.0348,0.01096,0.28161,0.12122,-0.00742,0.30059,1.25273
846,777.9,9058577,580541,0.525,0.295,13111,10751,14481,0.01728565,0,0,0.0731,0.1244,0.265,0.0627,0.01117,0.28287,0.11592,-0.00874,0.29118,1.21111
847,778.7,9069376,581266,0.503,0.292,13585,10799,14549,0.01728243,0,0,0.0694,0.1275,0.2662,0.0398,0.01035,0.28087,0.11506,-0.00796,0.28862,1.23207
848,779.5,9080159,581966,0.518,0.29,13352,10783,14534,0.01727919,0,0,0.0718,0.132,0.2723,0.0415,0.01117,0.2782,0.11127,-0.00649,0.27856,1.24558
849,780.3,9090970,582666,0.567,0.294,12555,10811,14544,0.01727595,0,0,0.073,0.1372,0.2811,0.0755,0.01094,0.28251,0.11887,-0.00754,0.29507,1.22259
850,781.2,9101699,583360,0.548,0.301,12636,10729,14483,0.01727271,0,0,0.0746,0.1424,0.2817,0.0495,0.01155,0.28806,0.10727,-0.00886,0.27484,1.23257
851,782.2,9112446,584067,0.663,0.3,11169,10747,14484,0.01726949,0,0,0.0836,0.1655,0.3222,0.0912,0.01137,0.28745,0.11619,-0.00865,0.29318,1.25956
852,783.2,9123193,584783,0.623,0.298,11673,10747,14480,0.01726627,0,0,0.0766,0.1575,0.2934,0.0953,0.01144,0.28574,0.12469,-0.00877,0.30983,1.24206
853,784.1,9133931,585469,0.602,0.301,11886,10738,14464,0.01726304,0,0,0.0808,0.1569,0.3081,0.0563,0.0109,0.28989,0.11495,-0.00944,0.29229,1.2604
854,784.9,9144710,586171,0.548,0.298,12734,10779,14508,0.01725982,0,0,0.0764,0.1441,0.2856,0.0422,0.01136,0.28594,0.11456,-0.00907,0.29132,1.27603
855,785.8,9155503,586852,0.583,0.302,12204,10793,14508,0.01725659,0,0,0.0762,0.1484,0.2838,0.0744,0.01394,0.28696,0.11385,-0.01054,0.29216,1.25702
856,786.6,9166286,587571,0.493,0.301,13583,10783,14511,0.01725335,0,0,0.0685,0.1218,0.265,0.0377,0.01216,0.28809,0.10631,-0.00799,0.27131,1.23732
857,787.4,9177068,588281,0.533,0.301,12925,10782,14508,0.01725011,0,0,0.0735,0.1359,0.2797,0.0438,0.01148,0.28896,0.11107,-0.01007,0.28492,1.23604
858,788.3,9187825,588977,0.576,0.307,12176,10757,14471,0.01724688,0,0,0.0753,0.149,0.2879,0.0639,0.01184,0.29477,0.10593,-0.01018,0.27507,1.24174
859,789.2,9198601,589685,0.54,0.307,12712,10776,14510,0.01724365,0,0,0.0755,0.1367,0.2797,0.0485,0.01145,0.29528,0.10398,-0.01073,0.27219,1.24043
860,790.0,9209365,590396,0.527,0.306,12923,10764,14507,0.01724042,0,0,0.0722,0.1329,0.2798,0.0416,0.01208,0.29357,0.09954,-0.00863,0.25997,1.26561
861,790.9,9220119,591076,0.564,0.299,12467,10754,14479,0.01723719,0,0,0.078,0.1371,0.2836,0.0653,0.01164,0.28642,0.09682,-0.00955,0.25732,1.29288
862,791.7,9230876,591782,0.536,0.302,12835,10757,14480,0.01723396,0,0,0.0759,0.1426,0.2738,0.0434,0.01261,0.28908,0.09583,-0.00975,0.25621,1.30668
863,792.6,9241674,592481,0.624,0.301,11682,10798,14515,0.01723074,0,0,0.0798,0.1722,0.3134,0.0584,0.0122,0.28757,0.10771,-0.00947,0.2795,1.31017
864,793.6,9252442,593180,0.637,0.302,11468,10768,14489,0.0172275,0,0,0.0795,0.1531,0.3059,0.0987,0.0117,0.28943,0.11309,-0.00754,0.28547,1.28349
865,794.4,9263205,593858,0.541,0.295,12875,10763,14491,0.01722427,0,0,0.0748,0.1394,0.291,0.0361,0.01093,0.28289,0.10532,-0.00884,0.27251,1.2827
866,795.2,9273988,594566,0.487,0.297,13747,10783,14520,0.01722104,0,0,0.0655,0.1208,0.2647,0.0365,0.011,0.28502,0.10661,-0.00918,0.27559,1.27755
867,796.0,9284732,595275,0.493,0.295,13632,10744,14485,0.0172178,0,0,0.0653,0.1191,0.2613,0.0472,0.01103,0.28327,0.10846,-0.00423,0.26967,1.28555
868,796.8,9295494,595959,0.495,0.298,13570,10762,14483,0.01721458,0,0,0.0671,0.1235,0.2688,0.0358,0.01118,0.28593,0.11995,-0.00506,0.29307,1.25029
869,797.5,9306275,596664,0.486,0.295,13802,10781,14520,0.01721135,0,0,0.0668,0.1244,0.2578,0.0368,0.01138,0.28312,0.11543,-0.0093,0.29325,1.27197
870,798.4,9317064,597354,0.563,0.303,12470,10789,14518,0.01720812,0,0,0.0715,0.1358,0.2733,0.0821,0.01141,0.29027,0.12789,-0.00941,0.31734,1.24186
871,799.3,9327852,598071,0.56,0.303,12493,10788,14525,0.01720488,0,0,0.0703,0.1301,0.2763,0.0835,0.01237,0.29026,0.10195,-0.00845,0.26296,1.22519
872,800.1,9338616,598769,0.511,0.302,13247,10764,14483,0.01720164,0,0,0.0676,0.1279,0.2657,0.0498,0.01065,0.28906,0.11636,-0.00492,0.28489,1.23041
873,801.0,9349378,599451,0.583,0.302,12168,10762,14483,0.01719842,0,0,0.078,0.1516,0.2837,0.0692,0.01156,0.2898,0.1129,-0.00741,0.2835,1.2468
874,801.9,9360087,600156,0.595,0.302,11946,10709,14442,0.01719519,0,0,0.079,0.1499,0.2988,0.0672,0.0124,0.2883,0.11323,-0.00961,0.28848,1.24461
875,802.8,9370824,600838,0.64,0.297,11457,10737,14478,0.01719197,0,0,0.0881,0.1756,0.3201,0.0563,0.01168,0.2844,0.12076,-0.0078,0.29914,1.22251
876,803.8,9381535,601529,0.663,0.304,11081,10711,14413,0.01718875,0,0,0.0819,0.1685,0.3112,0.1014,0.01191,0.29108,0.10733,-0.01092,0.27871,1.22792
877,804.7,9392296,602237,0.575,0.302,12269,10761,14488,0.01718554,0,0,0.0834,0.1547,0.295,0.0418,0.01266,0.28867,0.12185,-0.01018,0.30695,1.24751
878,805.6,9403010,602942,0.609,0.297,11833,10714,14411,0.01718231,0,0,0.0772,0.1554,0.3007,0.0754,0.01182,0.28403,0.11807,-0.00588,0.29006,1.22667
879,806.4,9413749,603642,0.549,0.308,12535,10739,14455,0.0171791,0,0,0.0769,0.145,0.288,0.0392,0.01103,0.29548,0.10987,-0.00772,0.27702,1.21787
880,807.3,9424434,604349,0.572,0.307,12152,10685,14411,0.01717588,0,0,0.0701,0.1467,0.2792,0.0765,0.01175,0.29441,0.11672,-0.00864,0.29241,1.21363
881,808.1,9435128,605061,0.528,0.307,12794,10694,14435,0.01717267,0,0,0.0723,0.1276,0.2816,0.0468,0.01182,0.29491,0.10916,-0.00995,0.28017,1.22138
882,809.0,9445832,605761,0.546,0.301,12641,10704,14417,0.01716946,0,0,0.0779,0.1413,0.2843,0.0427,0.01034,0.28946,0.11647,-0.00486,0.28517,1.23803
883,809.9,9456516,606457,0.609,0.296,11800,10684,14391,0.01716625,0,0,0.0805,0.1442,0.2957,0.0886,0.01154,0.28404,0.12876,-0.00746,0.3143,1.21934
884,810.7,9467227,607170,0.54,0.299,12773,10711,14438,0.01716305,0,0,0.0816,0.1464,0.278,0.0339,0.01137,0.28671,0.11912,-0.00727,0.29603,1.2598
885,811.6,9477900,607875,0.536,0.302,12733,10673,14413,0.01715983,0,0,0.0815,0.138,0.2776,0.0387,0.01186,0.28999,0.11405,-0.01099,0.29289,1.24688
886,812.4,9488615,608571,0.538,0.298,12820,10715,14455,0.01715663,0,0,0.0703,0.139,0.2711,0.0575,0.01301,0.28421,0.12736,-0.00918,0.31665,1.26927
887,813.2,9499301,609266,0.537,0.298,12797,10686,14421,0.01715342,0,0,0.0754,0.135,0.2875,0.0389,0.01152,0.28595,0.1051,-0.00927,0.2728,1.28397
888,814.1,9510037,609983,0.525,0.296,13078,10736,14463,0.01715021,0,0,0.0738,0.1358,0.2756,0.0396,0.01081,0.28459,0.1227,-0.00713,0.30298,1.26287
889,815.1,9520755,610658,0.739,0.306,10258,10718,14418,0.01714699,0,0,0.1003,0.1722,0.3677,0.0985,0.01227,0.29251,0.11561,-0.00714,0.28982,1.29197
890,816.2,9531465,611346,0.763,0.299,10086,10710,14460,0.01714377,0,0,0.0977,0.2222,0.3479,0.0949,0.01193,0.2862,0.11718,-0.00721,0.29231,1.26922
891,817.2,9542176,612023,0.696,0.3,10752,10711,14451,0.01714056,0,0,0.1026,0.1726,0.3095,0.1115,0.01173,0.28745,0.11591,-0.00863,0.29292,1.27841
892,818.1,9552948,612722,0.619,0.298,11745,10772,14496,0.01713735,0,0,0.0844,0.159,0.3006,0.0755,0.01172,0.28521,0.10639,-0.00998,0.27788,1.31681
893,819.0,9563664,613424,0.631,0.304,11462,10716,14453,0.01713412,0,0,0.0806,0.1645,0.2994,0.0868,0.01836,0.28436,0.1231,-0.01069,0.31178,1.28965
894,820.0,9574429,614106,0.677,0.297,11053,10765,14465,0.0171309,0,0,0.0996,0.1823,0.3276,0.0672,0.0119,0.28453,0.11837,-0.01,0.30017,1.26727
895,821.0,9585128,614823,0.748,0.297,10239,10699,14409,0.01712767,0,0,0.0887,0.1778,0.3656,0.1157,0.01178,0.28465,0.11146,-0.0095,0.28509,1.25988
896,822.0,9595827,615519,0.628,0.299,11538,10699,14433,0.01712446,0,0,0.0868,0.1704,0.299,0.0718,0.01235,0.28607,0.10787,-0.00912,0.27767,1.27591
897,822.9,9606542,616223,0.613,0.297,11774,10715,14451,0.01712125,0,0,0.0864,0.1675,0.3121,0.0468,0.01208,0.28443,0.11581,-0.00959,0.29374,1.25385
898,823.8,9617267,616916,0.668,0.298,11108,10725,14451,0.01711804,0,0,0.0986,0.1946,0.3163,0.0582,0.01142,0.28534,0.1089,-0.00785,0.27675,1.26351
899,824.8,9627985,617604,0.662,0.296,11195,10718,14455,0.01711482,0,0,0.0904,0.1738,0.3033,0.0943,0.01117,0.28362,0.10846,-0.00573,0.27239,1.28573
900,825.8,9638741,618303,0.674,0.298,11067,10756,14480,0.0171116,0,0,0.0967,0.1874,0.3258,0.0642,0.01198,0.28492,0.11185,-0.00876,0.2846,1.26757
901,826.7,9649461,619005,0.599,0.306,11841,10720,14481,0.01710838,0,0,0.0881,0.1598,0.3071,0.0442,0.01193,0.29304,0.10408,-0.00876,0.26961,1.28375
902,827.8,9660194,619700,0.705,0.311,10565,10733,14459,0.01710516,0,0,0.0858,0.1865,0.3381,0.0946,0.01189,0.29793,0.12485,-0.00929,0.3107,1.24037
903,828.8,9670863,620418,0.744,0.3,10213,10669,14430,0.01710194,0,0,0.0992,0.1937,0.3517,0.0999,0.01318,0.2862,0.11273,-0.00752,0.28332,1.25207
904,829.8,9681594,621111,0.644,0.3,11373,10731,14466,0.01709874,0,0,0.0854,0.1775,0.3062,0.0748,0.01153,0.28713,0.12302,-0.00737,0.30323,1.24161
905,830.7,9692306,621794,0.586,0.297,12137,10712,14451,0.01709552,0,0,0.0792,0.1547,0.3008,0.0514,0.01141,0.2842,0.10721,-0.01005,0.27684,1.2376
906,831.6,9703009,622500,0.672,0.299,11025,10703,14445,0.01709231,0,0,0.0862,0.188,0.3254,0.0726,0.01176,0.2859,0.11518,-0.01011,0.29262,1.22944
907,832.6,9713706,623216,0.686,0.299,10858,10697,14441,0.0170891,0,0,0.0914,0.1751,0.3104,0.1094,0.01201,0.28589,0.12004,-0.00679,0.29614,1.2425
908,833.6,9724401,623928,0.662,0.298,11139,10695,14446,0.01708589,0,0,0.0883,0.1766,0.347,0.0503,0.01218,0.2848,0.11251,-0.00749,0.28199,1.22893
909,834.5,9735064,624627,0.652,0.299,11210,10663,14395,0.01708268,0,0,0.0919,0.1765,0.3249,0.0585,0.01147,0.287,0.11508,-0.00622,0.28406,1.21383
910,835.6,9745779,625324,0.72,0.301,10490,10715,14427,0.01707948,0,0,0.0967,0.1726,0.3518,0.0994,0.01423,0.28586,0.11346,-0.00602,0.28103,1.23124
911,836.7,9756483,626041,0.806,0.299,9691,10704,14411,0.01707627,0,0,0.0936,0.2277,0.4115,0.0729,0.01225,0.28547,0.11287,-0.00817,0.28413,1.23153
912,837.9,9767203,626736,0.887,0.312,8941,10720,14429,0.01707306,0,0,0.1029,0.2272,0.3998,0.1567,0.01211,0.29898,0.12344,-0.00822,0.30602,1.25063
913,839.2,9777922,627447,1.027,0.3,8073,10719,14463,0.01706984,0,0,0.1245,0.2981,0.4465,0.1584,0.01236,0.28695,0.12627,-0.00958,0.31467,1.25836
914,840.3,9788642,628140,0.761,0.299,10114,10720,14433,0.01706662,0,0,0.108,0.2143,0.3581,0.0805,0.0121,0.2856,0.12796,-0.01073,0.3204,1.26009
915,841.3,9799337,628839,0.723,0.314,10310,10695,14422,0.01706341,0,0,0.1021,0.1958,0.3623,0.0633,0.01682,0.29614,0.11668,-0.00883,0.29372,1.25124
916,842.3,9810069,629533,0.724,0.307,10410,10732,14440,0.0170602,0,0,0.0959,0.1948,0.3427,0.0907,0.01155,0.2944,0.12061,-0.00922,0.30285,1.26565
917,843.4,9820812,630212,0.75,0.306,10167,10743,14460,0.01705698,0,0,0.0968,0.2021,0.3807,0.0706,0.01366,0.29184,0.13522,-0.00546,0.32364,1.23916
918,844.5,9831558,630901,0.804,0.322,9544,10746,14449,0.01705376,0,0,0.0976,0.2225,0.3718,0.1117,0.01205,0.30913,0.11768,-0.0083,0.29424,1.23908
919,845.6,9842273,631613,0.826,0.309,9440,10715,14467,0.01705053,0,0,0.0945,0.2543,0.4302,0.0474,0.01638,0.29149,0.11779,-0.00549,0.28987,1.27002
920,846.7,9852962,632306,0.792,0.304,9757,10689,14394,0.01704732,0,0,0.0969,0.2148,0.3668,0.1132,0.01268,0.29027,0.12206,-0.00932,0.30477,1.23189
921,847.7,9863707,633011,0.656,0.303,11201,10745,14461,0.01704411,0,0,0.0845,0.184,0.3225,0.0651,0.01133,0.29113,0.1364,-0.00895,0.33229,1.22007
922,848.7,9874441,633700,0.696,0.306,10714,10734,14468,0.01704089,0,0,0.0909,0.1936,0.3437,0.0675,0.01266,0.2928,0.11756,-0.01035,0.29764,1.22672
923,849.8,9885181,634377,0.748,0.306,10185,10740,14452,0.01703767,0,0,0.0931,0.2104,0.3464,0.0984,0.01221,0.29305,0.12617,-0.00645,0.30617,1.20128
924,850.7,9895954,635090,0.626,0.303,11602,10773,14497,0.01703445,0,0,0.0849,0.1773,0.3159,0.0475,0.011,0.29123,0.12005,-0.0072,0.29665,1.23756
925,851.6,9906703,635790,0.58,0.302,12181,10749,14477,0.01703121,0,0,0.0819,0.1537,0.3092,0.0354,0.01091,0.29061,0.12899,-0.00717,0.31357,1.21111
926,852.5,9917452,636491,0.607,0.303,11817,10749,14487,0.01702799,0,0,0.0771,0.1531,0.2935,0.0832,0.01069,0.29134,0.11945,-0.00679,0.29406,1.22104
927,853.4,9928194,637182,0.564,0.305,12355,10742,14486,0.01702476,0,0,0.0768,0.1536,0.288,0.0459,0.01192,0.29228,0.12504,-0.01073,0.31355,1.23349
928,854.2,9938986,637872,0.575,0.305,12256,10792,14511,0.01702154,0,0,0.0835,0.1464,0.2929,0.0525,0.01119,0.29324,0.12874,-0.00861,0.31653,1.2286
929,855.1,9949784,638571,0.613,0.301,11818,10798,14525,0.0170183,0,0,0.0823,0.159,0.2959,0.076,0.01157,0.28798,0.12525,-0.01167,0.31546,1.22279
930,856.0,9960517,639247,0.589,0.296,12133,10733,14470,0.01701506,0,0,0.0788,0.1535,0.3132,0.0431,0.01097,0.28423,0.1308,-0.00981,0.32324,1.23518
931,856.9,9971287,639939,0.561,0.297,12562,10770,14478,0.01701184,0,0,0.0768,0.1541,0.2913,0.0386,0.01089,0.28459,0.11281,-0.00676,0.28126,1.23821
932,857.8,9982029,640613,0.656,0.297,11272,10742,14472,0.01700861,0,0,0.0847,0.1679,0.3224,0.081,0.01158,0.28433,0.12587,-0.00476,0.30366,1.24668
933,858.8,9992794,641312,0.642,0.307,11348,10765,14496,0.01700539,0,0,0.0842,0.1736,0.3243,0.0599,0.01174,0.29407,0.12707,-0.00803,0.31311,1.26148
934,859.7,10003570,642002,0.579,0.297,12302,10776,14502,0.01700216,0,0,0.0791,0.1572,0.3012,0.0416,0.01154,0.28457,0.1232,-0.01091,0.31118,1.26328
935,860.6,10014312,642700,0.607,0.298,11866,10742,14498,0.01699893,0,0,0.0783,0.1603,0.2989,0.0697,0.01298,0.28437,0.11478,-0.01105,0.29507,1.27667
936,861.5,10025082,643376,0.586,0.305,12094,10770,14503,0.01699571,0,0,0.0807,0.1566,0.3073,0.0412,0.01134,0.29274,0.13307,-0.00731,0.3247,1.29302
937,862.3,10035859,644064,0.563,0.297,12540,10777,14500,0.01699248,0,0,0.0815,0.1451,0.2954,0.0408,0.0125,0.28347,0.12489,-0.00991,0.31345,1.29039
938,863.3,10046608,644732,0.673,0.306,10980,10749,14481,0.01698924,0,0,0.0835,0.193,0.3112,0.0849,0.01182,0.29362,0.11642,-0.0075,0.29222,1.3057
939,864.2,10057357,645400,0.615,0.298,11768,10749,14456,0.01698602,0,0,0.0813,0.1745,0.3181,0.041,0.01166,0.28602,0.11356,-0.00704,0.28479,1.28366
940,865.2,10068076,646072,0.638,0.303,11395,10719,14475,0.01698279,0,0,0.0847,0.1706,0.3271,0.0552,0.01227,0.28926,0.13153,-0.00807,0.3228,1.28358
941,866.1,10078860,646743,0.667,0.308,11059,10784,14517,0.01697958,0,0,0.0905,0.1667,0.3162,0.0933,0.01144,0.2962,0.10046,-0.00983,0.26534,1.31833
942,867.1,10089620,647422,0.657,0.307,11163,10760,14473,0.01697634,0,0,0.0901,0.1751,0.3333,0.0586,0.01432,0.29149,0.1046,-0.01129,0.27539,1.28481
943,868.2,10100365,648081,0.793,0.309,9753,10745,14466,0.01697311,0,0,0.0985,0.2158,0.3558,0.123,0.01189,0.29586,0.11325,-0.00557,0.2816,1.29458
944,869.3,10111087,648753,0.799,0.312,9649,10722,14455,0.01696989,0,0,0.0889,0.1955,0.3529,0.1616,0.01185,0.29941,0.11762,-0.00579,0.29081,1.29622
945,870.4,10121810,649418,0.726,0.313,10313,10723,14450,0.01696667,0,0,0.0994,0.1845,0.3459,0.0966,0.01205,0.29987,0.10883,-0.00904,0.27909,1.27744
946,871.4,10132537,650100,0.698,0.305,10698,10727,14468,0.01696346,0,0,0.0964,0.1821,0.3579,0.0618,0.01369,0.28999,0.12074,-0.01088,0.3067,1.28135
947,872.4,10143308,650764,0.714,0.311,10501,10771,14521,0.01696024,0,0,0.0909,0.1916,0.3406,0.0912,0.01228,0.29838,0.10272,-0.01045,0.27011,1.29076
948,873.3,10154087,651436,0.651,0.309,11225,10779,14516,0.01695701,0,0,0.084,0.1722,0.344,0.0506,0.01343,0.29495,0.11485,-0.00911,0.29175,1.29266
949,874.3,10164847,652117,0.684,0.3,10939,10760,14521,0.01695377,0,0,0.0875,0.1857,0.3507,0.0598,0.01278,0.28617,0.10423,-0.00775,0.26789,1.2956
950,875.3,10175609,652808,0.671,0.298,11103,10762,14492,0.01695055,0,0,0.0862,0.1933,0.314,0.0776,0.0122,0.2848,0.12478,-0.00703,0.30652,1.26538
951,876.2,10186342,653481,0.618,0.299,11698,10733,14470,0.01694732,0,0,0.0818,0.1667,0.3166,0.053,0.01274,0.2858,0.11846,-0.0075,0.29597,1.29927
952,877.3,10197092,654162,0.681,0.301,10946,10750,14497,0.0169441,0,0,0.0856,0.1784,0.3249,0.0922,0.01433,0.28568,0.11767,-0.00932,0.29753,1.28503
953,878.2,10207848,654854,0.628,0.297,11618,10756,14487,0.01694087,0,0,0.0856,0.1737,0.3206,0.0485,0.01153,0.28492,0.1201,-0.01219,0.30712,1.2554
954,879.2,10218588,655511,0.622,0.299,11661,10740,14489,0.01693765,0,0,0.0833,0.1735,0.3174,0.048,0.01154,0.28655,0.12376,-0.01032,0.31039,1.24637
955,880.1,10229394,656189,0.633,0.299,11586,10806,14558,0.01693442,0,0,0.0882,0.1583,0.3122,0.0746,0.01286,0.28539,0.13125,-0.00738,0.32052,1.27691
956,881.0,10240130,656874,0.646,0.297,11394,10736,14478,0.01693118,0,0,0.0836,0.1702,0.3344,0.0575,0.01128,0.28441,0.14615,-0.00855,0.35141,1.24052
957,882.0,10250889,657555,0.63,0.303,11530,10759,14484,0.01692796,0,0,0.0837,0.1736,0.323,0.0497,0.01542,0.28682,0.12283,-0.01068,0.30993,1.26735
958,882.9,10261656,658235,0.618,0.299,11739,10767,14502,0.01692473,0,0,0.0808,0.151,0.3103,0.0761,0.01169,0.28641,0.13034,-0.01059,0.32421,1.25121
959,883.8,10272399,658913,0.613,0.3,11776,10743,14486,0.0169215,0,0,0.0839,0.1707,0.3114,0.0468,0.01301,0.28548,0.11951,-0.01208,0.3063,1.27436
960,884.7,10283142,659598,0.584,0.298,12185,10743,14466,0.01691828,0,0,0.0824,0.1487,0.3088,0.0443,0.0114,0.28547,0.12227,-0.01084,0.30977,1.28752
961,885.6,10293935,660284,0.64,0.298,11511,10793,14527,0.01691506,0,0,0.0839,0.1599,0.3089,0.0873,0.01195,0.28486,0.12484,-0.01212,0.31761,1.29204
962,886.5,10304747,660953,0.587,0.302,12165,10812,14553,0.01691182,0,0,0.0817,0.1562,0.3022,0.0466,0.01177,0.28958,0.114,-0.00975,0.291,1.28639
963,887.4,10315508,661639,0.608,0.305,11788,10761,14481,0.01690858,0,0,0.084,0.1705,0.3038,0.0497,0.01196,0.2921,0.12192,-0.009,0.3049,1.27308
964,888.4,10326293,662339,0.642,0.295,11508,10785,14541,0.01690535,0,0,0.0869,0.1643,0.3033,0.0874,0.01155,0.28287,0.12346,-0.01001,0.31099,1.30282
965,889.2,10337059,663045,0.592,0.296,12125,10766,14520,0.01690211,0,0,0.081,0.1584,0.314,0.0381,0.01236,0.28314,0.11222,-0.00965,0.28697,1.2794
966,890.1,10347828,663739,0.59,0.304,12034,10769,14486,0.01689888,0,0,0.0819,0.1576,0.3044,0.0465,0.01161,0.29159,0.1215,-0.00997,0.30735,1.31381
967,891.0,10358575,664401,0.605,0.298,11900,10747,14474,0.01689565,0,0,0.0828,0.1533,0.2985,0.0708,0.0127,0.28433,0.11373,-0.01259,0.29725,1.32017
968,891.9,10369340,665078,0.573,0.297,12380,10765,14503,0.01689243,0,0,0.0793,0.1549,0.2953,0.0434,0.01264,0.28323,0.10001,-0.0122,0.26923,1.32657
969,892.8,10380121,665767,0.59,0.295,12177,10781,14482,0.0168892,0,0,0.0812,0.1602,0.3032,0.0456,0.01137,0.28284,0.11305,-0.00606,0.28182,1.29034
970,893.7,10390865,666444,0.607,0.296,11891,10744,14461,0.01688596,0,0,0.081,0.1567,0.2983,0.0712,0.01156,0.28385,0.12044,-0.00952,0.30335,1.28604
971,894.6,10401626,667137,0.6,0.299,11975,10761,14516,0.01688274,0,0,0.0804,0.1632,0.3113,0.0452,0.012,0.28559,0.12244,-0.00928,0.30806,1.32114
972,895.5,10412421,667800,0.597,0.301,12023,10795,14510,0.01687951,0,0,0.0804,0.16,0.3074,0.0491,0.01274,0.28736,0.11386,-0.00915,0.28929,1.28218
973,896.4,10423182,668477,0.632,0.303,11517,10761,14485,0.01687627,0,0,0.0777,0.1631,0.3024,0.0885,0.01189,0.28983,0.11414,-0.01184,0.29536,1.28566
974,897.3,10433968,669157,0.571,0.302,12353,10786,14525,0.01687305,0,0,0.079,0.151,0.3005,0.0402,0.01226,0.28911,0.10104,-0.0108,0.26775,1.3058
975,898.2,10444769,669840,0.604,0.298,11977,10801,14555,0.01686981,0,0,0.0812,0.1629,0.3166,0.0433,0.01172,0.28538,0.11739,-0.0118,0.30221,1.29856
976,899.1,10455561,670536,0.632,0.296,11631,10792,14512,0.01686657,0,0,0.0834,0.1653,0.2976,0.0853,0.01144,0.28392,0.10703,-0.00764,0.27243,1.27738
977,900.1,10466300,671216,0.619,0.298,11712,10739,14451,0.01686333,0,0,0.0831,0.1684,0.3025,0.0654,0.01185,0.28475,0.11848,-0.01072,0.30056,1.25029
978,900.9,10477109,671889,0.535,0.298,12976,10809,14526,0.01686011,0,0,0.0752,0.1402,0.2803,0.0398,0.01164,0.28531,0.1234,-0.00951,0.30876,1.27357
979,901.8,10487902,672577,0.585,0.307,12097,10793,14527,0.01685687,0,0,0.0736,0.1489,0.2814,0.081,0.01323,0.29333,0.13317,-0.01237,0.3345,1.28802
980,902.6,10498682,673266,0.552,0.299,12669,10780,14538,0.01685363,0,0,0.0747,0.1322,0.2861,0.0591,0.01083,0.28728,0.11887,-0.00764,0.29594,1.27384
981,903.5,10509514,673950,0.544,0.3,12839,10832,14553,0.0168504,0,0,0.0763,0.146,0.2854,0.0359,0.01155,0.28785,0.13171,-0.01059,0.32694,1.25631
982,904.3,10520298,674631,0.544,0.301,12757,10784,14507,0.01684715,0,0,0.0669,0.132,0.2676,0.0775,0.01211,0.28848,0.12037,-0.00965,0.30156,1.23173
983,905.1,10531149,675318,0.48,0.302,13866,10851,14579,0.01684391,0,0,0.0636,0.1185,0.2561,0.0423,0.0121,0.28883,0.12598,-0.00785,0.31002,1.25706
984,906.0,10541970,675990,0.58,0.298,12315,10821,14554,0.01684066,0,0,0.069,0.137,0.2848,0.0895,0.0125,0.28471,0.11251,-0.0086,0.28414,1.2444
985,906.8,10552798,676670,0.546,0.297,12841,10828,14533,0.01683741,0,0,0.0678,0.1348,0.2635,0.0802,0.01124,0.28502,0.10896,-0.00876,0.27794,1.26198
986,907.6,10563620,677372,0.511,0.299,13367,10822,14555,0.01683416,0,0,0.065,0.1246,0.2623,0.0586,0.01172,0.28682,0.11191,-0.01033,0.28626,1.24062
987,908.4,10574419,678050,0.494,0.3,13606,10799,14534,0.01683091,0,0,0.0639,0.1186,0.2621,0.0489,0.01198,0.28753,0.11159,-0.00991,0.28536,1.25834
988,909.2,10585244,678748,0.515,0.296,13351,10825,14546,0.01682767,0,0,0.0712,0.1166,0.2585,0.0683,0.01205,0.28354,0.11069,-0.00869,0.28156,1.27164
989,910.0,10596071,679446,0.475,0.304,13895,10827,14554,0.01682443,0,0,0.0622,0.1164,0.2576,0.0392,0.01142,0.29181,0.10648,-0.00815,0.27143,1.25315
990,910.8,10606872,680144,0.472,0.305,13911,10801,14543,0.01682118,0,0,0.0648,0.1141,0.2553,0.0375,0.01254,0.29132,0.12316,-0.00855,0.30656,1.28221
991,911.6,10617676,680807,0.535,0.302,12910,10804,14510,0.01681794,0,0,0.0683,0.1187,0.2714,0.0763,0.01111,0.29048,0.12347,-0.01086,0.31022,1.23533
992,912.4,10628473,681498,0.488,0.308,13553,10797,14509,0.0168147,0,0,0.0668,0.1195,0.2616,0.0403,0.01239,0.29547,0.1076,-0.0124,0.28259,1.26653
993,913.2,10639273,682183,0.503,0.307,13328,10800,14528,0.01681146,0,0,0.0669,0.1212,0.2763,0.0387,0.01149,0.2952,0.10737,-0.01007,0.27836,1.29341
994,914.1,10650047,682866,0.539,0.298,12874,10774,14498,0.01680822,0,0,0.0702,0.1288,0.2731,0.0666,0.01129,0.28611,0.10505,-0.0114,0.27643,1.2951
995,914.9,10660860,683544,0.494,0.295,13700,10813,14529,0.01680499,0,0,0.0665,0.125,0.266,0.0365,0.01107,0.28372,0.11035,-0.00984,0.28374,1.29005
996,915.7,10671682,684202,0.499,0.295,13629,10822,14528,0.01680174,0,0,0.0644,0.1152,0.262,0.0576,0.01088,0.28325,0.14167,-0.00695,0.34041,1.28475
997,916.5,10682536,684877,0.511,0.299,13407,10854,14559,0.0167985,0,0,0.0662,0.1201,0.2607,0.0638,0.01081,0.28733,0.11397,-0.00752,0.2864,1.2923
998,917.2,10693381,685554,0.476,0.297,14037,10845,14580,0.01679524,0,0,0.0638,0.1164,0.2595,0.0361,0.01151,0.28476,0.11102,-0.01021,0.28741,1.33832
999,918.0,10704239,686245,0.479,0.299,13970,10858,14576,0.01679199,0,0,0.066,0.1185,0.2556,0.0384,0.01242,0.28532,0.12425,-0.00984,0.31221,1.31104
1000,918.8,10715071,686920,0.52,0.306,13112,10832,14540,0.01678873,0,0,0.0675,0.1254,0.2616,0.0658,0.01179,0.2932,0.10856,-0.0099,0.27958,1.2704
1001,920.1,10725891,687593,0.565,0.307,12416,10820,14482,0.01678548,0,0,0.0749,0.1344,0.2994,0.0559,0.0124,0.29367,0.12211,-0.00943,0.30497,1.2482
1002,921.1,10736807,688263,0.581,0.305,12321,10916,14572,0.01678223,0,0,0.071,0.1399,0.2986,0.0715,0.01152,0.29279,0.13164,-0.01251,0.32826,1.19041
1003,921.9,10747663,688944,0.515,0.308,13195,10856,14524,0.01677896,0,0,0.0673,0.1352,0.2757,0.0365,0.01145,0.2957,0.1256,-0.00721,0.30571,1.19479
1004,922.8,10758500,689617,0.523,0.302,13128,10837,14486,0.0167757,0,0,0.0673,0.1303,0.2826,0.0431,0.01157,0.28995,0.1325,-0.01122,0.32828,1.21729
1005,923.6,10769361,690283,0.537,0.305,12906,10861,14500,0.01677245,0,0,0.0697,0.1222,0.2888,0.0563,0.01245,0.29159,0.12462,-0.01064,0.31075,1.19883
1006,924.4,10780241,690963,0.514,0.304,13310,10880,14539,0.01676919,0,0,0.0664,0.135,0.2723,0.0402,0.01197,0.29073,0.13082,-0.00898,0.31882,1.16928
1007,925.3,10791128,691634,0.583,0.306,12244,10887,14564,0.01676593,0,0,0.0803,0.161,0.2904,0.0515,0.01222,0.29253,0.14939,-0.00704,0.35116,1.14213
1008,926.4,10801998,692317,0.754,0.304,10272,10870,14533,0.01676266,0,0,0.0946,0.2011,0.334,0.1241,0.01181,0.29167,0.13151,-0.00966,0.32035,1.13376
1009,927.4,10812845,692985,0.762,0.307,10154,10847,14527,0.0167594,0,0,0.0919,0.2,0.4123,0.0574,0.01204,0.29378,0.12319,-0.0102,0.30529,1.14888
1010,928.5,10823724,693657,0.732,0.311,10426,10879,14559,0.01675615,0,0,0.0935,0.2004,0.344,0.094,0.01272,0.29781,0.14306,-0.00779,0.33978,1.13622
1011,929.5,10834546,694319,0.672,0.307,11054,10822,14474,0.01675288,0,0,0.0852,0.1767,0.3449,0.065,0.01266,0.29367,0.14428,-0.0103,0.34611,1.1034
1012,930.4,10845422,694988,0.654,0.313,11250,10876,14529,0.01674964,0,0,0.084,0.1871,0.327,0.0554,0.01207,0.30003,0.13577,-0.00674,0.32234,1.11396
1013,931.5,10856266,695661,0.732,0.309,10418,10844,14486,0.01674637,0,0,0.0864,0.1789,0.3473,0.1195,0.01135,0.29664,0.13124,-0.01008,0.32048,1.13015
1014,932.4,10867097,696322,0.648,0.309,11323,10831,14508,0.01674312,0,0,0.0863,0.1873,0.326,0.0482,0.01177,0.29613,0.13646,-0.01014,0.33126,1.13659
1015,933.4,10877970,697001,0.625,0.307,11669,10873,14563,0.01673987,0,0,0.0856,0.1673,0.319,0.0534,0.01154,0.29421,0.13005,-0.00922,0.31646,1.1329
1016,934.3,10888818,697691,0.645,0.309,11375,10848,14501,0.01673661,0,0,0.0836,0.1617,0.3215,0.0782,0.01212,0.29556,0.13804,-0.00915,0.3329,1.15056
1017,935.3,10899687,698366,0.659,0.304,11283,10869,14523,0.01673335,0,0,0.0863,0.1825,0.3295,0.0606,0.01235,0.29101,0.14093,-0.00904,0.33791,1.13404
1018,936.2,10910579,699037,0.61,0.301,11955,10892,14565,0.01673009,0,0,0.0847,0.1675,0.3166,0.0412,0.01175,0.2886,0.12887,-0.00976,0.31595,1.15581
1019,937.1,10921436,699729,0.639,0.299,11578,10857,14525,0.01672683,0,0,0.0822,0.156,0.3057,0.0948,0.01193,0.2863,0.13522,-0.01114,0.32963,1.10327
1020,938.1,10932328,700392,0.631,0.3,11694,10892,14553,0.01672357,0,0,0.0861,0.1671,0.3163,0.062,0.01285,0.28613,0.13818,-0.00742,0.32854,1.11593
1021,939.0,10943165,701055,0.643,0.303,11467,10837,14504,0.0167203,0,0,0.0889,0.1796,0.3165,0.0575,0.01213,0.28952,0.13866,-0.00996,0.33515,1.13325
1022,939.9,10954083,701732,0.619,0.3,11878,10918,14593,0.01671705,0,0,0.0835,0.1584,0.305,0.0721,0.01317,0.28611,0.12981,-0.00825,0.31467,1.15339
1023,940.9,10964982,702414,0.63,0.303,11686,10899,14561,0.01671378,0,0,0.0912,0.1704,0.3135,0.055,0.01254,0.28902,0.12626,-0.01065,0.31248,1.15672
1024,942.0,10975837,703099,0.803,0.303,9815,10855,14519,0.01671051,0,0,0.0974,0.2185,0.3681,0.1184,0.01278,0.2895,0.13871,-0.00781,0.33138,1.14733
1025,943.0,10986741,703763,0.688,0.303,11005,10904,14576,0.01670725,0,0,0.0872,0.2008,0.3134,0.0862,0.01641,0.28574,0.12685,-0.01083,0.31276,1.11905
1026,943.9,10997600,704449,0.62,0.299,11810,10859,14492,0.01670398,0,0,0.0849,0.1639,0.3183,0.0531,0.01177,0.28663,0.14125,-0.00942,0.33887,1.12351
1027,944.8,11008542,705116,0.611,0.305,11943,10942,14621,0.01670072,0,0,0.079,0.1644,0.3061,0.0619,0.01195,0.29198,0.13448,-0.00902,0.32468,1.12803
1028,945.7,11019398,705795,0.642,0.3,11526,10856,14524,0.01669744,0,0,0.083,0.1625,0.3043,0.0921,0.01171,0.2864,0.13503,-0.00844,0.32417,1.11451
1029,946.6,11030306,706461,0.598,0.297,12193,10908,14586,0.01669418,0,0,0.082,0.1655,0.3085,0.0419,0.01151,0.28439,0.1276,-0.00942,0.31127,1.1153
1030,947.6,11041190,707145,0.632,0.296,11729,10884,14554,0.01669091,0,0,0.0782,0.1539,0.3001,0.0997,0.01163,0.28368,0.13274,-0.00872,0.31893,1.07882
1031,948.4,11052063,707824,0.512,0.297,13430,10873,14530,0.01668764,0,0,0.073,0.122,0.2748,0.0426,0.01111,0.2853,0.13617,-0.00971,0.32819,1.09155
1032,949.2,11062921,708510,0.529,0.296,13166,10858,14517,0.01668438,0,0,0.0714,0.1361,0.2811,0.04,0.01126,0.284,0.13422,-0.00697,0.31936,1.10803
1033,950.1,11073809,709197,0.573,0.299,12493,10888,14566,0.01668112,0,0,0.0766,0.1416,0.2823,0.0723,0.01154,0.28617,0.13154,-0.00696,0.31495,1.13727
1034,951.0,11084679,709882,0.654,0.298,11419,10870,14551,0.01667786,0,0,0.0867,0.1916,0.3013,0.0741,0.01166,0.28568,0.13523,-0.00996,0.32753,1.11421
1035,952.1,11095537,710577,0.77,0.297,10177,10858,14517,0.0166746,0,0,0.0983,0.1791,0.3625,0.1297,0.01173,0.28459,0.13946,-0.00878,0.33333,1.10483
1036,953.1,11106425,711240,0.717,0.298,10725,10888,14581,0.01667134,0,0,0.0854,0.1934,0.347,0.0912,0.01229,0.2851,0.13097,-0.01103,0.32231,1.14903
1037,954.1,11117327,711911,0.668,0.294,11342,10902,14566,0.01666807,0,0,0.0805,0.1719,0.3182,0.0969,0.01117,0.28173,0.1299,-0.01135,0.3198,1.11883
1038,954.9,11128272,712589,0.509,0.295,13605,10945,14630,0.0166648,0,0,0.0698,0.1289,0.2651,0.0452,0.01175,0.28304,0.12131,-0.01027,0.30188,1.16224
1039,955.7,11139118,713269,0.523,0.297,13221,10846,14513,0.01666152,0,0,0.0682,0.1318,0.2694,0.0537,0.01148,0.28498,0.13021,-0.01021,0.32006,1.17733
1040,956.5,11150032,713927,0.511,0.295,13543,10914,14573,0.01665826,0,0,0.0686,0.1319,0.2674,0.0432,0.01129,0.28291,0.12825,-0.01026,0.31518,1.14532
1041,957.3,11160929,714597,0.513,0.294,13502,10897,14572,0.01665499,0,0,0.0722,0.13,0.271,0.0399,0.01102,0.28191,0.14289,-0.00674,0.33632,1.11226
1042,958.1,11171845,715268,0.491,0.294,13900,10916,14597,0.01665172,0,0,0.0629,0.1122,0.2506,0.0657,0.01053,0.28234,0.12968,-0.00727,0.31249,1.15857
1043,958.9,11182746,715938,0.477,0.296,14107,10901,14571,0.01664845,0,0,0.0663,0.1234,0.2562,0.0314,0.01046,0.28448,0.12799,-0.01116,0.31705,1.16348
1044,959.6,11193677,716599,0.483,0.295,14059,10931,14607,0.01664518,0,0,0.0676,0.1244,0.2528,0.038,0.01144,0.28272,0.12678,-0.0113,0.31504,1.16788
1045,960.5,11204540,717259,0.521,0.296,13301,10863,14539,0.0166419,0,0,0.0666,0.1225,0.2652,0.0667,0.01198,0.28305,0.12721,-0.01026,0.31502,1.20446
1046,961.2,11215422,717924,0.461,0.299,14320,10882,14550,0.01663864,0,0,0.0643,0.1133,0.2536,0.0302,0.01054,0.28739,0.13324,-0.00911,0.32389,1.1781
1047,962.0,11226317,718589,0.462,0.295,14394,10895,14574,0.01663537,0,0,0.0621,0.116,0.246,0.0383,0.01119,0.28273,0.12121,-0.01053,0.30384,1.21285
1048,962.8,11237182,719260,0.482,0.304,13825,10865,14551,0.0166321,0,0,0.0638,0.112,0.2525,0.0533,0.01179,0.29185,0.12156,-0.0128,0.30965,1.23076
1049,963.6,11248036,719925,0.504,0.306,13407,10854,14517,0.01662885,0,0,0.0706,0.1282,0.2667,0.0386,0.01188,0.29303,0.12518,-0.01013,0.3108,1.20835
1050,964.4,11258930,720580,0.51,0.304,13385,10894,14583,0.01662559,0,0,0.0703,0.1274,0.2717,0.0405,0.01109,0.29214,0.12389,-0.01143,0.31196,1.2431
1051,965.3,11269826,721233,0.572,0.308,12379,10896,14573,0.01662232,0,0,0.0694,0.141,0.284,0.0775,0.01162,0.29557,0.12937,-0.00984,0.31889,1.21768
1052,966.2,11280712,721927,0.575,0.297,12484,10886,14556,0.01661905,0,0,0.0751,0.1496,0.2915,0.0583,0.01173,0.28489,0.11554,-0.01029,0.29153,1.19955
1053,967.0,11291621,722603,0.487,0.295,13945,10909,14586,0.01661579,0,0,0.0655,0.1216,0.2605,0.0392,0.0113,0.28356,0.11272,-0.01083,0.28763,1.21969
1054,967.8,11302519,723275,0.519,0.3,13318,10898,14576,0.01661251,0,0,0.0687,0.1226,0.2654,0.062,0.01187,0.2871,0.12466,-0.00816,0.30512,1.18877
1055,968.7,11313394,723939,0.584,0.3,12300,10875,14563,0.01660924,0,0,0.0773,0.1595,0.2979,0.0496,0.01183,0.28743,0.12217,-0.00931,0.30266,1.1947
1056,969.5,11324303,724622,0.527,0.298,13227,10909,14586,0.01660598,0,0,0.0657,0.1205,0.2651,0.0757,0.01119,0.28595,0.12208,-0.00971,0.3028,1.1808
1057,970.4,11335178,725303,0.538,0.3,12975,10875,14550,0.01660271,0,0,0.0723,0.1351,0.2884,0.0424,0.01251,0.2869,0.12644,-0.01122,0.31482,1.18979
1058,971.2,11346068,725960,0.481,0.3,13943,10890,14552,0.01659945,0,0,0.066,0.1151,0.2639,0.0357,0.01125,0.28822,0.13929,-0.00938,0.33647,1.17812
1059,972.0,11356973,726623,0.551,0.296,12873,10905,14593,0.01659618,0,0,0.0686,0.1393,0.2703,0.073,0.01103,0.28432,0.12972,-0.00874,0.31624,1.18476
1060,972.8,11367874,727297,0.502,0.3,13592,10901,14589,0.01659291,0,0,0.0689,0.1257,0.2625,0.045,0.01186,0.2875,0.12823,-0.00708,0.30892,1.15403
1061,973.6,11378753,727969,0.477,0.296,14076,10879,14558,0.01658964,0,0,0.0673,0.1145,0.2543,0.0407,0.01178,0.28366,0.13295,-0.00749,0.31961,1.16713
1062,974.4,11389615,728643,0.519,0.296,13334,10862,14546,0.01658637,0,0,0.0676,0.1166,0.2617,0.0727,0.01129,0.28412,0.14008,-0.0084,0.3343,1.12573
1063,975.2,11400496,729297,0.501,0.304,13516,10881,14565,0.01658312,0,0,0.0709,0.1217,0.2718,0.0365,0.0119,0.29114,0.13743,-0.00774,0.32851,1.15109
1064,976.0,11411367,729965,0.509,0.3,13437,10871,14547,0.01657985,0,0,0.0683,0.1337,0.2699,0.0375,0.0122,0.28676,0.13384,-0.00825,0.32269,1.16181
1065,976.9,11422258,730618,0.552,0.296,12844,10891,14573,0.01657659,0,0,0.0729,0.1259,0.2775,0.076,0.01174,0.2834,0.12654,-0.00949,0.31091,1.17187
1066,977.6,11433138,731285,0.492,0.3,13740,10880,14555,0.01657332,0,0,0.0661,0.1182,0.2701,0.0371,0.01249,0.28717,0.11677,-0.01127,0.29444,1.15786
1067,978.5,11444037,731951,0.539,0.305,12906,10899,14592,0.01657006,0,0,0.0696,0.1393,0.2895,0.0409,0.01143,0.29301,0.12039,-0.00716,0.29371,1.16503
1068,979.3,11454941,732616,0.525,0.309,13078,10904,14606,0.01656679,0,0,0.0683,0.1209,0.2734,0.0621,0.01242,0.29566,0.13164,-0.00856,0.31921,1.1714
1069,980.2,11465864,733285,0.548,0.306,12793,10923,14621,0.01656352,0,0,0.0726,0.1474,0.2857,0.0422,0.01144,0.29364,0.12257,-0.00943,0.30336,1.18857
1070,981.0,11476748,733940,0.516,0.305,13249,10884,14577,0.01656024,0,0,0.0739,0.1284,0.2789,0.0349,0.01218,0.29253,0.12525,-0.01051,0.3106,1.17974
1071,981.8,11487689,734623,0.541,0.304,12939,10941,14619,0.01655698,0,0,0.0723,0.1262,0.2758,0.0669,0.01132,0.29231,0.1259,-0.00824,0.30718,1.17486
1072,982.7,11498605,735281,0.523,0.303,13210,10916,14606,0.01655369,0,0,0.0733,0.1311,0.2769,0.0419,0.01204,0.29061,0.12866,-0.01007,0.31634,1.17458
1073,983.5,11509584,735947,0.492,0.303,13808,10979,14673,0.01655042,0,0,0.0652,0.1194,0.2698,0.0375,0.01302,0.28957,0.1216,-0.01288,0.30882,1.20441
1074,984.3,11520522,736586,0.517,0.298,13426,10938,14626,0.01654712,0,0,0.0673,0.1219,0.2579,0.0699,0.01142,0.28565,0.12175,-0.00993,0.30307,1.19945
1075,985.0,11531465,737245,0.469,0.295,14314,10943,14631,0.01654384,0,0,0.0658,0.1175,0.2523,0.0338,0.01154,0.28264,0.1118,-0.00881,0.28144,1.2159
1076,985.8,11542404,737883,0.474,0.294,14250,10939,14631,0.01654056,0,0,0.0644,0.1163,0.2603,0.0328,0.01049,0.28285,0.11662,-0.00702,0.28737,1.21189
1077,986.6,11553369,738538,0.52,0.3,13368,10965,14650,0.01653728,0,0,0.0664,0.1162,0.2611,0.0767,0.01164,0.28755,0.11754,-0.012,0.29932,1.21624
1078,987.4,11564329,739161,0.495,0.296,13855,10960,14626,0.01653399,0,0,0.0682,0.1242,0.2699,0.0328,0.0102,0.28517,0.13383,-0.00936,0.3262,1.20414
1079,988.2,11575300,739800,0.488,0.298,13954,10971,14663,0.0165307,0,0,0.0651,0.1218,0.2608,0.0405,0.01121,0.28628,0.10683,-0.01169,0.27652,1.19409
1080,989.0,11586230,740440,0.496,0.299,13744,10930,14618,0.01652741,0,0,0.064,0.1186,0.2486,0.0647,0.01121,0.28764,0.12311,-0.01136,0.3086,1.1993
1081,989.8,11597203,741091,0.466,0.296,14401,10973,14666,0.01652413,0,0,0.0633,0.1156,0.2533,0.0334,0.01115,0.28465,0.11897,-0.01125,0.30136,1.23836
1082,990.6,11608121,741725,0.49,0.298,13850,10918,14597,0.01652084,0,0,0.0662,0.1262,0.2604,0.0376,0.01142,0.28589,0.13975,-0.0061,0.33067,1.17909
1083,991.4,11619110,742388,0.535,0.297,13215,10989,14704,0.01651756,0,0,0.0697,0.12,0.2696,0.0757,0.01262,0.28341,0.12619,-0.00821,0.30693,1.15421
1084,992.2,11630150,743034,0.494,0.297,13964,11040,14750,0.01651427,0,0,0.0653,0.1266,0.265,0.0368,0.0112,0.28502,0.12632,-0.0073,0.30564,1.16225
1085,993.0,11641086,743697,0.477,0.3,14060,10936,14631,0.01651096,0,0,0.0645,0.1178,0.2586,0.0366,0.01154,0.28789,0.12478,-0.01015,0.30723,1.13167
1086,993.9,11652040,744352,0.609,0.297,12086,10954,14663,0.01650767,0,0,0.0786,0.1525,0.2998,0.078,0.01217,0.28456,0.14288,-0.00764,0.33882,1.14404
1087,994.7,11663006,745009,0.49,0.297,13934,10966,14647,0.01650439,0,0,0.0679,0.1232,0.2615,0.0375,0.01128,0.28491,0.12661,-0.00744,0.30609,1.15086
1088,995.4,11673936,745670,0.489,0.297,13912,10930,14616,0.0165011,0,0,0.0681,0.1192,0.263,0.0387,0.01098,0.28504,0.12659,-0.0088,0.30896,1.15718
1089,996.2,11684864,746322,0.509,0.297,13557,10928,14624,0.01649782,0,0,0.0662,0.1147,0.2603,0.0679,0.01201,0.28441,0.13517,-0.00802,0.32462,1.15924
1090,997.1,11695782,746989,0.509,0.296,13563,10918,14582,0.01649454,0,0,0.0718,0.1308,0.2683,0.038,0.01142,0.28406,0.12417,-0.0104,0.30717,1.15286
1091,997.9,11706714,747641,0.538,0.296,13101,10932,14606,0.01649127,0,0,0.0714,0.15,0.2805,0.0364,0.01151,0.284,0.12417,-0.0094,0.3051,1.15061
1092,998.7,11717596,748297,0.544,0.299,12913,10882,14595,0.01648799,0,0,0.0675,0.1319,0.2759,0.0683,0.01125,0.2869,0.12858,-0.00592,0.30751,1.16778
1093,999.5,11728537,748959,0.515,0.298,13467,10941,14618,0.01648472,0,0,0.0666,0.1244,0.2692,0.0546,0.01217,0.28488,0.12363,-0.00869,0.302,1.13337
1094,1000.4,11739480,749611,0.518,0.297,13414,10943,14648,0.01648144,0,0,0.0711,0.1335,0.2763,0.0374,0.01179,0.28502,0.13135,-0.00974,0.32009,1.15005
1095,1001.2,11750420,750257,0.547,0.3,12922,10940,14621,0.01647816,0,0,0.0697,0.1295,0.273,0.0744,0.01162,0.28771,0.11653,-0.01063,0.29248,1.15754
1096,1002.0,11761334,750914,0.526,0.315,12963,10914,14590,0.01647487,0,0,0.068,0.1365,0.2728,0.0491,0.01242,0.30237,0.12473,-0.00845,0.30336,1.12282
1097,1002.9,11772216,751571,0.517,0.313,13121,10882,14555,0.0164716,0,0,0.0699,0.1344,0.2758,0.0365,0.01179,0.29986,0.12205,-0.00862,0.29849,1.1279
1098,1003.8,11783148,752220,0.585,0.319,12102,10932,14614,0.01646834,0,0,0.0748,0.1436,0.2974,0.069,0.01233,0.30553,0.12277,-0.00922,0.30192,1.15166
1099,1004.6,11794027,752881,0.564,0.301,12569,10879,14582,0.01646506,0,0,0.0763,0.1507,0.2945,0.0427,0.01227,0.28851,0.11142,-0.01027,0.28154,1.15835
1100,1005.5,11804945,753534,0.513,0.297,13485,10918,14619,0.01646179,0,0,0.0694,0.1324,0.2735,0.0377,0.01203,0.28396,0.10582,-0.00618,0.2629,1.18104
1101,1006.3,11815844,754201,0.565,0.309,12467,10899,14575,0.01645852,0,0,0.0681,0.1366,0.2766,0.0841,0.01259,0.29514,0.12411,-0.00926,0.30389,1.1287
1102,1007.3,11826794,754856,0.544,0.3,12968,10950,14627,0.01645525,0,0,0.0702,0.1429,0.281,0.0504,0.01185,0.28731,0.1056,-0.00726,0.26428,1.17154
1103,1008.1,11837730,755498,0.492,0.3,13807,10936,14615,0.01645196,0,0,0.0658,0.1244,0.2632,0.0386,0.01377,0.28552,0.11588,-0.00942,0.28914,1.17128
1104,1008.9,11848655,756160,0.506,0.296,13610,10925,14630,0.01644868,0,0,0.0642,0.1131,0.2573,0.0717,0.01084,0.28496,0.11141,-0.00821,0.27746,1.16179
1105,1009.6,11859602,756807,0.481,0.297,14062,10947,14640,0.0164454,0,0,0.0645,0.1179,0.2629,0.0359,0.01163,0.28516,0.10853,-0.00688,0.26874,1.15271
1106,1010.4,11870546,757484,0.498,0.309,13567,10944,14632,0.01644212,0,0,0.0682,0.1196,0.2685,0.0418,0.01189,0.29495,0.11646,-0.00894,0.28793,1.12898
1107,1011.3,11881465,758130,0.569,0.303,12521,10919,14618,0.01643884,0,0,0.0733,0.1363,0.2809,0.0782,0.01122,0.2915,0.11147,-0.00875,0.27722,1.11899
1108,1012.1,11892399,758783,0.503,0.303,13563,10934,14586,0.01643556,0,0,0.0667,0.1253,0.2713,0.0398,0.0113,0.29123,0.12257,-0.00779,0.2972,1.11022
1109,1013.0,11903300,759454,0.524,0.306,13128,10901,14589,0.01643228,0,0,0.0693,0.128,0.2812,0.0459,0.01184,0.29326,0.11171,-0.00864,0.2769,1.10163
1110,1013.9,11914213,760087,0.583,0.312,12188,10913,14575,0.01642901,0,0,0.073,0.1409,0.3024,0.0667,0.01358,0.29821,0.1174,-0.00827,0.28826,1.12353
1111,1014.8,11925128,760742,0.628,0.31,11638,10915,14608,0.01642574,0,0,0.0792,0.1589,0.313,0.077,0.01248,0.29634,0.12054,-0.00698,0.29289,1.15199
1112,1015.9,11936069,761382,0.814,0.308,9759,10941,14638,0.01642246,0,0,0.0813,0.1972,0.3234,0.2117,0.01154,0.29476,0.11309,-0.00769,0.27826,1.11718
1113,1016.9,11947032,762036,0.653,0.305,11444,10963,14635,0.01641918,0,0,0.0773,0.1377,0.2959,0.1424,0.01145,0.29245,0.11603,-0.00861,0.28607,1.12068
1114,1017.7,11957965,762689,0.553,0.304,12752,10933,14633,0.01641589,0,0,0.0722,0.1444,0.2886,0.0479,0.01165,0.29192,0.10715,-0.01068,0.27244,1.12046
1115,1018.6,11968846,763331,0.569,0.302,12489,10881,14583,0.01641261,0,0,0.0709,0.1388,0.2931,0.0667,0.01245,0.28869,0.10816,-0.00798,0.27005,1.15067
1116,1019.4,11979748,764003,0.505,0.305,13469,10902,14584,0.01640935,0,0,0.0677,0.1239,0.261,0.0521,0.01338,0.29015,0.11737,-0.00807,0.28744,1.11398
1117,1020.2,11990700,764645,0.513,0.297,13519,10952,14623,0.01640608,0,0,0.0693,0.1324,0.2691,0.0426,0.01169,0.28421,0.11251,-0.00622,0.27444,1.12682
1118,1021.0,12001574,765299,0.514,0.299,13379,10874,14559,0.01640279,0,0,0.0702,0.1199,0.2652,0.0583,0.01195,0.28671,0.14059,-0.00407,0.32543,1.10019
1119,1021.8,12012469,765958,0.483,0.296,13994,10895,14581,0.01639953,0,0,0.066,0.1184,0.2633,0.0349,0.01164,0.2837,0.12955,-0.0075,0.31089,1.12193
1120,1022.6,12023345,766612,0.49,0.299,13772,10876,14576,0.01639626,0,0,0.0649,0.1176,0.2672,0.0409,0.01146,0.28657,0.11502,-0.0089,0.28404,1.10391
1121,1023.4,12034206,767271,0.526,0.306,13057,10861,14555,0.016393,0,0,0.0657,0.1235,0.2649,0.0714,0.01153,0.29379,0.11679,-0.00961,0.28813,1.0781
1122,1024.2,12045105,767927,0.493,0.3,13739,10899,14607,0.01638974,0,0,0.0658,0.1183,0.2677,0.0412,0.01169,0.28783,0.10511,-0.00673,0.26023,1.11484
1123,1025.0,12056004,768570,0.496,0.297,13731,10899,14593,0.01638647,0,0,0.0673,0.123,0.2637,0.0425,0.01191,0.28475,0.1197,-0.0087,0.29333,1.11456
1124,1025.8,12066894,769229,0.518,0.295,13400,10890,14578,0.0163832,0,0,0.0653,0.1197,0.2567,0.076,0.01084,0.28357,0.11762,-0.00866,0.28849,1.09621
1125,1026.6,12077824,769869,0.45,0.295,14677,10930,14613,0.01637993,0,0,0.0622,0.1093,0.244,0.0341,0.01063,0.28387,0.1261,-0.00675,0.30255,1.12463
1126,1027.3,12088693,770524,0.42,0.301,15077,10869,14578,0.01637665,0,0,0.0595,0.0979,0.232,0.0304,0.01079,0.28969,0.10598,-0.00622,0.26144,1.13065
1127,1028.1,12099583,771170,0.468,0.296,14255,10890,14581,0.01637339,0,0,0.0591,0.1061,0.2426,0.0602,0.01184,0.28349,0.10597,-0.00931,0.26854,1.15928
1128,1028.8,12110443,771832,0.424,0.295,15100,10860,14543,0.01637013,0,0,0.0589,0.1021,0.233,0.0304,0.01106,0.28316,0.12009,-0.01013,0.29798,1.14625
1129,1029.5,12121315,772485,0.388,0.294,15959,10872,14586,0.01636687,0,0,0.0491,0.0889,0.2177,0.0319,0.01056,0.2823,0.12637,-0.00414,0.29889,1.15722
1130,1030.2,12132200,773138,0.42,0.293,15271,10885,14573,0.01636361,0,0,0.0542,0.0938,0.2261,0.0454,0.01081,0.28145,0.1196,-0.00773,0.29237,1.15236
1131,1030.8,12143076,773802,0.375,0.293,16294,10876,14562,0.01636034,0,0,0.049,0.0868,0.2132,0.0258,0.01085,0.28122,0.11407,-0.00908,0.28388,1.14849
1132,1031.5,12153928,774455,0.373,0.293,16304,10852,14520,0.01635708,0,0,0.0473,0.0843,0.2129,0.0282,0.01045,0.28187,0.11578,-0.00697,0.28298,1.14573
1133,1032.2,12164791,775136,0.44,0.295,14779,10863,14541,0.01635382,0,0,0.0573,0.1013,0.2317,0.0501,0.01116,0.2829,0.11507,-0.01058,0.28942,1.16587
1134,1033.0,12175635,775816,0.431,0.304,14755,10844,14521,0.01635056,0,0,0.0585,0.1033,0.2378,0.0317,0.01136,0.29146,0.12802,-0.00629,0.3051,1.11559
1135,1033.8,12186550,776487,0.491,0.298,13846,10915,14588,0.01634731,0,0,0.0641,0.1259,0.2629,0.0376,0.01231,0.28466,0.11159,-0.00921,0.27915,1.14837
1136,1034.5,12197411,777144,0.474,0.297,14086,10861,14553,0.01634403,0,0,0.0612,0.1097,0.2427,0.0603,0.0112,0.28532,0.11861,-0.00909,0.29239,1.1315
1137,1035.3,12208252,777814,0.451,0.296,14516,10841,14520,0.01634078,0,0,0.0619,0.111,0.2431,0.0353,0.01069,0.28393,0.11865,-0.01064,0.29489,1.11137
1138,1036.0,12219080,778465,0.455,0.297,14393,10828,14508,0.01633752,0,0,0.0612,0.1141,0.2476,0.0321,0.01165,0.28502,0.12353,-0.01008,0.30344,1.10848
1139,1036.8,12229934,779133,0.465,0.296,14257,10854,14543,0.01633428,0,0,0.0592,0.0999,0.2364,0.0698,0.01147,0.28398,0.11656,-0.00883,0.28703,1.11022
1140,1037.6,12240795,779807,0.496,0.296,13721,10861,14575,0.01633102,0,0,0.0678,0.1297,0.2667,0.0318,0.01106,0.28386,0.11196,-0.00832,0.27702,1.11671
1141,1038.3,12251649,780476,0.448,0.294,14631,10854,14516,0.01632776,0,0,0.061,0.1122,0.2428,0.0317,0.01051,0.28306,0.11242,-0.01039,0.28207,1.11621
1142,1039.1,12262476,781151,0.453,0.295,14468,10827,14519,0.01632451,0,0,0.0584,0.1009,0.2311,0.0626,0.01139,0.28328,0.12844,-0.00606,0.30437,1.08351
1143,1039.8,12273279,781822,0.409,0.295,15354,10803,14494,0.01632126,0,0,0.0559,0.0982,0.225,0.0297,0.01127,0.28305,0.12008,-0.01091,0.29816,1.10841
1144,1040.5,12284075,782515,0.412,0.295,15276,10796,14468,0.01631802,0,0,0.0554,0.0965,0.2312,0.0289,0.01166,0.28242,0.12039,-0.0095,0.29575,1.10178
1145,1041.2,12294875,783184,0.447,0.296,14535,10800,14499,0.01631478,0,0,0.0569,0.1009,0.2369,0.0526,0.01105,0.28393,0.1307,-0.00862,0.31439,1.09562
1146,1042.0,12305693,783868,0.425,0.296,15006,10818,14507,0.01631154,0,0,0.0597,0.0986,0.2358,0.0306,0.01201,0.28362,0.139,-0.00751,0.32846,1.08679
1147,1042.7,12316469,784525,0.427,0.296,14899,10776,14468,0.01630829,0,0,0.0587,0.1033,0.2332,0.0322,0.01195,0.28327,0.1108,-0.01066,0.27929,1.11469
1148,1043.5,12327263,785178,0.469,0.303,13993,10794,14460,0.01630506,0,0,0.0599,0.1052,0.2403,0.0632,0.01132,0.29089,0.13681,-0.00634,0.32148,1.07885
1149,1044.2,12338060,785837,0.443,0.305,14447,10797,14460,0.01630182,0,0,0.0619,0.1074,0.2434,0.03,0.01099,0.29303,0.11238,-0.00815,0.27651,1.08746
1150,1045.0,12348903,786508,0.443,0.304,14525,10843,14537,0.01629858,0,0,0.0607,0.1045,0.2424,0.0352,0.01174,0.29131,0.13232,-0.00868,0.31779,1.09837
1151,1045.7,12359723,787163,0.46,0.308,14074,10820,14490,0.01629533,0,0,0.0613,0.1056,0.2377,0.0559,0.01136,0.2963,0.11445,-0.00706,0.27922,1.1106
1152,1046.5,12370560,787829,0.43,0.299,14884,10837,14500,0.01629208,0,0,0.0572,0.1014,0.2371,0.0339,0.01101,0.28687,0.12533,-0.00781,0.3022,1.10298
1153,1047.2,12381355,788500,0.425,0.303,14833,10795,14453,0.01628883,0,0,0.0568,0.105,0.2303,0.0331,0.01129,0.29069,0.12039,-0.00983,0.296,1.09163
1154,1048.0,12392192,789147,0.45,0.297,14514,10837,14527,0.01628559,0,0,0.0579,0.1034,0.2327,0.0556,0.01097,0.28558,0.11943,-0.00895,0.29229,1.09043
1155,1048.8,12403050,789817,0.478,0.308,13819,10858,14500,0.01628234,0,0,0.0635,0.1156,0.2492,0.0494,0.01119,0.29613,0.13295,-0.00632,0.31398,1.08796
1156,1049.6,12413860,790467,0.491,0.301,13662,10810,14482,0.01627908,0,0,0.0625,0.1191,0.2702,0.039,0.01179,0.28801,0.13794,-0.00832,0.32705,1.06068
1157,1050.3,12424715,791133,0.447,0.301,14521,10855,14511,0.01627584,0,0,0.0566,0.1003,0.2284,0.0617,0.01066,0.28895,0.11863,-0.00635,0.28436,1.05661
1158,1051.1,12435541,791786,0.436,0.294,14828,10826,14498,0.01627259,0,0,0.0597,0.1018,0.2423,0.0322,0.01101,0.28265,0.12904,-0.00512,0.30461,1.11503
1159,1051.8,12446400,792453,0.423,0.303,14959,10859,14520,0.01626934,0,0,0.059,0.102,0.2302,0.0316,0.01064,0.29169,0.12434,-0.0088,0.30112,1.07078
1160,1052.5,12457232,793130,0.462,0.296,14304,10832,14485,0.01626608,0,0,0.0595,0.1004,0.2376,0.0643,0.0116,0.28333,0.12814,-0.00998,0.30955,1.02382
1161,1053.2,12468080,793790,0.415,0.297,15232,10848,14518,0.01626283,0,0,0.0571,0.0998,0.2275,0.0303,0.01086,0.28597,0.12407,-0.006,0.29551,1.08765
1162,1054.0,12478911,794461,0.428,0.296,14956,10831,14504,0.01625958,0,0,0.0568,0.1034,0.2363,0.0313,0.01041,0.28543,0.13315,-0.00643,0.31436,1.08253
1163,1054.7,12489767,795132,0.418,0.294,15248,10856,14521,0.01625633,0,0,0.0555,0.0982,0.2246,0.0395,0.0106,0.28306,0.14186,-0.00546,0.32854,1.04232
1164,1055.4,12500661,795796,0.41,0.295,15442,10894,14573,0.01625307,0,0,0.0547,0.0987,0.2245,0.0324,0.01134,0.28334,0.1256,-0.00848,0.30289,1.06831
1165,1056.1,12511496,796451,0.405,0.293,15519,10835,14518,0.0162498,0,0,0.0549,0.0952,0.2266,0.0285,0.01063,0.28175,0.12278,-0.00694,0.29549,1.10906
1166,1056.8,12522342,797109,0.443,0.299,14620,10846,14513,0.01624655,0,0,0.0576,0.0995,0.2341,0.0521,0.01166,0.28622,0.11961,-0.00788,0.29102,1.10888
1167,1057.6,12533240,797778,0.45,0.297,14589,10898,14574,0.0162433,0,0,0.0599,0.1116,0.2459,0.0328,0.01089,0.28527,0.13364,-0.00918,0.32145,1.10255
1168,1058.3,12544091,798428,0.403,0.295,15550,10851,14497,0.01624003,0,0,0.054,0.094,0.2243,0.0308,0.01096,0.28319,0.13002,-0.00748,0.31119,1.114
1169,1059.0,12554943,799088,0.446,0.302,14508,10852,14536,0.01623677,0,0,0.0553,0.0985,0.2322,0.0604,0.01106,0.29006,0.128,-0.00934,0.3107,1.10957
1170,1059.8,12565798,799761,0.433,0.299,14829,10855,14515,0.01623352,0,0,0.058,0.1036,0.2396,0.0317,0.01064,0.28755,0.14454,-0.00703,0.33863,1.09294
1171,1060.5,12576617,800433,0.422,0.311,14760,10819,14461,0.01623026,0,0,0.0574,0.1004,0.233,0.0316,0.01138,0.29852,0.13187,-0.00697,0.31258,1.07485
1172,1061.2,12587446,801110,0.451,0.296,14498,10829,14513,0.01622701,0,0,0.0582,0.0981,0.2316,0.0634,0.01127,0.28351,0.12929,-0.00837,0.31029,1.07777
1173,1062.0,12598295,801754,0.427,0.298,14965,10849,14528,0.01622377,0,0,0.0592,0.101,0.236,0.0305,0.01068,0.28699,0.1281,-0.00763,0.30717,1.10059
1174,1062.7,12609150,802424,0.443,0.297,14670,10855,14556,0.01622051,0,0,0.0599,0.1058,0.2423,0.035,0.01097,0.28534,0.1184,-0.01076,0.29406,1.10211
1175,1063.4,12619992,803077,0.43,0.296,14934,10842,14513,0.01621725,0,0,0.0561,0.1006,0.225,0.0478,0.01135,0.28449,0.12766,-0.01106,0.3123,1.07524
1176,1064.1,12630820,803746,0.411,0.299,15257,10828,14490,0.016214,0,0,0.0559,0.0978,0.2283,0.0291,0.01004,0.28794,0.12479,-0.00806,0.30068,1.07858
1177,1064.8,12641662,804425,0.41,0.3,15267,10842,14512,0.01621075,0,0,0.0568,0.0984,0.2263,0.029,0.01095,0.28812,0.12802,-0.0066,0.3033,1.05091
1178,1065.6,12652496,805101,0.447,0.302,14463,10834,14535,0.0162075,0,0,0.0575,0.0992,0.2314,0.0591,0.01218,0.28908,0.13207,-0.00881,0.31547,1.03994
1179,1066.4,12663363,805766,0.457,0.303,14292,10867,14534,0.01620425,0,0,0.0601,0.1118,0.251,0.0342,0.01158,0.29104,0.12218,-0.0088,0.29539,1.03201
1180,1067.1,12674177,806432,0.456,0.299,14326,10814,14501,0.01620099,0,0,0.0631,0.1147,0.2464,0.0318,0.01174,0.28648,0.12915,-0.00572,0.30255,1.01261
1181,1067.9,12685051,807093,0.5,0.305,13515,10874,14534,0.01619775,0,0,0.0682,0.1202,0.2504,0.0608,0.01128,0.29314,0.12491,-0.00642,0.29647,1.04322
1182,1068.7,12695904,807746,0.433,0.309,14625,10853,14533,0.01619448,0,0,0.0613,0.1021,0.2382,0.0312,0.01163,0.29703,0.1179,-0.0086,0.28734,1.0602
1183,1069.4,12706781,808397,0.426,0.299,15002,10877,14566,0.01619123,0,0,0.0598,0.0999,0.2325,0.0343,0.01005,0.28792,0.12881,-0.00683,0.30498,1.04077
1184,1070.2,12717665,809043,0.473,0.297,14153,10884,14543,0.01618797,0,0,0.0669,0.1086,0.2464,0.0506,0.01104,0.28458,0.1241,-0.00714,0.2961,1.03838
1185,1070.9,12728530,809692,0.461,0.296,14348,10865,14527,0.0161847,0,0,0.062,0.1071,0.2452,0.0469,0.01171,0.28385,0.11391,-0.00523,0.27207,1.04429
1186,1071.7,12739366,810352,0.495,0.314,13392,10836,14504,0.01618144,0,0,0.0672,0.1236,0.2657,0.0388,0.01177,0.30128,0.12842,-0.00586,0.3017,1.02427
1187,1072.6,12750255,810994,0.58,0.297,12417,10889,14548,0.01617819,0,0,0.0795,0.1454,0.296,0.0592,0.01118,0.28506,0.12838,-0.00627,0.30239,1.02277
1188,1073.4,12761136,811656,0.491,0.305,13664,10881,14571,0.01617492,0,0,0.0672,0.1233,0.2647,0.036,0.01149,0.29273,0.1285,-0.00837,0.30678,1.02112
1189,1074.3,12772055,812304,0.56,0.308,12584,10919,14603,0.01617166,0,0,0.0719,0.1516,0.2959,0.0405,0.01192,0.29513,0.13055,-0.00704,0.30803,1.01567
1190,1075.2,12782961,812961,0.594,0.304,12139,10906,14600,0.01616838,0,0,0.0728,0.146,0.297,0.0782,0.01062,0.29239,0.12944,-0.00588,0.30432,1.04172
1191,1076.0,12793831,813610,0.507,0.303,13431,10870,14564,0.01616511,0,0,0.0692,0.1314,0.2726,0.0335,0.01082,0.29107,0.12856,-0.00651,0.30338,1.02805
1192,1076.8,12804688,814250,0.536,0.303,12940,10857,14531,0.01616185,0,0,0.0754,0.1351,0.2828,0.0431,0.01132,0.29026,0.12423,-0.00913,0.30003,1.03064
1193,1077.8,12815585,814881,0.628,0.309,11627,10897,14583,0.01615859,0,0,0.0795,0.1515,0.3098,0.0873,0.01305,0.29521,0.1296,-0.00789,0.30843,1.03525
1194,1078.6,12826506,815542,0.496,0.304,13665,10921,14583,0.01615532,0,0,0.0665,0.1286,0.2705,0.03,0.01152,0.29147,0.11702,-0.00943,0.28636,1.03566
1195,1079.4,12837396,816179,0.588,0.298,12285,10890,14584,0.01615205,0,0,0.0756,0.1414,0.2748,0.0967,0.01123,0.28614,0.11815,-0.00588,0.28159,1.03787
1196,1080.3,12848322,816822,0.567,0.297,12647,10926,14608,0.01614878,0,0,0.0746,0.1507,0.2968,0.045,0.01123,0.28468,0.1312,-0.00887,0.31433,1.05813
1197,1081.1,12859269,817473,0.535,0.307,12998,10947,14649,0.0161455,0,0,0.0712,0.1413,0.2803,0.0427,0.01146,0.29457,0.1216,-0.00894,0.29582,1.07575
1198,1082.0,12870193,818112,0.574,0.299,12510,10924,14611,0.01614222,0,0,0.0733,0.1441,0.2868,0.0699,0.01199,0.28631,0.12759,-0.00579,0.3017,1.08213
1199,1083.0,12881127,818758,0.66,0.3,11387,10934,14627,0.01613894,0,0,0.0847,0.1888,0.3316,0.0554,0.01206,0.28691,0.11307,-0.00992,0.28125,1.09282
1200,1084.0,12892033,819390,0.675,0.301,11179,10906,14572,0.01613566,0,0,0.0851,0.1924,0.3339,0.0633,0.01198,0.28819,0.12682,-0.00713,0.30248,1.07092
1201,1085.3,12902985,820050,0.624,0.3,11854,10952,14634,0.01613239,0,0,0.0786,0.164,0.3047,0.0765,0.01249,0.28662,0.11592,-0.00657,0.28029,1.09484
1202,1086.5,12913902,820684,0.719,0.3,10710,10917,14589,0.0161291,0,0,0.0861,0.176,0.3586,0.0982,0.01268,0.28674,0.11509,-0.00893,0.28331,1.09395
1203,1087.4,12924827,821326,0.645,0.299,11576,10925,14610,0.01612583,0,0,0.0907,0.1827,0.3117,0.0601,0.01168,0.28593,0.11976,-0.00878,0.29214,1.08715
1204,1088.4,12935737,821980,0.686,0.301,11059,10910,14583,0.01612255,0,0,0.0921,0.1959,0.3385,0.0593,0.01257,0.28731,0.11846,-0.00801,0.28731,1.06592
1205,1089.4,12946679,822644,0.744,0.302,10461,10942,14611,0.01611928,0,0,0.0999,0.1821,0.341,0.1211,0.0125,0.28831,0.11883,-0.00811,0.28901,1.09006
1206,1090.6,12957603,823286,0.836,0.302,9599,10924,14604,0.016116,0,0,0.1059,0.2629,0.3776,0.0894,0.01191,0.28948,0.13511,-0.01076,0.32676,1.08594
1207,1091.6,12968520,823919,0.71,0.3,10808,10917,14599,0.01611272,0,0,0.0912,0.1635,0.3308,0.1241,0.01235,0.28687,0.1171,-0.00923,0.28738,1.07729
1208,1092.6,12979431,824596,0.733,0.316,10405,10911,14579,0.01610944,0,0,0.084,0.1884,0.3826,0.0777,0.0129,0.30167,0.11346,-0.00978,0.28217,1.1081
1209,1093.6,12990369,825265,0.635,0.302,11674,10938,14615,0.01610617,0,0,0.0841,0.1624,0.3168,0.0714,0.01237,0.28936,0.12721,-0.00845,0.30615,1.08126
1210,1094.5,13001232,825940,0.596,0.31,11992,10863,14521,0.01610289,0,0,0.0772,0.1519,0.3052,0.0614,0.01218,0.29744,0.11739,-0.01007,0.29058,1.10724
1211,1095.3,13012129,826603,0.539,0.308,12863,10897,14582,0.01609963,0,0,0.0761,0.142,0.2841,0.0368,0.01275,0.29436,0.10881,-0.00978,0.27254,1.09851
1212,1096.2,13023064,827266,0.578,0.307,12355,10935,14597,0.01609636,0,0,0.0695,0.1413,0.2857,0.0813,0.012,0.29459,0.12218,-0.01077,0.30128,1.09924
1213,1097.1,13033919,827926,0.538,0.311,12788,10855,14519,0.01609308,0,0,0.073,0.1418,0.284,0.0393,0.01153,0.29863,0.11924,-0.00948,0.29293,1.10265
1214,1097.9,13044828,828578,0.512,0.306,13340,10909,14579,0.01608982,0,0,0.069,0.1312,0.2737,0.0381,0.01197,0.29298,0.11208,-0.00912,0.27902,1.13813
1215,1098.7,13055777,829237,0.552,0.296,12912,10949,14618,0.01608655,0,0,0.0736,0.1386,0.2684,0.0712,0.01108,0.28446,0.1172,-0.01156,0.294,1.13333
1216,1099.5,13066642,829892,0.507,0.302,13430,10865,14551,0.01608327,0,0,0.0692,0.1336,0.2685,0.0353,0.01091,0.29062,0.11769,-0.01078,0.29299,1.1208
1217,1100.3,13077497,830556,0.478,0.303,13897,10855,14528,0.01608001,0,0,0.066,0.122,0.2556,0.0349,0.01067,0.29088,0.11847,-0.00858,0.29002,1.11706
1218,1101.1,13088364,831210,0.519,0.301,13243,10867,14542,0.01607675,0,0,0.0686,0.1214,0.2648,0.0643,0.01109,0.28974,0.11399,-0.00929,0.28255,1.11971
1219,1101.9,13099229,831879,0.488,0.303,13746,10865,14539,0.01607349,0,0,0.0645,0.1206,0.2625,0.0402,0.01171,0.29004,0.1235,-0.00948,0.30143,1.10366
1220,1102.7,13110068,832539,0.478,0.304,13864,10839,14532,0.01607023,0,0,0.0644,0.1193,0.2605,0.0333,0.01163,0.29178,0.11824,-0.00738,0.28694,1.11075
1221,1103.6,13120921,833207,0.554,0.302,12675,10853,14526,0.01606698,0,0,0.0686,0.1268,0.2754,0.0832,0.01206,0.28967,0.11948,-0.01066,0.29491,1.07739
1222,1104.3,13131768,833879,0.478,0.303,13883,10847,14515,0.01606372,0,0,0.0671,0.124,0.249,0.038,0.01117,0.29148,0.12561,-0.00862,0.30244,1.0572
1223,1105.1,13142638,834540,0.479,0.302,13917,10870,14548,0.01606047,0,0,0.0655,0.1192,0.2572,0.0367,0.01144,0.29014,0.1313,-0.00828,0.31321,1.06013
1224,1105.9,13153494,835231,0.505,0.303,13445,10856,14537,0.01605721,0,0,0.0667,0.1148,0.2596,0.0635,0.01111,0.2911,0.12876,-0.00893,0.30985,1.07328
1225,1106.7,13164322,835902,0.466,0.302,14095,10828,14500,0.01605395,0,0,0.0637,0.1163,0.2525,0.0335,0.01096,0.29069,0.11805,-0.00961,0.28986,1.07579
1226,1107.5,13175159,836583,0.472,0.302,14000,10837,14511,0.0160507,0,0,0.0646,0.1195,0.2555,0.0321,0.01087,0.29072,0.12876,-0.00455,0.30089,1.06762
1227,1108.3,13186012,837267,0.506,0.301,13442,10853,14507,0.01604745,0,0,0.0627,0.1226,0.2567,0.0643,0.01116,0.289,0.12524,-0.00795,0.30071,1.06995
1228,1109.0,13196871,837947,0.462,0.3,14252,10859,14541,0.0160442,0,0,0.0642,0.1155,0.2524,0.0295,0.01097,0.28876,0.12097,-0.00939,0.29562,1.0876
1229,1109.9,13207725,838614,0.536,0.304,12918,10854,14526,0.01604094,0,0,0.0717,0.1334,0.2857,0.0451,0.01168,0.29208,0.12933,-0.00751,0.30849,1.08505
1230,1110.7,13218620,839297,0.529,0.303,13102,10895,14568,0.01603768,0,0,0.0699,0.1305,0.272,0.0563,0.01124,0.291,0.12724,-0.00695,0.30322,1.08644
1231,1111.5,13229509,839974,0.5,0.306,13519,10889,14556,0.01603441,0,0,0.0678,0.1273,0.2669,0.0377,0.01263,0.29231,0.12426,-0.01159,0.30618,1.07589
1232,1112.3,13240386,840644,0.491,0.304,13688,10877,14534,0.01603115,0,0,0.0666,0.1238,0.2622,0.0379,0.01175,0.29172,0.12186,-0.00773,0.29535,1.12803
1233,1113.2,13251242,841327,0.545,0.305,12775,10856,14538,0.01602788,0,0,0.0721,0.1294,0.2736,0.0699,0.0119,0.2922,0.11844,-0.0098,0.2919,1.10485
1234,1114.0,13262114,841988,0.528,0.306,13034,10872,14536,0.01602463,0,0,0.0718,0.1315,0.2767,0.0477,0.01157,0.2942,0.11666,-0.00972,0.28889,1.12762
1235,1114.8,13272964,842666,0.524,0.299,13186,10850,14488,0.01602137,0,0,0.0697,0.1327,0.2832,0.0383,0.01153,0.28687,0.11992,-0.0102,0.29595,1.11446
1236,1115.6,13283849,843344,0.524,0.297,13263,10885,14546,0.01601811,0,0,0.0661,0.1342,0.2661,0.0577,0.01135,0.28463,0.1272,-0.00905,0.30802,1.1087
1237,1116.4,13294708,844023,0.482,0.309,13717,10859,14519,0.01601485,0,0,0.0652,0.1153,0.2607,0.0413,0.01197,0.29626,0.12,-0.00822,0.29207,1.11242
1238,1117.4,13305613,844695,0.606,0.306,11964,10905,14558,0.01601159,0,0,0.0782,0.1459,0.2921,0.0895,0.01181,0.29309,0.12012,-0.00893,0.29485,1.14816
1239,1118.2,13316448,845383,0.566,0.307,12409,10835,14480,0.01600832,0,0,0.0786,0.1515,0.2997,0.0359,0.01216,0.29472,0.12125,-0.00843,0.29612,1.14865
1240,1119.1,13327259,846057,0.546,0.302,12749,10811,14483,0.01600507,0,0,0.0747,0.1457,0.284,0.0416,0.0115,0.28991,0.11939,-0.01119,0.29845,1.16488
1241,1119.9,13338072,846742,0.545,0.308,12674,10813,14461,0.01600182,0,0,0.0688,0.1338,0.2718,0.0705,0.01405,0.29353,0.13274,-0.01021,0.32203,1.12903
1242,1120.8,13348924,847422,0.594,0.314,11948,10852,14522,0.01599858,0,0,0.0831,0.1574,0.3041,0.0492,0.01276,0.30078,0.12284,-0.01166,0.30662,1.17551
1243,1121.8,13359751,848101,0.616,0.312,11669,10827,14483,0.01599532,0,0,0.0849,0.1719,0.314,0.045,0.01173,0.29887,0.11857,-0.01173,0.2979,1.16637
1244,1122.6,13370569,848775,0.577,0.305,12269,10818,14465,0.01599207,0,0,0.0754,0.1392,0.2769,0.0853,0.01173,0.29252,0.11305,-0.01232,0.28788,1.16132
1245,1123.5,13381399,849441,0.543,0.301,12835,10830,14483,0.01598883,0,0,0.072,0.1438,0.2854,0.0417,0.0109,0.28931,0.12917,-0.01266,0.32004,1.13766
1246,1124.3,13392181,850126,0.478,0.296,13944,10782,14433,0.01598558,0,0,0.0666,0.1202,0.2559,0.0349,0.01183,0.28299,0.1168,-0.01008,0.29083,1.1595
1247,1125.1,13402964,850806,0.524,0.307,12977,10783,14440,0.01598235,0,0,0.0663,0.1161,0.2657,0.0755,0.0122,0.29402,0.12949,-0.00886,0.3135,1.1511
1248,1125.9,13413782,851468,0.482,0.297,13890,10818,14477,0.01597911,0,0,0.0642,0.119,0.2559,0.0424,0.01101,0.2856,0.12038,-0.00688,0.29049,1.1252
1249,1126.7,13424575,852159,0.478,0.3,13873,10793,14450,0.01597587,0,0,0.064,0.1187,0.2557,0.0398,0.01194,0.28725,0.12633,-0.01036,0.30958,1.13275
1250,1127.5,13435334,852836,0.502,0.296,13488,10759,14391,0.01597263,0,0,0.0657,0.1124,0.2516,0.0721,0.01157,0.28357,0.1209,-0.01245,0.30271,1.12755
1251,1128.3,13446086,853523,0.545,0.303,12691,10752,14419,0.0159694,0,0,0.07,0.1325,0.2775,0.0646,0.01105,0.29088,0.12765,-0.01085,0.31412,1.16272
1252,1129.1,13456815,854221,0.51,0.3,13260,10729,14387,0.01596617,0,0,0.0643,0.1237,0.2492,0.0724,0.01135,0.28738,0.12473,-0.00873,0.30302,1.13035
1253,1130.0,13467659,854902,0.502,0.309,13377,10844,14506,0.01596296,0,0,0.0672,0.1201,0.2621,0.0525,0.01186,0.29587,0.13177,-0.00752,0.31422,1.11638
1254,1130.8,13478420,855589,0.53,0.303,12931,10761,14421,0.0159597,0,0,0.073,0.1313,0.2837,0.0416,0.0115,0.29025,0.12002,-0.00896,0.29391,1.12615
1255,1131.6,13489222,856278,0.49,0.304,13610,10802,14454,0.01595647,0,0,0.0667,0.1199,0.2695,0.0336,0.0115,0.29172,0.11359,-0.0089,0.28061,1.11601
1256,1132.4,13500007,856954,0.507,0.296,13423,10785,14433,0.01595323,0,0,0.0653,0.1289,0.2558,0.0571,0.01154,0.28397,0.13132,-0.00934,0.31721,1.12446
1257,1133.2,13510849,857638,0.486,0.295,13898,10842,14494,0.01595,0,0,0.0672,0.1245,0.2609,0.033,0.01034,0.28368,0.12974,-0.00911,0.31343,1.12025
1258,1134.0,13521694,858309,0.517,0.298,13306,10845,14473,0.01594675,0,0,0.0677,0.1297,0.2812,0.0383,0.01183,0.28569,0.11986,-0.01063,0.29587,1.0939
1259,1134.8,13532569,858990,0.511,0.294,13522,10875,14516,0.01594349,0,0,0.0685,0.1235,0.2607,0.058,0.01086,0.28216,0.1255,-0.00813,0.30196,1.08807
1260,1135.6,13543431,859659,0.453,0.3,14417,10862,14490,0.01594023,0,0,0.063,0.1116,0.248,0.0306,0.01088,0.28871,0.14165,-0.00656,0.33194,1.11416
1261,1136.3,13554255,860335,0.454,0.297,14407,10824,14474,0.01593697,0,0,0.0638,0.1114,0.2503,0.0288,0.01129,0.2851,0.14062,-0.01073,0.33847,1.1223
1262,1137.1,13565115,860992,0.478,0.3,13959,10860,14524,0.01593372,0,0,0.0646,0.1129,0.2522,0.0483,0.01134,0.28792,0.12392,-0.01106,0.30556,1.11693
1263,1137.9,13575967,861661,0.472,0.298,14082,10852,14496,0.01593047,0,0,0.0657,0.1203,0.2563,0.03,0.01084,0.2868,0.11704,-0.01084,0.29094,1.10387
1264,1138.6,13586809,862329,0.464,0.295,14289,10842,14478,0.01592721,0,0,0.0644,0.1172,0.2477,0.0345,0.01133,0.28302,0.12235,-0.0095,0.29953,1.12423
1265,1139.4,13597606,863000,0.485,0.295,13853,10797,14461,0.01592396,0,0,0.0606,0.1064,0.2471,0.0706,0.01084,0.28338,0.12886,-0.00896,0.31023,1.08623
1266,1140.2,13608443,863669,0.466,0.296,14225,10837,14505,0.01592072,0,0,0.0625,0.1157,0.2555,0.032,0.01098,0.28376,0.1353,-0.00879,0.32339,1.10583
1267,1141.0,13619273,864340,0.487,0.297,13804,10830,14464,0.01591747,0,0,0.0654,0.1177,0.2607,0.0436,0.01153,0.28483,0.1281,-0.01143,0.31403,1.09823
1268,1141.8,13630078,865024,0.527,0.295,13137,10805,14463,0.01591422,0,0,0.0654,0.1174,0.2713,0.073,0.01087,0.28376,0.13911,-0.00941,0.33177,1.09108
1269,1142.6,13640915,865707,0.466,0.295,14246,10837,14512,0.01591098,0,0,0.0627,0.1183,0.2494,0.0351,0.01058,0.28395,0.13558,-0.01062,0.32701,1.0876
1270,1143.4,13651746,866391,0.526,0.297,13158,10831,14507,0.01590773,0,0,0.074,0.1329,0.2773,0.0423,0.0112,0.28479,0.1442,-0.00995,0.34349,1.10605
1271,1144.3,13662578,867052,0.595,0.291,12226,10832,14471,0.01590448,0,0,0.0733,0.1504,0.2933,0.0779,0.01188,0.27829,0.1286,-0.0128,0.3183,1.11599
1272,1145.1,13673466,867738,0.532,0.293,13198,10888,14536,0.01590123,0,0,0.0727,0.1378,0.2847,0.0371,0.01154,0.27962,0.12232,-0.00982,0.29996,1.122
1273,1145.9,13684291,868390,0.548,0.29,12912,10825,14462,0.01589796,0,0,0.0713,0.1514,0.2898,0.0357,0.01102,0.27858,0.13322,-0.00983,0.32154,1.11457
1274,1146.8,13695076,869077,0.571,0.295,12449,10785,14414,0.01589471,0,0,0.0743,0.1469,0.2909,0.059,0.01111,0.28355,0.12439,-0.00824,0.3005,1.1082
1275,1147.6,13705853,869762,0.473,0.291,14092,10777,14434,0.01589148,0,0,0.0622,0.1201,0.2535,0.0376,0.01157,0.27889,0.13304,-0.00861,0.31836,1.10312
1276,1148.3,13716635,870412,0.499,0.292,13634,10782,14460,0.01588824,0,0,0.0635,0.1293,0.2703,0.0361,0.01117,0.27969,0.12029,-0.00923,0.29532,1.14131
1277,1149.2,13727438,871093,0.551,0.293,12793,10803,14473,0.01588501,0,0,0.0645,0.1391,0.2645,0.0833,0.01232,0.28009,0.1161,-0.01079,0.28918,1.11475
1278,1150.0,13738284,871765,0.496,0.293,13750,10846,14526,0.01588177,0,0,0.0683,0.1249,0.2602,0.0422,0.01176,0.28089,0.12518,-0.00903,0.3041,1.12358
1279,1150.8,13749036,872438,0.522,0.3,13091,10752,14427,0.01587851,0,0,0.0667,0.1272,0.2683,0.0594,0.01256,0.28635,0.12612,-0.01129,0.31029,1.11674
1280,1151.7,13759805,873110,0.57,0.298,12406,10769,14414,0.01587529,0,0,0.0699,0.1404,0.2883,0.0714,0.01149,0.28537,0.12605,-0.0075,0.30299,1.13029
1281,1152.6,13770621,873791,0.662,0.302,11212,10816,14477,0.01587206,0,0,0.0833,0.1827,0.3472,0.0489,0.01155,0.28993,0.13999,-0.00734,0.33142,1.15809
1282,1153.6,13781422,874441,0.632,0.304,11541,10801,14483,0.01586881,0,0,0.0797,0.1562,0.3018,0.0945,0.01275,0.28966,0.14519,-0.00855,0.3444,1.16369
1283,1154.5,13792209,875129,0.615,0.302,11764,10787,14441,0.01586557,0,0,0.0754,0.1468,0.3018,0.0909,0.01149,0.28999,0.13127,-0.00889,0.31593,1.12232
1284,1155.4,13802968,875804,0.591,0.302,12047,10759,14396,0.01586234,0,0,0.0685,0.149,0.2906,0.0829,0.01124,0.29014,0.12615,-0.00685,0.30159,1.12201
1285,1156.2,13813737,876488,0.546,0.303,12680,10769,14425,0.01585911,0,0,0.0737,0.138,0.2793,0.0553,0.01243,0.2898,0.12484,-0.01022,0.30647,1.14597
1286,1157.1,13824478,877169,0.567,0.302,12357,10741,14371,0.01585588,0,0,0.0691,0.137,0.2881,0.0731,0.01193,0.28912,0.11769,-0.01077,0.29337,1.14905
1287,1158.0,13835227,877861,0.56,0.303,12450,10749,14417,0.01585266,0,0,0.0755,0.1452,0.2918,0.0473,0.01267,0.29,0.12839,-0.00737,0.30738,1.1311
1288,1158.8,13846022,878550,0.567,0.304,12396,10795,14446,0.01584943,0,0,0.0752,0.152,0.2858,0.0543,0.01288,0.29007,0.12523,-0.00997,0.30589,1.11941
1289,1159.8,13856767,879247,0.631,0.305,11477,10745,14385,0.01584619,0,0,0.0705,0.1452,0.2957,0.1194,0.01226,0.2922,0.13314,-0.00864,0.31803,1.0878
1290,1160.6,13867568,879929,0.548,0.316,12504,10801,14419,0.01584297,0,0,0.0745,0.1378,0.2957,0.0401,0.01147,0.30357,0.15487,-0.00917,0.363,1.10155
1291,1161.5,13878316,880620,0.559,0.316,12282,10748,14388,0.01583973,0,0,0.0733,0.1447,0.2722,0.0687,0.01175,0.3036,0.12987,-0.01184,0.31781,1.08569
1292,1162.3,13889076,881305,0.511,0.316,13007,10760,14402,0.01583651,0,0,0.0675,0.1191,0.2768,0.0478,0.01126,0.30404,0.14163,-0.00842,0.33503,1.10267
1293,1163.2,13899860,881993,0.514,0.316,13004,10784,14438,0.01583328,0,0,0.0689,0.1295,0.2768,0.0385,0.01175,0.30311,0.12772,-0.00653,0.303,1.08927
1294,1164.1,13910604,882685,0.564,0.317,12201,10744,14396,0.01583004,0,0,0.0691,0.1528,0.2767,0.065,0.01183,0.30449,0.12915,-0.00877,0.30932,1.05802
1295,1165.1,13921388,883367,0.681,0.319,10789,10784,14404,0.01582682,0,0,0.0932,0.177,0.345,0.0657,0.0122,0.30566,0.14107,-0.00906,0.33424,1.07342
1296,1166.1,13932170,884063,0.687,0.319,10721,10782,14422,0.01582358,0,0,0.0907,0.1914,0.3477,0.0573,0.01173,0.30585,0.13133,-0.00558,0.30815,1.08491
1297,1167.0,13942935,884749,0.656,0.318,11050,10765,14403,0.01582035,0,0,0.0831,0.1762,0.3304,0.0664,0.01261,0.30476,0.13159,-0.00893,0.31541,1.08588
1298,1168.0,13953672,885444,0.644,0.32,11141,10737,14385,0.01581712,0,0,0.0902,0.1749,0.3304,0.0487,0.0122,0.30633,0.13227,-0.00576,0.31031,1.08334
1299,1169.1,13964387,886131,0.73,0.321,10187,10715,14373,0.0158139,0,0,0.1025,0.1929,0.3273,0.1077,0.01265,0.30731,0.122,-0.00562,0.29075,1.12266
1300,1170.1,13975171,886827,0.683,0.322,10733,10784,14446,0.01581068,0,0,0.0923,0.1852,0.3498,0.0558,0.01181,0.30892,0.12458,-0.01028,0.30416,1.08942
1301,1171.1,13985882,887523,0.736,0.321,10132,10711,14349,0.01580745,0,0,0.0857,0.184,0.3238,0.1421,0.01178,0.3088,0.1166,-0.00987,0.28638,1.05823
1302,1172.3,13996618,888214,0.714,0.323,10356,10736,14379,0.01580424,0,0,0.0952,0.1928,0.3485,0.0772,0.01188,0.31002,0.11912,-0.00975,0.29104,1.05372
1303,1173.3,14007394,888902,0.731,0.323,10223,10776,14426,0.01580101,0,0,0.0936,0.1996,0.3386,0.0993,0.01204,0.30966,0.13142,-0.00896,0.31418,1.05761
1304,1174.5,14018199,889588,0.851,0.321,9219,10805,14417,0.01579778,0,0,0.0969,0.1945,0.3647,0.1953,0.01288,0.3068,0.13917,-0.0078,0.32836,1.08967
1305,1175.5,14028943,890271,0.674,0.319,10817,10744,14398,0.01579454,0,0,0.0825,0.1661,0.3266,0.0992,0.01196,0.30613,0.12413,-0.00876,0.30039,1.09575
1306,1176.4,14039706,890959,0.606,0.32,11625,10763,14404,0.01579132,0,0,0.0827,0.1555,0.3222,0.0457,0.01291,0.30602,0.13043,-0.01059,0.31626,1.08308
1307,1177.3,14050483,891649,0.6,0.319,11729,10777,14443,0.01578809,0,0,0.0842,0.1574,0.3078,0.0505,0.01312,0.30457,0.12664,-0.00914,0.30534,1.07028
1308,1178.4,14061262,892322,0.749,0.322,10073,10779,14376,0.01578486,0,0,0.0993,0.1836,0.3372,0.1284,0.0126,0.30792,0.12124,-0.0102,0.29671,1.07164
1309,1179.4,14072022,893012,0.666,0.32,10907,10760,14399,0.01578162,0,0,0.0904,0.1829,0.3464,0.0466,0.01335,0.30607,0.1394,-0.00868,0.32993,1.06979
1310,1180.3,14082802,893687,0.631,0.321,11331,10780,14415,0.01577839,0,0,0.0893,0.1725,0.3198,0.049,0.01239,0.30747,0.1171,-0.00964,0.28822,1.10094
1311,1181.3,14093594,894368,0.613,0.314,11642,10792,14433,0.01577516,0,0,0.0852,0.1597,0.3063,0.0622,0.01169,0.3009,0.1247,-0.00843,0.30201,1.13311
1312,1182.2,14104332,895052,0.601,0.321,11640,10738,14397,0.01577192,0,0,0.0801,0.1559,0.3121,0.0532,0.01165,0.30855,0.13101,-0.00819,0.31327,1.10519
1313,1183.1,14115147,895731,0.595,0.307,11997,10815,14448,0.0157687,0,0,0.0825,0.1624,0.3009,0.0488,0.01348,0.29252,0.11809,-0.00903,0.28939,1.11472
1314,1184.0,14125945,896415,0.634,0.309,11451,10798,14446,0.01576546,0,0,0.0805,0.1591,0.3219,0.0724,0.01222,0.2963,0.12974,-0.00654,0.3078,1.11737
1315,1185.0,14136762,897104,0.623,0.318,11488,10817,14482,0.01576222,0,0,0.0844,0.1617,0.3108,0.0665,0.01225,0.30492,0.1245,-0.00939,0.30357,1.13511
1316,1186.0,14147549,897792,0.658,0.319,11041,10787,14442,0.01575897,0,0,0.0847,0.1666,0.3133,0.0931,0.01252,0.30596,0.12993,-0.01112,0.31765,1.128
1317,1186.9,14158343,898471,0.614,0.304,11753,10794,14436,0.01575574,0,0,0.0858,0.1608,0.3172,0.0503,0.0119,0.29165,0.11769,-0.01107,0.29344,1.13998
1318,1187.8,14169138,899153,0.578,0.304,12228,10795,14469,0.0157525,0,0,0.0785,0.1533,0.3049,0.0417,0.01178,0.29209,0.12632,-0.00915,0.30706,1.14703
1319,1188.7,14179916,899830,0.603,0.299,11948,10778,14430,0.01574926,0,0,0.0743,0.1426,0.3064,0.0793,0.01196,0.28665,0.12744,-0.00665,0.30387,1.13312
1320,1189.5,14190740,900503,0.561,0.308,12458,10824,14457,0.01574603,0,0,0.0791,0.1479,0.2963,0.0381,0.01215,0.29459,0.1143,-0.00831,0.27983,1.0995
1321,1190.4,14201562,901199,0.552,0.306,12621,10822,14463,0.01574278,0,0,0.0753,0.1449,0.2892,0.0424,0.01142,0.29358,0.11285,-0.00834,0.2776,1.11867
1322,1191.2,14212338,901884,0.557,0.296,12636,10776,14419,0.01573953,0,0,0.0725,0.1291,0.2704,0.0848,0.01184,0.28342,0.13229,-0.0113,0.32175,1.09769
1323,1192.1,14223149,902562,0.521,0.296,13235,10811,14417,0.0157363,0,0,0.0735,0.141,0.2726,0.034,0.01068,0.28442,0.1229,-0.00916,0.29857,1.0948
1324,1192.8,14233911,903264,0.472,0.295,14019,10762,14432,0.01573306,0,0,0.0675,0.1166,0.2539,0.0344,0.01135,0.28345,0.1334,-0.00908,0.32024,1.12101
1325,1193.6,14244746,903961,0.462,0.298,14258,10835,14454,0.01572983,0,0,0.063,0.1053,0.245,0.0484,0.01156,0.2861,0.12967,-0.01168,0.31717,1.09551
1326,1194.4,14255532,904660,0.481,0.3,13808,10786,14428,0.01572658,0,0,0.0658,0.1148,0.2568,0.0435,0.01198,0.28738,0.13384,-0.00896,0.32038,1.1055
1327,1195.2,14266308,905370,0.541,0.305,12746,10776,14415,0.01572334,0,0,0.0692,0.1425,0.2834,0.0458,0.01096,0.29267,0.12523,-0.01141,0.30761,1.09141
1328,1196.1,14277075,906065,0.611,0.31,11689,10767,14408,0.01572011,0,0,0.0756,0.1377,0.2922,0.1053,0.01324,0.29614,0.13014,-0.00894,0.31215,1.08102
1329,1197.1,14287879,906789,0.626,0.304,11625,10804,14453,0.01571688,0,0,0.0769,0.1523,0.3108,0.0858,0.0121,0.29083,0.12628,-0.01192,0.30983,1.06316
1330,1197.9,14298701,907507,0.575,0.304,12317,10822,14472,0.01571364,0,0,0.0816,0.142,0.2913,0.0602,0.01148,0.29127,0.12969,-0.01099,0.31387,1.03452
1331,1198.8,14309538,908194,0.593,0.302,12108,10837,14459,0.01571039,0,0,0.0796,0.1405,0.2803,0.0929,0.01169,0.2894,0.13244,-0.00732,0.31278,1.05792
1332,1199.7,14320382,908911,0.575,0.305,12327,10844,14497,0.01570714,0,0,0.0763,0.1506,0.2868,0.0615,0.01215,0.29159,0.14546,-0.00833,0.34009,1.03431
1333,1200.6,14331163,909634,0.584,0.299,12209,10781,14442,0.01570389,0,0,0.0767,0.1518,0.2835,0.0723,0.01163,0.28616,0.12837,-0.00889,0.30669,1.02426
1334,1201.5,14341949,910345,0.567,0.299,12456,10786,14425,0.01570065,0,0,0.0717,0.1386,0.2901,0.0664,0.01207,0.28656,0.12842,-0.01134,0.312,1.03431
1335,1202.4,14352733,911051,0.533,0.297,12993,10784,14429,0.01569742,0,0,0.0725,0.1402,0.2769,0.0432,0.01092,0.28498,0.1291,-0.01132,0.31338,1.03671
1336,1203.2,14363499,911751,0.481,0.297,13836,10766,14421,0.01569418,0,0,0.0663,0.1177,0.2616,0.0354,0.01125,0.28501,0.12587,-0.00816,0.30057,1.03602
1337,1204.0,14374297,912476,0.554,0.297,12685,10798,14429,0.01569095,0,0,0.0699,0.1402,0.276,0.0678,0.0117,0.28506,0.12486,-0.00848,0.29825,1.00547
1338,1204.9,14385072,913194,0.523,0.299,13119,10775,14435,0.01568771,0,0,0.0747,0.1302,0.2778,0.0398,0.01166,0.28605,0.14545,-0.00772,0.33794,1.00762
1339,1205.7,14395808,913901,0.541,0.296,12822,10736,14398,0.01568448,0,0,0.0725,0.1451,0.2831,0.0403,0.0116,0.28405,0.12803,-0.01135,0.31113,1.03184
1340,1206.5,14406595,914599,0.539,0.297,12902,10787,14435,0.01568126,0,0,0.0657,0.1256,0.2657,0.082,0.01203,0.2845,0.1366,-0.00853,0.32259,1.03083
1341,1207.4,14417350,915289,0.577,0.303,12218,10755,14369,0.01567802,0,0,0.0792,0.1532,0.2992,0.0453,0.012,0.29048,0.13065,-0.01112,0.31614,1.03964
1342,1208.3,14428101,915992,0.578,0.321,11963,10751,14403,0.01567479,0,0,0.0759,0.1563,0.3028,0.0429,0.01259,0.30766,0.1324,-0.00943,0.3167,1.05343
1343,1209.2,14438878,916714,0.561,0.317,12265,10777,14438,0.01567157,0,0,0.0771,0.1269,0.2802,0.077,0.01068,0.30603,0.13897,-0.01,0.3309,1.05183
1344,1210.0,14449651,917399,0.493,0.319,13274,10773,14412,0.01566834,0,0,0.0672,0.1245,0.2667,0.0345,0.01156,0.30651,0.13025,-0.00815,0.30973,1.05117
1345,1210.8,14460464,918098,0.48,0.316,13597,10813,14456,0.0156651,0,0,0.0654,0.1163,0.262,0.036,0.01101,0.30322,0.1332,-0.01215,0.32437,1.07498
1346,1211.7,14471216,918799,0.557,0.321,12251,10752,14403,0.01566186,0,0,0.0744,0.1342,0.2689,0.0795,0.01124,0.30849,0.12479,-0.01158,0.30643,1.07547
1347,1212.5,14482030,919491,0.534,0.32,12663,10814,14440,0.01565864,0,0,0.0732,0.1329,0.2735,0.0542,0.01177,0.30767,0.12337,-0.00923,0.29928,1.08834
1348,1213.4,14492846,920174,0.559,0.321,12287,10816,14462,0.01565539,0,0,0.0748,0.1355,0.2986,0.0502,0.01281,0.30762,0.12924,-0.00928,0.31158,1.10336
1349,1214.3,14503666,920850,0.56,0.315,12357,10820,14456,0.01565215,0,0,0.0677,0.1349,0.276,0.0817,0.01126,0.30353,0.12472,-0.00655,0.29584,1.06405
1350,1215.1,14514495,921544,0.488,0.318,13433,10829,14512,0.0156489,0,0,0.0669,0.1217,0.2593,0.0405,0.01239,0.30434,0.11933,-0.01027,0.2926,1.06689
1351,1215.9,14525275,922235,0.507,0.318,13075,10780,14428,0.01564565,0,0,0.0732,0.1205,0.2724,0.0409,0.01234,0.30447,0.12589,-0.00962,0.30388,1.04968
1352,1216.9,14536070,922932,0.536,0.315,12677,10795,14453,0.01564242,0,0,0.0682,0.1312,0.2671,0.0697,0.01201,0.30256,0.12467,-0.00666,0.29616,1.07055
1353,1217.7,14546889,923638,0.509,0.318,13084,10819,14478,0.01563918,0,0,0.0682,0.1295,0.2663,0.0447,0.0119,0.30556,0.13516,-0.00369,0.31004,1.03367
1354,1218.6,14557677,924324,0.568,0.314,12227,10788,14433,0.01563593,0,0,0.074,0.1449,0.285,0.064,0.01056,0.30296,0.12943,-0.01015,0.31221,1.05691
1355,1219.5,14568465,925031,0.63,0.32,11366,10788,14451,0.0156327,0,0,0.0756,0.1504,0.309,0.0945,0.01188,0.30716,0.12346,-0.01184,0.3025,1.02045
1356,1220.4,14579273,925728,0.548,0.321,12428,10808,14484,0.01562946,0,0,0.0725,0.1432,0.2923,0.0405,0.01345,0.30718,0.12645,-0.0095,0.30493,1.05676
1357,1221.4,14590078,926415,0.729,0.321,10284,10805,14490,0.01562622,0,0,0.0845,0.1821,0.3693,0.0934,0.01584,0.30477,0.14289,-0.00712,0.33243,1.03706
1358,1222.3,14600896,927079,0.586,0.318,11956,10818,14475,0.01562298,0,0,0.0765,0.1528,0.305,0.0521,0.01403,0.30351,0.11689,-0.0103,0.286,1.01163
1359,1223.3,14611700,927780,0.623,0.316,11508,10804,14454,0.01561973,0,0,0.0803,0.183,0.3212,0.0387,0.01164,0.30335,0.13691,-0.00942,0.32513,1.03961
1360,1224.2,14622493,928467,0.609,0.315,11681,10793,14440,0.01561649,0,0,0.0742,0.1445,0.2993,0.091,0.01099,0.30316,0.12582,-0.01026,0.30399,1.01864
1361,1225.1,14633318,929149,0.59,0.318,11912,10825,14484,0.01561325,0,0,0.0801,0.1556,0.3042,0.0504,0.01184,0.30521,0.14208,-0.00731,0.33095,1.03023
1362,1226.0,14644122,929849,0.611,0.319,11614,10804,14485,0.01561,0,0,0.0837,0.1695,0.3152,0.0425,0.0118,0.3068,0.12959,-0.00962,0.31053,1.02852
1363,1227.0,14654941,930538,0.66,0.316,11085,10819,14480,0.01560676,0,0,0.088,0.1691,0.3139,0.0891,0.01144,0.30365,0.1219,-0.00986,0.29595,1.03919
1364,1228.0,14665807,931222,0.632,0.319,11417,10866,14504,0.01560352,0,0,0.0835,0.1699,0.3301,0.0488,0.01224,0.30635,0.13268,-0.00806,0.31345,1.02431
1365,1228.9,14676669,931916,0.622,0.315,11594,10862,14518,0.01560026,0,0,0.0962,0.1711,0.3058,0.0487,0.01115,0.30303,0.12164,-0.00752,0.29096,1.04609
1366,1229.9,14687498,932585,0.682,0.319,10817,10829,14506,0.015597,0,0,0.0869,0.1837,0.3276,0.0837,0.01126,0.307,0.1231,-0.00838,0.29643,1.07331
1367,1230.9,14698315,933251,0.639,0.318,11298,10817,14468,0.01559375,0,0,0.0965,0.1719,0.3235,0.0476,0.01173,0.30551,0.13275,-0.00643,0.31071,1.03712
1368,1231.8,14709173,933926,0.617,0.316,11641,10858,14540,0.01559051,0,0,0.0826,0.1567,0.3327,0.045,0.01139,0.30341,0.12971,-0.00604,0.30384,1.03719
1369,1232.8,14720023,934620,0.645,0.32,11245,10850,14517,0.01558725,0,0,0.0799,0.1652,0.3212,0.079,0.01251,0.30646,0.12059,-0.00561,0.28476,1.03855
1370,1233.6,14730842,935298,0.541,0.317,12619,10819,14446,0.01558399,0,0,0.0736,0.1517,0.2723,0.043,0.01108,0.30502,0.114,-0.00724,0.27547,1.05888
1371,1234.5,14741671,935963,0.507,0.319,13102,10829,14480,0.01558075,0,0,0.0709,0.1297,0.2709,0.036,0.01232,0.30597,0.13589,-0.00642,0.31672,1.03023
1372,1235.4,14752517,936660,0.599,0.315,11876,10846,14502,0.0155775,0,0,0.0736,0.145,0.3078,0.0723,0.01113,0.30248,0.11238,-0.00778,0.27228,1.02612
1373,1236.2,14763329,937346,0.509,0.317,13097,10812,14484,0.01557424,0,0,0.0695,0.1371,0.2647,0.0377,0.01174,0.30438,0.13894,-0.00925,0.32867,1.03688
1374,1237.0,14774245,938012,0.528,0.318,12902,10916,14577,0.015571,0,0,0.0711,0.1357,0.2817,0.0394,0.01163,0.30576,0.14155,-0.00662,0.32792,1.01425
1375,1237.9,14785094,938687,0.568,0.32,12224,10849,14512,0.01556773,0,0,0.0726,0.1486,0.2854,0.0612,0.01252,0.30641,0.12621,-0.00687,0.298,1.02297
1376,1238.8,14795992,939365,0.558,0.319,12422,10898,14568,0.01556447,0,0,0.0748,0.1452,0.2937,0.0443,0.01152,0.30683,0.12951,-0.00255,0.296,1.0239
1377,1239.7,14806892,940057,0.601,0.319,11845,10900,14568,0.0155612,0,0,0.0832,0.1658,0.3031,0.0491,0.01155,0.30654,0.11593,-0.00883,0.2815,1.0276
1378,1240.7,14817803,940723,0.631,0.321,11462,10911,14594,0.01555793,0,0,0.0833,0.1672,0.3077,0.0731,0.01192,0.30779,0.12083,-0.00649,0.28615,1.0127
1379,1241.6,14828724,941414,0.607,0.319,11798,10921,14589,0.01555466,0,0,0.0833,0.1615,0.3126,0.0492,0.01225,0.30579,0.12012,-0.00674,0.28469,0.99554
1380,1242.5,14839572,942099,0.587,0.316,12012,10848,14527,0.01555138,0,0,0.0777,0.1508,0.3134,0.0455,0.01214,0.30282,0.1204,-0.0082,0.28886,1.01761
1381,1243.5,14850454,942776,0.685,0.318,10850,10882,14538,0.01554813,0,0,0.0839,0.1857,0.3243,0.0908,0.01168,0.30589,0.11633,-0.00768,0.28026,1.0365
1382,1244.5,14861289,943468,0.664,0.32,11006,10835,14539,0.01554486,0,0,0.0838,0.1879,0.3362,0.0563,0.01303,0.30649,0.12365,-0.0087,0.29645,1.02171
1383,1245.5,14872143,944127,0.697,0.322,10647,10854,14513,0.01554161,0,0,0.1006,0.1979,0.3458,0.0531,0.01192,0.30902,0.1455,-0.00707,0.33577,0.98542
1384,1246.6,14883010,944808,0.752,0.321,10130,10867,14537,0.01553836,0,0,0.095,0.1999,0.3842,0.073,0.01297,0.30667,0.11683,-0.00854,0.28052,0.95792
1385,1247.7,14893869,945490,0.764,0.321,10004,10859,14537,0.0155351,0,0,0.0899,0.2039,0.3545,0.1162,0.01217,0.30766,0.12714,-0.00879,0.30278,0.99549
1386,1248.8,14904695,946184,0.795,0.323,9684,10826,14503,0.01553184,0,0,0.093,0.2184,0.3753,0.1084,0.015,0.30696,0.12375,-0.00846,0.29647,1.03166
1387,1249.9,14915525,946872,0.769,0.321,9933,10830,14494,0.01552859,0,0,0.0926,0.1967,0.3998,0.0801,0.01358,0.30677,0.11677,-0.00674,0.27848,1.01285
1388,1251.0,14926351,947551,0.84,0.319,9340,10826,14501,0.01552534,0,0,0.0955,0.2172,0.4014,0.1264,0.01158,0.30612,0.13387,-0.00589,0.31034,0.9926
1389,1252.1,14937194,948245,0.75,0.32,10134,10843,14492,0.01552209,0,0,0.0948,0.2121,0.3797,0.0631,0.01234,0.30698,0.12599,-0.00998,0.30313,1.00519
1390,1253.2,14948006,948923,0.767,0.325,9895,10812,14492,0.01551884,0,0,0.0959,0.2,0.3766,0.0947,0.01626,0.30798,0.12392,-0.00852,0.29533,0.98092
1391,1254.3,14958813,949609,0.791,0.319,9738,10807,14465,0.0155156,0,0,0.0933,0.2179,0.3905,0.0894,0.01211,0.30559,0.12377,-0.00888,0.29606,0.99142
1392,1255.5,14969614,950307,0.854,0.32,9199,10801,14473,0.01551236,0,0,0.1059,0.2395,0.394,0.1146,0.01208,0.30712,0.1213,-0.00808,0.28965,0.99575
1393,1256.5,14980416,950983,0.727,0.32,10311,10802,14497,0.01550912,0,0,0.0981,0.188,0.3669,0.0745,0.01232,0.30679,0.13116,-0.00848,0.31126,1.03122
1394,1257.7,14991209,951664,0.812,0.312,9598,10793,14467,0.01550588,0,0,0.104,0.207,0.3885,0.1127,0.0116,0.29972,0.13047,-0.00921,0.31061,1.00799
1395,1258.9,15002047,952351,0.88,0.308,9122,10838,14510,0.01550264,0,0,0.1021,0.2246,0.4412,0.1121,0.0115,0.29581,0.13319,-0.0089,0.31575,1.01822
1396,1260.0,15012924,953037,0.823,0.313,9576,10877,14544,0.01549939,0,0,0.1008,0.2068,0.3983,0.1174,0.01245,0.29923,0.13244,-0.00631,0.30883,1.01114
1397,1261.1,15023733,953714,0.767,0.32,9937,10809,14516,0.01549612,0,0,0.0999,0.217,0.3862,0.0643,0.01396,0.30541,0.10888,-0.00983,0.26985,1.04658
1398,1262.1,15034565,954403,0.727,0.32,10344,10832,14495,0.01549288,0,0,0.0936,0.1785,0.3575,0.0976,0.013,0.30605,0.1308,-0.00676,0.30742,1.04231
1399,1263.1,15045429,955075,0.667,0.32,11003,10864,14531,0.01548963,0,0,0.0953,0.1884,0.3337,0.05,0.01254,0.30659,0.13948,-0.00788,0.32732,1.05237
1400,1264.1,15056266,955744,0.657,0.322,11071,10837,14531,0.01548637,0,0,0.0867,0.1833,0.3354,0.052,0.01217,0.30788,0.12563,-0.00847,0.3004,1.03913
1401,1265.6,15067089,956432,0.714,0.32,10471,10823,14530,0.01548312,0,0,0.0927,0.193,0.3378,0.0905,0.01144,0.30772,0.1249,-0.00803,0.29807,1.04023
1402,1266.8,15077909,957114,0.73,0.323,10275,10820,14517,0.01547987,0,0,0.0939,0.1866,0.3592,0.0904,0.0124,0.30908,0.13954,-0.00655,0.32414,1.03192
1403,1267.9,15088726,957812,0.759,0.322,10009,10817,14508,0.01547663,0,0,0.0869,0.1928,0.3398,0.139,0.01235,0.30888,0.13783,-0.00943,0.32579,1.01036
1404,1268.8,15099541,958505,0.664,0.319,10996,10815,14501,0.01547338,0,0,0.0817,0.1842,0.3302,0.068,0.01131,0.30718,0.13075,-0.0081,0.30927,1.01973
1405,1269.8,15110415,959193,0.651,0.321,11185,10874,14561,0.01547014,0,0,0.0889,0.1846,0.3281,0.0496,0.01211,0.30808,0.12721,-0.00836,0.30263,1.01744
1406,1270.8,15121218,959872,0.694,0.321,10648,10803,14479,0.01546688,0,0,0.0871,0.1812,0.3396,0.0858,0.01275,0.30715,0.14221,-0.00883,0.33375,1.02391
1407,1271.8,15132046,960562,0.666,0.32,10982,10828,14511,0.01546363,0,0,0.0847,0.1816,0.3344,0.065,0.01244,0.30698,0.12908,-0.0106,0.31143,1.03657
1408,1272.8,15142869,961260,0.643,0.322,11221,10823,14510,0.01546039,0,0,0.0899,0.1679,0.3322,0.0526,0.01282,0.30831,0.12978,-0.00882,0.30862,1.01608
1409,1273.8,15153673,961943,0.686,0.322,10717,10804,14496,0.01545714,0,0,0.0949,0.1813,0.3277,0.0822,0.01138,0.30946,0.14484,-0.00852,0.33732,0.98941
1410,1274.7,15164503,962622,0.621,0.32,11513,10830,14520,0.0154539,0,0,0.0826,0.1697,0.3263,0.0425,0.01153,0.30704,0.13951,-0.0056,0.32171,1.01923
1411,1275.7,15175332,963310,0.673,0.323,10869,10829,14533,0.01545065,0,0,0.0884,0.1751,0.334,0.0754,0.01202,0.31082,0.12207,-0.0087,0.2924,0.99864
1412,1276.7,15186172,963987,0.622,0.321,11505,10840,14527,0.0154474,0,0,0.0818,0.1651,0.3245,0.0504,0.01139,0.30824,0.11999,-0.0083,0.28692,0.98188
1413,1277.6,15197015,964671,0.641,0.32,11283,10843,14556,0.01544415,0,0,0.0846,0.1729,0.3292,0.0546,0.01242,0.30641,0.12052,-0.00928,0.29102,1.01766
1414,1278.6,15207868,965348,0.695,0.322,10672,10853,14572,0.0154409,0,0,0.0923,0.1903,0.3352,0.0769,0.01191,0.30947,0.1251,-0.00837,0.29811,1.00964
1415,1279.6,15218713,966036,0.645,0.322,11218,10845,14558,0.01543764,0,0,0.0842,0.1668,0.3422,0.0519,0.01219,0.30835,0.13871,-0.00794,0.32409,0.99726
1416,1280.6,15229573,966723,0.634,0.322,11356,10860,14559,0.01543439,0,0,0.0837,0.1759,0.3253,0.0493,0.01186,0.30937,0.13805,-0.00657,0.32016,1.00159
1417,1281.6,15240419,967402,0.679,0.323,10827,10846,14552,0.01543113,0,0,0.0944,0.1714,0.3303,0.0827,0.01289,0.30925,0.137,-0.00818,0.32183,1.01974
1418,1282.6,15251265,968078,0.7,0.319,10639,10846,14544,0.01542787,0,0,0.0819,0.204,0.3431,0.0709,0.01216,0.30639,0.13516,-0.00689,0.31583,1.02883
1419,1283.6,15262091,968761,0.651,0.321,11143,10826,14542,0.01542462,0,0,0.0942,0.1768,0.3199,0.0601,0.01168,0.30806,0.12447,-0.00989,0.30049,1.03006
1420,1284.6,15272954,969423,0.684,0.323,10789,10863,14561,0.01542137,0,0,0.0874,0.1823,0.3292,0.0853,0.01173,0.31023,0.11615,-0.00862,0.28166,1.04131
1421,1285.5,15283844,970091,0.595,0.318,11929,10890,14585,0.01541811,0,0,0.0768,0.1568,0.318,0.0433,0.01162,0.30565,0.12023,-0.00843,0.28862,1.01457
1422,1286.5,15294722,970752,0.669,0.32,10999,10878,14578,0.01541485,0,0,0.0835,0.1744,0.3551,0.0564,0.01254,0.30633,0.13107,-0.00658,0.30579,0.98881
1423,1287.4,15305581,971441,0.609,0.317,11723,10859,14577,0.01541158,0,0,0.076,0.1533,0.2871,0.0926,0.01206,0.30436,0.12479,-0.00598,0.29324,1.02843
1424,1288.3,15316474,972101,0.571,0.319,12232,10893,14590,0.01540833,0,0,0.0747,0.1466,0.3016,0.0482,0.01069,0.30779,0.12051,-0.00784,0.28788,1.01194
1425,1289.2,15327315,972761,0.578,0.317,12114,10841,14553,0.01540506,0,0,0.0779,0.1528,0.3034,0.0437,0.01154,0.30501,0.11448,-0.00968,0.28073,1.05175
1426,1290.1,15338173,973446,0.594,0.317,11924,10858,14563,0.01540181,0,0,0.0763,0.1493,0.2937,0.0744,0.01224,0.30336,0.1292,-0.00771,0.3057,1.03451
1427,1291.1,15348997,974108,0.687,0.319,10760,10824,14531,0.01539855,0,0,0.0787,0.1609,0.3101,0.1372,0.01256,0.30509,0.13165,-0.00875,0.31348,1.0612
1428,1292.0,15359846,974764,0.56,0.318,12360,10849,14553,0.0153953,0,0,0.0711,0.1312,0.2727,0.0851,0.01194,0.30495,0.12615,-0.00979,0.30422,1.05046
1429,1292.8,15370762,975423,0.5,0.319,13318,10916,14623,0.01539205,0,0,0.0692,0.1244,0.2701,0.0364,0.01208,0.30673,0.11692,-0.01108,0.28869,1.06205
1430,1293.6,15381623,976087,0.488,0.315,13538,10861,14561,0.01538877,0,0,0.0659,0.1144,0.2696,0.0377,0.01083,0.30301,0.11838,-0.00755,0.28535,1.08757
1431,1294.5,15392541,976763,0.589,0.317,12053,10918,14602,0.01538551,0,0,0.0744,0.1359,0.2932,0.0858,0.01152,0.30429,0.1284,-0.00635,0.30243,1.07016
1432,1295.5,15403435,977422,0.697,0.321,10701,10894,14577,0.01538224,0,0,0.086,0.211,0.3283,0.0712,0.01196,0.30841,0.12544,-0.00635,0.2965,1.07025
1433,1296.6,15414278,978091,0.744,0.322,10169,10843,14529,0.01537897,0,0,0.092,0.1875,0.3831,0.0817,0.01172,0.30939,0.11603,-0.007,0.27925,1.07904
1434,1297.6,15425209,978779,0.658,0.323,11145,10931,14618,0.01537572,0,0,0.0868,0.1813,0.3343,0.0556,0.0147,0.30696,0.12591,-0.00856,0.3015,1.05923
1435,1298.5,15436087,979438,0.638,0.322,11331,10878,14572,0.01537244,0,0,0.086,0.1742,0.3315,0.0467,0.01193,0.30872,0.12767,-0.00711,0.30235,1.06654
1436,1299.6,15447011,980134,0.72,0.321,10493,10924,14609,0.01536917,0,0,0.0835,0.1892,0.3458,0.1013,0.01181,0.30841,0.13227,-0.00887,0.3158,1.09069
1437,1300.6,15457944,980793,0.664,0.321,11094,10933,14620,0.0153659,0,0,0.0936,0.1811,0.3399,0.0497,0.01139,0.30891,0.12379,-0.00889,0.29884,1.08956
1438,1301.6,15468850,981463,0.698,0.321,10696,10906,14599,0.01536262,0,0,0.0819,0.176,0.3269,0.1135,0.01123,0.30934,0.13466,-0.00733,0.31784,1.10203
1439,1302.6,15479769,982151,0.648,0.319,11286,10919,14596,0.01535934,0,0,0.0807,0.1662,0.3168,0.0844,0.01157,0.30704,0.12762,-0.00877,0.30612,1.08534
1440,1303.5,15490708,982831,0.607,0.321,11789,10939,14641,0.01535607,0,0,0.0843,0.1601,0.3115,0.0515,0.0128,0.30679,0.12267,-0.0102,0.29938,1.0955
1441,1304.5,15501607,983490,0.667,0.322,11023,10899,14571,0.01535279,0,0,0.0825,0.1741,0.335,0.0753,0.01185,0.30892,0.11392,-0.01111,0.2838,1.09913
1442,1305.5,15512516,984168,0.663,0.324,11050,10909,14605,0.01534952,0,0,0.0881,0.1714,0.323,0.0803,0.01195,0.3113,0.1296,-0.00821,0.30906,1.08977
1443,1306.5,15523380,984845,0.712,0.324,10481,10864,14522,0.01534625,0,0,0.0974,0.1875,0.3334,0.0941,0.01171,0.3114,0.12698,-0.00639,0.2999,1.08028
1444,1307.5,15534273,985528,0.713,0.324,10496,10893,14572,0.01534299,0,0,0.0849,0.184,0.3436,0.1008,0.01195,0.31167,0.1138,-0.00948,0.27893,1.05457
1445,1308.5,15545128,986220,0.632,0.323,11365,10855,14541,0.01533972,0,0,0.0925,0.1719,0.3176,0.0498,0.01152,0.3109,0.10696,-0.00793,0.26203,1.05181
1446,1309.5,15555972,986904,0.645,0.324,11194,10844,14531,0.01533646,0,0,0.0868,0.1654,0.31,0.0827,0.01303,0.30994,0.10967,-0.00993,0.27089,1.03364
1447,1310.4,15566872,987596,0.593,0.321,11920,10900,14580,0.01533321,0,0,0.0794,0.16,0.3087,0.0452,0.01175,0.30813,0.11201,-0.00968,0.27499,1.03069
1448,1311.3,15577739,988263,0.646,0.323,11212,10867,14548,0.01532994,0,0,0.0824,0.1702,0.3432,0.0503,0.01183,0.31037,0.11413,-0.00866,0.27748,1.04032
1449,1312.4,15588621,988952,0.702,0.316,10689,10882,14562,0.01532668,0,0,0.0876,0.1849,0.3316,0.0982,0.01266,0.3022,0.11595,-0.01055,0.28406,1.01322
1450,1313.4,15599503,989614,0.679,0.319,10900,10882,14575,0.01532341,0,0,0.0812,0.1832,0.3513,0.0636,0.01257,0.30551,0.12025,-0.00659,0.28586,1.05009
1451,1314.4,15610343,990268,0.711,0.316,10553,10840,14519,0.01532015,0,0,0.0922,0.1857,0.3352,0.0982,0.01178,0.30305,0.11735,-0.00891,0.28397,1.02595
1452,1315.4,15621177,990954,0.554,0.318,12436,10834,14523,0.0153169,0,0,0.0764,0.1522,0.2918,0.0332,0.01155,0.3047,0.11043,-0.00865,0.27064,1.05987
1453,1316.4,15632065,991613,0.678,0.319,10916,10888,14543,0.01531365,0,0,0.0889,0.1855,0.3532,0.0507,0.01277,0.30546,0.12171,-0.00846,0.29213,1.0377
1454,1317.4,15643000,992266,0.73,0.319,10426,10935,14607,0.01531038,0,0,0.0909,0.2039,0.3554,0.08,0.0133,0.30432,0.12013,-0.00799,0.28712,1.00837
1455,1318.4,15653865,992935,0.64,0.318,11334,10865,14538,0.0153071,0,0,0.0913,0.1687,0.3216,0.0588,0.01199,0.30537,0.12985,-0.0064,0.30412,1.03241
1456,1319.4,15664712,993617,0.691,0.319,10745,10847,14525,0.01530384,0,0,0.0866,0.1769,0.3336,0.0935,0.01255,0.30544,0.13149,-0.00607,0.30641,1.02247
1457,1320.3,15675557,994290,0.631,0.317,11443,10845,14509,0.01530059,0,0,0.0853,0.1741,0.3165,0.0549,0.0119,0.30375,0.12077,-0.00651,0.28558,1.01422
1458,1321.4,15686449,994942,0.736,0.317,10338,10892,14562,0.01529733,0,0,0.0883,0.1881,0.3558,0.104,0.01191,0.30476,0.11583,-0.00944,0.28216,1.03391
1459,1322.4,15697294,995610,0.648,0.314,11263,10845,14503,0.01529407,0,0,0.0941,0.1701,0.3191,0.065,0.01167,0.30203,0.11421,-0.00956,0.27998,1.06079
1460,1323.3,15708101,996270,0.642,0.316,11276,10807,14474,0.01529081,0,0,0.0858,0.1916,0.3168,0.0478,0.01203,0.30319,0.11611,-0.00586,0.27576,1.04071
1461,1324.3,15718956,996932,0.703,0.318,10640,10855,14525,0.01528757,0,0,0.0972,0.174,0.3251,0.1063,0.01221,0.3046,0.13856,-0.00846,0.32569,1.03501
1462,1325.4,15729771,997614,0.69,0.322,10684,10815,14477,0.01528431,0,0,0.0862,0.1905,0.3385,0.0746,0.01416,0.30683,0.12324,-0.00985,0.29676,1.00029
1463,1326.5,15740637,998282,0.804,0.315,9705,10866,14507,0.01528107,0,0,0.0966,0.2191,0.3933,0.0954,0.01215,0.30218,0.13049,-0.00971,0.31119,1.00788
1464,1327.5,15751518,998949,0.714,0.316,10555,10881,14552,0.01527781,0,0,0.0903,0.1962,0.3436,0.0842,0.01172,0.30389,0.12885,-0.00824,0.30565,1.02999
1465,1328.5,15762342,999628,0.676,0.323,10831,10824,14496,0.01527454,0,0,0.089,0.1822,0.3439,0.0611,0.01434,0.30751,0.12559,-0.00751,0.2968,1.00146
1466,1329.6,15773241,1000334,0.764,0.319,10065,10899,14588,0.0152713,0,0,0.0893,0.1851,0.3732,0.1161,0.0122,0.30596,0.14223,-0.00933,0.33391,1.00779
1467,1330.6,15784088,1001026,0.728,0.318,10368,10847,14521,0.01526803,0,0,0.0869,0.2052,0.3666,0.0696,0.01181,0.30522,0.13585,-0.00894,0.32017,1.00211
1468,1331.8,15794964,1001704,0.843,0.325,9314,10876,14523,0.01526477,0,0,0.1027,0.2185,0.4008,0.1213,0.01592,0.30754,0.12594,-0.00967,0.30131,0.98562
1469,1333.0,15805804,1002389,0.849,0.323,9249,10840,14527,0.01526151,0,0,0.1098,0.2389,0.4069,0.0932,0.01208,0.31009,0.14067,-0.00791,0.32698,0.97723
1470,1334.3,15816667,1003078,0.982,0.318,8354,10863,14523,0.01525826,0,0,0.0951,0.2984,0.4508,0.1377,0.01186,0.30559,0.12715,-0.00806,0.30007,0.97138
1471,1335.4,15827480,1003770,0.797,0.32,9678,10813,14503,0.015255,0,0,0.0936,0.2162,0.4159,0.0715,0.01188,0.30708,0.11244,-0.00814,0.27035,0.95654
1472,1336.6,15838347,1004450,0.895,0.331,8869,10867,14547,0.01525176,0,0,0.1006,0.2448,0.4165,0.1327,0.012,0.31782,0.12393,-0.00558,0.28843,0.96442
1473,1337.9,15849192,1005129,0.899,0.341,8747,10845,14526,0.0152485,0,0,0.1041,0.257,0.4203,0.1173,0.01337,0.32677,0.13907,-0.00886,0.32472,0.9467
1474,1339.1,15860025,1005822,0.935,0.329,8571,10833,14535,0.01524524,0,0,0.0974,0.2733,0.4174,0.1465,0.01348,0.31494,0.12322,-0.00881,0.2936,0.9688
1475,1340.3,15870895,1006487,0.872,0.33,9040,10870,14522,0.01524199,0,0,0.1079,0.2331,0.3989,0.1322,0.0122,0.31671,0.12304,-0.01,0.29601,0.98227
1476,1341.6,15881714,1007179,0.906,0.328,8764,10819,14526,0.01523873,0,0,0.095,0.2614,0.4373,0.1127,0.01201,0.31523,0.1268,-0.00948,0.30157,0.95227
1477,1342.7,15892566,1007875,0.792,0.331,9664,10852,14510,0.01523549,0,0,0.0998,0.2173,0.3687,0.1066,0.013,0.31641,0.11846,-0.00642,0.27917,0.96452
1478,1343.9,15903407,1008551,0.939,0.322,8598,10841,14526,0.01523223,0,0,0.115,0.2441,0.4242,0.1557,0.01204,0.30886,0.11911,-0.00851,0.28558,0.99614
1479,1345.0,15914217,1009211,0.738,0.313,10278,10810,14499,0.01522898,0,0,0.09,0.2048,0.3618,0.0817,0.0121,0.30051,0.11877,-0.00943,0.28606,0.97419
1480,1346.0,15925127,1009880,0.666,0.312,11157,10910,14601,0.01522573,0,0,0.085,0.1709,0.3259,0.0845,0.01134,0.29942,0.12625,-0.01065,0.30329,0.96887
1481,1347.0,15935992,1010556,0.669,0.311,11085,10865,14530,0.01522246,0,0,0.0844,0.1783,0.3609,0.0454,0.01225,0.29802,0.12328,-0.01043,0.29626,0.94728
1482,1347.9,15946858,1011207,0.639,0.312,11429,10866,14556,0.0152192,0,0,0.084,0.1731,0.3342,0.0476,0.01155,0.29921,0.11702,-0.00861,0.28086,0.97286
1483,1348.9,15957721,1011877,0.676,0.313,10990,10863,14553,0.01521594,0,0,0.0814,0.178,0.3276,0.0885,0.01262,0.29966,0.11835,-0.0093,0.28451,0.95983
1484,1349.8,15968582,1012544,0.597,0.313,11927,10861,14552,0.01521268,0,0,0.0766,0.1598,0.3102,0.0507,0.01152,0.30084,0.12878,-0.00827,0.30315,0.95496
1485,1350.7,15979459,1013229,0.62,0.313,11651,10877,14562,0.01520943,0,0,0.0899,0.1646,0.3123,0.0533,0.01191,0.30012,0.1102,-0.00908,0.26821,0.9748
1486,1351.7,15990320,1013899,0.618,0.315,11643,10861,14553,0.01520616,0,0,0.0788,0.1601,0.3145,0.0648,0.01115,0.30262,0.12846,-0.00764,0.30186,0.97578
1487,1352.6,16001202,1014585,0.602,0.313,11889,10882,14574,0.0152029,0,0,0.0828,0.1582,0.3057,0.0552,0.01228,0.30045,0.1261,-0.00987,0.30093,0.95341
1488,1353.5,16012065,1015268,0.603,0.313,11848,10863,14542,0.01519964,0,0,0.078,0.1602,0.3085,0.0568,0.01256,0.30006,0.12172,-0.0083,0.29051,1.00205
1489,1354.4,16022923,1015941,0.618,0.315,11638,10858,14552,0.01519638,0,0,0.0774,0.1586,0.3075,0.0746,0.01291,0.30107,0.11624,-0.00617,0.27558,1.01204
1490,1355.4,16033817,1016600,0.625,0.315,11589,10894,14569,0.01519312,0,0,0.0855,0.1718,0.3229,0.0448,0.01121,0.30175,0.12985,-0.00702,0.30442,1.01019
1491,1356.3,16044671,1017258,0.581,0.314,12132,10854,14540,0.01518985,0,0,0.0793,0.1545,0.3006,0.0465,0.01204,0.30074,0.12891,-0.00806,0.30495,1.02083
1492,1357.2,16055545,1017916,0.642,0.312,11400,10874,14552,0.0151866,0,0,0.0842,0.1713,0.3168,0.0699,0.01165,0.29927,0.11877,-0.00918,0.28651,1.00769
1493,1358.1,16066383,1018578,0.594,0.315,11929,10838,14512,0.01518334,0,0,0.0753,0.1649,0.3045,0.0489,0.01176,0.30227,0.12988,-0.01026,0.31105,1.01344
1494,1359.2,16077202,1019239,0.698,0.313,10709,10819,14474,0.01518009,0,0,0.0872,0.1836,0.3619,0.065,0.01187,0.29973,0.11974,-0.01036,0.29119,1.02082
1495,1360.2,16088021,1019895,0.68,0.328,10735,10819,14483,0.01517684,0,0,0.0796,0.1717,0.3566,0.0722,0.01243,0.31413,0.12006,-0.00972,0.29042,1.01627
1496,1361.1,16098872,1020570,0.653,0.323,11117,10851,14535,0.01517359,0,0,0.0922,0.1844,0.3219,0.0548,0.01227,0.3096,0.11617,-0.00891,0.28072,1.00716
1497,1362.1,16109662,1021235,0.596,0.324,11725,10790,14474,0.01517034,0,0,0.0832,0.166,0.304,0.0431,0.01327,0.30927,0.11507,-0.01101,0.28351,1.03331
1498,1363.0,16120502,1021897,0.663,0.326,10966,10840,14537,0.0151671,0,0,0.0818,0.1701,0.3211,0.0897,0.01262,0.31213,0.11699,-0.00914,0.28289,1.0102
1499,1364.0,16131352,1022562,0.616,0.325,11528,10850,14548,0.01516385,0,0,0.0814,0.1711,0.3138,0.0497,0.01252,0.31167,0.11763,-0.00825,0.28277,1.02239
1500,1365.0,16142189,1023239,0.654,0.323,11094,10837,14503,0.01516059,0,0,0.0821,0.1654,0.3116,0.0948,0.01136,0.31098,0.11419,-0.0095,0.27713,0.98104
1501,1365.9,16153031,1023914,0.6,0.32,11777,10842,14506,0.01515734,0,0,0.077,0.1617,0.3066,0.0551,0.0114,0.30785,0.11752,-0.00916,0.28379,1.00434
1502,1366.9,16163837,1024596,0.573,0.321,12094,10806,14454,0.01515409,0,0,0.0796,0.1479,0.2997,0.0457,0.01126,0.30835,0.12294,-0.00913,0.29446,1.00049
1503,1367.9,16174671,1025258,0.663,0.324,10978,10834,14510,0.01515085,0,0,0.0829,0.1631,0.3189,0.0981,0.01267,0.31022,0.11474,-0.00973,0.28104,1.05888
1504,1368.8,16185502,1025943,0.585,0.333,11797,10831,14492,0.0151476,0,0,0.0788,0.1498,0.3003,0.0562,0.01166,0.32044,0.11959,-0.0051,0.28033,1.02152
1505,1369.7,16196345,1026623,0.622,0.334,11338,10843,14499,0.01514435,0,0,0.081,0.1622,0.3178,0.0612,0.01252,0.32029,0.1314,-0.01015,0.3138,1.01362
1506,1370.8,16207178,1027297,0.723,0.333,10266,10833,14506,0.0151411,0,0,0.0914,0.1794,0.338,0.1137,0.01331,0.31811,0.11714,-0.01003,0.2854,1.02545
1507,1371.8,16217999,1027975,0.628,0.33,11298,10821,14503,0.01513785,0,0,0.085,0.1691,0.3217,0.0524,0.01112,0.3177,0.12139,-0.00696,0.28805,1.03576
1508,1372.7,16228855,1028647,0.643,0.329,11169,10856,14531,0.0151346,0,0,0.0907,0.1674,0.3199,0.0652,0.01188,0.31581,0.11335,-0.0088,0.27638,1.0601
1509,1373.7,16239677,1029337,0.664,0.333,10852,10822,14493,0.01513134,0,0,0.0868,0.1617,0.3328,0.0826,0.01316,0.3194,0.13044,-0.00693,0.30536,1.01166
1510,1374.7,16250547,1030000,0.597,0.327,11762,10870,14529,0.0151281,0,0,0.0827,0.1536,0.3127,0.0483,0.01195,0.31423,0.11741,-0.00766,0.28178,1.0459
1511,1375.6,16261394,1030667,0.652,0.32,11160,10847,14513,0.01512484,0,0,0.0783,0.1702,0.3012,0.1025,0.01165,0.30732,0.11463,-0.01044,0.28269,1.07635
1512,1376.5,16272233,1031330,0.576,0.319,12109,10839,14507,0.01512158,0,0,0.0786,0.1529,0.3005,0.0444,0.01159,0.30621,0.11993,-0.00917,0.29053,1.06907
1513,1377.5,16283048,1032000,0.631,0.319,11385,10815,14467,0.01511833,0,0,0.0852,0.173,0.3105,0.0622,0.01149,0.30691,0.11123,-0.01029,0.27523,1.06465
1514,1378.5,16293867,1032662,0.685,0.322,10752,10819,14490,0.01511509,0,0,0.0853,0.1803,0.3346,0.0844,0.01223,0.30831,0.11704,-0.008,0.28189,1.05196
1515,1379.5,16304681,1033337,0.656,0.321,11070,10814,14466,0.01511184,0,0,0.0849,0.1901,0.327,0.0542,0.0129,0.30701,0.11001,-0.01061,0.27256,1.03639
1516,1380.4,16315517,1033996,0.616,0.322,11559,10836,14485,0.0151086,0,0,0.0829,0.1698,0.3167,0.0462,0.01315,0.30761,0.10264,-0.00874,0.25535,1.07825
1517,1381.4,16326351,1034655,0.656,0.32,11098,10834,14493,0.01510534,0,0,0.0826,0.1756,0.3171,0.0809,0.01212,0.30697,0.1122,-0.00724,0.27046,1.04528
1518,1382.3,16337194,1035326,0.577,0.32,12086,10843,14523,0.01510209,0,0,0.0749,0.1512,0.291,0.0602,0.0125,0.30653,0.10875,-0.00973,0.26824,1.03569
1519,1383.2,16348015,1035996,0.605,0.321,11688,10821,14469,0.01509884,0,0,0.0809,0.1653,0.3145,0.0446,0.01115,0.30837,0.09967,-0.00737,0.24543,1.0382
1520,1384.1,16358833,1036650,0.595,0.313,11916,10818,14478,0.0150956,0,0,0.0757,0.1474,0.2981,0.0741,0.01195,0.29982,0.10302,-0.00756,0.25299,1.05465
1521,1385.0,16369655,1037314,0.554,0.311,12518,10822,14483,0.01509235,0,0,0.0739,0.1337,0.2985,0.0475,0.01093,0.29935,0.10802,-0.0107,0.26957,1.06427
1522,1385.8,16380469,1037976,0.507,0.308,13269,10814,14497,0.0150891,0,0,0.0683,0.1354,0.2619,0.041,0.01067,0.29722,0.10262,-0.01021,0.25763,1.05922
1523,1386.7,16391325,1038651,0.563,0.311,12424,10856,14517,0.01508586,0,0,0.0676,0.1376,0.2689,0.0885,0.01099,0.2995,0.10715,-0.00791,0.26265,1.07794
1524,1387.5,16402135,1039323,0.539,0.309,12741,10810,14474,0.0150826,0,0,0.0749,0.1359,0.2821,0.0461,0.01116,0.29735,0.11353,-0.00816,0.27516,1.05327
1525,1388.4,16413009,1039989,0.546,0.314,12646,10874,14502,0.01507936,0,0,0.0664,0.1221,0.2687,0.0892,0.01168,0.30107,0.11406,-0.00977,0.28035,1.08385
1526,1389.2,16423820,1040662,0.505,0.311,13260,10811,14465,0.0150761,0,0,0.0633,0.13,0.2711,0.0403,0.01166,0.29844,0.11131,-0.0104,0.27657,1.09875
1527,1390.0,16434648,1041335,0.495,0.313,13407,10828,14507,0.01507285,0,0,0.0673,0.1189,0.2735,0.0352,0.01175,0.30029,0.10894,-0.00896,0.26902,1.10209
1528,1390.9,16445432,1042000,0.565,0.311,12309,10784,14436,0.01506961,0,0,0.0703,0.1385,0.2773,0.0788,0.01121,0.2989,0.10967,-0.00847,0.26859,1.07185
1529,1391.7,16456223,1042682,0.494,0.312,13388,10791,14444,0.01506637,0,0,0.0668,0.1235,0.2616,0.0417,0.01252,0.29912,0.10617,-0.00904,0.26285,1.07626
1530,1392.5,16467022,1043359,0.514,0.318,12981,10799,14453,0.01506313,0,0,0.067,0.1272,0.2768,0.0426,0.01183,0.30581,0.10832,-0.01089,0.27117,1.08727
1531,1393.4,16477819,1044033,0.573,0.321,12080,10797,14454,0.01505989,0,0,0.0689,0.142,0.2757,0.086,0.01261,0.30799,0.09936,-0.01011,0.25203,1.09861
1532,1394.2,16488662,1044702,0.527,0.317,12846,10843,14521,0.01505665,0,0,0.0692,0.1375,0.2796,0.0409,0.01093,0.3053,0.10129,-0.00703,0.24952,1.09171
1533,1395.1,16499456,1045377,0.516,0.317,12951,10794,14465,0.0150534,0,0,0.0687,0.1336,0.2725,0.0415,0.01171,0.30482,0.1043,-0.00913,0.25959,1.08685
1534,1395.9,16510275,1046073,0.516,0.318,12981,10819,14469,0.01505016,0,0,0.0686,0.1206,0.2712,0.0553,0.01118,0.30591,0.11646,-0.01117,0.28727,1.06385
1535,1396.8,16521144,1046736,0.548,0.315,12584,10869,14533,0.01504692,0,0,0.0715,0.1341,0.2945,0.0481,0.01097,0.30374,0.11905,-0.00753,0.28587,1.08671
1536,1397.6,16531993,1047399,0.546,0.317,12572,10849,14497,0.01504366,0,0,0.0731,0.1432,0.2867,0.0434,0.01177,0.30371,0.12415,-0.01002,0.3003,1.06202
1537,1398.5,16542819,1048082,0.571,0.318,12180,10826,14488,0.0150404,0,0,0.0739,0.1419,0.2884,0.0668,0.01122,0.30559,0.11281,-0.00749,0.27238,1.05636
1538,1399.4,16553665,1048745,0.587,0.318,11993,10846,14492,0.01503715,0,0,0.0758,0.1497,0.3017,0.0595,0.01143,0.30533,0.128,-0.00868,0.3049,1.04919
1539,1400.3,16564525,1049421,0.567,0.335,12041,10860,14511,0.0150339,0,0,0.0793,0.1405,0.2985,0.0487,0.01249,0.32143,0.1262,-0.00859,0.30084,1.0397
1540,1401.3,16575352,1050106,0.587,0.331,11799,10827,14493,0.01503064,0,0,0.0752,0.1481,0.3021,0.0616,0.01236,0.3169,0.12112,-0.00878,0.29179,1.06441
1541,1402.1,16586176,1050790,0.51,0.33,12883,10824,14490,0.01502739,0,0,0.068,0.1197,0.2742,0.0482,0.01155,0.31776,0.1259,-0.01038,0.30469,1.06922
1542,1403.0,16597015,1051494,0.56,0.333,12148,10839,14497,0.01502415,0,0,0.075,0.1405,0.2815,0.0627,0.01242,0.31929,0.12511,-0.01185,0.30586,1.06281
1543,1403.8,16607853,1052168,0.496,0.33,13125,10838,14508,0.0150209,0,0,0.0707,0.1271,0.2634,0.0346,0.01181,0.31747,0.1182,-0.00972,0.28749,1.05368
1544,1404.7,16618668,1052831,0.518,0.331,12740,10815,14475,0.01501764,0,0,0.0728,0.1224,0.2794,0.0438,0.01149,0.31821,0.12864,-0.00799,0.30544,1.07156
1545,1405.6,16629525,1053519,0.559,0.331,12198,10857,14498,0.0150144,0,0,0.0701,0.1416,0.2841,0.0633,0.01294,0.31717,0.12233,-0.00759,0.29108,1.04057
1546,1406.3,16640387,1054193,0.477,0.318,13666,10862,14505,0.01501114,0,0,0.0627,0.1204,0.253,0.0411,0.01196,0.30515,0.13337,-0.00716,0.31185,1.02556
1547,1407.1,16651234,1054872,0.469,0.317,13804,10847,14517,0.01500788,0,0,0.0617,0.1109,0.2565,0.0397,0.01111,0.3049,0.11376,-0.00969,0.27865,1.05757
1548,1408.0,16662038,1055546,0.582,0.319,11994,10804,14437,0.01500463,0,0,0.0741,0.1385,0.2858,0.0835,0.01316,0.30488,0.11613,-0.008,0.27963,1.04507
1549,1408.9,16672839,1056232,0.566,0.32,12190,10801,14452,0.01500139,0,0,0.077,0.15,0.2964,0.0428,0.01424,0.30419,0.1179,-0.00784,0.2832,1.05748
1550,1409.8,16683634,1056906,0.584,0.311,12055,10795,14433,0.01499815,0,0,0.0811,0.1584,0.31,0.0346,0.0107,0.29992,0.11293,-0.00815,0.27311,1.03201
1551,1410.8,16694460,1057587,0.671,0.312,11015,10826,14475,0.01499491,0,0,0.0854,0.1836,0.3308,0.0711,0.01125,0.29994,0.11254,-0.00869,0.27422,1.05934
1552,1411.8,16705330,1058265,0.568,0.312,12354,10870,14533,0.01499166,0,0,0.0747,0.1485,0.2999,0.0446,0.01157,0.29987,0.12331,-0.00863,0.29491,1.03503
1553,1412.7,16716151,1058953,0.557,0.316,12407,10821,14475,0.0149884,0,0,0.0771,0.1445,0.2937,0.0413,0.01153,0.30333,0.12074,-0.00891,0.29126,1.06594
1554,1413.5,16726979,1059629,0.561,0.316,12342,10828,14478,0.01498515,0,0,0.0711,0.1348,0.2848,0.0702,0.01168,0.30357,0.1349,-0.00981,0.3204,1.03336
1555,1414.4,16737788,1060307,0.525,0.314,12880,10809,14477,0.01498191,0,0,0.0719,0.1316,0.2788,0.0427,0.01214,0.30152,0.12718,-0.00756,0.30059,1.03844
1556,1415.2,16748618,1061004,0.528,0.314,12859,10830,14507,0.01497866,0,0,0.0752,0.1309,0.2804,0.0412,0.01282,0.30083,0.13685,-0.00659,0.31698,1.00476
1557,1416.0,16759447,1061708,0.459,0.314,14014,10829,14485,0.01497541,0,0,0.0594,0.1052,0.2381,0.0562,0.01058,0.30255,0.13211,-0.00825,0.31107,1.0135
1558,1416.8,16770259,1062409,0.539,0.31,12725,10812,14483,0.01497217,0,0,0.0739,0.1441,0.2827,0.0387,0.01089,0.29877,0.1275,-0.00805,0.30092,0.9956
1559,1417.8,16781072,1063106,0.619,0.315,11583,10813,14476,0.01496892,0,0,0.0832,0.1668,0.3207,0.0481,0.01456,0.29909,0.12928,-0.00826,0.30563,1.02
1560,1418.8,16791888,1063788,0.684,0.312,10860,10816,14487,0.01496568,0,0,0.0873,0.1738,0.3361,0.0869,0.01182,0.29896,0.11593,-0.01004,0.28284,1.03251
1561,1419.8,16802714,1064468,0.687,0.314,10820,10826,14492,0.01496243,0,0,0.0847,0.1875,0.3595,0.0551,0.01239,0.3003,0.12468,-0.008,0.29588,1.02003
1562,1420.7,16813513,1065169,0.632,0.311,11456,10799,14435,0.01495919,0,0,0.0824,0.1694,0.3317,0.0485,0.01156,0.2985,0.13151,-0.00893,0.31118,1.01299
1563,1421.7,16824355,1065863,0.708,0.315,10599,10842,14523,0.01495595,0,0,0.0858,0.1842,0.3283,0.1094,0.01319,0.30065,0.12616,-0.00898,0.3006,1.01405
1564,1422.7,16835162,1066561,0.623,0.31,11581,10807,14473,0.01495269,0,0,0.0807,0.168,0.3265,0.0476,0.01226,0.29708,0.11494,-0.00911,0.27872,1.02369
1565,1423.6,16845943,1067242,0.567,0.313,12244,10781,14454,0.01494945,0,0,0.0756,0.1517,0.3022,0.0379,0.01135,0.30086,0.13552,-0.00939,0.31947,0.99203
1566,1424.5,16856802,1067935,0.648,0.323,11183,10859,14502,0.01494622,0,0,0.0795,0.159,0.3164,0.093,0.01229,0.30981,0.13537,-0.00819,0.317,0.99982
1567,1425.7,16867613,1068627,0.844,0.32,9286,10811,14483,0.01494296,0,0,0.0784,0.1511,0.3013,0.3131,0.01276,0.30621,0.12029,-0.00906,0.28784,0.97528
1568,1426.6,16878444,1069321,0.578,0.322,12044,10831,14513,0.01493972,0,0,0.0761,0.1434,0.2931,0.065,0.01202,0.30856,0.11935,-0.00798,0.28442,0.99592
1569,1427.5,16889266,1070023,0.595,0.32,11829,10822,14513,0.01493647,0,0,0.0895,0.1575,0.2956,0.0519,0.0117,0.30779,0.13072,-0.00994,0.31093,0.99164
1570,1428.5,16900114,1070715,0.64,0.321,11293,10848,14521,0.01493322,0,0,0.079,0.1736,0.3312,0.0561,0.01218,0.30766,0.11322,-0.00799,0.27241,1.00438
1571,1429.6,16910977,1071413,0.764,0.32,10019,10863,14512,0.01492997,0,0,0.0865,0.2284,0.3579,0.0915,0.01391,0.30505,0.13248,-0.00876,0.31221,0.99545
1572,1430.5,16921824,1072114,0.613,0.319,11643,10847,14515,0.01492671,0,0,0.0819,0.1656,0.326,0.0398,0.01062,0.30704,0.11477,-0.0094,0.27838,1.00574
1573,1431.4,16932679,1072804,0.592,0.32,11898,10855,14506,0.01492345,0,0,0.0792,0.1547,0.3049,0.0534,0.0128,0.30638,0.12481,-0.00672,0.29312,1.0072
1574,1432.3,16943505,1073485,0.609,0.336,11452,10826,14484,0.0149202,0,0,0.0825,0.1517,0.3001,0.0748,0.01146,0.32403,0.11488,-0.00877,0.27783,1.02287
1575,1433.3,16954336,1074150,0.582,0.337,11780,10831,14477,0.01491695,0,0,0.0795,0.1496,0.3024,0.0506,0.01143,0.32523,0.11899,-0.00722,0.28247,1.00693
1576,1434.2,16965194,1074811,0.582,0.336,11835,10858,14512,0.0149137,0,0,0.0766,0.1531,0.3018,0.0502,0.0129,0.32193,0.12624,-0.00829,0.29948,1.02036
1577,1435.1,16976050,1075480,0.541,0.336,12370,10856,14554,0.01491044,0,0,0.0704,0.1267,0.2752,0.069,0.01202,0.32348,0.12656,-0.00949,0.30239,1.01602
1578,1436.0,16986960,1076136,0.569,0.338,12034,10910,14570,0.01490718,0,0,0.0748,0.1436,0.293,0.0576,0.01237,0.32425,0.1135,-0.00856,0.27474,1.02666
1579,1436.9,16997847,1076788,0.564,0.332,12145,10887,14539,0.01490391,0,0,0.0785,0.1555,0.2905,0.0398,0.01091,0.3203,0.13106,-0.00869,0.31038,1.03591
1580,1437.8,17008714,1077446,0.588,0.317,12006,10867,14523,0.01490065,0,0,0.0718,0.1487,0.2908,0.0766,0.01234,0.30397,0.12769,-0.01105,0.30877,1.04976
1581,1438.6,17019526,1078103,0.543,0.315,12587,10812,14475,0.01489739,0,0,0.0746,0.1341,0.2857,0.0492,0.01135,0.30339,0.11949,-0.01028,0.29047,1.03869
1582,1439.5,17030382,1078770,0.533,0.318,12760,10856,14517,0.01489414,0,0,0.0726,0.1408,0.2815,0.0377,0.01114,0.30603,0.12293,-0.00932,0.29557,1.04322
1583,1440.4,17041258,1079432,0.572,0.31,12325,10876,14552,0.01489089,0,0,0.0706,0.1367,0.2924,0.0726,0.01191,0.29719,0.12963,-0.01027,0.31087,1.04311
1584,1441.2,17052131,1080114,0.547,0.311,12669,10873,14558,0.01488762,0,0,0.0712,0.1448,0.2775,0.0537,0.01191,0.29818,0.11923,-0.00994,0.28966,1.05144
1585,1442.2,17062968,1080768,0.642,0.309,11395,10837,14508,0.01488436,0,0,0.0827,0.1781,0.339,0.0425,0.01182,0.29606,0.11758,-0.00793,0.28185,1.0355
1586,1443.1,17073784,1081439,0.656,0.311,11183,10816,14476,0.01488111,0,0,0.0799,0.1614,0.3088,0.1058,0.01296,0.29735,0.11695,-0.01179,0.28884,1.05402
1587,1444.1,17084608,1082113,0.678,0.312,10928,10824,14509,0.01487786,0,0,0.0886,0.184,0.3465,0.0591,0.01282,0.29867,0.12726,-0.00806,0.30143,1.0346
1588,1445.2,17095438,1082796,0.782,0.312,9901,10830,14524,0.01487462,0,0,0.0919,0.1904,0.3993,0.1007,0.0115,0.29863,0.11381,-0.00825,0.27437,1.0168
1589,1446.3,17106302,1083457,0.739,0.314,10325,10864,14545,0.01487137,0,0,0.0853,0.2174,0.3686,0.0674,0.01283,0.29986,0.11797,-0.00606,0.27858,1.02551
1590,1447.4,17117129,1084105,0.792,0.315,9779,10827,14494,0.01486811,0,0,0.0921,0.2175,0.3929,0.0897,0.01505,0.29911,0.12368,-0.00994,0.29784,1.02904
1591,1448.4,17127987,1084786,0.74,0.313,10314,10858,14520,0.01486486,0,0,0.0898,0.2096,0.381,0.0595,0.01255,0.29959,0.11044,-0.00924,0.26945,1.01201
1592,1449.5,17138850,1085435,0.774,0.314,9983,10863,14537,0.0148616,0,0,0.0897,0.2269,0.3533,0.1042,0.01233,0.30065,0.10139,-0.00892,0.2511,1.02578
1593,1450.5,17149716,1086089,0.672,0.312,11039,10866,14530,0.01485835,0,0,0.0835,0.2062,0.3247,0.0578,0.01195,0.29936,0.12439,-0.01045,0.29992,1.01735
1594,1451.4,17160582,1086753,0.617,0.312,11698,10866,14525,0.01485509,0,0,0.0818,0.1638,0.3194,0.0521,0.01225,0.29831,0.12592,-0.00786,0.29782,1.01876
1595,1452.5,17171462,1087424,0.794,0.313,9833,10880,14545,0.01485183,0,0,0.087,0.1944,0.3868,0.1256,0.01206,0.29967,0.11907,-0.00699,0.28184,1.0004
1596,1453.5,17182330,1088098,0.623,0.311,11630,10868,14528,0.01484856,0,0,0.078,0.1697,0.3245,0.0512,0.01229,0.29788,0.12257,-0.00669,0.28937,1.03862
1597,1454.3,17193180,1088771,0.529,0.309,12946,10850,14527,0.0148453,0,0,0.0735,0.1396,0.2747,0.0416,0.01083,0.29705,0.1172,-0.00744,0.27994,1.03239
1598,1455.2,17204039,1089462,0.617,0.312,11690,10859,14521,0.01484205,0,0,0.0822,0.1496,0.3012,0.0841,0.01132,0.29924,0.10679,-0.00556,0.25514,1.02561
1599,1456.1,17214945,1090142,0.571,0.318,12266,10906,14581,0.01483879,0,0,0.0797,0.1547,0.2946,0.0418,0.01133,0.30606,0.12988,-0.00718,0.3047,1.03013
1600,1457.1,17225770,1090806,0.614,0.319,11602,10825,14480,0.01483552,0,0,0.0874,0.1644,0.3181,0.0441,0.01167,0.30662,0.1253,-0.00983,0.30145,1.0513
1601,1458.5,17236692,1091492,0.663,0.321,11098,10922,14582,0.01483227,0,0,0.0849,0.1728,0.3128,0.0923,0.01173,0.30878,0.11334,-0.01122,0.27945,1.02224
1602,1459.6,17247536,1092187,0.637,0.318,11359,10844,14536,0.01482899,0,0,0.0828,0.1784,0.3251,0.0506,0.01117,0.30559,0.13005,-0.00991,0.31135,1.05979
1603,1460.6,17258340,1092859,0.682,0.319,10787,10804,14471,0.01482574,0,0,0.085,0.1698,0.3164,0.111,0.01169,0.30696,0.12023,-0.01052,0.29293,1.06023
1604,1461.5,17269124,1093539,0.572,0.319,12106,10784,14486,0.0148225,0,0,0.0779,0.1559,0.2911,0.0468,0.01202,0.3063,0.1154,-0.00822,0.27837,1.05029
1605,1462.4,17279957,1094222,0.622,0.323,11459,10833,14519,0.01481926,0,0,0.0796,0.1783,0.3067,0.0575,0.01314,0.30938,0.11997,-0.0063,0.28355,1.04584
1606,1463.3,17290849,1094919,0.624,0.321,11527,10892,14571,0.01481601,0,0,0.0791,0.1664,0.2992,0.0795,0.01186,0.30786,0.11822,-0.00863,0.28527,1.06525
1607,1464.2,17301693,1095602,0.528,0.345,12422,10844,14515,0.01481275,0,0,0.0727,0.1435,0.2728,0.0388,0.01147,0.33285,0.12276,-0.00902,0.29491,1.05842
1608,1465.2,17312539,1096297,0.618,0.341,11312,10846,14526,0.01480949,0,0,0.0888,0.1716,0.3154,0.0423,0.0119,0.32757,0.12789,-0.00954,0.30511,1.02113
1609,1466.3,17323392,1096982,0.749,0.337,9994,10853,14540,0.01480624,0,0,0.0915,0.2084,0.3567,0.0928,0.0116,0.32401,0.11762,-0.00984,0.2856,1.03643
1610,1467.3,17334264,1097685,0.664,0.333,10908,10872,14572,0.01480298,0,0,0.0913,0.1889,0.3308,0.0527,0.01184,0.3201,0.1147,-0.00824,0.276,1.0173
1611,1468.4,17345118,1098363,0.754,0.334,9980,10854,14545,0.01479972,0,0,0.0996,0.2092,0.3586,0.0862,0.0126,0.32045,0.12495,-0.0076,0.29537,1.02276
1612,1469.3,17355981,1099075,0.616,0.336,11407,10863,14555,0.01479646,0,0,0.0863,0.167,0.3165,0.0462,0.01179,0.3236,0.12684,-0.00737,0.29906,1.03535
1613,1470.3,17366860,1099750,0.667,0.335,10857,10879,14577,0.01479321,0,0,0.1018,0.196,0.32,0.0493,0.01203,0.32125,0.11494,-0.00768,0.27558,1.02563
1614,1471.3,17377749,1100443,0.669,0.335,10847,10889,14566,0.01478994,0,0,0.0861,0.171,0.3244,0.0874,0.01176,0.32247,0.11899,-0.00857,0.2858,1.03765
1615,1472.2,17388619,1101124,0.607,0.313,11814,10870,14559,0.01478668,0,0,0.0864,0.1546,0.3039,0.0623,0.01222,0.2998,0.12659,-0.00887,0.30109,1.01977
1616,1473.1,17399529,1101808,0.595,0.314,12009,10910,14576,0.01478341,0,0,0.0766,0.1679,0.3056,0.0446,0.01272,0.30045,0.12148,-0.00666,0.28621,1.01268
1617,1474.1,17410373,1102503,0.646,0.317,11255,10844,14545,0.01478014,0,0,0.0834,0.1611,0.3043,0.0973,0.01234,0.30435,0.12152,-0.00788,0.28831,0.99787
1618,1475.0,17421243,1103195,0.582,0.307,12222,10870,14571,0.01477689,0,0,0.0895,0.1554,0.2991,0.038,0.01096,0.29554,0.12045,-0.00852,0.28826,1.02596
1619,1475.9,17432093,1103870,0.625,0.323,11453,10850,14547,0.01477363,0,0,0.0821,0.1789,0.2987,0.0647,0.01181,0.31003,0.11102,-0.00867,0.26935,1.0141
1620,1476.9,17442946,1104566,0.689,0.311,10853,10853,14532,0.01477037,0,0,0.088,0.1699,0.3429,0.0881,0.01352,0.29636,0.1171,-0.00846,0.2807,1.00108
1621,1477.9,17453790,1105269,0.603,0.307,11915,10844,14534,0.01476712,0,0,0.0908,0.1668,0.3018,0.0441,0.0112,0.29479,0.11139,-0.0062,0.26538,1.02284
1622,1478.9,17464650,1105951,0.754,0.322,10092,10860,14559,0.01476386,0,0,0.0897,0.1959,0.3665,0.1021,0.01174,0.30926,0.11746,-0.00896,0.28321,1.02841
1623,1479.9,17475512,1106638,0.611,0.325,11601,10862,14549,0.0147606,0,0,0.0846,0.1749,0.299,0.0528,0.01171,0.3123,0.11897,-0.00768,0.2835,1.02316
1624,1480.8,17486377,1107317,0.582,0.324,11988,10865,14552,0.01475735,0,0,0.0784,0.1667,0.2962,0.041,0.01278,0.31053,0.1281,-0.0058,0.29799,1.0232
1625,1481.7,17497258,1107999,0.555,0.322,12412,10881,14564,0.01475409,0,0,0.0734,0.1488,0.2884,0.0443,0.01144,0.30926,0.11117,-0.00779,0.26815,1.02447
1626,1482.7,17508124,1108685,0.688,0.327,10701,10866,14527,0.01475082,0,0,0.0815,0.1777,0.3336,0.0956,0.01311,0.3127,0.12204,-0.00883,0.29173,1.01631
1627,1483.7,17518972,1109371,0.731,0.322,10299,10848,14547,0.01474756,0,0,0.0814,0.174,0.3178,0.1581,0.01155,0.30966,0.12722,-0.00966,0.30433,1.03634
1628,1484.6,17529831,1110083,0.59,0.324,11874,10859,14554,0.01474431,0,0,0.0705,0.147,0.2749,0.0978,0.01264,0.31085,0.11864,-0.01068,0.28901,1.03033
1629,1485.6,17540654,1110768,0.604,0.322,11686,10823,14508,0.01474105,0,0,0.0827,0.1669,0.2945,0.0596,0.01142,0.3101,0.12216,-0.00934,0.29272,1.00782
1630,1486.5,17551486,1111469,0.621,0.322,11481,10832,14516,0.0147378,0,0,0.0788,0.16,0.3091,0.0734,0.01163,0.30988,0.12522,-0.0101,0.30002,0.9969
1631,1487.4,17562332,1112175,0.549,0.322,12448,10846,14532,0.01473455,0,0,0.0709,0.1522,0.2893,0.0365,0.01187,0.30989,0.1142,-0.0067,0.2717,1.01427
1632,1488.2,17573147,1112862,0.549,0.318,12469,10815,14502,0.0147313,0,0,0.0743,0.135,0.2996,0.0403,0.01141,0.30582,0.12945,-0.00797,0.30444,1.00426
1633,1489.2,17583954,1113541,0.595,0.324,11762,10807,14482,0.01472806,0,0,0.0766,0.1489,0.2841,0.0856,0.01133,0.3115,0.11832,-0.00812,0.28271,1.01236
1634,1490.0,17594806,1114241,0.525,0.323,12795,10852,14525,0.01472481,0,0,0.0697,0.1298,0.2841,0.0412,0.01203,0.31063,0.12001,-0.00754,0.28472,1.00581
1635,1490.8,17605641,1114930,0.487,0.322,13392,10835,14547,0.01472156,0,0,0.0652,0.1212,0.2578,0.0425,0.01226,0.30955,0.10705,-0.0081,0.26047,1.02431
1636,1491.7,17616466,1115610,0.522,0.318,12882,10825,14520,0.01471831,0,0,0.0656,0.1163,0.2619,0.0786,0.01033,0.30704,0.12293,-0.00781,0.2915,1.02013
1637,1492.4,17627289,1116305,0.437,0.314,14401,10823,14500,0.01471506,0,0,0.0589,0.1015,0.2427,0.0341,0.01138,0.30234,0.12185,-0.0107,0.29496,1.01486
1638,1493.3,17638078,1116995,0.57,0.317,12164,10789,14485,0.01471181,0,0,0.0701,0.136,0.2837,0.0805,0.01098,0.30491,0.13085,-0.00579,0.3028,1.00331
1639,1494.1,17648916,1117688,0.531,0.314,12831,10838,14525,0.01470858,0,0,0.0725,0.143,0.2762,0.039,0.01246,0.30098,0.13039,-0.00571,0.30126,0.98803
1640,1495.0,17659757,1118380,0.515,0.322,12953,10841,14523,0.01470533,0,0,0.0704,0.1308,0.271,0.0429,0.01079,0.31024,0.12309,-0.00695,0.28905,0.9849
1641,1495.9,17670602,1119064,0.601,0.323,11737,10845,14544,0.01470207,0,0,0.0768,0.1513,0.2937,0.0793,0.01175,0.3103,0.12745,-0.00579,0.29512,0.97441
1642,1496.9,17681431,1119757,0.629,0.347,11091,10829,14513,0.01469882,0,0,0.0811,0.1726,0.3328,0.0425,0.0122,0.33448,0.1205,-0.00414,0.27819,0.98317
1643,1497.7,17692255,1120455,0.51,0.343,12700,10824,14511,0.01469557,0,0,0.0678,0.1277,0.2666,0.0475,0.01141,0.33039,0.12392,-0.00827,0.29345,0.98898
1644,1498.6,17703059,1121159,0.572,0.336,11906,10804,14499,0.01469232,0,0,0.0688,0.142,0.2841,0.0769,0.01226,0.32269,0.11949,-0.00826,0.28504,1.0056
1645,1499.5,17713914,1121852,0.501,0.336,12978,10855,14544,0.01468908,0,0,0.0682,0.129,0.267,0.0365,0.01121,0.32392,0.11901,-0.00884,0.28566,1.01975
1646,1500.4,17724758,1122541,0.586,0.335,11772,10844,14530,0.01468583,0,0,0.0746,0.1596,0.2865,0.0654,0.01191,0.32222,0.12202,-0.0067,0.28796,1.03942
1647,1501.3,17735563,1123221,0.604,0.337,11483,10805,14494,0.01468257,0,0,0.0757,0.145,0.3013,0.0823,0.01219,0.32344,0.1079,-0.0101,0.26601,1.02141
1648,1502.2,17746427,1123892,0.544,0.333,12387,10864,14551,0.01467933,0,0,0.0728,0.1477,0.2856,0.0376,0.0118,0.32065,0.11546,-0.00897,0.27918,1.03248
1649,1503.1,17757292,1124587,0.534,0.338,12468,10865,14559,0.01467607,0,0,0.069,0.1349,0.2875,0.0422,0.01172,0.32561,0.12758,-0.00927,0.30389,1.02875
1650,1504.0,17768139,1125284,0.565,0.331,12109,10847,14522,0.01467281,0,0,0.07,0.1347,0.2942,0.0661,0.01143,0.31877,0.12492,-0.00453,0.28976,1.05108
1651,1504.8,17778947,1125981,0.503,0.314,13238,10808,14528,0.01466956,0,0,0.0675,0.1287,0.2687,0.038,0.01119,0.30176,0.12282,-0.00941,0.295,1.04055
1652,1505.7,17789766,1126677,0.5,0.318,13233,10819,14486,0.01466632,0,0,0.062,0.1204,0.2525,0.0651,0.01212,0.30468,0.12364,-0.00808,0.29445,1.05739
1653,1506.6,17800610,1127383,0.538,0.318,12666,10844,14511,0.01466307,0,0,0.0686,0.1378,0.2806,0.0507,0.01188,0.30596,0.11621,-0.00883,0.28144,1.06903
1654,1507.3,17811446,1128086,0.462,0.313,13974,10836,14544,0.01465982,0,0,0.0612,0.1135,0.2566,0.031,0.01114,0.30141,0.12986,-0.00541,0.30121,1.04547
1655,1508.1,17822265,1128773,0.491,0.313,13444,10819,14496,0.01465657,0,0,0.0603,0.109,0.2552,0.0669,0.01075,0.30181,0.11157,-0.0098,0.27454,1.08468
1656,1509.0,17833103,1129497,0.529,0.316,12826,10838,14532,0.01465332,0,0,0.0691,0.1458,0.2784,0.0357,0.0116,0.30359,0.12187,-0.00816,0.29132,1.06666
1657,1509.8,17843920,1130186,0.534,0.316,12720,10817,14494,0.01465007,0,0,0.0707,0.1356,0.2756,0.0521,0.01089,0.30466,0.12203,-0.00908,0.29319,1.05735
1658,1510.8,17854774,1130899,0.608,0.329,11592,10854,14547,0.01464682,0,0,0.0746,0.1569,0.297,0.0794,0.01262,0.31478,0.11982,-0.00934,0.28913,1.05166
1659,1511.6,17865606,1131592,0.55,0.31,12589,10832,14506,0.01464357,0,0,0.0723,0.1462,0.2845,0.0471,0.01211,0.29733,0.11332,-0.00945,0.27626,1.04894
1660,1512.5,17876412,1132274,0.583,0.302,12209,10806,14487,0.01464032,0,0,0.079,0.1576,0.3036,0.0432,0.01222,0.2889,0.1156,-0.00883,0.28024,1.07192
1661,1513.3,17887232,1132972,0.515,0.302,13240,10820,14499,0.01463708,0,0,0.0681,0.126,0.2611,0.0596,0.01081,0.29095,0.12211,-0.0084,0.29162,1.04561
1662,1514.1,17898054,1133664,0.489,0.302,13677,10822,14522,0.01463383,0,0,0.0631,0.1261,0.2568,0.0427,0.01199,0.28985,0.11327,-0.01095,0.27957,1.0635
1663,1514.9,17908887,1134358,0.436,0.3,14707,10833,14535,0.01463058,0,0,0.0595,0.1024,0.2449,0.0294,0.01157,0.28817,0.12047,-0.01008,0.29111,1.02561
1664,1515.7,17919726,1135066,0.518,0.301,13228,10839,14536,0.01462733,0,0,0.0665,0.1177,0.2539,0.0799,0.01108,0.2894,0.10581,-0.00415,0.25127,1.07205
1665,1516.6,17930493,1135775,0.631,0.313,11404,10767,14463,0.01462408,0,0,0.0795,0.1595,0.3551,0.037,0.01229,0.29984,0.11715,-0.00599,0.27812,1.08851
1666,1517.5,17941323,1136475,0.547,0.308,12656,10830,14531,0.01462085,0,0,0.076,0.1506,0.2863,0.0344,0.01112,0.29665,0.11054,-0.00946,0.27234,1.10576
1667,1518.3,17952123,1137175,0.548,0.31,12587,10800,14501,0.0146176,0,0,0.0738,0.1397,0.276,0.0589,0.0111,0.29761,0.1069,-0.00736,0.2609,1.10798
1668,1519.2,17962931,1137894,0.544,0.31,12655,10808,14486,0.01461436,0,0,0.0722,0.146,0.2811,0.0452,0.0106,0.29824,0.10926,-0.00816,0.26725,1.10864
1669,1520.2,17973766,1138594,0.67,0.311,11045,10835,14506,0.01461112,0,0,0.0831,0.1958,0.3512,0.0402,0.01138,0.29831,0.10172,-0.01091,0.25731,1.0964
1670,1521.1,17984577,1139299,0.597,0.314,11868,10811,14509,0.01460787,0,0,0.0743,0.1511,0.2859,0.0859,0.01163,0.30132,0.11279,-0.00636,0.27048,1.10117
1671,1522.0,17995305,1140006,0.627,0.316,11375,10728,14435,0.01460463,0,0,0.0766,0.1575,0.3094,0.0835,0.01455,0.30047,0.11246,-0.00725,0.27184,1.11026
1672,1523.1,18006085,1140720,0.703,0.314,10602,10780,14509,0.01460141,0,0,0.0839,0.1746,0.3131,0.131,0.01164,0.3019,0.1093,-0.00917,0.26876,1.08907
1673,1523.9,18016877,1141420,0.544,0.309,12647,10792,14500,0.01459817,0,0,0.0707,0.1307,0.2691,0.0733,0.01128,0.29735,0.11675,-0.00901,0.28355,1.09749
1674,1524.8,18027600,1142116,0.612,0.307,11663,10723,14416,0.01459494,0,0,0.0862,0.1663,0.2975,0.0624,0.0103,0.29591,0.11022,-0.00823,0.26849,1.08274
1675,1525.7,18038380,1142824,0.557,0.313,12388,10780,14480,0.01459172,0,0,0.0768,0.1502,0.2826,0.0479,0.01137,0.30063,0.10722,-0.00677,0.26003,1.09861
1676,1526.6,18049158,1143518,0.563,0.313,12302,10778,14477,0.01458849,0,0,0.0738,0.1443,0.2832,0.062,0.01145,0.3001,0.11661,-0.00878,0.28316,1.10996
1677,1527.4,18059961,1144220,0.514,0.309,13114,10803,14510,0.01458525,0,0,0.0678,0.1372,0.276,0.0334,0.01118,0.29726,0.11435,-0.00658,0.27499,1.1355
1678,1528.3,18070745,1144923,0.55,0.339,12124,10784,14496,0.01458201,0,0,0.0772,0.1453,0.2847,0.0431,0.01329,0.32509,0.11221,-0.01012,0.2774,1.12253
1679,1529.2,18081544,1145634,0.558,0.337,12057,10799,14499,0.01457878,0,0,0.0728,0.1444,0.273,0.0681,0.01139,0.32537,0.11716,-0.01062,0.2882,1.11932
1680,1530.1,18092313,1146322,0.529,0.338,12431,10769,14428,0.01457554,0,0,0.0732,0.1306,0.2733,0.0517,0.01388,0.32272,0.11737,-0.0104,0.28759,1.09905
1681,1531.0,18103097,1147020,0.6,0.338,11495,10784,14475,0.01457231,0,0,0.0857,0.1711,0.3058,0.0376,0.01246,0.32473,0.11167,-0.01064,0.27795,1.14396
1682,1531.8,18113872,1147722,0.485,0.331,13211,10775,14488,0.01456907,0,0,0.0621,0.1119,0.2562,0.0546,0.01145,0.31864,0.12206,-0.00834,0.2932,1.11189
1683,1532.6,18124696,1148407,0.452,0.334,13771,10824,14483,0.01456584,0,0,0.0594,0.1059,0.2395,0.0471,0.01178,0.32172,0.10994,-0.0115,0.27498,1.1022
1684,1533.3,18135500,1149104,0.419,0.331,14413,10804,14503,0.01456259,0,0,0.0559,0.101,0.2317,0.0301,0.01136,0.31887,0.129,-0.00793,0.30575,1.09473
1685,1534.1,18146326,1149809,0.454,0.332,13777,10826,14510,0.01455935,0,0,0.0565,0.1006,0.2323,0.0643,0.01135,0.31994,0.11804,-0.00866,0.28494,1.08318
1686,1534.9,18157154,1150513,0.423,0.333,14323,10828,14520,0.0145561,0,0,0.0556,0.1021,0.2325,0.0333,0.01232,0.31967,0.11303,-0.00628,0.27019,1.08368
1687,1535.6,18167954,1151213,0.425,0.33,14309,10800,14492,0.01455285,0,0,0.0558,0.0989,0.2367,0.0336,0.01155,0.31761,0.11868,-0.00788,0.28436,1.07331
1688,1536.4,18178800,1151923,0.433,0.307,14664,10846,14549,0.01454961,0,0,0.054,0.0953,0.2271,0.0567,0.01102,0.29502,0.10929,-0.01149,0.27341,1.09391
1689,1537.1,18189618,1152626,0.405,0.305,15247,10818,14497,0.01454636,0,0,0.0524,0.0919,0.221,0.0395,0.01079,0.29343,0.11243,-0.00914,0.27355,1.04529
1690,1537.8,18200455,1153327,0.387,0.307,15605,10837,14520,0.01454311,0,0,0.0503,0.0916,0.2172,0.0284,0.01089,0.29542,0.11534,-0.01029,0.28244,1.07186
1691,1538.5,18211243,1154035,0.405,0.306,15157,10788,14473,0.01453986,0,0,0.0503,0.0896,0.2168,0.0488,0.01087,0.29495,0.11398,-0.0101,0.28019,1.10163
1692,1539.2,18222092,1154721,0.391,0.304,15606,10849,14549,0.01453663,0,0,0.0504,0.0896,0.2184,0.0325,0.0108,0.29301,0.12235,-0.00952,0.29563,1.0966
1693,1539.9,18232911,1155428,0.38,0.306,15773,10819,14513,0.01453337,0,0,0.0495,0.0889,0.2129,0.0283,0.01038,0.2954,0.12029,-0.00898,0.28987,1.07802
1694,1540.6,18243752,1156129,0.446,0.305,14446,10841,14548,0.01453013,0,0,0.0537,0.0959,0.2235,0.0726,0.00997,0.29426,0.12479,-0.00851,0.2981,1.08395
1695,1541.3,18254547,1156822,0.397,0.308,15321,10795,14490,0.01452687,0,0,0.0528,0.0903,0.223,0.0308,0.01083,0.29633,0.12069,-0.00738,0.28725,1.07089
1696,1542.0,18265387,1157504,0.398,0.306,15385,10840,14517,0.01452364,0,0,0.0508,0.0911,0.2241,0.0322,0.01176,0.29411,0.11749,-0.00915,0.28443,1.07238
1697,1542.8,18276218,1158206,0.43,0.306,14724,10831,14528,0.01452038,0,0,0.0515,0.0946,0.2225,0.0613,0.01049,0.2947,0.12123,-0.01007,0.29332,1.05809
1698,1543.5,18287050,1158902,0.393,0.309,15422,10832,14533,0.01451713,0,0,0.0518,0.0911,0.2224,0.0281,0.01119,0.29723,0.12171,-0.00902,0.29227,1.061
1699,1544.2,18297865,1159605,0.412,0.307,15032,10815,14511,0.01451389,0,0,0.0525,0.0914,0.2308,0.0374,0.01122,0.2957,0.12077,-0.009,0.28962,1.03629
1700,1544.9,18308697,1160320,0.438,0.306,14566,10832,14535,0.01451064,0,0,0.0592,0.1014,0.2383,0.0392,0.01059,0.2944,0.1233,-0.00488,0.28698,1.05529
1701,1545.6,18319471,1161039,0.393,0.307,15390,10774,14469,0.01450739,0,0,0.0522,0.0916,0.2198,0.0298,0.01109,0.29495,0.11546,-0.00749,0.27701,1.07217
1702,1546.4,18330229,1161747,0.385,0.307,15561,10758,14465,0.01450416,0,0,0.0492,0.0886,0.2175,0.0295,0.01051,0.29541,0.1109,-0.00938,0.27102,1.04996
1703,1547.1,18341035,1162458,0.442,0.309,14391,10806,14515,0.01450093,0,0,0.0558,0.0961,0.2294,0.0608,0.01151,0.29657,0.10865,-0.01053,0.2689,1.05283
1704,1547.9,18351835,1163178,0.475,0.316,13658,10800,14523,0.01449769,0,0,0.0624,0.1112,0.2483,0.0532,0.01185,0.30184,0.11407,-0.0091,0.27696,1.05615
1705,1548.8,18362603,1163872,0.503,0.307,13281,10768,14453,0.01449445,0,0,0.0605,0.1169,0.253,0.0731,0.01128,0.2952,0.12847,-0.01028,0.30809,1.05485
1706,1549.5,18373400,1164585,0.462,0.309,14014,10797,14505,0.01449122,0,0,0.0575,0.0987,0.2328,0.0727,0.01081,0.29729,0.12057,-0.0108,0.29279,1.03763
1707,1550.2,18384158,1165307,0.405,0.314,14959,10758,14455,0.01448798,0,0,0.0534,0.0946,0.2212,0.0363,0.01031,0.30243,0.11123,-0.0108,0.27343,1.01325
1708,1551.0,18394905,1166020,0.424,0.306,14723,10747,14436,0.01448475,0,0,0.0546,0.0945,0.2334,0.0416,0.01077,0.29455,0.10157,-0.00822,0.24929,1.02578
1709,1551.7,18405688,1166735,0.415,0.31,14872,10783,14479,0.01448153,0,0,0.052,0.0915,0.222,0.0497,0.01086,0.29858,0.1241,-0.0081,0.2934,1.00102
1710,1552.4,18416420,1167448,0.399,0.308,15165,10732,14426,0.01447829,0,0,0.0508,0.0911,0.225,0.0324,0.01047,0.29734,0.11261,-0.0069,0.26811,1.00498
1711,1553.1,18427210,1168170,0.387,0.304,15602,10790,14486,0.01447507,0,0,0.0504,0.0904,0.2168,0.0297,0.01096,0.29285,0.11533,-0.00898,0.27729,0.99037
1712,1553.8,18438008,1168885,0.406,0.304,15206,10798,14498,0.01447184,0,0,0.0514,0.0884,0.2171,0.049,0.01142,0.2923,0.11786,-0.00606,0.27679,0.99997
1713,1554.5,18448763,1169588,0.394,0.306,15377,10755,14431,0.0144686,0,0,0.053,0.0924,0.2217,0.0265,0.01033,0.29493,0.11975,-0.00882,0.28639,1.01061
1714,1555.2,18459563,1170305,0.393,0.309,15396,10800,14510,0.01446537,0,0,0.0517,0.0922,0.2194,0.0296,0.01097,0.29666,0.12115,-0.00546,0.28199,0.99421
1715,1555.9,18470330,1171014,0.426,0.307,14698,10767,14480,0.01446213,0,0,0.0511,0.0939,0.2176,0.063,0.01131,0.29502,0.11843,-0.01108,0.28838,1.01531
1716,1556.7,18481094,1171725,0.398,0.308,15247,10764,14466,0.0144589,0,0,0.0516,0.0922,0.2171,0.0369,0.01098,0.29658,0.11701,-0.00761,0.27798,0.9937
1717,1557.3,18491859,1172434,0.382,0.308,15594,10765,14454,0.01445567,0,0,0.0516,0.0881,0.2103,0.0322,0.01083,0.29667,0.10833,-0.01036,0.26674,1.01546
1718,1558.1,18502646,1173145,0.405,0.307,15158,10787,14480,0.01445244,0,0,0.0498,0.0864,0.2169,0.0516,0.01081,0.29539,0.122,-0.00769,0.2888,1.01777
1719,1558.8,18513419,1173854,0.4,0.309,15201,10773,14495,0.01444921,0,0,0.0528,0.096,0.2202,0.0305,0.01111,0.29744,0.12063,-0.00921,0.28928,1.02426
1720,1559.5,18524171,1174554,0.426,0.31,14619,10752,14463,0.01444597,0,0,0.057,0.1035,0.2346,0.0305,0.01169,0.2976,0.11805,-0.00786,0.2812,1.01695
1721,1560.3,18534915,1175259,0.518,0.322,12784,10744,14445,0.01444275,0,0,0.0664,0.1266,0.2592,0.0659,0.01121,0.30943,0.11373,-0.00839,0.27412,1.03417
1722,1561.2,18545611,1175969,0.497,0.326,12993,10696,14378,0.01443953,0,0,0.0682,0.1314,0.2642,0.0334,0.01176,0.31358,0.1137,-0.0099,0.27647,1.01342
1723,1562.0,18556368,1176684,0.495,0.323,13153,10757,14470,0.01443632,0,0,0.0673,0.1213,0.2694,0.0367,0.01154,0.31095,0.11587,-0.00753,0.27642,1.02604
1724,1562.9,18567175,1177403,0.566,0.32,12192,10807,14502,0.01443309,0,0,0.0727,0.1465,0.2774,0.0698,0.01077,0.30863,0.1182,-0.00834,0.28257,1.022
1725,1563.7,18578003,1178101,0.516,0.32,12953,10828,14532,0.01442985,0,0,0.0734,0.1298,0.2745,0.0381,0.01091,0.30841,0.11387,-0.00747,0.27325,1.05922
1726,1564.5,18588817,1178804,0.502,0.317,13192,10814,14537,0.0144266,0,0,0.069,0.1307,0.2665,0.0362,0.01106,0.30566,0.11807,-0.00781,0.28136,1.02603
1727,1565.3,18599665,1179509,0.47,0.32,13732,10848,14559,0.01442335,0,0,0.0591,0.1043,0.2409,0.0662,0.01096,0.30706,0.12168,-0.01078,0.29482,1.03626
1728,1566.2,18610483,1180203,0.515,0.324,12893,10818,14503,0.0144201,0,0,0.0695,0.1343,0.2731,0.038,0.01134,0.31209,0.11994,-0.00858,0.28601,1.00455
1729,1567.0,18621265,1180914,0.52,0.322,12796,10782,14485,0.01441686,0,0,0.0685,0.1291,0.2752,0.0476,0.01144,0.31,0.12203,-0.00835,0.28983,1.00802
1730,1567.8,18632047,1181612,0.512,0.321,12940,10782,14501,0.01441362,0,0,0.0671,0.123,0.2585,0.0639,0.01191,0.30827,0.11157,-0.00735,0.26673,1.00184
1731,1568.6,18642868,1182293,0.479,0.308,13737,10821,14524,0.01441039,0,0,0.0679,0.1234,0.2556,0.0327,0.01091,0.29679,0.11848,-0.00928,0.28546,1.039
1732,1569.4,18653701,1182981,0.447,0.306,14375,10833,14529,0.01440714,0,0,0.0605,0.1112,0.2409,0.0347,0.01055,0.29517,0.11827,-0.00843,0.28286,1.02182
1733,1570.2,18664518,1183670,0.542,0.31,12703,10817,14516,0.01440389,0,0,0.0651,0.1242,0.2676,0.0851,0.0113,0.2972,0.12653,-0.00622,0.29482,1.01787
1734,1571.0,18675343,1184360,0.474,0.306,13879,10825,14541,0.01440064,0,0,0.0605,0.1107,0.2445,0.0584,0.01069,0.29459,0.12411,-0.00928,0.29636,1.02732
1735,1571.8,18686185,1185048,0.457,0.307,14194,10842,14564,0.0143974,0,0,0.0621,0.1096,0.2514,0.0342,0.01062,0.29544,0.12539,-0.00778,0.29671,1.05504
1736,1572.6,18697002,1185728,0.479,0.308,13745,10817,14525,0.01439414,0,0,0.0615,0.1124,0.2448,0.0606,0.01071,0.29635,0.11142,-0.00556,0.26403,1.04422
1737,1573.3,18707843,1186410,0.446,0.307,14394,10841,14542,0.0143909,0,0,0.0619,0.1114,0.2418,0.0306,0.01064,0.29629,0.11715,-0.00574,0.27603,1.05133
1738,1574.0,18718660,1187093,0.409,0.311,15037,10817,14512,0.01438765,0,0,0.0539,0.0946,0.2311,0.0292,0.01081,0.2992,0.1299,-0.00853,0.30721,1.05447
1739,1574.8,18729478,1187802,0.427,0.308,14730,10818,14523,0.0143844,0,0,0.0561,0.0931,0.2331,0.0442,0.0113,0.29608,0.12828,-0.00659,0.29936,1.02953
1740,1575.5,18740307,1188504,0.383,0.308,15672,10829,14548,0.01438116,0,0,0.0496,0.0886,0.2171,0.0281,0.01065,0.29648,0.12899,-0.00897,0.30609,1.04903
1741,1576.2,18751108,1189173,0.41,0.308,15059,10801,14491,0.01437791,0,0,0.0558,0.0978,0.2271,0.029,0.0115,0.29556,0.13172,-0.00811,0.30916,1.02555
1742,1576.9,18761942,1189870,0.406,0.308,15171,10834,14540,0.01437467,0,0,0.0516,0.0914,0.2198,0.0433,0.01105,0.29637,0.111,-0.00854,0.26918,1.04655
1743,1577.6,18772731,1190572,0.381,0.305,15733,10789,14503,0.01437142,0,0,0.0487,0.0882,0.2149,0.0287,0.01042,0.29432,0.12301,-0.0085,0.29348,1.06036
1744,1578.3,18783539,1191276,0.392,0.308,15456,10808,14514,0.01436818,0,0,0.05,0.0891,0.2154,0.0373,0.01098,0.29597,0.10807,-0.00981,0.26604,1.0538
1745,1579.0,18794321,1191989,0.407,0.307,15115,10782,14493,0.01436494,0,0,0.0495,0.0881,0.2136,0.0554,0.01065,0.29528,0.13048,-0.00811,0.30702,1.03824
1746,1579.7,18805168,1192686,0.383,0.306,15755,10847,14542,0.0143617,0,0,0.0504,0.0895,0.2144,0.0285,0.01042,0.29479,0.12094,-0.01006,0.2916,1.03028
1747,1580.4,18816031,1193401,0.394,0.308,15474,10863,14561,0.01435845,0,0,0.0521,0.092,0.2199,0.0297,0.01033,0.29719,0.12398,-0.00937,0.296,1.02042
1748,1581.1,18826900,1194093,0.423,0.308,14870,10869,14572,0.01435519,0,0,0.0536,0.0986,0.2273,0.0433,0.0107,0.29689,0.12356,-0.00906,0.29471,1.02638
1749,1581.8,18837759,1194808,0.387,0.309,15596,10859,14567,0.01435193,0,0,0.0501,0.0893,0.2177,0.0301,0.01038,0.29803,0.11897,-0.00948,0.28645,1.02975
1750,1582.5,18848576,1195490,0.401,0.306,15310,10817,14514,0.01434867,0,0,0.0518,0.0968,0.2241,0.0283,0.01076,0.29427,0.13239,-0.00893,0.31252,1.04086
1751,1583.2,18859430,1196195,0.413,0.307,15079,10854,14551,0.01434543,0,0,0.0511,0.0935,0.2216,0.0469,0.01083,0.2953,0.1299,-0.009,0.30763,1.03928
1752,1584.0,18870233,1196871,0.409,0.309,15060,10803,14501,0.01434217,0,0,0.0531,0.0986,0.2233,0.0338,0.01122,0.29672,0.12685,-0.01093,0.30621,1.06836
1753,1584.7,18881083,1197555,0.393,0.312,15401,10850,14541,0.01433893,0,0,0.0505,0.0911,0.2206,0.0307,0.01082,0.30023,0.13516,-0.00792,0.31705,1.07731
1754,1585.5,18891928,1198251,0.411,0.314,14958,10845,14541,0.01433568,0,0,0.049,0.0867,0.2212,0.0541,0.01085,0.30256,0.13829,-0.01045,0.32805,1.06629
1755,1586.2,18902775,1198946,0.39,0.312,15436,10847,14560,0.01433242,0,0,0.0504,0.0894,0.2236,0.0269,0.01097,0.30037,0.11692,-0.00993,0.2845,1.07461
1756,1586.9,18913617,1199655,0.397,0.315,15225,10842,14540,0.01432917,0,0,0.0523,0.0922,0.2194,0.0336,0.0107,0.30341,0.12389,-0.0089,0.29508,1.02937
1757,1587.6,18924445,1200348,0.411,0.312,14980,10828,14522,0.01432591,0,0,0.0522,0.0911,0.2258,0.0418,0.01066,0.30075,0.13592,-0.00901,0.31913,1.02164
1758,1588.3,18935275,1201033,0.396,0.315,15251,10830,14529,0.01432267,0,0,0.0504,0.0899,0.2243,0.0311,0.01133,0.30262,0.11933,-0.00913,0.28578,1.00797
1759,1589.0,18946084,1201731,0.39,0.312,15405,10809,14526,0.01431942,0,0,0.0507,0.0898,0.2235,0.026,0.01081,0.30002,0.13707,-0.00981,0.32196,0.98422
1760,1589.8,18956905,1202411,0.454,0.315,14073,10821,14520,0.01431617,0,0,0.0547,0.0992,0.2315,0.0688,0.01094,0.30325,0.13617,-0.00967,0.32064,1.01193
1761,1590.5,18967723,1203105,0.41,0.311,15008,10818,14510,0.01431293,0,0,0.0523,0.0916,0.2299,0.0361,0.01015,0.30016,0.12253,-0.00854,0.29109,1.01104
1762,1591.2,18978548,1203812,0.403,0.313,15100,10825,14522,0.01430968,0,0,0.0529,0.0917,0.2241,0.0348,0.01083,0.302,0.11901,-0.00951,0.28618,1.01828
1763,1591.9,18989371,1204536,0.42,0.312,14787,10823,14527,0.01430644,0,0,0.0514,0.0902,0.228,0.0501,0.01077,0.30079,0.12591,-0.00498,0.29011,0.9898
1764,1592.7,19000180,1205228,0.446,0.338,13787,10809,14495,0.01430319,0,0,0.0602,0.1059,0.2511,0.0292,0.01202,0.32477,0.14802,-0.00712,0.33845,0.98495
1765,1593.5,19010980,1205937,0.412,0.34,14366,10800,14517,0.01429995,0,0,0.055,0.0964,0.2313,0.0295,0.01173,0.32739,0.12592,-0.00637,0.29268,0.9825
1766,1594.2,19021833,1206631,0.422,0.338,14289,10853,14542,0.01429671,0,0,0.0548,0.0952,0.2278,0.0442,0.01133,0.32552,0.14775,-0.01013,0.34379,0.98009
1767,1595.0,19032618,1207319,0.431,0.341,13982,10785,14483,0.01429345,0,0,0.0578,0.1002,0.2388,0.0338,0.01142,0.32877,0.12609,-0.00966,0.29997,0.99557
1768,1595.8,19043448,1208036,0.421,0.34,14230,10830,14540,0.01429021,0,0,0.0556,0.0994,0.238,0.0277,0.01155,0.32818,0.12975,-0.00828,0.30416,0.98331
1769,1596.6,19054255,1208715,0.484,0.346,13010,10807,14494,0.01428697,0,0,0.0588,0.1097,0.2389,0.0771,0.01139,0.33416,0.12609,-0.00924,0.29993,1.02425
1770,1597.4,19065087,1209408,0.434,0.32,14367,10832,14547,0.01428372,0,0,0.0561,0.0997,0.2369,0.0416,0.01027,0.30881,0.12171,-0.00936,0.29088,1.00609
1771,1598.1,19075886,1210103,0.393,0.311,15338,10799,14503,0.01428047,0,0,0.0517,0.0901,0.2213,0.0297,0.01064,0.30017,0.11955,-0.00816,0.28422,1.00804
1772,1598.8,19086681,1210807,0.404,0.314,15017,10795,14498,0.01427723,0,0,0.0511,0.09,0.2219,0.0415,0.01141,0.30249,0.13522,-0.0108,0.32099,1.01401
1773,1599.5,19097472,1211497,0.397,0.316,15132,10791,14491,0.014274,0,0,0.052,0.0923,0.2219,0.0313,0.01083,0.30428,0.12669,-0.0103,0.30353,1.03515
1774,1600.2,19108286,1212197,0.4,0.313,15180,10814,14515,0.01427076,0,0,0.0526,0.0923,0.225,0.0298,0.01092,0.30086,0.12946,-0.00841,0.30478,1.01763
1775,1600.9,19119065,1212883,0.424,0.307,14750,10779,14466,0.01426751,0,0,0.0499,0.0913,0.2185,0.0643,0.01088,0.29541,0.14017,-0.00803,0.32498,1.00127
1776,1601.6,19129875,1213589,0.393,0.307,15441,10810,14515,0.01426428,0,0,0.0507,0.0928,0.2181,0.031,0.01127,0.29562,0.13033,-0.01059,0.31055,1.00616
1777,1602.3,19140707,1214270,0.392,0.307,15491,10832,14526,0.01426104,0,0,0.0513,0.0909,0.2223,0.0277,0.0104,0.29611,0.10983,-0.00946,0.26811,1.03557
1778,1603.1,19151582,1214978,0.425,0.306,14882,10875,14569,0.01425779,0,0,0.051,0.0906,0.2164,0.0664,0.01014,0.29559,0.11319,-0.01131,0.27765,1.00451
1779,1603.8,19162363,1215663,0.381,0.307,15670,10781,14491,0.01425453,0,0,0.0502,0.0868,0.2149,0.0288,0.01139,0.29541,0.12047,-0.00714,0.2837,0.99926
1780,1604.5,19173143,1216346,0.388,0.307,15502,10780,14474,0.01425129,0,0,0.05,0.0893,0.2179,0.0309,0.01113,0.29548,0.1375,-0.00841,0.32004,0.99054
1781,1605.2,19183917,1217059,0.411,0.309,14969,10774,14481,0.01424806,0,0,0.0497,0.0884,0.2175,0.0556,0.01085,0.2968,0.12082,-0.00894,0.28884,1.02935
1782,1605.9,19194676,1217749,0.377,0.309,15680,10759,14443,0.01424482,0,0,0.0485,0.0867,0.214,0.0281,0.01134,0.29695,0.12396,-0.00901,0.29382,0.97853
1783,1606.5,19205456,1218449,0.384,0.306,15616,10780,14493,0.0142416,0,0,0.0492,0.0888,0.2149,0.0311,0.01022,0.29551,0.1282,-0.00783,0.30054,0.99995
1784,1607.3,19216236,1219134,0.412,0.307,14979,10780,14481,0.01423836,0,0,0.0509,0.0907,0.2157,0.0551,0.01033,0.29626,0.12309,-0.01024,0.29511,0.99903
1785,1608.0,19227023,1219831,0.413,0.308,14974,10787,14467,0.01423513,0,0,0.053,0.0971,0.2319,0.0306,0.01033,0.29677,0.12088,-0.00948,0.28957,1.01383
1786,1608.7,19237774,1220539,0.416,0.307,14861,10751,14467,0.01423189,0,0,0.0536,0.1003,0.2339,0.0287,0.01032,0.29611,0.11718,-0.01103,0.28602,1.0396
1787,1609.4,19248543,1221218,0.41,0.306,15039,10769,14449,0.01422867,0,0,0.0498,0.09,0.2171,0.0531,0.01111,0.29445,0.12776,-0.00725,0.29836,0.9959
1788,1610.1,19259314,1221939,0.384,0.306,15598,10771,14483,0.01422544,0,0,0.0509,0.0889,0.2138,0.0304,0.01103,0.2949,0.12414,-0.00836,0.29356,1.00374
1789,1610.8,19270143,1222643,0.388,0.306,15609,10829,14520,0.01422221,0,0,0.0502,0.0896,0.2194,0.0285,0.01078,0.29473,0.12614,-0.00979,0.29983,0.98368
1790,1611.5,19280898,1223343,0.405,0.306,15124,10755,14427,0.01421896,0,0,0.0518,0.0902,0.2165,0.0467,0.01044,0.29493,0.12738,-0.007,0.29634,0.96975
1791,1612.2,19291741,1224061,0.386,0.305,15689,10843,14543,0.01421573,0,0,0.0502,0.0883,0.2166,0.031,0.01014,0.2943,0.13832,-0.00939,0.32293,0.96729
1792,1612.9,19302511,1224748,0.39,0.306,15471,10770,14464,0.01421248,0,0,0.0513,0.0892,0.2185,0.031,0.01112,0.2945,0.12053,-0.00842,0.28582,0.9821
1793,1613.6,19313303,1225453,0.405,0.308,15152,10792,14482,0.01420925,0,0,0.0514,0.0902,0.2173,0.0457,0.01132,0.29565,0.11858,-0.01035,0.28533,0.9662
1794,1614.3,19324098,1226148,0.392,0.308,15418,10795,14507,0.01420601,0,0,0.0496,0.0928,0.2175,0.032,0.01108,0.29663,0.13595,-0.00607,0.31113,0.95303
1795,1615.0,19334935,1226827,0.386,0.306,15681,10837,14518,0.01420277,0,0,0.0512,0.09,0.2166,0.0277,0.01029,0.29471,0.14308,-0.00683,0.32737,0.96968
1796,1615.7,19345800,1227529,0.403,0.306,15315,10865,14568,0.01419952,0,0,0.05,0.0864,0.2122,0.0546,0.01033,0.29541,0.11567,-0.01023,0.279,0.95729
1797,1616.4,19356626,1228233,0.386,0.309,15583,10826,14549,0.01419626,0,0,0.0504,0.0884,0.2182,0.0292,0.01064,0.2973,0.13053,-0.00628,0.29978,0.9218
1798,1617.1,19367443,1228938,0.389,0.309,15489,10817,14508,0.01419301,0,0,0.0512,0.0932,0.2169,0.0278,0.01119,0.29733,0.13452,-0.00619,0.30823,0.94418
1799,1617.9,19378266,1229620,0.457,0.31,14117,10823,14543,0.01418977,0,0,0.0568,0.102,0.2408,0.057,0.01117,0.29838,0.13056,-0.01048,0.3085,0.93076
1800,1618.6,19389092,1230346,0.392,0.308,15456,10826,14538,0.01418652,0,0,0.0497,0.0883,0.2146,0.0399,0.01067,0.29668,0.12141,-0.01046,0.29002,0.92653
1801,1619.5,19399946,1231034,0.38,0.309,15739,10854,14558,0.01418327,0,0,0.0493,0.0893,0.2138,0.0279,0.01129,0.29768,0.14094,-0.00747,0.3221,0.89158
1802,1620.3,19410717,1231743,0.41,0.31,14960,10771,14501,0.01418002,0,0,0.0511,0.0914,0.2214,0.0464,0.01045,0.29828,0.12725,-0.0066,0.29535,0.97529
1803,1621.0,19421518,1232446,0.399,0.31,15246,10801,14558,0.01417678,0,0,0.0539,0.0936,0.2211,0.0302,0.01064,0.2985,0.119,-0.00699,0.28035,1.00071
1804,1621.8,19432316,1233158,0.427,0.312,14614,10798,14552,0.01417354,0,0,0.0566,0.0997,0.2321,0.0388,0.01113,0.30005,0.13069,-0.00902,0.30753,0.99139
1805,1622.5,19443072,1233853,0.408,0.308,15016,10756,14521,0.01417031,0,0,0.0505,0.0909,0.2194,0.0475,0.01093,0.29656,0.11419,-0.0096,0.27645,1.01863
1806,1623.2,19453887,1234562,0.4,0.308,15258,10815,14594,0.01416708,0,0,0.0528,0.0916,0.2203,0.0357,0.01099,0.29693,0.12361,-0.00927,0.29462,1.01839
1807,1623.9,19464705,1235268,0.41,0.307,15083,10818,14557,0.01416383,0,0,0.0531,0.0946,0.2198,0.0428,0.01092,0.29547,0.12756,-0.01092,0.30543,1.00493
1808,1624.7,19475461,1235959,0.459,0.33,13634,10756,14508,0.01416059,0,0,0.0573,0.1093,0.2396,0.0526,0.01099,0.31849,0.11041,-0.01018,0.27175,1.07966
1809,1625.5,19486239,1236667,0.425,0.331,14261,10778,14502,0.01415736,0,0,0.055,0.0984,0.2353,0.0362,0.01182,0.31815,0.1128,-0.00624,0.26839,1.07061
1810,1626.2,19497053,1237361,0.416,0.333,14434,10814,14570,0.01415413,0,0,0.057,0.0976,0.2318,0.0298,0.0116,0.32085,0.12758,-0.0088,0.30211,1.03704
1811,1627.0,19507864,1238053,0.446,0.331,13901,10811,14550,0.01415088,0,0,0.0565,0.0992,0.2301,0.0607,0.01176,0.31883,0.11339,-0.01022,0.27692,1.04943
1812,1627.7,19518642,1238763,0.417,0.33,14441,10778,14534,0.01414764,0,0,0.0547,0.097,0.2361,0.0288,0.01077,0.31833,0.1194,-0.00729,0.28298,1.04614
1813,1628.5,19529500,1239483,0.428,0.331,14306,10858,14593,0.01414441,0,0,0.0567,0.1021,0.238,0.0308,0.01124,0.31951,0.12151,-0.00926,0.29119,1.04865
1814,1629.3,19540292,1240197,0.501,0.336,12892,10792,14551,0.01414115,0,0,0.0642,0.1174,0.2631,0.0567,0.01275,0.32227,0.11673,-0.01049,0.28446,1.0612
1815,1630.1,19551083,1240901,0.488,0.314,13452,10791,14534,0.01413791,0,0,0.0675,0.1223,0.2582,0.0399,0.01168,0.30176,0.11634,-0.01126,0.28483,1.04749
1816,1630.9,19561869,1241604,0.488,0.32,13349,10786,14525,0.01413468,0,0,0.0666,0.1256,0.26,0.0362,0.01272,0.30626,0.11836,-0.00787,0.28208,1.04739
1817,1631.8,19572617,1242312,0.541,0.32,12484,10748,14496,0.01413144,0,0,0.0685,0.1314,0.2767,0.0648,0.01144,0.30719,0.11737,-0.00948,0.28357,1.05701
1818,1632.7,19583427,1243029,0.578,0.315,12112,10810,14554,0.01412821,0,0,0.0782,0.1625,0.2938,0.0433,0.01151,0.30237,0.11926,-0.00823,0.28473,1.05247
1819,1633.5,19594206,1243755,0.531,0.315,12740,10779,14500,0.01412497,0,0,0.0725,0.141,0.2818,0.036,0.01086,0.30318,0.12656,-0.00988,0.30246,1.04714
1820,1634.5,19604978,1244480,0.618,0.317,11521,10772,14488,0.01412174,0,0,0.0727,0.1542,0.295,0.0965,0.01272,0.30264,0.1354,-0.01006,0.31995,1.02774
1821,1635.4,19615786,1245177,0.587,0.311,12039,10808,14514,0.01411851,0,0,0.0664,0.1276,0.279,0.1138,0.01159,0.29847,0.11597,-0.01192,0.28549,1.05257
1822,1636.2,19626554,1245904,0.477,0.312,13648,10768,14507,0.01411526,0,0,0.0588,0.1061,0.2377,0.0743,0.01104,0.30041,0.11497,-0.00925,0.27799,1.0473
1823,1637.0,19637299,1246607,0.474,0.31,13700,10745,14455,0.01411203,0,0,0.0584,0.1049,0.241,0.0697,0.01085,0.29896,0.11349,-0.00752,0.27093,1.02438
1824,1637.7,19648094,1247321,0.426,0.311,14640,10795,14540,0.01410881,0,0,0.0586,0.1018,0.2358,0.0302,0.0109,0.29944,0.12001,-0.00751,0.28402,1.02718
1825,1638.4,19658869,1248041,0.43,0.312,14533,10775,14501,0.01410557,0,0,0.0569,0.0968,0.2342,0.0419,0.01173,0.29939,0.12085,-0.00959,0.28961,1.01785
1826,1639.2,19669578,1248758,0.463,0.312,13822,10709,14445,0.01410234,0,0,0.0581,0.1052,0.2356,0.0643,0.01172,0.29936,0.10734,-0.00907,0.26173,1.02542
1827,1640.0,19680339,1249462,0.469,0.314,13749,10761,14503,0.01409913,0,0,0.0629,0.1155,0.2554,0.0348,0.01164,0.30177,0.11946,-0.01128,0.29045,1.0276
1828,1640.8,19691073,1250182,0.543,0.313,12541,10734,14463,0.0140959,0,0,0.0706,0.1427,0.281,0.049,0.01147,0.30046,0.11542,-0.00974,0.27915,1.02284
1829,1641.7,19701823,1250893,0.52,0.311,12929,10750,14486,0.01409268,0,0,0.0652,0.1144,0.2662,0.0746,0.01199,0.29792,0.11977,-0.0075,0.28311,1.01354
1830,1642.6,19712557,1251591,0.562,0.31,12318,10734,14440,0.01408945,0,0,0.0707,0.1261,0.2727,0.0922,0.01011,0.29885,0.12204,-0.00961,0.29169,1.00735
1831,1643.4,19723271,1252294,0.506,0.309,13151,10714,14428,0.01408623,0,0,0.0642,0.1165,0.2509,0.0741,0.00997,0.29808,0.12535,-0.01079,0.30033,0.99564
1832,1644.2,19733942,1253011,0.484,0.308,13470,10671,14414,0.01408302,0,0,0.0631,0.1155,0.2505,0.0549,0.01019,0.29743,0.124,-0.00823,0.29319,1.02001
1833,1644.9,19744645,1253730,0.477,0.312,13578,10703,14444,0.01407982,0,0,0.0613,0.1156,0.2598,0.0401,0.01216,0.29879,0.11786,-0.0086,0.28213,1.03726
1834,1645.7,19755374,1254451,0.454,0.308,14073,10729,14458,0.01407661,0,0,0.0605,0.1116,0.2477,0.0342,0.01164,0.29616,0.12851,-0.00797,0.30142,1.01054
1835,1646.5,19766063,1255167,0.463,0.308,13860,10689,14417,0.01407339,0,0,0.0618,0.1126,0.2444,0.0445,0.01109,0.29608,0.12712,-0.00957,0.30246,1.03306
1836,1647.2,19776826,1255866,0.44,0.306,14426,10763,14487,0.01407018,0,0,0.0591,0.1055,0.2457,0.0297,0.0115,0.29408,0.11454,-0.008,0.27378,1.02007
1837,1648.0,19787571,1256587,0.428,0.307,14616,10745,14451,0.01406695,0,0,0.0585,0.1004,0.2359,0.0337,0.01096,0.29511,0.12849,-0.00941,0.30486,1.03347
1838,1648.7,19798322,1257284,0.44,0.314,14271,10751,14469,0.01406373,0,0,0.0568,0.1025,0.2356,0.0447,0.0115,0.30169,0.13406,-0.00852,0.31361,1.01181
1839,1649.4,19809074,1257980,0.419,0.312,14720,10752,14492,0.0140605,0,0,0.0563,0.0967,0.2345,0.0314,0.01184,0.29918,0.1138,-0.01043,0.27774,1.04123
1840,1650.2,19819815,1258703,0.417,0.311,14755,10741,14458,0.01405728,0,0,0.0563,0.0999,0.2283,0.0324,0.0111,0.29909,0.12774,-0.00955,0.30381,1.03981
1841,1650.9,19830544,1259400,0.445,0.311,14192,10729,14453,0.01405406,0,0,0.056,0.0959,0.2303,0.0632,0.01106,0.29895,0.11768,-0.00579,0.27641,1.04847
1842,1651.7,19841287,1260108,0.424,0.312,14606,10743,14460,0.01405084,0,0,0.0553,0.0975,0.2269,0.0441,0.01108,0.30006,0.12629,-0.00849,0.29872,1.03746
1843,1652.4,19852045,1260799,0.432,0.312,14460,10758,14474,0.01404761,0,0,0.0586,0.1045,0.2384,0.0305,0.0107,0.30066,0.12852,-0.00999,0.30659,1.05238
1844,1653.2,19862775,1261493,0.441,0.313,14227,10730,14455,0.01404439,0,0,0.0577,0.0981,0.2343,0.0511,0.01183,0.30068,0.11303,-0.00972,0.27564,1.07323
1845,1653.9,19873476,1262189,0.42,0.311,14631,10701,14404,0.01404117,0,0,0.0563,0.0966,0.2339,0.0337,0.01087,0.29942,0.12987,-0.00981,0.30882,1.04889
1846,1654.6,19884187,1262888,0.43,0.312,14430,10711,14446,0.01403796,0,0,0.0564,0.0989,0.2343,0.0407,0.01095,0.30053,0.12177,-0.01032,0.29455,1.08153
1847,1655.4,19894897,1263570,0.444,0.311,14173,10710,14425,0.01403474,0,0,0.0573,0.0997,0.2317,0.0555,0.01145,0.29906,0.12392,-0.00926,0.29635,1.06822
1848,1656.2,19905613,1264271,0.445,0.321,14001,10716,14438,0.01403153,0,0,0.0573,0.1042,0.2405,0.0427,0.01175,0.30831,0.10644,-0.01211,0.26743,1.08059
1849,1657.0,19916339,1264948,0.469,0.332,13386,10726,14452,0.01402832,0,0,0.0641,0.1178,0.2535,0.0335,0.0116,0.32005,0.10975,-0.01023,0.27109,1.10892
1850,1658.0,19927059,1265628,0.718,0.332,10205,10720,14437,0.0140251,0,0,0.0594,0.1037,0.5232,0.0317,0.01152,0.32028,0.11228,-0.01132,0.27699,1.06184
1851,1658.8,19937767,1266337,0.424,0.329,14212,10708,14449,0.01402188,0,0,0.0581,0.1016,0.2337,0.0308,0.01144,0.31723,0.11675,-0.01162,0.28709,1.08282
1852,1659.6,19948476,1267022,0.444,0.329,13861,10709,14441,0.01401867,0,0,0.0589,0.103,0.2424,0.0392,0.01094,0.31756,0.12363,-0.01083,0.29863,1.05936
1853,1660.4,19959233,1267698,0.447,0.329,13875,10757,14501,0.01401546,0,0,0.0613,0.106,0.2415,0.0379,0.01135,0.31637,0.12582,-0.01013,0.30208,1.07705
1854,1661.1,19969957,1268382,0.441,0.311,14264,10724,14467,0.01401223,0,0,0.0596,0.1048,0.2459,0.0305,0.01094,0.2995,0.12622,-0.01133,0.3044,1.04541
1855,1661.9,19980699,1269058,0.443,0.316,14145,10742,14472,0.01400901,0,0,0.0567,0.0971,0.2291,0.0604,0.01171,0.30372,0.1217,-0.0091,0.29147,1.06618
1856,1662.6,19991455,1269751,0.426,0.317,14470,10756,14491,0.01400579,0,0,0.0584,0.1021,0.2358,0.0299,0.01079,0.30555,0.11465,-0.01165,0.28363,1.10767
1857,1663.5,20002165,1270419,0.581,0.317,11923,10710,14446,0.01400256,0,0,0.0759,0.1516,0.2997,0.0538,0.01169,0.30497,0.11064,-0.01039,0.27282,1.09841
1858,1664.4,20012910,1271097,0.537,0.306,12734,10745,14491,0.01399935,0,0,0.0816,0.1269,0.2601,0.0687,0.01089,0.29495,0.09408,-0.0118,0.24267,1.10452
1859,1665.2,20023623,1271789,0.508,0.311,13083,10713,14463,0.01399613,0,0,0.0686,0.126,0.2833,0.0298,0.01102,0.29931,0.10807,-0.00931,0.2655,1.09813
1860,1666.0,20034417,1272470,0.469,0.308,13882,10794,14522,0.01399291,0,0,0.0629,0.1159,0.2517,0.0388,0.01101,0.29675,0.1027,-0.01139,0.25895,1.09967
1861,1666.8,20045167,1273168,0.472,0.309,13753,10750,14481,0.01398967,0,0,0.0597,0.1091,0.2503,0.053,0.01133,0.29757,0.1121,-0.0073,0.26882,1.0729
1862,1667.5,20055915,1273842,0.441,0.311,14287,10748,14515,0.01398645,0,0,0.0605,0.1059,0.2432,0.0319,0.01072,0.29944,0.10415,-0.01097,0.26066,1.08813
1863,1668.3,20066616,1274540,0.455,0.308,14020,10701,14415,0.01398323,0,0,0.0627,0.1104,0.249,0.0333,0.01062,0.29671,0.11448,-0.00959,0.27806,1.07022
1864,1669.0,20077383,1275237,0.46,0.307,14041,10767,14482,0.01398002,0,0,0.0588,0.1064,0.2399,0.0546,0.01161,0.29474,0.12,-0.00839,0.28685,1.07539
1865,1669.8,20088097,1275935,0.442,0.305,14357,10714,14449,0.01397679,0,0,0.0588,0.1064,0.24,0.0365,0.00996,0.29401,0.11146,-0.00927,0.27148,1.0731
1866,1670.5,20098849,1276628,0.438,0.308,14426,10752,14466,0.01397357,0,0,0.0602,0.1045,0.2456,0.0272,0.01005,0.29709,0.11841,-0.00958,0.28595,1.0727
1867,1671.3,20109603,1277334,0.465,0.308,13911,10754,14492,0.01397035,0,0,0.0584,0.1057,0.237,0.0639,0.01072,0.29674,0.11298,-0.00827,0.27292,1.08884
1868,1672.1,20120358,1278019,0.432,0.308,14546,10755,14479,0.01396712,0,0,0.0603,0.1036,0.2405,0.0273,0.01145,0.29561,0.11904,-0.01081,0.28923,1.05722
1869,1672.8,20131126,1278689,0.448,0.307,14261,10768,14467,0.01396389,0,0,0.0604,0.1068,0.2376,0.043,0.01105,0.2956,0.11361,-0.0118,0.28014,1.05001
1870,1673.6,20141864,1279381,0.51,0.307,13141,10738,14484,0.01396066,0,0,0.0608,0.1199,0.2485,0.0809,0.01115,0.29537,0.12863,-0.00876,0.30471,1.07219
1871,1674.5,20152574,1280070,0.554,0.308,12436,10710,14430,0.01395744,0,0,0.0757,0.14,0.285,0.053,0.01085,0.29606,0.10925,-0.009,0.26651,1.07558
1872,1675.3,20163272,1280767,0.485,0.311,13433,10698,14417,0.01395423,0,0,0.0629,0.1158,0.2532,0.0534,0.01196,0.29795,0.11772,-0.01007,0.28514,1.05872
1873,1676.1,20173983,1281447,0.524,0.308,12862,10711,14473,0.01395102,0,0,0.0649,0.1238,0.2544,0.0814,0.0113,0.29632,0.11017,-0.00863,0.26772,1.07893
1874,1676.9,20184705,1282125,0.503,0.311,13184,10722,14455,0.01394781,0,0,0.06,0.1095,0.2404,0.0927,0.01105,0.29904,0.11142,-0.00848,0.26939,1.06099
1875,1677.7,20195447,1282822,0.493,0.313,13333,10742,14474,0.01394459,0,0,0.0637,0.1255,0.2635,0.0404,0.01197,0.29998,0.11156,-0.00974,0.2714,1.03289
1876,1678.5,20206155,1283511,0.485,0.31,13462,10708,14437,0.01394137,0,0,0.0598,0.1114,0.2479,0.0662,0.01067,0.29894,0.11685,-0.0139,0.29107,1.0601
1877,1679.4,20216871,1284182,0.521,0.309,12911,10716,14437,0.01393815,0,0,0.0656,0.1371,0.2662,0.0517,0.01116,0.29772,0.12274,-0.01275,0.29969,1.02937
1878,1680.1,20227575,1284860,0.453,0.313,13967,10704,14392,0.01393494,0,0,0.0615,0.1122,0.25,0.0298,0.01253,0.29968,0.11468,-0.01116,0.28055,1.03509
1879,1680.9,20238310,1285538,0.501,0.314,13177,10735,14445,0.01393173,0,0,0.0666,0.1174,0.2602,0.0568,0.01092,0.30208,0.12116,-0.00739,0.28575,1.02871
1880,1681.7,20249080,1286233,0.469,0.315,13736,10770,14494,0.01392851,0,0,0.0637,0.1148,0.2554,0.0351,0.01198,0.30253,0.12385,-0.00785,0.29084,0.98491
1881,1682.5,20259792,1286889,0.46,0.315,13819,10712,14407,0.01392528,0,0,0.0636,0.1127,0.2503,0.0335,0.01121,0.30329,0.11903,-0.01021,0.28737,1.03728
1882,1683.3,20270511,1287575,0.504,0.316,13066,10719,14409,0.01392206,0,0,0.0631,0.1148,0.2549,0.0716,0.01119,0.30425,0.11909,-0.00918,0.2854,1.03657
1883,1684.1,20281206,1288261,0.484,0.315,13388,10695,14364,0.01391885,0,0,0.0676,0.1165,0.2658,0.0339,0.01138,0.30297,0.11775,-0.00951,0.28354,1.04246
1884,1684.9,20291901,1288936,0.458,0.314,13859,10695,14377,0.01391564,0,0,0.062,0.1106,0.253,0.0324,0.01096,0.30217,0.10535,-0.01145,0.262,1.02019
1885,1685.8,20302583,1289622,0.548,0.32,12309,10682,14371,0.01391243,0,0,0.0703,0.1286,0.2716,0.0774,0.01243,0.30694,0.11065,-0.00982,0.27012,1.0492
1886,1686.6,20313267,1290286,0.489,0.316,13266,10684,14384,0.01390923,0,0,0.0629,0.1141,0.2591,0.0532,0.01141,0.30412,0.10278,-0.01121,0.25723,1.05145
1887,1687.4,20323942,1290962,0.499,0.317,13087,10675,14388,0.01390602,0,0,0.0671,0.1263,0.2683,0.0376,0.01217,0.30368,0.12405,-0.01217,0.30247,1.07938
1888,1688.2,20334641,1291631,0.497,0.323,13060,10699,14410,0.01390282,0,0,0.0629,0.1137,0.2491,0.0709,0.0115,0.31056,0.11087,-0.0099,0.27113,1.06396
1889,1689.1,20345340,1292308,0.522,0.336,12468,10699,14395,0.01389961,0,0,0.0709,0.1313,0.2728,0.0474,0.0119,0.32309,0.11221,-0.01052,0.27564,1.08522
1890,1689.9,20356033,1292981,0.467,0.336,13320,10693,14363,0.0138964,0,0,0.0671,0.1143,0.2537,0.0317,0.011,0.32446,0.12502,-0.00864,0.29705,1.07012
1891,1690.7,20366706,1293650,0.545,0.337,12101,10673,14366,0.01389319,0,0,0.07,0.1259,0.2728,0.0762,0.01183,0.32471,0.11189,-0.00999,0.27302,1.05295
1892,1691.6,20377392,1294328,0.511,0.33,12704,10686,14428,0.01388999,0,0,0.0713,0.1267,0.2733,0.0399,0.01237,0.31702,0.10253,-0.01212,0.25961,1.09148
1893,1692.4,20388119,1295012,0.501,0.314,13165,10727,14433,0.01388678,0,0,0.0732,0.127,0.2649,0.036,0.01112,0.3019,0.12557,-0.00964,0.30011,1.06873
1894,1693.3,20398828,1295677,0.574,0.321,11961,10709,14382,0.01388356,0,0,0.0681,0.1419,0.2695,0.0947,0.0133,0.30663,0.11562,-0.00849,0.27806,1.07514
1895,1694.4,20409509,1296357,0.774,0.322,9746,10681,14396,0.01388035,0,0,0.0884,0.1924,0.3201,0.1726,0.01296,0.3085,0.13371,-0.01228,0.32154,1.06458
1896,1695.4,20420219,1297038,0.714,0.321,10353,10710,14409,0.01387715,0,0,0.0805,0.2033,0.3321,0.0977,0.01228,0.30737,0.10646,-0.00822,0.25933,1.08052
1897,1696.4,20430910,1297712,0.627,0.315,11340,10691,14369,0.01387393,0,0,0.0792,0.1606,0.3047,0.083,0.01118,0.30287,0.12403,-0.00999,0.29766,1.06724
1898,1697.2,20441610,1298392,0.546,0.316,12418,10700,14412,0.01387073,0,0,0.0739,0.1398,0.2832,0.049,0.01221,0.3028,0.11645,-0.01009,0.28262,1.06492
1899,1698.4,20452345,1299060,0.801,0.313,9638,10735,14422,0.01386752,0,0,0.1002,0.246,0.3612,0.0934,0.01212,0.29998,0.12595,-0.01322,0.30814,1.0744
1900,1699.5,20463040,1299738,0.794,0.314,9653,10695,14411,0.0138643,0,0,0.1196,0.2267,0.3719,0.0754,0.01199,0.30141,0.10406,-0.0114,0.26074,1.07574
1901,1700.5,20473791,1300417,0.762,0.314,9987,10751,14472,0.01386109,0,0,0.0932,0.1996,0.3894,0.0802,0.01165,0.30156,0.11711,-0.00711,0.27823,1.07481
1902,1701.8,20484487,1301079,0.816,0.312,9483,10696,14405,0.01385786,0,0,0.0942,0.2164,0.4258,0.0793,0.01125,0.30007,0.10455,-0.01057,0.26065,1.09745
1903,1702.9,20495224,1301751,0.768,0.313,9932,10737,14457,0.01385465,0,0,0.0935,0.2103,0.3557,0.1083,0.01167,0.30052,0.10956,-0.00843,0.26549,1.06469
1904,1704.1,20505903,1302421,0.865,0.317,9034,10679,14386,0.01385143,0,0,0.1036,0.2269,0.4003,0.1338,0.01224,0.3039,0.1135,-0.00742,0.27083,1.04671
1905,1705.2,20516613,1303093,0.84,0.313,9293,10710,14427,0.01384823,0,0,0.1048,0.2191,0.4031,0.1126,0.01207,0.29973,0.11276,-0.00669,0.26863,1.07343
1906,1706.3,20527288,1303750,0.782,0.317,9715,10675,14372,0.01384502,0,0,0.0977,0.2289,0.391,0.0643,0.01191,0.30409,0.10419,-0.00826,0.2543,1.06177
1907,1707.4,20538028,1304442,0.777,0.312,9862,10740,14461,0.01384181,0,0,0.1065,0.209,0.3557,0.1063,0.01178,0.29891,0.11659,-0.01018,0.28232,1.03951
1908,1708.5,20548742,1305125,0.754,0.313,10042,10714,14436,0.01383859,0,0,0.1015,0.1942,0.375,0.0829,0.01162,0.30093,0.10447,-0.00869,0.25535,1.04892
1909,1709.5,20559456,1305817,0.721,0.316,10327,10714,14429,0.01383538,0,0,0.0888,0.1936,0.3282,0.1103,0.01346,0.30203,0.11302,-0.00897,0.27276,1.04036
1910,1710.6,20570121,1306511,0.753,0.314,9995,10665,14400,0.01383216,0,0,0.1006,0.2107,0.3654,0.0765,0.0119,0.3008,0.10707,-0.00725,0.25812,1.0657
1911,1711.8,20580790,1307201,0.895,0.326,8737,10669,14408,0.01382896,0,0,0.1014,0.2453,0.4423,0.1058,0.01192,0.31201,0.11404,-0.00749,0.27271,1.07225
1912,1713.2,20591518,1307901,1.072,0.328,7664,10728,14449,0.01382576,0,0,0.101,0.26,0.4037,0.3071,0.01321,0.3131,0.10319,-0.00753,0.25074,1.0597
1913,1714.3,20602232,1308588,0.792,0.321,9627,10714,14433,0.01382254,0,0,0.0998,0.2335,0.3655,0.0935,0.01175,0.30782,0.1164,-0.00889,0.27966,1.05192
1914,1715.3,20612926,1309267,0.718,0.318,10328,10694,14405,0.01381933,0,0,0.095,0.194,0.3393,0.0894,0.0127,0.30363,0.11029,-0.00868,0.2669,1.04752
1915,1716.4,20623638,1309969,0.738,0.319,10133,10712,14413,0.01381612,0,0,0.0893,0.1935,0.3669,0.0881,0.01203,0.3064,0.10429,-0.00994,0.25748,1.05036
1916,1717.4,20634367,1310658,0.7,0.319,10533,10729,14442,0.01381291,0,0,0.0973,0.2004,0.359,0.043,0.01218,0.3057,0.10956,-0.00627,0.26063,1.04898
1917,1718.4,20645098,1311369,0.649,0.314,11145,10731,14443,0.01380969,0,0,0.0817,0.1784,0.3248,0.0636,0.01179,0.30169,0.11264,-0.0082,0.27066,1.0495
1918,1719.4,20655802,1312053,0.705,0.318,10460,10704,14407,0.01380647,0,0,0.0851,0.1854,0.3389,0.0956,0.01215,0.30525,0.124,-0.00894,0.29561,1.07672
1919,1720.4,20666519,1312741,0.663,0.339,10699,10717,14436,0.01380326,0,0,0.0881,0.1826,0.346,0.0461,0.01167,0.32602,0.12956,-0.00732,0.30371,1.08502
1920,1721.5,20677205,1313426,0.782,0.351,9436,10686,14391,0.01380004,0,0,0.0911,0.1923,0.3758,0.1225,0.01481,0.33488,0.13637,-0.00884,0.31951,1.05381
1921,1722.6,20687914,1314127,0.709,0.337,10238,10709,14423,0.01379684,0,0,0.0946,0.1987,0.3569,0.0591,0.01349,0.32221,0.11298,-0.01003,0.27594,1.08381
1922,1723.6,20698618,1314808,0.669,0.324,10778,10704,14398,0.01379363,0,0,0.0878,0.1677,0.3188,0.0944,0.01251,0.31104,0.12451,-0.008,0.29406,1.05247
1923,1724.5,20709417,1315483,0.65,0.31,11243,10799,14527,0.01379041,0,0,0.0883,0.1702,0.3131,0.0783,0.0116,0.29804,0.11418,-0.00779,0.27385,1.08388
1924,1725.5,20720121,1316168,0.624,0.322,11313,10704,14413,0.01378717,0,0,0.0863,0.1707,0.313,0.0542,0.0109,0.3104,0.12169,-0.00927,0.29111,1.05851
1925,1726.6,20730810,1316858,0.752,0.319,9975,10689,14395,0.01378396,0,0,0.0943,0.198,0.3616,0.0984,0.01238,0.30597,0.12007,-0.01169,0.2927,1.05866
1926,1727.6,20741480,1317550,0.699,0.321,10467,10670,14405,0.01378076,0,0,0.0907,0.1874,0.3573,0.0633,0.01127,0.30866,0.11179,-0.01152,0.27623,1.07397
1927,1728.7,20752178,1318231,0.819,0.327,9333,10698,14417,0.01377756,0,0,0.1064,0.2201,0.3749,0.1179,0.019,0.30712,0.11485,-0.01013,0.27939,1.06828
1928,1729.8,20762923,1318920,0.745,0.312,10171,10745,14471,0.01377435,0,0,0.09,0.202,0.39,0.0629,0.01121,0.29961,0.11788,-0.00926,0.28296,1.04113
1929,1730.8,20773657,1319615,0.748,0.314,10116,10734,14436,0.01377112,0,0,0.091,0.1898,0.3577,0.1091,0.01265,0.30007,0.12257,-0.01039,0.29458,1.04042
1930,1731.8,20784379,1320303,0.628,0.314,11394,10722,14427,0.0137679,0,0,0.0916,0.1716,0.3178,0.0465,0.01276,0.29991,0.12173,-0.00964,0.29112,1.03083
1931,1732.8,20795108,1320966,0.687,0.312,10736,10729,14461,0.01376469,0,0,0.1015,0.1784,0.3418,0.0654,0.0112,0.30017,0.11803,-0.00727,0.28011,1.07167
1932,1733.7,20805875,1321638,0.651,0.313,11168,10767,14514,0.01376147,0,0,0.0805,0.1647,0.3254,0.0803,0.01226,0.30009,0.11458,-0.01079,0.28023,1.07124
1933,1734.8,20816596,1322329,0.707,0.312,10518,10721,14460,0.01375824,0,0,0.099,0.1959,0.3648,0.0473,0.01168,0.29971,0.12048,-0.00719,0.28477,1.06966
1934,1735.8,20827298,1323011,0.731,0.318,10209,10702,14438,0.01375502,0,0,0.0911,0.1889,0.3467,0.104,0.01356,0.30332,0.12452,-0.01092,0.30051,1.07751
1935,1736.9,20838009,1323676,0.738,0.314,10184,10711,14446,0.01375181,0,0,0.0976,0.2248,0.3604,0.0547,0.0118,0.30143,0.12858,-0.00983,0.30636,1.07419
1936,1737.9,20848752,1324341,0.752,0.312,10093,10743,14456,0.0137486,0,0,0.0944,0.2075,0.3705,0.0797,0.01166,0.29959,0.11361,-0.00858,0.27355,1.06076
1937,1738.9,20859465,1325021,0.681,0.313,10780,10713,14474,0.01374537,0,0,0.0871,0.1953,0.3372,0.061,0.0136,0.29869,0.12216,-0.0031,0.28033,1.08455
1938,1739.9,20870209,1325715,0.7,0.316,10579,10744,14475,0.01374216,0,0,0.0875,0.19,0.3594,0.0629,0.01161,0.30319,0.11731,-0.0084,0.2805,1.05778
1939,1741.0,20880946,1326373,0.762,0.318,9940,10737,14443,0.01373894,0,0,0.0973,0.2028,0.3597,0.1026,0.01316,0.30372,0.13358,-0.00728,0.31087,1.06097
1940,1742.0,20891739,1327034,0.682,0.315,10827,10793,14514,0.01373572,0,0,0.098,0.1945,0.3482,0.0412,0.01132,0.30299,0.12075,-0.00617,0.28286,1.05653
1941,1743.0,20902537,1327686,0.688,0.312,10798,10798,14492,0.01373248,0,0,0.0873,0.1912,0.3187,0.0908,0.01107,0.30011,0.12341,-0.00808,0.29228,1.0667
1942,1744.0,20913365,1328338,0.628,0.312,11520,10828,14550,0.01372924,0,0,0.0884,0.1819,0.3176,0.0399,0.01116,0.30013,0.1203,-0.00828,0.28647,1.06738
1943,1744.9,20924160,1328976,0.631,0.318,11375,10795,14497,0.01372599,0,0,0.0858,0.1833,0.3129,0.0493,0.01166,0.30525,0.11674,-0.01052,0.28397,1.07293
1944,1745.9,20934975,1329636,0.706,0.32,10545,10815,14560,0.01372275,0,0,0.0964,0.1863,0.361,0.0623,0.01186,0.30686,0.10596,-0.0074,0.25586,1.06148
1945,1747.0,20945781,1330264,0.693,0.319,10681,10806,14525,0.01371951,0,0,0.0891,0.1971,0.3455,0.0615,0.01219,0.30533,0.11759,-0.00823,0.28053,1.05302
1946,1748.0,20956550,1330919,0.764,0.317,9955,10769,14496,0.01371627,0,0,0.0909,0.2051,0.3582,0.1102,0.01117,0.30517,0.11106,-0.00842,0.2684,1.0728
1947,1749.1,20967321,1331582,0.78,0.318,9816,10771,14524,0.01371304,0,0,0.0853,0.1972,0.4458,0.0514,0.01168,0.30504,0.11285,-0.00582,0.26589,1.04057
1948,1750.1,20978114,1332221,0.692,0.32,10668,10793,14513,0.0137098,0,0,0.0886,0.1769,0.3353,0.0914,0.01172,0.30714,0.10678,-0.00954,0.26124,1.04297
1949,1751.1,20988870,1332868,0.648,0.321,11100,10756,14469,0.01370657,0,0,0.0912,0.1779,0.3294,0.0498,0.01274,0.30721,0.10103,-0.00875,0.24813,1.04229
1950,1752.1,20999632,1333520,0.663,0.316,10991,10762,14479,0.01370334,0,0,0.0867,0.1714,0.3509,0.0544,0.01202,0.30283,0.11254,-0.00498,0.26294,1.01844
1951,1753.1,21010424,1334179,0.682,0.341,10546,10792,14514,0.01370011,0,0,0.0881,0.1702,0.3239,0.0998,0.01443,0.32598,0.10554,-0.00679,0.25363,1.05751
1952,1754.3,21021248,1334817,0.676,0.339,10660,10824,14534,0.01369687,0,0,0.092,0.1804,0.3497,0.0544,0.01194,0.326,0.09771,-0.0066,0.23699,1.03572
1953,1755.3,21032064,1335457,0.742,0.342,9980,10816,14500,0.01369363,0,0,0.0987,0.196,0.3533,0.0936,0.01365,0.32712,0.10757,-0.00702,0.25627,0.98889
1954,1756.4,21042915,1336116,0.698,0.32,10660,10851,14566,0.01369038,0,0,0.0911,0.197,0.351,0.0584,0.01451,0.30472,0.10131,-0.01022,0.2506,1.00604
1955,1757.4,21053740,1336760,0.705,0.326,10497,10825,14543,0.01368713,0,0,0.098,0.1851,0.332,0.0904,0.01713,0.30623,0.11045,-0.00613,0.26072,1.00667
1956,1758.5,21064591,1337409,0.791,0.322,9746,10851,14551,0.01368388,0,0,0.0955,0.207,0.3803,0.1086,0.01215,0.30815,0.1082,-0.00759,0.25949,1.01977
1957,1759.6,21075423,1338065,0.78,0.322,9821,10832,14576,0.01368062,0,0,0.1079,0.1995,0.3466,0.1265,0.01378,0.30762,0.11434,-0.0078,0.27245,1.02954
1958,1760.6,21086258,1338713,0.697,0.313,10728,10835,14544,0.01367737,0,0,0.0895,0.1777,0.3468,0.083,0.01222,0.29987,0.10526,-0.00768,0.25492,1.06124
1959,1761.6,21097124,1339365,0.652,0.313,11253,10866,14595,0.01367412,0,0,0.0856,0.18,0.331,0.0558,0.01336,0.29912,0.10146,-0.0098,0.25036,1.01811
1960,1762.6,21107960,1340016,0.683,0.311,10907,10836,14559,0.01367086,0,0,0.0856,0.1876,0.3368,0.0728,0.01166,0.29818,0.10452,-0.00795,0.25311,1.03069
1961,1763.6,21118788,1340689,0.663,0.313,11091,10828,14564,0.01366761,0,0,0.0869,0.1851,0.3394,0.052,0.01324,0.29874,0.09663,-0.00684,0.23595,1.06132
1962,1764.6,21129608,1341354,0.705,0.313,10626,10820,14533,0.01366436,0,0,0.0839,0.1882,0.3292,0.1036,0.01324,0.29909,0.11001,-0.00904,0.26675,1.04834
1963,1765.6,21140451,1342001,0.676,0.315,10944,10843,14589,0.01366112,0,0,0.0922,0.1843,0.3495,0.0499,0.01127,0.30272,0.11729,-0.00738,0.27798,1.04868
1964,1766.5,21151341,1342642,0.656,0.315,11218,10890,14622,0.01365786,0,0,0.0906,0.172,0.327,0.0663,0.01152,0.30253,0.109,-0.00729,0.26135,1.05372
1965,1767.6,21162214,1343296,0.701,0.317,10683,10873,14597,0.0136546,0,0,0.0873,0.1944,0.3389,0.0801,0.01226,0.30399,0.10805,-0.00881,0.26275,1.06262
1966,1768.5,21173058,1343950,0.63,0.316,11468,10844,14565,0.01365134,0,0,0.0839,0.1723,0.3252,0.0486,0.01161,0.30313,0.12105,-0.00735,0.28557,1.05355
1967,1769.5,21183925,1344616,0.676,0.317,10939,10867,14596,0.01364808,0,0,0.0911,0.1816,0.3391,0.0645,0.01165,0.30454,0.10182,-0.00846,0.2493,1.05232
1968,1770.5,21194772,1345289,0.684,0.315,10858,10847,14574,0.01364482,0,0,0.0831,0.1835,0.3256,0.0915,0.01226,0.30186,0.09784,-0.00907,0.24208,1.03609
1969,1771.5,21205636,1345946,0.66,0.316,11127,10864,14560,0.01364157,0,0,0.0892,0.182,0.3303,0.0587,0.01235,0.30287,0.10929,-0.00999,0.26724,1.05089
1970,1772.5,21216436,1346612,0.72,0.315,10428,10800,14546,0.01363831,0,0,0.0956,0.1816,0.3467,0.0964,0.01299,0.30152,0.09218,-0.00774,0.22886,1.06409
1971,1773.5,21227266,1347253,0.639,0.314,11367,10830,14575,0.01363507,0,0,0.0867,0.1775,0.3273,0.0471,0.01117,0.30205,0.10236,-0.00965,0.25275,1.05337
1972,1774.4,21238103,1347914,0.634,0.317,11392,10837,14580,0.01363182,0,0,0.093,0.1806,0.3095,0.0509,0.01174,0.30469,0.10204,-0.00789,0.2486,1.05415
1973,1775.4,21248985,1348564,0.677,0.325,10866,10882,14608,0.01362857,0,0,0.0901,0.1868,0.3122,0.0875,0.01982,0.30385,0.11297,-0.00853,0.27056,1.01085
1974,1776.4,21259876,1349218,0.644,0.319,11312,10891,14633,0.0136253,0,0,0.0846,0.1818,0.3146,0.0629,0.01248,0.3055,0.09823,-0.00884,0.24235,1.03465
1975,1777.4,21270741,1349880,0.653,0.32,11164,10865,14593,0.01362204,0,0,0.0831,0.1825,0.3287,0.059,0.01214,0.3068,0.10355,-0.00701,0.24965,1.04722
1976,1778.4,21281637,1350528,0.729,0.322,10370,10896,14635,0.01361878,0,0,0.0971,0.1976,0.3287,0.105,0.01313,0.30823,0.10677,-0.00672,0.2552,1.0359
1977,1779.4,21292471,1351191,0.673,0.321,10893,10834,14545,0.01361551,0,0,0.0875,0.1938,0.3336,0.0586,0.01248,0.30779,0.11322,-0.00868,0.27137,1.01223
1978,1780.5,21303366,1351872,0.821,0.319,9563,10895,14651,0.01361226,0,0,0.0945,0.2088,0.3919,0.1254,0.01179,0.30583,0.11139,-0.00548,0.26254,1.05783
1979,1781.6,21314203,1352527,0.792,0.321,9743,10837,14541,0.01360899,0,0,0.0995,0.2454,0.3863,0.0605,0.01249,0.30698,0.12998,-0.00725,0.30177,1.00283
1980,1782.8,21325039,1353176,0.823,0.318,9502,10836,14564,0.01360574,0,0,0.0969,0.2268,0.3632,0.1359,0.01322,0.30354,0.11746,-0.00637,0.27663,1.06526
1981,1783.9,21335899,1353837,0.823,0.318,9521,10860,14612,0.01360249,0,0,0.0942,0.2426,0.4132,0.0727,0.01268,0.30437,0.11506,-0.00193,0.26273,1.05678
1982,1785.1,21346817,1354490,0.858,0.348,9054,10918,14625,0.01359923,0,0,0.098,0.238,0.3989,0.1233,0.01341,0.33268,0.11313,-0.00898,0.27268,1.04617
1983,1786.3,21357679,1355125,0.846,0.347,9099,10862,14582,0.01359595,0,0,0.1039,0.2418,0.4136,0.0873,0.01424,0.33189,0.10688,-0.00743,0.2566,1.02917
1984,1787.5,21368526,1355797,0.801,0.347,9449,10847,14598,0.0135927,0,0,0.096,0.2226,0.3625,0.1204,0.01336,0.33206,0.11252,-0.00661,0.26637,1.03412
1985,1788.5,21379366,1356451,0.734,0.324,10251,10840,14571,0.01358944,0,0,0.0972,0.2018,0.3833,0.0516,0.01409,0.3086,0.11749,-0.00876,0.2811,1.05225
1986,1789.6,21390170,1357117,0.711,0.325,10433,10804,14542,0.01358619,0,0,0.0971,0.1908,0.3197,0.1032,0.01295,0.311,0.10969,-0.00673,0.26073,1.02606
1987,1790.6,21401028,1357780,0.652,0.324,11126,10858,14572,0.01358295,0,0,0.0853,0.1872,0.3305,0.049,0.01414,0.30888,0.11556,-0.00936,0.27849,1.05466
1988,1791.6,21411901,1358432,0.73,0.322,10334,10873,14565,0.01357969,0,0,0.0858,0.2033,0.3764,0.0641,0.01265,0.30887,0.10956,-0.00579,0.25956,1.06241
1989,1792.6,21422750,1359091,0.71,0.315,10585,10849,14569,0.01357643,0,0,0.1015,0.1871,0.3281,0.0928,0.0133,0.30119,0.12006,-0.0094,0.28823,1.07899
1990,1793.6,21433617,1359752,0.648,0.316,11270,10867,14574,0.01357317,0,0,0.0911,0.1789,0.3282,0.0498,0.01222,0.303,0.13054,-0.00964,0.30967,1.08014
1991,1794.7,21444492,1360423,0.756,0.315,10155,10875,14615,0.01356991,0,0,0.087,0.1948,0.3586,0.1155,0.01063,0.30215,0.11551,-0.00862,0.27738,1.07362
1992,1795.7,21455339,1361077,0.683,0.315,10867,10847,14558,0.01356665,0,0,0.0841,0.1949,0.3547,0.0492,0.01183,0.30249,0.11795,-0.00952,0.28438,1.08495
1993,1796.7,21466145,1361741,0.695,0.313,10719,10806,14541,0.0135634,0,0,0.086,0.1864,0.3439,0.0785,0.01187,0.3007,0.11292,-0.00773,0.27139,1.10975
1994,1797.7,21476938,1362394,0.693,0.315,10714,10793,14537,0.01356016,0,0,0.0933,0.1797,0.3254,0.0941,0.0125,0.30134,0.11805,-0.00952,0.2853,1.11166
1995,1798.7,21487783,1363053,0.673,0.316,10958,10845,14564,0.01355692,0,0,0.0937,0.1775,0.3479,0.0544,0.01285,0.30223,0.10186,-0.01037,0.25391,1.08554
1996,1799.7,21498608,1363702,0.723,0.315,10428,10825,14531,0.01355367,0,0,0.0871,0.1909,0.3387,0.1063,0.01276,0.30146,0.10642,-0.00988,0.26174,1.07581
1997,1800.8,21509422,1364349,0.728,0.315,10369,10814,14533,0.01355042,0,0,0.0936,0.197,0.3731,0.0641,0.01285,0.30127,0.12504,-0.01144,0.30205,1.07346
1998,1801.8,21520259,1364979,0.69,0.315,10783,10837,14550,0.01354717,0,0,0.0921,0.1845,0.3492,0.0639,0.01314,0.30128,0.12397,-0.00877,0.29436,1.06625
1999,1802.9,21531086,1365617,0.749,0.316,10167,10827,14539,0.01354392,0,0,0.0911,0.2229,0.3628,0.0723,0.01312,0.30129,0.11467,-0.0108,0.28078,1.1017
2000,1804.0,21541885,1366258,0.74,0.319,10196,10799,14499,0.01354067,0,0,0.087,0.205,0.3658,0.0824,0.01476,0.30319,0.12489,-0.00961,0.29806,1.07314
2001,1805.5,21552756,1366874,0.671,0.32,10976,10871,14555,0.01353743,0,0,0.0892,0.1918,0.3391,0.0506,0.01393,0.30505,0.12706,-0.01133,0.30468,1.03046
2002,1806.6,21563641,1367490,0.693,0.316,10790,10885,14542,0.01353417,0,0,0.0951,0.1821,0.3417,0.0738,0.01276,0.30222,0.13005,-0.00794,0.30462,1.05786
2003,1807.6,21574528,1368139,0.66,0.316,11150,10887,14565,0.01353091,0,0,0.0858,0.1875,0.3342,0.0527,0.01189,0.30336,0.12374,-0.00469,0.28491,1.0369
2004,1808.5,21585357,1368771,0.605,0.323,11678,10829,14508,0.01352764,0,0,0.0797,0.1696,0.3114,0.044,0.01321,0.30854,0.12639,-0.01107,0.30324,1.04676
2005,1809.5,21596255,1369386,0.66,0.32,11117,10898,14568,0.01352439,0,0,0.0859,0.175,0.3232,0.0759,0.01205,0.30728,0.11696,-0.0121,0.28645,1.0471
2006,1810.4,21607081,1370024,0.622,0.318,11510,10826,14507,0.01352112,0,0,0.0831,0.173,0.3237,0.0423,0.01216,0.30485,0.11003,-0.01194,0.27186,1.0327
2007,1811.4,21618004,1370633,0.658,0.321,11150,10923,14602,0.01351788,0,0,0.081,0.171,0.3072,0.099,0.01209,0.30842,0.11085,-0.00983,0.2694,1.03758
2008,1812.3,21628890,1371262,0.603,0.322,11762,10886,14561,0.0135146,0,0,0.0814,0.1687,0.3031,0.0502,0.01296,0.30807,0.11326,-0.01256,0.27918,1.01883
2009,1813.3,21639784,1371884,0.592,0.322,11924,10894,14577,0.01351133,0,0,0.0809,0.1533,0.3033,0.0542,0.01211,0.30874,0.13226,-0.01138,0.31503,1.02714
2010,1814.3,21650667,1372518,0.707,0.318,10613,10883,14558,0.01350806,0,0,0.0938,0.184,0.3338,0.0957,0.01212,0.30535,0.12209,-0.00832,0.28815,1.01136
2011,1815.2,21661535,1373142,0.613,0.321,11640,10868,14563,0.0135048,0,0,0.0778,0.1607,0.3265,0.0481,0.01193,0.30772,0.1149,-0.00847,0.27484,1.04001
2012,1816.2,21672428,1373764,0.617,0.321,11613,10893,14584,0.01350154,0,0,0.0793,0.1641,0.3262,0.047,0.01304,0.30762,0.11424,-0.01171,0.28029,1.05164
2013,1817.1,21683259,1374392,0.634,0.339,11130,10831,14525,0.01349827,0,0,0.0866,0.173,0.3216,0.0528,0.01256,0.32566,0.1027,-0.01308,0.25932,1.02791
2014,1818.1,21694142,1375006,0.607,0.339,11502,10883,14587,0.01349502,0,0,0.0823,0.1595,0.3181,0.0475,0.01329,0.32466,0.11204,-0.0103,0.27295,1.04787
2015,1819.1,21705036,1375628,0.661,0.341,10876,10894,14576,0.01349176,0,0,0.0933,0.1699,0.3258,0.072,0.01315,0.32617,0.12594,-0.00715,0.29469,1.0564
2016,1820.1,21715909,1376247,0.675,0.338,10730,10873,14547,0.01348849,0,0,0.0869,0.1751,0.3365,0.0766,0.01306,0.32425,0.12797,-0.01032,0.304,1.01627
2017,1821.1,21726824,1376875,0.678,0.337,10753,10915,14606,0.01348523,0,0,0.0901,0.1865,0.3296,0.0717,0.01191,0.32443,0.11931,-0.01048,0.28767,1.04133
2018,1822.1,21737724,1377511,0.672,0.321,10975,10900,14578,0.01348195,0,0,0.0784,0.1859,0.3196,0.0884,0.01239,0.30771,0.11822,-0.00983,0.28377,1.02641
2019,1823.1,21748625,1378129,0.637,0.324,11338,10901,14570,0.01347868,0,0,0.0822,0.1815,0.3221,0.0516,0.01314,0.31009,0.11036,-0.00846,0.26538,1.02852
2020,1824.0,21759479,1378762,0.608,0.325,11638,10854,14531,0.01347541,0,0,0.0799,0.1624,0.3113,0.054,0.0124,0.31171,0.11004,-0.00786,0.26337,1.02282
2021,1824.9,21770358,1379390,0.585,0.317,12053,10879,14571,0.01347216,0,0,0.0757,0.153,0.2876,0.0691,0.01269,0.30368,0.1167,-0.00762,0.27609,1.01873
2022,1825.8,21781146,1380028,0.584,0.318,11961,10788,14495,0.01346889,0,0,0.075,0.1594,0.3049,0.0448,0.01159,0.30521,0.1309,-0.00659,0.30221,1.01114
2023,1826.7,21792034,1380656,0.56,0.317,12423,10888,14563,0.01346566,0,0,0.0776,0.1403,0.2993,0.0426,0.01167,0.3041,0.12295,-0.01103,0.29473,0.99422
2024,1827.6,21802861,1381293,0.565,0.316,12290,10827,14523,0.01346239,0,0,0.0716,0.1331,0.2892,0.0714,0.01188,0.30312,0.11677,-0.01014,0.28132,1.02165
2025,1828.4,21813722,1381927,0.569,0.315,12285,10861,14563,0.01345914,0,0,0.0755,0.1451,0.3024,0.0462,0.0113,0.30287,0.11174,-0.00734,0.26504,0.99866
2026,1829.3,21824592,1382554,0.562,0.316,12382,10870,14583,0.01345588,0,0,0.0768,0.1484,0.2941,0.0426,0.0109,0.30444,0.11648,-0.01068,0.28159,1.01394
2027,1830.2,21835461,1383192,0.598,0.318,11860,10869,14532,0.01345262,0,0,0.0767,0.1474,0.2926,0.0817,0.01214,0.30467,0.10873,-0.00954,0.26368,1.00804
2028,1831.1,21846304,1383840,0.564,0.317,12310,10843,14528,0.01344936,0,0,0.0748,0.1466,0.2944,0.0476,0.01236,0.30423,0.10931,-0.00975,0.26578,1.02831
2029,1832.0,21857146,1384476,0.545,0.315,12604,10842,14529,0.01344611,0,0,0.0729,0.1462,0.2891,0.0372,0.01142,0.30266,0.12307,-0.01094,0.29551,1.02213
2030,1832.9,21867991,1385111,0.574,0.314,12207,10845,14527,0.01344286,0,0,0.0728,0.1395,0.2823,0.0797,0.01058,0.30277,0.12115,-0.01042,0.29081,1.02865
2031,1833.7,21878829,1385739,0.553,0.314,12499,10838,14509,0.0134396,0,0,0.075,0.1441,0.2897,0.0444,0.01149,0.30159,0.12627,-0.00816,0.29614,1.01473
2032,1834.6,21889663,1386374,0.538,0.312,12746,10834,14502,0.01343635,0,0,0.0714,0.134,0.289,0.0432,0.01111,0.30065,0.12543,-0.00857,0.29481,0.99808
2033,1835.5,21900465,1387009,0.563,0.313,12338,10802,14498,0.0134331,0,0,0.0757,0.1386,0.2866,0.0616,0.01121,0.30088,0.12807,-0.01033,0.30341,0.99112
2034,1836.3,21911303,1387648,0.477,0.315,13692,10838,14510,0.01342986,0,0,0.0653,0.1205,0.2557,0.0355,0.0115,0.30229,0.11084,-0.00802,0.2651,1.01959
2035,1837.1,21922127,1388282,0.488,0.316,13462,10824,14524,0.01342661,0,0,0.0703,0.1222,0.2603,0.0351,0.01143,0.30409,0.11344,-0.01186,0.2784,1.03562
2036,1837.9,21932939,1388924,0.495,0.311,13408,10812,14503,0.01342336,0,0,0.0639,0.1164,0.262,0.0526,0.01157,0.29931,0.11227,-0.00984,0.27161,1.02036
2037,1838.6,21943797,1389544,0.432,0.312,14599,10858,14554,0.01342012,0,0,0.0573,0.1018,0.2417,0.031,0.0104,0.30103,0.1113,-0.01058,0.27135,1.02784
2038,1839.4,21954652,1390190,0.427,0.313,14656,10855,14549,0.01341686,0,0,0.0578,0.0983,0.2363,0.0349,0.01086,0.30187,0.113,-0.00795,0.26988,1.04329
2039,1840.1,21965484,1390816,0.475,0.312,13753,10832,14501,0.0134136,0,0,0.0589,0.1118,0.2436,0.0608,0.01133,0.30016,0.11306,-0.00715,0.26807,1.03057
2040,1840.9,21976330,1391445,0.462,0.317,13915,10846,14541,0.01341035,0,0,0.0608,0.1165,0.2515,0.0335,0.01081,0.30574,0.11618,-0.00993,0.27963,1.02184
2041,1841.7,21987227,1392067,0.45,0.317,14213,10897,14588,0.0134071,0,0,0.0598,0.1106,0.2459,0.0337,0.01102,0.30498,0.11487,-0.0091,0.27522,1.01763
2042,1842.5,21998097,1392698,0.492,0.317,13443,10870,14566,0.01340383,0,0,0.0622,0.1109,0.2564,0.0621,0.01003,0.30636,0.1169,-0.00816,0.27833,1.05293
2043,1843.3,22008952,1393341,0.46,0.315,13999,10855,14530,0.01340057,0,0,0.0626,0.1129,0.2479,0.0367,0.01175,0.30296,0.11923,-0.01064,0.28775,1.04544
2044,1844.0,22019808,1393957,0.455,0.317,14055,10856,14519,0.01339731,0,0,0.0613,0.1122,0.2492,0.0325,0.0119,0.30453,0.1223,-0.00801,0.28825,1.03105
2045,1844.8,22030711,1394584,0.482,0.317,13635,10903,14591,0.01339406,0,0,0.0625,0.1122,0.2497,0.0578,0.01156,0.30521,0.1265,-0.00997,0.30085,1.04171
2046,1845.6,22041567,1395219,0.452,0.315,14154,10856,14528,0.01339079,0,0,0.0607,0.1074,0.2423,0.0418,0.01088,0.30328,0.10845,-0.0077,0.26026,1.04346
2047,1846.5,22052413,1395857,0.537,0.327,12561,10846,14542,0.01338753,0,0,0.0673,0.127,0.2701,0.0724,0.0125,0.31106,0.12392,-0.01111,0.2978,1.03597
2048,1847.4,22063283,1396495,0.601,0.323,11770,10870,14554,0.01338428,0,0,0.0709,0.1397,0.2735,0.1168,0.01263,0.30901,0.11172,-0.01456,0.28011,1.02931
2049,1848.3,22074200,1397125,0.603,0.327,11742,10917,14604,0.01338102,0,0,0.0637,0.114,0.2516,0.1736,0.01125,0.31469,0.11752,-0.01075,0.28375,1.01705
2050,1849.2,22085102,1397760,0.546,0.341,12298,10902,14586,0.01337774,0,0,0.0754,0.1405,0.2953,0.0348,0.01208,0.32785,0.11569,-0.00872,0.27595,1.01412
2051,1850.1,22095949,1398398,0.514,0.339,12710,10847,14529,0.01337447,0,0,0.065,0.1152,0.2582,0.076,0.01115,0.32728,0.10681,-0.00939,0.25927,1.00466
2052,1851.0,22106839,1399027,0.501,0.344,12891,10890,14564,0.01337122,0,0,0.066,0.124,0.266,0.0445,0.01192,0.33169,0.12269,-0.00984,0.29159,0.99161
2053,1851.8,22117754,1399650,0.502,0.341,12947,10915,14584,0.01336795,0,0,0.0673,0.1254,0.2641,0.0454,0.01202,0.32827,0.12316,-0.0075,0.28751,0.97972
2054,1852.7,22128586,1400274,0.505,0.32,13134,10832,14508,0.01336467,0,0,0.0614,0.1161,0.2618,0.0656,0.01097,0.30822,0.11778,-0.00778,0.27786,1.00022
2055,1853.4,22139498,1400916,0.448,0.32,14214,10912,14578,0.01336142,0,0,0.0584,0.1105,0.2436,0.0353,0.01197,0.30719,0.12329,-0.00736,0.28826,1.00862
2056,1854.2,22150393,1401535,0.461,0.318,13971,10895,14556,0.01335815,0,0,0.0619,0.1143,0.253,0.0323,0.01091,0.30688,0.12288,-0.01055,0.29298,0.97758
2057,1855.0,22161271,1402157,0.475,0.318,13727,10878,14548,0.01335488,0,0,0.057,0.1063,0.2377,0.0736,0.01114,0.306,0.11855,-0.00938,0.28248,0.997
2058,1855.8,22172197,1402774,0.459,0.319,14055,10926,14620,0.01335162,0,0,0.0615,0.1124,0.2494,0.0353,0.01193,0.30624,0.12965,-0.00258,0.29087,0.98881
2059,1856.6,22183039,1403399,0.456,0.314,14079,10842,14516,0.01334834,0,0,0.059,0.1052,0.2466,0.0454,0.01113,0.302,0.12009,-0.00851,0.28374,0.99468
2060,1857.4,22193874,1404025,0.49,0.313,13489,10835,14521,0.01334509,0,0,0.0591,0.108,0.2451,0.0782,0.01057,0.30157,0.11432,-0.01024,0.27631,1.01885
2061,1858.1,22204747,1404660,0.434,0.311,14589,10873,14548,0.01334184,0,0,0.0576,0.1028,0.2357,0.0384,0.01135,0.29895,0.11123,-0.00979,0.26861,0.99616
2062,1858.8,22215593,1405297,0.416,0.312,14888,10846,14542,0.01333858,0,0,0.0563,0.0996,0.2321,0.028,0.01031,0.30155,0.12616,-0.00772,0.2947,1.01038
2063,1859.6,22226431,1405928,0.48,0.311,13695,10838,14522,0.01333532,0,0,0.0591,0.1078,0.2406,0.0726,0.01121,0.29952,0.12038,-0.01057,0.28904,1.01798
2064,1860.4,22237304,1406548,0.435,0.312,14557,10873,14522,0.01333207,0,0,0.0563,0.1017,0.237,0.0398,0.01108,0.30021,0.12166,-0.00841,0.28696,1.00553
2065,1861.1,22248168,1407188,0.422,0.311,14822,10864,14566,0.01332881,0,0,0.0566,0.1008,0.2334,0.031,0.01137,0.29921,0.11573,-0.01215,0.28337,1.0363
2066,1861.9,22259043,1407804,0.47,0.309,13956,10875,14576,0.01332555,0,0,0.0582,0.1056,0.2349,0.0713,0.00997,0.29865,0.11823,-0.01118,0.2867,1.04578
2067,1862.6,22269932,1408438,0.433,0.311,14626,10889,14583,0.01332229,0,0,0.0585,0.1012,0.2418,0.0316,0.01176,0.29901,0.1143,-0.01186,0.28009,1.04202
2068,1863.4,22280818,1409071,0.445,0.313,14355,10886,14577,0.01331902,0,0,0.0618,0.1089,0.2401,0.0343,0.01076,0.30189,0.11696,-0.00945,0.2809,1.05472
2069,1864.2,22291715,1409702,0.468,0.309,14009,10897,14585,0.01331575,0,0,0.0576,0.1065,0.2408,0.0635,0.01066,0.29819,0.11789,-0.01132,0.28666,1.06074
2070,1864.9,22302579,1410330,0.448,0.313,14275,10864,14550,0.01331249,0,0,0.0593,0.1099,0.242,0.037,0.01173,0.30038,0.11244,-0.01385,0.28043,1.04634
2071,1865.8,22313468,1410962,0.546,0.315,12640,10889,14564,0.01330923,0,0,0.0741,0.1495,0.2859,0.0369,0.01145,0.30277,0.10173,-0.01018,0.25235,1.07233
2072,1866.7,22324352,1411585,0.647,0.311,11363,10884,14564,0.01330596,0,0,0.0796,0.1594,0.3327,0.0749,0.01178,0.29855,0.11824,-0.00914,0.2825,1.04227
2073,1867.6,22335233,1412225,0.565,0.312,12412,10881,14563,0.01330269,0,0,0.0758,0.152,0.2966,0.0406,0.01157,0.29927,0.1128,-0.01098,0.27508,1.03413
2074,1868.5,22346115,1412852,0.542,0.315,12697,10882,14583,0.01329943,0,0,0.0731,0.1426,0.288,0.0388,0.01071,0.30314,0.10355,-0.00912,0.2529,1.03617
2075,1869.4,22357035,1413498,0.565,0.315,12416,10920,14573,0.01329617,0,0,0.074,0.1406,0.2858,0.0642,0.01107,0.30331,0.10724,-0.00989,0.26257,1.0648
2076,1870.2,22367889,1414143,0.513,0.313,13138,10854,14537,0.01329289,0,0,0.0701,0.1235,0.2835,0.0356,0.01041,0.30217,0.10632,-0.01166,0.26411,1.05884
2077,1871.1,22378779,1414788,0.56,0.313,12477,10890,14579,0.01328963,0,0,0.0777,0.1493,0.2916,0.0417,0.01154,0.3004,0.11244,-0.0083,0.27049,1.09093
2078,1871.9,22389606,1415429,0.493,0.314,13415,10827,14494,0.01328637,0,0,0.0646,0.1143,0.2636,0.0505,0.01176,0.30165,0.11453,-0.01035,0.27826,1.07237
2079,1872.7,22400511,1416091,0.469,0.317,13889,10905,14593,0.01328312,0,0,0.0651,0.1165,0.2507,0.0364,0.01152,0.30447,0.10059,-0.01037,0.25059,1.07867
2080,1873.5,22411417,1416756,0.525,0.317,12948,10906,14599,0.01327985,0,0,0.0708,0.1337,0.2836,0.0372,0.01145,0.30474,0.10575,-0.01069,0.26121,1.06605
2081,1874.4,22422306,1417427,0.558,0.317,12441,10889,14583,0.01327657,0,0,0.0727,0.1474,0.2745,0.0638,0.01196,0.30414,0.11029,-0.00964,0.26788,1.05577
2082,1875.2,22433216,1418080,0.516,0.316,13114,10910,14593,0.01327331,0,0,0.0715,0.1426,0.2674,0.0344,0.01137,0.30337,0.11288,-0.01066,0.27527,1.06188
2083,1876.1,22444102,1418735,0.543,0.316,12664,10886,14558,0.01327004,0,0,0.0725,0.1305,0.2852,0.055,0.01158,0.30431,0.11051,-0.01154,0.27253,1.07189
2084,1876.9,22455060,1419401,0.539,0.317,12798,10958,14622,0.01326677,0,0,0.0718,0.1351,0.2773,0.0551,0.01169,0.30459,0.11433,-0.01284,0.2816,1.02731
2085,1877.8,22465943,1420064,0.505,0.322,13166,10883,14572,0.01326348,0,0,0.0705,0.1214,0.2726,0.0404,0.01165,0.30869,0.10349,-0.01086,0.25633,1.04204
2086,1878.6,22476839,1420726,0.567,0.316,12329,10896,14579,0.01326022,0,0,0.0764,0.1488,0.3002,0.042,0.01218,0.30359,0.1042,-0.0128,0.26177,1.04739
2087,1879.5,22487702,1421414,0.592,0.315,11975,10863,14560,0.01325695,0,0,0.0771,0.1491,0.3015,0.0645,0.01128,0.30284,0.10301,-0.0122,0.25839,1.05474
2088,1880.4,22498556,1422073,0.555,0.332,12231,10854,14545,0.01325369,0,0,0.072,0.1564,0.2831,0.0435,0.01171,0.3194,0.11242,-0.0107,0.27317,1.01546
2089,1881.4,22509458,1422735,0.604,0.346,11479,10902,14596,0.01325043,0,0,0.0821,0.158,0.3073,0.0564,0.01302,0.33209,0.12989,-0.01076,0.30865,1.03217
2090,1882.4,22520322,1423408,0.644,0.347,10967,10864,14536,0.01324716,0,0,0.0844,0.1629,0.3084,0.0882,0.01242,0.33344,0.13213,-0.00874,0.30809,0.99496
2091,1883.3,22531221,1424078,0.606,0.348,11425,10899,14578,0.0132439,0,0,0.0835,0.1606,0.3178,0.0436,0.01268,0.33479,0.11856,-0.00946,0.28224,0.98855
2092,1884.3,22542082,1424719,0.589,0.345,11621,10861,14526,0.01324063,0,0,0.083,0.155,0.3104,0.0411,0.0123,0.33189,0.12373,-0.00853,0.29049,0.98085
2093,1885.3,22552957,1425381,0.708,0.352,10255,10875,14545,0.01323738,0,0,0.0897,0.1869,0.3525,0.0792,0.01489,0.33618,0.12414,-0.00915,0.29256,0.98184
2094,1886.4,22563788,1426019,0.725,0.353,10048,10831,14500,0.01323411,0,0,0.0863,0.2087,0.3731,0.0569,0.01243,0.33979,0.13113,-0.01008,0.30861,0.98972
2095,1887.4,22574661,1426699,0.681,0.331,10743,10873,14541,0.01323086,0,0,0.0869,0.1754,0.3352,0.084,0.01532,0.3144,0.13028,-0.01066,0.30814,0.9921
2096,1888.3,22585518,1427334,0.6,0.321,11782,10857,14524,0.0132276,0,0,0.0815,0.1652,0.3118,0.0419,0.01282,0.30746,0.12324,-0.0102,0.29342,1.00364
2097,1889.3,22596383,1427983,0.638,0.324,11291,10865,14524,0.01322434,0,0,0.0869,0.1815,0.3125,0.057,0.01365,0.30995,0.11888,-0.01003,0.28397,0.98871
2098,1890.2,22607207,1428625,0.606,0.321,11675,10824,14471,0.01322109,0,0,0.0807,0.1561,0.3077,0.0613,0.01166,0.30854,0.12162,-0.00866,0.28662,0.98506
2099,1891.1,22618067,1429282,0.581,0.318,12080,10860,14551,0.01321784,0,0,0.0755,0.1489,0.2963,0.0603,0.01154,0.30559,0.11319,-0.01055,0.27434,1.01635
2100,1892.0,22628903,1429948,0.557,0.321,12344,10836,14489,0.01321458,0,0,0.0786,0.1494,0.2913,0.0376,0.01131,0.30831,0.12305,-0.00847,0.2897,1.00864
2101,1892.9,22639705,1430600,0.597,0.317,11819,10802,14455,0.01321133,0,0,0.0771,0.1462,0.3058,0.0682,0.01133,0.30472,0.11712,-0.00897,0.27834,0.98926
2102,1893.9,22650453,1431251,0.595,0.32,11751,10748,14437,0.01320809,0,0,0.0809,0.1657,0.3056,0.0429,0.01171,0.30706,0.13288,-0.00939,0.31055,0.98465
2103,1894.8,22661261,1431914,0.584,0.317,11995,10808,14481,0.01320486,0,0,0.0725,0.155,0.2825,0.074,0.01098,0.30545,0.11886,-0.01171,0.2877,1.00547
2104,1895.8,22672026,1432584,0.611,0.319,11571,10765,14456,0.01320162,0,0,0.082,0.1727,0.3091,0.0473,0.01188,0.3065,0.113,-0.01103,0.27456,1.00388
2105,1896.6,22682859,1433229,0.564,0.319,12275,10833,14493,0.01319839,0,0,0.0799,0.1437,0.3015,0.0387,0.01135,0.30662,0.11726,-0.01022,0.28122,0.99547
2106,1897.6,22693631,1433874,0.621,0.322,11424,10772,14438,0.01319514,0,0,0.0761,0.1549,0.3139,0.0763,0.01149,0.30941,0.11645,-0.00893,0.27731,1.00579
2107,1898.5,22704406,1434527,0.567,0.321,12131,10775,14444,0.01319191,0,0,0.0798,0.145,0.2909,0.0516,0.01265,0.30752,0.12085,-0.00603,0.28025,1.00433
2108,1899.4,22715242,1435189,0.602,0.32,11746,10836,14513,0.01318868,0,0,0.0705,0.1408,0.3068,0.084,0.01158,0.30832,0.11397,-0.00949,0.27411,1.0309
2109,1900.3,22726025,1435849,0.568,0.318,12161,10783,14448,0.01318543,0,0,0.0819,0.143,0.2996,0.044,0.01084,0.30572,0.11926,-0.00978,0.28459,1.00553
2110,1901.2,22736832,1436516,0.553,0.321,12370,10807,14483,0.01318219,0,0,0.0752,0.1378,0.2963,0.0436,0.01255,0.30744,0.13317,-0.00988,0.31277,1.01131
2111,1902.1,22747653,1437175,0.564,0.323,12209,10821,14504,0.01317895,0,0,0.0746,0.1391,0.2838,0.0661,0.01159,0.31045,0.13378,-0.01088,0.31568,0.99983
2112,1902.9,22758466,1437827,0.534,0.321,12644,10813,14482,0.0131757,0,0,0.0801,0.1376,0.2802,0.0359,0.01296,0.30793,0.13298,-0.00634,0.3045,0.98148
2113,1903.7,22769256,1438494,0.516,0.321,12893,10790,14447,0.01317246,0,0,0.0688,0.1263,0.2739,0.0466,0.01207,0.30844,0.12429,-0.00936,0.293,0.97547
2114,1904.6,22780081,1439163,0.551,0.322,12404,10825,14503,0.01316922,0,0,0.0668,0.1302,0.271,0.0828,0.01135,0.30989,0.11836,-0.00909,0.28124,1.00006
2115,1905.4,22790851,1439829,0.504,0.322,13044,10770,14461,0.01316598,0,0,0.072,0.1296,0.2647,0.0376,0.01095,0.30984,0.1287,-0.00987,0.30307,0.98421
2116,1906.2,22801655,1440497,0.481,0.32,13493,10804,14471,0.01316274,0,0,0.066,0.1233,0.2588,0.0328,0.01151,0.30766,0.12465,-0.00848,0.29178,0.96925
2117,1907.1,22812486,1441156,0.53,0.32,12742,10831,14529,0.0131595,0,0,0.0694,0.125,0.2635,0.0723,0.01081,0.30837,0.13634,-0.01013,0.31969,1.0161
2118,1907.9,22823361,1441800,0.531,0.318,12799,10875,14555,0.01315625,0,0,0.077,0.139,0.2782,0.0372,0.01145,0.30614,0.134,-0.00768,0.30935,0.98724
2119,1908.8,22834217,1442482,0.56,0.322,12318,10856,14547,0.01315299,0,0,0.0701,0.1354,0.2758,0.0783,0.0112,0.3098,0.12041,-0.00967,0.28706,1.02202
2120,1909.7,22845075,1443154,0.502,0.322,13183,10858,14545,0.01314973,0,0,0.0689,0.129,0.269,0.0352,0.01153,0.30921,0.12145,-0.01081,0.29111,1.0106
2121,1910.5,22855899,1443821,0.487,0.321,13411,10824,14513,0.01314648,0,0,0.0666,0.1232,0.2588,0.0379,0.01149,0.3081,0.12273,-0.01022,0.29251,1.01168
2122,1911.3,22866679,1444490,0.544,0.32,12468,10780,14444,0.01314323,0,0,0.0709,0.1277,0.2714,0.0741,0.01116,0.30872,0.13082,-0.00855,0.3059,1.03362
2123,1912.1,22877516,1445151,0.481,0.32,13540,10837,14502,0.01314,0,0,0.0659,0.1178,0.2622,0.0346,0.01145,0.30742,0.10885,-0.00941,0.26387,1.04047
2124,1913.0,22888318,1445801,0.514,0.323,12902,10802,14469,0.01313675,0,0,0.0734,0.1293,0.2732,0.0383,0.01152,0.31079,0.12959,-0.0079,0.3023,1.03964
2125,1913.8,22899129,1446451,0.559,0.324,12243,10811,14447,0.0131335,0,0,0.0755,0.1341,0.2744,0.0747,0.01149,0.31196,0.13475,-0.00755,0.31167,1.03008
2126,1914.7,22909915,1447113,0.521,0.322,12789,10786,14458,0.01313026,0,0,0.0738,0.1364,0.2694,0.042,0.01116,0.31014,0.12389,-0.01058,0.29621,1.03774
2127,1915.5,22920690,1447775,0.519,0.321,12819,10775,14452,0.01312703,0,0,0.0726,0.1325,0.2775,0.0364,0.01144,0.30941,0.1187,-0.00948,0.28331,1.02638
2128,1916.4,22931490,1448430,0.51,0.319,13034,10800,14460,0.01312379,0,0,0.067,0.118,0.2573,0.0678,0.01103,0.307,0.13219,-0.00815,0.30717,1.00882
2129,1917.2,22942263,1449095,0.493,0.321,13245,10773,14456,0.01312055,0,0,0.0673,0.1226,0.265,0.0379,0.0109,0.30887,0.11881,-0.01043,0.28534,1.02363
2130,1918.0,22953074,1449762,0.503,0.325,13058,10811,14474,0.01311732,0,0,0.0704,0.1222,0.2725,0.0384,0.01136,0.31249,0.11656,-0.01035,0.28071,1.02491
2131,1918.9,22963919,1450422,0.546,0.32,12521,10845,14500,0.01311408,0,0,0.0716,0.1342,0.2785,0.0619,0.01054,0.30849,0.14332,-0.01044,0.33404,1.01113
2132,1919.7,22974742,1451071,0.53,0.325,12649,10823,14505,0.01311082,0,0,0.0696,0.1447,0.2765,0.0396,0.01208,0.31239,0.12183,-0.01044,0.291,1.00886
2133,1920.6,22985570,1451748,0.53,0.317,12785,10828,14476,0.01310758,0,0,0.0722,0.1419,0.2804,0.0354,0.01062,0.30517,0.12601,-0.01241,0.30312,1.00323
2134,1921.4,22996358,1452387,0.525,0.311,12898,10788,14441,0.01310433,0,0,0.0682,0.1228,0.2638,0.0702,0.01046,0.30036,0.13144,-0.01128,0.31196,1.01169
2135,1922.2,23007131,1453055,0.499,0.312,13274,10773,14447,0.01310109,0,0,0.0648,0.1335,0.2664,0.0344,0.01132,0.30049,0.12242,-0.01116,0.29335,0.99938
2136,1923.1,23017893,1453722,0.533,0.315,12682,10762,14385,0.01309786,0,0,0.0703,0.1328,0.2813,0.0491,0.01177,0.30277,0.13461,-0.00972,0.31464,0.99163
2137,1923.9,23028645,1454365,0.477,0.311,13647,10752,14416,0.01309463,0,0,0.0641,0.1163,0.2561,0.0407,0.01169,0.29828,0.13406,-0.00982,0.31376,0.99315
2138,1924.7,23039426,1455024,0.494,0.313,13361,10781,14437,0.01309141,0,0,0.0665,0.1249,0.2631,0.0397,0.0115,0.30047,0.13131,-0.0082,0.30592,1.0275
2139,1925.5,23050184,1455662,0.511,0.314,13039,10758,14421,0.01308817,0,0,0.0654,0.1211,0.2617,0.0624,0.01212,0.30081,0.13708,-0.00657,0.31353,1.00256
2140,1926.3,23060911,1456333,0.498,0.312,13248,10727,14394,0.01308494,0,0,0.0673,0.1282,0.2676,0.035,0.0101,0.30076,0.13229,-0.00904,0.30872,0.99632
2141,1927.2,23071601,1457005,0.588,0.317,11812,10690,14372,0.01308173,0,0,0.0814,0.1466,0.307,0.0535,0.0119,0.30392,0.12825,-0.01069,0.3044,1.01363
2142,1928.1,23082330,1457639,0.61,0.312,11645,10729,14395,0.01307852,0,0,0.0781,0.1538,0.3052,0.0726,0.01144,0.29895,0.12182,-0.0068,0.28389,1.01852
2143,1929.1,23093043,1458284,0.7,0.318,10524,10713,14395,0.0130753,0,0,0.0957,0.1708,0.3138,0.1198,0.0123,0.30414,0.13754,-0.01002,0.32167,1.01526
2144,1930.1,23103821,1458919,0.646,0.311,11267,10778,14446,0.01307209,0,0,0.0701,0.1297,0.2753,0.1705,0.01061,0.29975,0.13593,-0.01005,0.31911,1.0384
2145,1931.0,23114544,1459573,0.609,0.311,11661,10723,14393,0.01306885,0,0,0.0768,0.1533,0.2974,0.081,0.01169,0.29857,0.12997,-0.00794,0.30321,1.04737
2146,1931.9,23125265,1460218,0.522,0.311,12875,10721,14394,0.01306564,0,0,0.0722,0.1387,0.2778,0.0334,0.01079,0.299,0.13284,-0.01065,0.31435,1.04692
2147,1932.7,23135972,1460853,0.568,0.315,12125,10707,14380,0.01306242,0,0,0.0718,0.1451,0.2899,0.0615,0.01354,0.30038,0.14427,-0.00753,0.33035,1.02339
2148,1933.6,23146670,1461486,0.586,0.312,11918,10698,14382,0.01305921,0,0,0.0807,0.1599,0.304,0.0412,0.01071,0.30032,0.12573,-0.00923,0.2971,1.04112
2149,1934.5,23157410,1462128,0.572,0.311,12168,10740,14404,0.013056,0,0,0.0759,0.153,0.3025,0.0404,0.0114,0.29871,0.1211,-0.00935,0.28847,1.05538
2150,1935.4,23168163,1462786,0.575,0.315,12082,10753,14428,0.01305278,0,0,0.0745,0.1335,0.2886,0.0787,0.01202,0.30174,0.12452,-0.00816,0.29199,1.02017
2151,1936.3,23178914,1463427,0.554,0.315,12378,10751,14385,0.01304955,0,0,0.0734,0.139,0.3002,0.0413,0.01329,0.30047,0.13076,-0.00969,0.30745,1.01682
2152,1937.2,23189664,1464056,0.556,0.313,12373,10750,14399,0.01304633,0,0,0.0757,0.1491,0.2881,0.0428,0.01154,0.30094,0.12219,-0.00985,0.2904,1.00856
2153,1938.2,23200434,1464689,0.615,0.314,11589,10770,14420,0.0130431,0,0,0.0819,0.1537,0.3018,0.0777,0.01179,0.30153,0.12804,-0.00959,0.30157,1.00858
2154,1939.1,23211199,1465320,0.582,0.314,12018,10765,14432,0.01303987,0,0,0.0828,0.1577,0.3002,0.0413,0.01118,0.30176,0.12317,-0.00991,0.29248,1.00949
2155,1939.9,23221976,1465943,0.549,0.312,12521,10777,14449,0.01303664,0,0,0.0725,0.1469,0.2862,0.0435,0.0112,0.29969,0.13647,-0.00958,0.31766,0.9805
2156,1940.9,23232750,1466589,0.616,0.313,11597,10774,14450,0.01303341,0,0,0.078,0.1482,0.3033,0.0867,0.01259,0.29954,0.13203,-0.01113,0.31199,0.98436
2157,1941.7,23243472,1467209,0.57,0.309,12198,10722,14367,0.01303018,0,0,0.0753,0.1553,0.2986,0.0413,0.01054,0.29721,0.12921,-0.00992,0.30403,0.98886
2158,1942.6,23254203,1467850,0.596,0.312,11811,10731,14398,0.01302696,0,0,0.0727,0.1463,0.2991,0.0782,0.01207,0.29962,0.14177,-0.00824,0.32529,0.97004
2159,1943.5,23264959,1468487,0.558,0.314,12327,10756,14394,0.01302374,0,0,0.0753,0.1492,0.2928,0.0409,0.01326,0.30044,0.13289,-0.00759,0.30629,0.97202
2160,1944.4,23275681,1469119,0.592,0.313,11849,10722,14399,0.01302051,0,0,0.0794,0.1599,0.3101,0.0427,0.01127,0.30075,0.12647,-0.01131,0.3016,1.0002
2161,1945.3,23286398,1469771,0.567,0.314,12154,10717,14357,0.0130173,0,0,0.0759,0.1438,0.2844,0.0633,0.01141,0.30155,0.12678,-0.01107,0.30084,0.96518
2162,1946.2,23297119,1470406,0.594,0.314,11806,10721,14360,0.01301408,0,0,0.0805,0.1575,0.2975,0.0585,0.01127,0.30213,0.12501,-0.00959,0.29467,0.97875
2163,1947.1,23307828,1471046,0.558,0.312,12312,10709,14363,0.01301086,0,0,0.0739,0.1553,0.2908,0.0378,0.0115,0.29986,0.13113,-0.00935,0.30589,0.9577
2164,1947.9,23318583,1471683,0.547,0.311,12539,10755,14442,0.01300765,0,0,0.0748,0.1422,0.2706,0.0592,0.0111,0.29906,0.12206,-0.00828,0.28597,0.97152
2165,1948.8,23329342,1472329,0.53,0.311,12797,10759,14412,0.01300443,0,0,0.0742,0.1399,0.2793,0.0367,0.01108,0.29886,0.13481,-0.00903,0.31268,0.96067
2166,1949.6,23340088,1472953,0.531,0.309,12794,10746,14397,0.0130012,0,0,0.0715,0.1442,0.2762,0.0393,0.01078,0.29738,0.11964,-0.01046,0.28497,0.95308
2167,1950.5,23350859,1473589,0.562,0.31,12352,10771,14433,0.01299797,0,0,0.0753,0.1381,0.2713,0.0778,0.01194,0.29681,0.13049,-0.00883,0.30393,0.97259
2168,1951.3,23361616,1474240,0.519,0.312,12953,10757,14439,0.01299474,0,0,0.0701,0.1433,0.2661,0.0392,0.0123,0.29882,0.13464,-0.01019,0.31519,0.98217
2169,1952.2,23372396,1474865,0.519,0.312,12973,10780,14442,0.01299152,0,0,0.0733,0.1298,0.2748,0.0412,0.01148,0.29952,0.13333,-0.00853,0.30923,0.98178
2170,1953.0,23383180,1475495,0.55,0.313,12501,10784,14475,0.01298828,0,0,0.0727,0.1329,0.2793,0.0653,0.01146,0.30028,0.13226,-0.00851,0.30738,0.99514
2171,1953.9,23393941,1476128,0.535,0.314,12676,10761,14404,0.01298505,0,0,0.0741,0.1397,0.2792,0.0418,0.01138,0.30215,0.13611,-0.00756,0.31233,0.96259
2172,1954.7,23404737,1476751,0.52,0.312,12977,10796,14463,0.01298182,0,0,0.0781,0.137,0.2624,0.0425,0.01108,0.30018,0.14098,-0.01027,0.3288,1.01286
2173,1955.5,23415528,1477377,0.519,0.314,12960,10791,14465,0.01297858,0,0,0.0674,0.1247,0.2702,0.0568,0.01089,0.30182,0.13185,-0.00949,0.30846,0.99256
2174,1956.4,23426284,1478004,0.517,0.312,12969,10756,14437,0.01297534,0,0,0.0688,0.131,0.2781,0.0392,0.01165,0.30005,0.12689,-0.0116,0.30294,1.00062
2175,1957.2,23437090,1478635,0.509,0.31,13188,10806,14503,0.01297211,0,0,0.0666,0.1282,0.2752,0.0395,0.01104,0.29817,0.13512,-0.00914,0.31445,0.9996
2176,1958.0,23447853,1479258,0.517,0.31,13017,10763,14437,0.01296887,0,0,0.0672,0.127,0.2621,0.0606,0.01006,0.29936,0.13544,-0.00826,0.31301,0.98723
2177,1958.9,23458637,1479900,0.528,0.311,12851,10784,14460,0.01296564,0,0,0.0751,0.1371,0.2662,0.0493,0.01093,0.29946,0.11431,-0.0112,0.27669,0.98918
2178,1959.7,23469412,1480506,0.556,0.312,12405,10775,14442,0.01296241,0,0,0.0717,0.1424,0.2948,0.0475,0.01149,0.30005,0.12833,-0.01035,0.30298,0.98808
2179,1960.6,23480154,1481138,0.566,0.315,12192,10742,14407,0.01295918,0,0,0.0696,0.1399,0.2836,0.0732,0.01254,0.30139,0.13458,-0.00825,0.31125,0.98742
2180,1961.4,23490954,1481776,0.533,0.312,12779,10800,14452,0.01295595,0,0,0.0727,0.1279,0.2913,0.0411,0.01181,0.29949,0.11429,-0.0105,0.27458,0.96463
2181,1962.3,23501710,1482394,0.524,0.312,12860,10756,14430,0.01295271,0,0,0.0708,0.1364,0.2808,0.036,0.01065,0.30104,0.12965,-0.00834,0.30081,0.95864
2182,1963.2,23512523,1483025,0.581,0.311,12116,10813,14460,0.01294949,0,0,0.0726,0.1317,0.2899,0.0873,0.01236,0.29786,0.13056,-0.00796,0.30222,0.97273
2183,1964.1,23523289,1483635,0.568,0.311,12241,10766,14433,0.01294624,0,0,0.0753,0.1453,0.2993,0.0485,0.01086,0.29948,0.13212,-0.00919,0.30706,0.9437
2184,1964.9,23534081,1484271,0.55,0.315,12468,10792,14466,0.01294301,0,0,0.0763,0.1476,0.285,0.0413,0.01238,0.3024,0.13168,-0.00844,0.30448,0.93625
2185,1965.8,23544832,1484896,0.606,0.312,11714,10751,14424,0.01293978,0,0,0.0794,0.1539,0.3028,0.0695,0.01094,0.30042,0.12632,-0.00662,0.29064,0.95694
2186,1966.7,23555612,1485503,0.535,0.315,12696,10780,14428,0.01293655,0,0,0.0721,0.133,0.285,0.0445,0.01154,0.3022,0.12534,-0.01055,0.29621,0.94414
2187,1967.6,23566379,1486125,0.596,0.313,11851,10767,14422,0.01293332,0,0,0.0719,0.1449,0.2977,0.0813,0.01208,0.29987,0.13228,-0.00909,0.30795,0.97451
2188,1968.5,23577143,1486750,0.547,0.316,12470,10764,14419,0.01293009,0,0,0.0762,0.1449,0.2891,0.0369,0.01211,0.3029,0.1316,-0.00595,0.29974,0.95214
2189,1969.3,23587907,1487377,0.55,0.313,12473,10764,14440,0.01292686,0,0,0.0768,0.1427,0.2854,0.0447,0.01272,0.30012,0.13731,-0.00876,0.31661,0.94638
2190,1970.2,23598670,1488005,0.562,0.312,12315,10763,14428,0.01292363,0,0,0.0713,0.1349,0.2872,0.0684,0.01171,0.29988,0.12715,-0.00955,0.29797,0.95063
2191,1971.1,23609455,1488629,0.551,0.311,12504,10785,14449,0.0129204,0,0,0.0759,0.1435,0.2889,0.0431,0.01132,0.29872,0.13536,-0.00704,0.30934,0.94926
2192,1971.9,23620232,1489254,0.542,0.314,12598,10777,14429,0.01291716,0,0,0.0731,0.132,0.2903,0.0463,0.01169,0.30136,0.14239,-0.00863,0.32655,0.948
2193,1972.8,23631010,1489871,0.556,0.313,12412,10778,14455,0.01291393,0,0,0.074,0.1422,0.2878,0.0518,0.01109,0.30087,0.13448,-0.006,0.30613,0.97505
2194,1973.7,23641796,1490522,0.583,0.312,12052,10786,14457,0.0129107,0,0,0.0767,0.1504,0.3126,0.0432,0.01138,0.29981,0.14167,-0.00704,0.32263,0.9767
2195,1974.6,23652582,1491156,0.573,0.314,12167,10786,14442,0.01290746,0,0,0.0739,0.1481,0.2927,0.0583,0.01109,0.30144,0.13817,-0.01019,0.32152,0.96066
2196,1975.5,23663401,1491786,0.603,0.313,11808,10819,14464,0.01290423,0,0,0.0746,0.1415,0.2971,0.0899,0.01059,0.30156,0.1481,-0.00595,0.33299,0.96497
2197,1976.4,23674188,1492410,0.555,0.315,12406,10787,14449,0.01290098,0,0,0.0734,0.1432,0.2917,0.0465,0.01076,0.30308,0.12955,-0.00932,0.30292,0.97659
2198,1977.2,23685011,1493043,0.542,0.311,12688,10823,14490,0.01289774,0,0,0.0737,0.133,0.2918,0.043,0.01276,0.29803,0.13176,-0.00837,0.3052,0.96628
2199,1978.1,23695773,1493662,0.565,0.314,12254,10762,14425,0.0128945,0,0,0.0726,0.1303,0.2842,0.0775,0.0128,0.30029,0.13557,-0.00652,0.30885,0.95697
2200,1978.9,23706577,1494305,0.545,0.313,12587,10804,14455,0.01289127,0,0,0.0712,0.1368,0.2851,0.0521,0.0122,0.29984,0.13239,-0.00917,0.30791,0.9617
2201,1980.3,23717364,1494940,0.577,0.314,12112,10787,14468,0.01288803,0,0,0.0764,0.1487,0.2906,0.0611,0.01237,0.3003,0.1293,-0.008,0.2994,0.96173
2202,1981.2,23728149,1495548,0.544,0.312,12600,10785,14451,0.01288479,0,0,0.0711,0.1397,0.2905,0.0428,0.01146,0.29964,0.14112,-0.00579,0.31806,0.94006
2203,1982.1,23738964,1496181,0.524,0.314,12904,10815,14485,0.01288156,0,0,0.0732,0.1307,0.2787,0.0413,0.01136,0.30216,0.1476,-0.00729,0.33471,0.96752
2204,1983.0,23749784,1496794,0.583,0.315,12055,10820,14484,0.01287831,0,0,0.0731,0.1471,0.2794,0.0835,0.01169,0.302,0.14749,-0.0093,0.33757,0.9312
2205,1983.8,23760583,1497417,0.548,0.314,12529,10799,14476,0.01287506,0,0,0.0739,0.1483,0.288,0.0374,0.01184,0.30158,0.14307,-0.0058,0.32137,0.917
2206,1984.7,23771407,1498047,0.554,0.319,12399,10824,14500,0.01287183,0,0,0.0761,0.1395,0.2911,0.0477,0.01387,0.30399,0.13677,-0.00651,0.31039,0.92557
2207,1985.6,23782233,1498672,0.595,0.319,11847,10826,14497,0.01286858,0,0,0.0796,0.1476,0.3026,0.065,0.0116,0.3066,0.13947,-0.0084,0.31992,0.94025
2208,1986.5,23793038,1499306,0.6,0.315,11806,10805,14480,0.01286533,0,0,0.0777,0.1568,0.3134,0.0523,0.01121,0.30278,0.12988,-0.00848,0.30092,0.94017
2209,1987.4,23803838,1499926,0.585,0.318,11963,10800,14458,0.01286209,0,0,0.0784,0.1561,0.3064,0.0442,0.01211,0.30488,0.13499,-0.00842,0.3108,0.93186
2210,1988.3,23814685,1500554,0.59,0.316,11968,10847,14521,0.01285885,0,0,0.0713,0.1398,0.2917,0.0872,0.01219,0.30349,0.12972,-0.01069,0.30439,0.91662
2211,1989.2,23825522,1501169,0.597,0.318,11843,10837,14476,0.01285559,0,0,0.0782,0.1528,0.3132,0.0532,0.01242,0.30435,0.13464,-0.0088,0.31068,0.92639
2212,1990.1,23836374,1501802,0.538,0.318,12675,10852,14500,0.01285234,0,0,0.0737,0.1371,0.2874,0.0402,0.01105,0.30578,0.13315,-0.00716,0.30527,0.95874
2213,1991.0,23847205,1502428,0.609,0.32,11659,10831,14475,0.01284909,0,0,0.076,0.1525,0.2978,0.0825,0.01213,0.30684,0.13481,-0.00911,0.31177,0.93129
2214,1991.9,23858039,1503063,0.578,0.316,12127,10834,14502,0.01284584,0,0,0.0772,0.1491,0.3028,0.0485,0.01205,0.30315,0.12013,-0.00864,0.28161,0.93689
2215,1992.8,23868892,1503704,0.591,0.316,11969,10853,14486,0.01284259,0,0,0.0787,0.1587,0.3082,0.0449,0.01192,0.30354,0.13505,-0.00738,0.30883,0.93343
2216,1993.8,23879735,1504325,0.604,0.316,11785,10843,14494,0.01283933,0,0,0.0749,0.1541,0.2983,0.0771,0.0116,0.30354,0.12776,-0.00655,0.29333,0.96275
2217,1994.6,23890594,1504959,0.547,0.316,12584,10859,14522,0.01283608,0,0,0.0759,0.1418,0.2894,0.0403,0.0117,0.303,0.13023,-0.00964,0.30447,0.96355
2218,1995.7,23901443,1505593,0.764,0.318,10034,10849,14489,0.01283282,0,0,0.0929,0.2332,0.3458,0.0917,0.01274,0.30417,0.13054,-0.00841,0.30264,0.96354
2219,1996.7,23912303,1506248,0.657,0.316,11163,10860,14540,0.01282957,0,0,0.082,0.1778,0.3214,0.0761,0.01093,0.30374,0.13245,-0.01041,0.31068,0.97227
2220,1997.6,23923184,1506874,0.599,0.314,11912,10881,14540,0.01282631,0,0,0.0801,0.1633,0.3118,0.0439,0.01158,0.30187,0.12533,-0.01059,0.29718,0.98784
2221,1998.5,23934049,1507515,0.608,0.314,11782,10865,14528,0.01282304,0,0,0.0786,0.1461,0.2991,0.0842,0.01199,0.30142,0.12116,-0.01071,0.28925,0.99442
2222,1999.3,23944947,1508129,0.501,0.312,13405,10898,14560,0.01281979,0,0,0.0656,0.1343,0.2659,0.0352,0.01062,0.30073,0.12626,-0.00768,0.29288,0.97531
2223,2000.2,23955882,1508755,0.575,0.312,12336,10935,14605,0.01281652,0,0,0.073,0.167,0.2931,0.0417,0.0111,0.29986,0.13828,-0.00991,0.32167,0.98618
2224,2001.0,23966774,1509376,0.481,0.314,13710,10892,14581,0.01281324,0,0,0.0651,0.1156,0.2621,0.0378,0.0108,0.30232,0.13025,-0.00734,0.30053,0.98953
2225,2001.8,23977682,1510012,0.5,0.31,13463,10908,14575,0.01280997,0,0,0.0669,0.1258,0.2616,0.0456,0.01073,0.29903,0.12808,-0.01036,0.30223,0.98946
2226,2002.6,23988606,1510638,0.454,0.312,14258,10924,14591,0.0128067,0,0,0.0629,0.1117,0.2422,0.0369,0.01134,0.30045,0.11814,-0.00904,0.27982,0.99422
2227,2003.4,23999537,1511269,0.474,0.31,13949,10931,14604,0.01280342,0,0,0.0596,0.1063,0.2431,0.0651,0.01114,0.29788,0.13096,-0.00765,0.30262,0.99195
2228,2004.1,24010434,1511875,0.437,0.312,14549,10897,14574,0.01280014,0,0,0.0585,0.1037,0.2378,0.0372,0.01106,0.30018,0.14122,-0.00757,0.32288,0.98817
2229,2004.9,24021342,1512500,0.427,0.313,14739,10908,14570,0.01279687,0,0,0.0593,0.0994,0.2359,0.0323,0.01136,0.30119,0.14046,-0.00997,0.32604,0.98364
2230,2005.7,24032256,1513120,0.559,0.314,12503,10914,14568,0.0127936,0,0,0.0694,0.139,0.2831,0.0671,0.01114,0.3024,0.14218,-0.01102,0.33154,0.98174
2231,2006.6,24043131,1513750,0.523,0.315,12974,10875,14546,0.01279032,0,0,0.0713,0.131,0.2758,0.0451,0.01125,0.30294,0.14511,-0.0072,0.32945,0.97059
2232,2007.4,24054028,1514384,0.535,0.317,12789,10897,14568,0.01278706,0,0,0.071,0.136,0.2896,0.0388,0.01091,0.30488,0.12662,-0.00749,0.29368,0.99566
2233,2008.3,24064902,1515016,0.59,0.315,12015,10874,14523,0.01278379,0,0,0.0747,0.1467,0.2897,0.0787,0.01124,0.30333,0.143,-0.0079,0.32637,0.96107
2234,2009.3,24075780,1515638,0.656,0.322,11128,10878,14523,0.01278053,0,0,0.0834,0.152,0.3026,0.118,0.01233,0.30737,0.1338,-0.00679,0.30604,0.97235
2235,2010.2,24086641,1516270,0.608,0.315,11772,10861,14508,0.01277727,0,0,0.0765,0.1421,0.2911,0.0978,0.01102,0.30327,0.14214,-0.00786,0.32425,0.94862
2236,2011.1,24097511,1516900,0.595,0.315,11941,10870,14530,0.01277401,0,0,0.0734,0.1376,0.273,0.1111,0.01219,0.3023,0.13977,-0.0102,0.32355,0.92375
2237,2011.9,24108391,1517531,0.492,0.315,13494,10880,14539,0.01277075,0,0,0.0701,0.1185,0.264,0.0388,0.01192,0.30213,0.13647,-0.01118,0.31884,0.92149
2238,2012.8,24119270,1518169,0.572,0.318,12230,10879,14535,0.01276748,0,0,0.0737,0.1396,0.2759,0.0826,0.01322,0.30353,0.14352,-0.00699,0.32485,0.9338
2239,2013.6,24130170,1518799,0.508,0.312,13293,10900,14536,0.01276422,0,0,0.0674,0.1341,0.2683,0.0379,0.01049,0.30103,0.14602,-0.00988,0.33568,0.93502
2240,2014.5,24141091,1519418,0.52,0.314,13087,10921,14585,0.01276095,0,0,0.0677,0.1228,0.2602,0.0697,0.01219,0.30119,0.13112,-0.00876,0.30402,0.95129
2241,2015.3,24151988,1520054,0.51,0.312,13248,10897,14553,0.01275767,0,0,0.0712,0.1202,0.2669,0.0518,0.01129,0.29983,0.12615,-0.00778,0.29267,0.97208
2242,2016.1,24162882,1520688,0.504,0.313,13335,10894,14556,0.0127544,0,0,0.0715,0.1279,0.2642,0.0404,0.01165,0.30057,0.12801,-0.00886,0.29904,0.99214
2243,2017.0,24173754,1521316,0.535,0.315,12782,10872,14539,0.01275114,0,0,0.0697,0.1303,0.2633,0.072,0.01118,0.30341,0.13338,-0.01206,0.31587,0.9798
2244,2017.8,24184644,1521969,0.508,0.317,13200,10890,14558,0.01274787,0,0,0.0724,0.1261,0.2715,0.0379,0.01249,0.30397,0.11832,-0.00783,0.27823,1.01691
2245,2018.7,24195511,1522589,0.534,0.317,12769,10867,14559,0.01274461,0,0,0.0747,0.1357,0.2772,0.0466,0.0114,0.30463,0.13042,-0.00999,0.30643,1.00522
2246,2019.5,24206380,1523225,0.58,0.315,12144,10869,14506,0.01274135,0,0,0.07,0.1308,0.271,0.1083,0.01155,0.30261,0.12925,-0.01002,0.30407,1.00196
2247,2020.4,24217277,1523843,0.528,0.317,12903,10897,14562,0.01273809,0,0,0.0738,0.1426,0.2709,0.0405,0.0112,0.30447,0.12942,-0.0081,0.2994,0.95594
2248,2021.2,24228092,1524474,0.533,0.314,12773,10815,14483,0.01273482,0,0,0.0734,0.135,0.274,0.0503,0.01152,0.30176,0.11664,-0.01172,0.28124,0.96319
2249,2022.1,24238932,1525099,0.588,0.32,11939,10840,14506,0.01273157,0,0,0.0728,0.1425,0.2921,0.0803,0.01299,0.30634,0.13255,-0.0122,0.31393,0.96001
2250,2023.1,24249756,1525730,0.599,0.319,11793,10824,14492,0.01272832,0,0,0.0763,0.167,0.3099,0.0461,0.012,0.30592,0.12387,-0.00894,0.29056,0.97956
2251,2024.0,24260575,1526376,0.618,0.318,11559,10819,14503,0.01272507,0,0,0.0837,0.1657,0.3074,0.0615,0.01133,0.30567,0.1254,-0.00899,0.29438,1.00583
2252,2025.0,24271464,1527014,0.564,0.315,12389,10889,14559,0.01272183,0,0,0.0712,0.1404,0.2817,0.0703,0.01139,0.30316,0.12058,-0.01056,0.28776,1.00144
2253,2025.8,24282314,1527655,0.51,0.311,13211,10850,14503,0.01271856,0,0,0.0682,0.1338,0.2662,0.0416,0.01036,0.3005,0.11656,-0.01181,0.28213,0.99816
2254,2026.6,24293185,1528289,0.488,0.314,13561,10871,14522,0.01271531,0,0,0.065,0.1312,0.2591,0.0326,0.01206,0.30105,0.1241,-0.0087,0.29127,1.00975
2255,2027.4,24304033,1528927,0.521,0.313,13012,10848,14513,0.01271204,0,0,0.0679,0.1256,0.2647,0.0623,0.01172,0.30074,0.124,-0.0077,0.28888,1.00228
2256,2028.3,24314870,1529572,0.506,0.316,13176,10837,14501,0.01270879,0,0,0.065,0.1263,0.272,0.0431,0.01202,0.30305,0.12891,-0.00739,0.29758,0.9828
2257,2029.1,24325751,1530221,0.508,0.314,13235,10881,14575,0.01270554,0,0,0.0691,0.1279,0.2766,0.0343,0.01301,0.30058,0.12481,-0.00788,0.29115,1.01398
2258,2029.9,24336596,1530866,0.531,0.314,12839,10845,14512,0.01270227,0,0,0.0703,0.1227,0.266,0.072,0.01169,0.30139,0.12783,-0.01035,0.30115,0.97616
2259,2030.8,24347465,1531500,0.519,0.315,13032,10869,14505,0.01269902,0,0,0.0686,0.1291,0.2722,0.0495,0.01201,0.30186,0.11819,-0.01046,0.28224,0.98186
2260,2031.6,24358296,1532136,0.494,0.311,13449,10831,14523,0.01269576,0,0,0.0678,0.1213,0.2665,0.0387,0.01151,0.29889,0.10911,-0.00891,0.26151,1.00341
2261,2032.4,24369145,1532778,0.496,0.312,13421,10849,14510,0.01269251,0,0,0.0631,0.1218,0.262,0.0491,0.01237,0.2995,0.12453,-0.00725,0.28922,1.01099
2262,2033.2,24380026,1533418,0.512,0.316,13144,10881,14549,0.01268926,0,0,0.067,0.1283,0.273,0.0438,0.01186,0.3033,0.11803,-0.00636,0.27466,1.02036
2263,2034.1,24390927,1534054,0.57,0.315,12319,10901,14552,0.01268599,0,0,0.0741,0.1609,0.298,0.0373,0.01188,0.30187,0.12102,-0.00822,0.28414,1.01091
2264,2035.0,24401793,1534687,0.552,0.314,12549,10866,14522,0.01268272,0,0,0.0717,0.1379,0.274,0.0686,0.01166,0.30146,0.12364,-0.00776,0.28835,1.00734
2265,2035.8,24412619,1535309,0.51,0.312,13170,10826,14483,0.01267946,0,0,0.0668,0.1307,0.2726,0.0398,0.01094,0.3003,0.1268,-0.00309,0.28487,0.98939
2266,2036.6,24423440,1535959,0.533,0.313,12789,10821,14511,0.01267621,0,0,0.0736,0.1443,0.2761,0.0387,0.01158,0.30101,0.11785,-0.01057,0.28173,0.98136
2267,2037.5,24434296,1536582,0.604,0.314,11813,10856,14505,0.01267297,0,0,0.0772,0.1508,0.2971,0.0794,0.01164,0.30207,0.12409,-0.0077,0.2878,0.95494
2268,2038.5,24445153,1537197,0.693,0.316,10756,10857,14540,0.01266971,0,0,0.089,0.212,0.3281,0.0642,0.01257,0.30266,0.12824,-0.00779,0.29652,0.96571
2269,2039.6,24456009,1537818,0.744,0.316,10239,10856,14511,0.01266645,0,0,0.0942,0.2125,0.3471,0.0905,0.01173,0.30335,0.1155,-0.00923,0.27436,0.98298
2270,2040.7,24466876,1538442,0.731,0.319,10354,10867,14526,0.0126632,0,0,0.0945,0.2071,0.3624,0.0666,0.01517,0.30246,0.11052,-0.00638,0.2582,0.96339
2271,2041.8,24477719,1539079,0.84,0.321,9343,10843,14521,0.01265994,0,0,0.0953,0.2372,0.4151,0.0924,0.01527,0.30426,0.10802,-0.00935,0.25927,0.96906
2272,2043.0,24488531,1539700,0.867,0.316,9139,10812,14465,0.01265668,0,0,0.0969,0.2443,0.4009,0.125,0.01242,0.30269,0.11308,-0.00678,0.26401,0.9598
2273,2044.2,24499376,1540319,0.897,0.32,8918,10845,14511,0.01265344,0,0,0.1021,0.2383,0.448,0.1081,0.01475,0.30412,0.10435,-0.00789,0.24899,0.96846
2274,2045.4,24510238,1540952,0.859,0.316,9249,10862,14500,0.01265019,0,0,0.0938,0.245,0.4566,0.0632,0.01142,0.30326,0.12606,-0.00614,0.28862,0.95784
2275,2046.6,24521082,1541587,0.858,0.315,9247,10844,14515,0.01264693,0,0,0.098,0.2472,0.3924,0.12,0.01153,0.30278,0.11784,-0.0086,0.27773,0.98293
2276,2047.7,24531947,1542216,0.783,0.315,9895,10865,14530,0.01264368,0,0,0.0996,0.2135,0.401,0.0685,0.01182,0.30272,0.12139,-0.00972,0.28618,0.94749
2277,2048.8,24542803,1542840,0.806,0.323,9619,10856,14520,0.01264042,0,0,0.0904,0.2335,0.3991,0.0826,0.01289,0.30802,0.11779,-0.00691,0.2738,0.96548
2278,2050.0,24553612,1543458,0.913,0.327,8719,10809,14445,0.01263716,0,0,0.105,0.2589,0.4362,0.1129,0.01241,0.30932,0.12337,-0.01014,0.29154,0.96939
2279,2051.2,24564457,1544088,0.826,0.32,9464,10845,14497,0.01263392,0,0,0.0889,0.2091,0.4112,0.117,0.01283,0.30599,0.12225,-0.00671,0.28193,0.9505
2280,2052.3,24575305,1544701,0.808,0.319,9628,10848,14484,0.01263066,0,0,0.0923,0.2222,0.4269,0.0668,0.01166,0.30585,0.12579,-0.00525,0.28652,0.96761
2281,2053.5,24586157,1545333,0.846,0.317,9336,10852,14501,0.01262741,0,0,0.0934,0.2435,0.3874,0.1214,0.0117,0.30431,0.12224,-0.00878,0.28619,0.95659
2282,2054.6,24596968,1545972,0.767,0.315,9990,10811,14477,0.01262415,0,0,0.1035,0.225,0.3728,0.0655,0.01257,0.30195,0.11737,-0.00994,0.27941,0.98187
2283,2055.7,24607824,1546598,0.784,0.319,9843,10856,14516,0.01262091,0,0,0.0885,0.1947,0.4255,0.0757,0.01289,0.3049,0.12195,-0.00841,0.28511,0.96636
2284,2056.6,24618721,1547216,0.645,0.315,11355,10897,14535,0.01261765,0,0,0.1022,0.1791,0.3114,0.0521,0.01201,0.30178,0.1212,-0.00933,0.28521,0.95719
2285,2057.6,24629620,1547832,0.688,0.315,10865,10899,14550,0.01261438,0,0,0.0985,0.1927,0.3472,0.0499,0.0137,0.30022,0.12359,-0.00663,0.28458,0.95659
2286,2058.7,24640513,1548469,0.75,0.314,10240,10893,14550,0.01261111,0,0,0.0926,0.1941,0.3736,0.0896,0.01228,0.30091,0.13953,-0.00653,0.31594,0.94463
2287,2059.8,24651390,1549107,0.792,0.313,9843,10877,14563,0.01260785,0,0,0.0958,0.2205,0.4085,0.0675,0.01248,0.2996,0.12638,-0.01106,0.2987,0.94489
2288,2060.9,24662229,1549734,0.808,0.315,9654,10839,14500,0.01260458,0,0,0.1278,0.1861,0.3831,0.111,0.01187,0.30204,0.12905,-0.00967,0.30108,0.93819
2289,2062.0,24673074,1550377,0.793,0.325,9704,10845,14478,0.01260133,0,0,0.0988,0.2047,0.4259,0.0636,0.01496,0.30739,0.12798,-0.00866,0.29729,0.95211
2290,2063.1,24683932,1551023,0.785,0.324,9789,10858,14524,0.01259808,0,0,0.0911,0.213,0.3514,0.1294,0.01209,0.30958,0.12249,-0.00802,0.28524,0.96115
2291,2064.3,24694791,1551678,0.809,0.314,9667,10859,14519,0.01259482,0,0,0.092,0.2014,0.3815,0.1346,0.01157,0.30152,0.13432,-0.01185,0.31682,0.97146
2292,2065.3,24705618,1552321,0.739,0.316,10269,10827,14486,0.01259156,0,0,0.0859,0.1922,0.3898,0.0707,0.0134,0.30127,0.12351,-0.00801,0.28805,0.99257
2293,2066.3,24716490,1552965,0.632,0.316,11473,10872,14537,0.01258831,0,0,0.0869,0.1709,0.3295,0.0447,0.01077,0.30391,0.12452,-0.00864,0.29048,0.9596
2294,2067.2,24727336,1553615,0.655,0.316,11174,10846,14504,0.01258505,0,0,0.0885,0.171,0.3374,0.0578,0.01154,0.30345,0.12377,-0.00722,0.28601,0.95533
2295,2068.2,24738184,1554255,0.664,0.315,11075,10848,14500,0.0125818,0,0,0.0865,0.173,0.333,0.0717,0.01111,0.30314,0.12258,-0.01013,0.29051,0.99704
2296,2069.2,24749020,1554893,0.652,0.316,11190,10836,14514,0.01257854,0,0,0.0842,0.1815,0.3325,0.054,0.01352,0.30184,0.116,-0.01053,0.27729,0.96237
2297,2070.1,24759835,1555525,0.628,0.316,11461,10815,14484,0.01257529,0,0,0.0971,0.1694,0.3123,0.0488,0.01236,0.30281,0.12673,-0.00993,0.29804,0.98323
2298,2071.2,24770686,1556183,0.737,0.319,10276,10851,14496,0.01257205,0,0,0.0885,0.1901,0.3792,0.0791,0.01396,0.30438,0.12855,-0.00876,0.29918,0.97676
2299,2072.2,24781543,1556822,0.727,0.315,10421,10857,14549,0.01256879,0,0,0.0994,0.1984,0.3718,0.0575,0.01158,0.30224,0.12343,-0.01039,0.2917,0.95681
2300,2073.2,24792391,1557479,0.658,0.315,11147,10848,14513,0.01256554,0,0,0.0969,0.1675,0.3133,0.0807,0.01169,0.30233,0.1375,-0.0104,0.31933,0.93588
2301,2074.2,24803253,1558118,0.651,0.314,11250,10862,14523,0.01256228,0,0,0.0995,0.1788,0.3238,0.0492,0.01113,0.30231,0.12378,-0.00736,0.28554,0.92592
2302,2075.3,24814065,1558773,0.663,0.318,11021,10812,14467,0.01255902,0,0,0.0882,0.1788,0.3098,0.0865,0.01263,0.30389,0.13099,-0.00932,0.30433,0.94419
2303,2076.2,24824897,1559421,0.627,0.316,11486,10832,14465,0.01255578,0,0,0.0865,0.1645,0.3231,0.0526,0.01156,0.30379,0.13588,-0.00912,0.31361,0.94014
2304,47.2,24835771,1559962,22.019,25.216,230,10874,14510,0.01255253,0,0,0.0723,0.2749,21.1897,0.4825,0.23064,24.98537,0.14725,-0.01035,0.33814,0.914
2305,48.3,24846546,1560609,0.74,0.318,10191,10775,14395,0.01254927,0,0,0.0821,0.2222,0.3264,0.109,0.01227,0.30442,0.13166,-0.01126,0.30945,0.94063
2306,49.3,24857373,1561256,0.664,0.313,11088,10827,14469,0.01254604,0,0,0.0783,0.2125,0.315,0.0579,0.01216,0.30008,0.13471,-0.0097,0.3119,0.91972
2307,50.2,24868191,1561897,0.593,0.317,11894,10818,14462,0.01254279,0,0,0.0815,0.1461,0.3136,0.0516,0.01378,0.3021,0.12763,-0.00852,0.295,0.90496
2308,51.1,24878941,1562539,0.618,0.317,11501,10750,14390,0.01253954,0,0,0.0919,0.1623,0.3163,0.0472,0.01265,0.30346,0.13331,-0.01033,0.30992,0.90262
2309,52.0,24889701,1563184,0.589,0.316,11888,10760,14386,0.01253632,0,0,0.0817,0.1481,0.3114,0.0482,0.01334,0.30149,0.14077,-0.00859,0.32122,0.89704
2310,52.9,24900465,1563823,0.567,0.315,12208,10764,14405,0.01253309,0,0,0.0724,0.1382,0.3015,0.0549,0.01213,0.30175,0.11985,-0.00946,0.28178,0.92382
2311,53.8,24911238,1564454,0.586,0.315,11954,10773,14423,0.01252986,0,0,0.0839,0.1477,0.2996,0.0552,0.01322,0.30101,0.13833,-0.00798,0.31526,0.90323
2312,54.7,24922038,1565096,0.574,0.316,12133,10800,14437,0.01252663,0,0,0.0766,0.1502,0.2956,0.0518,0.01234,0.30284,0.13768,-0.01095,0.32015,0.91388
2313,55.6,24932828,1565742,0.558,0.314,12373,10790,14424,0.01252339,0,0,0.0756,0.1361,0.2987,0.0479,0.01307,0.29973,0.14133,-0.00783,0.32125,0.91607
2314,56.5,24943643,1566388,0.597,0.316,11853,10815,14467,0.01252015,0,0,0.0768,0.1383,0.3053,0.0764,0.01317,0.30174,0.13848,-0.00922,0.31821,0.91064
2315,57.4,24954414,1567035,0.64,0.317,11257,10771,14408,0.01251691,0,0,0.0871,0.1469,0.3079,0.0984,0.01174,0.30265,0.12998,-0.00784,0.29876,0.92375
2316,58.6,24965180,1567675,0.839,0.328,9222,10766,14397,0.01251368,0,0,0.1109,0.2267,0.4182,0.0837,0.01319,0.31041,0.13243,-0.00727,0.30264,0.92897
2317,59.8,24975970,1568314,0.901,0.332,8754,10790,14416,0.01251045,0,0,0.0976,0.2517,0.3739,0.1773,0.01521,0.31414,0.13362,-0.00864,0.30795,0.93672
2318,60.9,24986770,1568952,0.781,0.319,9821,10800,14430,0.01250721,0,0,0.1013,0.2338,0.3644,0.0812,0.01209,0.30603,0.13475,-0.01032,0.3133,0.92543
2319,61.9,24997515,1569600,0.662,0.316,10990,10745,14386,0.01250397,0,0,0.0835,0.1738,0.3173,0.0875,0.0122,0.30255,0.13321,-0.00665,0.30341,0.94659
2320,62.9,25008309,1570243,0.704,0.318,10560,10794,14409,0.01250075,0,0,0.0972,0.1915,0.3572,0.0578,0.01221,0.30518,0.13746,-0.00775,0.31446,0.96188
2321,63.9,25019122,1570884,0.679,0.315,10874,10813,14462,0.01249751,0,0,0.0837,0.1716,0.3214,0.1023,0.01222,0.30204,0.1416,-0.00847,0.32443,0.97228
2322,64.9,25029876,1571528,0.636,0.313,11321,10754,14407,0.01249426,0,0,0.0816,0.1644,0.3191,0.0714,0.01196,0.30059,0.13161,-0.00784,0.30272,0.95337
2323,65.9,25040695,1572169,0.721,0.317,10424,10819,14439,0.01249104,0,0,0.0781,0.2384,0.3161,0.0879,0.01286,0.30363,0.14113,-0.01048,0.32641,0.92856
2324,66.9,25051467,1572814,0.617,0.312,11590,10772,14429,0.01248779,0,0,0.0791,0.1667,0.3112,0.06,0.0117,0.3001,0.12837,-0.00579,0.29226,0.95861
2325,67.8,25062265,1573466,0.611,0.315,11666,10798,14428,0.01248456,0,0,0.0752,0.1417,0.308,0.0861,0.01321,0.30062,0.11819,-0.00996,0.28005,0.95111
2326,68.7,25073054,1574122,0.624,0.313,11515,10789,14460,0.01248132,0,0,0.0771,0.1793,0.3044,0.0634,0.01231,0.29937,0.13138,-0.00952,0.30577,0.95986
2327,69.7,25083894,1574779,0.655,0.312,11209,10840,14495,0.01247808,0,0,0.0769,0.1534,0.3163,0.1083,0.01295,0.29843,0.12896,-0.00915,0.29953,0.93419
2328,70.7,25094701,1575421,0.67,0.315,10975,10807,14429,0.01247483,0,0,0.0817,0.2034,0.3118,0.0731,0.01269,0.30091,0.13944,-0.00841,0.31858,0.91697
2329,71.6,25105493,1576077,0.644,0.314,11259,10792,14454,0.01247159,0,0,0.081,0.1745,0.3314,0.0574,0.01329,0.30009,0.13329,-0.0089,0.30794,0.94404
2330,72.6,25116259,1576741,0.611,0.313,11643,10766,14416,0.01246835,0,0,0.0768,0.1417,0.2971,0.0957,0.01274,0.29996,0.13395,-0.0115,0.31456,0.94842
2331,73.4,25127070,1577391,0.518,0.312,13032,10811,14448,0.01246512,0,0,0.0706,0.1208,0.2807,0.0458,0.01244,0.29865,0.1314,-0.01247,0.31162,0.95725
2332,74.2,25137834,1578058,0.5,0.31,13297,10764,14387,0.01246188,0,0,0.067,0.1209,0.2683,0.0434,0.0111,0.29824,0.14353,-0.00959,0.32975,0.94303
2333,75.0,25148576,1578689,0.499,0.312,13241,10742,14368,0.01245865,0,0,0.0659,0.1106,0.2617,0.0613,0.01119,0.29991,0.12558,-0.01017,0.29513,0.94812
2334,75.9,25159358,1579344,0.536,0.313,12692,10782,14447,0.01245543,0,0,0.0678,0.1285,0.2796,0.0603,0.01181,0.30083,0.12575,-0.01088,0.29674,0.94194
2335,76.7,25170164,1580009,0.533,0.313,12782,10806,14433,0.01245219,0,0,0.0669,0.1214,0.2775,0.0669,0.01095,0.30115,0.13291,-0.00949,0.30805,0.93357
2336,77.6,25180919,1580666,0.571,0.315,12132,10755,14405,0.01244895,0,0,0.0699,0.1584,0.2777,0.0651,0.01308,0.3016,0.12136,-0.00938,0.28459,0.92794
2337,78.5,25191734,1581306,0.586,0.315,12007,10815,14417,0.01244572,0,0,0.0791,0.1432,0.3109,0.0526,0.0131,0.30089,0.11512,-0.00919,0.27138,0.91485
2338,79.4,25202555,1581943,0.624,0.315,11530,10821,14438,0.01244248,0,0,0.0783,0.1478,0.3019,0.0959,0.01268,0.30134,0.12071,-0.00888,0.28288,0.9533
2339,80.4,25213348,1582597,0.614,0.312,11656,10793,14433,0.01243923,0,0,0.0832,0.1523,0.3151,0.0631,0.0115,0.30006,0.12176,-0.01113,0.28925,0.94313
2340,81.3,25224137,1583247,0.595,0.317,11838,10789,14440,0.012436,0,0,0.0806,0.1488,0.3116,0.0538,0.01215,0.30367,0.1289,-0.01126,0.30395,0.94943
2341,82.2,25234958,1583889,0.621,0.312,11601,10821,14459,0.01243276,0,0,0.0816,0.1556,0.3139,0.0694,0.0116,0.29998,0.12304,-0.00803,0.28552,0.9404
2342,83.1,25245775,1584544,0.549,0.314,12540,10817,14454,0.01242951,0,0,0.0761,0.1332,0.2965,0.043,0.01283,0.30037,0.12999,-0.01066,0.30468,0.94043
2343,84.0,25256568,1585189,0.624,0.313,11510,10793,14412,0.01242627,0,0,0.0815,0.149,0.3165,0.0774,0.01201,0.30064,0.13494,-0.00801,0.30958,0.95248
2344,84.9,25267411,1585824,0.572,0.311,12281,10843,14479,0.01242303,0,0,0.0808,0.1454,0.2991,0.0469,0.0119,0.29798,0.11736,-0.00888,0.27579,0.93792
2345,85.8,25278263,1586461,0.595,0.314,11940,10852,14503,0.01241978,0,0,0.0799,0.1512,0.3091,0.0553,0.01161,0.30102,0.12832,-0.01093,0.30213,0.95125
2346,86.9,25289078,1587112,0.828,0.314,9477,10815,14457,0.01241652,0,0,0.0759,0.1602,0.4881,0.1035,0.0125,0.30047,0.12445,-0.00887,0.29031,0.95322
2347,87.8,25299915,1587760,0.572,0.318,12178,10837,14476,0.01241328,0,0,0.0771,0.1412,0.3,0.0534,0.01282,0.30455,0.13053,-0.00993,0.30426,0.94041
2348,88.7,25310754,1588409,0.589,0.313,12024,10839,14471,0.01241003,0,0,0.0811,0.1433,0.2978,0.0663,0.01212,0.29997,0.12226,-0.00856,0.28519,0.94884
2349,89.6,25321517,1589081,0.593,0.312,11891,10763,14403,0.01240677,0,0,0.0769,0.1395,0.3027,0.0741,0.01135,0.29989,0.11892,-0.00845,0.27819,0.94556
2350,90.5,25332356,1589723,0.583,0.317,12042,10839,14448,0.01240354,0,0,0.0785,0.1478,0.3053,0.0513,0.01486,0.30158,0.12028,-0.00937,0.28226,0.92561
2351,91.5,25343149,1590367,0.651,0.318,11137,10793,14444,0.01240029,0,0,0.0835,0.16,0.3164,0.0915,0.01199,0.30432,0.13009,-0.00935,0.30238,0.94787
2352,92.6,25353982,1591014,0.631,0.322,11375,10833,14456,0.01239706,0,0,0.0891,0.1729,0.3214,0.0472,0.01771,0.30305,0.12448,-0.00805,0.28857,0.94857
2353,93.5,25364828,1591652,0.634,0.32,11369,10846,14477,0.01239381,0,0,0.0802,0.1648,0.328,0.0612,0.01421,0.30457,0.12036,-0.00818,0.28036,0.93894
2354,94.5,25375663,1592305,0.646,0.317,11245,10835,14491,0.01239055,0,0,0.09,0.1637,0.3394,0.0532,0.01224,0.30429,0.12952,-0.00934,0.30059,0.92274
2355,95.4,25386434,1592934,0.61,0.317,11616,10771,14408,0.0123873,0,0,0.0816,0.1605,0.3176,0.0502,0.01294,0.30348,0.12927,-0.01066,0.30261,0.91844
2356,96.4,25397252,1593584,0.694,0.316,10708,10818,14465,0.01238407,0,0,0.0858,0.1657,0.3465,0.0962,0.01141,0.30318,0.12269,-0.0076,0.28359,0.92949
2357,97.3,25408032,1594214,0.601,0.313,11794,10780,14439,0.01238082,0,0,0.0822,0.1506,0.3155,0.0525,0.0116,0.30081,0.12686,-0.00864,0.29392,0.92516
2358,98.3,25418865,1594861,0.61,0.315,11705,10833,14483,0.01237759,0,0,0.0883,0.1561,0.3163,0.0494,0.01222,0.3023,0.11992,-0.01056,0.28387,0.92535
2359,99.3,25429679,1595505,0.685,0.313,10834,10814,14457,0.01237434,0,0,0.0846,0.1659,0.3508,0.0835,0.01183,0.30068,0.1191,-0.00695,0.27483,0.91802
2360,100.4,25440492,1596139,0.787,0.323,9748,10813,14446,0.0123711,0,0,0.1138,0.1924,0.4025,0.0781,0.01926,0.30236,0.13272,-0.00882,0.30546,0.9044
2361,101.4,25451343,1596763,0.697,0.315,10727,10851,14484,0.01236785,0,0,0.0885,0.1925,0.3417,0.074,0.01324,0.30047,0.13557,-0.00763,0.30869,0.90093
2362,102.4,25462139,1597389,0.689,0.318,10721,10796,14432,0.0123646,0,0,0.0853,0.1618,0.3319,0.1095,0.01164,0.30588,0.13257,-0.00909,0.30567,0.90329
2363,103.5,25472989,1598038,0.852,0.306,9371,10850,14468,0.01236136,0,0,0.0982,0.2209,0.4176,0.1151,0.01213,0.29301,0.12554,-0.00753,0.28845,0.90246
2364,104.6,25483801,1598670,0.767,0.324,9912,10812,14445,0.0123581,0,0,0.0961,0.1902,0.4079,0.0728,0.01273,0.30971,0.12605,-0.0103,0.29485,0.89596
2365,105.9,25494572,1599305,0.898,0.327,8791,10771,14393,0.01235486,0,0,0.0963,0.2178,0.4295,0.1546,0.01627,0.30837,0.13186,-0.00921,0.30458,0.90841
2366,107.2,25505359,1599963,1.017,0.327,8028,10787,14430,0.01235163,0,0,0.1155,0.2628,0.4249,0.2141,0.01508,0.31042,0.12576,-0.00809,0.2906,0.92718
2367,108.3,25516159,1600591,0.784,0.32,9777,10800,14425,0.01234839,0,0,0.0866,0.2136,0.3748,0.1093,0.01289,0.30604,0.1154,-0.01186,0.27735,0.9248
2368,109.3,25526991,1601242,0.698,0.332,10518,10832,14484,0.01234515,0,0,0.0852,0.1741,0.3627,0.0758,0.01194,0.31939,0.12093,-0.00871,0.28245,0.93816
2369,110.3,25537806,1601886,0.629,0.321,11381,10815,14444,0.0123419,0,0,0.0884,0.1615,0.3335,0.0457,0.01079,0.30947,0.12995,-0.00977,0.30255,0.93662
2370,111.3,25548615,1602529,0.683,0.323,10749,10809,14449,0.01233866,0,0,0.0927,0.1595,0.337,0.0935,0.01122,0.31085,0.11125,-0.0111,0.26732,0.91688
2371,112.3,25559416,1603183,0.653,0.322,11082,10801,14437,0.01233542,0,0,0.083,0.1623,0.3228,0.0846,0.01337,0.30791,0.11437,-0.00937,0.27009,0.91654
2372,113.2,25570208,1603830,0.596,0.323,11747,10792,14430,0.01233218,0,0,0.08,0.1452,0.3203,0.0501,0.01243,0.31004,0.11847,-0.00684,0.27264,0.89284
2373,114.2,25581009,1604462,0.646,0.321,11160,10801,14427,0.01232894,0,0,0.0855,0.1513,0.3208,0.0889,0.01386,0.307,0.12389,-0.00738,0.28448,0.88988
2374,115.0,25591805,1605086,0.552,0.323,12349,10796,14416,0.0123257,0,0,0.0747,0.1257,0.2917,0.0595,0.01119,0.31091,0.12367,-0.00848,0.28618,0.88794
2375,115.9,25602564,1605722,0.547,0.324,12354,10759,14368,0.01232246,0,0,0.0735,0.1294,0.2977,0.0465,0.01288,0.31015,0.12779,-0.00733,0.29253,0.90426
2376,116.8,25613364,1606349,0.59,0.321,11851,10800,14432,0.01231923,0,0,0.075,0.1316,0.3001,0.0834,0.01183,0.30811,0.13931,-0.00923,0.31873,0.87937
2377,117.7,25624108,1607000,0.547,0.321,12387,10744,14376,0.01231599,0,0,0.0743,0.1299,0.3005,0.042,0.01077,0.30926,0.13213,-0.00864,0.30318,0.87847
2378,118.6,25634905,1607631,0.548,0.322,12410,10797,14421,0.01231277,0,0,0.0749,0.1188,0.2854,0.0689,0.01266,0.30871,0.13177,-0.00871,0.30274,0.88441
2379,119.4,25645712,1608261,0.508,0.32,13048,10807,14404,0.01230953,0,0,0.0673,0.1187,0.2815,0.0409,0.01151,0.30743,0.12221,-0.0075,0.28147,0.89571
2380,120.2,25656580,1608890,0.507,0.319,13150,10868,14475,0.01230629,0,0,0.0697,0.1222,0.2776,0.0376,0.01129,0.30754,0.13623,-0.00713,0.30825,0.87493
2381,121.0,25667335,1609500,0.508,0.321,12973,10755,14389,0.01230303,0,0,0.0647,0.1048,0.2634,0.0754,0.01145,0.30868,0.13984,-0.0082,0.31775,0.88052
2382,121.9,25678166,1610136,0.499,0.323,13173,10831,14450,0.0122998,0,0,0.0674,0.1109,0.273,0.048,0.01154,0.31065,0.13702,-0.0073,0.31023,0.87819
2383,122.7,25689007,1610770,0.496,0.324,13227,10841,14461,0.01229655,0,0,0.0643,0.1113,0.27,0.0501,0.01216,0.31071,0.14321,-0.00925,0.32661,0.88199
2384,123.6,25699876,1611378,0.548,0.323,12477,10869,14487,0.0122933,0,0,0.0696,0.126,0.2804,0.0718,0.01347,0.3091,0.13355,-0.01127,0.31162,0.89348
2385,124.4,25710697,1612008,0.511,0.326,12931,10821,14463,0.01229004,0,0,0.0669,0.1131,0.2763,0.0544,0.01183,0.31361,0.12341,-0.01137,0.29194,0.91038
2386,125.2,25721563,1612642,0.521,0.322,12894,10866,14489,0.01228679,0,0,0.0743,0.116,0.281,0.0494,0.01222,0.309,0.12668,-0.00909,0.2942,0.92252
2387,126.2,25732391,1613276,0.609,0.323,11610,10828,14429,0.01228353,0,0,0.0769,0.1395,0.2965,0.0963,0.01234,0.31044,0.1388,-0.01085,0.32162,0.90823
2388,127.0,25743215,1613901,0.511,0.318,13044,10824,14441,0.01228028,0,0,0.0699,0.125,0.2782,0.0384,0.01111,0.30646,0.13356,-0.01034,0.31029,0.91552
2389,127.9,25754007,1614517,0.535,0.331,12467,10792,14440,0.01227704,0,0,0.0725,0.1265,0.2889,0.047,0.01315,0.31678,0.13471,-0.00935,0.31065,0.91746
2390,128.8,25764844,1615150,0.563,0.328,12163,10837,14442,0.0122738,0,0,0.0691,0.1256,0.2917,0.077,0.01165,0.31515,0.12948,-0.00914,0.29954,0.90799
2391,129.6,25775695,1615766,0.535,0.323,12651,10851,14495,0.01227055,0,0,0.0667,0.1213,0.3078,0.0392,0.01154,0.31068,0.14019,-0.00719,0.31721,0.91452
2392,130.5,25786577,1616395,0.521,0.324,12882,10882,14499,0.01226729,0,0,0.0697,0.1152,0.2906,0.045,0.01266,0.31068,0.13732,-0.0094,0.31582,0.91216
2393,131.4,25797420,1617019,0.571,0.331,12022,10843,14492,0.01226403,0,0,0.0759,0.1288,0.2906,0.0754,0.01364,0.3165,0.14352,-0.01056,0.32987,0.88512
2394,132.2,25808251,1617628,0.555,0.317,12434,10831,14453,0.01226077,0,0,0.0775,0.1385,0.2934,0.0451,0.01156,0.30435,0.13969,-0.00653,0.31455,0.90134
2395,133.1,25819110,1618265,0.582,0.305,12243,10859,14498,0.01225752,0,0,0.0764,0.1583,0.2869,0.0602,0.01185,0.29267,0.13409,-0.01102,0.31257,0.91172
2396,133.9,25829952,1618874,0.472,0.303,13999,10842,14454,0.01225427,0,0,0.0677,0.1129,0.2589,0.0322,0.01123,0.29072,0.13474,-0.01031,0.31195,0.89115
2397,134.7,25840805,1619503,0.506,0.311,13277,10853,14426,0.01225101,0,0,0.0684,0.1136,0.2813,0.0431,0.01095,0.29926,0.13378,-0.01016,0.3102,0.91097
2398,135.6,25851644,1620118,0.592,0.323,11847,10839,14449,0.01224776,0,0,0.0769,0.1482,0.3207,0.0458,0.01376,0.30864,0.13985,-0.01106,0.32453,0.9275
2399,136.4,25862490,1620749,0.503,0.314,13270,10846,14481,0.01224451,0,0,0.0687,0.1162,0.2608,0.0575,0.01141,0.30114,0.14125,-0.00898,0.32364,0.94704
2400,137.3,25873391,1621374,0.545,0.314,12691,10901,14498,0.01224125,0,0,0.0741,0.1369,0.2812,0.0531,0.01351,0.29927,0.1275,-0.0079,0.29402,0.94864
2401,145.6,25884189,1622003,0.544,0.338,12236,10798,14420,0.01223798,0,0,0.0683,0.1368,0.2794,0.0599,0.01188,0.32563,0.14513,-0.00805,0.32898,0.92408
2402,146.5,25895042,1622642,0.503,0.317,13232,10853,14473,0.01223474,0,0,0.0646,0.1195,0.271,0.0479,0.01174,0.30454,0.13933,-0.01197,0.32569,0.94362
2403,147.3,25905880,1623273,0.537,0.314,12737,10838,14469,0.01223149,0,0,0.074,0.1348,0.2952,0.033,0.01091,0.30213,0.14682,-0.00708,0.33031,0.9204
2404,148.1,25916726,1623899,0.502,0.315,13276,10846,14470,0.01222824,0,0,0.0632,0.1151,0.2646,0.0589,0.01143,0.30292,0.12503,-0.00547,0.28453,0.96225
2405,148.9,25927536,1624528,0.479,0.313,13662,10810,14447,0.01222498,0,0,0.0651,0.1257,0.2492,0.0385,0.01104,0.30116,0.13114,-0.008,0.30219,0.97793
2406,149.7,25938420,1625169,0.499,0.31,13446,10884,14506,0.01222174,0,0,0.0609,0.1128,0.2515,0.0741,0.01061,0.299,0.12829,-0.01125,0.30281,0.97005
2407,150.5,25949278,1625787,0.435,0.309,14583,10858,14469,0.01221847,0,0,0.0591,0.1038,0.2375,0.0349,0.01132,0.29741,0.13069,-0.01022,0.30531,0.96198
2408,151.3,25960089,1626410,0.461,0.315,13928,10811,14444,0.01221522,0,0,0.0635,0.1106,0.2537,0.0334,0.01078,0.30367,0.12898,-0.0084,0.29881,0.98395
2409,152.2,25970905,1627034,0.586,0.318,11963,10816,14447,0.01221197,0,0,0.0683,0.1341,0.2854,0.098,0.01305,0.30432,0.13088,-0.00786,0.30057,0.94608
2410,153.0,25981742,1627690,0.534,0.314,12770,10837,14491,0.01220873,0,0,0.0712,0.1362,0.274,0.0528,0.01226,0.30137,0.12163,-0.01047,0.28739,0.95053
2411,153.9,25992504,1628319,0.546,0.313,12533,10762,14384,0.01220548,0,0,0.0709,0.1426,0.2931,0.0395,0.01171,0.30013,0.14401,-0.00793,0.32673,0.93617
2412,154.7,26003295,1628974,0.533,0.314,12751,10791,14432,0.01220225,0,0,0.0667,0.1226,0.2722,0.0713,0.01251,0.30042,0.13964,-0.00705,0.31603,0.92802
2413,155.6,26014100,1629609,0.525,0.314,12881,10805,14420,0.01219901,0,0,0.0703,0.1348,0.2798,0.0399,0.01269,0.30072,0.13176,-0.00892,0.30392,0.92397
2414,156.4,26024926,1630249,0.56,0.313,12407,10826,14439,0.01219577,0,0,0.0696,0.1308,0.2899,0.0693,0.01174,0.3003,0.13684,-0.00791,0.31178,0.91369
2415,157.3,26035699,1630893,0.541,0.314,12594,10773,14410,0.01219252,0,0,0.0713,0.1432,0.284,0.0426,0.01176,0.30199,0.13618,-0.01018,0.31458,0.8967
2416,158.1,26046501,1631535,0.51,0.313,13120,10802,14422,0.01218929,0,0,0.0672,0.1251,0.2805,0.0375,0.0124,0.29971,0.13537,-0.00898,0.31114,0.92023
2417,159.0,26057324,1632187,0.544,0.312,12642,10823,14471,0.01218605,0,0,0.0646,0.1206,0.2839,0.0753,0.01191,0.29916,0.14296,-0.00927,0.32617,0.89109
2418,159.8,26068140,1632817,0.538,0.313,12720,10816,14410,0.0121828,0,0,0.0697,0.1357,0.2875,0.0448,0.0123,0.29943,0.12786,-0.00828,0.29432,0.90497
2419,160.7,26078954,1633474,0.601,0.312,11833,10814,14453,0.01217956,0,0,0.0759,0.157,0.306,0.0626,0.01157,0.3003,0.14161,-0.00884,0.32265,0.89263
2420,161.6,26089773,1634123,0.52,0.31,13036,10819,14431,0.01217631,0,0,0.0668,0.1313,0.2783,0.0437,0.0114,0.29745,0.14731,-0.00977,0.33575,0.8867
2421,162.4,26100596,1634774,0.534,0.315,12735,10823,14452,0.01217307,0,0,0.0687,0.1361,0.2937,0.0361,0.0118,0.30295,0.13418,-0.01033,0.31141,0.91924
2422,163.3,26111356,1635424,0.582,0.309,12078,10760,14397,0.01216982,0,0,0.0739,0.1471,0.2827,0.0778,0.01228,0.29622,0.13495,-0.00951,0.31143,0.92436
2423,164.2,26122152,1636069,0.531,0.314,12776,10796,14374,0.01216659,0,0,0.0692,0.1321,0.2783,0.0517,0.01237,0.3007,0.13392,-0.00969,0.30971,0.92359
2424,165.0,26132926,1636709,0.494,0.31,13401,10774,14393,0.01216335,0,0,0.0651,0.1247,0.2712,0.0328,0.01134,0.29802,0.13658,-0.01108,0.31789,0.92809
2425,165.8,26143778,1637366,0.531,0.31,12904,10852,14499,0.01216012,0,0,0.0654,0.1229,0.2775,0.0647,0.01087,0.29896,0.13089,-0.01219,0.3091,0.94354
2426,166.6,26154592,1638032,0.497,0.314,13342,10814,14489,0.01215687,0,0,0.0657,0.1191,0.2614,0.0505,0.01178,0.30041,0.12124,-0.00947,0.28444,0.94714
2427,167.4,26165481,1638692,0.526,0.311,13017,10889,14503,0.01215362,0,0,0.0648,0.1325,0.2671,0.0611,0.01198,0.29847,0.12392,-0.00874,0.28784,0.92682
2428,168.3,26176323,1639350,0.5,0.313,13340,10842,14472,0.01215036,0,0,0.0653,0.1306,0.2641,0.04,0.01216,0.29999,0.13145,-0.0095,0.30432,0.9222
2429,169.1,26187162,1639987,0.497,0.31,13435,10839,14444,0.0121471,0,0,0.0659,0.1217,0.2766,0.0324,0.01136,0.29806,0.13708,-0.00884,0.31356,0.89371
2430,169.9,26198035,1640647,0.539,0.31,12805,10873,14497,0.01214385,0,0,0.0646,0.1201,0.2648,0.0898,0.01175,0.29745,0.12966,-0.01141,0.30377,0.8908
2431,170.7,26208923,1641311,0.5,0.312,13407,10888,14523,0.01214059,0,0,0.0649,0.1296,0.2669,0.0383,0.01135,0.30035,0.13796,-0.00733,0.31217,0.88928
2432,171.5,26219760,1641960,0.49,0.314,13488,10837,14481,0.01213732,0,0,0.0654,0.124,0.2627,0.0375,0.01156,0.30129,0.12564,-0.00882,0.29077,0.89994
2433,172.4,26230649,1642602,0.545,0.309,12751,10889,14510,0.01213407,0,0,0.0663,0.1268,0.27,0.0821,0.0117,0.29615,0.12571,-0.01048,0.29363,0.87624
2434,173.2,26241575,1643248,0.512,0.312,13258,10926,14531,0.01213081,0,0,0.0683,0.1271,0.2766,0.0398,0.01221,0.29955,0.13038,-0.00815,0.29856,0.88646
2435,174.0,26252414,1643912,0.515,0.312,13106,10839,14483,0.01212753,0,0,0.0702,0.1338,0.2717,0.0389,0.01259,0.29898,0.1241,-0.00761,0.28467,0.87601
2436,174.9,26263257,1644555,0.547,0.311,12633,10843,14486,0.01212428,0,0,0.0689,0.1391,0.2658,0.0735,0.0116,0.29888,0.11925,-0.00776,0.27617,0.91349
2437,175.7,26274185,1645194,0.489,0.316,13572,10928,14552,0.01212102,0,0,0.0638,0.1222,0.2679,0.0356,0.01295,0.3023,0.13347,-0.00619,0.30091,0.89097
2438,176.6,26285061,1645806,0.541,0.311,12776,10876,14520,0.01211774,0,0,0.0682,0.1268,0.2751,0.0707,0.01184,0.2976,0.14226,-0.00575,0.3173,0.87748
2439,177.4,26295952,1646449,0.521,0.309,13111,10891,14524,0.01211448,0,0,0.0671,0.1331,0.2764,0.0448,0.01202,0.29666,0.12536,-0.00891,0.28993,0.88295
2440,178.2,26306826,1647094,0.511,0.315,13165,10874,14543,0.01211121,0,0,0.0673,0.1338,0.2743,0.0352,0.01201,0.30253,0.12466,-0.00896,0.28899,0.89814
2441,179.1,26317683,1647734,0.625,0.314,11568,10857,14477,0.01210795,0,0,0.0709,0.1538,0.3143,0.0855,0.01161,0.30171,0.14115,-0.00884,0.32153,0.89015
2442,180.0,26328522,1648358,0.49,0.312,13521,10839,14485,0.0121047,0,0,0.0631,0.1201,0.2667,0.0401,0.01123,0.29967,0.13658,-0.00875,0.3122,0.88999
2443,180.8,26339351,1648999,0.491,0.313,13461,10829,14459,0.01210144,0,0,0.0632,0.1257,0.2616,0.0407,0.01208,0.30023,0.13803,-0.00736,0.31246,0.89542
2444,181.6,26350214,1649648,0.547,0.314,12616,10863,14486,0.01209819,0,0,0.0666,0.1328,0.2733,0.0745,0.01263,0.29987,0.13417,-0.0078,0.30534,0.88443
2445,182.4,26361073,1650286,0.507,0.314,13229,10859,14528,0.01209494,0,0,0.0689,0.1307,0.271,0.0365,0.01138,0.30183,0.12133,-0.01075,0.28513,0.8671
2446,183.2,26371953,1650924,0.426,0.312,14738,10880,14510,0.01209168,0,0,0.0581,0.0978,0.2334,0.037,0.01113,0.30003,0.13193,-0.00991,0.30464,0.86634
2447,184.0,26382830,1651569,0.48,0.314,13702,10877,14514,0.01208841,0,0,0.0653,0.1094,0.2452,0.0599,0.01205,0.30104,0.12632,-0.01023,0.29366,0.85045
2448,184.8,26393703,1652211,0.52,0.316,13001,10873,14495,0.01208515,0,0,0.0682,0.1354,0.2794,0.0369,0.01265,0.30323,0.13075,-0.00874,0.30053,0.89173
2449,185.6,26404564,1652848,0.434,0.311,14588,10861,14517,0.01208189,0,0,0.0593,0.1031,0.2408,0.0308,0.01083,0.29824,0.12507,-0.00892,0.28898,0.86937
2450,186.3,26415448,1653482,0.481,0.313,13712,10884,14533,0.01207863,0,0,0.0611,0.1175,0.2522,0.0501,0.01283,0.29911,0.12599,-0.00718,0.28788,0.89161
2451,187.1,26426319,1654108,0.423,0.31,14832,10871,14512,0.01207537,0,0,0.0572,0.1035,0.2332,0.0293,0.01096,0.29806,0.13815,-0.00963,0.31662,0.87162
2452,187.9,26437205,1654744,0.427,0.309,14785,10886,14508,0.0120721,0,0,0.0571,0.1011,0.2355,0.0335,0.01127,0.2971,0.12659,-0.0105,0.29528,0.8736
2453,188.6,26448104,1655367,0.451,0.312,14290,10899,14514,0.01206884,0,0,0.0588,0.1051,0.2388,0.0479,0.01153,0.29992,0.12847,-0.0107,0.29924,0.8662
2454,189.4,26458954,1656010,0.438,0.312,14471,10850,14482,0.01206557,0,0,0.0582,0.107,0.2397,0.0329,0.0109,0.30056,0.12339,-0.00977,0.28769,0.88542
2455,190.1,26469816,1656646,0.427,0.312,14699,10862,14461,0.01206231,0,0,0.059,0.1007,0.2357,0.0315,0.01143,0.30001,0.12196,-0.00929,0.28321,0.85831
2456,191.0,26480705,1657282,0.504,0.314,13302,10889,14516,0.01205906,0,0,0.0641,0.1178,0.2654,0.0569,0.01262,0.30107,0.1338,-0.00791,0.30471,0.88297
2457,191.8,26491588,1657922,0.487,0.306,13729,10883,14528,0.01205579,0,0,0.0646,0.118,0.2717,0.0323,0.01099,0.29451,0.11701,-0.00759,0.27022,0.87175
2458,192.5,26502500,1658539,0.44,0.309,14572,10912,14562,0.01205252,0,0,0.0568,0.1069,0.2426,0.0339,0.01118,0.29662,0.13094,-0.00864,0.30031,0.87726
2459,193.3,26513343,1659179,0.458,0.308,14149,10843,14485,0.01204925,0,0,0.0578,0.1095,0.246,0.0448,0.01118,0.29642,0.12628,-0.00825,0.29036,0.88415
2460,194.0,26524208,1659824,0.423,0.31,14834,10865,14490,0.012046,0,0,0.0553,0.1034,0.2311,0.0329,0.01103,0.29813,0.12835,-0.00695,0.29221,0.89663
2461,194.7,26535039,1660446,0.429,0.32,14460,10831,14485,0.01204274,0,0,0.0568,0.1014,0.2377,0.0328,0.01255,0.30704,0.11813,-0.00715,0.27146,0.86826
2462,195.5,26545874,1661084,0.464,0.308,14023,10835,14474,0.01203949,0,0,0.0571,0.1043,0.2394,0.0635,0.01072,0.29709,0.13169,-0.00904,0.30252,0.87476
2463,196.3,26556697,1661714,0.44,0.314,14366,10823,14432,0.01203624,0,0,0.0576,0.1094,0.2407,0.0321,0.01114,0.30174,0.13138,-0.00757,0.29843,0.8531
2464,197.0,26567523,1662355,0.458,0.308,14122,10826,14457,0.01203299,0,0,0.0595,0.1138,0.2576,0.0276,0.01111,0.29646,0.12557,-0.0074,0.28692,0.87233
2465,197.9,26578337,1662994,0.549,0.319,12456,10814,14446,0.01202974,0,0,0.068,0.133,0.2767,0.0717,0.01212,0.30604,0.13139,-0.0079,0.29952,0.87102
2466,198.6,26589145,1663625,0.421,0.308,14834,10808,14442,0.0120265,0,0,0.0564,0.0986,0.23,0.0358,0.01165,0.29545,0.1365,-0.01054,0.31506,0.87261
2467,199.4,26599954,1664274,0.429,0.312,14601,10809,14450,0.01202326,0,0,0.058,0.1012,0.2388,0.0308,0.01119,0.29979,0.1204,-0.01017,0.28271,0.89604
2468,200.2,26610759,1664916,0.462,0.317,13874,10805,14458,0.01202001,0,0,0.056,0.1033,0.2415,0.0613,0.01234,0.30386,0.13147,-0.00769,0.29965,0.88684
2469,200.9,26621582,1665568,0.42,0.314,14744,10823,14473,0.01201677,0,0,0.0561,0.0998,0.2351,0.0293,0.01131,0.30186,0.12882,-0.00717,0.29291,0.87104
2470,201.6,26632419,1666216,0.427,0.312,14662,10837,14477,0.01201353,0,0,0.0551,0.1004,0.2406,0.0308,0.01124,0.30005,0.12992,-0.0095,0.29966,0.86662
2471,202.4,26643208,1666856,0.436,0.312,14424,10789,14427,0.01201027,0,0,0.055,0.1063,0.237,0.0374,0.01153,0.30016,0.13025,-0.00623,0.29385,0.8693
2472,203.2,26654015,1667504,0.468,0.313,13836,10807,14443,0.01200704,0,0,0.06,0.1114,0.2501,0.0467,0.0109,0.30137,0.13212,-0.00841,0.30222,0.8811
2473,203.9,26664834,1668158,0.431,0.308,14637,10819,14438,0.0120038,0,0,0.0569,0.1007,0.2391,0.0347,0.01111,0.29609,0.12564,-0.00621,0.28422,0.8553
2474,204.6,26675635,1668811,0.435,0.309,14509,10801,14438,0.01200055,0,0,0.0549,0.1005,0.2318,0.0479,0.01118,0.29762,0.13582,-0.00719,0.3068,0.86579
2475,205.4,26686466,1669466,0.441,0.306,14514,10831,14496,0.01199731,0,0,0.0589,0.1062,0.245,0.0304,0.01102,0.29409,0.13506,-0.00679,0.30484,0.8808
2476,206.1,26697277,1670115,0.436,0.307,14544,10811,14446,0.01199406,0,0,0.0567,0.1063,0.2417,0.0315,0.01138,0.29523,0.12754,-0.00748,0.29153,0.89658
2477,206.9,26708077,1670754,0.443,0.306,14427,10800,14448,0.01199082,0,0,0.0575,0.1043,0.2367,0.044,0.01094,0.29463,0.12626,-0.0067,0.28683,0.87261
2478,207.6,26718891,1671397,0.428,0.309,14691,10814,14446,0.01198758,0,0,0.0555,0.1006,0.2366,0.0348,0.0107,0.29735,0.14076,-0.00791,0.31841,0.87859
2479,208.4,26729699,1672041,0.454,0.31,14142,10808,14445,0.01198433,0,0,0.0596,0.1079,0.2483,0.0384,0.01098,0.29849,0.13567,-0.00827,0.30904,0.88274
2480,209.2,26740461,1672686,0.461,0.31,13955,10762,14406,0.01198109,0,0,0.0608,0.1085,0.2445,0.0474,0.01155,0.29796,0.12393,-0.00627,0.2815,0.88145
2481,209.9,26751299,1673325,0.428,0.307,14742,10838,14496,0.01197786,0,0,0.0573,0.1026,0.2372,0.0313,0.01083,0.29537,0.14206,-0.00668,0.31857,0.88068
2482,210.6,26762112,1673958,0.428,0.308,14681,10813,14454,0.01197461,0,0,0.0564,0.1019,0.238,0.0319,0.01094,0.2968,0.13606,-0.01107,0.31505,0.86769
2483,211.4,26772940,1674623,0.441,0.311,14403,10828,14457,0.01197137,0,0,0.0564,0.1031,0.2345,0.0471,0.01149,0.29833,0.13345,-0.00954,0.30713,0.88317
2484,212.1,26783742,1675272,0.419,0.309,14854,10802,14469,0.01196812,0,0,0.0562,0.0998,0.2298,0.0329,0.01121,0.29675,0.13503,-0.01087,0.31309,0.88958
2485,212.8,26794536,1675923,0.422,0.282,15337,10794,14438,0.01196488,0,0,0.0565,0.1007,0.2362,0.0289,0.01061,0.27036,0.14505,-0.01073,0.33201,0.85409
2486,213.6,26805309,1676556,0.48,0.309,13650,10773,14425,0.01196164,0,0,0.0622,0.1121,0.2458,0.0602,0.01131,0.29704,0.14417,-0.00873,0.32639,0.86045
2487,214.3,26816133,1677184,0.421,0.317,14663,10824,14482,0.01195841,0,0,0.0557,0.0999,0.2344,0.0309,0.01134,0.30533,0.13993,-0.00899,0.31837,0.85787
2488,215.1,26826987,1677818,0.441,0.315,14357,10854,14490,0.01195516,0,0,0.0573,0.106,0.2465,0.0314,0.01093,0.30329,0.14002,-0.01027,0.32067,0.84038
2489,215.9,26837825,1678470,0.465,0.317,13851,10838,14489,0.0119519,0,0,0.058,0.1029,0.2428,0.0618,0.01216,0.30439,0.13658,-0.00931,0.31249,0.86663
2490,216.6,26848641,1679112,0.431,0.319,14429,10816,14458,0.01194865,0,0,0.0558,0.1033,0.24,0.0316,0.011,0.307,0.12676,-0.0102,0.2945,0.86108
2491,217.4,26859472,1679757,0.478,0.318,13598,10831,14474,0.01194541,0,0,0.0671,0.1169,0.2635,0.0306,0.0115,0.3062,0.13297,-0.00608,0.2983,0.84515
2492,218.2,26870307,1680400,0.481,0.318,13560,10835,14481,0.01194216,0,0,0.0623,0.1136,0.2504,0.0547,0.01197,0.30557,0.12879,-0.00755,0.29294,0.84812
2493,219.0,26881095,1681040,0.437,0.319,14276,10788,14446,0.01193891,0,0,0.0583,0.1018,0.2436,0.0334,0.01198,0.30593,0.13686,-0.00706,0.30759,0.82691
2494,219.8,26891934,1681687,0.439,0.327,14145,10839,14494,0.01193567,0,0,0.0566,0.1025,0.2398,0.0402,0.01175,0.31497,0.127,-0.00825,0.29101,0.85931
2495,220.6,26902740,1682314,0.489,0.321,13347,10806,14470,0.01193242,0,0,0.0613,0.1176,0.2547,0.0553,0.011,0.30925,0.12599,-0.00758,0.28776,0.86425
2496,221.3,26913550,1682947,0.451,0.322,13970,10810,14462,0.01192918,0,0,0.0588,0.1067,0.2512,0.0348,0.01159,0.31028,0.12721,-0.01011,0.29499,0.85318
2497,222.1,26924370,1683576,0.46,0.323,13819,10820,14459,0.01192594,0,0,0.0633,0.1134,0.251,0.0325,0.01229,0.30986,0.12409,-0.00883,0.28642,0.86234
2498,223.0,26935169,1684205,0.528,0.326,12651,10799,14479,0.01192269,0,0,0.066,0.1308,0.2726,0.0582,0.0115,0.31382,0.12555,-0.00759,0.28684,0.8626
2499,223.8,26946017,1684825,0.505,0.322,13120,10848,14473,0.01191945,0,0,0.0656,0.1238,0.276,0.0392,0.01172,0.3098,0.13646,-0.00657,0.30629,0.84856
2500,224.6,26956872,1685463,0.462,0.317,13937,10855,14485,0.01191619,0,0,0.0611,0.1126,0.2555,0.033,0.01138,0.30476,0.1171,-0.00877,0.27272,0.88007
2501,225.3,26967748,1686098,0.445,0.319,14233,10876,14552,0.01191294,0,0,0.0553,0.1005,0.238,0.0511,0.01155,0.30718,0.12905,-0.00744,0.29379,0.87429
2502,226.2,26978597,1686743,0.457,0.318,13991,10849,14522,0.01190968,0,0,0.0621,0.113,0.246,0.0362,0.01156,0.30606,0.12227,-0.00877,0.2831,0.88209
2503,227.0,26989445,1687375,0.46,0.32,13921,10848,14484,0.01190642,0,0,0.0601,0.1128,0.2525,0.0342,0.01156,0.30744,0.12705,-0.00841,0.29151,0.86498
2504,227.7,27000256,1688029,0.466,0.315,13847,10811,14467,0.01190317,0,0,0.0607,0.1079,0.2469,0.0506,0.01018,0.3039,0.1207,-0.0064,0.27532,0.8877
2505,228.5,27011100,1688674,0.417,0.317,14765,10844,14517,0.01189992,0,0,0.0557,0.1014,0.2298,0.0306,0.01138,0.30503,0.1322,-0.00879,0.30335,0.89784
2506,229.2,27021948,1689303,0.4,0.314,15211,10848,14498,0.01189667,0,0,0.0529,0.094,0.2232,0.0294,0.0112,0.30188,0.1183,-0.00887,0.27575,0.90041
2507,229.9,27032804,1689949,0.413,0.314,14920,10856,14523,0.01189342,0,0,0.0516,0.0935,0.2228,0.0454,0.011,0.30285,0.12157,-0.0085,0.28173,0.90853
2508,230.6,27043626,1690595,0.406,0.315,15021,10822,14482,0.01189016,0,0,0.054,0.0962,0.2234,0.0323,0.01072,0.30341,0.1191,-0.00805,0.27523,0.87969
2509,231.4,27054431,1691224,0.417,0.317,14734,10805,14484,0.01188691,0,0,0.0543,0.0995,0.2323,0.0305,0.01116,0.30465,0.12142,-0.00904,0.28183,0.87928
2510,232.1,27065234,1691870,0.412,0.314,14890,10803,14474,0.01188367,0,0,0.0511,0.0905,0.2195,0.0509,0.01052,0.30248,0.11669,-0.00922,0.2728,0.88244
2511,232.8,27076098,1692518,0.396,0.313,15330,10864,14531,0.01188043,0,0,0.0513,0.0917,0.2218,0.031,0.01023,0.30203,0.11998,-0.00951,0.28126,0.93802
2512,233.5,27086971,1693162,0.393,0.314,15380,10873,14527,0.01187717,0,0,0.0516,0.0906,0.2211,0.0294,0.01015,0.30351,0.13035,-0.01015,0.30219,0.89222
2513,234.3,27097844,1693802,0.43,0.316,14568,10873,14524,0.01187391,0,0,0.0532,0.0935,0.2322,0.0513,0.01118,0.30441,0.12034,-0.00808,0.27859,0.9155
2514,235.0,27108651,1694446,0.414,0.317,14770,10807,14475,0.01187065,0,0,0.055,0.0987,0.2292,0.0314,0.01144,0.30535,0.13004,-0.00694,0.29509,0.88986
2515,235.7,27119467,1695098,0.419,0.317,14692,10816,14480,0.0118674,0,0,0.0554,0.0987,0.236,0.0293,0.01132,0.30484,0.13341,-0.00639,0.30081,0.89333
2516,236.5,27130265,1695733,0.449,0.319,14059,10798,14472,0.01186416,0,0,0.0575,0.1023,0.2375,0.0517,0.012,0.30615,0.12844,-0.00805,0.29345,0.8627
2517,237.2,27141076,1696362,0.422,0.318,14618,10811,14499,0.01186092,0,0,0.0559,0.1001,0.2342,0.0318,0.0116,0.30537,0.14013,-0.00922,0.31895,0.85329
2518,238.0,27151846,1696991,0.417,0.318,14659,10770,14442,0.01185768,0,0,0.0562,0.0999,0.2309,0.0296,0.01099,0.30662,0.13875,-0.00756,0.31349,0.88026
2519,238.7,27162642,1697614,0.449,0.32,14034,10796,14471,0.01185445,0,0,0.0578,0.1033,0.2398,0.0486,0.01139,0.30775,0.12948,-0.00855,0.29654,0.86424
2520,239.5,27173434,1698249,0.442,0.318,14201,10792,14469,0.01185121,0,0,0.0604,0.1069,0.2452,0.0291,0.0116,0.30622,0.1227,-0.00847,0.28288,0.86617
2521,240.3,27184223,1698851,0.435,0.316,14368,10789,14450,0.01184797,0,0,0.0571,0.1022,0.2429,0.0328,0.01182,0.3035,0.13421,-0.0076,0.30432,0.87354
2522,241.0,27194984,1699473,0.444,0.315,14186,10761,14398,0.01184473,0,0,0.0554,0.0992,0.2391,0.05,0.01117,0.30305,0.13445,-0.0104,0.31061,0.88229
2523,241.8,27205737,1700096,0.43,0.318,14361,10753,14418,0.0118415,0,0,0.0563,0.1014,0.2409,0.0318,0.01053,0.30737,0.12929,-0.01077,0.30078,0.87198
2524,242.5,27216498,1700702,0.422,0.317,14561,10761,14427,0.01183828,0,0,0.0558,0.0992,0.2344,0.0328,0.01126,0.30503,0.11612,-0.00667,0.26589,0.85789
2525,243.3,27227265,1701313,0.437,0.319,14243,10767,14429,0.01183505,0,0,0.0552,0.1003,0.2343,0.0472,0.01104,0.30734,0.11399,-0.00985,0.26826,0.8697
2526,244.0,27238014,1701937,0.437,0.32,14199,10749,14389,0.01183182,0,0,0.0577,0.109,0.2366,0.0335,0.01174,0.30787,0.13446,-0.00644,0.30248,0.87355
2527,244.8,27248805,1702534,0.44,0.32,14192,10791,14456,0.0118286,0,0,0.0572,0.1065,0.244,0.0329,0.01146,0.30782,0.1345,-0.00762,0.30476,0.86672
2528,245.7,27259541,1703164,0.566,0.319,12122,10736,14406,0.01182536,0,0,0.0715,0.1421,0.2933,0.0592,0.01149,0.30722,0.12487,-0.00881,0.28833,0.8865
2529,246.6,27270296,1703765,0.596,0.326,11665,10755,14395,0.01182214,0,0,0.0747,0.1598,0.3097,0.0519,0.0131,0.3117,0.13451,-0.00918,0.30782,0.86427
2530,247.6,27281029,1704368,0.642,0.325,11099,10733,14403,0.01181891,0,0,0.0795,0.1645,0.322,0.076,0.0129,0.31124,0.12925,-0.00865,0.29668,0.88377
2531,248.5,27291842,1704988,0.625,0.324,11396,10813,14464,0.01181569,0,0,0.0834,0.1648,0.3272,0.0498,0.01284,0.30986,0.13034,-0.00831,0.29782,0.86835
2532,249.5,27302637,1705605,0.681,0.325,10726,10795,14468,0.01181245,0,0,0.0831,0.167,0.3304,0.1008,0.01344,0.31109,0.13488,-0.00865,0.30762,0.87084
2533,250.5,27313421,1706228,0.622,0.322,11429,10784,14448,0.01180921,0,0,0.0818,0.1697,0.316,0.0545,0.01207,0.30871,0.12836,-0.00583,0.28932,0.88702
2534,251.4,27324156,1706836,0.605,0.329,11505,10735,14401,0.01180597,0,0,0.0775,0.1598,0.3113,0.056,0.01283,0.31446,0.13458,-0.00687,0.30462,0.9204
2535,252.4,27334936,1707490,0.644,0.327,11094,10780,14428,0.01180275,0,0,0.0763,0.1697,0.3333,0.0649,0.01266,0.31377,0.12932,-0.00832,0.29645,0.8967
2536,253.3,27345699,1708132,0.624,0.326,11329,10763,14442,0.01179952,0,0,0.0795,0.167,0.331,0.0463,0.01266,0.31282,0.13203,-0.01132,0.30828,0.91409
2537,254.2,27356420,1708759,0.558,0.321,12195,10721,14373,0.01179629,0,0,0.0692,0.1363,0.2861,0.0664,0.01152,0.30895,0.12805,-0.00979,0.29721,0.91274
2538,255.0,27367189,1709382,0.465,0.321,13706,10769,14436,0.01179307,0,0,0.0637,0.1155,0.2501,0.0356,0.01165,0.30876,0.13691,-0.0072,0.31029,0.93609
2539,255.8,27377979,1710028,0.476,0.326,13447,10790,14450,0.01178984,0,0,0.0663,0.1269,0.2506,0.0327,0.01122,0.31386,0.12351,-0.00634,0.28148,0.92365
2540,256.6,27388819,1710662,0.469,0.326,13637,10840,14540,0.01178661,0,0,0.0607,0.1071,0.2399,0.0608,0.01133,0.31409,0.13873,-0.00687,0.3124,0.89962
2541,257.3,27399574,1711295,0.447,0.326,13906,10755,14398,0.01178335,0,0,0.061,0.1092,0.2476,0.0298,0.01116,0.31403,0.12848,-0.0088,0.29573,0.89818
2542,258.1,27410364,1711926,0.472,0.325,13541,10790,14436,0.01178013,0,0,0.0639,0.1155,0.2522,0.0403,0.01087,0.31356,0.12584,-0.00798,0.28857,0.88855
2543,259.0,27421174,1712577,0.482,0.327,13355,10810,14489,0.01177689,0,0,0.0631,0.1147,0.2578,0.0465,0.01118,0.31524,0.13957,-0.01132,0.32251,0.87989
2544,260.0,27431960,1713228,0.711,0.332,10342,10786,14464,0.01177365,0,0,0.0776,0.1847,0.3027,0.146,0.01137,0.31871,0.13984,-0.00662,0.31424,0.90583
2545,261.0,27442735,1713866,0.717,0.33,10292,10775,14468,0.01177041,0,0,0.0796,0.2131,0.3136,0.1108,0.0121,0.31701,0.12539,-0.00901,0.28997,0.89932
2546,261.9,27453499,1714498,0.572,0.32,12071,10764,14419,0.01176718,0,0,0.0616,0.1541,0.2622,0.0941,0.0107,0.30846,0.13735,-0.0094,0.31397,0.86969
2547,262.7,27464292,1715140,0.486,0.32,13389,10793,14451,0.01176395,0,0,0.0652,0.1178,0.256,0.0472,0.01129,0.308,0.13318,-0.00837,0.30417,0.89565
2548,263.6,27475091,1715782,0.504,0.322,13075,10799,14462,0.01176071,0,0,0.0642,0.1148,0.2613,0.0635,0.01137,0.30991,0.12581,-0.00833,0.28877,0.87092
2549,264.4,27485885,1716417,0.522,0.321,12807,10794,14471,0.01175747,0,0,0.0615,0.1259,0.2545,0.0803,0.0114,0.30859,0.13381,-0.01065,0.30971,0.88389
2550,265.2,27496661,1717071,0.474,0.319,13602,10776,14428,0.01175423,0,0,0.0614,0.1126,0.2555,0.0442,0.01108,0.30687,0.12954,-0.01013,0.29982,0.87171
2551,266.0,27507433,1717744,0.446,0.319,14074,10772,14451,0.011751,0,0,0.0591,0.106,0.2374,0.0438,0.0112,0.30737,0.12671,-0.00959,0.2934,0.88571
2552,266.9,27518214,1718390,0.514,0.321,12901,10781,14425,0.01174777,0,0,0.0731,0.1291,0.2728,0.0391,0.01147,0.30943,0.13135,-0.00823,0.29957,0.86904
2553,267.7,27528988,1719041,0.517,0.319,12895,10774,14425,0.01174454,0,0,0.0624,0.1253,0.2573,0.0718,0.01137,0.30679,0.12716,-0.00889,0.29325,0.90048
2554,268.5,27539727,1719692,0.499,0.321,13102,10739,14410,0.0117413,0,0,0.0634,0.1142,0.2534,0.0679,0.01068,0.30953,0.12697,-0.00788,0.29017,0.8714
2555,269.4,27550500,1720357,0.506,0.32,13034,10773,14434,0.01173808,0,0,0.0676,0.1232,0.2743,0.0413,0.01158,0.30783,0.12188,-0.0067,0.27758,0.87057
2556,270.2,27561252,1721023,0.523,0.321,12737,10752,14420,0.01173485,0,0,0.0697,0.1315,0.272,0.0502,0.01074,0.30948,0.1141,-0.01053,0.27044,0.90217
2557,271.1,27572036,1721664,0.53,0.321,12668,10784,14441,0.01173162,0,0,0.071,0.1447,0.267,0.0472,0.01256,0.30816,0.12308,-0.00845,0.28335,0.86517
2558,271.9,27582772,1722324,0.484,0.323,13310,10736,14397,0.01172839,0,0,0.0672,0.115,0.2678,0.0335,0.01117,0.31133,0.12371,-0.01055,0.28855,0.85363
2559,272.7,27593510,1722983,0.46,0.318,13808,10738,14399,0.01172517,0,0,0.0611,0.1113,0.2417,0.0459,0.01059,0.30642,0.12015,-0.00892,0.27816,0.85401
2560,273.4,27604240,1723653,0.443,0.316,14136,10730,14408,0.01172195,0,0,0.0603,0.1052,0.2421,0.0358,0.01067,0.30433,0.12477,-0.00905,0.28802,0.86932
2561,274.2,27614980,1724304,0.433,0.32,14270,10740,14411,0.01171873,0,0,0.0606,0.1053,0.2369,0.03,0.01102,0.30814,0.12488,-0.00662,0.28355,0.87712
2562,274.9,27625710,1724957,0.46,0.318,13798,10730,14408,0.01171551,0,0,0.0598,0.1064,0.244,0.0495,0.01022,0.30718,0.13352,-0.01049,0.30836,0.86803
2563,275.7,27636419,1725604,0.461,0.322,13677,10709,14376,0.01171229,0,0,0.0618,0.1088,0.2467,0.0439,0.01131,0.30989,0.13862,-0.00829,0.31403,0.8624
2564,276.6,27647203,1726254,0.504,0.323,13043,10784,14446,0.01170907,0,0,0.065,0.1392,0.2533,0.0464,0.01142,0.31043,0.1418,-0.0082,0.32049,0.87456
2565,277.4,27657947,1726912,0.538,0.324,12464,10744,14412,0.01170584,0,0,0.0664,0.1409,0.2622,0.0686,0.01196,0.31134,0.1234,-0.00806,0.28333,0.87196
2566,278.2,27668703,1727578,0.505,0.327,12923,10756,14422,0.01170262,0,0,0.0652,0.1323,0.2609,0.0465,0.012,0.31474,0.12689,-0.00978,0.29367,0.86843
2567,279.1,27679429,1728237,0.522,0.323,12691,10726,14367,0.01169939,0,0,0.0711,0.1324,0.2717,0.0467,0.01047,0.3121,0.12954,-0.00824,0.29597,0.87227
2568,279.9,27690191,1728878,0.506,0.322,12997,10762,14383,0.01169617,0,0,0.0646,0.1109,0.2622,0.0689,0.01086,0.31014,0.13845,-0.00924,0.31524,0.84866
2569,280.7,27700939,1729523,0.454,0.321,13872,10748,14418,0.01169294,0,0,0.0597,0.1117,0.2443,0.0381,0.01103,0.30938,0.13429,-0.00984,0.30809,0.84803
2570,281.5,27711686,1730165,0.443,0.323,14023,10747,14417,0.01168972,0,0,0.0599,0.1071,0.2411,0.0354,0.01166,0.31046,0.13318,-0.00757,0.30151,0.85519
2571,282.3,27722500,1730837,0.517,0.319,12927,10814,14487,0.01168649,0,0,0.0625,0.1216,0.2599,0.0732,0.01147,0.30748,0.13111,-0.00717,0.2963,0.84475
2572,283.1,27733275,1731509,0.438,0.323,14170,10775,14459,0.01168325,0,0,0.0568,0.1053,0.2364,0.0392,0.01098,0.31115,0.12807,-0.00828,0.29246,0.8451
2573,283.8,27744046,1732184,0.437,0.321,14217,10771,14444,0.01168002,0,0,0.057,0.1081,0.2364,0.0353,0.01056,0.30977,0.13664,-0.00894,0.3105,0.82808
2574,284.6,27754825,1732858,0.465,0.324,13670,10779,14436,0.01167679,0,0,0.0599,0.1053,0.2424,0.0572,0.01177,0.31143,0.12724,-0.00896,0.29187,0.83372
2575,285.4,27765625,1733517,0.454,0.321,13938,10800,14475,0.01167355,0,0,0.0589,0.1073,0.2415,0.0458,0.01083,0.30993,0.13761,-0.0077,0.30936,0.80257
2576,286.2,27776379,1734179,0.469,0.321,13604,10754,14407,0.01167031,0,0,0.0625,0.1162,0.2488,0.0415,0.01079,0.31007,0.13519,-0.00687,0.30338,0.82547
2577,286.9,27787169,1734853,0.446,0.323,14024,10790,14476,0.01166709,0,0,0.0572,0.1024,0.2345,0.0519,0.01057,0.31226,0.1191,-0.00863,0.2753,0.85041
2578,287.7,27797941,1735517,0.432,0.324,14240,10772,14456,0.01166385,0,0,0.0571,0.1023,0.2377,0.0352,0.0109,0.31266,0.13071,-0.0065,0.29411,0.84353
2579,288.5,27808726,1736199,0.494,0.321,13234,10785,14480,0.01166062,0,0,0.065,0.1164,0.2627,0.0496,0.01166,0.30896,0.11121,-0.00891,0.26014,0.85291
2580,289.3,27819518,1736886,0.453,0.321,13942,10792,14446,0.01165738,0,0,0.0583,0.1159,0.2451,0.0333,0.01091,0.30968,0.12288,-0.00691,0.27913,0.83895
2581,290.1,27830295,1737546,0.446,0.324,14007,10777,14449,0.01165414,0,0,0.058,0.1056,0.245,0.0373,0.01137,0.31162,0.1339,-0.00643,0.29997,0.82817
2582,290.9,27841028,1738249,0.476,0.322,13442,10733,14405,0.01165091,0,0,0.0597,0.1065,0.248,0.0622,0.01068,0.31092,0.12153,-0.00712,0.27693,0.84217
2583,291.6,27851761,1738919,0.443,0.319,14077,10733,14406,0.01164769,0,0,0.0594,0.104,0.2464,0.0336,0.01074,0.30728,0.12117,-0.00814,0.2788,0.86689
2584,292.4,27862512,1739604,0.441,0.321,14109,10751,14433,0.01164447,0,0,0.0588,0.1062,0.2408,0.0355,0.01115,0.30909,0.11629,-0.00945,0.2716,0.864
2585,293.2,27873307,1740259,0.455,0.32,13943,10795,14425,0.01164125,0,0,0.0568,0.1004,0.2387,0.0588,0.01066,0.30826,0.11642,-0.00746,0.26727,0.83836
2586,293.9,27884015,1740906,0.43,0.32,14278,10708,14366,0.01163801,0,0,0.0569,0.1003,0.2371,0.0353,0.01091,0.30875,0.12269,-0.00728,0.28026,0.87323
2587,294.7,27894768,1741578,0.435,0.321,14223,10753,14395,0.0116348,0,0,0.0571,0.1061,0.2399,0.0323,0.01026,0.3098,0.12461,-0.00715,0.28323,0.84728
2588,295.5,27905530,1742219,0.483,0.318,13437,10762,14422,0.01163157,0,0,0.0583,0.1106,0.2434,0.0704,0.01046,0.30718,0.13209,-0.00668,0.29789,0.87449
2589,296.2,27916242,1742889,0.432,0.319,14268,10712,14363,0.01162834,0,0,0.057,0.1013,0.2423,0.0316,0.01066,0.30738,0.13027,-0.00944,0.29914,0.84841
2590,297.0,27926992,1743547,0.432,0.319,14318,10750,14389,0.01162513,0,0,0.0573,0.1009,0.2398,0.0341,0.01084,0.30732,0.13659,-0.00937,0.3116,0.84654
2591,297.7,27937767,1744208,0.443,0.321,14104,10775,14434,0.0116219,0,0,0.0566,0.1032,0.2387,0.0443,0.01124,0.30934,0.13943,-0.00821,0.31553,0.87067
2592,298.5,27948505,1744863,0.432,0.321,14255,10738,14419,0.01161867,0,0,0.0554,0.1041,0.2379,0.0349,0.01135,0.30906,0.12783,-0.01147,0.29931,0.89093
2593,299.2,27959290,1745521,0.437,0.322,14215,10785,14480,0.01161545,0,0,0.0574,0.1038,0.2404,0.035,0.0114,0.31017,0.14312,-0.00865,0.32394,0.8776
2594,300.0,27970013,1746171,0.466,0.319,13649,10723,14380,0.01161221,0,0,0.0563,0.1066,0.2354,0.0679,0.01103,0.30785,0.12633,-0.00775,0.28832,0.86843
2595,300.8,27980776,1746834,0.448,0.32,14016,10763,14414,0.011609,0,0,0.0579,0.117,0.2385,0.0345,0.01114,0.30827,0.13079,-0.00934,0.30089,0.88785
2596,301.5,27991528,1747470,0.432,0.318,14346,10752,14411,0.01160577,0,0,0.0579,0.1003,0.2354,0.0382,0.01137,0.30543,0.13544,-0.00868,0.30908,0.89779
2597,302.3,28002297,1748124,0.441,0.317,14211,10769,14424,0.01160254,0,0,0.0567,0.1044,0.2372,0.0428,0.01102,0.305,0.12884,-0.00927,0.29651,0.87433
2598,303.1,28013048,1748791,0.474,0.32,13541,10751,14428,0.01159931,0,0,0.0622,0.1142,0.2569,0.041,0.01048,0.30866,0.14082,-0.00853,0.31887,0.86907
2599,303.8,28023726,1749457,0.432,0.318,14248,10678,14352,0.01159609,0,0,0.0561,0.1028,0.2337,0.039,0.0106,0.30659,0.13659,-0.00624,0.30631,0.88967
2600,304.6,28034477,1750090,0.467,0.32,13662,10751,14419,0.01159288,0,0,0.0573,0.1033,0.242,0.0647,0.01085,0.30819,0.13396,-0.00806,0.30458,0.8856
2601,305.7,28045179,1750766,0.452,0.321,13856,10702,14377,0.01158966,0,0,0.0594,0.1093,0.247,0.0361,0.01108,0.309,0.12702,-0.00984,0.29466,0.90349
2602,306.6,28055860,1751430,0.458,0.322,13691,10681,14363,0.01158645,0,0,0.0558,0.1009,0.2374,0.0643,0.01157,0.30929,0.12871,-0.00638,0.29046,0.87555
2603,307.4,28066538,1752081,0.459,0.319,13716,10678,14308,0.01158324,0,0,0.0614,0.1149,0.247,0.036,0.01141,0.30718,0.11828,-0.00868,0.2751,0.91472
2604,308.1,28077224,1752726,0.436,0.321,14119,10686,14348,0.01158004,0,0,0.0561,0.1078,0.2377,0.034,0.01135,0.30928,0.11279,-0.00943,0.26535,0.90291
2605,308.9,28087892,1753400,0.467,0.321,13540,10668,14344,0.01157683,0,0,0.0568,0.1051,0.2368,0.0682,0.01229,0.3082,0.11955,-0.00667,0.27381,0.92295
2606,309.7,28098555,1754074,0.445,0.32,13929,10663,14339,0.01157363,0,0,0.0587,0.1077,0.2407,0.038,0.01124,0.30859,0.12382,-0.0086,0.28591,0.90984
2607,310.5,28109318,1754745,0.512,0.319,12955,10763,14436,0.01157043,0,0,0.0698,0.1312,0.2735,0.0371,0.01132,0.30727,0.11529,-0.00876,0.26942,0.92191
2608,311.3,28120003,1755388,0.482,0.321,13309,10685,14360,0.0115672,0,0,0.0607,0.1113,0.2483,0.0619,0.01204,0.30807,0.12918,-0.00974,0.299,0.91514
2609,312.1,28130722,1756033,0.443,0.319,14071,10719,14381,0.011564,0,0,0.0581,0.1026,0.2421,0.0402,0.01121,0.30702,0.11926,-0.00701,0.27319,0.8929
2610,312.8,28141368,1756698,0.435,0.319,14123,10646,14308,0.01156078,0,0,0.0569,0.1057,0.2382,0.0337,0.01142,0.30727,0.11732,-0.00893,0.27279,0.87684
2611,313.6,28152029,1757347,0.471,0.317,13533,10661,14339,0.01155759,0,0,0.0614,0.1121,0.2509,0.0461,0.0104,0.30629,0.11367,-0.00479,0.25734,0.88337
2612,314.4,28162739,1758007,0.423,0.32,14411,10710,14340,0.01155439,0,0,0.057,0.099,0.23,0.0368,0.01063,0.30909,0.12437,-0.00396,0.27688,0.87561
2613,315.1,28173414,1758665,0.432,0.318,14227,10675,14325,0.01155118,0,0,0.0551,0.108,0.2379,0.0314,0.0105,0.30686,0.11267,-0.00869,0.26281,0.86952
2614,315.9,28184125,1759324,0.475,0.322,13434,10711,14394,0.01154798,0,0,0.0607,0.121,0.2576,0.0357,0.01194,0.30977,0.10295,-0.00664,0.23876,0.848
2615,316.7,28194828,1759989,0.441,0.319,14082,10703,14363,0.01154476,0,0,0.0573,0.1048,0.2419,0.0365,0.01107,0.30748,0.10838,-0.00771,0.25191,0.85411
2616,317.4,28205544,1760662,0.432,0.319,14277,10716,14364,0.01154155,0,0,0.0585,0.1022,0.2373,0.0337,0.01134,0.30688,0.09478,-0.00758,0.22463,0.86262
2617,318.2,28216233,1761334,0.444,0.319,14010,10689,14372,0.01153834,0,0,0.0559,0.1161,0.2368,0.0347,0.01196,0.30681,0.0966,-0.00883,0.23086,0.86745
2618,318.9,28226901,1761994,0.433,0.319,14178,10668,14349,0.01153513,0,0,0.0582,0.1025,0.2417,0.0308,0.01142,0.3073,0.10418,-0.00578,0.24076,0.90379
2619,319.7,28237599,1762656,0.436,0.319,14176,10698,14335,0.01153193,0,0,0.0578,0.1006,0.2387,0.0388,0.01068,0.30754,0.10159,-0.0069,0.23711,0.87305
2620,320.5,28248340,1763314,0.45,0.321,13935,10741,14371,0.01152872,0,0,0.0584,0.1051,0.2431,0.0432,0.01142,0.30898,0.09238,-0.00934,0.22382,0.88344
2621,321.2,28259107,1763995,0.411,0.318,14756,10767,14441,0.0115255,0,0,0.054,0.0954,0.2292,0.0326,0.01112,0.3068,0.1127,-0.01057,0.26768,0.91712
2622,322.0,28269846,1764635,0.46,0.319,13779,10739,14424,0.01152227,0,0,0.0582,0.1057,0.2397,0.0568,0.01215,0.30626,0.10714,-0.00793,0.25125,0.91535
2623,322.8,28280517,1765287,0.493,0.318,13161,10671,14347,0.01151905,0,0,0.0589,0.1082,0.254,0.0715,0.01138,0.30625,0.11957,-0.00757,0.2755,0.92147
2624,323.5,28291202,1765931,0.402,0.319,14817,10685,14357,0.01151584,0,0,0.0509,0.0917,0.2253,0.0344,0.01147,0.30688,0.12965,-0.00901,0.29864,0.92605
2625,324.2,28301903,1766607,0.412,0.318,14670,10701,14352,0.01151264,0,0,0.0541,0.0957,0.228,0.0339,0.01129,0.30586,0.11053,-0.00789,0.25844,0.93799
2626,325.0,28312623,1767253,0.431,0.319,14291,10720,14383,0.01150943,0,0,0.0535,0.0952,0.2223,0.0601,0.01165,0.3069,0.12319,-0.00894,0.2852,0.90972
2627,325.7,28323337,1767900,0.422,0.318,14488,10714,14372,0.01150621,0,0,0.0568,0.1014,0.2311,0.0322,0.0109,0.3065,0.12475,-0.00645,0.28368,0.92551
2628,326.5,28334074,1768566,0.43,0.321,14297,10737,14397,0.011503,0,0,0.0571,0.0996,0.2329,0.04,0.01245,0.30812,0.12215,-0.00744,0.28032,0.91839
2629,327.3,28344794,1769217,0.474,0.319,13505,10720,14399,0.01149978,0,0,0.058,0.1035,0.2426,0.0702,0.0114,0.30754,0.12362,-0.00692,0.28281,0.94454
2630,328.0,28355455,1769847,0.443,0.321,13956,10661,14314,0.01149656,0,0,0.0579,0.1101,0.2404,0.0342,0.01091,0.3097,0.11495,-0.0087,0.26857,0.92445
2631,328.8,28366114,1770501,0.435,0.321,14109,10659,14292,0.01149336,0,0,0.0584,0.1046,0.2387,0.0332,0.01158,0.30852,0.12557,-0.00939,0.29112,0.92211
2632,329.5,28376742,1771147,0.443,0.319,13944,10628,14302,0.01149017,0,0,0.0567,0.1009,0.233,0.0529,0.01107,0.30719,0.13259,-0.00956,0.30492,0.89731
2633,330.3,28387405,1771805,0.433,0.32,14173,10663,14301,0.01148698,0,0,0.0578,0.1025,0.2376,0.0349,0.01121,0.30777,0.12014,-0.0104,0.28208,0.91394
2634,331.0,28398118,1772461,0.43,0.322,14254,10713,14374,0.01148378,0,0,0.0591,0.1006,0.234,0.0361,0.01122,0.31003,0.11753,-0.00868,0.27356,0.92026
2635,331.8,28408801,1773131,0.47,0.325,13444,10683,14328,0.01148056,0,0,0.0591,0.1042,0.241,0.0658,0.01155,0.31236,0.13408,-0.00615,0.30153,0.91744
2636,332.6,28419468,1773784,0.457,0.318,13760,10667,14336,0.01147736,0,0,0.0579,0.1111,0.2419,0.046,0.01072,0.30689,0.12888,-0.00784,0.29476,0.92794
2637,333.4,28430161,1774451,0.466,0.319,13620,10693,14357,0.01147416,0,0,0.0574,0.1013,0.2459,0.0613,0.01221,0.30641,0.12555,-0.00968,0.29175,0.92791
2638,334.2,28440868,1775110,0.431,0.317,14314,10707,14362,0.01147095,0,0,0.0573,0.103,0.2362,0.035,0.01137,0.30466,0.1248,-0.00768,0.28636,0.93223
2639,334.9,28451621,1775772,0.442,0.32,14116,10753,14403,0.01146774,0,0,0.0576,0.1116,0.238,0.0343,0.01134,0.30838,0.12549,-0.00883,0.29,0.93179
2640,335.7,28462385,1776424,0.436,0.317,14288,10764,14419,0.01146451,0,0,0.0574,0.1004,0.238,0.0401,0.01048,0.30601,0.12675,-0.00939,0.29399,0.94712
2641,336.4,28473114,1777081,0.429,0.319,14356,10729,14378,0.01146128,0,0,0.0565,0.1031,0.2331,0.0361,0.01146,0.3062,0.12093,-0.00542,0.27417,0.93652
2642,337.2,28483841,1777737,0.426,0.319,14387,10727,14378,0.01145807,0,0,0.0558,0.1001,0.2339,0.0365,0.01112,0.30766,0.12232,-0.00829,0.28218,0.91458
2643,337.9,28494581,1778395,0.469,0.318,13653,10740,14421,0.01145485,0,0,0.0557,0.1081,0.2358,0.0696,0.01084,0.30603,0.13342,-0.00708,0.30171,0.90391
2644,338.7,28505296,1779055,0.429,0.32,14311,10715,14385,0.01145163,0,0,0.0572,0.1023,0.2345,0.035,0.01136,0.30775,0.11999,-0.00886,0.27937,0.94617
2645,339.5,28516060,1779703,0.44,0.318,14200,10764,14421,0.01144841,0,0,0.0567,0.1009,0.2395,0.0431,0.01071,0.30657,0.12528,-0.00854,0.28894,0.93008
2646,340.2,28526790,1780366,0.46,0.321,13745,10730,14373,0.01144518,0,0,0.0594,0.1091,0.2423,0.0492,0.01109,0.30901,0.12929,-0.01052,0.30068,0.91999
2647,341.0,28537559,1781020,0.453,0.319,13967,10769,14431,0.01144196,0,0,0.059,0.1033,0.2415,0.0488,0.01053,0.30739,0.11504,-0.00609,0.26366,0.93591
2648,341.8,28548340,1781688,0.446,0.318,14106,10781,14430,0.01143873,0,0,0.0569,0.1049,0.2386,0.0457,0.01086,0.30678,0.11511,-0.00627,0.26462,0.956
2649,342.6,28559083,1782349,0.465,0.319,13692,10743,14415,0.0114355,0,0,0.0577,0.1047,0.2385,0.0643,0.01094,0.30787,0.10418,-0.00891,0.24817,0.96145
2650,343.3,28569848,1783008,0.435,0.318,14294,10765,14436,0.01143228,0,0,0.0571,0.104,0.2372,0.0369,0.01112,0.30639,0.11527,-0.00628,0.26408,0.91729
2651,344.0,28580566,1783683,0.421,0.319,14499,10718,14366,0.01142905,0,0,0.0557,0.0997,0.2306,0.0346,0.01159,0.30648,0.12675,-0.0083,0.29122,0.92458
2652,344.9,28591267,1784342,0.453,0.321,13814,10701,14365,0.01142583,0,0,0.0558,0.1007,0.2307,0.0661,0.01121,0.30936,0.11347,-0.00532,0.25937,0.95421
2653,345.7,28601975,1785011,0.439,0.318,14129,10708,14404,0.01142262,0,0,0.0582,0.1063,0.2389,0.0361,0.01187,0.306,0.12041,-0.00837,0.28065,1.01042
2654,346.4,28612642,1785692,0.442,0.322,13961,10667,14346,0.01141941,0,0,0.0554,0.1035,0.2338,0.049,0.01126,0.31012,0.1299,-0.01025,0.3029,0.98888
2655,347.2,28623322,1786380,0.499,0.318,13069,10680,14395,0.01141621,0,0,0.0633,0.1156,0.257,0.0633,0.01142,0.3059,0.10778,-0.00851,0.25571,1.0137
2656,348.0,28634031,1787026,0.441,0.32,14060,10709,14412,0.011413,0,0,0.0562,0.1087,0.2396,0.0369,0.01105,0.30855,0.12927,-0.00646,0.2941,0.99191
2657,348.8,28644788,1787693,0.474,0.317,13608,10757,14484,0.01140979,0,0,0.0584,0.1058,0.2386,0.0712,0.01109,0.3049,0.11516,-0.00695,0.26702,0.99877
2658,349.5,28655466,1788372,0.432,0.317,14262,10678,14366,0.01140656,0,0,0.058,0.105,0.237,0.032,0.01097,0.30518,0.11425,-0.00686,0.26457,0.97943
2659,350.3,28666104,1789042,0.42,0.318,14410,10638,14346,0.01140336,0,0,0.0559,0.1024,0.2311,0.0303,0.01082,0.30706,0.11716,-0.00799,0.27205,0.95411
2660,351.1,28676719,1789717,0.47,0.319,13467,10615,14338,0.01140017,0,0,0.0589,0.1023,0.2385,0.0698,0.01116,0.307,0.11502,-0.00834,0.26873,0.96467
2661,351.8,28687346,1790397,0.439,0.32,14003,10627,14328,0.01139698,0,0,0.058,0.0995,0.2363,0.0452,0.01162,0.30739,0.10961,-0.00897,0.2587,0.94478
2662,352.6,28697983,1791064,0.414,0.316,14571,10637,14343,0.0113938,0,0,0.0551,0.0977,0.2303,0.0304,0.01011,0.30561,0.1145,-0.00845,0.26817,0.97757
2663,353.3,28708611,1791738,0.43,0.32,14181,10628,14345,0.01139061,0,0,0.0524,0.0953,0.2272,0.0548,0.01142,0.30775,0.11834,-0.01087,0.28073,0.97903
2664,354.0,28719157,1792415,0.415,0.317,14413,10546,14274,0.01138742,0,0,0.0534,0.0951,0.2281,0.038,0.01072,0.30563,0.12201,-0.00963,0.28569,0.98453
2665,354.8,28729773,1793088,0.439,0.318,14020,10616,14314,0.01138425,0,0,0.0584,0.102,0.2421,0.0367,0.01029,0.30719,0.11849,-0.00915,0.27714,0.9603
2666,355.5,28740376,1793768,0.424,0.317,14311,10603,14323,0.01138107,0,0,0.0536,0.0954,0.2245,0.0502,0.01121,0.30541,0.12369,-0.00867,0.2866,0.96175
2667,356.3,28750974,1794434,0.408,0.318,14591,10598,14298,0.01137789,0,0,0.0533,0.0961,0.2278,0.0313,0.01073,0.30659,0.11519,-0.0079,0.26786,0.95283
2668,357.0,28761625,1795112,0.396,0.317,14939,10651,14364,0.01137471,0,0,0.0523,0.0939,0.2218,0.028,0.01068,0.30581,0.12422,-0.00883,0.28791,0.95886
2669,357.7,28772252,1795791,0.426,0.317,14293,10627,14330,0.01137151,0,0,0.0525,0.0973,0.2276,0.0487,0.01038,0.30648,0.13087,-0.0073,0.29819,0.96145
2670,358.4,28782836,1796448,0.406,0.317,14645,10584,14251,0.01136832,0,0,0.0513,0.0912,0.2213,0.0424,0.01126,0.3047,0.12396,-0.01012,0.28917,0.92395
2671,359.2,28793372,1797142,0.435,0.318,13986,10536,14267,0.01136515,0,0,0.0576,0.105,0.2364,0.0363,0.01077,0.30671,0.11895,-0.00761,0.27517,0.97048
2672,360.0,28803979,1797811,0.484,0.317,13245,10607,14305,0.01136199,0,0,0.067,0.1128,0.2551,0.0489,0.01068,0.30569,0.12799,-0.01099,0.2996,0.95214
2673,360.7,28814568,1798486,0.409,0.317,14587,10589,14268,0.01135881,0,0,0.0542,0.0958,0.2286,0.03,0.01052,0.30622,0.11097,-0.01046,0.26411,0.93531
2674,361.5,28825177,1799158,0.419,0.318,14406,10609,14327,0.01135563,0,0,0.054,0.0967,0.2288,0.0393,0.01064,0.30562,0.10907,-0.00804,0.25555,0.93941
2675,362.3,28835731,1799816,0.567,0.322,11867,10554,14257,0.01135245,0,0,0.0638,0.1292,0.2582,0.1162,0.01171,0.30939,0.11916,-0.01083,0.28087,0.91984
2676,363.2,28846322,1800508,0.485,0.322,13124,10591,14329,0.01134928,0,0,0.0534,0.1076,0.2261,0.0983,0.01081,0.31,0.12367,-0.00948,0.28694,0.90971
2677,363.9,28856983,1801177,0.466,0.317,13617,10661,14395,0.0113461,0,0,0.056,0.1137,0.2417,0.0545,0.0105,0.30601,0.1291,-0.01032,0.29918,0.89588
2678,364.7,28867585,1801865,0.448,0.318,13835,10602,14335,0.01134291,0,0,0.0588,0.1048,0.2376,0.0469,0.01086,0.30682,0.12671,-0.00851,0.29123,0.91652
2679,365.5,28878227,1802533,0.441,0.315,14067,10642,14373,0.01133972,0,0,0.0524,0.0947,0.2292,0.0649,0.01037,0.30447,0.12599,-0.00552,0.28419,0.93371
2680,366.2,28888887,1803206,0.468,0.319,13546,10660,14394,0.01133653,0,0,0.0625,0.1211,0.2535,0.0314,0.01077,0.30721,0.12604,-0.00769,0.28811,0.91113
2681,367.0,28899534,1803896,0.439,0.316,14094,10647,14341,0.01133333,0,0,0.056,0.0945,0.2274,0.0615,0.01059,0.3049,0.13121,-0.00839,0.29929,0.88635
2682,367.8,28910152,1804566,0.436,0.322,14025,10618,14327,0.01133014,0,0,0.0525,0.0972,0.2278,0.058,0.01156,0.30948,0.13382,-0.00372,0.29578,0.91329
2683,368.5,28920842,1805242,0.406,0.319,14749,10690,14397,0.01132695,0,0,0.0538,0.0934,0.2245,0.0345,0.01074,0.3073,0.12353,-0.00707,0.28191,0.91446
2684,369.2,28931531,1805935,0.44,0.319,14081,10689,14428,0.01132375,0,0,0.0533,0.0954,0.2279,0.0631,0.01092,0.30776,0.13109,-0.00578,0.29453,0.91832
2685,370.0,28942184,1806601,0.461,0.32,13639,10653,14358,0.01132054,0,0,0.0585,0.1127,0.248,0.0413,0.01041,0.30952,0.13212,-0.0077,0.30043,0.91739
2686,370.8,28952833,1807283,0.419,0.319,14432,10649,14372,0.01131734,0,0,0.0546,0.1005,0.2295,0.0343,0.01025,0.30811,0.12488,-0.00716,0.28485,0.91806
2687,371.5,28963463,1807946,0.461,0.323,13550,10630,14341,0.01131415,0,0,0.0566,0.0984,0.2405,0.0657,0.01123,0.3108,0.11666,-0.00822,0.27104,0.94035
2688,372.3,28974125,1808629,0.456,0.319,13756,10662,14377,0.01131096,0,0,0.0583,0.1086,0.2436,0.0457,0.0115,0.30666,0.12091,-0.00813,0.27873,0.91287
2689,373.1,28984748,1809306,0.459,0.322,13611,10623,14322,0.01130776,0,0,0.0615,0.1144,0.2471,0.0358,0.01102,0.31012,0.12556,-0.01038,0.29279,0.92444
2690,373.9,28995425,1809981,0.467,0.318,13600,10677,14387,0.01130458,0,0,0.0545,0.1034,0.2315,0.0781,0.0102,0.30674,0.1211,-0.00981,0.28296,0.93482
2691,374.6,29006112,1810661,0.414,0.32,14559,10687,14386,0.01130137,0,0,0.0557,0.0961,0.2289,0.0335,0.01136,0.30787,0.136,-0.00899,0.31092,0.92663
2692,375.4,29016765,1811318,0.428,0.319,14247,10653,14379,0.01129817,0,0,0.0574,0.1021,0.2335,0.0353,0.01115,0.30761,0.12815,-0.00861,0.29466,0.93545
2693,376.1,29027433,1811983,0.434,0.32,14133,10668,14359,0.01129497,0,0,0.0524,0.0964,0.2266,0.059,0.01202,0.30782,0.12023,-0.00807,0.27813,0.95272
2694,376.9,29038143,1812653,0.416,0.317,14595,10710,14393,0.01129177,0,0,0.0545,0.0979,0.2305,0.0335,0.0112,0.30572,0.12633,-0.00857,0.29152,0.96175
2695,377.6,29048776,1813313,0.447,0.319,13880,10633,14322,0.01128856,0,0,0.0585,0.1051,0.2464,0.0368,0.01027,0.30846,0.13248,-0.00876,0.30401,0.95352
2696,378.4,29059472,1814006,0.471,0.32,13527,10696,14389,0.01128537,0,0,0.0573,0.1105,0.2432,0.06,0.01141,0.30783,0.12645,-0.00785,0.29068,0.97774
2697,379.2,29070119,1814662,0.43,0.318,14221,10647,14350,0.01128216,0,0,0.0582,0.1008,0.2343,0.0369,0.01002,0.30787,0.12704,-0.00713,0.29015,0.96638
2698,379.9,29080735,1815344,0.428,0.32,14188,10616,14329,0.01127896,0,0,0.0576,0.0998,0.2353,0.0355,0.01088,0.30846,0.1243,-0.01057,0.29144,0.96248
2699,380.7,29091395,1816024,0.456,0.319,13759,10660,14374,0.01127578,0,0,0.0536,0.1011,0.2321,0.0691,0.01047,0.30786,0.11747,-0.00686,0.27035,0.96189
2700,381.4,29102074,1816686,0.413,0.319,14597,10679,14405,0.01127258,0,0,0.054,0.097,0.2297,0.0323,0.01049,0.30732,0.12178,-0.00986,0.28501,0.96393
2701,382.2,29112707,1817375,0.416,0.318,14480,10633,14352,0.01126938,0,0,0.0554,0.0936,0.2334,0.0336,0.01085,0.30689,0.12837,-0.00768,0.2945,0.99353
2702,383.0,29123373,1818028,0.435,0.318,14162,10666,14332,0.01126619,0,0,0.0532,0.0979,0.2319,0.0519,0.01068,0.30699,0.12759,-0.0058,0.28847,0.96282
2703,383.8,29134042,1818695,0.465,0.32,13596,10669,14363,0.01126299,0,0,0.0559,0.1156,0.2366,0.0571,0.00992,0.30921,0.12374,-0.00951,0.28821,0.96363
2704,384.5,29144693,1819355,0.446,0.323,13843,10651,14330,0.01125979,0,0,0.0576,0.1009,0.2443,0.0431,0.01123,0.31164,0.13266,-0.00934,0.30561,0.95946
2705,385.4,29155358,1819996,0.517,0.319,12766,10665,14337,0.01125659,0,0,0.0645,0.1206,0.2759,0.0558,0.01083,0.30712,0.13931,-0.01042,0.32077,0.94673
2706,386.1,29166035,1820661,0.422,0.32,14395,10677,14360,0.01125339,0,0,0.0565,0.0998,0.2362,0.0294,0.01103,0.30831,0.1488,-0.00759,0.33405,0.9449
2707,386.8,29176725,1821338,0.412,0.318,14634,10690,14375,0.01125019,0,0,0.0534,0.0948,0.2321,0.0319,0.01124,0.3064,0.13194,-0.00987,0.3059,0.98991
2708,387.6,29187371,1821991,0.447,0.318,13917,10646,14312,0.01124698,0,0,0.0551,0.0939,0.231,0.0668,0.01127,0.30626,0.14057,-0.01066,0.32407,0.96111
2709,388.4,29198047,1822683,0.424,0.32,14355,10676,14381,0.01124379,0,0,0.0563,0.0999,0.2327,0.0348,0.01189,0.30753,0.13898,-0.00883,0.31798,0.99387
2710,389.1,29208751,1823335,0.431,0.317,14314,10704,14345,0.01124059,0,0,0.0571,0.1056,0.2347,0.0336,0.0109,0.30545,0.14471,-0.00912,0.32893,0.94604
2711,389.9,29219452,1823995,0.442,0.317,14091,10701,14329,0.01123737,0,0,0.0559,0.0958,0.2318,0.059,0.01165,0.30481,0.12603,-0.00846,0.29008,0.93859
2712,390.6,29230182,1824666,0.432,0.319,14291,10730,14413,0.01123416,0,0,0.0555,0.1033,0.2356,0.0371,0.01096,0.30774,0.12768,-0.00787,0.2923,0.94406
2713,391.3,29240905,1825333,0.42,0.317,14536,10723,14436,0.01123095,0,0,0.0558,0.0988,0.2327,0.033,0.01125,0.30547,0.12955,-0.00812,0.29749,0.98577
2714,392.1,29251621,1826001,0.456,0.318,13844,10716,14427,0.01122773,0,0,0.0569,0.1042,0.2358,0.0593,0.01181,0.30539,0.1177,-0.0087,0.27475,0.97688
2715,392.9,29262326,1826653,0.435,0.317,14240,10705,14384,0.01122451,0,0,0.0575,0.1009,0.242,0.0343,0.01073,0.30577,0.12917,-0.00846,0.29689,0.96319
2716,393.6,29273016,1827313,0.426,0.317,14393,10690,14371,0.0112213,0,0,0.0567,0.1048,0.2318,0.0329,0.01104,0.30498,0.13176,-0.00945,0.30411,0.9671
2717,394.4,29283739,1827983,0.462,0.319,13734,10723,14422,0.0112181,0,0,0.0635,0.1001,0.2304,0.0679,0.01105,0.30716,0.12934,-0.00778,0.2955,0.94722
2718,395.2,29294442,1828643,0.443,0.317,14091,10703,14382,0.01121488,0,0,0.0573,0.1025,0.2466,0.0364,0.01125,0.30489,0.11672,-0.00643,0.26778,0.95767
2719,395.9,29305117,1829322,0.422,0.318,14423,10675,14367,0.01121167,0,0,0.0554,0.1008,0.2319,0.0339,0.01027,0.30721,0.12138,-0.01002,0.2843,0.95898
2720,396.7,29315844,1829987,0.464,0.317,13737,10727,14382,0.01120846,0,0,0.0575,0.1071,0.2441,0.0549,0.011,0.30527,0.10833,-0.00854,0.25464,0.93249
2721,397.4,29326566,1830669,0.424,0.316,14485,10722,14421,0.01120525,0,0,0.0556,0.0993,0.2338,0.0353,0.01033,0.30533,0.12084,-0.00853,0.27986,0.94221
2722,398.2,29337304,1831338,0.448,0.318,14014,10738,14411,0.01120203,0,0,0.0585,0.1119,0.2441,0.0337,0.01188,0.30561,0.1394,-0.00896,0.31689,0.90055
2723,398.9,29348026,1832002,0.431,0.319,14287,10722,14389,0.01119881,0,0,0.054,0.1007,0.2288,0.0477,0.01061,0.30807,0.1184,-0.00457,0.26615,0.90202
2724,399.7,29358716,1832660,0.439,0.32,14089,10690,14392,0.01119559,0,0,0.0586,0.1023,0.2431,0.0351,0.01161,0.30754,0.11683,-0.01071,0.27547,0.91032
2725,400.5,29369399,1833337,0.462,0.321,13635,10683,14365,0.01119239,0,0,0.0598,0.1113,0.2543,0.0368,0.01136,0.30932,0.11991,-0.00728,0.27518,0.92927
2726,401.3,29380142,1833990,0.471,0.317,13636,10743,14414,0.01118918,0,0,0.0585,0.1118,0.2463,0.0539,0.01111,0.30537,0.10909,-0.00921,0.25709,0.91558
2727,402.0,29390839,1834627,0.449,0.318,13962,10697,14394,0.01118596,0,0,0.0589,0.1036,0.2455,0.0406,0.0114,0.30568,0.11179,-0.00823,0.26041,0.91003
2728,402.9,29401519,1835301,0.511,0.318,12886,10680,14370,0.01118275,0,0,0.0684,0.1248,0.2779,0.0395,0.011,0.3067,0.11484,-0.01017,0.27032,0.90771
2729,403.6,29412262,1835944,0.443,0.318,14117,10743,14423,0.01117954,0,0,0.0548,0.1072,0.2325,0.0484,0.01083,0.30659,0.13019,-0.00868,0.29817,0.91307
2730,404.3,29423027,1836593,0.402,0.318,14961,10765,14436,0.01117632,0,0,0.0515,0.0914,0.2268,0.0322,0.01164,0.30549,0.12384,-0.00892,0.28624,0.92663
2731,405.1,29433718,1837251,0.409,0.318,14700,10691,14345,0.01117309,0,0,0.0525,0.0925,0.226,0.0385,0.0116,0.30571,0.11801,-0.00642,0.26966,0.93137
2732,405.8,29444421,1837903,0.435,0.318,14205,10703,14379,0.01116988,0,0,0.0549,0.0996,0.235,0.0456,0.01082,0.30701,0.10682,-0.00944,0.25402,0.96297
2733,406.5,29455119,1838563,0.399,0.316,14971,10698,14385,0.01116667,0,0,0.0533,0.091,0.2234,0.0309,0.01127,0.30374,0.11692,-0.00815,0.27151,0.95639
2734,407.3,29465879,1839235,0.404,0.317,14931,10760,14440,0.01116346,0,0,0.0505,0.0888,0.2211,0.0433,0.01108,0.30515,0.12234,-0.00779,0.2811,0.93284
2735,408.0,29476569,1839909,0.413,0.319,14596,10690,14401,0.01116024,0,0,0.0506,0.0915,0.2197,0.0513,0.01104,0.30762,0.11085,-0.00798,0.25905,0.95785
2736,408.8,29487262,1840589,0.46,0.317,13754,10693,14369,0.01115703,0,0,0.0588,0.1028,0.247,0.0514,0.0107,0.30607,0.13036,-0.00831,0.2987,0.95813
2737,409.5,29497943,1841258,0.424,0.32,14348,10681,14396,0.01115382,0,0,0.0552,0.1003,0.234,0.0346,0.01139,0.3084,0.12254,-0.00839,0.2843,1.00553
2738,410.3,29508678,1841931,0.421,0.316,14569,10735,14394,0.01115062,0,0,0.0524,0.0931,0.2232,0.0521,0.01064,0.30479,0.1204,-0.00839,0.27932,0.97461
2739,411.0,29519378,1842599,0.417,0.317,14566,10700,14410,0.0111474,0,0,0.0549,0.0962,0.2328,0.0335,0.01097,0.3056,0.13406,-0.00558,0.30081,0.96542
2740,411.7,29530061,1843252,0.404,0.317,14822,10683,14364,0.01114419,0,0,0.0522,0.0905,0.2229,0.0387,0.01006,0.30594,0.13234,-0.00862,0.30393,0.98774
2741,412.5,29540818,1843937,0.419,0.32,14562,10757,14440,0.01114098,0,0,0.0524,0.0911,0.2201,0.0555,0.01101,0.30792,0.12825,-0.00983,0.29894,1.02239
2742,413.2,29551554,1844596,0.427,0.319,14402,10736,14387,0.01113775,0,0,0.0547,0.1035,0.2309,0.0378,0.0109,0.30718,0.1203,-0.00893,0.28085,1.00549
2743,414.0,29562227,1845256,0.482,0.322,13278,10673,14372,0.01113453,0,0,0.0635,0.1186,0.2632,0.0366,0.01149,0.3098,0.12458,-0.00635,0.28457,1.0193
2744,414.7,29572895,1845940,0.427,0.318,14327,10668,14373,0.01113133,0,0,0.0544,0.0957,0.2324,0.0444,0.01063,0.30642,0.1367,-0.00752,0.31075,1.00182
2745,415.5,29583573,1846612,0.413,0.32,14571,10678,14356,0.01112813,0,0,0.0528,0.0973,0.2319,0.0308,0.01106,0.30854,0.12344,-0.01181,0.29153,0.94546
2746,416.2,29594202,1847271,0.42,0.319,14387,10629,14298,0.01112493,0,0,0.0548,0.096,0.234,0.0347,0.01142,0.30728,0.12624,-0.00975,0.29299,0.94473
2747,417.1,29604832,1847961,0.547,0.327,12167,10630,14347,0.01112174,0,0,0.0651,0.1211,0.2621,0.0987,0.01188,0.31421,0.11887,-0.00854,0.27696,0.99581
2748,417.9,29615496,1848633,0.44,0.319,14049,10664,14361,0.01111855,0,0,0.0576,0.1056,0.2441,0.0327,0.01192,0.30655,0.1216,-0.00877,0.28284,0.99383
2749,418.7,29626159,1849304,0.488,0.318,13240,10663,14360,0.01111535,0,0,0.0643,0.1157,0.2592,0.0484,0.01153,0.3057,0.12995,-0.0078,0.2974,0.98542
2750,419.4,29636790,1849989,0.449,0.316,13893,10631,14321,0.01111215,0,0,0.0543,0.0983,0.2348,0.0613,0.01051,0.30536,0.12623,-0.00894,0.29191,0.97047
2751,420.2,29647375,1850667,0.431,0.318,14129,10585,14313,0.01110896,0,0,0.0575,0.1067,0.2336,0.0332,0.01085,0.30666,0.1194,-0.00798,0.27692,0.99817
2752,421.0,29658033,1851332,0.452,0.317,13866,10658,14354,0.01110579,0,0,0.0591,0.1046,0.2548,0.033,0.01145,0.30513,0.12184,-0.00786,0.2815,0.99453
2753,421.7,29668690,1851986,0.406,0.318,14719,10657,14342,0.01110259,0,0,0.0532,0.0949,0.2228,0.0351,0.01128,0.30625,0.125,-0.00964,0.29152,1.00091
2754,422.5,29679346,1852643,0.416,0.316,14553,10656,14325,0.01109939,0,0,0.0541,0.0956,0.2335,0.0326,0.01114,0.30477,0.13077,-0.00709,0.29704,0.96074
2755,423.2,29690033,1853287,0.418,0.315,14579,10687,14387,0.0110962,0,0,0.0524,0.1022,0.2244,0.0389,0.01064,0.30396,0.13156,-0.00763,0.30037,0.99044
2756,423.9,29700663,1853943,0.425,0.318,14314,10630,14300,0.01109299,0,0,0.0564,0.0997,0.2325,0.036,0.0114,0.30611,0.12514,-0.00953,0.29069,0.96189
2757,424.8,29711279,1854600,0.491,0.325,13019,10616,14303,0.0110898,0,0,0.0581,0.1136,0.2413,0.0779,0.01202,0.31199,0.12921,-0.01066,0.30149,0.98083
2758,425.5,29721925,1855259,0.438,0.322,14012,10646,14328,0.01108662,0,0,0.0579,0.1077,0.2363,0.0357,0.01214,0.30949,0.13804,-0.00879,0.31535,0.97795
2759,426.3,29732574,1855927,0.437,0.319,14097,10649,14325,0.01108342,0,0,0.0579,0.1073,0.2382,0.0332,0.0113,0.30661,0.13058,-0.00741,0.2971,0.95328
2760,427.0,29743211,1856576,0.44,0.318,14033,10637,14345,0.01108023,0,0,0.0556,0.1,0.2286,0.0561,0.01117,0.30576,0.12621,-0.00788,0.29003,0.98515
2761,427.8,29753860,1857225,0.435,0.316,14184,10649,14345,0.01107704,0,0,0.0555,0.0999,0.2324,0.0467,0.0112,0.30434,0.13064,-0.00889,0.30028,0.958
2762,428.5,29764471,1857893,0.448,0.316,13888,10611,14284,0.01107384,0,0,0.06,0.1063,0.2445,0.0372,0.01074,0.30479,0.1156,-0.00996,0.27227,0.9554
2763,429.3,29775085,1858540,0.456,0.316,13749,10614,14297,0.01107066,0,0,0.0562,0.0986,0.2377,0.0633,0.01148,0.30413,0.11016,-0.00796,0.25738,0.95534
2764,430.0,29785686,1859198,0.408,0.317,14615,10601,14295,0.01106747,0,0,0.0535,0.0959,0.2271,0.0318,0.01083,0.30565,0.11965,-0.00999,0.28082,0.97265
2765,430.8,29796332,1859864,0.407,0.315,14725,10646,14338,0.01106429,0,0,0.0545,0.0965,0.2246,0.0319,0.01116,0.30381,0.115,-0.01068,0.27273,0.96667
2766,431.5,29806931,1860541,0.444,0.319,13885,10599,14276,0.0110611,0,0,0.0536,0.095,0.2266,0.0691,0.01126,0.30682,0.12074,-0.00835,0.27947,0.96282
2767,432.3,29817534,1861206,0.436,0.318,14062,10603,14311,0.01105792,0,0,0.0573,0.1051,0.2385,0.0355,0.01068,0.30637,0.12831,-0.01007,0.2985,0.98334
2768,433.0,29828156,1861881,0.429,0.315,14282,10622,14338,0.01105474,0,0,0.0562,0.1091,0.23,0.0334,0.0103,0.30422,0.11413,-0.00804,0.26647,1.00091
2769,433.8,29838733,1862552,0.442,0.317,13949,10577,14284,0.01105155,0,0,0.0557,0.1004,0.2349,0.0507,0.01125,0.30484,0.12549,-0.00909,0.29056,0.96767
2770,434.6,29849287,1863207,0.449,0.317,13779,10554,14251,0.01104838,0,0,0.0571,0.103,0.2441,0.045,0.01117,0.30501,0.12348,-0.00816,0.28454,0.96215
2771,435.3,29859914,1863885,0.437,0.316,14125,10627,14352,0.01104521,0,0,0.0573,0.1079,0.2376,0.0337,0.01094,0.3042,0.13129,-0.0091,0.30221,0.97004
2772,436.0,29870575,1864553,0.425,0.316,14394,10661,14355,0.01104203,0,0,0.0557,0.0963,0.2303,0.0424,0.01044,0.30502,0.13001,-0.00504,0.29114,0.95241
2773,436.8,29881170,1865238,0.411,0.319,14525,10595,14302,0.01103883,0,0,0.0529,0.093,0.2265,0.0385,0.0107,0.30736,0.13358,-0.00579,0.29945,0.93752
2774,437.5,29891796,1865928,0.418,0.318,14433,10626,14330,0.01103565,0,0,0.0553,0.1014,0.2277,0.0335,0.0119,0.30585,0.13187,-0.00563,0.29591,0.94749
2775,438.2,29902408,1866613,0.412,0.317,14559,10612,14318,0.01103246,0,0,0.055,0.0958,0.2282,0.0328,0.01078,0.30576,0.12647,-0.00455,0.28283,0.942
2776,439.0,29913016,1867297,0.42,0.315,14423,10608,14298,0.01102928,0,0,0.0557,0.0957,0.2323,0.0363,0.01088,0.30374,0.11913,-0.0055,0.27039,0.95699
2777,439.7,29923655,1867968,0.417,0.316,14517,10639,14332,0.0110261,0,0,0.0552,0.1017,0.2269,0.0329,0.01106,0.30457,0.12705,-0.00906,0.29281,0.93408
2778,440.5,29934269,1868649,0.442,0.319,13962,10614,14333,0.0110229,0,0,0.0557,0.0996,0.229,0.0573,0.0109,0.30713,0.12316,-0.00585,0.2785,0.92917
2779,441.2,29944872,1869332,0.44,0.319,13983,10603,14317,0.01101972,0,0,0.0576,0.1027,0.2434,0.036,0.01159,0.30641,0.12311,-0.00933,0.28585,0.95221
2780,442.0,29955467,1870010,0.425,0.318,14274,10595,14288,0.01101654,0,0,0.0579,0.1,0.2312,0.0355,0.01086,0.30628,0.12002,-0.00686,0.2749,0.95988
2781,442.8,29966066,1870696,0.464,0.319,13535,10599,14301,0.01101336,0,0,0.0571,0.112,0.2343,0.061,0.01187,0.30626,0.1127,-0.00921,0.26511,0.966
2782,443.5,29976703,1871376,0.428,0.32,14207,10637,14329,0.01101018,0,0,0.0529,0.0933,0.2242,0.0579,0.01078,0.30892,0.13173,-0.00739,0.2995,0.96534
2783,444.2,29987393,1872052,0.409,0.316,14760,10690,14409,0.01100699,0,0,0.0522,0.0904,0.225,0.041,0.01074,0.30426,0.12739,-0.00786,0.29215,0.98385
2784,445.0,29998054,1872739,0.42,0.321,14391,10661,14378,0.01100378,0,0,0.0515,0.0916,0.2191,0.0575,0.01155,0.30896,0.12751,-0.00829,0.29315,0.97934
2785,445.7,30008726,1873408,0.405,0.318,14769,10672,14356,0.01100058,0,0,0.0537,0.0947,0.2258,0.0308,0.01131,0.30573,0.12703,-0.00838,0.29261,0.98968
2786,446.5,30019391,1874103,0.441,0.32,14020,10665,14383,0.01099738,0,0,0.0561,0.0997,0.238,0.0472,0.01135,0.30737,0.12654,-0.0098,0.29374,0.95693
2787,447.3,30030040,1874784,0.476,0.32,13387,10649,14402,0.01099418,0,0,0.0588,0.104,0.2465,0.0667,0.01164,0.30733,0.1096,-0.01018,0.26135,0.99106
2788,448.0,30040697,1875474,0.452,0.325,13722,10657,14368,0.01099099,0,0,0.059,0.106,0.237,0.0501,0.01167,0.3123,0.11934,-0.00796,0.27603,0.97463
2789,448.9,30051347,1876164,0.569,0.327,11885,10650,14367,0.01098779,0,0,0.074,0.1458,0.2923,0.0573,0.01152,0.31414,0.11864,-0.00973,0.2785,0.99028
2790,449.9,30062024,1876842,0.609,0.323,11453,10677,14368,0.0109846,0,0,0.069,0.1609,0.289,0.0901,0.01091,0.31162,0.12104,-0.00827,0.28021,0.98282
2791,450.8,30072670,1877522,0.577,0.323,11829,10646,14344,0.01098139,0,0,0.0686,0.1294,0.2773,0.1018,0.01122,0.31121,0.13134,-0.00866,0.30164,0.98568
2792,451.6,30083306,1878206,0.558,0.323,12062,10636,14331,0.0109782,0,0,0.0687,0.1247,0.2748,0.0902,0.01162,0.31068,0.12101,-0.00721,0.27866,1.01173
2793,452.4,30093920,1878867,0.473,0.318,13424,10614,14323,0.01097501,0,0,0.0657,0.1169,0.2539,0.0366,0.0108,0.30618,0.12122,-0.00893,0.28271,1.02146
2794,453.2,30104515,1879548,0.494,0.32,13021,10595,14302,0.01097182,0,0,0.0642,0.134,0.2547,0.0408,0.0113,0.30803,0.10466,-0.00755,0.24675,1.01772
2795,454.1,30115157,1880225,0.502,0.323,12888,10642,14315,0.01096865,0,0,0.0669,0.1241,0.263,0.0484,0.01119,0.3115,0.12,-0.00771,0.27738,1.00169
2796,455.0,30125763,1880885,0.57,0.322,11885,10606,14294,0.01096545,0,0,0.079,0.1426,0.3034,0.0452,0.01217,0.3094,0.12397,-0.00829,0.2872,1.03343
2797,455.8,30136392,1881548,0.526,0.322,12533,10629,14304,0.01096227,0,0,0.0692,0.1281,0.261,0.068,0.01184,0.30923,0.12611,-0.01006,0.29437,1.0055
2798,456.6,30147026,1882212,0.507,0.321,12838,10634,14337,0.01095908,0,0,0.0645,0.1268,0.2609,0.0551,0.01102,0.30869,0.10037,-0.01068,0.24449,1.02209
2799,457.4,30157619,1882900,0.475,0.319,13338,10593,14279,0.01095589,0,0,0.0627,0.1225,0.2561,0.0338,0.01168,0.30689,0.11275,-0.01175,0.27067,0.98906
2800,458.3,30168185,1883568,0.502,0.319,12874,10566,14282,0.01095271,0,0,0.0625,0.1136,0.2511,0.0745,0.01146,0.30703,0.1112,-0.00878,0.2621,1.01021
2801,459.4,30178765,1884248,0.512,0.319,12733,10580,14298,0.01094954,0,0,0.0666,0.129,0.2623,0.0543,0.01065,0.30747,0.11672,-0.00736,0.26992,0.9939
2802,460.4,30189400,1884913,0.554,0.321,12154,10635,14334,0.01094637,0,0,0.0742,0.1336,0.2718,0.074,0.01157,0.30925,0.11951,-0.00719,0.27458,0.968
2803,461.2,30200046,1885574,0.513,0.32,12785,10646,14297,0.01094318,0,0,0.0668,0.1328,0.2717,0.0417,0.01149,0.30735,0.12639,-0.00554,0.28512,0.97082
2804,462.1,30210704,1886233,0.541,0.321,12355,10658,14347,0.01093999,0,0,0.0696,0.1414,0.2739,0.0563,0.01164,0.30923,0.11451,-0.00863,0.26739,0.9644
2805,462.8,30221350,1886895,0.422,0.315,14455,10646,14339,0.01093679,0,0,0.0542,0.0925,0.2252,0.0497,0.00987,0.30449,0.11881,-0.00968,0.27826,0.97313
2806,463.5,30231986,1887548,0.401,0.314,14860,10636,14315,0.0109336,0,0,0.0517,0.0938,0.2238,0.0321,0.01034,0.30352,0.10807,-0.00938,0.25669,0.99639
2807,464.3,30242686,1888230,0.409,0.313,14809,10700,14390,0.0109304,0,0,0.052,0.1021,0.2241,0.0312,0.01078,0.30177,0.11386,-0.01067,0.2716,1.03138
2808,465.0,30253283,1888892,0.396,0.314,14924,10597,14267,0.01092719,0,0,0.0518,0.0904,0.2191,0.0344,0.01083,0.30292,0.1127,-0.00745,0.26212,0.99857
2809,465.7,30263948,1889571,0.407,0.315,14771,10665,14360,0.01092402,0,0,0.051,0.0909,0.2213,0.0438,0.01087,0.30368,0.11597,-0.00854,0.27008,0.96318
2810,466.4,30274587,1890253,0.413,0.315,14608,10639,14367,0.01092082,0,0,0.0553,0.0977,0.2289,0.0316,0.01052,0.30373,0.09881,-0.00996,0.23935,0.99853
2811,467.2,30285208,1890927,0.42,0.317,14424,10621,14312,0.01091762,0,0,0.0505,0.0921,0.2234,0.0537,0.01023,0.30578,0.11227,-0.01153,0.26916,0.98704
2812,467.9,30295899,1891594,0.416,0.319,14551,10691,14408,0.01091444,0,0,0.052,0.0945,0.224,0.0456,0.01127,0.30663,0.11156,-0.01036,0.26585,1.00794
2813,468.6,30306595,1892267,0.408,0.318,14736,10696,14378,0.01091123,0,0,0.0533,0.0939,0.2231,0.0379,0.01163,0.30552,0.10749,-0.00779,0.2519,0.97871
2814,469.4,30317216,1892943,0.42,0.321,14321,10621,14334,0.01090802,0,0,0.0515,0.0925,0.2224,0.0541,0.01066,0.30993,0.11163,-0.00768,0.25995,0.97822
2815,470.1,30327880,1893611,0.411,0.318,14642,10664,14376,0.01090484,0,0,0.0529,0.0994,0.2234,0.0348,0.01156,0.3057,0.11062,-0.00996,0.2628,0.99183
2816,470.8,30338508,1894277,0.388,0.318,15050,10628,14336,0.01090164,0,0,0.0511,0.0902,0.2173,0.0291,0.01045,0.30741,0.12807,-0.00821,0.2942,0.99191
2817,471.6,30349153,1894935,0.438,0.317,14100,10645,14341,0.01089845,0,0,0.0516,0.091,0.2239,0.0711,0.01071,0.30561,0.1204,-0.00714,0.27647,0.98109
2818,472.3,30359810,1895593,0.402,0.318,14798,10657,14343,0.01089525,0,0,0.0534,0.0919,0.2275,0.0292,0.01229,0.30534,0.1252,-0.00903,0.28969,0.9748
2819,473.0,30370442,1896251,0.404,0.32,14673,10632,14358,0.01089206,0,0,0.053,0.0918,0.2295,0.0302,0.01114,0.30846,0.12797,-0.00927,0.29596,0.98595
2820,473.7,30381100,1896929,0.425,0.317,14361,10658,14354,0.01088887,0,0,0.0522,0.0911,0.2205,0.061,0.01083,0.30594,0.12596,-0.00654,0.28599,0.96388
2821,474.5,30391726,1897576,0.394,0.319,14902,10626,14321,0.01088567,0,0,0.0511,0.0912,0.2215,0.0303,0.01162,0.30673,0.12179,-0.00806,0.28056,0.95824
2822,475.2,30402366,1898244,0.43,0.323,14129,10640,14354,0.01088248,0,0,0.0579,0.1021,0.2386,0.0319,0.0113,0.31024,0.11991,-0.00983,0.28027,0.95537
2823,476.0,30413011,1898906,0.457,0.326,13584,10645,14350,0.01087929,0,0,0.0579,0.1009,0.2424,0.056,0.01162,0.31413,0.10402,-0.00864,0.24569,0.93623
2824,476.7,30423662,1899576,0.398,0.326,14714,10651,14376,0.0108761,0,0,0.052,0.092,0.2206,0.0337,0.01131,0.31376,0.11811,-0.00976,0.27634,0.94692
2825,477.5,30434252,1900228,0.407,0.326,14430,10590,14295,0.0108729,0,0,0.0524,0.0947,0.2279,0.0326,0.01039,0.31536,0.11231,-0.00809,0.26101,0.92944
2826,478.3,30444912,1900909,0.483,0.328,13135,10660,14382,0.01086972,0,0,0.0596,0.1105,0.2478,0.0653,0.01176,0.31553,0.10905,-0.00979,0.25814,0.9413
2827,479.1,30455537,1901579,0.499,0.326,12881,10625,14344,0.01086653,0,0,0.0522,0.1105,0.2255,0.1109,0.01109,0.31395,0.12029,-0.00897,0.2784,0.91396
2828,479.8,30466165,1902218,0.425,0.324,14187,10628,14348,0.01086334,0,0,0.0516,0.0992,0.2238,0.0507,0.01094,0.3123,0.10394,-0.00991,0.24826,0.94639
2829,480.6,30476824,1902902,0.435,0.325,14023,10659,14342,0.01086015,0,0,0.0529,0.0932,0.225,0.0641,0.01057,0.31377,0.11655,-0.00841,0.26997,0.92285
2830,481.3,30487489,1903571,0.404,0.327,14591,10665,14396,0.01085695,0,0,0.0529,0.0923,0.2263,0.0327,0.01087,0.31534,0.11526,-0.00789,0.26668,0.93855
2831,482.1,30498187,1904232,0.419,0.325,14362,10698,14396,0.01085375,0,0,0.0529,0.1013,0.2282,0.0371,0.01129,0.31352,0.11452,-0.00747,0.26425,0.9339
2832,482.8,30508855,1904903,0.431,0.322,14168,10668,14370,0.01085054,0,0,0.0525,0.0962,0.234,0.0488,0.01029,0.31061,0.11344,-0.01046,0.26796,0.92866
2833,483.6,30519456,1905561,0.413,0.315,14558,10601,14301,0.01084734,0,0,0.055,0.0988,0.2279,0.0317,0.01013,0.3042,0.11492,-0.00916,0.26832,0.9297
2834,484.3,30530109,1906230,0.403,0.314,14864,10653,14352,0.01084416,0,0,0.0526,0.0916,0.2234,0.035,0.01107,0.30238,0.11438,-0.00754,0.26372,0.91636
2835,485.0,30540775,1906893,0.432,0.314,14302,10666,14354,0.01084097,0,0,0.0552,0.093,0.2233,0.0604,0.0107,0.30273,0.11403,-0.01016,0.2684,0.92291
2836,485.7,30551412,1907552,0.388,0.314,15158,10637,14332,0.01083777,0,0,0.05,0.09,0.219,0.0288,0.01095,0.30242,0.10366,-0.01064,0.24818,0.90296
2837,486.4,30562065,1908225,0.396,0.316,14955,10653,14379,0.01083458,0,0,0.051,0.0889,0.2183,0.0379,0.01115,0.30396,0.10489,-0.00984,0.24956,0.9278
2838,487.2,30572738,1908892,0.422,0.314,14502,10673,14370,0.01083138,0,0,0.0508,0.0907,0.2215,0.0589,0.01132,0.30222,0.11068,-0.00857,0.25872,0.93297
2839,487.9,30583399,1909569,0.405,0.316,14787,10661,14366,0.01082818,0,0,0.0524,0.0981,0.2197,0.0344,0.0114,0.30445,0.10755,-0.00784,0.25042,0.90616
2840,488.6,30594058,1910239,0.405,0.314,14815,10659,14361,0.01082498,0,0,0.0529,0.0939,0.227,0.0313,0.01037,0.30348,0.10483,-0.00912,0.24753,0.90679
2841,489.4,30604709,1910916,0.431,0.315,14278,10651,14335,0.01082178,0,0,0.0505,0.0931,0.2223,0.0649,0.01045,0.30408,0.10845,-0.00858,0.25354,0.89985
2842,490.1,30615390,1911567,0.389,0.313,15196,10681,14382,0.01081859,0,0,0.051,0.091,0.2202,0.0273,0.01101,0.30191,0.09941,-0.00993,0.23846,0.91403
2843,490.8,30626080,1912228,0.387,0.313,15265,10690,14370,0.01081538,0,0,0.0504,0.0901,0.2176,0.0293,0.01072,0.30165,0.10935,-0.00633,0.25112,0.91375
2844,491.5,30636771,1912874,0.434,0.315,14268,10691,14378,0.01081218,0,0,0.0557,0.0953,0.2343,0.0487,0.01136,0.30309,0.11539,-0.0076,0.26524,0.8915
2845,492.3,30647444,1913548,0.436,0.314,14230,10673,14373,0.01080897,0,0,0.0578,0.0981,0.2336,0.0462,0.01089,0.30299,0.10318,-0.01011,0.24641,0.9173
2846,493.0,30658110,1914193,0.389,0.315,15151,10666,14383,0.01080577,0,0,0.0503,0.089,0.2188,0.0312,0.00996,0.30417,0.12482,-0.00876,0.28631,0.88688
2847,493.8,30668801,1914846,0.474,0.314,13578,10691,14398,0.01080257,0,0,0.0594,0.1084,0.2421,0.0638,0.00983,0.30327,0.1165,-0.00839,0.26912,0.89505
2848,494.5,30679526,1915501,0.409,0.315,14808,10725,14414,0.01079936,0,0,0.0534,0.0918,0.2268,0.037,0.01169,0.30305,0.11262,-0.00885,0.26241,0.90225
2849,495.2,30690241,1916163,0.39,0.317,15157,10715,14428,0.01079614,0,0,0.0511,0.0904,0.2173,0.0312,0.01094,0.30547,0.12125,-0.00715,0.27683,0.9274
2850,495.9,30700969,1916813,0.408,0.318,14780,10728,14414,0.01079293,0,0,0.0508,0.0904,0.224,0.0423,0.01176,0.30594,0.13147,-0.00888,0.29957,0.87485
2851,496.6,30711731,1917442,0.395,0.315,15175,10762,14423,0.01078971,0,0,0.0522,0.0914,0.2216,0.0294,0.01089,0.30271,0.12598,-0.00621,0.28276,0.85229
2852,497.4,30722469,1918089,0.414,0.318,14668,10738,14407,0.01078648,0,0,0.0535,0.0956,0.2317,0.0332,0.01113,0.30631,0.12015,-0.0081,0.27478,0.84731
2853,498.2,30733203,1918709,0.435,0.314,14339,10734,14381,0.01078326,0,0,0.0531,0.093,0.2267,0.0619,0.01069,0.30259,0.13636,-0.00661,0.30386,0.83129
2854,498.9,30743895,1919345,0.395,0.318,14991,10692,14357,0.01078004,0,0,0.0516,0.0915,0.2214,0.0304,0.01058,0.30729,0.13608,-0.00591,0.30228,0.84886
2855,499.6,30754584,1919971,0.409,0.32,14648,10689,14343,0.01077683,0,0,0.0523,0.0995,0.2226,0.035,0.011,0.30883,0.13756,-0.00774,0.30838,0.82526
2856,500.4,30765296,1920612,0.431,0.32,14260,10712,14372,0.01077362,0,0,0.0589,0.0963,0.2285,0.047,0.01101,0.30882,0.13162,-0.00903,0.29952,0.84604
2857,501.1,30775986,1921246,0.403,0.317,14847,10690,14314,0.01077041,0,0,0.0513,0.0935,0.2264,0.0315,0.01078,0.306,0.14543,-0.00918,0.32743,0.84497
2858,501.8,30786681,1921874,0.427,0.319,14341,10695,14331,0.0107672,0,0,0.0571,0.1025,0.2365,0.0309,0.01176,0.30628,0.13647,-0.01051,0.31175,0.8264
2859,502.6,30797410,1922505,0.495,0.318,13194,10729,14377,0.010764,0,0,0.0591,0.1114,0.2508,0.0736,0.01183,0.3059,0.14133,-0.00887,0.31816,0.82491
2860,503.4,30808117,1923138,0.418,0.319,14528,10707,14343,0.01076078,0,0,0.0544,0.0964,0.2338,0.0339,0.01142,0.30658,0.1306,-0.00956,0.29791,0.81706
2861,504.1,30818818,1923779,0.416,0.317,14585,10701,14341,0.01075756,0,0,0.0529,0.0927,0.2244,0.0465,0.01078,0.30594,0.13221,-0.00828,0.29863,0.81983
2862,504.9,30829556,1924420,0.428,0.319,14380,10738,14342,0.01075435,0,0,0.0536,0.0948,0.2257,0.0537,0.01029,0.30803,0.1317,-0.00873,0.29883,0.83466
2863,505.6,30840246,1925049,0.399,0.316,14946,10690,14324,0.01075113,0,0,0.0514,0.0967,0.2171,0.0336,0.01038,0.30543,0.13498,-0.00615,0.30012,0.83071
2864,506.3,30850979,1925688,0.394,0.318,15064,10733,14411,0.01074793,0,0,0.0509,0.0915,0.2221,0.0295,0.01074,0.30719,0.12901,-0.00728,0.29076,0.84569
2865,507.0,30861716,1926328,0.435,0.317,14285,10737,14381,0.01074471,0,0,0.0516,0.0928,0.225,0.0656,0.01044,0.30572,0.13808,-0.00724,0.30851,0.83242
2866,507.8,30872402,1926964,0.401,0.329,14627,10686,14315,0.01074149,0,0,0.0521,0.0942,0.2248,0.0303,0.01139,0.31722,0.13422,-0.00635,0.29907,0.83473
2867,508.5,30883149,1927596,0.407,0.332,14530,10747,14376,0.01073828,0,0,0.0538,0.0964,0.2263,0.0308,0.01115,0.32054,0.1278,-0.01042,0.29448,0.83954
2868,509.3,30893849,1928230,0.456,0.33,13615,10700,14323,0.01073506,0,0,0.0593,0.1131,0.2525,0.0314,0.01105,0.31801,0.12549,-0.00881,0.2864,0.8288
2869,510.1,30904611,1928877,0.418,0.33,14378,10762,14401,0.01073185,0,0,0.052,0.0956,0.2281,0.0425,0.01072,0.31908,0.11712,-0.00847,0.26845,0.80525
2870,510.8,30915352,1929513,0.412,0.331,14453,10741,14359,0.01072862,0,0,0.0536,0.0956,0.2293,0.0335,0.0105,0.32018,0.12381,-0.01185,0.28901,0.8251
2871,511.6,30926071,1930157,0.497,0.333,12917,10719,14373,0.01072539,0,0,0.0599,0.1159,0.2475,0.0735,0.01068,0.32131,0.11975,-0.00626,0.2706,0.86575
2872,512.4,30936812,1930804,0.424,0.332,14213,10741,14388,0.01072218,0,0,0.0573,0.1001,0.2287,0.0378,0.01085,0.32046,0.12107,-0.00635,0.27326,0.85925
2873,513.1,30947564,1931441,0.43,0.331,14132,10752,14411,0.01071896,0,0,0.0575,0.1013,0.2388,0.0327,0.0115,0.31845,0.12855,-0.00813,0.29179,0.85919
2874,513.9,30958313,1932095,0.437,0.331,14000,10749,14363,0.01071573,0,0,0.0577,0.1017,0.2307,0.0467,0.01106,0.31941,0.1325,-0.0099,0.30311,0.85492
2875,514.6,30969094,1932740,0.409,0.328,14637,10781,14420,0.01071251,0,0,0.0533,0.0948,0.2273,0.0331,0.01092,0.3165,0.13097,-0.01043,0.30171,0.88222
2876,515.4,30979832,1933381,0.396,0.318,15031,10738,14390,0.01070927,0,0,0.0511,0.0926,0.2185,0.0338,0.01131,0.30653,0.12895,-0.00783,0.2928,0.89814
2877,516.1,30990614,1934010,0.461,0.315,13892,10782,14421,0.01070605,0,0,0.0577,0.1016,0.2371,0.0646,0.01075,0.30386,0.12757,-0.0101,0.29433,0.88637
2878,516.8,31001350,1934651,0.388,0.314,15289,10736,14370,0.01070282,0,0,0.0499,0.0894,0.2183,0.0304,0.01064,0.303,0.13651,-0.01072,0.31323,0.87705
2879,517.6,31012110,1935289,0.396,0.315,15113,10760,14398,0.0106996,0,0,0.0509,0.0954,0.2169,0.0333,0.01068,0.30425,0.14316,-0.0094,0.32358,0.86244
2880,518.3,31022835,1935931,0.408,0.313,14873,10725,14353,0.01069637,0,0,0.05,0.0921,0.2188,0.0473,0.01032,0.30203,0.13749,-0.01023,0.31405,0.86962
2881,519.0,31033579,1936577,0.388,0.314,15314,10744,14393,0.01069315,0,0,0.0501,0.0911,0.2151,0.0312,0.01048,0.30303,0.13725,-0.00714,0.30732,0.86727
2882,519.7,31044286,1937202,0.38,0.315,15392,10707,14344,0.01068993,0,0,0.0491,0.0892,0.2149,0.027,0.01065,0.30423,0.13268,-0.0093,0.30253,0.86858
2883,520.4,31055040,1937841,0.417,0.313,14741,10754,14373,0.01068671,0,0,0.0493,0.089,0.2212,0.0573,0.01036,0.30168,0.14267,-0.0092,0.32167,0.83896
2884,521.1,31065744,1938480,0.425,0.316,14439,10704,14372,0.01068349,0,0,0.0568,0.0999,0.2387,0.0299,0.01071,0.30483,0.13346,-0.00886,0.3023,0.82583
2885,521.9,31076475,1939109,0.415,0.313,14752,10731,14365,0.01068028,0,0,0.0535,0.0926,0.222,0.0463,0.01043,0.30196,0.12791,-0.01035,0.29518,0.87385
2886,522.6,31087224,1939762,0.415,0.315,14736,10749,14365,0.01067706,0,0,0.0499,0.0875,0.2177,0.0596,0.01137,0.30277,0.13733,-0.00723,0.30784,0.87651
2887,523.3,31097989,1940414,0.398,0.315,15099,10765,14403,0.01067383,0,0,0.0502,0.0943,0.2197,0.0339,0.01085,0.30345,0.1332,-0.01178,0.30805,0.8472
2888,524.0,31108734,1941055,0.39,0.315,15246,10745,14365,0.0106706,0,0,0.051,0.0908,0.2193,0.029,0.01001,0.30413,0.12848,-0.01012,0.29467,0.81858
2889,524.8,31119469,1941700,0.424,0.313,14565,10735,14402,0.01066738,0,0,0.0506,0.0925,0.2186,0.0621,0.00986,0.30284,0.13924,-0.00832,0.31341,0.8574
2890,525.5,31130253,1942339,0.417,0.317,14692,10784,14409,0.01066416,0,0,0.0551,0.0999,0.2325,0.0291,0.01105,0.30571,0.14075,-0.00946,0.31817,0.8317
2891,526.2,31141087,1942978,0.425,0.315,14648,10834,14461,0.01066092,0,0,0.056,0.1012,0.2344,0.0332,0.01072,0.30362,0.13191,-0.01129,0.30416,0.83337
2892,526.9,31151948,1943614,0.399,0.316,15187,10861,14500,0.01065767,0,0,0.0496,0.0899,0.2148,0.045,0.01042,0.30492,0.13231,-0.00907,0.30056,0.83507
2893,527.7,31162735,1944259,0.403,0.316,15000,10787,14420,0.01065442,0,0,0.051,0.0898,0.2171,0.0449,0.0108,0.30498,0.13538,-0.0111,0.3111,0.85109
2894,528.4,31173536,1944894,0.39,0.312,15402,10801,14458,0.01065118,0,0,0.0499,0.0899,0.2193,0.0304,0.01052,0.30067,0.1303,-0.00785,0.29435,0.84734
2895,529.1,31184298,1945528,0.424,0.314,14576,10762,14399,0.01064794,0,0,0.0499,0.0949,0.2153,0.0643,0.0107,0.30273,0.13606,-0.00824,0.30635,0.83323
2896,529.8,31195059,1946173,0.414,0.317,14703,10761,14395,0.01064471,0,0,0.053,0.0964,0.2314,0.0335,0.01129,0.30567,0.13016,-0.00751,0.29336,0.84707
2897,530.6,31205817,1946811,0.402,0.316,14982,10758,14396,0.01064148,0,0,0.0523,0.0953,0.222,0.0327,0.0106,0.30457,0.13459,-0.00602,0.29901,0.83581
2898,531.3,31216623,1947452,0.423,0.316,14619,10806,14431,0.01063825,0,0,0.0535,0.0958,0.2341,0.04,0.01086,0.30437,0.1277,-0.00873,0.29071,0.83812
2899,532.0,31227417,1948084,0.401,0.316,15042,10794,14458,0.01063501,0,0,0.0524,0.0915,0.224,0.0333,0.01106,0.30477,0.12435,-0.00616,0.27888,0.83946
2900,532.7,31238249,1948717,0.413,0.317,14832,10832,14475,0.01063177,0,0,0.0556,0.0965,0.2296,0.0313,0.01135,0.30531,0.13026,-0.00914,0.29677,0.84476
2901,533.5,31249001,1949355,0.464,0.317,13752,10752,14421,0.01062853,0,0,0.0575,0.0985,0.2373,0.0712,0.01189,0.30492,0.12569,-0.00829,0.28647,0.87064
2902,534.3,31259813,1949999,0.438,0.318,14303,10812,14463,0.0106253,0,0,0.0579,0.1036,0.2435,0.0332,0.01043,0.30668,0.14164,-0.01021,0.32242,0.88112
2903,535.1,31270558,1950632,0.432,0.316,14361,10745,14387,0.01062206,0,0,0.057,0.1092,0.2309,0.0351,0.01138,0.30399,0.12375,-0.00601,0.27852,0.89429
2904,536.0,31281360,1951271,0.545,0.32,12494,10802,14433,0.01061883,0,0,0.0682,0.1423,0.2746,0.0598,0.01092,0.30765,0.128,-0.0094,0.2934,0.87621
2905,536.9,31292109,1951896,0.592,0.319,11796,10749,14395,0.01061559,0,0,0.0666,0.1294,0.261,0.1352,0.01069,0.30771,0.11635,-0.00979,0.27101,0.8821
2906,537.7,31302889,1952538,0.464,0.315,13826,10780,14427,0.01061237,0,0,0.056,0.1044,0.2318,0.0721,0.01094,0.30364,0.12838,-0.01076,0.29737,0.90017
2907,538.4,31313707,1953175,0.468,0.316,13815,10818,14464,0.01060913,0,0,0.0584,0.1025,0.2388,0.0678,0.01021,0.30477,0.13974,-0.00935,0.31674,0.87446
2908,539.2,31324499,1953785,0.423,0.317,14575,10792,14430,0.01060589,0,0,0.0559,0.0986,0.2374,0.0314,0.01092,0.30561,0.12468,-0.00969,0.28741,0.87978
2909,540.0,31335308,1954404,0.463,0.328,13663,10809,14430,0.01060265,0,0,0.0605,0.1023,0.2482,0.0519,0.01096,0.31671,0.12738,-0.01024,0.29394,0.88284
2910,540.8,31346109,1955053,0.47,0.327,13549,10801,14485,0.01059941,0,0,0.058,0.1017,0.2424,0.0678,0.01136,0.31533,0.11748,-0.01119,0.27571,0.86713
2911,541.5,31356858,1955677,0.428,0.328,14218,10749,14407,0.01059617,0,0,0.0558,0.1051,0.2308,0.0362,0.01039,0.31672,0.12593,-0.00932,0.28893,0.87004
2912,542.3,31367655,1956311,0.406,0.326,14753,10797,14449,0.01059294,0,0,0.0532,0.0986,0.2226,0.0312,0.01026,0.31519,0.12593,-0.01033,0.29065,0.85578
2913,543.1,31378465,1956954,0.511,0.329,12867,10810,14467,0.0105897,0,0,0.0647,0.1278,0.2643,0.0538,0.01025,0.31854,0.11786,-0.00802,0.2699,0.85593
2914,543.8,31389261,1957598,0.42,0.328,14418,10796,14477,0.01058646,0,0,0.0553,0.0987,0.2292,0.0372,0.01121,0.31656,0.12772,-0.01166,0.29735,0.87843
2915,544.6,31400071,1958240,0.413,0.334,14475,10810,14460,0.01058322,0,0,0.0535,0.0955,0.2229,0.041,0.01158,0.32188,0.1297,-0.00856,0.29513,0.87939
2916,545.3,31410924,1958876,0.42,0.331,14433,10853,14521,0.01057998,0,0,0.0545,0.0993,0.2342,0.0325,0.01128,0.31963,0.12515,-0.01053,0.28955,0.85934
2917,546.1,31421699,1959532,0.456,0.331,13703,10775,14430,0.01057672,0,0,0.0567,0.0996,0.2284,0.0709,0.01114,0.31888,0.12388,-0.00925,0.28428,0.85172
2918,546.9,31432515,1960175,0.436,0.328,14167,10816,14451,0.01057349,0,0,0.0565,0.1014,0.2337,0.044,0.01106,0.31619,0.13238,-0.01,0.30318,0.8715
2919,547.6,31443269,1960841,0.438,0.317,14241,10754,14424,0.01057025,0,0,0.0546,0.1079,0.2327,0.0433,0.01101,0.30509,0.12559,-0.01058,0.29056,0.86141
2920,548.4,31454044,1961489,0.468,0.317,13719,10775,14474,0.01056702,0,0,0.0573,0.1072,0.2442,0.0593,0.01181,0.30485,0.11691,-0.00994,0.27238,0.88351
2921,549.2,31464835,1962128,0.451,0.319,14022,10791,14432,0.01056379,0,0,0.0589,0.1092,0.2465,0.0363,0.01145,0.30661,0.13018,-0.00716,0.29294,0.86362
2922,549.9,31475614,1962780,0.405,0.319,14879,10779,14445,0.01056055,0,0,0.0528,0.0939,0.2276,0.0312,0.01038,0.30804,0.1303,-0.00778,0.29464,0.87552
2923,550.7,31486391,1963416,0.44,0.32,14173,10777,14450,0.01055732,0,0,0.0527,0.092,0.2318,0.0636,0.01122,0.30852,0.12655,-0.00889,0.28918,0.86681
2924,551.4,31497158,1964066,0.426,0.32,14445,10767,14420,0.01055408,0,0,0.0564,0.0989,0.2364,0.0338,0.01112,0.3064,0.12471,-0.00953,0.28673,0.86461
2925,552.2,31507909,1964711,0.441,0.317,14184,10751,14406,0.01055085,0,0,0.0572,0.0978,0.2332,0.0525,0.01044,0.30629,0.12464,-0.00798,0.2836,0.86983
2926,553.0,31518686,1965359,0.456,0.316,13969,10777,14463,0.01054763,0,0,0.0569,0.1,0.2395,0.0591,0.01138,0.30396,0.12888,-0.00866,0.29317,0.85797
2927,553.7,31529477,1966007,0.441,0.315,14260,10791,14437,0.01054439,0,0,0.057,0.1079,0.2395,0.037,0.01085,0.3039,0.13345,-0.01004,0.30551,0.87885
2928,554.4,31540240,1966659,0.4,0.318,14990,10763,14436,0.01054116,0,0,0.0518,0.0944,0.2248,0.0286,0.01067,0.30717,0.11992,-0.00989,0.27816,0.87918
2929,555.2,31551064,1967310,0.452,0.315,14099,10824,14474,0.01053793,0,0,0.056,0.0987,0.2328,0.0648,0.0098,0.30503,0.13182,-0.00861,0.29956,0.88663
2930,556.0,31561854,1967953,0.445,0.322,14074,10790,14436,0.01053468,0,0,0.0556,0.1052,0.2373,0.0466,0.01064,0.31074,0.12468,-0.01058,0.28892,0.8737
2931,556.7,31572651,1968596,0.449,0.32,14052,10797,14445,0.01053144,0,0,0.0603,0.1098,0.2423,0.0365,0.01131,0.3074,0.13188,-0.0106,0.30354,0.88151
2932,557.5,31583407,1969253,0.436,0.322,14195,10756,14414,0.0105282,0,0,0.0552,0.0992,0.2328,0.0486,0.01054,0.31072,0.13115,-0.01138,0.30345,0.87374
2933,558.3,31594210,1969903,0.457,0.319,13911,10803,14471,0.01052498,0,0,0.0551,0.1029,0.2363,0.063,0.01119,0.3075,0.12803,-0.01105,0.29579,0.83741
2934,559.0,31604991,1970563,0.41,0.315,14854,10781,14421,0.01052174,0,0,0.0538,0.0953,0.2282,0.033,0.01095,0.30397,0.1348,-0.00969,0.30692,0.85214
2935,559.8,31615767,1971211,0.435,0.315,14377,10776,14429,0.0105185,0,0,0.0518,0.0988,0.2256,0.0585,0.01138,0.30298,0.11562,-0.00927,0.26818,0.87438
2936,560.5,31626529,1971872,0.399,0.317,15027,10762,14433,0.01051527,0,0,0.0521,0.0954,0.2185,0.0331,0.01026,0.3064,0.12277,-0.00642,0.27638,0.85555
2937,561.2,31637353,1972524,0.423,0.315,14660,10824,14500,0.01051204,0,0,0.0546,0.1001,0.2351,0.0334,0.01023,0.30436,0.13468,-0.00809,0.30346,0.85263
2938,562.0,31648166,1973178,0.429,0.318,14482,10813,14498,0.01050879,0,0,0.0578,0.1012,0.2382,0.0314,0.01132,0.3061,0.13045,-0.00836,0.29572,0.8613
2939,562.7,31659004,1973832,0.432,0.316,14508,10838,14481,0.01050555,0,0,0.0591,0.1039,0.2348,0.0337,0.01004,0.30494,0.13035,-0.00875,0.29595,0.84426
2940,563.4,31669803,1974487,0.393,0.313,15293,10799,14456,0.0105023,0,0,0.0508,0.0924,0.22,0.0298,0.01052,0.302,0.12059,-0.01135,0.28206,0.86522
2941,564.2,31680665,1975165,0.425,0.316,14661,10862,14532,0.01049906,0,0,0.0517,0.0923,0.2198,0.0615,0.01068,0.30429,0.11792,-0.00931,0.27283,0.87532
2942,564.9,31691472,1975820,0.397,0.311,15280,10807,14464,0.0104958,0,0,0.0531,0.0911,0.2221,0.0304,0.01009,0.29993,0.12539,-0.01086,0.29058,0.86129
2943,565.6,31702276,1976478,0.414,0.315,14819,10804,14465,0.01049256,0,0,0.0511,0.1001,0.2269,0.0363,0.01044,0.30363,0.1231,-0.0093,0.28302,0.86807
2944,566.3,31713084,1977141,0.407,0.314,14987,10808,14442,0.01048932,0,0,0.0517,0.0943,0.2228,0.038,0.01047,0.30323,0.12588,-0.00934,0.28868,0.86995
2945,567.1,31723870,1977797,0.43,0.312,14545,10786,14456,0.01048607,0,0,0.0539,0.0983,0.236,0.0417,0.01029,0.30066,0.12528,-0.00914,0.28691,0.861
2946,567.8,31734674,1978466,0.427,0.313,14600,10804,14455,0.01048284,0,0,0.0575,0.1013,0.2383,0.0295,0.01138,0.30151,0.12594,-0.00844,0.28703,0.87203
2947,568.5,31745452,1979124,0.437,0.314,14341,10778,14446,0.0104796,0,0,0.0533,0.0943,0.2283,0.0615,0.01117,0.30243,0.1302,-0.00741,0.29366,0.87954
2948,569.3,31756272,1979801,0.419,0.314,14754,10820,14498,0.01047636,0,0,0.0556,0.0995,0.2337,0.0306,0.0109,0.30245,0.12016,-0.01017,0.27868,0.85998
2949,570.0,31767056,1980468,0.429,0.315,14488,10784,14436,0.01047312,0,0,0.057,0.0973,0.2314,0.0435,0.01074,0.30388,0.11891,-0.01197,0.27953,0.8482
2950,570.8,31777789,1981144,0.465,0.315,13757,10733,14413,0.01046988,0,0,0.0572,0.103,0.244,0.0611,0.0106,0.30373,0.12789,-0.00964,0.29325,0.86878
2951,571.6,31788575,1981790,0.423,0.335,14236,10786,14455,0.01046666,0,0,0.0541,0.1024,0.226,0.0403,0.01064,0.32339,0.11297,-0.00618,0.25635,0.86267
2952,572.4,31799333,1982454,0.457,0.335,13580,10758,14421,0.01046343,0,0,0.0602,0.1121,0.2518,0.0334,0.01154,0.32267,0.11239,-0.00745,0.25784,0.86774
2953,573.3,31810133,1983113,0.493,0.333,13064,10800,14476,0.0104602,0,0,0.0612,0.1108,0.2502,0.071,0.01133,0.32151,0.11666,-0.00839,0.26794,0.85191
2954,574.0,31820883,1983749,0.41,0.334,14445,10750,14402,0.01045696,0,0,0.053,0.0961,0.2324,0.0285,0.01092,0.32276,0.10747,-0.00637,0.24494,0.82503
2955,574.7,31831689,1984409,0.406,0.333,14630,10806,14464,0.01045374,0,0,0.0541,0.0935,0.2256,0.0329,0.01103,0.32085,0.12106,-0.00818,0.27563,0.82032
2956,575.5,31842517,1985060,0.412,0.335,14493,10828,14506,0.01045049,0,0,0.0529,0.095,0.23,0.0343,0.01205,0.32196,0.1168,-0.00821,0.26737,0.83039
2957,576.2,31853310,1985713,0.419,0.333,14359,10793,14460,0.01044724,0,0,0.0531,0.0934,0.2312,0.0414,0.01095,0.32095,0.12507,-0.00899,0.28517,0.81701
2958,577.0,31864125,1986372,0.418,0.318,14684,10815,14494,0.01044401,0,0,0.0539,0.0953,0.2371,0.0322,0.01085,0.30668,0.12946,-0.00893,0.29404,0.82639
2959,577.7,31874925,1987025,0.437,0.317,14319,10800,14439,0.01044076,0,0,0.0532,0.1011,0.2248,0.058,0.01129,0.30527,0.12595,-0.00918,0.28778,0.8392
2960,578.5,31885695,1987647,0.435,0.316,14340,10770,14447,0.01043752,0,0,0.0572,0.1029,0.2379,0.0373,0.01083,0.30436,0.13178,-0.00943,0.29945,0.81635
2961,579.2,31896492,1988298,0.418,0.319,14647,10797,14462,0.01043429,0,0,0.0541,0.0991,0.2319,0.0332,0.01141,0.30693,0.12336,-0.00858,0.28135,0.83692
2962,580.0,31907300,1988931,0.459,0.341,13511,10808,14445,0.01043105,0,0,0.0609,0.106,0.2522,0.0394,0.0117,0.32915,0.11374,-0.00872,0.26214,0.82541
2963,580.8,31918077,1989592,0.427,0.343,13986,10777,14444,0.01042781,0,0,0.0542,0.0991,0.2377,0.0364,0.01134,0.33131,0.13103,-0.00832,0.2958,0.82066
2964,581.6,31928845,1990248,0.423,0.342,14077,10768,14430,0.01042458,0,0,0.054,0.0965,0.2405,0.032,0.01173,0.32923,0.11923,-0.01073,0.27735,0.83619
2965,582.4,31939646,1990889,0.465,0.346,13327,10801,14451,0.01042135,0,0,0.0575,0.1005,0.2379,0.0686,0.01246,0.33266,0.12025,-0.00993,0.27777,0.83477
2966,583.2,31950443,1991516,0.452,0.342,13609,10797,14433,0.01041811,0,0,0.0592,0.1062,0.2504,0.0357,0.01122,0.33002,0.13241,-0.0085,0.29873,0.81104
2967,583.9,31961243,1992158,0.429,0.344,13982,10800,14447,0.01041487,0,0,0.0553,0.1026,0.2355,0.0354,0.0128,0.33026,0.11384,-0.00985,0.26447,0.82021
2968,584.7,31972062,1992820,0.473,0.341,13293,10819,14471,0.01041163,0,0,0.0612,0.1071,0.2543,0.05,0.01119,0.32946,0.13209,-0.0081,0.29745,0.82023
2969,585.5,31982911,1993451,0.464,0.342,13472,10849,14478,0.01040838,0,0,0.0633,0.1137,0.252,0.0346,0.0111,0.32986,0.12578,-0.00748,0.28337,0.80948
2970,586.3,31993678,1994082,0.437,0.341,13844,10767,14420,0.01040513,0,0,0.0581,0.1038,0.2439,0.0308,0.01133,0.3292,0.12448,-0.01112,0.28832,0.82296
2971,587.1,32004491,1994719,0.452,0.342,13617,10813,14471,0.0104019,0,0,0.0551,0.0995,0.2345,0.0632,0.01166,0.32949,0.13529,-0.00821,0.30381,0.80798
2972,588.0,32015315,1995343,0.475,0.38,12663,10824,14462,0.01039865,0,0,0.0598,0.1099,0.2571,0.0484,0.01234,0.36599,0.11942,-0.01009,0.27604,0.81756
2973,588.9,32026117,1995985,0.557,0.377,11568,10802,14464,0.01039541,0,0,0.0623,0.1226,0.2676,0.1043,0.01321,0.36313,0.10998,-0.00872,0.25485,0.83885
2974,589.8,32036927,1996597,0.502,0.375,12329,10810,14440,0.01039216,0,0,0.061,0.1111,0.2644,0.0657,0.01257,0.36119,0.12056,-0.00687,0.27129,0.79082
2975,590.7,32047758,1997225,0.489,0.378,12491,10831,14485,0.01038892,0,0,0.0639,0.1194,0.2652,0.0408,0.01293,0.3642,0.12548,-0.00944,0.28645,0.79959
2976,591.5,32058484,1997852,0.481,0.376,12515,10726,14369,0.01038567,0,0,0.0602,0.1087,0.2554,0.0565,0.01183,0.36354,0.12403,-0.0092,0.28331,0.81133
2977,592.4,32069317,1998493,0.496,0.379,12373,10833,14509,0.01038245,0,0,0.0641,0.1191,0.266,0.0472,0.01278,0.36575,0.13082,-0.00672,0.29167,0.79975
2978,593.3,32080115,1999129,0.517,0.381,12025,10798,14472,0.0103792,0,0,0.0703,0.1254,0.2812,0.0399,0.01251,0.36761,0.13464,-0.00725,0.30007,0.78483
2979,594.2,32090930,1999757,0.58,0.379,11282,10815,14471,0.01037597,0,0,0.0762,0.1394,0.2951,0.0689,0.01216,0.3661,0.1206,-0.00675,0.27166,0.81719
2980,595.1,32101779,2000379,0.496,0.376,12443,10849,14515,0.01037272,0,0,0.0652,0.1188,0.2754,0.0368,0.01205,0.3631,0.13053,-0.0097,0.29752,0.82228
2981,596.0,32112613,2001001,0.52,0.382,12017,10834,14468,0.01036947,0,0,0.0639,0.1132,0.2668,0.0761,0.0128,0.36803,0.12051,-0.00823,0.2736,0.77734
2982,596.9,32123488,2001612,0.484,0.376,12645,10875,14508,0.01036622,0,0,0.0643,0.1139,0.2685,0.0373,0.01163,0.36365,0.13419,-0.00824,0.30139,0.79743
2983,597.8,32134285,2002254,0.512,0.379,12112,10797,14488,0.01036295,0,0,0.0679,0.1293,0.2692,0.0457,0.01276,0.36579,0.12157,-0.00737,0.27536,0.84329
2984,598.6,32145130,2002891,0.494,0.377,12447,10845,14509,0.01035971,0,0,0.0627,0.113,0.2611,0.057,0.01221,0.36458,0.12815,-0.00964,0.29255,0.81872
2985,599.5,32155970,2003523,0.48,0.379,12626,10840,14474,0.01035646,0,0,0.062,0.1116,0.2609,0.0453,0.0123,0.36581,0.12957,-0.0086,0.29357,0.83225
2986,600.3,32166793,2004146,0.459,0.377,12949,10823,14496,0.01035321,0,0,0.0597,0.1091,0.2569,0.0332,0.01244,0.36378,0.13227,-0.01208,0.3058,0.82505
2987,601.3,32177653,2004764,0.499,0.379,12372,10860,14510,0.01034996,0,0,0.0606,0.1059,0.2557,0.0767,0.0117,0.36605,0.13389,-0.00687,0.29882,0.83604
2988,602.2,32188466,2005398,0.474,0.378,12686,10813,14470,0.0103467,0,0,0.0621,0.1114,0.262,0.0387,0.01221,0.36523,0.12073,-0.01069,0.27994,0.82562
2989,603.1,32199329,2006035,0.527,0.385,11909,10863,14518,0.01034346,0,0,0.0645,0.1158,0.2694,0.0771,0.01338,0.37139,0.128,-0.01079,0.29454,0.81999
2990,604.0,32210154,2006664,0.519,0.379,12059,10825,14496,0.0103402,0,0,0.0671,0.1255,0.2833,0.0429,0.01342,0.36468,0.12152,-0.00988,0.27943,0.80468
2991,604.9,32220971,2007275,0.532,0.38,11853,10817,14447,0.01033695,0,0,0.0688,0.137,0.2822,0.0443,0.01308,0.36661,0.13551,-0.00836,0.30424,0.79845
2992,605.8,32231821,2007913,0.533,0.381,11875,10850,14511,0.01033371,0,0,0.0666,0.124,0.281,0.061,0.01222,0.36761,0.13217,-0.01023,0.30224,0.84353
2993,606.7,32242639,2008514,0.528,0.38,11918,10818,14441,0.01033045,0,0,0.0687,0.1326,0.2856,0.0412,0.01189,0.36665,0.12985,-0.00993,0.29612,0.80094
2994,607.6,32253492,2009160,0.469,0.381,12763,10853,14541,0.01032721,0,0,0.061,0.11,0.2605,0.0375,0.01291,0.36774,0.13,-0.00879,0.29444,0.81693
2995,608.4,32264329,2009779,0.487,0.378,12524,10837,14499,0.01032395,0,0,0.0621,0.1123,0.2575,0.0555,0.01213,0.36515,0.11928,-0.00998,0.2756,0.82687
2996,609.3,32275140,2010410,0.474,0.379,12673,10811,14469,0.0103207,0,0,0.0618,0.1102,0.2683,0.0337,0.01221,0.36604,0.13325,-0.00976,0.30297,0.82161
2997,610.2,32285948,2011037,0.493,0.379,12385,10808,14447,0.01031746,0,0,0.0628,0.1099,0.2652,0.0554,0.01224,0.36546,0.1282,-0.01012,0.29329,0.80672
2998,611.1,32296739,2011676,0.501,0.38,12257,10791,14465,0.01031422,0,0,0.068,0.1186,0.275,0.0392,0.01301,0.36591,0.12759,-0.00893,0.28974,0.80962
2999,612.0,32307498,2012303,0.526,0.38,11880,10759,14425,0.01031098,0,0,0.0619,0.1198,0.2643,0.0801,0.01247,0.36641,0.12269,-0.00894,0.2799,0.80679
3000,612.8,32318261,2012936,0.46,0.377,12855,10763,14458,0.01030775,0,0,0.0584,0.1059,0.26,0.0359,0.01214,0.36421,0.11369,-0.01055,0.26535,0.81799
3001,614.2,32328994,2013571,0.52,0.378,11946,10733,14404,0.01030452,0,0,0.0621,0.1145,0.2618,0.0817,0.01221,0.36562,0.14027,-0.00512,0.30782,0.82684
3002,615.1,32339781,2014202,0.462,0.377,12849,10787,14453,0.0103013,0,0,0.0596,0.1103,0.2583,0.034,0.01225,0.36433,0.12941,-0.00844,0.29256,0.8188
3003,616.0,32350573,2014836,0.485,0.379,12491,10792,14478,0.01029807,0,0,0.0653,0.1143,0.265,0.0402,0.01151,0.36709,0.12349,-0.00924,0.28232,0.81871
3004,616.9,32361366,2015476,0.49,0.373,12508,10793,14463,0.01029483,0,0,0.0645,0.114,0.2646,0.0467,0.0123,0.36018,0.11861,-0.00589,0.26573,0.8123
3005,617.7,32372133,2016103,0.491,0.373,12468,10767,14416,0.01029159,0,0,0.0621,0.1106,0.261,0.057,0.01275,0.35927,0.11201,-0.0086,0.25826,0.82745
3006,618.5,32382911,2016739,0.477,0.352,12993,10778,14459,0.01028836,0,0,0.0621,0.1127,0.2629,0.0395,0.01238,0.33921,0.10854,-0.00883,0.25121,0.80054
3007,619.4,32393738,2017376,0.511,0.35,12571,10827,14502,0.01028513,0,0,0.0637,0.1172,0.2633,0.0667,0.01194,0.33775,0.12719,-0.0096,0.29046,0.8196
3008,620.2,32404561,2018008,0.443,0.348,13699,10823,14538,0.01028188,0,0,0.0563,0.1042,0.2455,0.0366,0.01095,0.33591,0.11077,-0.01001,0.25836,0.81687
3009,621.0,32415442,2018632,0.431,0.349,13951,10881,14552,0.01027863,0,0,0.0559,0.1024,0.237,0.0353,0.01162,0.33703,0.11783,-0.01016,0.27277,0.81664
3010,621.8,32426273,2019257,0.436,0.351,13764,10831,14497,0.01027537,0,0,0.0582,0.1027,0.2428,0.0325,0.01191,0.33783,0.11636,-0.00955,0.26862,0.81693
3011,622.6,32437103,2019876,0.467,0.347,13312,10830,14493,0.01027212,0,0,0.0582,0.1036,0.2516,0.0532,0.0118,0.33453,0.11017,-0.01001,0.25741,0.83018
3012,623.4,32447889,2020508,0.428,0.35,13856,10786,14465,0.01026887,0,0,0.057,0.1,0.24,0.0314,0.01138,0.33809,0.1103,-0.00817,0.25421,0.84083
3013,624.2,32458739,2021151,0.498,0.35,12806,10850,14502,0.01026563,0,0,0.0612,0.1089,0.2522,0.0753,0.01258,0.33647,0.11317,-0.00819,0.25988,0.836
3014,625.0,32469549,2021775,0.472,0.353,13111,10810,14502,0.01026238,0,0,0.0622,0.1137,0.2567,0.0389,0.01157,0.34056,0.10698,-0.00906,0.24931,0.8395
3015,625.8,32480353,2022401,0.455,0.347,13466,10804,14488,0.01025914,0,0,0.0578,0.1108,0.2486,0.0377,0.01202,0.33466,0.11744,-0.00822,0.2679,0.80841
3016,626.6,32491191,2023033,0.459,0.348,13434,10838,14520,0.01025589,0,0,0.0578,0.1034,0.2422,0.0553,0.01108,0.33596,0.12183,-0.00773,0.27585,0.81604
3017,627.4,32501985,2023668,0.44,0.347,13705,10794,14477,0.01025264,0,0,0.0567,0.1057,0.2422,0.0356,0.01073,0.33583,0.12187,-0.00985,0.28012,0.81366
3018,628.2,32512816,2024307,0.441,0.349,13715,10831,14538,0.0102494,0,0,0.0569,0.1049,0.2478,0.0312,0.01132,0.33694,0.10837,-0.0106,0.25433,0.79921
3019,629.0,32523617,2024931,0.46,0.349,13350,10801,14460,0.01024616,0,0,0.0566,0.0999,0.2409,0.0623,0.01091,0.33796,0.12863,-0.00826,0.2901,0.79665
3020,629.8,32534452,2025554,0.45,0.352,13502,10835,14522,0.01024291,0,0,0.0617,0.1081,0.2473,0.0333,0.01185,0.33958,0.12505,-0.00943,0.28549,0.80722
3021,630.6,32545269,2026183,0.449,0.35,13538,10817,14495,0.01023966,0,0,0.0568,0.1029,0.2439,0.045,0.01205,0.33766,0.12165,-0.00751,0.27483,0.80641
3022,631.5,32556163,2026798,0.5,0.353,12786,10894,14554,0.01023642,0,0,0.0622,0.1115,0.2536,0.0723,0.01252,0.33916,0.11532,-0.01025,0.26744,0.79642
3023,632.3,32567020,2027424,0.442,0.353,13649,10857,14531,0.01023315,0,0,0.0567,0.109,0.2403,0.0361,0.0124,0.34034,0.10938,-0.01083,0.25711,0.81637
3024,633.1,32577868,2028043,0.441,0.349,13741,10848,14544,0.01022989,0,0,0.0582,0.1047,0.2456,0.0323,0.0108,0.33709,0.12,-0.00947,0.27591,0.82995
3025,633.9,32588669,2028683,0.498,0.353,12680,10801,14492,0.01022664,0,0,0.0582,0.1105,0.2509,0.0788,0.01186,0.3409,0.12584,-0.00693,0.2824,0.82434
3026,634.7,32599518,2029303,0.462,0.35,13357,10849,14507,0.0102234,0,0,0.0628,0.1103,0.2557,0.033,0.01207,0.33777,0.1194,-0.0105,0.27691,0.83668
3027,635.6,32610359,2029941,0.464,0.352,13292,10841,14504,0.01022014,0,0,0.0617,0.1124,0.2538,0.0362,0.01185,0.33907,0.12842,-0.00933,0.29255,0.83399
3028,636.4,32621243,2030563,0.467,0.35,13324,10884,14537,0.01021689,0,0,0.0621,0.1123,0.2547,0.0374,0.01115,0.33857,0.1388,-0.01146,0.31808,0.85898
3029,637.2,32632111,2031197,0.514,0.354,12520,10868,14540,0.01021363,0,0,0.0643,0.122,0.2683,0.0596,0.01116,0.34203,0.11948,-0.00711,0.27127,0.88583
3030,638.1,32642950,2031849,0.494,0.347,12884,10839,14499,0.01021037,0,0,0.0658,0.1212,0.2651,0.0418,0.01169,0.33517,0.12406,-0.00802,0.2816,0.85458
3031,638.9,32653762,2032476,0.486,0.334,13182,10812,14479,0.01020712,0,0,0.0617,0.1151,0.2446,0.0646,0.01137,0.32209,0.13916,-0.01142,0.31852,0.8507
3032,639.7,32664637,2033127,0.448,0.335,13889,10875,14565,0.01020387,0,0,0.0608,0.1087,0.2413,0.0373,0.01116,0.32311,0.13901,-0.00956,0.31466,0.85818
3033,640.5,32675491,2033763,0.455,0.337,13710,10854,14501,0.01020061,0,0,0.0603,0.1087,0.2419,0.0438,0.01019,0.32632,0.12327,-0.01065,0.28533,0.85686
3034,641.3,32686288,2034393,0.449,0.333,13812,10797,14449,0.01019735,0,0,0.0594,0.1123,0.2437,0.0332,0.01146,0.32105,0.12541,-0.01028,0.28819,0.82442
3035,642.0,32697123,2035046,0.413,0.333,14513,10835,14498,0.01019411,0,0,0.0535,0.0972,0.2307,0.032,0.01069,0.32187,0.13668,-0.00979,0.30959,0.81677
3036,642.8,32707880,2035668,0.467,0.333,13445,10757,14423,0.01019086,0,0,0.0625,0.114,0.2487,0.0415,0.01053,0.32229,0.13464,-0.00916,0.3035,0.78052
3037,643.6,32718694,2036327,0.442,0.334,13937,10814,14471,0.01018764,0,0,0.0591,0.1029,0.235,0.0447,0.01139,0.32211,0.13007,-0.00961,0.29558,0.79587
3038,644.4,32729478,2036947,0.459,0.332,13632,10784,14447,0.01018439,0,0,0.0601,0.1094,0.253,0.0364,0.0104,0.32114,0.11751,-0.00827,0.2678,0.79752
3039,645.2,32740321,2037598,0.509,0.333,12867,10843,14513,0.01018116,0,0,0.0616,0.1214,0.2536,0.0726,0.01109,0.32186,0.13239,-0.00568,0.29252,0.80394
3040,646.0,32751081,2038208,0.496,0.335,12950,10760,14412,0.0101779,0,0,0.0638,0.1152,0.2557,0.0617,0.01218,0.32161,0.11841,-0.00948,0.27201,0.7974
3041,646.9,32761895,2038843,0.543,0.324,12487,10814,14480,0.01017468,0,0,0.0609,0.1104,0.2604,0.1109,0.01133,0.31161,0.12583,-0.00699,0.2816,0.78461
3042,647.7,32772713,2039463,0.48,0.324,13457,10818,14486,0.01017143,0,0,0.061,0.1123,0.2569,0.0495,0.01087,0.31267,0.13543,-0.00722,0.30153,0.79795
3043,648.5,32783536,2040107,0.465,0.324,13725,10823,14508,0.01016819,0,0,0.0632,0.1088,0.2516,0.0409,0.0112,0.31201,0.11167,-0.00856,0.25723,0.82391
3044,649.3,32794337,2040722,0.449,0.323,13990,10801,14492,0.01016494,0,0,0.0606,0.1085,0.2477,0.0327,0.01121,0.31069,0.1177,-0.00918,0.27038,0.81786
3045,650.1,32805089,2041356,0.53,0.325,12574,10752,14452,0.0101617,0,0,0.0647,0.1282,0.2618,0.0756,0.01127,0.31291,0.11047,-0.00993,0.25797,0.84495
3046,650.9,32815937,2041978,0.471,0.321,13698,10848,14529,0.01015847,0,0,0.0626,0.1133,0.258,0.0375,0.01096,0.30903,0.11621,-0.01067,0.27106,0.85131
3047,651.7,32826794,2042601,0.446,0.328,14040,10857,14536,0.01015522,0,0,0.0595,0.108,0.2406,0.0376,0.01172,0.315,0.12019,-0.00868,0.27509,0.85463
3048,652.5,32837579,2043217,0.461,0.324,13737,10785,14467,0.01015196,0,0,0.0594,0.1022,0.2454,0.054,0.01138,0.31187,0.11488,-0.01017,0.26683,0.82402
3049,653.3,32848395,2043835,0.472,0.354,13089,10816,14497,0.01014873,0,0,0.0635,0.1106,0.2606,0.0376,0.012,0.34139,0.11663,-0.00876,0.26783,0.83985
3050,654.1,32859224,2044453,0.472,0.352,13145,10829,14509,0.01014548,0,0,0.063,0.1102,0.256,0.0429,0.01208,0.33894,0.12951,-0.01011,0.29621,0.83611
3051,655.0,32870032,2045081,0.505,0.352,12610,10808,14476,0.01014223,0,0,0.0635,0.1073,0.259,0.0751,0.01199,0.33957,0.11184,-0.00738,0.2559,0.86074
3052,655.9,32880854,2045714,0.465,0.351,13270,10822,14533,0.01013899,0,0,0.0632,0.108,0.2589,0.0348,0.01139,0.33864,0.12362,-0.00576,0.27636,0.8682
3053,656.7,32891648,2046356,0.482,0.351,12968,10794,14513,0.01013574,0,0,0.0636,0.1074,0.2573,0.0534,0.01197,0.33778,0.11282,-0.00814,0.25981,0.88305
3054,657.6,32902410,2046990,0.505,0.352,12549,10762,14465,0.01013251,0,0,0.064,0.1116,0.2612,0.0685,0.01245,0.3391,0.12877,-0.00717,0.28951,0.86947
3055,658.4,32913172,2047642,0.473,0.352,13039,10762,14491,0.01012928,0,0,0.0627,0.1161,0.2532,0.0411,0.0119,0.33983,0.10779,-0.00909,0.25156,0.87884
3056,659.2,32923946,2048291,0.481,0.351,12954,10774,14488,0.01012605,0,0,0.0619,0.1106,0.2563,0.0522,0.01152,0.33857,0.121,-0.01132,0.28214,0.86468
3057,660.1,32934727,2048918,0.479,0.351,12983,10781,14492,0.01012282,0,0,0.0616,0.1066,0.2545,0.0563,0.0113,0.33943,0.11813,-0.00937,0.27234,0.85678
3058,660.9,32945504,2049538,0.447,0.35,13526,10777,14514,0.01011958,0,0,0.0606,0.106,0.2483,0.0318,0.01171,0.33779,0.11011,-0.0091,0.25632,0.88463
3059,661.7,32956343,2050164,0.466,0.351,13258,10839,14536,0.01011635,0,0,0.0603,0.1044,0.251,0.0505,0.01119,0.33928,0.11832,-0.01139,0.27718,0.87807
3060,662.4,32967119,2050794,0.437,0.322,14200,10776,14476,0.0101131,0,0,0.0596,0.102,0.2454,0.0297,0.01068,0.31092,0.10731,-0.01003,0.25228,0.8709
3061,663.2,32977898,2051440,0.432,0.323,14284,10779,14495,0.01010986,0,0,0.0559,0.0964,0.2351,0.0444,0.01092,0.31131,0.11234,-0.00927,0.26048,0.85324
3062,663.9,32988701,2052083,0.423,0.323,14476,10803,14504,0.01010663,0,0,0.0565,0.1008,0.2323,0.0335,0.01116,0.31154,0.12459,-0.00533,0.27739,0.86923
3063,664.7,32999428,2052737,0.483,0.327,13247,10727,14472,0.01010339,0,0,0.0581,0.1135,0.2377,0.0736,0.01138,0.31498,0.12094,-0.00845,0.27638,0.87088
3064,665.6,33010224,2053411,0.492,0.324,13225,10796,14528,0.01010017,0,0,0.0624,0.1182,0.256,0.0552,0.01199,0.31176,0.1204,-0.00621,0.27113,0.88756
3065,666.4,33020949,2054045,0.503,0.326,12949,10725,14464,0.01009693,0,0,0.0596,0.1072,0.2484,0.0874,0.01253,0.31248,0.12401,-0.00693,0.2796,0.87766
3066,667.2,33031713,2054693,0.48,0.321,13436,10764,14475,0.01009372,0,0,0.0607,0.1127,0.2591,0.0473,0.0111,0.30964,0.12613,-0.00709,0.28409,0.87378
3067,668.0,33042488,2055340,0.445,0.323,14040,10775,14512,0.01009049,0,0,0.0602,0.1037,0.2453,0.0353,0.0113,0.31083,0.11725,-0.01064,0.27341,0.87313
3068,668.7,33053272,2055984,0.465,0.321,13720,10784,14508,0.01008725,0,0,0.0602,0.1073,0.2515,0.0461,0.01132,0.30911,0.12938,-0.00815,0.29277,0.87784
3069,669.5,33064078,2056637,0.453,0.325,13894,10806,14501,0.01008402,0,0,0.0576,0.1007,0.2348,0.0596,0.01109,0.31324,0.12457,-0.00558,0.27772,0.8648
3070,670.3,33074877,2057277,0.437,0.322,14222,10799,14514,0.01008078,0,0,0.0588,0.1037,0.2412,0.0338,0.01121,0.30998,0.10986,-0.00765,0.25294,0.88906
3071,671.1,33085608,2057941,0.447,0.323,13950,10731,14470,0.01007754,0,0,0.0593,0.1092,0.2423,0.0357,0.01142,0.31078,0.11447,-0.00917,0.26558,0.90752
3072,671.8,33096355,2058585,0.446,0.32,14014,10747,14463,0.01007432,0,0,0.0574,0.1001,0.2433,0.0457,0.01095,0.30883,0.12325,-0.01007,0.28411,0.86748
3073,672.6,33107104,2059232,0.485,0.324,13276,10749,14478,0.01007109,0,0,0.0613,0.117,0.2511,0.056,0.01109,0.31207,0.11529,-0.01117,0.27078,0.88565
3074,673.4,33117817,2059891,0.487,0.323,13221,10713,14429,0.01006787,0,0,0.0649,0.1191,0.2629,0.0402,0.01133,0.31132,0.10895,-0.00892,0.2535,0.88177
3075,674.2,33128523,2060552,0.471,0.327,13409,10706,14435,0.01006465,0,0,0.063,0.1116,0.2574,0.0391,0.01118,0.3154,0.11876,-0.00873,0.27294,0.8923
3076,675.0,33139198,2061224,0.466,0.324,13513,10675,14383,0.01006144,0,0,0.0597,0.1111,0.2443,0.0514,0.0121,0.31097,0.11267,-0.00802,0.25877,0.86462
3077,675.8,33149881,2061869,0.481,0.319,13354,10683,14395,0.01005824,0,0,0.0595,0.108,0.251,0.0625,0.01054,0.30791,0.11526,-0.00875,0.2654,0.86395
3078,676.6,33160581,2062529,0.446,0.32,13977,10700,14437,0.01005504,0,0,0.0591,0.1047,0.2463,0.0355,0.01001,0.30904,0.12671,-0.00602,0.28285,0.86536
3079,677.4,33171269,2063179,0.456,0.326,13670,10688,14406,0.01005183,0,0,0.0585,0.1117,0.2424,0.0434,0.01093,0.31435,0.11038,-0.00831,0.25476,0.86512
3080,678.2,33182032,2063838,0.473,0.328,13433,10763,14477,0.01004862,0,0,0.0616,0.1084,0.2452,0.058,0.01059,0.31681,0.11851,-0.00938,0.2732,0.8671
3081,678.9,33192772,2064495,0.43,0.334,14052,10740,14443,0.01004539,0,0,0.0562,0.1029,0.2377,0.0331,0.01041,0.32342,0.11792,-0.00971,0.27278,0.87239
3082,679.7,33203509,2065141,0.407,0.332,14518,10737,14446,0.01004217,0,0,0.0533,0.0964,0.2273,0.0302,0.0108,0.32111,0.117,-0.00973,0.27074,0.8603
3083,680.5,33214211,2065797,0.466,0.334,13376,10702,14434,0.01003895,0,0,0.0588,0.106,0.2453,0.0559,0.01119,0.32235,0.11156,-0.00581,0.25218,0.86976
3084,681.3,33224919,2066455,0.456,0.333,13572,10708,14465,0.01003574,0,0,0.0613,0.1105,0.2502,0.0344,0.01126,0.32075,0.11907,-0.00818,0.27221,0.88223
3085,682.1,33235603,2067131,0.455,0.335,13521,10684,14427,0.01003252,0,0,0.0589,0.1028,0.2428,0.0507,0.01085,0.3236,0.11242,-0.01076,0.264,0.87921
3086,683.0,33246336,2067796,0.593,0.351,11373,10733,14466,0.01002932,0,0,0.078,0.1474,0.3016,0.0657,0.01313,0.33694,0.11392,-0.00963,0.26489,0.88668
3087,684.0,33257038,2068465,0.594,0.358,11252,10702,14406,0.0100261,0,0,0.0788,0.1543,0.3077,0.0528,0.01232,0.34423,0.12216,-0.00984,0.28171,0.88341
3088,684.9,33267779,2069124,0.578,0.36,11446,10741,14446,0.01002289,0,0,0.0814,0.1508,0.3014,0.0447,0.01319,0.34609,0.12401,-0.01059,0.28703,0.89028
3089,685.9,33278501,2069779,0.644,0.358,10697,10722,14427,0.01001967,0,0,0.0851,0.1612,0.3261,0.0716,0.01253,0.34491,0.11458,-0.00813,0.26323,0.88821
3090,686.8,33289164,2070450,0.551,0.329,12117,10663,14384,0.01001645,0,0,0.0754,0.1461,0.2923,0.0368,0.01145,0.31715,0.12305,-0.00802,0.27965,0.87377
3091,687.7,33299869,2071125,0.638,0.327,11093,10705,14459,0.01001325,0,0,0.0824,0.1635,0.3381,0.0541,0.01161,0.31439,0.1132,-0.00933,0.26288,0.88979
3092,688.6,33310556,2071792,0.524,0.326,12576,10687,14442,0.01001004,0,0,0.0728,0.1333,0.284,0.0339,0.01111,0.31408,0.11787,-0.00707,0.26763,0.88697
3093,689.4,33321249,2072443,0.515,0.322,12767,10693,14391,0.01000683,0,0,0.0689,0.1229,0.2669,0.0563,0.01104,0.3108,0.11988,-0.009,0.27509,0.86628
3094,690.3,33331989,2073118,0.508,0.32,12973,10740,14450,0.01000363,0,0,0.0715,0.1269,0.2681,0.0415,0.01165,0.3074,0.11446,-0.00617,0.25861,0.86691
3095,691.1,33342684,2073777,0.506,0.314,13029,10695,14434,0.0100004,0,0,0.0654,0.1262,0.2538,0.061,0.01121,0.30243,0.11592,-0.00841,0.26598,0.86607
3096,691.9,33353400,2074448,0.473,0.315,13613,10716,14458,0.00999719,0,0,0.0632,0.1111,0.2509,0.0473,0.01137,0.30245,0.12081,-0.00986,0.27846,0.85664
3097,692.7,33364115,2075125,0.507,0.315,13025,10715,14448,0.00999398,0,0,0.0659,0.1326,0.2689,0.04,0.01159,0.30274,0.10789,-0.00864,0.25077,0.88542
3098,693.5,33374841,2075797,0.517,0.315,12903,10726,14433,0.00999077,0,0,0.0694,0.1272,0.2754,0.0447,0.01164,0.30231,0.12787,-0.00785,0.28817,0.83788
3099,694.3,33385548,2076462,0.475,0.314,13581,10707,14430,0.00998755,0,0,0.0641,0.1123,0.2572,0.0409,0.01051,0.30277,0.119,-0.00798,0.27121,0.86308
3100,695.2,33396238,2077145,0.561,0.321,12123,10690,14416,0.00998434,0,0,0.0689,0.1238,0.2768,0.0913,0.01237,0.30791,0.12072,-0.01046,0.27965,0.86582
3101,696.1,33406921,2077809,0.579,0.318,11915,10683,14414,0.00998113,0,0,0.0725,0.1428,0.2762,0.0874,0.01243,0.30441,0.11425,-0.00884,0.26355,0.87025
3102,697.1,33417612,2078473,0.564,0.319,12106,10691,14416,0.00997792,0,0,0.0774,0.1474,0.2958,0.0439,0.0114,0.30632,0.11394,-0.00719,0.25981,0.87894
3103,697.9,33428284,2079109,0.559,0.319,12146,10672,14384,0.00997472,0,0,0.0706,0.1565,0.2829,0.0494,0.01117,0.3072,0.10269,-0.00556,0.23385,0.86978
3104,698.8,33439005,2079769,0.563,0.317,12189,10721,14472,0.00997151,0,0,0.0703,0.147,0.2825,0.0629,0.01151,0.3047,0.10989,-0.00917,0.25563,0.87798
3105,699.7,33449677,2080409,0.549,0.319,12294,10672,14407,0.0099683,0,0,0.0742,0.1431,0.2902,0.0415,0.01113,0.30702,0.11796,-0.00776,0.26861,0.86178
3106,700.5,33460366,2081060,0.54,0.318,12468,10689,14425,0.0099651,0,0,0.0723,0.1504,0.2816,0.0353,0.01262,0.30425,0.12053,-0.00813,0.27482,0.87833
3107,701.4,33471069,2081714,0.546,0.316,12420,10703,14432,0.00996189,0,0,0.0717,0.1394,0.2832,0.0517,0.01231,0.30273,0.11863,-0.00499,0.26484,0.88326
3108,702.2,33481729,2082371,0.456,0.315,13829,10660,14396,0.00995868,0,0,0.061,0.109,0.2405,0.0452,0.01123,0.30315,0.1186,-0.00824,0.27104,0.87173
3109,703.0,33492407,2083008,0.495,0.314,13202,10678,14415,0.00995548,0,0,0.0584,0.108,0.2483,0.0801,0.01119,0.30226,0.11405,-0.00792,0.26135,0.87507
3110,703.8,33503072,2083667,0.454,0.317,13824,10665,14394,0.00995228,0,0,0.0573,0.1017,0.2326,0.063,0.01087,0.30559,0.10756,-0.00433,0.24141,0.88491
3111,704.5,33513768,2084312,0.442,0.311,14212,10696,14426,0.00994908,0,0,0.0586,0.1101,0.2364,0.0365,0.01095,0.29947,0.11363,-0.00782,0.26015,0.86721
3112,705.3,33524514,2084964,0.421,0.313,14647,10746,14457,0.00994587,0,0,0.0565,0.1009,0.2322,0.0313,0.01069,0.3015,0.10803,-0.01015,0.25357,0.86536
3113,706.0,33535225,2085604,0.459,0.313,13869,10711,14430,0.00994265,0,0,0.0589,0.1066,0.2416,0.0518,0.01063,0.3023,0.11541,-0.00744,0.26319,0.87874
3114,706.8,33545937,2086245,0.426,0.314,14476,10712,14432,0.00993943,0,0,0.0575,0.1025,0.2344,0.0315,0.01143,0.30174,0.10955,-0.01044,0.25791,0.90181
3115,707.5,33556706,2086903,0.43,0.314,14488,10769,14498,0.00993622,0,0,0.0572,0.104,0.2362,0.0323,0.01084,0.30227,0.11095,-0.01035,0.26,0.87588
3116,708.2,33567464,2087559,0.423,0.314,14582,10758,14462,0.00993299,0,0,0.0569,0.0998,0.236,0.0307,0.01123,0.3026,0.11125,-0.00942,0.25872,0.87513
3117,709.0,33578168,2088219,0.468,0.315,13665,10704,14426,0.00992976,0,0,0.0601,0.1067,0.2408,0.0606,0.01091,0.30337,0.099,-0.0079,0.23119,0.87568
3118,709.9,33588894,2088874,0.478,0.344,13060,10726,14451,0.00992655,0,0,0.0669,0.1235,0.251,0.0364,0.01226,0.3305,0.10943,-0.00526,0.24673,0.87458
3119,710.7,33599633,2089535,0.518,0.33,12664,10739,14483,0.00992333,0,0,0.0708,0.1354,0.2683,0.0439,0.01177,0.31717,0.10985,-0.00757,0.25226,0.87827
3120,711.5,33610365,2090208,0.512,0.326,12800,10732,14458,0.00992011,0,0,0.0684,0.1268,0.2739,0.0434,0.01114,0.31378,0.1021,-0.00986,0.24129,0.87559
3121,712.4,33621088,2090869,0.508,0.333,12755,10723,14459,0.00991689,0,0,0.0664,0.1242,0.2646,0.0524,0.01261,0.31941,0.10104,-0.00796,0.23519,0.86599
3122,713.5,33631821,2091544,0.777,0.333,9670,10733,14447,0.00991367,0,0,0.0905,0.2005,0.3452,0.1409,0.01177,0.32002,0.11301,-0.00759,0.25835,0.86478
3123,714.5,33642535,2092217,0.679,0.325,10667,10714,14441,0.00991045,0,0,0.0821,0.1753,0.3191,0.1024,0.01135,0.31333,0.1055,-0.00939,0.2474,0.8891
3124,715.5,33653228,2092886,0.708,0.331,10301,10693,14413,0.00990724,0,0,0.086,0.1739,0.3453,0.1023,0.01169,0.31822,0.10061,-0.00795,0.23493,0.89943
3125,716.6,33663958,2093539,0.734,0.343,9964,10730,14450,0.00990403,0,0,0.0861,0.193,0.318,0.1369,0.01345,0.3275,0.09781,-0.00768,0.22847,0.88236
3126,717.6,33674680,2094195,0.636,0.35,10873,10722,14465,0.00990081,0,0,0.0824,0.1601,0.3161,0.0776,0.01279,0.33608,0.11759,-0.00917,0.27125,0.89554
3127,718.5,33685379,2094850,0.61,0.314,11572,10699,14440,0.0098976,0,0,0.081,0.1527,0.2995,0.0772,0.01143,0.30215,0.10114,-0.00833,0.2367,0.89698
3128,719.4,33696097,2095510,0.573,0.316,12044,10718,14452,0.00989439,0,0,0.0751,0.1406,0.2792,0.0784,0.01193,0.3038,0.09548,-0.00748,0.2239,0.90929
3129,720.3,33706780,2096160,0.576,0.315,11992,10683,14402,0.00989117,0,0,0.0744,0.1598,0.3017,0.0403,0.01225,0.30164,0.10563,-0.00937,0.24785,0.90277
3130,721.2,33717463,2096806,0.546,0.317,12378,10683,14397,0.00988797,0,0,0.0731,0.1455,0.2868,0.0406,0.01185,0.30424,0.10744,-0.00965,0.25246,0.92437
3131,722.2,33728211,2097431,0.672,0.316,10880,10748,14447,0.00988476,0,0,0.0826,0.1687,0.3236,0.0972,0.0118,0.30304,0.11183,-0.01054,0.26233,0.89029
3132,723.1,33738946,2098077,0.577,0.318,11985,10735,14467,0.00988154,0,0,0.0704,0.1556,0.2867,0.0645,0.01284,0.30487,0.1,-0.01024,0.23855,0.91469
3133,723.9,33749655,2098719,0.54,0.318,12495,10709,14431,0.00987832,0,0,0.073,0.1241,0.2707,0.0717,0.01145,0.30548,0.1172,-0.00512,0.26263,0.91079
3134,724.9,33760409,2099347,0.629,0.322,11311,10754,14446,0.0098751,0,0,0.0732,0.144,0.294,0.1175,0.01189,0.30922,0.11347,-0.01063,0.26604,0.90264
3135,725.9,33771126,2099986,0.673,0.321,10783,10717,14414,0.00987188,0,0,0.0832,0.1807,0.3446,0.0647,0.01288,0.30702,0.11367,-0.00865,0.26264,0.91155
3136,726.8,33781872,2100609,0.623,0.319,11404,10746,14444,0.00986866,0,0,0.0871,0.1693,0.3198,0.0473,0.01171,0.30633,0.11196,-0.00941,0.26045,0.8979
3137,727.8,33792618,2101257,0.692,0.322,10599,10746,14479,0.00986544,0,0,0.0873,0.1828,0.3265,0.0957,0.01319,0.30739,0.10979,-0.01221,0.26209,0.91676
3138,728.7,33803343,2101907,0.596,0.317,11747,10725,14472,0.00986221,0,0,0.0821,0.1616,0.3104,0.0414,0.01241,0.3042,0.1119,-0.00938,0.2605,0.90969
3139,729.7,33814055,2102538,0.636,0.32,11204,10712,14456,0.009859,0,0,0.0817,0.1777,0.3177,0.0594,0.01193,0.30689,0.12101,-0.00901,0.27821,0.92184
3140,730.6,33824786,2103177,0.629,0.319,11323,10731,14441,0.00985578,0,0,0.0864,0.1698,0.3068,0.0662,0.01303,0.30481,0.11878,-0.01192,0.27921,0.9032
3141,731.6,33835557,2103826,0.657,0.323,11001,10771,14498,0.00985256,0,0,0.0856,0.1805,0.3261,0.0643,0.01225,0.30928,0.12421,-0.01104,0.28776,0.87582
3142,732.8,33846296,2104474,0.846,0.318,9225,10739,14442,0.00984933,0,0,0.1071,0.2269,0.3848,0.1271,0.01184,0.30539,0.11264,-0.00879,0.26049,0.89574
3143,733.9,33857049,2105119,0.778,0.324,9753,10753,14467,0.00984611,0,0,0.0944,0.236,0.3994,0.0486,0.01134,0.31204,0.10826,-0.01093,0.2558,0.88491
3144,734.8,33867799,2105749,0.646,0.325,11067,10750,14469,0.00984289,0,0,0.0822,0.1629,0.3143,0.0865,0.01175,0.31286,0.11293,-0.01018,0.26384,0.8948
3145,735.9,33878558,2106387,0.719,0.33,10257,10759,14488,0.00983966,0,0,0.1082,0.1888,0.3568,0.065,0.01353,0.31579,0.11366,-0.0064,0.25771,0.89382
3146,737.0,33889266,2107018,0.761,0.33,9815,10708,14423,0.00983643,0,0,0.1055,0.2025,0.3646,0.0879,0.01357,0.31544,0.12008,-0.00814,0.27417,0.90128
3147,738.0,33899970,2107668,0.729,0.328,10126,10704,14418,0.00983322,0,0,0.0868,0.2026,0.3437,0.0955,0.0118,0.31576,0.11297,-0.0053,0.25457,0.91603
3148,739.1,33910694,2108308,0.741,0.329,10028,10724,14464,0.00983001,0,0,0.0894,0.2038,0.3671,0.0806,0.01199,0.31572,0.11547,-0.00692,0.26233,0.89377
3149,740.1,33921425,2108938,0.612,0.324,11462,10731,14435,0.00982679,0,0,0.0814,0.1583,0.2979,0.0748,0.01236,0.311,0.11063,-0.00609,0.25077,0.88215
3150,740.9,33932204,2109583,0.528,0.325,12632,10779,14485,0.00982357,0,0,0.0695,0.1337,0.2733,0.0517,0.01258,0.31184,0.10753,-0.00871,0.2499,0.88667
3151,741.9,33942920,2110203,0.64,0.343,10902,10716,14462,0.00982034,0,0,0.0806,0.1677,0.3103,0.0818,0.01261,0.32941,0.10697,-0.0093,0.25014,0.89639
3152,742.9,33953642,2110840,0.554,0.322,12241,10722,14422,0.00981712,0,0,0.0707,0.1452,0.2892,0.0488,0.01143,0.30976,0.11298,-0.00657,0.2564,0.88119
3153,743.7,33964377,2111485,0.51,0.323,12887,10735,14465,0.00981391,0,0,0.0656,0.1191,0.2574,0.0675,0.01152,0.31074,0.11366,-0.00923,0.26298,0.87563
3154,744.7,33975149,2112123,0.681,0.328,10672,10772,14487,0.00981069,0,0,0.0904,0.1779,0.328,0.0852,0.01287,0.31373,0.10916,-0.00834,0.25212,0.87181
3155,745.7,33985847,2112780,0.67,0.323,10771,10698,14421,0.00980746,0,0,0.0744,0.1789,0.2876,0.1296,0.0113,0.31058,0.1085,-0.01064,0.25545,0.87565
3156,746.6,33996593,2113414,0.541,0.32,12480,10746,14448,0.00980425,0,0,0.0713,0.1425,0.2833,0.0436,0.01188,0.30724,0.10882,-0.00861,0.25213,0.87969
3157,747.5,34007317,2114059,0.563,0.329,12011,10724,14403,0.00980102,0,0,0.0753,0.1427,0.2827,0.0626,0.01168,0.31708,0.12138,-0.00968,0.27858,0.84004
3158,748.4,34017947,2114714,0.608,0.344,11166,10630,14361,0.0097978,0,0,0.082,0.1564,0.3092,0.0603,0.01262,0.33066,0.11679,-0.00921,0.26914,0.87457
3159,749.4,34028652,2115387,0.632,0.351,10891,10705,14430,0.00979462,0,0,0.0791,0.1568,0.2983,0.0979,0.01269,0.33695,0.11105,-0.01038,0.26031,0.89077
3160,750.2,34039355,2116039,0.528,0.327,12513,10703,14430,0.0097914,0,0,0.0702,0.1319,0.2812,0.0447,0.01251,0.31408,0.10597,-0.00555,0.24035,0.88348
3161,751.0,34050059,2116701,0.48,0.322,13336,10704,14399,0.00978819,0,0,0.0643,0.1168,0.262,0.0373,0.01197,0.30957,0.11876,-0.00743,0.26978,0.8881
3162,751.9,34060783,2117359,0.496,0.315,13225,10724,14438,0.00978498,0,0,0.0681,0.1192,0.2762,0.0322,0.01147,0.303,0.11943,-0.00813,0.27253,0.88963
3163,752.7,34071490,2118009,0.486,0.317,13344,10707,14439,0.00978177,0,0,0.0642,0.1157,0.2576,0.0484,0.01143,0.30458,0.10646,-0.0098,0.24949,0.86662
3164,753.5,34082244,2118661,0.507,0.315,13073,10754,14487,0.00977855,0,0,0.0711,0.1241,0.2732,0.0388,0.0113,0.30344,0.10464,-0.01044,0.24707,0.86429
3165,754.3,34092903,2119339,0.519,0.312,12823,10659,14389,0.00977533,0,0,0.0656,0.1185,0.2587,0.0767,0.01089,0.3003,0.10139,-0.00917,0.23843,0.88576
3166,755.1,34103583,2119971,0.482,0.315,13405,10680,14367,0.00977213,0,0,0.066,0.1161,0.2617,0.038,0.01099,0.30345,0.10862,-0.00843,0.25099,0.86438
3167,755.9,34114323,2120630,0.496,0.313,13265,10740,14438,0.00976893,0,0,0.0671,0.1283,0.2617,0.0391,0.01124,0.30167,0.10655,-0.00924,0.24833,0.85681
3168,756.7,34125038,2121293,0.5,0.313,13177,10715,14413,0.0097657,0,0,0.069,0.115,0.2643,0.0518,0.01071,0.30126,0.10335,-0.00733,0.23826,0.86545
3169,757.6,34135731,2121949,0.52,0.315,12802,10693,14399,0.00976249,0,0,0.0694,0.1354,0.2729,0.0424,0.01173,0.30277,0.09336,-0.00928,0.22193,0.85217
3170,758.4,34146467,2122586,0.498,0.32,13118,10736,14433,0.00975928,0,0,0.0681,0.1269,0.2658,0.0376,0.01201,0.30713,0.10588,-0.00872,0.24615,0.86843
3171,759.3,34157183,2123244,0.578,0.317,11971,10716,14444,0.00975606,0,0,0.0828,0.1426,0.2915,0.061,0.01295,0.30313,0.10532,-0.01052,0.24868,0.87163
3172,760.2,34167900,2123909,0.564,0.317,12165,10717,14436,0.00975285,0,0,0.0704,0.1435,0.3088,0.0413,0.01129,0.30512,0.11129,-0.01112,0.2622,0.89022
3173,761.0,34178611,2124577,0.501,0.314,13140,10711,14405,0.00974963,0,0,0.0659,0.1151,0.2613,0.0591,0.01101,0.30204,0.11905,-0.01041,0.27631,0.89194
3174,761.8,34189287,2125248,0.541,0.313,12499,10676,14406,0.00974642,0,0,0.0696,0.1331,0.2771,0.0612,0.01198,0.30053,0.11821,-0.0085,0.27094,0.89867
3175,762.7,34199902,2125914,0.518,0.315,12732,10615,14324,0.00974321,0,0,0.0682,0.1307,0.2744,0.045,0.01167,0.303,0.09934,-0.00906,0.23405,0.88537
3176,763.5,34210575,2126588,0.507,0.317,12954,10673,14386,0.00974003,0,0,0.0657,0.1252,0.2661,0.0496,0.01137,0.30531,0.11091,-0.0083,0.25551,0.87744
3177,764.3,34221235,2127257,0.489,0.314,13266,10660,14385,0.00973683,0,0,0.0658,0.121,0.2618,0.0408,0.0112,0.30223,0.11388,-0.00879,0.26249,0.8809
3178,765.1,34231857,2127925,0.517,0.322,12662,10622,14353,0.00973363,0,0,0.0711,0.1353,0.2721,0.0385,0.01253,0.30863,0.1185,-0.00473,0.264,0.90059
3179,766.0,34242543,2128581,0.552,0.315,12329,10686,14405,0.00973044,0,0,0.0698,0.1343,0.2752,0.0727,0.01103,0.30301,0.11719,-0.00862,0.26825,0.85364
3180,766.8,34253203,2129259,0.501,0.315,13064,10660,14394,0.00972724,0,0,0.0665,0.1227,0.2733,0.0381,0.01115,0.30357,0.1135,-0.00925,0.26193,0.84414
3181,767.7,34263876,2129910,0.509,0.32,12873,10673,14404,0.00972404,0,0,0.0675,0.1196,0.2689,0.0535,0.01194,0.30674,0.12031,-0.0093,0.27569,0.84683
3182,768.5,34274564,2130569,0.531,0.316,12621,10688,14385,0.00972084,0,0,0.066,0.1223,0.2667,0.0758,0.0113,0.30392,0.11692,-0.00959,0.26969,0.85826
3183,769.3,34285263,2131218,0.521,0.316,12774,10699,14409,0.00971763,0,0,0.0669,0.1342,0.2691,0.051,0.01148,0.3044,0.10428,-0.00705,0.23902,0.84089
3184,770.2,34295967,2131876,0.532,0.321,12547,10704,14419,0.00971442,0,0,0.0708,0.1384,0.2782,0.0442,0.01168,0.30906,0.11917,-0.00603,0.26721,0.86582
3185,771.1,34306655,2132525,0.539,0.32,12446,10688,14394,0.00971121,0,0,0.0672,0.1243,0.264,0.0831,0.0123,0.30716,0.13479,-0.00758,0.30154,0.8648
3186,771.9,34317319,2133193,0.513,0.318,12833,10664,14400,0.009708,0,0,0.0687,0.1359,0.2729,0.0359,0.01132,0.30566,0.12323,-0.00692,0.27757,0.88938
3187,772.7,34328014,2133861,0.492,0.315,13265,10695,14416,0.0097048,0,0,0.0681,0.1241,0.2636,0.0359,0.0113,0.3026,0.10941,-0.00785,0.25122,0.86061
3188,773.5,34338687,2134509,0.514,0.316,12858,10673,14394,0.0097016,0,0,0.0687,0.1281,0.2627,0.0549,0.0117,0.30312,0.11317,-0.00925,0.26205,0.88666
3189,774.4,34349419,2135164,0.526,0.337,12442,10732,14450,0.00969839,0,0,0.0671,0.1286,0.2722,0.0577,0.01164,0.32471,0.11732,-0.00924,0.27019,0.87974
3190,775.2,34360141,2135820,0.519,0.34,12479,10722,14470,0.00969517,0,0,0.0685,0.1237,0.2825,0.0445,0.01217,0.32723,0.11977,-0.00731,0.27162,0.90044
3191,776.1,34370841,2136467,0.543,0.34,12119,10700,14419,0.00969196,0,0,0.0676,0.1312,0.2673,0.0766,0.01229,0.32712,0.10084,-0.0077,0.23468,0.90782
3192,777.0,34381535,2137121,0.519,0.34,12440,10694,14419,0.00968875,0,0,0.07,0.1316,0.2739,0.044,0.01178,0.3277,0.10359,-0.00792,0.24022,0.88772
3193,777.9,34392297,2137769,0.542,0.341,12182,10762,14486,0.00968554,0,0,0.0682,0.1196,0.2676,0.0868,0.01189,0.32872,0.11807,-0.00912,0.27219,0.91858
3194,778.7,34403030,2138418,0.511,0.34,12613,10733,14440,0.00968231,0,0,0.0687,0.1256,0.2762,0.0407,0.01156,0.32764,0.12007,-0.01032,0.27774,0.87651
3195,779.6,34413758,2139083,0.572,0.341,11741,10728,14453,0.00967909,0,0,0.0696,0.1487,0.2792,0.0748,0.01196,0.32808,0.10441,-0.00919,0.24397,0.86629
3196,780.6,34424491,2139741,0.62,0.342,11148,10733,14426,0.00967587,0,0,0.0785,0.155,0.2954,0.0915,0.01181,0.3296,0.12514,-0.00826,0.28371,0.87406
3197,781.6,34435218,2140408,0.608,0.346,11245,10727,14433,0.00967265,0,0,0.0714,0.1435,0.2797,0.1135,0.01207,0.33245,0.10323,-0.00998,0.24353,0.88403
3198,782.5,34445915,2141072,0.651,0.319,11034,10697,14416,0.00966943,0,0,0.0852,0.1879,0.3272,0.0504,0.01176,0.30637,0.10797,-0.00904,0.25099,0.87774
3199,783.5,34456625,2141763,0.615,0.318,11475,10710,14446,0.00966623,0,0,0.0744,0.1619,0.2983,0.0804,0.01158,0.30607,0.11316,-0.00945,0.26261,0.89956
3200,784.3,34467339,2142413,0.524,0.315,12781,10714,14440,0.00966301,0,0,0.0688,0.1324,0.2758,0.0467,0.0113,0.30251,0.11754,-0.00788,0.26757,0.8655
3201,785.6,34477995,2143077,0.607,0.322,11467,10656,14400,0.0096598,0,0,0.0751,0.1491,0.3032,0.0798,0.01227,0.30905,0.10929,-0.00991,0.25544,0.88232
3202,786.6,34488685,2143731,0.553,0.321,12232,10690,14375,0.0096566,0,0,0.0711,0.1429,0.2921,0.0472,0.01229,0.30679,0.11545,-0.008,0.26386,0.87829
3203,787.5,34499403,2144362,0.546,0.322,12355,10718,14453,0.00965339,0,0,0.0729,0.1464,0.281,0.0453,0.01156,0.30946,0.10701,-0.01032,0.25174,0.88388
3204,788.3,34510104,2145000,0.525,0.322,12640,10701,14404,0.00965018,0,0,0.0677,0.1337,0.2824,0.041,0.01245,0.30838,0.12894,-0.01054,0.29591,0.87812
3205,789.2,34520793,2145643,0.562,0.315,12185,10689,14423,0.00964697,0,0,0.0662,0.1342,0.2773,0.0842,0.0115,0.30284,0.1157,-0.0112,0.27063,0.87198
3206,790.1,34531498,2146303,0.547,0.347,11984,10705,14415,0.00964376,0,0,0.0745,0.1359,0.2864,0.0498,0.01215,0.3336,0.10215,-0.01041,0.24259,0.90581
3207,791.0,34542188,2146949,0.569,0.316,12076,10690,14396,0.00964055,0,0,0.0725,0.1509,0.3001,0.0453,0.0122,0.30361,0.11598,-0.01093,0.27074,0.87782
3208,791.8,34552904,2147577,0.555,0.318,12288,10716,14440,0.00963734,0,0,0.0718,0.1383,0.2922,0.0523,0.01173,0.3051,0.10965,-0.01035,0.25692,0.87757
3209,792.7,34563594,2148213,0.546,0.314,12437,10690,14379,0.00963413,0,0,0.0707,0.145,0.2843,0.0457,0.01087,0.30203,0.11572,-0.00854,0.26585,0.89962
3210,793.8,34574310,2148856,0.732,0.327,10123,10716,14414,0.00963092,0,0,0.0869,0.2069,0.3906,0.0472,0.01313,0.31305,0.10944,-0.00941,0.25502,0.89969
3211,794.7,34585054,2149494,0.573,0.328,11928,10744,14452,0.00962771,0,0,0.0685,0.1257,0.2956,0.083,0.01183,0.31544,0.12439,-0.0109,0.28774,0.89032
3212,795.5,34595728,2150131,0.534,0.325,12423,10674,14394,0.00962448,0,0,0.0745,0.1266,0.2861,0.047,0.01201,0.31243,0.12043,-0.00983,0.27839,0.92786
3213,796.4,34606426,2150762,0.552,0.355,11787,10698,14414,0.00962128,0,0,0.0657,0.139,0.2944,0.0533,0.01267,0.34166,0.11697,-0.01193,0.27538,0.91329
3214,797.4,34617139,2151410,0.611,0.355,11088,10713,14413,0.00961807,0,0,0.072,0.1343,0.3117,0.0928,0.01321,0.34154,0.11193,-0.00962,0.26004,0.87995
3215,798.3,34627848,2152063,0.584,0.343,11543,10709,14414,0.00961486,0,0,0.0784,0.1542,0.2984,0.0533,0.01374,0.32906,0.10923,-0.01025,0.25593,0.88277
3216,799.2,34638558,2152681,0.539,0.328,12345,10710,14392,0.00961165,0,0,0.0718,0.1485,0.2759,0.0429,0.01196,0.3159,0.11576,-0.00791,0.26455,0.89532
3217,800.1,34649284,2153322,0.552,0.329,12168,10726,14441,0.00960843,0,0,0.066,0.1301,0.2785,0.0778,0.01311,0.3154,0.11781,-0.00844,0.26972,0.89568
3218,801.0,34659989,2153973,0.606,0.331,11430,10705,14440,0.00960521,0,0,0.0753,0.1539,0.3141,0.0625,0.01227,0.31748,0.09501,-0.00832,0.22458,0.93293
3219,801.9,34670660,2154611,0.563,0.328,11984,10671,14378,0.009602,0,0,0.0708,0.1433,0.2988,0.0498,0.01215,0.3148,0.11743,-0.01029,0.27231,0.87836
3220,802.9,34681380,2155246,0.666,0.33,10764,10720,14438,0.0095988,0,0,0.0807,0.1736,0.3352,0.0762,0.01228,0.31696,0.11818,-0.00636,0.26612,0.88813
3221,803.8,34692107,2155856,0.608,0.319,11570,10727,14430,0.00959559,0,0,0.0753,0.1548,0.3097,0.0679,0.01233,0.30623,0.10472,-0.00892,0.24444,0.89414
3222,804.7,34702779,2156477,0.574,0.347,11600,10672,14367,0.00959237,0,0,0.0764,0.1399,0.3024,0.0549,0.01199,0.3338,0.11402,-0.00773,0.26019,0.8693
3223,805.7,34713500,2157101,0.63,0.344,11005,10721,14404,0.00958917,0,0,0.0792,0.1598,0.3136,0.0775,0.01299,0.33048,0.10662,-0.01029,0.25085,0.88729
3224,806.7,34724203,2157748,0.618,0.323,11376,10703,14417,0.00958595,0,0,0.0824,0.16,0.3291,0.0466,0.01272,0.30912,0.12591,-0.00891,0.28646,0.8769
3225,807.6,34734941,2158363,0.614,0.327,11410,10738,14428,0.00958274,0,0,0.0735,0.1434,0.3003,0.0971,0.01311,0.31298,0.12054,-0.01082,0.27931,0.866
3226,808.5,34745640,2158999,0.564,0.332,11946,10699,14398,0.00957952,0,0,0.0744,0.1511,0.2942,0.0438,0.01274,0.31837,0.11034,-0.00892,0.25526,0.87382
3227,809.5,34756313,2159651,0.713,0.33,10234,10673,14382,0.00957631,0,0,0.0975,0.2082,0.3483,0.0587,0.01205,0.3172,0.11859,-0.01059,0.27492,0.86402
3228,810.5,34766977,2160296,0.626,0.326,11205,10664,14378,0.00957311,0,0,0.0805,0.162,0.3138,0.0696,0.0124,0.31292,0.10977,-0.00733,0.25091,0.87199
3229,811.4,34777680,2160954,0.59,0.323,11714,10703,14405,0.00956991,0,0,0.0771,0.1542,0.2908,0.0683,0.01236,0.31,0.11646,-0.01049,0.2706,0.87271
3230,812.4,34788346,2161598,0.611,0.348,11116,10666,14376,0.0095667,0,0,0.0805,0.1696,0.3107,0.0503,0.01296,0.33479,0.11983,-0.00911,0.27458,0.873
3231,813.4,34799062,2162245,0.658,0.35,10630,10716,14402,0.0095635,0,0,0.0818,0.1635,0.317,0.0958,0.01316,0.33582,0.10456,-0.01007,0.24624,0.8875
3232,814.3,34809764,2162892,0.594,0.336,11504,10702,14403,0.00956028,0,0,0.0776,0.1498,0.3124,0.0541,0.01328,0.32248,0.11303,-0.0077,0.25861,0.89606
3233,815.1,34820490,2163524,0.512,0.322,12864,10726,14416,0.00955707,0,0,0.0705,0.131,0.2663,0.0443,0.01073,0.31019,0.12505,-0.01075,0.28896,0.90842
3234,815.9,34831191,2164159,0.488,0.32,13237,10701,14421,0.00955385,0,0,0.0646,0.1191,0.2609,0.0434,0.0113,0.30853,0.10986,-0.01124,0.25931,0.89637
3235,816.8,34841885,2164802,0.498,0.327,12961,10694,14394,0.00955064,0,0,0.0664,0.1212,0.2597,0.0509,0.01356,0.31246,0.12021,-0.0107,0.27886,0.89194
3236,817.6,34852584,2165440,0.501,0.326,12939,10699,14411,0.00954743,0,0,0.0679,0.1231,0.2678,0.042,0.01157,0.31341,0.10865,-0.0102,0.25497,0.90471
3237,818.6,34863289,2166083,0.665,0.325,10821,10705,14417,0.00954422,0,0,0.0734,0.1571,0.3154,0.1188,0.01252,0.31112,0.11716,-0.0102,0.27139,0.87315
3238,819.5,34874015,2166748,0.597,0.319,11712,10726,14437,0.00954101,0,0,0.0739,0.1331,0.2982,0.0918,0.01139,0.3066,0.11521,-0.00733,0.26231,0.90383
3239,820.4,34884752,2167396,0.592,0.327,11680,10737,14440,0.0095378,0,0,0.0798,0.1596,0.3024,0.05,0.01277,0.31367,0.11643,-0.0089,0.26754,0.88471
3240,821.3,34895435,2168034,0.582,0.325,11772,10683,14401,0.00953457,0,0,0.0745,0.1347,0.2863,0.0868,0.01096,0.3135,0.11427,-0.00762,0.26059,0.88204
3241,822.2,34906100,2168677,0.549,0.324,12217,10665,14397,0.00953137,0,0,0.0721,0.1406,0.2892,0.0467,0.01188,0.31139,0.10827,-0.00909,0.25203,0.9078
3242,823.1,34916771,2169323,0.583,0.327,11725,10671,14414,0.00952817,0,0,0.0738,0.1525,0.3052,0.0519,0.01247,0.31318,0.10461,-0.01074,0.24785,0.89972
3243,824.1,34927451,2169987,0.63,0.325,11184,10680,14391,0.00952497,0,0,0.078,0.1618,0.3043,0.0861,0.0114,0.31279,0.1101,-0.00857,0.25442,0.8973
3244,824.9,34938161,2170610,0.546,0.294,12760,10710,14420,0.00952176,0,0,0.0703,0.138,0.3003,0.0372,0.01128,0.28177,0.12684,-0.00933,0.28968,0.91067
3245,825.7,34948845,2171247,0.506,0.292,13391,10684,14385,0.00951855,0,0,0.0664,0.1247,0.2705,0.0446,0.01113,0.27986,0.11402,-0.00968,0.26464,0.90566
3246,826.6,34959510,2171892,0.564,0.301,12329,10665,14377,0.00951535,0,0,0.0704,0.1384,0.2819,0.0729,0.01113,0.28927,0.12019,-0.01166,0.28046,0.88066
3247,827.4,34970136,2172531,0.538,0.296,12732,10626,14309,0.00951215,0,0,0.0689,0.1427,0.2796,0.047,0.01163,0.2838,0.11843,-0.00953,0.27248,0.87073
3248,828.3,34980813,2173155,0.541,0.324,12353,10677,14369,0.00950896,0,0,0.07,0.1448,0.288,0.0379,0.01111,0.31186,0.12695,-0.00958,0.28938,0.85837
3249,829.2,34991476,2173804,0.589,0.327,11641,10663,14375,0.00950576,0,0,0.0714,0.1457,0.2876,0.0845,0.01145,0.31462,0.12921,-0.00639,0.28767,0.86664
3250,830.2,35002106,2174435,0.612,0.355,10991,10630,14348,0.00950256,0,0,0.077,0.164,0.3143,0.0572,0.0139,0.34006,0.12751,-0.00817,0.28822,0.88686
3251,831.1,35012792,2175051,0.59,0.333,11576,10686,14357,0.00949937,0,0,0.0727,0.1563,0.2985,0.0628,0.01172,0.32033,0.12102,-0.00881,0.27545,0.83198
3252,832.0,35023545,2175663,0.548,0.325,12308,10753,14391,0.00949616,0,0,0.0706,0.1336,0.297,0.0472,0.01173,0.31283,0.1399,-0.0071,0.30969,0.8263
3253,833.1,35034288,2176274,0.679,0.33,10651,10743,14406,0.00949294,0,0,0.0809,0.175,0.3095,0.1138,0.01131,0.31757,0.13177,-0.00834,0.29562,0.81119
3254,833.9,35045077,2176914,0.511,0.325,12900,10789,14438,0.00948971,0,0,0.0637,0.1149,0.2528,0.0796,0.01117,0.31341,0.13558,-0.01068,0.3082,0.82669
3255,834.8,35055800,2177534,0.572,0.325,11953,10723,14343,0.00948648,0,0,0.0666,0.142,0.2733,0.0901,0.01112,0.31325,0.14152,-0.00987,0.31834,0.81987
3256,835.6,35066599,2178148,0.5,0.324,13109,10799,14453,0.00948326,0,0,0.0661,0.125,0.2694,0.039,0.01128,0.31219,0.12372,-0.01057,0.28455,0.8425
3257,836.4,35077440,2178784,0.492,0.325,13273,10841,14482,0.00948002,0,0,0.0652,0.1256,0.2622,0.0389,0.01076,0.31345,0.12434,-0.01117,0.28697,0.84128
3258,837.2,35088211,2179415,0.474,0.325,13481,10771,14427,0.00947677,0,0,0.0635,0.1243,0.2528,0.0336,0.0114,0.31281,0.13182,-0.00827,0.29603,0.83699
3259,838.0,35099011,2180032,0.486,0.325,13315,10800,14449,0.00947354,0,0,0.064,0.1181,0.2629,0.0411,0.01107,0.31321,0.1194,-0.00889,0.27196,0.81143
3260,838.9,35109845,2180656,0.485,0.322,13427,10834,14471,0.0094703,0,0,0.0644,0.1213,0.2613,0.0378,0.01102,0.31047,0.1305,-0.00891,0.29466,0.83706
3261,839.7,35120680,2181284,0.536,0.322,12632,10835,14519,0.00946705,0,0,0.0656,0.1243,0.2698,0.0761,0.011,0.3103,0.12514,-0.0099,0.28623,0.85278
3262,840.5,35131500,2181906,0.481,0.327,13393,10820,14457,0.0094638,0,0,0.064,0.1225,0.2561,0.0386,0.01218,0.31392,0.12761,-0.00892,0.28932,0.8586
3263,841.3,35142347,2182532,0.488,0.331,13246,10847,14504,0.00946055,0,0,0.0647,0.1222,0.2572,0.0443,0.01218,0.31767,0.12095,-0.0083,0.27448,0.84476
3264,842.2,35153169,2183151,0.494,0.33,13137,10822,14461,0.0094573,0,0,0.0637,0.1226,0.2616,0.0464,0.01152,0.3167,0.11958,-0.00609,0.26682,0.81872
3265,843.0,35163988,2183763,0.493,0.331,13133,10819,14449,0.00945405,0,0,0.0643,0.1268,0.2591,0.0425,0.01099,0.31937,0.11368,-0.00721,0.2578,0.84728
3266,843.8,35174832,2184410,0.488,0.329,13273,10844,14503,0.0094508,0,0,0.0637,0.1241,0.2625,0.038,0.01192,0.31617,0.11139,-0.00985,0.25882,0.86473
3267,844.7,35185636,2185041,0.521,0.335,12623,10804,14461,0.00944755,0,0,0.068,0.1303,0.2705,0.0521,0.01168,0.32275,0.11447,-0.0116,0.26832,0.85599
3268,845.6,35196453,2185678,0.554,0.353,11932,10817,14500,0.00944431,0,0,0.0707,0.1401,0.2992,0.0439,0.01259,0.33952,0.11466,-0.00984,0.26554,0.87522
3269,846.4,35207280,2186312,0.554,0.329,12264,10827,14470,0.00944106,0,0,0.0701,0.1278,0.2794,0.0766,0.01209,0.31618,0.11515,-0.01108,0.269,0.87585
3270,847.3,35218097,2186972,0.492,0.322,13290,10817,14504,0.00943782,0,0,0.0656,0.1205,0.2526,0.0528,0.01126,0.31034,0.10594,-0.00917,0.24649,0.86147
3271,848.1,35228874,2187606,0.491,0.321,13272,10777,14447,0.00943457,0,0,0.0622,0.1236,0.2493,0.0556,0.01079,0.31,0.11274,-0.00828,0.25795,0.84304
3272,848.9,35239693,2188255,0.5,0.324,13140,10819,14485,0.00943134,0,0,0.0663,0.1236,0.2533,0.0564,0.01093,0.312,0.1199,-0.00922,0.27401,0.83655
3273,849.8,35250543,2188895,0.536,0.323,12624,10850,14506,0.00942809,0,0,0.0738,0.1403,0.2801,0.042,0.01129,0.3113,0.12255,-0.00888,0.27851,0.82962
3274,850.6,35261418,2189542,0.495,0.323,13306,10875,14538,0.00942484,0,0,0.0676,0.1309,0.2613,0.0349,0.01128,0.31074,0.12781,-0.00854,0.28878,0.85303
3275,851.5,35272234,2190187,0.561,0.322,12250,10816,14481,0.00942157,0,0,0.0692,0.1304,0.2837,0.0774,0.01089,0.31068,0.13518,-0.00928,0.30428,0.81582
3276,852.3,35283038,2190850,0.518,0.321,12882,10804,14487,0.00941833,0,0,0.0718,0.1325,0.2701,0.0432,0.01059,0.30977,0.12495,-0.01129,0.28801,0.82445
3277,853.1,35293879,2191510,0.518,0.323,12896,10841,14508,0.00941509,0,0,0.0699,0.1218,0.2632,0.063,0.01173,0.31045,0.14349,-0.00862,0.32001,0.83831
3278,854.0,35304734,2192156,0.55,0.323,12429,10855,14512,0.00941184,0,0,0.0683,0.1305,0.2673,0.0838,0.01126,0.31157,0.12526,-0.01061,0.28707,0.81443
3279,854.9,35315520,2192808,0.538,0.32,12581,10786,14462,0.00940858,0,0,0.0733,0.1464,0.2715,0.0465,0.01166,0.30718,0.11395,-0.01011,0.2635,0.81704
3280,855.7,35326323,2193469,0.506,0.32,13077,10803,14453,0.00940534,0,0,0.0686,0.1346,0.2669,0.0359,0.01142,0.30792,0.12575,-0.0092,0.28496,0.80019
3281,856.6,35337127,2194131,0.613,0.322,11561,10804,14454,0.0094021,0,0,0.073,0.1525,0.291,0.0964,0.01223,0.30794,0.12031,-0.01037,0.27672,0.8171
3282,857.5,35347930,2194785,0.589,0.322,11859,10803,14463,0.00939886,0,0,0.0782,0.1663,0.2997,0.045,0.01215,0.30874,0.13551,-0.0094,0.30508,0.81273
3283,858.5,35358720,2195446,0.602,0.321,11685,10790,14444,0.00939562,0,0,0.0813,0.1676,0.3064,0.0467,0.01194,0.30861,0.11457,-0.00916,0.26283,0.81792
3284,859.4,35369511,2196115,0.608,0.321,11619,10791,14456,0.00939238,0,0,0.0799,0.1512,0.3057,0.0711,0.01172,0.30824,0.11493,-0.00933,0.26397,0.82286
3285,860.4,35380312,2196787,0.695,0.322,10622,10801,14476,0.00938915,0,0,0.0887,0.1803,0.3438,0.0822,0.01239,0.30868,0.1177,-0.00986,0.2707,0.82976
3286,861.3,35391112,2197431,0.567,0.319,12184,10800,14474,0.00938591,0,0,0.0772,0.1545,0.2927,0.0427,0.01109,0.30763,0.12414,-0.00883,0.28106,0.80467
3287,862.2,35401893,2198097,0.55,0.32,12403,10781,14450,0.00938267,0,0,0.0705,0.1391,0.2639,0.0762,0.01176,0.30727,0.11485,-0.00935,0.26338,0.79828
3288,863.0,35412716,2198759,0.465,0.327,13668,10823,14459,0.00937943,0,0,0.0621,0.115,0.2462,0.042,0.01208,0.31395,0.12278,-0.01094,0.28243,0.79884
3289,863.8,35423530,2199407,0.492,0.329,13175,10814,14464,0.00937619,0,0,0.0651,0.1227,0.2587,0.0455,0.01255,0.31552,0.12667,-0.00921,0.2867,0.79655
3290,864.6,35434306,2200062,0.497,0.325,13109,10776,14462,0.00937294,0,0,0.0673,0.1277,0.2657,0.0362,0.01135,0.31311,0.11969,-0.00919,0.27316,0.82072
3291,865.4,35445112,2200723,0.489,0.329,13204,10806,14476,0.00936971,0,0,0.0668,0.1265,0.2578,0.0384,0.01096,0.31714,0.12587,-0.01093,0.28869,0.8052
3292,866.2,35455870,2201368,0.461,0.326,13675,10758,14402,0.00936647,0,0,0.0633,0.1141,0.2493,0.0343,0.01165,0.31349,0.10855,-0.01005,0.25264,0.82386
3293,867.1,35466635,2202022,0.531,0.328,12521,10765,14427,0.00936324,0,0,0.0667,0.1239,0.2645,0.0764,0.01184,0.3156,0.11507,-0.01086,0.26713,0.81512
3294,867.9,35477458,2202669,0.467,0.324,13682,10823,14484,0.00936001,0,0,0.0622,0.1219,0.2502,0.033,0.01097,0.31208,0.10923,-0.0092,0.25239,0.83002
3295,868.7,35488265,2203321,0.477,0.327,13447,10807,14474,0.00935676,0,0,0.0586,0.1118,0.2403,0.0663,0.01098,0.31492,0.1229,-0.00818,0.27751,0.82026
3296,869.5,35499013,2203950,0.465,0.324,13614,10748,14410,0.00935352,0,0,0.0612,0.1117,0.2494,0.0429,0.0107,0.31277,0.11173,-0.00937,0.25757,0.8208
3297,870.3,35509761,2204583,0.526,0.327,12602,10748,14426,0.0093503,0,0,0.0712,0.1347,0.2732,0.0471,0.01214,0.31378,0.11893,-0.00875,0.2706,0.81562
3298,871.1,35520559,2205230,0.505,0.326,12984,10798,14474,0.00934707,0,0,0.0696,0.1284,0.2704,0.0371,0.01207,0.31348,0.11188,-0.00879,0.25682,0.82835
3299,872.0,35531348,2205860,0.521,0.324,12767,10789,14446,0.00934383,0,0,0.0661,0.1257,0.2613,0.0675,0.01166,0.3118,0.1087,-0.00966,0.25234,0.83648
3300,873.0,35542141,2206498,0.641,0.323,11194,10793,14469,0.0093406,0,0,0.0719,0.1412,0.2841,0.1436,0.01203,0.31074,0.11795,-0.00764,0.26629,0.80934
3301,874.0,35552919,2207140,0.714,0.33,10326,10778,14442,0.00933736,0,0,0.087,0.1746,0.3342,0.1182,0.01184,0.31693,0.13244,-0.00665,0.29322,0.80545
3302,875.1,35563711,2207754,0.703,0.332,10425,10792,14443,0.00933412,0,0,0.093,0.1832,0.362,0.0652,0.01143,0.31956,0.12582,-0.00816,0.28318,0.81447
3303,876.3,35574477,2208401,0.822,0.336,9296,10766,14427,0.00933089,0,0,0.0919,0.2156,0.3859,0.1285,0.013,0.32253,0.12255,-0.00844,0.27752,0.83253
3304,877.3,35585290,2209029,0.607,0.354,11254,10813,14463,0.00932766,0,0,0.0829,0.1639,0.3098,0.0503,0.01168,0.34139,0.14,-0.01205,0.31933,0.81637
3305,878.3,35596067,2209657,0.676,0.356,10451,10777,14413,0.00932441,0,0,0.0853,0.1792,0.3354,0.0758,0.0132,0.34147,0.12769,-0.00907,0.28877,0.81715
3306,879.3,35606807,2210281,0.622,0.34,11173,10740,14378,0.00932118,0,0,0.0846,0.1654,0.3128,0.0588,0.01271,0.32598,0.13381,-0.01012,0.30307,0.81567
3307,880.2,35617598,2210907,0.64,0.34,11019,10791,14446,0.00931796,0,0,0.0839,0.1737,0.3227,0.0594,0.01182,0.32719,0.11994,-0.01075,0.2761,0.78932
3308,881.2,35628384,2211555,0.579,0.34,11732,10786,14449,0.00931472,0,0,0.0785,0.1511,0.3042,0.0455,0.01174,0.32756,0.12486,-0.00929,0.28345,0.81372
3309,882.2,35639155,2212185,0.721,0.339,10161,10771,14419,0.00931148,0,0,0.0816,0.1876,0.3604,0.0917,0.01207,0.32556,0.12147,-0.0098,0.27776,0.81754
3310,883.3,35649931,2212807,0.739,0.342,9964,10776,14405,0.00930825,0,0,0.0953,0.1961,0.3402,0.1075,0.01231,0.32906,0.12103,-0.01069,0.27827,0.79631
3311,884.4,35660730,2213429,0.723,0.339,10165,10799,14423,0.00930502,0,0,0.0867,0.1838,0.3254,0.1272,0.01192,0.32649,0.12151,-0.0095,0.27709,0.80924
3312,885.4,35671551,2214066,0.684,0.338,10588,10821,14460,0.00930178,0,0,0.0899,0.1834,0.3317,0.0788,0.0111,0.32611,0.12824,-0.00944,0.29055,0.81687
3313,886.3,35682370,2214689,0.616,0.337,11361,10819,14477,0.00929853,0,0,0.0822,0.1642,0.3206,0.0485,0.01166,0.32422,0.12544,-0.00891,0.28346,0.793
3314,887.3,35693196,2215321,0.672,0.332,10778,10826,14480,0.00929529,0,0,0.0911,0.1867,0.3525,0.0419,0.01191,0.31947,0.13066,-0.01075,0.29741,0.7845
3315,888.4,35703998,2215945,0.732,0.33,10173,10802,14456,0.00929204,0,0,0.0916,0.1939,0.3561,0.0906,0.01228,0.3166,0.11587,-0.01095,0.26853,0.80129
3316,889.3,35714817,2216576,0.61,0.335,11451,10819,14499,0.0092888,0,0,0.083,0.1653,0.3152,0.0461,0.01259,0.32175,0.1318,-0.00902,0.29676,0.81399
3317,890.3,35725597,2217202,0.612,0.332,11411,10780,14456,0.00928555,0,0,0.0799,0.1515,0.3039,0.0769,0.01247,0.31919,0.12701,-0.01035,0.2899,0.81769
3318,891.2,35736376,2217824,0.595,0.334,11603,10779,14421,0.00928232,0,0,0.0802,0.156,0.3081,0.0508,0.01203,0.321,0.13608,-0.00906,0.30538,0.81299
3319,892.2,35747187,2218454,0.633,0.333,11191,10811,14450,0.00927909,0,0,0.0832,0.1686,0.3076,0.0733,0.01204,0.32055,0.13347,-0.00876,0.29934,0.80204
3320,893.1,35758001,2219085,0.599,0.33,11646,10814,14434,0.00927584,0,0,0.0804,0.1581,0.3078,0.0523,0.01158,0.3175,0.13452,-0.01062,0.30557,0.82432
3321,894.1,35768819,2219706,0.654,0.338,10909,10818,14458,0.0092726,0,0,0.0839,0.1746,0.3228,0.0725,0.01371,0.32336,0.12557,-0.0097,0.28569,0.81744
3322,895.1,35779614,2220337,0.601,0.344,11433,10795,14455,0.00926935,0,0,0.0831,0.1646,0.31,0.0428,0.01247,0.33035,0.13223,-0.01104,0.30231,0.85043
3323,896.0,35790414,2220951,0.636,0.348,10979,10800,14469,0.00926612,0,0,0.0836,0.1676,0.3019,0.083,0.01202,0.33496,0.11545,-0.01179,0.26976,0.82402
3324,897.0,35801222,2221561,0.591,0.351,11477,10808,14430,0.00926288,0,0,0.082,0.1521,0.3097,0.0468,0.01187,0.33858,0.148,-0.01017,0.33145,0.81533
3325,898.0,35812037,2222182,0.664,0.344,10730,10815,14473,0.00925963,0,0,0.0868,0.164,0.316,0.0968,0.01139,0.33222,0.13047,-0.01107,0.29864,0.83996
3326,898.9,35822890,2222815,0.577,0.348,11734,10853,14488,0.00925639,0,0,0.0808,0.1458,0.3058,0.0446,0.01151,0.33566,0.13226,-0.01097,0.30232,0.85604
3327,899.9,35833654,2223434,0.622,0.345,11129,10764,14386,0.00925313,0,0,0.0764,0.151,0.3029,0.0916,0.01146,0.33316,0.12611,-0.01236,0.29235,0.83318
3328,900.8,35844463,2224038,0.591,0.351,11477,10809,14437,0.0092499,0,0,0.0858,0.1553,0.303,0.0465,0.01138,0.33894,0.13715,-0.01025,0.31056,0.85209
3329,901.7,35855274,2224658,0.576,0.349,11695,10811,14459,0.00924666,0,0,0.0781,0.1524,0.3011,0.0441,0.0109,0.33673,0.13496,-0.01217,0.30981,0.8409
3330,902.7,35866068,2225279,0.578,0.342,11731,10794,14448,0.00924342,0,0,0.0794,0.1461,0.2901,0.0627,0.01385,0.32702,0.12855,-0.00808,0.28845,0.8212
3331,903.6,35876841,2225903,0.551,0.336,12147,10773,14417,0.00924018,0,0,0.074,0.1379,0.2943,0.045,0.01103,0.32396,0.13698,-0.01085,0.31088,0.82331
3332,904.4,35887638,2226505,0.526,0.342,12443,10797,14444,0.00923695,0,0,0.0715,0.1294,0.2814,0.0434,0.01316,0.3281,0.1322,-0.00934,0.29808,0.81154
3333,905.3,35898410,2227124,0.56,0.338,12001,10772,14414,0.00923371,0,0,0.0734,0.1311,0.2704,0.0851,0.01144,0.32546,0.12329,-0.00916,0.28039,0.83883
3334,906.2,35909216,2227737,0.551,0.339,12145,10806,14486,0.00923048,0,0,0.073,0.1454,0.2822,0.0502,0.0124,0.32586,0.1325,-0.00895,0.29828,0.83313
3335,907.1,35919960,2228341,0.567,0.342,11811,10744,14385,0.00922724,0,0,0.0774,0.1491,0.291,0.05,0.01307,0.3284,0.13757,-0.01305,0.31655,0.82955
3336,908.1,35930745,2228954,0.592,0.336,11616,10785,14423,0.00922401,0,0,0.0796,0.1494,0.2941,0.069,0.0111,0.32452,0.13125,-0.00885,0.29528,0.81824
3337,909.0,35941517,2229588,0.58,0.34,11703,10772,14422,0.00922078,0,0,0.0812,0.1519,0.2923,0.0548,0.01144,0.32809,0.1236,-0.01082,0.28432,0.83876
3338,909.9,35952330,2230226,0.536,0.359,12071,10813,14453,0.00921754,0,0,0.075,0.1357,0.2859,0.0398,0.01208,0.34674,0.13311,-0.00934,0.30022,0.83065
3339,910.8,35963121,2230858,0.635,0.34,11065,10791,14444,0.0092143,0,0,0.0812,0.1626,0.307,0.0845,0.01188,0.32738,0.12254,-0.00865,0.2774,0.81437
3340,911.7,35973951,2231495,0.522,0.343,12526,10830,14493,0.00921106,0,0,0.0694,0.1358,0.2755,0.0411,0.01117,0.33055,0.1285,-0.01009,0.29173,0.78966
3341,912.7,35984725,2232125,0.68,0.347,10494,10774,14442,0.00920781,0,0,0.0931,0.1711,0.3072,0.1085,0.01272,0.33324,0.11725,-0.00749,0.26402,0.79008
3342,913.7,35995551,2232750,0.644,0.344,10962,10826,14477,0.00920458,0,0,0.0841,0.1724,0.3346,0.0529,0.01253,0.32997,0.13107,-0.01051,0.29747,0.77722
3343,914.7,36006328,2233385,0.681,0.343,10519,10777,14422,0.00920133,0,0,0.0883,0.1913,0.3456,0.0561,0.01179,0.33051,0.13322,-0.00825,0.29752,0.79205
3344,915.8,36017101,2234014,0.73,0.342,10043,10773,14417,0.0091981,0,0,0.0931,0.2007,0.3455,0.091,0.01202,0.32939,0.12066,-0.00945,0.27497,0.80198
3345,917.0,36027895,2234643,0.837,0.345,9139,10794,14430,0.00919487,0,0,0.1059,0.2402,0.4004,0.09,0.01216,0.33131,0.12946,-0.01032,0.29404,0.7871
3346,918.2,36038685,2235261,0.887,0.347,8745,10790,14460,0.00919163,0,0,0.1057,0.2195,0.4161,0.1454,0.01404,0.33179,0.13097,-0.01145,0.29925,0.7843
3347,919.4,36049439,2235898,0.808,0.333,9422,10754,14373,0.00918839,0,0,0.0938,0.2153,0.3728,0.1261,0.01174,0.32053,0.13487,-0.00904,0.30214,0.77919
3348,920.4,36060210,2236509,0.73,0.335,10115,10771,14399,0.00918517,0,0,0.0897,0.2022,0.349,0.0891,0.01189,0.32211,0.11538,-0.00961,0.2644,0.7852
3349,921.5,36070982,2237137,0.743,0.341,9938,10772,14425,0.00918194,0,0,0.0957,0.2068,0.3582,0.0827,0.01409,0.32524,0.12839,-0.00915,0.29,0.81258
3350,922.6,36081752,2237767,0.703,0.336,10361,10770,14426,0.00917871,0,0,0.0874,0.1779,0.346,0.0921,0.01127,0.32407,0.12204,-0.00877,0.27666,0.81928
3351,923.5,36092541,2238390,0.586,0.331,11765,10789,14401,0.00917547,0,0,0.0759,0.1537,0.3041,0.0524,0.01172,0.31827,0.13243,-0.00809,0.29586,0.8073
3352,924.6,36103379,2239011,0.649,0.338,10987,10838,14471,0.00917224,0,0,0.0861,0.1842,0.3255,0.0528,0.01231,0.3245,0.12216,-0.00846,0.27586,0.79714
3353,925.7,36114191,2239655,0.755,0.334,9937,10812,14449,0.00916899,0,0,0.0932,0.2054,0.3613,0.0947,0.01268,0.32013,0.1169,-0.00906,0.26663,0.80308
3354,926.7,36125015,2240274,0.731,0.346,10048,10824,14446,0.00916574,0,0,0.0916,0.2172,0.3524,0.0696,0.0128,0.33218,0.12828,-0.00905,0.28919,0.79245
3355,928.0,36135840,2240903,0.868,0.345,8920,10825,14453,0.0091625,0,0,0.0967,0.2389,0.4151,0.1174,0.0116,0.33304,0.1319,-0.00953,0.29741,0.79366
3356,929.0,36146671,2241530,0.709,0.349,10242,10831,14467,0.00915925,0,0,0.0899,0.1929,0.3637,0.0623,0.0119,0.33593,0.14033,-0.00718,0.30923,0.77594
3357,930.2,36157488,2242132,0.853,0.345,9030,10817,14442,0.009156,0,0,0.0964,0.2068,0.4218,0.1278,0.01156,0.33273,0.12802,-0.01047,0.29152,0.7943
3358,931.3,36168340,2242743,0.77,0.347,9715,10852,14479,0.00915275,0,0,0.1009,0.218,0.3804,0.0707,0.01175,0.33437,0.13241,-0.00858,0.29647,0.79141
3359,932.5,36179179,2243346,0.879,0.341,8888,10839,14470,0.0091495,0,0,0.0933,0.2445,0.4136,0.1272,0.0128,0.32712,0.13411,-0.00829,0.29905,0.77875
3360,933.7,36189990,2243978,0.778,0.349,9589,10811,14463,0.00914625,0,0,0.0977,0.2222,0.393,0.0654,0.01244,0.33594,0.13622,-0.01003,0.30691,0.78708
3361,934.8,36200802,2244577,0.81,0.34,9401,10812,14466,0.009143,0,0,0.0928,0.2222,0.3777,0.1175,0.01203,0.32707,0.13463,-0.00786,0.29983,0.81204
3362,935.9,36211651,2245191,0.706,0.338,10389,10849,14479,0.00913976,0,0,0.0896,0.1995,0.3654,0.0515,0.01285,0.32455,0.14101,-0.00767,0.31184,0.79278
3363,937.0,36222465,2245811,0.774,0.339,9715,10814,14438,0.0091365,0,0,0.0953,0.1935,0.3778,0.1071,0.01186,0.32529,0.12885,-0.00691,0.28618,0.80278
3364,938.1,36233277,2246425,0.784,0.338,9636,10812,14464,0.00913326,0,0,0.0989,0.2176,0.4108,0.0572,0.01378,0.323,0.12916,-0.0093,0.29108,0.77498
3365,939.2,36244166,2247039,0.753,0.339,9975,10889,14504,0.00913002,0,0,0.0959,0.1975,0.3388,0.1208,0.01194,0.3257,0.13623,-0.00957,0.30549,0.76078
3366,940.3,36255020,2247661,0.717,0.34,10270,10854,14496,0.00912675,0,0,0.1083,0.1992,0.3506,0.0586,0.0116,0.3278,0.12488,-0.00845,0.28091,0.7806
3367,941.3,36265858,2248277,0.748,0.338,9985,10838,14490,0.00912349,0,0,0.0931,0.203,0.3352,0.1165,0.01161,0.32531,0.13829,-0.00919,0.30933,0.78754
3368,942.5,36276683,2248877,0.83,0.36,9097,10825,14441,0.00912024,0,0,0.0998,0.2528,0.4093,0.0683,0.02218,0.33666,0.1327,-0.01004,0.29944,0.76456
3369,943.7,36287569,2249494,0.78,0.345,9680,10886,14488,0.009117,0,0,0.0927,0.2127,0.3562,0.118,0.0124,0.33169,0.12839,-0.00748,0.28569,0.76532
3370,944.7,36298401,2250122,0.707,0.349,10254,10832,14467,0.00911373,0,0,0.0893,0.22,0.3492,0.049,0.01511,0.33278,0.1258,-0.00883,0.2833,0.77097
3371,945.9,36309235,2250723,0.823,0.345,9274,10834,14471,0.00911048,0,0,0.1,0.2118,0.3862,0.125,0.01168,0.33261,0.12539,-0.0096,0.28436,0.78873
3372,947.0,36320133,2251342,0.794,0.349,9538,10898,14509,0.00910723,0,0,0.0927,0.2222,0.417,0.0623,0.01325,0.33435,0.12233,-0.00875,0.2766,0.79264
3373,948.2,36330970,2251951,0.796,0.349,9464,10837,14477,0.00910396,0,0,0.0914,0.1973,0.376,0.1317,0.01359,0.33412,0.13043,-0.0064,0.28769,0.77034
3374,949.2,36341781,2252574,0.718,0.351,10110,10811,14448,0.00910071,0,0,0.0881,0.1999,0.3696,0.0606,0.01232,0.33768,0.13564,-0.00802,0.30219,0.81627
3375,950.4,36352615,2253195,0.779,0.344,9648,10834,14456,0.00909747,0,0,0.0875,0.1993,0.3769,0.1149,0.01205,0.33136,0.13594,-0.01028,0.307,0.80046
3376,951.4,36363450,2253807,0.734,0.34,10092,10835,14474,0.00909422,0,0,0.1005,0.2057,0.3592,0.0684,0.01216,0.32668,0.13038,-0.00767,0.29082,0.80902
3377,952.6,36374267,2254428,0.777,0.335,9725,10817,14422,0.00909097,0,0,0.0927,0.2175,0.3595,0.1071,0.01196,0.32261,0.14351,-0.00763,0.3165,0.78167
3378,953.8,36385114,2255073,0.868,0.344,8948,10847,14531,0.00908772,0,0,0.1087,0.2296,0.4314,0.0988,0.02125,0.32176,0.13019,-0.01002,0.29487,0.79448
3379,955.0,36395923,2255691,0.902,0.332,8760,10809,14425,0.00908447,0,0,0.1005,0.2717,0.4205,0.1097,0.01174,0.31884,0.14907,-0.00853,0.32925,0.77377
3380,956.0,36406737,2256307,0.701,0.335,10444,10814,14431,0.00908122,0,0,0.091,0.1891,0.3718,0.0489,0.01225,0.32135,0.12349,-0.00867,0.27859,0.78582
3381,957.1,36417630,2256927,0.763,0.333,9941,10893,14542,0.00907798,0,0,0.0982,0.2063,0.3367,0.1216,0.01178,0.32051,0.13445,-0.00765,0.29828,0.77578
3382,958.2,36428464,2257558,0.719,0.333,10299,10834,14456,0.00907471,0,0,0.0902,0.1934,0.3704,0.0653,0.01215,0.31954,0.13632,-0.00873,0.30415,0.77349
3383,959.4,36439331,2258171,0.907,0.349,8653,10867,14495,0.00907146,0,0,0.0975,0.2466,0.405,0.1581,0.0166,0.33117,0.14562,-0.01014,0.32547,0.76866
3384,960.6,36450189,2258793,0.774,0.347,9686,10858,14500,0.0090682,0,0,0.1013,0.2002,0.4058,0.0662,0.0131,0.3335,0.14576,-0.01077,0.32699,0.76822
3385,961.7,36461010,2259408,0.767,0.346,9723,10821,14472,0.00906494,0,0,0.0914,0.201,0.345,0.1299,0.01315,0.33124,0.12331,-0.00844,0.27749,0.77247
3386,962.8,36471789,2260021,0.772,0.344,9654,10779,14389,0.0090617,0,0,0.0884,0.2191,0.388,0.0768,0.01243,0.33075,0.13304,-0.00912,0.2988,0.79895
3387,963.9,36482670,2260643,0.793,0.344,9570,10881,14483,0.00905846,0,0,0.0957,0.2106,0.3397,0.1473,0.01168,0.33062,0.13399,-0.00906,0.30041,0.79025
3388,965.2,36493488,2261261,0.881,0.351,8781,10818,14458,0.0090552,0,0,0.1011,0.2309,0.4063,0.1428,0.01709,0.33181,0.12986,-0.00934,0.29274,0.79166
3389,966.6,36504324,2261857,1.063,0.346,7690,10836,14458,0.00905195,0,0,0.1042,0.3379,0.4347,0.1863,0.0126,0.32955,0.13007,-0.00695,0.2879,0.76608
3390,968.1,36515139,2262483,1.139,0.36,7213,10815,14426,0.0090487,0,0,0.144,0.3893,0.4642,0.1417,0.01262,0.34589,0.13399,-0.01014,0.30198,0.75858
3391,969.3,36525909,2263101,0.909,0.346,8581,10770,14394,0.00904546,0,0,0.0893,0.2473,0.4204,0.1523,0.01207,0.3328,0.14134,-0.00862,0.31407,0.78265
3392,970.5,36536657,2263701,0.784,0.34,9564,10748,14342,0.00904223,0,0,0.1012,0.2259,0.3782,0.0788,0.01215,0.32659,0.11923,-0.00899,0.27027,0.76362
3393,971.6,36547468,2264320,0.849,0.338,9105,10811,14406,0.009039,0,0,0.0937,0.2244,0.3972,0.1337,0.01216,0.32492,0.13752,-0.00946,0.30758,0.75304
3394,972.7,36558291,2264947,0.76,0.338,9853,10823,14450,0.00903576,0,0,0.0893,0.2224,0.3875,0.0609,0.01211,0.32542,0.12889,-0.01014,0.29182,0.76092
3395,973.9,36569136,2265551,0.829,0.339,9282,10845,14457,0.00903251,0,0,0.0904,0.2097,0.3969,0.1324,0.01261,0.32561,0.12948,-0.00855,0.28994,0.7687
3396,974.9,36579968,2266154,0.654,0.348,10812,10832,14431,0.00902926,0,0,0.0855,0.1712,0.3279,0.069,0.01378,0.33371,0.12077,-0.00749,0.27031,0.76389
3397,976.1,36590784,2266759,0.831,0.349,9166,10816,14421,0.00902601,0,0,0.0976,0.23,0.3828,0.1202,0.01286,0.33549,0.12578,-0.01037,0.28602,0.75969
3398,977.2,36601585,2267371,0.787,0.35,9502,10801,14413,0.00902276,0,0,0.1238,0.2287,0.372,0.0622,0.01282,0.33634,0.11782,-0.00936,0.26817,0.76573
3399,978.7,36612361,2267978,1.149,0.352,7177,10776,14386,0.00901952,0,0,0.1158,0.3211,0.5387,0.1736,0.01339,0.3378,0.12173,-0.01118,0.27962,0.7657
3400,979.9,36623101,2268588,0.828,0.344,9162,10740,14363,0.00901629,0,0,0.101,0.2625,0.3773,0.087,0.0126,0.3309,0.12154,-0.00951,0.27579,0.75957
3401,981.7,36633928,2269201,0.846,0.348,9063,10827,14452,0.00901307,0,0,0.0912,0.2111,0.4109,0.1329,0.01485,0.33243,0.12598,-0.00787,0.28132,0.75669
3402,983.0,36644773,2269809,0.794,0.34,9565,10845,14456,0.00900982,0,0,0.1017,0.2192,0.4103,0.0629,0.01279,0.32606,0.13253,-0.00726,0.2932,0.75621
3403,984.1,36655605,2270427,0.832,0.338,9258,10832,14452,0.00900657,0,0,0.0965,0.2359,0.3848,0.1151,0.01515,0.32161,0.12159,-0.0077,0.27236,0.7658
3404,985.2,36666441,2271040,0.725,0.335,10224,10836,14455,0.00900332,0,0,0.0892,0.2115,0.3639,0.0606,0.01346,0.32037,0.13576,-0.00953,0.30409,0.74949
3405,986.3,36677236,2271661,0.724,0.333,10216,10795,14460,0.00900007,0,0,0.0854,0.1758,0.3485,0.1144,0.0119,0.31993,0.1343,-0.00796,0.29812,0.755
3406,987.2,36688070,2272282,0.65,0.337,10973,10834,14458,0.00899683,0,0,0.0812,0.1654,0.3449,0.0585,0.01368,0.32276,0.13075,-0.0091,0.2931,0.74518
3407,988.3,36698926,2272894,0.697,0.333,10537,10856,14487,0.00899358,0,0,0.0825,0.1921,0.3491,0.0731,0.01254,0.32011,0.1498,-0.00947,0.33184,0.73903
3408,989.3,36709814,2273494,0.699,0.34,10480,10888,14518,0.00899032,0,0,0.0816,0.183,0.3364,0.0981,0.01624,0.32245,0.138,-0.0082,0.30545,0.72677
3409,990.4,36720604,2274110,0.746,0.335,9987,10790,14425,0.00898706,0,0,0.0857,0.1852,0.3519,0.1229,0.01214,0.32162,0.14115,-0.00961,0.31527,0.76527
3410,991.6,36731453,2274721,0.84,0.354,9091,10849,14446,0.00898382,0,0,0.1034,0.2266,0.4264,0.0834,0.0121,0.33931,0.13092,-0.01036,0.29585,0.73917
3411,992.8,36742297,2275331,0.876,0.346,8877,10844,14454,0.00898056,0,0,0.0945,0.2459,0.4175,0.1181,0.01247,0.33188,0.12662,-0.01241,0.29128,0.73602
3412,994.0,36753133,2275954,0.841,0.343,9149,10836,14469,0.00897731,0,0,0.0955,0.2341,0.3857,0.1262,0.01275,0.32925,0.124,-0.00726,0.27618,0.76006
3413,995.2,36763989,2276582,0.895,0.342,8780,10856,14469,0.00897406,0,0,0.0862,0.2487,0.421,0.1387,0.01162,0.329,0.1239,-0.0081,0.27757,0.7558
3414,996.5,36774803,2277196,0.907,0.352,8589,10814,14422,0.0089708,0,0,0.1169,0.2662,0.4296,0.0948,0.01192,0.33822,0.13101,-0.00964,0.2952,0.77393
3415,997.7,36785640,2277802,0.849,0.344,9082,10837,14465,0.00896756,0,0,0.0898,0.2313,0.4064,0.1214,0.01364,0.32979,0.12615,-0.00913,0.2844,0.77208
3416,998.7,36796433,2278424,0.642,0.337,11019,10793,14440,0.00896431,0,0,0.0813,0.1779,0.3254,0.0576,0.01359,0.32316,0.12733,-0.01034,0.28904,0.76388
3417,999.6,36807250,2279024,0.643,0.338,11032,10817,14436,0.00896107,0,0,0.0748,0.1589,0.294,0.1148,0.01324,0.32372,0.13208,-0.01113,0.30065,0.79483
3418,1000.7,36818079,2279657,0.681,0.336,10646,10829,14463,0.00895783,0,0,0.0935,0.1977,0.3344,0.0554,0.01176,0.32379,0.1302,-0.01007,0.29496,0.80461
3419,1001.5,36828850,2280266,0.476,0.332,13343,10771,14384,0.00895458,0,0,0.0623,0.1168,0.2547,0.0418,0.01158,0.31938,0.11976,-0.00792,0.26937,0.78225
3420,1002.3,36839636,2280881,0.467,0.33,13541,10786,14378,0.00895135,0,0,0.062,0.1137,0.2557,0.0352,0.01113,0.31814,0.12466,-0.0099,0.28321,0.78615
3421,1003.1,36850397,2281508,0.545,0.336,12216,10761,14406,0.00894811,0,0,0.0662,0.133,0.2765,0.0691,0.0121,0.32326,0.10738,-0.00759,0.24443,0.81001
3422,1004.1,36861157,2282124,0.584,0.332,11738,10760,14393,0.00894488,0,0,0.0753,0.1609,0.3022,0.0458,0.01128,0.32061,0.12173,-0.00741,0.27185,0.75824
3423,1004.9,36871869,2282739,0.502,0.332,12842,10712,14353,0.00894165,0,0,0.0611,0.1221,0.2574,0.0616,0.01137,0.31996,0.12023,-0.00946,0.27342,0.78505
3424,1005.7,36882634,2283354,0.471,0.33,13438,10765,14409,0.00893844,0,0,0.0618,0.1132,0.2561,0.04,0.01086,0.3185,0.10848,-0.00822,0.24726,0.77489
3425,1006.5,36893399,2283971,0.467,0.334,13440,10765,14370,0.00893521,0,0,0.0603,0.1127,0.2498,0.0442,0.01078,0.32256,0.11523,-0.00923,0.26288,0.78217
3426,1007.3,36904199,2284578,0.453,0.335,13709,10800,14419,0.00893198,0,0,0.0609,0.1115,0.25,0.0307,0.01185,0.32221,0.13071,-0.01093,0.29717,0.77735
3427,1008.1,36914990,2285187,0.458,0.335,13595,10791,14422,0.00892874,0,0,0.0616,0.1119,0.2472,0.0376,0.01127,0.32349,0.12866,-0.0094,0.29005,0.77992
3428,1008.9,36925820,2285796,0.47,0.339,13396,10830,14443,0.0089255,0,0,0.0641,0.1165,0.2526,0.0366,0.01117,0.32682,0.12463,-0.00936,0.28186,0.77757
3429,1009.8,36936595,2286405,0.519,0.34,12545,10775,14440,0.00892225,0,0,0.0659,0.1202,0.2558,0.0769,0.01171,0.32763,0.11858,-0.00921,0.26959,0.78396
3430,1010.6,36947452,2286993,0.472,0.337,13424,10857,14479,0.00891902,0,0,0.0648,0.1149,0.2534,0.0387,0.01085,0.32561,0.1372,-0.00783,0.30383,0.77138
3431,1011.5,36958292,2287602,0.549,0.341,12178,10840,14463,0.00891576,0,0,0.0688,0.1465,0.2816,0.052,0.01165,0.32865,0.12778,-0.00958,0.28852,0.77399
3432,1012.4,36969100,2288201,0.562,0.341,11962,10808,14442,0.00891251,0,0,0.0718,0.1411,0.2782,0.0713,0.01158,0.32864,0.12894,-0.01003,0.2918,0.77826
3433,1013.4,36979927,2288791,0.668,0.344,10701,10827,14454,0.00890927,0,0,0.0887,0.179,0.3353,0.0651,0.01388,0.32878,0.14188,-0.00952,0.3169,0.7916
3434,1014.3,36990757,2289395,0.609,0.345,11347,10830,14469,0.00890602,0,0,0.0844,0.1675,0.3063,0.0511,0.01262,0.33152,0.13074,-0.01124,0.2982,0.79904
3435,1015.3,37001553,2290001,0.641,0.32,11235,10796,14451,0.00890277,0,0,0.0787,0.1607,0.3057,0.0962,0.01222,0.30635,0.13077,-0.00756,0.29079,0.7932
3436,1016.2,37012349,2290620,0.591,0.297,12156,10796,14414,0.00889953,0,0,0.0824,0.1602,0.2936,0.055,0.01189,0.28428,0.1217,-0.00807,0.27369,0.79569
3437,1017.2,37023150,2291234,0.687,0.3,10942,10801,14437,0.0088963,0,0,0.0865,0.1864,0.3368,0.0776,0.01256,0.28634,0.10803,-0.01081,0.25184,0.79601
3438,1018.1,37033919,2291854,0.647,0.304,11324,10769,14409,0.00889306,0,0,0.0858,0.1676,0.3115,0.0816,0.01167,0.29187,0.11795,-0.01064,0.27112,0.78321
3439,1019.1,37044681,2292489,0.663,0.326,10877,10762,14412,0.00888982,0,0,0.0796,0.1971,0.3352,0.0512,0.01227,0.31352,0.10692,-0.00976,0.24761,0.80136
3440,1019.9,37055454,2293103,0.504,0.332,12889,10773,14394,0.0088866,0,0,0.0705,0.1308,0.2679,0.035,0.01203,0.31872,0.12085,-0.00965,0.27529,0.80443
3441,1021.0,37066239,2293718,0.69,0.332,10548,10785,14407,0.00888336,0,0,0.0995,0.1824,0.3304,0.0778,0.01197,0.31956,0.13734,-0.00837,0.30574,0.80528
3442,1021.9,37077052,2294326,0.627,0.335,11243,10813,14429,0.00888013,0,0,0.0794,0.1643,0.3165,0.0668,0.01224,0.32158,0.12373,-0.00892,0.27964,0.80735
3443,1022.9,37087871,2294949,0.622,0.344,11206,10819,14436,0.00887688,0,0,0.0848,0.1715,0.3145,0.0512,0.01205,0.33067,0.13112,-0.00984,0.29615,0.80197
3444,1023.8,37098665,2295588,0.61,0.341,11342,10794,14423,0.00887364,0,0,0.0815,0.1652,0.3188,0.045,0.0119,0.32858,0.12348,-0.00795,0.27721,0.80863
3445,1024.8,37109476,2296210,0.647,0.341,10937,10811,14449,0.0088704,0,0,0.0775,0.1701,0.318,0.0818,0.01153,0.32868,0.13141,-0.01044,0.29804,0.80906
3446,1025.8,37120308,2296859,0.594,0.341,11583,10832,14487,0.00886716,0,0,0.0791,0.1579,0.3111,0.0459,0.01141,0.32911,0.10832,-0.0097,0.25074,0.82859
3447,1026.7,37131149,2297496,0.622,0.34,11274,10841,14448,0.00886391,0,0,0.0788,0.1597,0.3027,0.0808,0.01243,0.32575,0.1253,-0.00831,0.2818,0.82299
3448,1027.6,37141987,2298126,0.564,0.34,11979,10838,14429,0.00886066,0,0,0.0751,0.1538,0.2964,0.0391,0.01156,0.32811,0.1157,-0.00967,0.26519,0.81488
3449,1028.6,37152760,2298758,0.657,0.344,10772,10773,14387,0.0088574,0,0,0.0845,0.1881,0.3319,0.052,0.0121,0.33061,0.12342,-0.00997,0.28094,0.7992
3450,1029.6,37163543,2299387,0.652,0.345,10820,10783,14388,0.00885417,0,0,0.0837,0.186,0.3296,0.0528,0.01281,0.33077,0.13048,-0.00873,0.29262,0.80105
3451,1030.5,37174297,2300010,0.569,0.341,11813,10754,14368,0.00885094,0,0,0.073,0.1452,0.2992,0.052,0.01231,0.32798,0.12464,-0.00927,0.2821,0.80673
3452,1031.6,37185025,2300644,0.603,0.343,11339,10728,14364,0.00884771,0,0,0.0812,0.1678,0.306,0.0484,0.01239,0.32911,0.1199,-0.00964,0.27343,0.81116
3453,1032.5,37195774,2301280,0.579,0.342,11665,10749,14355,0.00884449,0,0,0.0757,0.1461,0.2931,0.0644,0.01136,0.32998,0.12711,-0.00879,0.28597,0.8004
3454,1033.4,37206548,2301914,0.566,0.342,11865,10774,14406,0.00884127,0,0,0.0768,0.1429,0.2997,0.0464,0.01285,0.32877,0.12681,-0.00821,0.28435,0.80885
3455,1034.4,37217346,2302552,0.667,0.344,10680,10798,14410,0.00883804,0,0,0.0783,0.1647,0.3083,0.1153,0.01171,0.3315,0.13731,-0.00948,0.3078,0.80499
3456,1035.4,37228078,2303178,0.599,0.337,11463,10732,14361,0.0088348,0,0,0.0747,0.1655,0.3081,0.0511,0.01119,0.32502,0.13934,-0.00959,0.31208,0.80549
3457,1036.3,37238881,2303812,0.603,0.339,11461,10803,14414,0.00883158,0,0,0.0738,0.1494,0.2919,0.0883,0.01174,0.32671,0.15167,-0.00967,0.33666,0.79158
3458,1037.2,37249653,2304438,0.591,0.337,11613,10772,14363,0.00882834,0,0,0.0783,0.1561,0.3162,0.0404,0.01209,0.32396,0.14586,-0.00876,0.32288,0.77324
3459,1038.2,37260421,2305062,0.587,0.339,11633,10768,14414,0.0088251,0,0,0.0789,0.1524,0.3043,0.0512,0.01116,0.32692,0.14207,-0.00991,0.31757,0.77178
3460,1039.1,37271172,2305683,0.569,0.342,11812,10751,14349,0.00882187,0,0,0.0757,0.1481,0.3,0.0447,0.0121,0.32881,0.1357,-0.00891,0.30304,0.78431
3461,1040.1,37281916,2306294,0.669,0.344,10613,10744,14369,0.00881865,0,0,0.0865,0.1633,0.3171,0.1017,0.01187,0.33099,0.12828,-0.0096,0.28982,0.79806
3462,1041.0,37292689,2306926,0.542,0.343,12175,10773,14405,0.00881543,0,0,0.0722,0.1398,0.2855,0.0446,0.012,0.3302,0.13267,-0.01002,0.2997,0.81245
3463,1041.9,37303501,2307538,0.599,0.346,11434,10812,14434,0.00881219,0,0,0.0724,0.1492,0.3035,0.0742,0.01182,0.33371,0.1379,-0.01076,0.31162,0.81113
3464,1042.8,37314332,2308168,0.55,0.345,12099,10831,14453,0.00880895,0,0,0.0712,0.1458,0.2882,0.0448,0.01172,0.3327,0.13972,-0.00901,0.31163,0.80399
3465,1043.7,37325131,2308795,0.54,0.343,12234,10799,14400,0.0088057,0,0,0.0735,0.1398,0.2797,0.0466,0.01156,0.33086,0.12666,-0.00901,0.28549,0.80395
3466,1044.6,37335936,2309413,0.539,0.342,12264,10805,14435,0.00880246,0,0,0.0702,0.1344,0.2809,0.0536,0.01203,0.32918,0.13215,-0.01095,0.30034,0.80424
3467,1045.4,37346757,2310056,0.47,0.344,13296,10821,14451,0.00879922,0,0,0.0622,0.1121,0.2498,0.046,0.01141,0.33154,0.13397,-0.01109,0.30437,0.80884
3468,1046.2,37357566,2310692,0.51,0.341,12701,10809,14388,0.00879597,0,0,0.069,0.1318,0.2735,0.0361,0.01177,0.32831,0.12692,-0.00677,0.28084,0.76469
3469,1047.1,37368360,2311336,0.518,0.325,12798,10794,14428,0.00879273,0,0,0.0641,0.1251,0.2572,0.0719,0.01113,0.31348,0.12172,-0.0088,0.27488,0.78759
3470,1047.9,37379157,2311975,0.485,0.327,13312,10797,14426,0.00878949,0,0,0.0651,0.1215,0.2594,0.0385,0.01119,0.31474,0.11674,-0.0083,0.26396,0.78934
3471,1048.7,37389981,2312623,0.497,0.327,13134,10824,14449,0.00878625,0,0,0.062,0.1271,0.2646,0.0435,0.01191,0.31436,0.12729,-0.01012,0.28875,0.7926
3472,1049.5,37400811,2313271,0.492,0.324,13276,10830,14440,0.00878301,0,0,0.0655,0.1169,0.2634,0.0458,0.01098,0.31257,0.12583,-0.00832,0.28232,0.79878
3473,1050.4,37411591,2313904,0.501,0.328,13006,10780,14410,0.00877976,0,0,0.0628,0.1234,0.2747,0.0401,0.01182,0.31551,0.12406,-0.00996,0.2817,0.77817
3474,1051.2,37422378,2314542,0.496,0.328,13092,10787,14393,0.00877652,0,0,0.0679,0.123,0.2727,0.0322,0.01239,0.31514,0.11395,-0.01036,0.26248,0.78941
3475,1052.0,37433167,2315183,0.506,0.326,12970,10789,14388,0.00877329,0,0,0.0685,0.1202,0.2689,0.0484,0.01158,0.31372,0.11501,-0.00854,0.26135,0.812
3476,1052.8,37443904,2315808,0.487,0.328,13166,10737,14359,0.00877005,0,0,0.0655,0.1188,0.2666,0.0363,0.01099,0.31671,0.116,-0.00861,0.26273,0.76978
3477,1053.7,37454684,2316451,0.511,0.326,12878,10780,14422,0.00876683,0,0,0.0648,0.1222,0.2717,0.0521,0.01153,0.31396,0.13094,-0.00972,0.2952,0.79157
3478,1054.5,37465448,2317094,0.505,0.332,12852,10764,14402,0.00876359,0,0,0.0668,0.1237,0.2607,0.054,0.01147,0.32,0.12351,-0.00906,0.27958,0.82469
3479,1055.4,37476251,2317738,0.514,0.338,12676,10803,14458,0.00876037,0,0,0.0667,0.1372,0.2696,0.0407,0.01129,0.32605,0.12352,-0.00967,0.2806,0.81175
3480,1056.2,37487078,2318372,0.516,0.339,12665,10827,14453,0.00875712,0,0,0.0698,0.1297,0.2802,0.036,0.01096,0.32752,0.12971,-0.00832,0.29029,0.81332
3481,1057.1,37497906,2318994,0.554,0.34,12110,10828,14439,0.00875388,0,0,0.068,0.1432,0.2761,0.0666,0.01153,0.32794,0.13785,-0.00825,0.30598,0.78682
3482,1058.0,37508754,2319634,0.577,0.338,11846,10848,14480,0.00875063,0,0,0.0819,0.1649,0.2962,0.0343,0.0119,0.32581,0.12252,-0.00957,0.27828,0.80587
3483,1059.0,37519650,2320272,0.63,0.341,11227,10896,14533,0.00874737,0,0,0.0762,0.1622,0.3063,0.0848,0.01285,0.3273,0.12694,-0.00874,0.28551,0.80891
3484,1059.9,37530503,2320884,0.534,0.34,12411,10853,14480,0.00874411,0,0,0.0756,0.1335,0.2864,0.0387,0.01163,0.32767,0.12452,-0.0109,0.28452,0.78268
3485,1060.8,37541346,2321505,0.568,0.338,11960,10843,14462,0.00874085,0,0,0.0678,0.145,0.2768,0.0787,0.01163,0.32603,0.12974,-0.00997,0.29337,0.79693
3486,1061.7,37552257,2322138,0.559,0.344,12086,10911,14543,0.0087376,0,0,0.0778,0.1497,0.2847,0.047,0.01225,0.33008,0.11905,-0.0103,0.27298,0.8176
3487,1062.7,37563189,2322746,0.635,0.338,11234,10932,14596,0.00873432,0,0,0.0799,0.1821,0.3287,0.0445,0.01135,0.32581,0.12377,-0.00817,0.27828,0.82442
3488,1063.5,37574076,2323366,0.548,0.339,12269,10887,14524,0.00873104,0,0,0.0739,0.1447,0.2763,0.0536,0.01288,0.32523,0.12429,-0.00908,0.2809,0.8114
3489,1064.4,37584982,2323976,0.525,0.337,12655,10906,14549,0.00872778,0,0,0.0681,0.1273,0.2752,0.0546,0.01217,0.32383,0.11413,-0.00666,0.2559,0.82012
3490,1065.3,37595809,2324589,0.517,0.334,12723,10827,14458,0.00872451,0,0,0.0688,0.1315,0.2821,0.0351,0.01177,0.32116,0.13421,-0.00985,0.30174,0.78047
3491,1066.1,37606694,2325199,0.519,0.336,12724,10885,14493,0.00872126,0,0,0.0646,0.1203,0.2598,0.0745,0.01172,0.32391,0.13189,-0.00882,0.29574,0.82138
3492,1066.9,37617496,2325814,0.495,0.335,13007,10802,14413,0.00871799,0,0,0.0685,0.1228,0.2667,0.0375,0.01101,0.32313,0.12796,-0.00714,0.28409,0.7971
3493,1067.9,37628330,2326438,0.623,0.334,11312,10834,14501,0.00871475,0,0,0.0831,0.1601,0.307,0.0731,0.01136,0.32217,0.126,-0.00884,0.2836,0.79866
3494,1068.8,37639209,2327052,0.547,0.337,12307,10879,14490,0.0087115,0,0,0.0725,0.1347,0.2827,0.057,0.01169,0.32483,0.12216,-0.01076,0.27997,0.81046
3495,1069.7,37650002,2327674,0.541,0.336,12307,10793,14407,0.00870824,0,0,0.0737,0.143,0.279,0.0449,0.01185,0.32388,0.11612,-0.00898,0.26462,0.82763
3496,1070.5,37660842,2328295,0.503,0.338,12887,10840,14479,0.008705,0,0,0.0661,0.1203,0.2574,0.0596,0.01114,0.32577,0.1296,-0.01017,0.29366,0.81132
3497,1071.4,37671693,2328944,0.525,0.344,12487,10851,14479,0.00870175,0,0,0.07,0.1314,0.279,0.0445,0.01183,0.33155,0.12159,-0.0101,0.27813,0.84725
3498,1072.2,37682601,2329553,0.516,0.343,12705,10908,14550,0.00869849,0,0,0.07,0.1337,0.2763,0.0359,0.0121,0.32991,0.12533,-0.00938,0.284,0.83757
3499,1073.1,37693484,2330189,0.503,0.342,12883,10883,14490,0.00869522,0,0,0.0656,0.1204,0.263,0.0538,0.01161,0.32976,0.12815,-0.00804,0.28629,0.80031
3500,1073.9,37704404,2330812,0.518,0.346,12640,10920,14549,0.00869195,0,0,0.068,0.1266,0.2787,0.045,0.01225,0.33272,0.14215,-0.01066,0.31954,0.80152
3501,1074.8,37715337,2331423,0.499,0.341,13019,10933,14586,0.00868868,0,0,0.0665,0.1241,0.2631,0.0449,0.0111,0.3292,0.12468,-0.01034,0.28378,0.7913
3502,1075.8,37726256,2332070,0.608,0.343,11491,10919,14560,0.0086854,0,0,0.0771,0.1467,0.3165,0.0673,0.0118,0.33016,0.12446,-0.00693,0.2766,0.79574
3503,1076.7,37737168,2332695,0.53,0.342,12507,10912,14498,0.00868212,0,0,0.0658,0.1386,0.2783,0.0474,0.01183,0.32954,0.12684,-0.00848,0.284,0.7689
3504,1077.6,37748053,2333303,0.525,0.346,12500,10885,14520,0.00867885,0,0,0.0686,0.1338,0.283,0.0396,0.0128,0.33168,0.13661,-0.00957,0.3056,0.76329
3505,1078.4,37758953,2333926,0.519,0.346,12591,10900,14522,0.00867558,0,0,0.0679,0.1245,0.2586,0.0685,0.01139,0.33418,0.14489,-0.00763,0.31838,0.76858
3506,1079.3,37769894,2334548,0.523,0.325,12895,10941,14539,0.00867231,0,0,0.0687,0.1397,0.2796,0.0352,0.01131,0.3132,0.12752,-0.00985,0.28828,0.78119
3507,1080.2,37780852,2335175,0.602,0.33,11757,10958,14600,0.00866903,0,0,0.0781,0.1617,0.3094,0.0526,0.01199,0.31711,0.12145,-0.00801,0.27257,0.78694
3508,1081.1,37791758,2335793,0.573,0.329,12092,10906,14518,0.00866574,0,0,0.0753,0.1516,0.3006,0.0458,0.0122,0.31562,0.12938,-0.00971,0.29214,0.80564
3509,1082.0,37802716,2336438,0.555,0.329,12406,10958,14603,0.00866247,0,0,0.073,0.1356,0.2905,0.0556,0.01164,0.31618,0.12396,-0.0095,0.28137,0.83442
3510,1082.9,37813583,2337071,0.575,0.328,12034,10867,14496,0.00865919,0,0,0.076,0.1581,0.2968,0.0437,0.01127,0.31602,0.1297,-0.00889,0.29174,0.84089
3511,1083.8,37824492,2337708,0.613,0.33,11572,10909,14526,0.00865593,0,0,0.0749,0.1567,0.2896,0.0917,0.01146,0.3176,0.13308,-0.0059,0.29207,0.81501
3512,1084.7,37835353,2338358,0.547,0.328,12413,10861,14489,0.00865265,0,0,0.0705,0.1479,0.2858,0.0432,0.01148,0.31543,0.13747,-0.00562,0.30025,0.81248
3513,1085.6,37846270,2339008,0.555,0.329,12350,10917,14549,0.00864939,0,0,0.079,0.1475,0.281,0.0479,0.01187,0.31591,0.13664,-0.0079,0.30276,0.79069
3514,1086.5,37857156,2339646,0.531,0.332,12617,10886,14521,0.00864612,0,0,0.072,0.1392,0.2811,0.0388,0.0117,0.31906,0.13273,-0.00971,0.29888,0.80875
3515,1087.4,37867991,2340310,0.585,0.332,11813,10835,14517,0.00864285,0,0,0.0715,0.1454,0.2772,0.091,0.01139,0.31982,0.13974,-0.00927,0.31214,0.81794
3516,1088.3,37878790,2340959,0.552,0.332,12215,10799,14460,0.0086396,0,0,0.0687,0.1419,0.2799,0.0618,0.01106,0.3202,0.13393,-0.00963,0.30142,0.82698
3517,1089.2,37889619,2341607,0.572,0.331,11988,10829,14475,0.00863636,0,0,0.0702,0.1342,0.2804,0.087,0.01142,0.31943,0.12887,-0.00691,0.28592,0.8315
3518,1090.0,37900484,2342256,0.51,0.33,12920,10865,14503,0.00863311,0,0,0.0668,0.1163,0.2631,0.0642,0.01099,0.31886,0.13461,-0.00644,0.2966,0.83927
3519,1090.9,37911344,2342917,0.554,0.332,12253,10860,14480,0.00862985,0,0,0.0669,0.1352,0.2744,0.0779,0.01154,0.31973,0.12971,-0.00917,0.29193,0.8206
3520,1091.7,37922179,2343573,0.491,0.332,13175,10835,14481,0.0086266,0,0,0.0647,0.1213,0.265,0.0395,0.01139,0.31906,0.12966,-0.009,0.2917,0.83325
3521,1092.6,37933036,2344210,0.538,0.329,12524,10857,14485,0.00862335,0,0,0.0691,0.1379,0.2834,0.0475,0.01052,0.31766,0.13326,-0.00796,0.29646,0.81269
3522,1093.4,37943889,2344874,0.516,0.333,12773,10853,14462,0.00862009,0,0,0.0689,0.1365,0.2758,0.0352,0.01176,0.32079,0.12017,-0.00781,0.27008,0.81837
3523,1094.3,37954674,2345516,0.511,0.332,12802,10785,14402,0.00861683,0,0,0.067,0.1276,0.2713,0.045,0.01162,0.31933,0.11249,-0.00754,0.25436,0.8302
3524,1095.1,37965518,2346167,0.51,0.337,12801,10844,14502,0.0086136,0,0,0.0687,0.1329,0.2694,0.0389,0.01137,0.32481,0.12995,-0.00701,0.28755,0.79084
3525,1096.1,37976356,2346817,0.588,0.339,11687,10838,14496,0.00861034,0,0,0.0753,0.1382,0.2875,0.0871,0.01248,0.32596,0.11577,-0.00701,0.25947,0.80733
3526,1096.9,37987197,2347481,0.54,0.34,12322,10841,14485,0.00860709,0,0,0.0765,0.1328,0.2845,0.046,0.01132,0.32802,0.1226,-0.00839,0.27593,0.80962
3527,1097.8,37997983,2348130,0.528,0.334,12520,10786,14433,0.00860384,0,0,0.0642,0.1266,0.2593,0.0776,0.01111,0.32217,0.11571,-0.00746,0.26023,0.80677
3528,1098.6,38008757,2348793,0.463,0.335,13498,10774,14392,0.00860061,0,0,0.0642,0.1118,0.2534,0.0339,0.01029,0.32402,0.12535,-0.00739,0.27909,0.79176
3529,1099.4,38019547,2349435,0.47,0.334,13414,10790,14452,0.00859737,0,0,0.063,0.1162,0.2543,0.0366,0.01147,0.32216,0.12145,-0.00596,0.26871,0.8077
3530,1100.3,38030381,2350099,0.505,0.338,12847,10834,14495,0.00859414,0,0,0.0703,0.1296,0.2724,0.0331,0.01224,0.32485,0.11718,-0.00807,0.26454,0.81681
3531,1101.1,38041160,2350767,0.516,0.34,12592,10779,14415,0.00859089,0,0,0.0666,0.1213,0.2618,0.0659,0.01178,0.32795,0.11696,-0.00732,0.26273,0.82517
3532,1102.0,38051943,2351427,0.545,0.34,12183,10783,14422,0.00858765,0,0,0.0727,0.1446,0.2868,0.0407,0.01171,0.32776,0.12506,-0.00762,0.27913,0.80231
3533,1103.0,38062690,2352081,0.651,0.344,10799,10747,14383,0.00858442,0,0,0.0864,0.169,0.3121,0.0836,0.01176,0.3316,0.12959,-0.00787,0.28859,0.79596
3534,1103.9,38073474,2352741,0.577,0.347,11660,10784,14400,0.00858119,0,0,0.0782,0.146,0.3061,0.0471,0.01224,0.33408,0.12461,-0.00639,0.27564,0.79506
3535,1104.9,38084268,2353405,0.603,0.348,11357,10794,14443,0.00857796,0,0,0.0761,0.1474,0.2955,0.0837,0.01306,0.33374,0.11729,-0.00771,0.26381,0.80539
3536,1105.8,38095085,2354057,0.565,0.343,11912,10817,14456,0.00857472,0,0,0.0783,0.1511,0.2934,0.0422,0.0116,0.33067,0.12029,-0.00778,0.26933,0.76876
3537,1106.7,38105875,2354722,0.54,0.346,12177,10790,14429,0.00857147,0,0,0.0714,0.1441,0.2831,0.0412,0.01199,0.33344,0.12921,-0.00847,0.28871,0.77863
3538,1107.6,38116732,2355381,0.547,0.343,12204,10857,14492,0.00856824,0,0,0.0721,0.1391,0.2761,0.0592,0.01213,0.33027,0.14429,-0.00679,0.31552,0.7793
3539,1108.4,38127568,2356014,0.513,0.343,12659,10836,14451,0.00856498,0,0,0.0701,0.1239,0.2782,0.0404,0.01115,0.33122,0.12503,-0.0075,0.27858,0.78903
3540,1109.3,38138402,2356671,0.509,0.343,12725,10834,14481,0.00856173,0,0,0.0694,0.1268,0.2739,0.0387,0.01195,0.32981,0.13816,-0.00886,0.30787,0.80776
3541,1110.1,38149211,2357307,0.537,0.344,12265,10809,14446,0.00855848,0,0,0.0717,0.1323,0.2704,0.0632,0.01176,0.33135,0.13696,-0.0103,0.30807,0.79114
3542,1111.0,38159999,2357951,0.512,0.326,12874,10788,14436,0.00855524,0,0,0.0698,0.1223,0.2681,0.0518,0.01161,0.31364,0.14097,-0.0085,0.31272,0.80564
3543,1111.9,38170803,2358569,0.571,0.33,11983,10804,14427,0.008552,0,0,0.0684,0.138,0.28,0.0851,0.01212,0.31738,0.13406,-0.00836,0.29847,0.79736
3544,1112.7,38181639,2359210,0.498,0.334,13038,10836,14449,0.00854876,0,0,0.0661,0.122,0.268,0.0416,0.01069,0.32226,0.13715,-0.00826,0.30415,0.78043
3545,1113.6,38192464,2359836,0.546,0.329,12370,10825,14450,0.00854551,0,0,0.0746,0.1458,0.2811,0.0442,0.01175,0.31702,0.13825,-0.00988,0.30975,0.78833
3546,1114.4,38203283,2360474,0.516,0.335,12713,10819,14457,0.00854226,0,0,0.0669,0.1245,0.2897,0.0346,0.01134,0.32325,0.12747,-0.00999,0.28833,0.78496
3547,1115.3,38214111,2361106,0.542,0.332,12380,10828,14465,0.00853902,0,0,0.0703,0.1334,0.2811,0.0574,0.01105,0.32074,0.12812,-0.00633,0.28193,0.76211
3548,1116.2,38224986,2361734,0.501,0.333,13036,10875,14525,0.00853577,0,0,0.0676,0.1267,0.2688,0.038,0.01149,0.32088,0.13638,-0.01023,0.30595,0.74558
3549,1117.0,38235846,2362368,0.525,0.333,12660,10860,14495,0.0085325,0,0,0.0649,0.1272,0.2579,0.075,0.01201,0.32017,0.14237,-0.00951,0.31669,0.75748
3550,1117.8,38246689,2362990,0.484,0.33,13314,10843,14457,0.00852925,0,0,0.0653,0.1187,0.2613,0.0388,0.01143,0.31823,0.12596,-0.00815,0.28131,0.76677
3551,1118.7,38257538,2363631,0.534,0.33,12554,10849,14491,0.00852599,0,0,0.0664,0.134,0.2631,0.0704,0.01184,0.31778,0.12763,-0.00751,0.28348,0.77423
3552,1119.6,38268388,2364269,0.485,0.332,13292,10850,14471,0.00852274,0,0,0.0644,0.1186,0.2622,0.0394,0.01167,0.31946,0.12028,-0.00839,0.27042,0.76715
3553,1120.4,38279235,2364873,0.505,0.33,12991,10847,14458,0.00851948,0,0,0.0674,0.1231,0.2702,0.0443,0.01074,0.31841,0.13504,-0.00636,0.29599,0.77407
3554,1121.2,38290071,2365518,0.476,0.336,13352,10836,14445,0.00851623,0,0,0.0668,0.1153,0.2574,0.0366,0.0114,0.32362,0.12093,-0.0097,0.27453,0.77895
3555,1122.1,38300901,2366152,0.505,0.336,12872,10830,14472,0.00851298,0,0,0.0672,0.1305,0.2693,0.0385,0.01168,0.32327,0.11854,-0.00867,0.26787,0.79015
3556,1123.0,38311738,2366810,0.571,0.338,11925,10837,14482,0.00850973,0,0,0.0781,0.1387,0.2911,0.0632,0.0129,0.32375,0.12496,-0.00887,0.28127,0.79886
3557,1123.9,38322559,2367435,0.602,0.334,11557,10821,14450,0.00850648,0,0,0.0722,0.1536,0.2861,0.0903,0.01192,0.32138,0.12863,-0.00651,0.28358,0.78209
3558,1124.8,38333389,2368073,0.556,0.335,12161,10830,14465,0.00850323,0,0,0.0695,0.1314,0.2736,0.0814,0.01076,0.32336,0.12515,-0.00927,0.28198,0.77242
3559,1125.6,38344207,2368696,0.472,0.331,13461,10818,14458,0.00849998,0,0,0.0616,0.1184,0.2537,0.0387,0.01121,0.3193,0.12227,-0.00818,0.27426,0.78638
3560,1126.4,38354979,2369339,0.491,0.334,13058,10772,14396,0.00849674,0,0,0.0621,0.1122,0.2559,0.0606,0.01173,0.32116,0.1253,-0.01018,0.28429,0.78534
3561,1127.3,38365792,2369961,0.47,0.348,13215,10813,14407,0.00849351,0,0,0.0643,0.1199,0.2514,0.0348,0.01149,0.33577,0.1353,-0.01023,0.30432,0.7807
3562,1128.1,38376578,2370598,0.488,0.346,12932,10786,14423,0.00849026,0,0,0.0654,0.1209,0.2674,0.0342,0.01188,0.33368,0.11889,-0.00818,0.26743,0.78374
3563,1129.0,38387347,2371218,0.519,0.35,12393,10769,14428,0.00848703,0,0,0.0677,0.119,0.277,0.055,0.01203,0.33765,0.12245,-0.00667,0.27155,0.78467
3564,1129.8,38398119,2371857,0.484,0.345,12993,10772,14423,0.0084838,0,0,0.0659,0.1208,0.2613,0.036,0.01136,0.33301,0.12676,-0.00822,0.28334,0.78892
3565,1130.7,38408872,2372480,0.536,0.348,12178,10753,14391,0.00848056,0,0,0.0693,0.1331,0.2738,0.0593,0.01166,0.33517,0.11941,-0.01027,0.27288,0.79713
3566,1131.6,38419697,2373138,0.567,0.35,11803,10825,14449,0.00847734,0,0,0.0744,0.1454,0.2954,0.052,0.01174,0.33639,0.12039,-0.00785,0.27015,0.80693
3567,1132.6,38430526,2373783,0.701,0.344,10360,10829,14481,0.00847409,0,0,0.0955,0.2082,0.3358,0.0616,0.01107,0.33241,0.13454,-0.00918,0.30126,0.81597
3568,1133.7,38441319,2374398,0.713,0.351,10139,10793,14419,0.00847084,0,0,0.0967,0.2046,0.3571,0.055,0.01349,0.33685,0.13288,-0.00806,0.29526,0.79023
3569,1134.7,38452151,2375065,0.676,0.356,10498,10832,14457,0.0084676,0,0,0.0921,0.1875,0.3268,0.0694,0.01318,0.34186,0.12729,-0.0094,0.28721,0.81731
3570,1135.7,38462921,2375700,0.638,0.353,10878,10770,14421,0.00846435,0,0,0.0844,0.1858,0.3215,0.0459,0.01252,0.33925,0.14115,-0.00905,0.31437,0.82435
3571,1136.7,38473705,2376338,0.641,0.349,10898,10784,14369,0.00846112,0,0,0.0815,0.1742,0.3196,0.0656,0.01223,0.33527,0.12608,-0.00972,0.28561,0.82732
3572,1137.7,38484438,2376985,0.607,0.352,11191,10733,14365,0.00845789,0,0,0.0816,0.1696,0.3146,0.0415,0.01257,0.33828,0.12849,-0.0091,0.28949,0.84567
3573,1138.6,38495224,2377636,0.584,0.347,11589,10786,14446,0.00845467,0,0,0.0757,0.1485,0.2952,0.0641,0.01191,0.3344,0.12983,-0.00832,0.2908,0.85756
3574,1139.5,38506036,2378261,0.557,0.347,11953,10812,14422,0.00845143,0,0,0.0752,0.1347,0.2876,0.0596,0.01197,0.33468,0.13158,-0.00644,0.28981,0.81549
3575,1140.6,38516796,2378899,0.71,0.348,10169,10760,14399,0.00844819,0,0,0.0848,0.1939,0.3273,0.1043,0.01191,0.3352,0.12678,-0.00875,0.28532,0.84429
3576,1141.6,38527543,2379530,0.64,0.353,10824,10747,14392,0.00844496,0,0,0.0889,0.1839,0.3186,0.0489,0.01223,0.33974,0.13084,-0.01004,0.29592,0.83827
3577,1142.6,38538316,2380166,0.635,0.349,10939,10773,14409,0.00844174,0,0,0.0882,0.175,0.3209,0.0514,0.01302,0.33557,0.12883,-0.01124,0.29443,0.84692
3578,1143.5,38549097,2380790,0.631,0.338,11126,10781,14373,0.00843851,0,0,0.0919,0.1639,0.312,0.0635,0.01212,0.32478,0.13575,-0.00782,0.30149,0.84984
3579,1144.4,38559873,2381422,0.559,0.338,12011,10776,14404,0.00843527,0,0,0.0745,0.1425,0.2841,0.058,0.01188,0.32551,0.13404,-0.01025,0.30275,0.83968
3580,1145.3,38570622,2382054,0.513,0.333,12710,10749,14383,0.00843204,0,0,0.0694,0.1326,0.2728,0.038,0.0121,0.31992,0.14427,-0.01082,0.32427,0.83562
3581,1146.2,38581444,2382685,0.63,0.335,11211,10822,14417,0.00842881,0,0,0.0781,0.1578,0.3045,0.0895,0.01186,0.32275,0.12514,-0.01043,0.28533,0.8421
3582,1147.2,38592233,2383329,0.607,0.334,11470,10789,14449,0.00842557,0,0,0.0859,0.1608,0.3112,0.0486,0.01125,0.32198,0.13136,-0.01114,0.29956,0.86409
3583,1148.3,38602991,2383975,0.757,0.334,9857,10758,14383,0.00842233,0,0,0.0847,0.2125,0.3551,0.1049,0.01215,0.32123,0.13412,-0.00866,0.2998,0.84502
3584,1149.3,38613733,2384620,0.656,0.338,10802,10742,14384,0.0084191,0,0,0.0865,0.1833,0.3259,0.0604,0.01223,0.32525,0.12865,-0.00949,0.29071,0.85715
3585,1150.2,38624492,2385240,0.584,0.334,11719,10759,14379,0.00841588,0,0,0.0719,0.1434,0.2872,0.0816,0.01145,0.32168,0.14127,-0.00696,0.31059,0.83909
3586,1151.1,38635289,2385882,0.564,0.333,12033,10797,14436,0.00841265,0,0,0.0731,0.147,0.2879,0.056,0.01174,0.32098,0.13825,-0.00807,0.30672,0.83646
3587,1152.0,38646068,2386526,0.592,0.337,11602,10779,14434,0.00840941,0,0,0.0768,0.1593,0.3024,0.0534,0.01312,0.32323,0.14648,-0.00917,0.3255,0.84476
3588,1153.0,38656873,2387167,0.619,0.339,11285,10805,14448,0.00840618,0,0,0.0875,0.1631,0.3151,0.0532,0.01195,0.32581,0.14779,-0.00601,0.32188,0.84887
3589,1153.9,38667564,2387803,0.64,0.335,10960,10691,14344,0.00840294,0,0,0.0822,0.1745,0.3098,0.0736,0.01183,0.32253,0.1401,-0.00803,0.31013,0.82609
3590,1154.9,38678294,2388445,0.652,0.336,10863,10730,14373,0.00839973,0,0,0.0869,0.1701,0.3394,0.0558,0.01193,0.32287,0.14402,-0.00772,0.31762,0.8418
3591,1155.9,38688974,2389079,0.616,0.333,11259,10680,14313,0.00839651,0,0,0.0756,0.1572,0.2991,0.0842,0.01154,0.32018,0.15508,-0.01018,0.3446,0.83903
3592,1156.7,38699640,2389716,0.524,0.334,12442,10666,14311,0.00839331,0,0,0.0696,0.1357,0.2768,0.0417,0.01199,0.32053,0.13857,-0.01032,0.31143,0.81303
3593,1157.7,38710343,2390353,0.605,0.337,11366,10703,14323,0.00839011,0,0,0.0815,0.1657,0.3079,0.0498,0.0131,0.32289,0.15051,-0.00859,0.33195,0.81959
3594,1158.7,38721037,2390993,0.685,0.34,10430,10694,14347,0.0083869,0,0,0.0859,0.1815,0.3429,0.0745,0.01355,0.32606,0.15039,-0.00929,0.33275,0.7984
3595,1159.7,38731763,2391630,0.635,0.342,10985,10726,14333,0.00838369,0,0,0.0879,0.173,0.3232,0.0507,0.01337,0.32731,0.14667,-0.01019,0.32696,0.78998
3596,1160.7,38742465,2392293,0.646,0.343,10819,10702,14343,0.00838047,0,0,0.0851,0.1766,0.3359,0.0487,0.01317,0.329,0.15212,-0.00901,0.33565,0.7989
3597,1161.6,38753167,2392937,0.595,0.341,11429,10702,14329,0.00837726,0,0,0.0718,0.1487,0.2826,0.0923,0.01165,0.32809,0.14503,-0.0067,0.31712,0.81538
3598,1162.5,38763912,2393582,0.579,0.34,11686,10745,14369,0.00837405,0,0,0.0754,0.1489,0.2976,0.0575,0.01141,0.32779,0.15086,-0.01014,0.33527,0.79243
3599,1163.6,38774644,2394229,0.696,0.338,10381,10732,14401,0.00837083,0,0,0.0836,0.184,0.3269,0.101,0.01196,0.3254,0.14484,-0.00868,0.32067,0.81295
3600,1164.6,38785405,2394882,0.662,0.35,10635,10761,14393,0.00836761,0,0,0.0895,0.1806,0.338,0.0537,0.01271,0.33652,0.14316,-0.00889,0.31737,0.79258
3601,1166.1,38796134,2395537,0.755,0.368,9557,10729,14388,0.00836438,0,0,0.0933,0.1949,0.3502,0.1162,0.01554,0.3518,0.1364,-0.00823,0.30299,0.82045
3602,1167.1,38806866,2396168,0.52,0.332,12590,10732,14375,0.00836116,0,0,0.0719,0.1337,0.2822,0.0326,0.01075,0.32059,0.13368,-0.00802,0.29719,0.82462
3603,1167.9,38817593,2396824,0.463,0.336,13436,10727,14365,0.00835794,0,0,0.0627,0.1108,0.2545,0.0347,0.011,0.32402,0.12878,-0.00899,0.28921,0.81871
3604,1168.7,38828307,2397456,0.479,0.339,13105,10714,14341,0.00835472,0,0,0.0617,0.1101,0.2528,0.054,0.01142,0.32702,0.1542,-0.00995,0.34174,0.80517
3605,1169.6,38839106,2398104,0.506,0.338,12807,10799,14433,0.00835151,0,0,0.065,0.1246,0.266,0.0501,0.01157,0.32525,0.14131,-0.01106,0.31822,0.8072
3606,1170.4,38849866,2398750,0.512,0.339,12643,10760,14402,0.00834827,0,0,0.0705,0.1258,0.2764,0.0396,0.01148,0.32668,0.14568,-0.01021,0.32533,0.81258
3607,1171.3,38860590,2399382,0.554,0.335,12064,10724,14365,0.00834504,0,0,0.068,0.1283,0.2687,0.0893,0.01062,0.3233,0.14708,-0.00936,0.32676,0.83181
3608,1172.2,38871291,2399997,0.519,0.339,12463,10701,14323,0.00834182,0,0,0.0689,0.1255,0.2651,0.0597,0.01068,0.32783,0.14329,-0.01266,0.32543,0.81107
3609,1173.2,38882039,2400611,0.642,0.369,10624,10748,14364,0.00833861,0,0,0.065,0.123,0.2617,0.1925,0.01244,0.35605,0.14858,-0.01133,0.33375,0.83434
3610,1174.0,38892842,2401232,0.505,0.366,12400,10803,14422,0.00833539,0,0,0.0675,0.1179,0.2739,0.0458,0.01202,0.35338,0.14156,-0.01072,0.3184,0.82989
3611,1174.9,38903551,2401860,0.497,0.34,12805,10709,14328,0.00833215,0,0,0.0682,0.1186,0.2733,0.0366,0.01121,0.32771,0.13691,-0.01211,0.31186,0.82907
3612,1175.7,38914298,2402460,0.469,0.34,13287,10747,14399,0.00832893,0,0,0.0617,0.1167,0.2527,0.0375,0.01193,0.32775,0.13998,-0.01134,0.31645,0.82899
3613,1176.5,38925113,2403052,0.506,0.34,12787,10815,14408,0.00832571,0,0,0.0638,0.11,0.2564,0.0754,0.0124,0.32708,0.13712,-0.00911,0.30632,0.83243
3614,1177.3,38935851,2403652,0.47,0.337,13297,10738,14378,0.00832247,0,0,0.0615,0.1125,0.253,0.0432,0.01131,0.32543,0.14182,-0.007,0.31144,0.82888
3615,1178.1,38946621,2404272,0.437,0.337,13904,10770,14401,0.00831924,0,0,0.057,0.1057,0.2393,0.0353,0.01145,0.32524,0.13437,-0.00989,0.30238,0.83299
3616,1178.9,38957395,2404884,0.456,0.34,13538,10774,14383,0.00831601,0,0,0.0564,0.1011,0.2459,0.0527,0.01109,0.32791,0.13386,-0.01082,0.3031,0.82571
3617,1179.7,38968173,2405518,0.463,0.336,13488,10778,14432,0.00831278,0,0,0.0603,0.1157,0.252,0.035,0.01095,0.32444,0.13773,-0.01015,0.30945,0.82356
3618,1180.6,38978945,2406132,0.489,0.352,12809,10772,14387,0.00830955,0,0,0.0624,0.1226,0.2669,0.0369,0.01152,0.3402,0.1283,-0.01302,0.29635,0.82458
3619,1181.5,38989752,2406753,0.505,0.385,12152,10807,14423,0.00830632,0,0,0.0626,0.1111,0.2584,0.0724,0.01185,0.37228,0.1304,-0.00988,0.29411,0.81625
3620,1182.4,39000489,2407381,0.541,0.382,11636,10737,14392,0.00830307,0,0,0.0741,0.1363,0.2893,0.0413,0.01284,0.36829,0.12769,-0.01185,0.29256,0.81098
3621,1183.2,39011290,2408013,0.491,0.347,12880,10801,14406,0.00829985,0,0,0.0638,0.1151,0.2669,0.0455,0.01063,0.33594,0.13453,-0.00869,0.29954,0.78952
3622,1184.0,39022117,2408646,0.467,0.347,13302,10827,14471,0.00829661,0,0,0.057,0.1012,0.2448,0.0641,0.0107,0.33548,0.13499,-0.00837,0.29973,0.78358
3623,1184.8,39032906,2409270,0.451,0.35,13465,10789,14413,0.00829336,0,0,0.0593,0.1073,0.2477,0.0367,0.01137,0.33827,0.13144,-0.00984,0.2955,0.78027
3624,1185.6,39043678,2409892,0.445,0.347,13612,10772,14411,0.00829013,0,0,0.0579,0.1064,0.2479,0.0325,0.0112,0.33495,0.13242,-0.01104,0.29968,0.7693
3625,1186.4,39054409,2410520,0.469,0.346,13178,10731,14358,0.0082869,0,0,0.0562,0.0983,0.2382,0.076,0.01084,0.33429,0.13571,-0.01015,0.30495,0.79792
3626,1187.2,39065190,2411153,0.42,0.354,13932,10781,14407,0.00828368,0,0,0.0553,0.0981,0.2367,0.0297,0.01134,0.34201,0.13742,-0.00794,0.30361,0.77783
3627,1188.0,39075961,2411767,0.467,0.352,13158,10771,14378,0.00828044,0,0,0.0622,0.1095,0.2574,0.0379,0.01041,0.34049,0.13896,-0.00991,0.31055,0.77325
3628,1188.9,39086690,2412419,0.482,0.378,12467,10729,14377,0.00827721,0,0,0.0606,0.1109,0.2672,0.0434,0.01204,0.36582,0.12778,-0.008,0.28437,0.77404
3629,1189.7,39097444,2413046,0.482,0.374,12563,10754,14349,0.00827399,0,0,0.0608,0.1097,0.256,0.0556,0.01202,0.36112,0.14566,-0.00958,0.32305,0.75931
3630,1190.6,39108245,2413687,0.476,0.374,12712,10801,14415,0.00827077,0,0,0.062,0.1146,0.2596,0.0397,0.01192,0.36129,0.13755,-0.01003,0.30781,0.76465
3631,1191.5,39119017,2414309,0.513,0.347,12514,10772,14417,0.00826753,0,0,0.0616,0.1179,0.255,0.0789,0.01231,0.33432,0.13219,-0.00829,0.29342,0.75339
3632,1192.4,39129811,2414956,0.588,0.349,11521,10794,14416,0.00826429,0,0,0.0774,0.1552,0.3046,0.0506,0.01179,0.33645,0.13313,-0.00937,0.29718,0.73689
3633,1193.3,39140568,2415588,0.589,0.349,11466,10757,14392,0.00826106,0,0,0.0787,0.1546,0.3075,0.0483,0.01222,0.33601,0.13747,-0.00733,0.30176,0.73723
3634,1194.3,39151346,2416223,0.587,0.347,11539,10778,14401,0.00825783,0,0,0.0799,0.1566,0.3065,0.044,0.01185,0.33438,0.14675,-0.00976,0.32525,0.74073
3635,1195.2,39162136,2416853,0.608,0.35,11264,10790,14431,0.0082546,0,0,0.0819,0.1591,0.3172,0.0495,0.01174,0.33767,0.14195,-0.00696,0.30995,0.73525
3636,1196.2,39172974,2417486,0.64,0.378,10646,10838,14467,0.00825136,0,0,0.084,0.1748,0.3286,0.0525,0.01373,0.36362,0.14702,-0.00944,0.32501,0.73236
3637,1197.4,39183704,2418117,0.777,0.384,9246,10730,14356,0.00824811,0,0,0.0996,0.1963,0.3799,0.1009,0.01259,0.3702,0.13367,-0.00783,0.29498,0.72592
3638,1198.4,39194435,2418754,0.616,0.366,10926,10731,14371,0.00824489,0,0,0.0819,0.1539,0.3322,0.0481,0.01241,0.35238,0.13545,-0.00758,0.29832,0.74327
3639,1199.4,39205246,2419396,0.706,0.325,10486,10811,14440,0.00824167,0,0,0.0881,0.1903,0.3414,0.0866,0.01266,0.31134,0.13264,-0.00868,0.29484,0.74091
3640,1200.4,39216002,2420022,0.649,0.303,11293,10756,14373,0.00823843,0,0,0.0898,0.1808,0.3284,0.05,0.01171,0.29077,0.13929,-0.00978,0.31017,0.73001
3641,1201.3,39226774,2420666,0.595,0.302,12013,10772,14432,0.0082352,0,0,0.0792,0.1644,0.3063,0.0446,0.01162,0.29001,0.1401,-0.00916,0.31091,0.75273
3642,1202.3,39237497,2421308,0.57,0.329,11937,10723,14388,0.00823197,0,0,0.0754,0.1442,0.3068,0.0431,0.01199,0.31504,0.13818,-0.00886,0.30626,0.73894
3643,1203.3,39248293,2421938,0.68,0.333,10657,10796,14421,0.00822875,0,0,0.0896,0.1866,0.3501,0.0537,0.012,0.32014,0.13522,-0.00732,0.29717,0.73575
3644,1204.3,39259099,2422589,0.702,0.329,10476,10806,14461,0.00822551,0,0,0.0852,0.21,0.3601,0.0469,0.01356,0.31495,0.13038,-0.00766,0.28816,0.73387
3645,1205.3,39269835,2423212,0.629,0.332,11173,10736,14372,0.00822227,0,0,0.0791,0.1583,0.3261,0.065,0.01226,0.31934,0.14686,-0.00914,0.32409,0.73516
3646,1206.2,39280633,2423857,0.57,0.327,12036,10798,14415,0.00821905,0,0,0.0756,0.1356,0.3039,0.0545,0.01176,0.31501,0.13803,-0.00816,0.30393,0.70247
3647,1207.1,39291416,2424496,0.621,0.305,11646,10783,14411,0.00821581,0,0,0.0728,0.1574,0.3096,0.0815,0.01195,0.29205,0.14046,-0.00904,0.31044,0.69527
3648,1207.9,39302255,2425135,0.518,0.305,13171,10839,14482,0.00821258,0,0,0.0718,0.1302,0.2744,0.0418,0.01316,0.29058,0.12889,-0.00946,0.28865,0.72746
3649,1208.8,39313044,2425755,0.528,0.298,13058,10789,14428,0.00820932,0,0,0.068,0.1353,0.2823,0.0428,0.01083,0.28642,0.14127,-0.0093,0.31275,0.70786
3650,1209.6,39323804,2426390,0.525,0.303,12994,10760,14370,0.00820609,0,0,0.072,0.1285,0.2737,0.0506,0.01145,0.29111,0.14519,-0.0067,0.31525,0.69858
3651,1210.4,39334586,2427009,0.51,0.3,13305,10782,14418,0.00820286,0,0,0.0703,0.1287,0.2734,0.0381,0.01086,0.28839,0.13193,-0.00905,0.29373,0.71802
3652,1211.3,39345368,2427634,0.564,0.301,12467,10782,14415,0.00819962,0,0,0.0722,0.1396,0.2841,0.0678,0.01192,0.28788,0.13012,-0.00793,0.28792,0.72013
3653,1212.2,39356158,2428258,0.572,0.301,12358,10790,14402,0.00819639,0,0,0.073,0.1413,0.2993,0.0588,0.01144,0.2881,0.11657,-0.00893,0.26247,0.69952
3654,1213.0,39366922,2428898,0.518,0.301,13136,10764,14400,0.00819315,0,0,0.0678,0.1337,0.2733,0.0435,0.01226,0.28818,0.12237,-0.00469,0.26537,0.68726
3655,1213.9,39377695,2429519,0.619,0.298,11752,10773,14410,0.00818992,0,0,0.0717,0.1522,0.2982,0.097,0.01176,0.2852,0.12545,-0.00852,0.27965,0.7159
3656,1214.7,39388475,2430152,0.505,0.286,13619,10780,14431,0.00818669,0,0,0.0679,0.1255,0.2721,0.0399,0.01087,0.27466,0.13752,-0.00804,0.30296,0.72307
3657,1215.5,39399261,2430780,0.51,0.288,13519,10786,14439,0.00818346,0,0,0.0695,0.1278,0.273,0.0395,0.01125,0.27609,0.12574,-0.00881,0.28141,0.75162
3658,1216.3,39410057,2431412,0.514,0.29,13425,10796,14427,0.00818022,0,0,0.0665,0.1369,0.2765,0.0341,0.01134,0.27826,0.1313,-0.0066,0.28756,0.71836
3659,1217.1,39420892,2432048,0.48,0.298,13932,10835,14481,0.00817698,0,0,0.0645,0.1126,0.2601,0.0427,0.011,0.28611,0.12488,-0.00824,0.27838,0.74253
3660,1218.0,39431705,2432681,0.548,0.288,12946,10813,14446,0.00817373,0,0,0.072,0.1425,0.2831,0.0499,0.01192,0.27514,0.1354,-0.00831,0.29961,0.74601
3661,1218.8,39442584,2433303,0.535,0.289,13191,10879,14480,0.00817049,0,0,0.068,0.1267,0.2682,0.0724,0.01177,0.27698,0.13777,-0.00686,0.30135,0.73969
3662,1219.6,39453408,2433930,0.506,0.294,13544,10824,14455,0.00816722,0,0,0.0675,0.1261,0.2712,0.0408,0.01192,0.28093,0.12944,-0.00875,0.28871,0.75455
3663,1220.4,39464231,2434548,0.548,0.289,12932,10823,14493,0.00816398,0,0,0.0655,0.131,0.2783,0.073,0.01149,0.27704,0.13508,-0.00694,0.29651,0.76344
3664,1221.2,39475063,2435185,0.494,0.298,13680,10832,14480,0.00816073,0,0,0.0654,0.1211,0.2616,0.0458,0.01106,0.28617,0.12835,-0.00505,0.27894,0.7445
3665,1222.0,39485897,2435815,0.515,0.284,13551,10834,14487,0.00815748,0,0,0.0669,0.13,0.2744,0.0437,0.01134,0.2725,0.13233,-0.00602,0.28922,0.76724
3666,1222.8,39496703,2436455,0.467,0.289,14310,10806,14450,0.00815423,0,0,0.0632,0.1114,0.2533,0.0387,0.01193,0.276,0.13175,-0.00704,0.29008,0.76626
3667,1223.6,39507523,2437099,0.513,0.295,13389,10820,14465,0.00815099,0,0,0.0659,0.1242,0.2708,0.0524,0.01152,0.28273,0.13375,-0.00978,0.29938,0.75546
3668,1224.4,39518379,2437712,0.542,0.294,12985,10856,14504,0.00814774,0,0,0.0757,0.1417,0.2842,0.0403,0.01154,0.28197,0.12923,-0.00958,0.28993,0.75551
3669,1225.2,39529200,2438320,0.533,0.296,13063,10821,14480,0.00814449,0,0,0.0647,0.1223,0.2666,0.0791,0.01169,0.28332,0.11816,-0.01008,0.26905,0.77126
3670,1226.0,39540049,2438932,0.52,0.292,13360,10849,14491,0.00814124,0,0,0.0734,0.1353,0.2747,0.0365,0.01114,0.28009,0.13276,-0.00884,0.29536,0.7477
3671,1226.9,39550868,2439569,0.522,0.295,13250,10819,14423,0.00813799,0,0,0.0674,0.1362,0.2745,0.0434,0.01164,0.28277,0.1446,-0.00953,0.32049,0.75094
3672,1227.7,39561667,2440198,0.516,0.307,13131,10799,14449,0.00813474,0,0,0.0646,0.1192,0.2608,0.0712,0.01088,0.29514,0.13977,-0.00753,0.30712,0.76973
3673,1228.6,39572475,2440819,0.554,0.316,12414,10808,14452,0.0081315,0,0,0.0746,0.1446,0.2899,0.0451,0.01174,0.30402,0.12513,-0.01064,0.28401,0.76626
3674,1229.4,39583298,2441428,0.539,0.318,12631,10823,14450,0.00812826,0,0,0.075,0.1357,0.2909,0.0372,0.01243,0.30472,0.14022,-0.0059,0.30437,0.74555
3675,1230.3,39594028,2442054,0.591,0.32,11774,10730,14389,0.00812501,0,0,0.0738,0.1414,0.2879,0.088,0.01204,0.30706,0.12209,-0.00724,0.27122,0.77328
3676,1231.2,39604826,2442680,0.545,0.291,12926,10798,14459,0.00812179,0,0,0.0745,0.1412,0.2936,0.0354,0.01158,0.27853,0.13316,-0.00949,0.29804,0.7836
3677,1232.0,39615616,2443296,0.54,0.293,12950,10790,14439,0.00811855,0,0,0.0695,0.1352,0.2808,0.0549,0.01165,0.28048,0.13532,-0.00857,0.30011,0.75962
3678,1232.8,39626411,2443923,0.556,0.295,12691,10795,14456,0.00811532,0,0,0.0697,0.1306,0.2739,0.0817,0.01277,0.28089,0.12377,-0.01049,0.28079,0.75662
3679,1233.7,39637220,2444545,0.584,0.29,12378,10809,14472,0.00811208,0,0,0.0742,0.1594,0.2883,0.0617,0.01209,0.27689,0.12484,-0.00714,0.27616,0.75235
3680,1234.6,39648007,2445159,0.577,0.29,12449,10787,14439,0.00810883,0,0,0.0736,0.1445,0.292,0.0667,0.01169,0.27724,0.12222,-0.00843,0.27385,0.77443
3681,1235.4,39658802,2445808,0.527,0.288,13246,10795,14430,0.0081056,0,0,0.0708,0.1374,0.2777,0.0406,0.01138,0.27653,0.12851,-0.00983,0.28919,0.77191
3682,1236.2,39669629,2446442,0.535,0.304,12913,10827,14499,0.00810236,0,0,0.0705,0.1419,0.2816,0.041,0.01205,0.2906,0.1278,-0.00896,0.28563,0.74782
3683,1237.1,39680452,2447067,0.569,0.302,12416,10823,14456,0.00809911,0,0,0.071,0.1388,0.2869,0.0726,0.01136,0.29034,0.13361,-0.00829,0.29575,0.73838
3684,1237.9,39691287,2447693,0.529,0.304,13011,10835,14477,0.00809586,0,0,0.0678,0.1311,0.2851,0.0452,0.01146,0.29148,0.13318,-0.00837,0.29507,0.73861
3685,1238.8,39702071,2448312,0.593,0.294,12152,10784,14434,0.00809261,0,0,0.077,0.1574,0.2993,0.0592,0.0118,0.28183,0.1255,-0.008,0.27886,0.73232
3686,1239.7,39712804,2448942,0.591,0.296,12103,10733,14378,0.00808938,0,0,0.0728,0.1416,0.2947,0.0819,0.01118,0.28398,0.12533,-0.00873,0.27989,0.72727
3687,1240.6,39723591,2449574,0.553,0.293,12736,10787,14431,0.00808616,0,0,0.0729,0.1481,0.287,0.0455,0.01168,0.28118,0.1397,-0.00864,0.30835,0.72154
3688,1241.4,39734362,2450214,0.545,0.292,12862,10771,14409,0.00808292,0,0,0.0747,0.1444,0.2874,0.0385,0.01104,0.28056,0.13307,-0.00809,0.29434,0.74313
3689,1242.4,39745111,2450834,0.667,0.3,11120,10749,14391,0.00807969,0,0,0.0766,0.1883,0.3172,0.0845,0.01188,0.28757,0.14186,-0.00973,0.31498,0.72978
3690,1243.3,39755886,2451466,0.597,0.296,12064,10775,14455,0.00807647,0,0,0.0772,0.1608,0.3074,0.0519,0.01175,0.283,0.13715,-0.01104,0.3085,0.75086
3691,1244.2,39766700,2452099,0.609,0.295,11963,10814,14466,0.00807323,0,0,0.0769,0.1676,0.3195,0.0452,0.0121,0.28182,0.13634,-0.00932,0.30347,0.75245
3692,1245.2,39777495,2452716,0.695,0.298,10870,10795,14447,0.00806999,0,0,0.1016,0.1891,0.3326,0.0721,0.01153,0.28532,0.13467,-0.00977,0.30097,0.74947
3693,1246.1,39788308,2453348,0.632,0.296,11657,10813,14453,0.00806675,0,0,0.0816,0.1839,0.3164,0.0497,0.01182,0.28311,0.13137,-0.00958,0.29393,0.74563
3694,1246.9,39799132,2453979,0.547,0.287,12968,10824,14477,0.00806351,0,0,0.0766,0.1405,0.2913,0.0388,0.01126,0.2753,0.12603,-0.00931,0.2826,0.73825
3695,1247.8,39809935,2454606,0.616,0.291,11911,10803,14441,0.00806026,0,0,0.0727,0.1621,0.3014,0.0802,0.0123,0.27737,0.12268,-0.00902,0.27558,0.75579
3696,1248.7,39820741,2455228,0.57,0.288,12589,10806,14458,0.00805702,0,0,0.0767,0.1557,0.3011,0.0369,0.01111,0.27635,0.13524,-0.00882,0.30019,0.74895
3697,1249.5,39831579,2455864,0.523,0.288,13372,10838,14503,0.00805378,0,0,0.0723,0.1314,0.2783,0.0409,0.01154,0.27536,0.12768,-0.01126,0.29044,0.78045
3698,1250.3,39842388,2456470,0.498,0.289,13734,10809,14461,0.00805053,0,0,0.0664,0.1312,0.2661,0.0343,0.01226,0.27628,0.13984,-0.01076,0.31322,0.74671
3699,1251.1,39853192,2457104,0.533,0.287,13175,10804,14460,0.00804728,0,0,0.0686,0.1341,0.2742,0.056,0.01035,0.27617,0.1399,-0.00671,0.30514,0.74057
3700,1251.9,39863990,2457726,0.471,0.289,14195,10798,14446,0.00804404,0,0,0.0628,0.1172,0.2578,0.0336,0.01103,0.27761,0.14862,-0.00663,0.32273,0.76043
3701,1252.7,39874796,2458356,0.525,0.299,13106,10806,14471,0.0080408,0,0,0.0677,0.1185,0.2585,0.0804,0.01124,0.28753,0.13674,-0.00828,0.30212,0.75219
3702,1253.6,39885574,2458984,0.495,0.297,13617,10778,14412,0.00803756,0,0,0.0685,0.1202,0.2682,0.0381,0.01145,0.28443,0.1342,-0.01058,0.30185,0.76537
3703,1254.4,39896355,2459588,0.5,0.296,13549,10781,14400,0.00803433,0,0,0.0669,0.1271,0.2655,0.0403,0.0107,0.28454,0.14385,-0.00965,0.31904,0.74858
3704,1255.2,39907131,2460212,0.49,0.295,13720,10776,14407,0.00803109,0,0,0.065,0.118,0.2483,0.0586,0.01042,0.28428,0.1335,-0.00861,0.29639,0.7577
3705,1256.0,39917951,2460819,0.503,0.296,13541,10820,14419,0.00802786,0,0,0.0693,0.1301,0.2643,0.0391,0.01071,0.28499,0.13483,-0.00937,0.3004,0.74803
3706,1256.8,39928708,2461441,0.526,0.3,13028,10757,14388,0.00802461,0,0,0.0703,0.1378,0.283,0.0347,0.01285,0.28589,0.13798,-0.00989,0.30759,0.73793
3707,1257.6,39939544,2462047,0.55,0.299,12775,10836,14462,0.00802139,0,0,0.0709,0.1316,0.2721,0.075,0.01159,0.28644,0.12976,-0.00818,0.28773,0.73887
3708,1258.4,39950341,2462660,0.504,0.299,13435,10797,14396,0.00801814,0,0,0.0678,0.1206,0.2669,0.0491,0.01138,0.28697,0.14417,-0.01061,0.32123,0.7277
3709,1259.3,39961153,2463260,0.516,0.297,13298,10812,14426,0.0080149,0,0,0.0676,0.1311,0.2704,0.0468,0.01137,0.28524,0.13656,-0.00789,0.30052,0.72424
3710,1260.1,39971949,2463879,0.508,0.297,13424,10796,14401,0.00801165,0,0,0.0646,0.1173,0.2529,0.0729,0.01115,0.28481,0.14597,-0.00881,0.32111,0.72067
3711,1260.9,39982702,2464496,0.501,0.299,13438,10753,14396,0.00800842,0,0,0.0656,0.1298,0.2629,0.0426,0.01115,0.28748,0.13635,-0.00969,0.30357,0.7176
3712,1261.7,39993508,2465114,0.588,0.302,12141,10806,14429,0.00800519,0,0,0.0802,0.1637,0.305,0.0392,0.01144,0.2896,0.1408,-0.01056,0.31451,0.73579
3713,1262.6,40004310,2465725,0.58,0.303,12241,10802,14402,0.00800195,0,0,0.0735,0.1412,0.2821,0.0831,0.012,0.28985,0.13771,-0.01227,0.31164,0.72956
3714,1263.5,40015058,2466344,0.584,0.316,11950,10748,14363,0.00799871,0,0,0.0778,0.1586,0.304,0.0433,0.01284,0.30209,0.13687,-0.01079,0.30689,0.72309
3715,1264.5,40025835,2466944,0.621,0.318,11482,10777,14380,0.00799548,0,0,0.079,0.1524,0.3141,0.0753,0.01502,0.30183,0.13832,-0.01091,0.30988,0.71483
3716,1265.4,40036584,2467561,0.61,0.299,11817,10749,14357,0.00799225,0,0,0.0835,0.1527,0.3123,0.0619,0.01057,0.28776,0.14135,-0.01023,0.31486,0.73202
3717,1266.3,40047314,2468186,0.608,0.3,11817,10730,14331,0.00798902,0,0,0.0827,0.1561,0.3075,0.0613,0.01182,0.2879,0.1406,-0.00971,0.31226,0.72848
3718,1267.2,40058115,2468794,0.583,0.312,12075,10801,14421,0.00798581,0,0,0.0737,0.153,0.3149,0.0411,0.01152,0.29963,0.14554,-0.00822,0.31888,0.71264
3719,1268.1,40068898,2469407,0.626,0.307,11553,10783,14417,0.00798257,0,0,0.0765,0.1629,0.3034,0.0835,0.01225,0.29415,0.1343,-0.00896,0.29819,0.7303
3720,1268.9,40079704,2470021,0.491,0.307,13545,10806,14410,0.00797933,0,0,0.0665,0.1228,0.2614,0.0401,0.01178,0.29442,0.1318,-0.01002,0.29517,0.72339
3721,1269.8,40090404,2470615,0.622,0.301,11599,10700,14303,0.00797609,0,0,0.081,0.154,0.2921,0.0949,0.01276,0.28691,0.13589,-0.00974,0.30282,0.72478
3722,1270.9,40101172,2471261,0.731,0.289,10562,10768,14410,0.00797288,0,0,0.0821,0.1727,0.3053,0.1705,0.01193,0.27637,0.13624,-0.00832,0.30082,0.73449
3723,1271.8,40111875,2471881,0.61,0.286,11945,10703,14318,0.00796965,0,0,0.0676,0.1274,0.284,0.1307,0.01051,0.27488,0.13091,-0.00779,0.28893,0.72371
3724,1272.6,40122636,2472512,0.565,0.285,12651,10761,14377,0.00796644,0,0,0.0752,0.1525,0.2986,0.0393,0.01101,0.27352,0.13462,-0.00962,0.29994,0.71928
3725,1273.4,40133386,2473124,0.53,0.286,13166,10750,14372,0.00796321,0,0,0.0657,0.128,0.2795,0.0572,0.01173,0.27361,0.14087,-0.00831,0.30965,0.70856
3726,1274.2,40144140,2473738,0.502,0.289,13599,10754,14360,0.00795998,0,0,0.0672,0.1235,0.2691,0.0422,0.01236,0.27576,0.12729,-0.01158,0.28919,0.71904
3727,1275.0,40154863,2474359,0.55,0.286,12840,10723,14332,0.00795676,0,0,0.0715,0.1287,0.2817,0.0677,0.01119,0.27383,0.14035,-0.0105,0.3132,0.72317
3728,1275.8,40165637,2474977,0.487,0.286,13938,10774,14398,0.00795354,0,0,0.0662,0.1138,0.2656,0.0412,0.0113,0.27429,0.14426,-0.00996,0.31957,0.69994
3729,1276.6,40176350,2475586,0.508,0.287,13475,10713,14310,0.00795031,0,0,0.0684,0.1242,0.267,0.0488,0.01134,0.27455,0.13229,-0.00529,0.2861,0.68922
3730,1277.4,40187070,2476222,0.479,0.285,14035,10720,14336,0.0079471,0,0,0.0643,0.1145,0.2541,0.0457,0.01104,0.27354,0.12073,-0.0097,0.27235,0.72274
3731,1278.1,40197866,2476838,0.455,0.285,14587,10796,14413,0.00794388,0,0,0.0627,0.1113,0.2457,0.0351,0.01048,0.2741,0.14302,-0.00935,0.31599,0.70803
3732,1278.9,40208640,2477452,0.448,0.285,14701,10774,14399,0.00794064,0,0,0.0629,0.1069,0.2467,0.0312,0.01055,0.27403,0.12797,-0.00846,0.28386,0.6932
3733,1279.6,40219418,2478085,0.5,0.284,13741,10778,14389,0.00793741,0,0,0.0636,0.1129,0.2491,0.0744,0.01163,0.27225,0.1348,-0.00859,0.29773,0.68958
3734,1280.4,40230189,2478707,0.472,0.284,14238,10771,14409,0.00793417,0,0,0.0638,0.115,0.2584,0.035,0.01066,0.27287,0.14063,-0.00991,0.31227,0.70474
3735,1281.2,40240944,2479336,0.479,0.286,14055,10755,14386,0.00793094,0,0,0.0643,0.1209,0.2517,0.0424,0.01134,0.27391,0.13417,-0.01086,0.30107,0.69364
3736,1282.0,40251751,2479959,0.51,0.285,13591,10807,14426,0.00792772,0,0,0.0635,0.1157,0.2602,0.0706,0.01114,0.27334,0.13748,-0.00767,0.30099,0.67344
3737,1282.7,40262542,2480582,0.483,0.287,14020,10791,14408,0.00792447,0,0,0.0638,0.1165,0.2643,0.0386,0.01078,0.27464,0.13315,-0.00932,0.29537,0.6576
3738,1283.5,40273291,2481199,0.495,0.287,13748,10749,14372,0.00792124,0,0,0.0655,0.1296,0.2647,0.0348,0.0124,0.27407,0.13993,-0.00816,0.30648,0.65106
3739,1284.3,40284055,2481814,0.513,0.286,13483,10764,14372,0.00791801,0,0,0.0647,0.1302,0.2632,0.0545,0.01071,0.27421,0.13257,-0.00807,0.2918,0.66337
3740,1285.1,40294849,2482428,0.485,0.285,14019,10794,14441,0.00791478,0,0,0.0662,0.1227,0.2601,0.0359,0.01058,0.27374,0.13808,-0.00646,0.29963,0.66607
3741,1285.9,40305667,2483037,0.52,0.287,13403,10818,14411,0.00791155,0,0,0.0657,0.1271,0.2738,0.0535,0.01125,0.27526,0.13519,-0.00577,0.29273,0.68354
3742,1286.7,40316443,2483653,0.502,0.288,13634,10776,14417,0.0079083,0,0,0.0666,0.1161,0.2628,0.0567,0.01105,0.27612,0.12265,-0.00712,0.27015,0.67042
3743,1287.5,40327238,2484257,0.513,0.298,13313,10795,14400,0.00790507,0,0,0.0677,0.1317,0.2636,0.05,0.01126,0.28574,0.14306,-0.00846,0.31359,0.66761
3744,1288.2,40337996,2484872,0.466,0.296,14128,10758,14403,0.00790183,0,0,0.0645,0.1149,0.2543,0.0322,0.0106,0.28432,0.13329,-0.00742,0.29195,0.6663
3745,1289.0,40348846,2485492,0.487,0.295,13868,10850,14472,0.0078986,0,0,0.0642,0.1161,0.2492,0.0575,0.01101,0.28377,0.13846,-0.00705,0.30153,0.66564
3746,1289.8,40359666,2486092,0.472,0.296,14098,10820,14435,0.00789535,0,0,0.0646,0.1188,0.2565,0.0315,0.01122,0.2841,0.14036,-0.00926,0.31003,0.68345
3747,1290.6,40370463,2486716,0.472,0.297,14040,10797,14436,0.0078921,0,0,0.0645,0.1168,0.2525,0.0383,0.01132,0.28498,0.13751,-0.00913,0.30402,0.67994
3748,1291.4,40381299,2487331,0.511,0.297,13425,10836,14451,0.00788886,0,0,0.0703,0.135,0.265,0.0404,0.01158,0.28421,0.13329,-0.00814,0.29392,0.70149
3749,1292.3,40392147,2487936,0.607,0.298,11979,10848,14462,0.00788561,0,0,0.0804,0.1626,0.2996,0.0647,0.01231,0.285,0.15154,-0.00691,0.32799,0.70253
3750,1293.2,40402964,2488572,0.58,0.298,12321,10817,14436,0.00788236,0,0,0.0806,0.1555,0.3,0.044,0.01131,0.28583,0.15053,-0.00639,0.32486,0.69916
3751,1294.0,40413770,2489176,0.591,0.297,12171,10806,14470,0.00787911,0,0,0.0712,0.1533,0.2882,0.0782,0.01134,0.28478,0.13986,-0.00739,0.30547,0.6958
3752,1295.0,40424604,2489819,0.589,0.311,12037,10834,14452,0.00787587,0,0,0.076,0.1554,0.3005,0.057,0.01237,0.298,0.14462,-0.00835,0.31696,0.69982
3753,1296.0,40435420,2490436,0.62,0.311,11612,10816,14454,0.00787262,0,0,0.0806,0.16,0.3057,0.074,0.01268,0.29767,0.13933,-0.00834,0.30598,0.67691
3754,1296.9,40446242,2491052,0.591,0.311,11998,10822,14438,0.00786937,0,0,0.0771,0.1591,0.3095,0.0448,0.01253,0.29787,0.14616,-0.0102,0.32345,0.68138
3755,1297.8,40457045,2491684,0.592,0.311,11966,10803,14406,0.00786613,0,0,0.0766,0.1495,0.3051,0.0604,0.01208,0.29848,0.14057,-0.00964,0.31104,0.67484
3756,1298.7,40467924,2492292,0.605,0.31,11888,10879,14498,0.00786289,0,0,0.0767,0.1457,0.3154,0.0671,0.01268,0.29681,0.14075,-0.00975,0.31148,0.66691
3757,1299.6,40478797,2492908,0.592,0.312,12027,10873,14493,0.00785962,0,0,0.0743,0.1505,0.3033,0.0636,0.01246,0.29909,0.14022,-0.01056,0.31225,0.67925
3758,1300.5,40489657,2493534,0.597,0.311,11965,10860,14473,0.00785636,0,0,0.0782,0.1593,0.3175,0.0416,0.01179,0.2985,0.13621,-0.00956,0.30255,0.70053
3759,1301.4,40500504,2494164,0.643,0.299,11512,10847,14474,0.0078531,0,0,0.0769,0.1625,0.3044,0.0992,0.01198,0.28658,0.12543,-0.00735,0.27671,0.70963
3760,1302.3,40511322,2494785,0.573,0.299,12418,10818,14426,0.00784985,0,0,0.0744,0.1499,0.2984,0.0499,0.01133,0.28633,0.14844,-0.00434,0.31631,0.68464
3761,1303.2,40522137,2495418,0.547,0.294,12859,10815,14449,0.0078466,0,0,0.0717,0.1436,0.2862,0.0458,0.01215,0.2807,0.13191,-0.00806,0.29139,0.72982
3762,1304.0,40532989,2496038,0.531,0.294,13147,10852,14497,0.00784336,0,0,0.0689,0.137,0.2831,0.0424,0.012,0.28146,0.13357,-0.00887,0.29592,0.7031
3763,1304.8,40543851,2496665,0.561,0.294,12696,10862,14500,0.0078401,0,0,0.0715,0.1331,0.2932,0.0636,0.01094,0.28244,0.13803,-0.00834,0.30361,0.69287
3764,1305.7,40554659,2497304,0.538,0.296,12946,10808,14453,0.00783684,0,0,0.0741,0.1395,0.2808,0.044,0.01256,0.2828,0.13281,-0.00754,0.29171,0.70188
3765,1306.6,40565497,2497939,0.61,0.293,12006,10838,14469,0.0078336,0,0,0.0758,0.1567,0.2928,0.0847,0.01192,0.28018,0.14763,-0.00626,0.31846,0.68171
3766,1307.4,40576360,2498565,0.572,0.294,12551,10863,14494,0.00783035,0,0,0.0753,0.1461,0.3008,0.0494,0.01188,0.28102,0.13384,-0.00794,0.29447,0.69674
3767,1308.3,40587241,2499213,0.561,0.295,12709,10881,14531,0.00782709,0,0,0.0714,0.1524,0.29,0.0473,0.01212,0.28201,0.14036,-0.00737,0.30641,0.69975
3768,1309.2,40598113,2499842,0.597,0.295,12196,10872,14511,0.00782383,0,0,0.0742,0.1388,0.3075,0.0762,0.01188,0.28215,0.14197,-0.00706,0.30911,0.70628
3769,1310.1,40608999,2500487,0.56,0.294,12740,10886,14517,0.00782057,0,0,0.0773,0.148,0.2946,0.0403,0.0117,0.28199,0.1355,-0.01005,0.30209,0.70295
3770,1310.9,40619825,2501144,0.544,0.289,13001,10826,14483,0.0078173,0,0,0.0719,0.1442,0.2891,0.0387,0.01257,0.27517,0.13725,-0.00703,0.29991,0.72587
3771,1311.7,40630654,2501794,0.568,0.289,12642,10829,14471,0.00781405,0,0,0.0674,0.1363,0.2874,0.0766,0.01212,0.27575,0.14394,-0.00498,0.30895,0.71063
3772,1312.6,40641471,2502449,0.528,0.286,13281,10817,14471,0.0078108,0,0,0.0694,0.1285,0.2877,0.0425,0.01051,0.2751,0.1415,-0.00714,0.30843,0.71342
3773,1313.4,40652267,2503092,0.585,0.288,12371,10796,14433,0.00780756,0,0,0.072,0.138,0.2841,0.0907,0.01188,0.27537,0.14271,-0.00845,0.31333,0.70574
3774,1314.3,40663075,2503738,0.579,0.289,12463,10808,14463,0.00780432,0,0,0.0739,0.1524,0.2989,0.0534,0.01082,0.27709,0.14167,-0.00966,0.31381,0.7144
3775,1315.1,40673907,2504393,0.523,0.287,13380,10832,14459,0.00780108,0,0,0.0705,0.1351,0.272,0.0455,0.01063,0.2753,0.14295,-0.00951,0.31601,0.71047
3776,1315.9,40684690,2505027,0.551,0.286,12878,10783,14403,0.00779783,0,0,0.0662,0.1282,0.2822,0.0747,0.01192,0.2732,0.14541,-0.00804,0.31774,0.69597
3777,1316.8,40695475,2505680,0.559,0.287,12751,10785,14420,0.00779459,0,0,0.0723,0.1466,0.2943,0.0453,0.01192,0.27438,0.14582,-0.00829,0.31948,0.72341
3778,1317.6,40706260,2506311,0.537,0.287,13086,10785,14397,0.00779136,0,0,0.0697,0.133,0.2849,0.0496,0.01183,0.27455,0.15211,-0.00919,0.33368,0.71106
3779,1318.5,40717065,2506965,0.6,0.287,12180,10805,14432,0.00778812,0,0,0.0716,0.1655,0.284,0.0787,0.01139,0.27519,0.13823,-0.00803,0.30373,0.71873
3780,1319.3,40727852,2507602,0.543,0.291,12943,10787,14405,0.00778488,0,0,0.0675,0.1395,0.2906,0.045,0.01195,0.27733,0.15206,-0.00799,0.33121,0.71349
3781,1320.2,40738641,2508259,0.568,0.288,12609,10789,14452,0.00778164,0,0,0.0729,0.1414,0.2901,0.0632,0.01106,0.27568,0.14346,-0.00751,0.31321,0.72329
3782,1321.0,40749377,2508889,0.558,0.288,12689,10736,14362,0.00777841,0,0,0.0698,0.1328,0.2933,0.0625,0.01242,0.27452,0.14253,-0.00809,0.31278,0.74156
3783,1321.9,40760155,2509522,0.555,0.288,12784,10778,14411,0.00777519,0,0,0.0712,0.1484,0.2848,0.0508,0.01243,0.2746,0.14359,-0.00777,0.31364,0.70218
3784,1322.7,40770937,2510160,0.567,0.288,12618,10782,14397,0.00777195,0,0,0.0719,0.1363,0.2855,0.0733,0.01168,0.27493,0.14181,-0.00578,0.30614,0.70513
3785,1323.6,40781712,2510795,0.529,0.286,13232,10775,14416,0.00776872,0,0,0.0695,0.1371,0.2834,0.0387,0.01036,0.27466,0.13932,-0.00927,0.30832,0.71627
3786,1324.4,40792520,2511429,0.52,0.286,13412,10808,14433,0.00776549,0,0,0.0647,0.1282,0.2894,0.0374,0.0116,0.27392,0.14349,-0.00836,0.31448,0.6946
3787,1325.2,40803325,2512065,0.553,0.29,12809,10805,14427,0.00776224,0,0,0.0734,0.1376,0.2852,0.0572,0.01271,0.27679,0.15071,-0.00813,0.32835,0.68851
3788,1326.0,40814083,2512705,0.528,0.288,13185,10758,14411,0.007759,0,0,0.0721,0.1297,0.2855,0.0405,0.01238,0.27497,0.14649,-0.00643,0.31663,0.69504
3789,1326.9,40824837,2513349,0.534,0.301,12891,10754,14387,0.00775578,0,0,0.0715,0.1301,0.2689,0.0631,0.0108,0.28867,0.14292,-0.00908,0.31461,0.68524
3790,1327.8,40835573,2513986,0.633,0.309,11401,10736,14380,0.00775255,0,0,0.0775,0.1508,0.3056,0.0988,0.01235,0.29571,0.15356,-0.00777,0.33338,0.69043
3791,1328.7,40846320,2514620,0.565,0.308,12309,10747,14377,0.00774933,0,0,0.0743,0.146,0.2965,0.0479,0.0122,0.29535,0.13444,-0.00735,0.29447,0.70276
3792,1329.5,40857062,2515261,0.51,0.305,13186,10742,14380,0.0077461,0,0,0.07,0.1316,0.2752,0.0331,0.01083,0.29319,0.14067,-0.0062,0.3047,0.70753
3793,1330.3,40867819,2515906,0.522,0.306,12998,10757,14365,0.00774288,0,0,0.0639,0.1183,0.2561,0.0834,0.01118,0.29408,0.15275,-0.00738,0.33088,0.68647
3794,1331.1,40878577,2516549,0.482,0.309,13609,10758,14383,0.00773965,0,0,0.0664,0.1162,0.2643,0.0348,0.01205,0.29606,0.145,-0.0062,0.31344,0.71424
3795,1331.9,40889349,2517188,0.478,0.308,13706,10772,14402,0.00773643,0,0,0.0662,0.1226,0.2537,0.0352,0.0121,0.29517,0.1455,-0.01039,0.32245,0.68901
3796,1332.7,40900101,2517836,0.479,0.306,13700,10752,14410,0.0077332,0,0,0.063,0.1105,0.25,0.0552,0.01098,0.29455,0.13375,-0.00875,0.29568,0.6904
3797,1333.5,40910804,2518476,0.469,0.307,13798,10703,14344,0.00772997,0,0,0.0626,0.1072,0.2448,0.054,0.01085,0.29563,0.13057,-0.00891,0.28963,0.69083
3798,1334.2,40921553,2519112,0.442,0.296,14550,10749,14364,0.00772676,0,0,0.0611,0.1065,0.2406,0.0343,0.01138,0.28434,0.13455,-0.00884,0.29734,0.68388
3799,1334.9,40932245,2519755,0.461,0.297,14100,10692,14344,0.00772353,0,0,0.059,0.1081,0.2324,0.0617,0.01128,0.28525,0.13205,-0.00957,0.29385,0.68733
3800,1335.7,40943029,2520408,0.44,0.295,14665,10784,14433,0.00772033,0,0,0.0611,0.1029,0.237,0.0395,0.01097,0.28328,0.12017,-0.00882,0.26875,0.69801
3801,1336.7,40953796,2521049,0.441,0.297,14588,10767,14413,0.00771709,0,0,0.0594,0.1093,0.2382,0.0339,0.01083,0.28557,0.12924,-0.00662,0.28217,0.67636
3802,1337.5,40964584,2521691,0.455,0.296,14364,10788,14404,0.00771386,0,0,0.0591,0.104,0.2436,0.0478,0.01141,0.28438,0.13708,-0.00893,0.30274,0.69527
3803,1338.3,40975367,2522335,0.437,0.295,14718,10783,14409,0.00771062,0,0,0.0592,0.1019,0.2384,0.0376,0.01049,0.28424,0.14521,-0.00896,0.31922,0.70621
3804,1339.0,40986163,2522975,0.431,0.298,14809,10796,14436,0.00770739,0,0,0.0592,0.1003,0.2395,0.0323,0.01161,0.28555,0.13477,-0.01128,0.30322,0.72071
3805,1339.8,40996967,2523621,0.479,0.296,13930,10804,14403,0.00770415,0,0,0.0594,0.1036,0.2438,0.0726,0.01113,0.28449,0.12445,-0.00982,0.27979,0.7291
3806,1340.5,41007758,2524260,0.431,0.298,14793,10791,14442,0.00770091,0,0,0.0591,0.1018,0.2372,0.0331,0.01149,0.28609,0.1303,-0.01025,0.29231,0.72836
3807,1341.2,41018579,2524917,0.443,0.295,14667,10821,14429,0.00769767,0,0,0.0588,0.1093,0.2374,0.0372,0.01077,0.28363,0.13595,-0.00955,0.30211,0.72114
3808,1342.0,41029365,2525574,0.461,0.296,14240,10786,14426,0.00769443,0,0,0.06,0.1014,0.2431,0.0568,0.01106,0.28444,0.1414,-0.01005,0.31406,0.72585
3809,1342.7,41040223,2526236,0.443,0.295,14712,10858,14453,0.00769119,0,0,0.0599,0.1073,0.2388,0.0366,0.01117,0.28364,0.13597,-0.00831,0.29992,0.73881
3810,1343.5,41051027,2526872,0.433,0.293,14884,10804,14414,0.00768793,0,0,0.0583,0.1038,0.24,0.0304,0.01164,0.28086,0.14726,-0.00579,0.31726,0.72635
3811,1344.3,41061796,2527519,0.496,0.296,13602,10769,14388,0.00768469,0,0,0.0608,0.1164,0.2468,0.0718,0.01166,0.28332,0.13164,-0.01037,0.29554,0.74971
3812,1345.1,41072562,2528165,0.512,0.295,13333,10766,14392,0.00768146,0,0,0.0677,0.1353,0.2713,0.0382,0.01116,0.28335,0.13432,-0.00988,0.30011,0.7619
3813,1345.8,41083343,2528795,0.456,0.296,14338,10781,14417,0.00767823,0,0,0.0598,0.1041,0.24,0.0519,0.01184,0.28328,0.13966,-0.00681,0.3046,0.75938
3814,1346.6,41094135,2529428,0.503,0.293,13563,10792,14417,0.007675,0,0,0.0636,0.1198,0.2571,0.0621,0.01089,0.28128,0.13644,-0.00692,0.29845,0.76452
3815,1347.4,41104919,2530067,0.467,0.294,14160,10784,14396,0.00767176,0,0,0.0612,0.115,0.2461,0.0451,0.01151,0.28204,0.14246,-0.01062,0.31799,0.7706
3816,1348.1,41115756,2530710,0.438,0.293,14829,10837,14458,0.00766852,0,0,0.0597,0.1049,0.2411,0.0318,0.01106,0.2815,0.14447,-0.01196,0.32472,0.77214
3817,1348.9,41126598,2531335,0.499,0.293,13699,10842,14476,0.00766527,0,0,0.0606,0.1145,0.2492,0.0745,0.01044,0.28161,0.14806,-0.00801,0.3237,0.75391
3818,1349.6,41137458,2531966,0.437,0.292,14901,10860,14465,0.00766202,0,0,0.0591,0.1061,0.2396,0.0317,0.01139,0.28034,0.14441,-0.0094,0.31924,0.75757
3819,1350.4,41148321,2532588,0.429,0.293,15057,10863,14483,0.00765876,0,0,0.0583,0.1014,0.2347,0.0343,0.01044,0.28174,0.14311,-0.00768,0.31334,0.76708
3820,1351.1,41159157,2533201,0.448,0.292,14642,10836,14459,0.0076555,0,0,0.0576,0.1025,0.2378,0.0503,0.01092,0.28025,0.13856,-0.00872,0.30629,0.76582
3821,1351.8,41170014,2533832,0.44,0.292,14835,10857,14474,0.00765225,0,0,0.058,0.1015,0.2342,0.0459,0.01065,0.28063,0.15419,-0.00824,0.33643,0.75549
3822,1352.6,41180842,2534459,0.434,0.292,14911,10828,14476,0.007649,0,0,0.0589,0.1041,0.237,0.0341,0.01159,0.27985,0.15947,-0.00888,0.34851,0.77193
3823,1353.3,41191672,2535072,0.483,0.298,13872,10830,14483,0.00764575,0,0,0.0608,0.1143,0.2447,0.0631,0.01148,0.28551,0.14899,-0.01003,0.32975,0.76608
3824,1354.1,41202495,2535701,0.444,0.294,14674,10823,14423,0.0076425,0,0,0.06,0.1067,0.2379,0.0392,0.0106,0.28259,0.13534,-0.00967,0.30143,0.74539
3825,1354.8,41213344,2536322,0.465,0.306,14058,10849,14462,0.00763925,0,0,0.0612,0.1127,0.2466,0.0449,0.01168,0.29418,0.14801,-0.00975,0.32685,0.74089
3826,1355.6,41224142,2536938,0.488,0.294,13814,10798,14428,0.007636,0,0,0.0627,0.1171,0.2603,0.0479,0.011,0.28218,0.15158,-0.00903,0.33278,0.7577
3827,1356.4,41234989,2537581,0.431,0.293,14987,10847,14450,0.00763276,0,0,0.059,0.1034,0.2357,0.0329,0.01042,0.2816,0.14516,-0.00874,0.31932,0.7554
3828,1357.1,41245785,2538218,0.437,0.294,14786,10796,14420,0.0076295,0,0,0.0603,0.1051,0.239,0.0322,0.01113,0.28172,0.15212,-0.0088,0.33343,0.75955
3829,1357.9,41256604,2538841,0.498,0.296,13619,10819,14475,0.00762626,0,0,0.0612,0.1113,0.2512,0.0743,0.01112,0.28454,0.14946,-0.00892,0.32872,0.78349
3830,1358.7,41267409,2539493,0.496,0.3,13585,10805,14440,0.00762302,0,0,0.0677,0.1197,0.2647,0.0434,0.01272,0.28647,0.14859,-0.00682,0.32276,0.78307
3831,1359.5,41278197,2540099,0.48,0.298,13878,10788,14437,0.00761978,0,0,0.0612,0.1277,0.2466,0.0441,0.01189,0.28524,0.14777,-0.00634,0.31955,0.7437
3832,1360.2,41288993,2540736,0.499,0.296,13583,10796,14410,0.00761654,0,0,0.0657,0.1276,0.255,0.0508,0.01069,0.28455,0.14267,-0.00814,0.31318,0.75891
3833,1361.0,41299767,2541358,0.471,0.298,14017,10774,14417,0.0076133,0,0,0.0637,0.1188,0.2539,0.0345,0.01051,0.28671,0.13977,-0.01059,0.31194,0.73654
3834,1361.8,41310587,2541980,0.441,0.301,14572,10820,14451,0.00761007,0,0,0.0626,0.1053,0.2425,0.0306,0.0111,0.28947,0.14278,-0.01138,0.31967,0.74573
3835,1362.5,41321426,2542616,0.478,0.297,13985,10839,14460,0.00760682,0,0,0.0608,0.1066,0.2391,0.0712,0.01109,0.28575,0.14424,-0.00949,0.31857,0.73011
3836,1363.3,41332256,2543236,0.449,0.297,14501,10830,14473,0.00760357,0,0,0.0613,0.1092,0.2405,0.0383,0.01134,0.28548,0.13107,-0.00914,0.29169,0.74219
3837,1364.0,41343111,2543875,0.454,0.3,14399,10855,14466,0.00760032,0,0,0.0608,0.1088,0.2428,0.0413,0.01118,0.28837,0.14236,-0.00759,0.31082,0.7188
3838,1364.8,41353962,2544502,0.474,0.3,14034,10851,14481,0.00759707,0,0,0.06,0.1036,0.2404,0.0695,0.01106,0.28796,0.14528,-0.00569,0.31328,0.74723
3839,1365.5,41364816,2545131,0.433,0.299,14835,10854,14476,0.00759381,0,0,0.0586,0.1088,0.2299,0.0354,0.0113,0.28707,0.14521,-0.00673,0.315,0.73211
3840,1366.3,41375665,2545749,0.427,0.294,15039,10849,14468,0.00759056,0,0,0.0578,0.102,0.2368,0.0304,0.0107,0.28319,0.14341,-0.00945,0.3165,0.71025
3841,1367.0,41386521,2546386,0.449,0.286,14754,10856,14480,0.0075873,0,0,0.0582,0.1008,0.234,0.0563,0.01069,0.27521,0.14663,-0.01093,0.32582,0.70403
3842,1367.7,41397416,2547002,0.421,0.293,15266,10895,14510,0.00758404,0,0,0.0574,0.1002,0.2342,0.0293,0.01106,0.28061,0.14279,-0.00971,0.31564,0.70265
3843,1368.4,41408313,2547630,0.432,0.288,15133,10897,14526,0.00758078,0,0,0.0598,0.1047,0.2358,0.0314,0.01059,0.27704,0.14355,-0.00716,0.31204,0.70009
3844,1369.2,41419177,2548258,0.452,0.297,14507,10864,14469,0.00757751,0,0,0.0601,0.1052,0.2508,0.0358,0.01167,0.28451,0.13922,-0.00865,0.3065,0.71016
3845,1369.9,41430086,2548879,0.47,0.292,14327,10909,14522,0.00757425,0,0,0.0585,0.1028,0.2413,0.0673,0.01123,0.27962,0.14288,-0.01079,0.31825,0.72051
3846,1370.7,41440939,2549503,0.435,0.291,14952,10853,14470,0.00757097,0,0,0.0591,0.1034,0.2409,0.0313,0.01114,0.27944,0.12123,-0.00951,0.27241,0.72264
3847,1371.4,41451749,2550147,0.445,0.292,14675,10810,14452,0.00756772,0,0,0.0595,0.1115,0.2385,0.0354,0.0117,0.27947,0.12407,-0.01038,0.28024,0.74906
3848,1372.2,41462521,2550774,0.467,0.29,14235,10772,14404,0.00756448,0,0,0.0586,0.1078,0.2465,0.0538,0.01009,0.27929,0.13625,-0.01043,0.30442,0.73084
3849,1372.9,41473333,2551412,0.435,0.288,14947,10812,14451,0.00756124,0,0,0.0587,0.1058,0.2394,0.0314,0.01076,0.27658,0.14182,-0.00725,0.30923,0.73225
3850,1373.6,41484134,2552048,0.425,0.29,15106,10801,14427,0.007558,0,0,0.058,0.0996,0.2381,0.0291,0.01019,0.27943,0.1426,-0.00972,0.31593,0.74751
3851,1374.4,41494981,2552679,0.484,0.292,13989,10847,14463,0.00755476,0,0,0.0596,0.1122,0.2471,0.0648,0.01122,0.28001,0.13216,-0.00916,0.29376,0.73578
3852,1375.2,41505859,2553307,0.427,0.285,15282,10878,14478,0.00755151,0,0,0.0574,0.1049,0.235,0.0295,0.01058,0.2739,0.13996,-0.01042,0.31183,0.733
3853,1375.9,41516710,2553944,0.447,0.291,14707,10851,14474,0.00754824,0,0,0.0594,0.1067,0.2427,0.0384,0.01117,0.27887,0.13654,-0.00975,0.30344,0.71975
3854,1376.6,41527583,2554572,0.46,0.289,14502,10873,14496,0.00754499,0,0,0.0581,0.1012,0.2397,0.0614,0.01044,0.27805,0.13618,-0.00802,0.2993,0.72287
3855,1377.4,41538424,2555207,0.451,0.286,14721,10841,14438,0.00754173,0,0,0.0598,0.1093,0.2385,0.0429,0.0107,0.27447,0.13283,-0.01094,0.29841,0.72136
3856,1378.1,41549307,2555837,0.439,0.289,14948,10883,14503,0.00753847,0,0,0.0586,0.1034,0.2414,0.0354,0.01094,0.27771,0.13644,-0.01106,0.3058,0.71661
3857,1378.9,41560176,2556461,0.459,0.286,14596,10869,14510,0.00753521,0,0,0.0577,0.1021,0.2351,0.0636,0.0103,0.27523,0.13148,-0.008,0.28959,0.70415
3858,1379.6,41571022,2557087,0.427,0.29,15135,10846,14452,0.00753195,0,0,0.0578,0.1026,0.2346,0.0319,0.01099,0.27818,0.14111,-0.00919,0.31141,0.71733
3859,1380.3,41581914,2557722,0.449,0.292,14688,10892,14509,0.00752869,0,0,0.0595,0.1074,0.2487,0.0336,0.01167,0.28012,0.13194,-0.00973,0.2939,0.70114
3860,1381.1,41592815,2558353,0.463,0.289,14507,10901,14530,0.00752543,0,0,0.0592,0.102,0.2459,0.0559,0.01199,0.27574,0.14257,-0.00987,0.31546,0.7037
3861,1381.8,41603663,2558977,0.452,0.292,14583,10848,14461,0.00752216,0,0,0.059,0.1011,0.2397,0.052,0.01074,0.27981,0.13307,-0.00736,0.29153,0.70889
3862,1382.6,41614500,2559590,0.545,0.293,12938,10837,14458,0.0075189,0,0,0.0729,0.1323,0.2917,0.0477,0.01203,0.28026,0.13384,-0.0074,0.29334,0.72295
3863,1383.8,41625352,2560204,0.825,0.306,9598,10852,14481,0.00751565,0,0,0.1012,0.2422,0.3541,0.1273,0.01188,0.29317,0.14098,-0.00928,0.31125,0.71344
3864,1384.7,41636137,2560833,0.639,0.306,11422,10785,14416,0.00751239,0,0,0.0777,0.1591,0.3073,0.0945,0.01164,0.29296,0.12595,-0.00795,0.27854,0.71473
3865,1385.6,41646980,2561462,0.616,0.303,11799,10843,14483,0.00750916,0,0,0.0722,0.1461,0.2909,0.1069,0.01104,0.2912,0.13209,-0.00931,0.29371,0.72718
3866,1386.5,41657784,2562087,0.518,0.304,13147,10804,14434,0.00750591,0,0,0.0708,0.1255,0.2784,0.043,0.0112,0.29229,0.13489,-0.00709,0.29449,0.70079
3867,1387.3,41668587,2562714,0.529,0.302,12985,10803,14461,0.00750266,0,0,0.0688,0.1403,0.2703,0.0501,0.01191,0.28996,0.1291,-0.00921,0.28751,0.72526
3868,1388.3,41679469,2563347,0.662,0.306,11244,10882,14480,0.00749942,0,0,0.0771,0.1504,0.3218,0.1122,0.01188,0.29367,0.12837,-0.011,0.2895,0.71813
3869,1389.0,41690275,2563965,0.489,0.292,13832,10806,14432,0.00749616,0,0,0.0638,0.1175,0.2552,0.0524,0.01144,0.27981,0.13329,-0.00942,0.29612,0.71317
3870,1389.8,41701058,2564572,0.459,0.298,14234,10783,14401,0.00749292,0,0,0.0618,0.1091,0.252,0.0365,0.01131,0.28632,0.12315,-0.00983,0.27665,0.71225
3871,1390.6,41711873,2565198,0.516,0.3,13258,10815,14403,0.00748968,0,0,0.0638,0.1167,0.2491,0.086,0.01117,0.28839,0.11809,-0.00924,0.26518,0.70194
3872,1391.4,41722697,2565806,0.453,0.299,14398,10824,14428,0.00748644,0,0,0.0621,0.1058,0.2395,0.0457,0.01105,0.28689,0.12095,-0.00836,0.26944,0.72216
3873,1392.2,41733546,2566421,0.486,0.309,13636,10849,14480,0.00748319,0,0,0.0643,0.1229,0.2576,0.0416,0.01115,0.2974,0.11161,-0.00848,0.25095,0.72027
3874,1393.1,41744344,2567048,0.59,0.299,12141,10798,14417,0.00747994,0,0,0.0768,0.146,0.3132,0.0539,0.01093,0.28793,0.13147,-0.01039,0.29455,0.72483
3875,1393.8,41755142,2567676,0.462,0.3,14168,10798,14408,0.0074767,0,0,0.0629,0.1132,0.25,0.036,0.01122,0.28819,0.12067,-0.00881,0.26962,0.7128
3876,1394.6,41765955,2568308,0.496,0.313,13361,10813,14451,0.00747346,0,0,0.0657,0.1191,0.2632,0.0481,0.01183,0.30071,0.11826,-0.0107,0.26867,0.7188
3877,1395.4,41776734,2568938,0.48,0.297,13881,10779,14416,0.00747021,0,0,0.0614,0.106,0.2434,0.0688,0.01142,0.28487,0.13342,-0.00825,0.29382,0.70191
3878,1396.1,41787564,2569565,0.438,0.301,14641,10830,14452,0.00746698,0,0,0.0613,0.1032,0.2394,0.0345,0.01057,0.29018,0.13642,-0.0081,0.29966,0.7104
3879,1396.9,41798419,2570198,0.443,0.301,14602,10855,14468,0.00746373,0,0,0.0596,0.1106,0.2373,0.0352,0.01124,0.28857,0.12181,-0.00804,0.27026,0.70761
3880,1397.6,41809156,2570814,0.442,0.294,14588,10737,14365,0.00746047,0,0,0.0575,0.0997,0.2321,0.0527,0.01152,0.28186,0.12237,-0.01127,0.27775,0.70184
3881,1398.4,41819971,2571461,0.441,0.3,14580,10815,14442,0.00745725,0,0,0.0602,0.105,0.2412,0.0349,0.01128,0.28859,0.11535,-0.00908,0.25931,0.70094
3882,1399.1,41830772,2572106,0.44,0.286,14874,10801,14441,0.00745401,0,0,0.0594,0.1052,0.2453,0.0302,0.01132,0.27416,0.12355,-0.01036,0.2781,0.68942
3883,1399.9,41841592,2572724,0.496,0.281,13922,10820,14430,0.00745077,0,0,0.0593,0.1079,0.248,0.0805,0.01022,0.27061,0.13639,-0.00845,0.30006,0.69633
3884,1400.7,41852439,2573357,0.526,0.298,13165,10847,14439,0.00744752,0,0,0.0707,0.137,0.28,0.038,0.01197,0.28554,0.127,-0.00817,0.28058,0.68757
3885,1401.5,41863250,2573991,0.551,0.291,12833,10811,14487,0.00744427,0,0,0.0718,0.1442,0.2908,0.0443,0.01126,0.27955,0.13286,-0.00988,0.29573,0.68842
3886,1402.3,41874068,2574617,0.516,0.291,13411,10818,14446,0.00744103,0,0,0.064,0.118,0.2615,0.0722,0.01036,0.27987,0.12737,-0.00969,0.28448,0.69644
3887,1403.2,41884937,2575240,0.532,0.301,13056,10869,14465,0.00743778,0,0,0.0681,0.134,0.2766,0.0528,0.01089,0.28943,0.12196,-0.00994,0.27445,0.71537
3888,1404.0,41895747,2575881,0.479,0.293,14003,10810,14459,0.00743452,0,0,0.065,0.118,0.2635,0.0322,0.01076,0.28194,0.13529,-0.00917,0.29937,0.70221
3889,1404.8,41906531,2576510,0.506,0.296,13441,10784,14411,0.00743128,0,0,0.0641,0.1129,0.2628,0.0661,0.01068,0.28521,0.11304,-0.00983,0.25611,0.69721
3890,1405.6,41917384,2577144,0.488,0.307,13661,10853,14455,0.00742804,0,0,0.0665,0.1163,0.2673,0.0374,0.0133,0.29302,0.14644,-0.00858,0.32041,0.69747
3891,1406.3,41928242,2577780,0.468,0.303,14083,10858,14496,0.00742478,0,0,0.0618,0.1169,0.2556,0.034,0.01115,0.29077,0.13765,-0.00883,0.30319,0.6889
3892,1407.2,41939097,2578410,0.527,0.305,13042,10855,14498,0.00742153,0,0,0.0671,0.1268,0.2871,0.0463,0.01093,0.29347,0.14138,-0.008,0.30924,0.70575
3893,1407.9,41949978,2579042,0.477,0.311,13819,10881,14504,0.00741827,0,0,0.0607,0.1132,0.2513,0.0514,0.01052,0.29968,0.14267,-0.00947,0.31483,0.71079
3894,1408.7,41960852,2579683,0.489,0.311,13603,10874,14497,0.00741501,0,0,0.0643,0.1219,0.2635,0.0389,0.01181,0.29818,0.14254,-0.00977,0.31518,0.71209
3895,1409.6,41971711,2580298,0.57,0.296,12528,10859,14486,0.00741174,0,0,0.0711,0.1438,0.2808,0.0748,0.01208,0.28366,0.14486,-0.00908,0.31848,0.71523
3896,1410.4,41982544,2580942,0.447,0.297,14573,10833,14456,0.00740849,0,0,0.0605,0.1047,0.2433,0.0383,0.01076,0.28519,0.14744,-0.00733,0.32011,0.71264
3897,1411.1,41993365,2581580,0.466,0.296,14216,10821,14448,0.00740524,0,0,0.061,0.115,0.2535,0.0362,0.01126,0.28346,0.13642,-0.0118,0.30696,0.71112
3898,1411.8,42004228,2582212,0.43,0.287,15154,10863,14474,0.00740199,0,0,0.0579,0.1045,0.2397,0.0278,0.01158,0.27445,0.13376,-0.00947,0.29707,0.71724
3899,1412.6,42015090,2582840,0.43,0.294,14997,10862,14462,0.00739873,0,0,0.0574,0.1013,0.2391,0.0326,0.01063,0.28262,0.14147,-0.00874,0.31061,0.68887
3900,1413.3,42025917,2583478,0.472,0.288,14239,10827,14446,0.00739547,0,0,0.0599,0.1102,0.2526,0.0493,0.01128,0.27651,0.14139,-0.00831,0.30993,0.71266
3901,1414.0,42036726,2584104,0.439,0.294,14757,10809,14466,0.00739222,0,0,0.0571,0.0972,0.2313,0.0533,0.01039,0.28273,0.1424,-0.01108,0.3175,0.71164
3902,1414.9,42047513,2584736,0.435,0.298,14722,10787,14428,0.00738898,0,0,0.0582,0.101,0.2396,0.0358,0.01057,0.28684,0.14378,-0.00978,0.31773,0.71733
3903,1415.6,42058341,2585382,0.464,0.297,14238,10828,14459,0.00738575,0,0,0.0598,0.1134,0.2472,0.0433,0.01182,0.28446,0.14272,-0.0079,0.31171,0.70884
3904,1416.4,42069185,2586007,0.481,0.324,13469,10844,14458,0.0073825,0,0,0.0604,0.1053,0.2569,0.0584,0.01198,0.31158,0.1513,-0.00684,0.32677,0.70958
3905,1417.2,42080000,2586624,0.507,0.303,13353,10815,14432,0.00737924,0,0,0.069,0.1175,0.276,0.0439,0.01099,0.29168,0.13826,-0.00859,0.3043,0.7173
3906,1418.1,42090847,2587247,0.555,0.349,11990,10847,14476,0.007376,0,0,0.0757,0.1359,0.307,0.0367,0.01242,0.33597,0.15661,-0.01084,0.34499,0.68417
3907,1419.1,42101688,2587873,0.645,0.36,10786,10841,14465,0.00737275,0,0,0.0798,0.1604,0.3168,0.0876,0.01183,0.34803,0.13734,-0.00986,0.30457,0.69053
3908,1420.1,42112485,2588494,0.625,0.358,10975,10797,14443,0.00736949,0,0,0.0824,0.1579,0.3347,0.0504,0.01405,0.34342,0.1537,-0.00811,0.33402,0.7058
3909,1421.2,42123310,2589123,0.728,0.357,9984,10825,14464,0.00736625,0,0,0.1024,0.1817,0.3504,0.0931,0.0121,0.3435,0.14853,-0.01071,0.32874,0.69633
3910,1422.3,42134117,2589747,0.744,0.354,9846,10807,14439,0.00736301,0,0,0.1078,0.1939,0.375,0.0673,0.01211,0.34073,0.14734,-0.00844,0.32165,0.68445
3911,1423.5,42144945,2590387,0.817,0.363,9172,10828,14492,0.00735976,0,0,0.0915,0.2197,0.3604,0.1458,0.01489,0.34758,0.13697,-0.01002,0.30433,0.7028
3912,1424.5,42155747,2590996,0.649,0.329,11043,10802,14398,0.00735652,0,0,0.0848,0.1689,0.3325,0.0628,0.01165,0.31672,0.12874,-0.00774,0.28346,0.7134
3913,1425.4,42166603,2591616,0.601,0.321,11771,10856,14482,0.00735328,0,0,0.0809,0.168,0.309,0.0434,0.01135,0.30897,0.13146,-0.00928,0.29161,0.68866
3914,1426.3,42177458,2592245,0.576,0.316,12175,10855,14501,0.00735002,0,0,0.0751,0.1556,0.2969,0.0481,0.01255,0.30277,0.13511,-0.00806,0.2965,0.69073
3915,1427.1,42188293,2592879,0.476,0.307,13837,10835,14488,0.00734676,0,0,0.0646,0.1147,0.2616,0.0348,0.01074,0.29606,0.13168,-0.00923,0.2919,0.68477
3916,1427.8,42199145,2593523,0.457,0.303,14282,10852,14514,0.00734351,0,0,0.0611,0.1082,0.2455,0.0418,0.0106,0.29199,0.12637,-0.00935,0.28139,0.67631
3917,1428.6,42209990,2594164,0.485,0.311,13626,10845,14488,0.00734026,0,0,0.0606,0.109,0.2463,0.0694,0.0113,0.29856,0.13382,-0.00848,0.2945,0.67479
3918,1429.4,42220848,2594771,0.45,0.311,14269,10858,14480,0.007337,0,0,0.0618,0.1039,0.248,0.0361,0.01066,0.2998,0.12832,-0.00935,0.28514,0.66757
3919,1430.2,42231710,2595403,0.453,0.318,14090,10862,14483,0.00733375,0,0,0.0606,0.1143,0.2404,0.0378,0.01123,0.30591,0.12101,-0.01066,0.27336,0.68409
3920,1431.0,42242574,2596031,0.49,0.314,13508,10864,14478,0.00733049,0,0,0.0652,0.1158,0.2554,0.0537,0.01058,0.30313,0.14031,-0.00812,0.30682,0.67954
3921,1431.7,42253439,2596651,0.475,0.305,13928,10865,14492,0.00732723,0,0,0.0641,0.1207,0.2557,0.0343,0.01014,0.29428,0.12381,-0.01019,0.27812,0.69156
3922,1432.5,42264289,2597268,0.469,0.32,13740,10850,14479,0.00732397,0,0,0.0654,0.1179,0.2537,0.0322,0.01109,0.30848,0.12969,-0.00768,0.28514,0.71013
3923,1433.3,42275129,2597891,0.483,0.316,13573,10840,14480,0.00732071,0,0,0.064,0.113,0.2573,0.0483,0.01196,0.30344,0.12972,-0.00898,0.28775,0.70785
3924,1434.2,42285953,2598518,0.528,0.311,12911,10824,14460,0.00731746,0,0,0.0713,0.1364,0.2777,0.0422,0.01258,0.29736,0.13394,-0.01035,0.2987,0.69184
3925,1435.1,42296841,2599138,0.655,0.321,11147,10888,14525,0.00731421,0,0,0.0886,0.1729,0.3241,0.0699,0.01284,0.30761,0.11953,-0.00882,0.26712,0.71241
3926,1436.1,42307733,2599751,0.652,0.307,11360,10892,14512,0.00731095,0,0,0.0825,0.1732,0.3234,0.0728,0.01142,0.29477,0.1286,-0.00898,0.28538,0.69946
3927,1437.0,42318631,2600370,0.611,0.313,11787,10898,14526,0.00730768,0,0,0.078,0.1738,0.2986,0.0609,0.01133,0.30117,0.12312,-0.01001,0.27647,0.69804
3928,1438.0,42329468,2600983,0.623,0.317,11523,10837,14462,0.00730441,0,0,0.0831,0.162,0.3237,0.0543,0.01259,0.30414,0.1286,-0.00888,0.28525,0.70416
3929,1438.9,42340332,2601622,0.55,0.354,12009,10864,14494,0.00730116,0,0,0.0701,0.1269,0.2743,0.0789,0.01201,0.34154,0.12818,-0.00716,0.28101,0.70736
3930,1439.8,42351165,2602236,0.637,0.328,11224,10833,14464,0.0072979,0,0,0.0848,0.1787,0.3319,0.0417,0.01122,0.31603,0.129,-0.0079,0.2841,0.70698
3931,1440.8,42362018,2602885,0.657,0.313,11183,10853,14485,0.00729465,0,0,0.0904,0.1667,0.3149,0.085,0.01194,0.30061,0.13282,-0.00966,0.29531,0.70921
3932,1441.8,42372793,2603504,0.667,0.3,11145,10775,14420,0.00729139,0,0,0.084,0.1938,0.3381,0.0511,0.01159,0.28709,0.13204,-0.009,0.29242,0.70994
3933,1442.7,42383598,2604139,0.621,0.3,11727,10805,14413,0.00728816,0,0,0.0811,0.1626,0.3084,0.0693,0.0121,0.28682,0.1375,-0.00801,0.30147,0.71742
3934,1443.6,42394388,2604763,0.621,0.298,11742,10790,14427,0.00728492,0,0,0.0801,0.164,0.3087,0.0683,0.01192,0.28533,0.12489,-0.00897,0.27823,0.72213
3935,1444.5,42405193,2605389,0.538,0.304,12834,10805,14473,0.00728168,0,0,0.0688,0.1456,0.2712,0.0526,0.01193,0.29084,0.13512,-0.00731,0.29539,0.724
3936,1445.4,42416008,2605995,0.595,0.299,12091,10815,14461,0.00727844,0,0,0.0773,0.1672,0.3058,0.0448,0.01123,0.28731,0.12875,-0.00986,0.28777,0.72445
3937,1446.3,42426872,2606623,0.652,0.31,11294,10864,14501,0.0072752,0,0,0.0815,0.1759,0.3137,0.0813,0.01182,0.29695,0.13552,-0.00989,0.30083,0.68846
3938,1447.2,42437718,2607232,0.598,0.307,11991,10846,14461,0.00727194,0,0,0.0822,0.1641,0.3089,0.0426,0.01172,0.29396,0.14373,-0.00992,0.31754,0.70424
3939,1448.1,42448542,2607838,0.577,0.309,12212,10824,14449,0.00726868,0,0,0.0789,0.1536,0.2943,0.0502,0.01172,0.29703,0.15403,-0.00944,0.33693,0.68725
3940,1448.9,42459395,2608464,0.507,0.301,13436,10853,14480,0.00726544,0,0,0.0656,0.1226,0.2768,0.0417,0.01158,0.28871,0.14821,-0.00768,0.32203,0.70576
3941,1449.7,42470224,2609075,0.479,0.3,13898,10829,14462,0.00726218,0,0,0.0618,0.1042,0.2412,0.0722,0.01061,0.28843,0.13528,-0.0086,0.29787,0.6954
3942,1450.5,42481088,2609669,0.467,0.303,14120,10864,14500,0.00725893,0,0,0.0628,0.1121,0.2555,0.0365,0.0121,0.28996,0.14771,-0.00906,0.324,0.71992
3943,1451.3,42491911,2610265,0.492,0.306,13565,10823,14481,0.00725567,0,0,0.0652,0.1252,0.2578,0.0435,0.01136,0.29402,0.14051,-0.00708,0.30564,0.7211
3944,1452.2,42502732,2610873,0.581,0.304,12220,10821,14453,0.00725243,0,0,0.0749,0.1558,0.2882,0.0625,0.01115,0.29236,0.13993,-0.00866,0.30747,0.70886
3945,1453.0,42513562,2611489,0.499,0.311,13373,10830,14490,0.00724918,0,0,0.0645,0.1258,0.2639,0.0449,0.01198,0.29799,0.13431,-0.0061,0.29119,0.71566
3946,1453.8,42524403,2612098,0.478,0.308,13783,10841,14466,0.00724593,0,0,0.0629,0.1141,0.2622,0.039,0.01185,0.2956,0.13854,-0.00629,0.29991,0.70632
3947,1454.6,42535191,2612707,0.504,0.309,13275,10788,14451,0.00724268,0,0,0.0609,0.1139,0.2579,0.0709,0.01182,0.29654,0.1253,-0.004,0.26921,0.73263
3948,1455.3,42546021,2613324,0.475,0.309,13821,10830,14456,0.00723944,0,0,0.0629,0.1149,0.2566,0.0401,0.0115,0.29657,0.13264,-0.00734,0.29001,0.69349
3949,1456.4,42556895,2613924,0.713,0.319,10537,10874,14495,0.00723619,0,0,0.0853,0.1792,0.3273,0.121,0.01196,0.30636,0.13872,-0.00692,0.30143,0.70145
3950,1457.3,42567754,2614537,0.56,0.324,12288,10859,14545,0.00723293,0,0,0.075,0.1344,0.2991,0.0517,0.01264,0.31,0.15064,-0.00695,0.32527,0.69779
3951,1458.2,42578618,2615160,0.622,0.315,11598,10864,14506,0.00722967,0,0,0.0833,0.1702,0.3169,0.0514,0.01401,0.30013,0.13641,-0.00929,0.30168,0.71048
3952,1459.3,42589441,2615775,0.679,0.321,10816,10823,14478,0.00722641,0,0,0.0843,0.1735,0.3431,0.0785,0.01296,0.30735,0.14957,-0.007,0.32312,0.69187
3953,1460.3,42600272,2616403,0.637,0.307,11463,10831,14459,0.00722317,0,0,0.0837,0.1779,0.3242,0.0515,0.013,0.29367,0.14316,-0.00743,0.3113,0.70099
3954,1461.2,42611094,2617009,0.666,0.317,11009,10822,14450,0.00721992,0,0,0.0929,0.1839,0.3389,0.0497,0.01271,0.30402,0.14553,-0.00843,0.31803,0.70016
3955,1462.2,42621908,2617609,0.624,0.315,11525,10814,14460,0.00721667,0,0,0.0803,0.1594,0.3088,0.0751,0.0119,0.30184,0.14895,-0.00929,0.32662,0.70141
3956,1463.2,42632764,2618215,0.672,0.311,11042,10856,14481,0.00721343,0,0,0.0859,0.1799,0.3367,0.0694,0.01221,0.29807,0.1473,-0.0081,0.32107,0.71244
3957,1464.3,42643567,2618850,0.787,0.312,9824,10803,14450,0.00721017,0,0,0.0889,0.1842,0.3186,0.1957,0.01164,0.29932,0.14646,-0.00785,0.31859,0.69062
3958,1465.2,42654416,2619466,0.625,0.301,11722,10849,14477,0.00720693,0,0,0.0768,0.1627,0.3034,0.0817,0.01163,0.28848,0.14322,-0.00904,0.31463,0.70175
3959,1466.1,42665244,2620115,0.636,0.313,11410,10828,14475,0.00720368,0,0,0.0837,0.177,0.3063,0.0693,0.01337,0.29836,0.14733,-0.00978,0.32417,0.68983
3960,1467.0,42676026,2620749,0.572,0.309,12233,10782,14393,0.00720043,0,0,0.0801,0.1534,0.3001,0.0384,0.01263,0.296,0.13461,-0.00856,0.29661,0.71347
3961,1467.9,42686883,2621387,0.603,0.309,11914,10857,14474,0.00719719,0,0,0.0757,0.1466,0.302,0.0784,0.01262,0.2952,0.13278,-0.00984,0.29538,0.70421
3962,1468.8,42697676,2622024,0.59,0.31,11988,10793,14414,0.00719394,0,0,0.0797,0.1477,0.2973,0.0657,0.01437,0.29469,0.14305,-0.00715,0.31034,0.69081
3963,1469.8,42708455,2622651,0.666,0.306,11080,10779,14402,0.0071907,0,0,0.081,0.1629,0.3127,0.1098,0.0117,0.29392,0.15045,-0.00726,0.32558,0.70534
3964,1470.8,42719228,2623283,0.665,0.308,11063,10773,14416,0.00718746,0,0,0.082,0.1891,0.3408,0.0534,0.01265,0.29505,0.15528,-0.00896,0.33845,0.69418
3965,1471.7,42730029,2623931,0.593,0.308,11981,10801,14438,0.00718423,0,0,0.0794,0.1587,0.3014,0.0535,0.01177,0.29513,0.13618,-0.00812,0.29892,0.7172
3966,1472.6,42740860,2624563,0.615,0.305,11774,10831,14452,0.00718099,0,0,0.0795,0.1513,0.2947,0.0893,0.01169,0.29236,0.13532,-0.00941,0.29941,0.69288
3967,1473.6,42751664,2625215,0.672,0.305,11060,10804,14449,0.00717774,0,0,0.0838,0.1944,0.3366,0.0576,0.01363,0.28995,0.14002,-0.00824,0.3066,0.70161
3968,1474.6,42762466,2625848,0.692,0.302,10869,10802,14469,0.0071745,0,0,0.088,0.18,0.3599,0.0642,0.01193,0.28874,0.14676,-0.00865,0.32097,0.70821
3969,1475.5,42773280,2626498,0.627,0.306,11593,10814,14440,0.00717126,0,0,0.0861,0.1721,0.3131,0.0559,0.01144,0.29349,0.14002,-0.0081,0.30639,0.70809
3970,1476.4,42784088,2627115,0.589,0.307,12064,10808,14405,0.00716802,0,0,0.0808,0.1573,0.3063,0.0445,0.01231,0.29389,0.15393,-0.00957,0.33695,0.69433
3971,1477.3,42794902,2627737,0.603,0.305,11920,10814,14437,0.00716477,0,0,0.0769,0.1506,0.3033,0.0718,0.01181,0.29211,0.13913,-0.00775,0.30378,0.69945
3972,1478.2,42805746,2628386,0.587,0.305,12155,10844,14480,0.00716153,0,0,0.0803,0.16,0.3035,0.0429,0.01128,0.29344,0.13627,-0.0089,0.3004,0.70103
3973,1479.1,42816568,2629026,0.631,0.308,11533,10822,14423,0.00715828,0,0,0.0863,0.1612,0.3052,0.0782,0.01164,0.29506,0.1545,-0.00736,0.3336,0.68897
3974,1480.1,42827351,2629665,0.672,0.308,11012,10783,14417,0.00715503,0,0,0.0871,0.1798,0.3316,0.0731,0.01224,0.29428,0.13359,-0.00738,0.2922,0.71667
3975,1481.1,42838110,2630288,0.702,0.31,10633,10759,14411,0.00715179,0,0,0.0898,0.1841,0.3277,0.1003,0.01232,0.29689,0.1454,-0.00941,0.31982,0.71342
3976,1482.1,42848908,2630907,0.636,0.3,11529,10798,14434,0.00714857,0,0,0.0845,0.1732,0.3277,0.051,0.01182,0.28774,0.13991,-0.00812,0.30599,0.69437
3977,1483.0,42859730,2631540,0.651,0.309,11265,10822,14448,0.00714533,0,0,0.0819,0.1677,0.3189,0.083,0.01249,0.29578,0.14054,-0.00773,0.30663,0.70593
3978,1484.0,42870567,2632170,0.623,0.307,11646,10837,14442,0.00714208,0,0,0.0866,0.1704,0.3161,0.05,0.01166,0.29459,0.14295,-0.00894,0.31362,0.68925
3979,1484.9,42881451,2632795,0.661,0.318,11112,10884,14497,0.00713883,0,0,0.0848,0.1859,0.3419,0.0485,0.01364,0.30397,0.13568,-0.00953,0.30035,0.69566
3980,1485.9,42892283,2633438,0.616,0.309,11714,10832,14473,0.00713556,0,0,0.086,0.1719,0.3122,0.0456,0.01198,0.29623,0.14382,-0.01028,0.31846,0.71975
3981,1486.8,42903133,2634075,0.649,0.305,11379,10850,14456,0.00713232,0,0,0.0871,0.1748,0.3101,0.077,0.01225,0.29121,0.14142,-0.00757,0.30793,0.69694
3982,1487.8,42913885,2634694,0.653,0.303,11244,10752,14361,0.00712906,0,0,0.0851,0.1815,0.3291,0.0574,0.01198,0.29013,0.14906,-0.00749,0.32306,0.69768
3983,1488.8,42924737,2635328,0.738,0.309,10363,10852,14477,0.00712583,0,0,0.0869,0.1936,0.343,0.1148,0.01395,0.2941,0.1281,-0.00868,0.28368,0.70885
3984,1489.8,42935566,2635953,0.624,0.307,11632,10829,14446,0.00712258,0,0,0.0813,0.1617,0.3209,0.0603,0.01197,0.29389,0.14221,-0.01029,0.31492,0.69567
3985,1490.7,42946328,2636593,0.64,0.302,11427,10762,14405,0.00711933,0,0,0.0872,0.1769,0.3242,0.0515,0.01192,0.28921,0.13875,-0.00772,0.3031,0.71392
3986,1491.6,42957103,2637228,0.603,0.305,11869,10775,14388,0.0071161,0,0,0.0835,0.1596,0.3141,0.0453,0.0123,0.29151,0.14263,-0.00748,0.31013,0.69687
3987,1492.6,42967876,2637869,0.695,0.303,10789,10773,14370,0.00711287,0,0,0.0836,0.1857,0.3574,0.0684,0.01253,0.28982,0.13854,-0.00819,0.30359,0.71235
3988,1493.7,42978645,2638510,0.77,0.314,9943,10769,14383,0.00710964,0,0,0.1025,0.2089,0.3697,0.0886,0.01214,0.30045,0.1256,-0.00863,0.27867,0.71814
3989,1494.8,42989431,2639159,0.785,0.309,9861,10786,14399,0.00710641,0,0,0.0935,0.1959,0.362,0.1335,0.0115,0.2966,0.12665,-0.00866,0.2806,0.70286
3990,1495.8,43000251,2639784,0.687,0.305,10902,10820,14426,0.00710317,0,0,0.0841,0.1671,0.3251,0.1111,0.0113,0.29281,0.13691,-0.00643,0.29652,0.69197
3991,1496.8,43011025,2640429,0.669,0.311,10995,10774,14413,0.00709992,0,0,0.0868,0.1823,0.3306,0.0689,0.01212,0.29819,0.14535,-0.01062,0.32206,0.71238
3992,1497.7,43021845,2641077,0.624,0.305,11640,10820,14449,0.00709669,0,0,0.0843,0.1768,0.3219,0.0415,0.01211,0.2922,0.13906,-0.01036,0.3089,0.70875
3993,1498.7,43032590,2641717,0.665,0.308,11048,10745,14382,0.00709345,0,0,0.0842,0.1723,0.3158,0.0921,0.01152,0.2953,0.13288,-0.00866,0.29323,0.71638
3994,1499.6,43043391,2642341,0.632,0.315,11411,10801,14401,0.00709022,0,0,0.0788,0.1648,0.3229,0.0653,0.0121,0.30186,0.13652,-0.00776,0.29847,0.6989
3995,1500.6,43054156,2642990,0.649,0.316,11152,10765,14365,0.00708698,0,0,0.0898,0.178,0.3221,0.0593,0.01352,0.3017,0.13126,-0.00896,0.29035,0.69928
3996,1501.5,43064935,2643646,0.622,0.31,11562,10779,14391,0.00708375,0,0,0.085,0.1674,0.3208,0.049,0.01163,0.29767,0.14127,-0.00696,0.3064,0.7012
3997,1502.5,43075699,2644291,0.68,0.304,10936,10764,14377,0.00708052,0,0,0.0848,0.1699,0.3233,0.1021,0.01169,0.29167,0.12629,-0.00671,0.27595,0.70154
3998,1503.4,43086495,2644937,0.618,0.31,11640,10796,14432,0.00707729,0,0,0.0842,0.1656,0.3247,0.0435,0.0116,0.29713,0.13452,-0.00868,0.29643,0.70821
3999,1504.4,43097295,2645593,0.639,0.306,11434,10800,14444,0.00707405,0,0,0.0812,0.1795,0.3257,0.0524,0.01154,0.29326,0.12833,-0.0105,0.28784,0.71918
4000,1505.3,43108076,2646234,0.649,0.305,11302,10781,14409,0.00707081,0,0,0.084,0.1729,0.3172,0.0748,0.01295,0.29126,0.13436,-0.00904,0.29672,0.7013
4001,1506.6,43118840,2646876,0.594,0.306,11972,10764,14370,0.00706758,0,0,0.0799,0.1541,0.3135,0.0461,0.01216,0.29285,0.13464,-0.00633,0.29203,0.71317
4002,1507.6,43129622,2647516,0.551,0.31,12536,10782,14396,0.00706435,0,0,0.0762,0.1453,0.2907,0.0383,0.01161,0.2971,0.12765,-0.00799,0.28144,0.71827
4003,1508.5,43140426,2648158,0.599,0.305,11945,10804,14426,0.00706111,0,0,0.0801,0.1583,0.3074,0.0536,0.01154,0.29286,0.12844,-0.00875,0.28452,0.71749
4004,1509.4,43151167,2648799,0.57,0.307,12250,10741,14356,0.00705787,0,0,0.0771,0.1554,0.2914,0.046,0.01163,0.29473,0.13498,-0.00692,0.29366,0.69788
4005,1510.3,43161960,2649452,0.605,0.301,11907,10793,14416,0.00705465,0,0,0.0785,0.1467,0.291,0.0892,0.01153,0.28886,0.14404,-0.00926,0.31656,0.70604
4006,1511.2,43172775,2650100,0.585,0.304,12167,10815,14449,0.00705141,0,0,0.078,0.162,0.3015,0.043,0.01168,0.29185,0.12884,-0.0074,0.28234,0.70012
4007,1512.0,43183570,2650734,0.566,0.297,12507,10795,14392,0.00704817,0,0,0.0747,0.1558,0.289,0.0469,0.01166,0.28421,0.14553,-0.00861,0.31781,0.67686
4008,1512.9,43194385,2651367,0.594,0.306,12014,10815,14411,0.00704493,0,0,0.0797,0.1589,0.2986,0.0564,0.01254,0.29304,0.14903,-0.00424,0.31622,0.68818
4009,1513.8,43205168,2652002,0.553,0.302,12616,10783,14407,0.00704168,0,0,0.075,0.1501,0.2806,0.047,0.01057,0.29066,0.16183,-0.00463,0.34268,0.69323
4010,1514.7,43215997,2652630,0.562,0.307,12471,10829,14446,0.00703845,0,0,0.0727,0.1469,0.2987,0.0434,0.01165,0.29412,0.16106,-0.00675,0.34518,0.67846
4011,1515.5,43226814,2653264,0.575,0.299,12386,10817,14447,0.0070352,0,0,0.0773,0.1482,0.2885,0.0606,0.01102,0.28674,0.15128,-0.00609,0.32437,0.68523
4012,1516.4,43237603,2653883,0.55,0.298,12732,10789,14404,0.00703196,0,0,0.0738,0.1482,0.2891,0.0384,0.01219,0.28487,0.15047,-0.00721,0.32458,0.65641
4013,1517.3,43248401,2654514,0.595,0.307,11974,10798,14454,0.00702872,0,0,0.0762,0.155,0.2933,0.0706,0.01207,0.29387,0.14261,-0.00778,0.31065,0.7024
4014,1518.1,43259234,2655143,0.524,0.302,13111,10833,14472,0.00702548,0,0,0.0721,0.1299,0.2786,0.0439,0.01197,0.28885,0.14237,-0.00657,0.3076,0.6912
4015,1519.0,43270055,2655765,0.581,0.298,12307,10821,14450,0.00702223,0,0,0.0748,0.1493,0.2776,0.0797,0.01183,0.2853,0.13884,-0.00672,0.30075,0.68501
4016,1519.9,43280861,2656393,0.576,0.302,12314,10806,14448,0.00701898,0,0,0.0794,0.1534,0.2962,0.0468,0.01139,0.28913,0.15425,-0.00642,0.33088,0.6797
4017,1520.9,43291688,2657034,0.707,0.306,10695,10827,14450,0.00701574,0,0,0.0876,0.2069,0.3244,0.0878,0.01258,0.29223,0.14515,-0.00876,0.31705,0.658
4018,1521.8,43302486,2657689,0.647,0.313,11246,10798,14419,0.00701249,0,0,0.1005,0.1732,0.3253,0.0485,0.01469,0.29675,0.14691,-0.00524,0.31395,0.6885
4019,1522.8,43313201,2658321,0.679,0.316,10768,10715,14351,0.00700925,0,0,0.0936,0.2026,0.3235,0.0593,0.01424,0.30096,0.14215,-0.00568,0.30502,0.66699
4020,1523.9,43323988,2658960,0.743,0.317,10182,10787,14424,0.00700604,0,0,0.0972,0.1988,0.3697,0.0768,0.01218,0.30367,0.13826,-0.00617,0.2983,0.67272
4021,1524.9,43334799,2659596,0.727,0.3,10522,10811,14434,0.0070028,0,0,0.0859,0.1908,0.3445,0.1062,0.01221,0.28684,0.14907,-0.00611,0.31958,0.65871
4022,1525.9,43345594,2660241,0.649,0.301,11364,10795,14458,0.00699956,0,0,0.0911,0.1764,0.3229,0.0587,0.01275,0.28703,0.14488,-0.00671,0.31278,0.68608
4023,1526.9,43356406,2660878,0.746,0.308,10260,10812,14448,0.00699632,0,0,0.0925,0.221,0.3288,0.1039,0.01395,0.29267,0.15344,-0.00629,0.32906,0.68693
4024,1528.0,43367228,2661530,0.751,0.319,10110,10822,14439,0.00699308,0,0,0.0952,0.207,0.3637,0.0854,0.0121,0.3061,0.14712,-0.00518,0.31397,0.66941
4025,1529.1,43378038,2662139,0.798,0.312,9740,10810,14432,0.00698983,0,0,0.0957,0.2125,0.3821,0.1075,0.01159,0.29974,0.15319,-0.00701,0.32972,0.66751
4026,1530.1,43388901,2662778,0.64,0.314,11388,10863,14502,0.00698659,0,0,0.0834,0.1694,0.3068,0.0802,0.01292,0.3001,0.15398,-0.00806,0.33338,0.666
4027,1531.0,43399715,2663415,0.587,0.32,11924,10814,14466,0.00698333,0,0,0.0776,0.156,0.3053,0.0478,0.01155,0.30783,0.15015,-0.00717,0.32405,0.67399
4028,1531.8,43410549,2664041,0.576,0.3,12373,10834,14443,0.00698009,0,0,0.0752,0.1543,0.3026,0.0436,0.01213,0.28657,0.16081,-0.0052,0.34124,0.66059
4029,1532.7,43421406,2664657,0.606,0.3,11981,10857,14490,0.00697684,0,0,0.0774,0.1478,0.2942,0.0871,0.01214,0.28592,0.14358,-0.00698,0.31023,0.65225
4030,1533.6,43432275,2665273,0.554,0.316,12491,10869,14526,0.00697358,0,0,0.074,0.1436,0.2935,0.0427,0.01246,0.30291,0.15441,-0.00655,0.33131,0.67283
4031,1534.6,43443089,2665899,0.619,0.312,11619,10814,14469,0.00697032,0,0,0.0762,0.1613,0.2976,0.0836,0.01217,0.29898,0.15261,-0.00653,0.32759,0.66832
4032,1535.4,43453945,2666508,0.549,0.3,12789,10856,14452,0.00696707,0,0,0.076,0.1385,0.2934,0.0411,0.01128,0.28783,0.13871,-0.00656,0.29999,0.67815
4033,1536.3,43464830,2667134,0.553,0.301,12747,10885,14514,0.00696382,0,0,0.0762,0.1443,0.2896,0.0432,0.01157,0.2881,0.14289,-0.00505,0.30501,0.65637
4034,1537.1,43475707,2667754,0.54,0.314,12736,10877,14536,0.00696055,0,0,0.0714,0.1399,0.286,0.0422,0.01182,0.30172,0.13487,-0.0068,0.29294,0.68986
4035,1537.9,43486589,2668385,0.529,0.304,13066,10882,14516,0.00695729,0,0,0.0678,0.1311,0.2824,0.0477,0.0111,0.29186,0.13279,-0.00794,0.29101,0.68639
4036,1538.7,43497466,2669002,0.496,0.298,13704,10877,14527,0.00695402,0,0,0.0672,0.1227,0.2718,0.0339,0.0115,0.28607,0.14255,-0.00774,0.31009,0.68347
4037,1539.7,43508367,2669646,0.639,0.297,11648,10901,14545,0.00695076,0,0,0.079,0.1575,0.311,0.0913,0.01238,0.28403,0.13835,-0.00469,0.29537,0.66818
4038,1540.5,43519235,2670284,0.556,0.306,12618,10868,14514,0.00694749,0,0,0.0736,0.1489,0.2939,0.0391,0.01159,0.29352,0.14366,-0.00911,0.31482,0.66732
4039,1541.4,43530157,2670921,0.517,0.302,13338,10922,14568,0.00694423,0,0,0.0663,0.1382,0.2695,0.043,0.01157,0.28959,0.13364,-0.0079,0.29244,0.67399
4040,1542.3,43541061,2671552,0.654,0.307,11350,10904,14532,0.00694095,0,0,0.0874,0.1689,0.3165,0.0812,0.01218,0.29381,0.14379,-0.0063,0.30948,0.66988
4041,1543.2,43551955,2672180,0.617,0.298,11914,10894,14524,0.00693768,0,0,0.0802,0.1629,0.3206,0.0531,0.011,0.28561,0.14199,-0.01057,0.31423,0.65679
4042,1544.2,43562825,2672818,0.654,0.3,11385,10870,14515,0.00693441,0,0,0.089,0.1706,0.3387,0.056,0.01215,0.2874,0.13982,-0.00859,0.30593,0.65593
4043,1545.2,43573694,2673438,0.669,0.298,11243,10869,14519,0.00693115,0,0,0.0898,0.1703,0.3197,0.0892,0.01219,0.28494,0.15073,-0.00768,0.32588,0.65425
4044,1546.1,43584533,2674063,0.635,0.303,11565,10839,14487,0.00692789,0,0,0.081,0.1754,0.3294,0.0487,0.01126,0.29056,0.13296,-0.00712,0.28925,0.65689
4045,1547.2,43595418,2674700,0.832,0.311,9528,10885,14563,0.00692464,0,0,0.09,0.2247,0.4298,0.0873,0.0132,0.2965,0.14149,-0.00463,0.30117,0.64532
4046,1548.3,43606227,2675321,0.78,0.304,9966,10809,14460,0.00692137,0,0,0.1102,0.2138,0.3923,0.0638,0.01484,0.28862,0.13687,-0.00718,0.2971,0.64994
4047,1549.5,43617050,2675951,0.822,0.32,9475,10823,14471,0.00691813,0,0,0.0863,0.2359,0.3658,0.1345,0.02003,0.29886,0.13812,-0.00528,0.29557,0.63404
4048,1550.4,43627851,2676575,0.633,0.316,11379,10801,14443,0.00691489,0,0,0.0841,0.1726,0.3227,0.0537,0.0126,0.30273,0.14492,-0.00486,0.30812,0.61971
4049,1551.5,43638693,2677224,0.726,0.316,10403,10842,14498,0.00691164,0,0,0.0872,0.2112,0.3603,0.0673,0.01127,0.30396,0.13625,-0.00865,0.29839,0.62105
4050,1552.4,43649501,2677853,0.646,0.306,11358,10808,14476,0.00690839,0,0,0.0843,0.1724,0.3187,0.0703,0.01228,0.29263,0.14854,-0.00662,0.31878,0.61342
4051,1553.3,43660347,2678482,0.62,0.303,11745,10846,14513,0.00690515,0,0,0.0882,0.1722,0.3139,0.0458,0.01349,0.28895,0.14857,-0.00274,0.31119,0.62071
4052,1554.3,43671216,2679114,0.612,0.304,11856,10869,14526,0.0069019,0,0,0.0839,0.1569,0.3027,0.069,0.01183,0.29144,0.14657,-0.00548,0.31263,0.61848
4053,1555.4,43682060,2679729,0.698,0.315,10701,10844,14466,0.00689864,0,0,0.0853,0.2121,0.3206,0.0804,0.01148,0.3026,0.14406,-0.00568,0.30803,0.61904
4054,1556.4,43692927,2680365,0.695,0.311,10802,10867,14546,0.00689538,0,0,0.1067,0.1773,0.3427,0.0688,0.01249,0.29708,0.15373,-0.00687,0.32981,0.62474
4055,1557.5,43703739,2680990,0.818,0.307,9607,10812,14479,0.00689212,0,0,0.0925,0.2222,0.3835,0.1203,0.01232,0.29366,0.14807,-0.00698,0.3191,0.65154
4056,1558.4,43714606,2681626,0.631,0.305,11605,10867,14534,0.00688888,0,0,0.0874,0.1832,0.3139,0.0466,0.01201,0.29254,0.15255,-0.00603,0.32582,0.62971
4057,1559.4,43725434,2682247,0.624,0.314,11546,10828,14496,0.00688562,0,0,0.0842,0.1724,0.3187,0.049,0.01303,0.29972,0.13149,-0.00774,0.28732,0.64291
4058,1560.4,43736292,2682885,0.689,0.304,10935,10858,14515,0.00688237,0,0,0.0906,0.1999,0.3555,0.0434,0.01199,0.29057,0.14796,-0.00848,0.32154,0.62959
4059,1561.4,43747184,2683508,0.721,0.307,10597,10892,14542,0.00687911,0,0,0.0916,0.1922,0.3552,0.0818,0.01225,0.29408,0.13664,-0.00829,0.29885,0.6535
4060,1562.3,43758053,2684120,0.649,0.304,11395,10869,14515,0.00687584,0,0,0.084,0.1886,0.3049,0.072,0.01198,0.29161,0.13961,-0.00704,0.30217,0.64462
4061,1563.3,43768964,2684762,0.694,0.305,10925,10911,14568,0.00687258,0,0,0.0875,0.1982,0.3283,0.0799,0.01241,0.29153,0.14179,-0.00719,0.30713,0.6665
4062,1564.4,43779777,2685389,0.689,0.322,10699,10813,14476,0.00686931,0,0,0.0901,0.1895,0.3502,0.0588,0.01231,0.30893,0.14669,-0.00463,0.31171,0.65905
4063,1565.5,43790562,2686040,0.839,0.31,9386,10785,14478,0.00686607,0,0,0.0955,0.2214,0.3806,0.1418,0.01257,0.29603,0.14641,-0.00786,0.31776,0.6724
4064,1566.7,43801364,2686667,0.85,0.308,9329,10802,14462,0.00686283,0,0,0.0981,0.2274,0.4103,0.1143,0.01187,0.29487,0.14369,-0.0047,0.30573,0.65204
4065,1567.9,43812201,2687312,0.876,0.319,9070,10837,14508,0.00685959,0,0,0.0896,0.2366,0.4095,0.1402,0.01604,0.30186,0.13699,-0.00812,0.2991,0.64786
4066,1569.0,43823046,2687939,0.802,0.315,9704,10845,14502,0.00685634,0,0,0.0945,0.2197,0.3778,0.1102,0.0119,0.3023,0.14141,-0.00574,0.30296,0.63133
4067,1570.1,43833918,2688584,0.805,0.301,9825,10872,14518,0.00685309,0,0,0.0994,0.2199,0.3636,0.1222,0.01248,0.28815,0.13977,-0.00539,0.29913,0.64227
4068,1571.1,43844769,2689230,0.702,0.307,10750,10851,14527,0.00684982,0,0,0.0934,0.1903,0.3451,0.0732,0.012,0.29451,0.13751,-0.0058,0.29532,0.63628
4069,1572.1,43855624,2689873,0.689,0.31,10871,10855,14542,0.00684657,0,0,0.0911,0.1909,0.3268,0.0799,0.01188,0.29706,0.13384,-0.00701,0.29062,0.65087
4070,1573.1,43866429,2690517,0.654,0.307,11246,10805,14480,0.00684331,0,0,0.0809,0.1601,0.3056,0.1073,0.011,0.29496,0.14616,-0.00578,0.31279,0.65116
4071,1573.9,43877252,2691154,0.582,0.309,12143,10823,14491,0.00684007,0,0,0.0788,0.1535,0.2995,0.0504,0.01131,0.29674,0.14366,-0.00761,0.31105,0.62217
4072,1574.8,43888099,2691797,0.569,0.309,12352,10847,14506,0.00683682,0,0,0.0707,0.1352,0.2811,0.0818,0.01322,0.2954,0.14707,-0.0065,0.31592,0.64096
4073,1575.7,43898935,2692430,0.56,0.302,12583,10836,14490,0.00683357,0,0,0.0776,0.1504,0.289,0.0426,0.01199,0.28881,0.14397,-0.00795,0.31278,0.6539
4074,1576.6,43909800,2693078,0.557,0.308,12574,10865,14532,0.00683032,0,0,0.0759,0.1463,0.2929,0.0414,0.01186,0.29466,0.13823,-0.00666,0.29887,0.66554
4075,1577.5,43920628,2693717,0.647,0.306,11364,10828,14492,0.00682706,0,0,0.0831,0.1703,0.3176,0.0762,0.01123,0.29345,0.13618,-0.00556,0.29254,0.66452
4076,1578.4,43931517,2694366,0.612,0.307,11851,10889,14546,0.00682381,0,0,0.0838,0.1744,0.3095,0.0446,0.01214,0.2936,0.12829,-0.00805,0.28163,0.65439
4077,1579.4,43942382,2695024,0.651,0.302,11398,10865,14504,0.00682054,0,0,0.0836,0.1605,0.3063,0.1006,0.01173,0.28924,0.14227,-0.00847,0.31031,0.64663
4078,1580.3,43953234,2695675,0.631,0.308,11555,10852,14505,0.00681729,0,0,0.0877,0.1747,0.3215,0.0476,0.01114,0.2957,0.13262,-0.00626,0.2863,0.62696
4079,1581.3,43964137,2696345,0.665,0.314,11136,10903,14568,0.00681403,0,0,0.0856,0.1851,0.3422,0.0524,0.01208,0.30102,0.14996,-0.00673,0.32198,0.63001
4080,1582.3,43975008,2696996,0.711,0.306,10686,10871,14518,0.00681076,0,0,0.0823,0.1944,0.3456,0.0886,0.01261,0.29283,0.14066,-0.00621,0.30226,0.62571
4081,1583.4,43985878,2697661,0.756,0.314,10161,10870,14523,0.0068075,0,0,0.0983,0.2027,0.3793,0.0756,0.01223,0.30088,0.14596,-0.005,0.31037,0.62108
4082,1584.4,43996727,2698311,0.757,0.301,10245,10849,14502,0.00680424,0,0,0.0965,0.1994,0.3807,0.0809,0.01327,0.28743,0.14038,-0.00743,0.30389,0.60746
4083,1585.6,44007585,2698967,0.831,0.313,9497,10858,14516,0.00680098,0,0,0.0897,0.2234,0.4348,0.0827,0.01301,0.29773,0.15617,-0.00413,0.32882,0.60346
4084,1586.7,44018467,2699616,0.803,0.307,9798,10882,14523,0.00679772,0,0,0.1104,0.2254,0.3903,0.0773,0.01211,0.29388,0.16473,-0.00659,0.35078,0.59814
4085,1587.8,44029335,2700273,0.775,0.302,10094,10868,14503,0.00679446,0,0,0.0927,0.2077,0.3864,0.0883,0.01206,0.28838,0.15724,-0.00662,0.33555,0.57621
4086,1588.9,44040201,2700928,0.831,0.312,9510,10866,14527,0.0067912,0,0,0.1011,0.2276,0.3835,0.1188,0.01259,0.29798,0.15578,-0.00503,0.32982,0.60265
4087,1590.0,44051095,2701577,0.79,0.3,9998,10894,14528,0.00678794,0,0,0.0961,0.2208,0.4003,0.0725,0.01245,0.28653,0.1589,-0.00592,0.33776,0.59802
4088,1591.2,44062014,2702247,0.867,0.299,9364,10919,14587,0.00678467,0,0,0.102,0.2262,0.4351,0.1042,0.01179,0.28597,0.15827,-0.00401,0.33281,0.60886
4089,1592.4,44072910,2702901,0.913,0.315,8879,10896,14567,0.0067814,0,0,0.0971,0.2393,0.4549,0.1213,0.01199,0.30142,0.16134,-0.00649,0.34411,0.62305
4090,1593.5,44083775,2703565,0.768,0.299,10182,10865,14513,0.00677813,0,0,0.0944,0.2117,0.3753,0.0862,0.01207,0.28645,0.15091,-0.00446,0.31918,0.62266
4091,1594.5,44094642,2704214,0.714,0.301,10701,10867,14486,0.00677487,0,0,0.0908,0.1978,0.3664,0.0594,0.01285,0.28747,0.15412,-0.00657,0.32976,0.61812
4092,1595.6,44105470,2704861,0.796,0.308,9811,10828,14471,0.00677161,0,0,0.0968,0.2195,0.3666,0.1126,0.01317,0.29407,0.15212,-0.00546,0.32329,0.60033
4093,1596.6,44116323,2705501,0.663,0.301,11262,10853,14489,0.00676836,0,0,0.0872,0.1707,0.3237,0.0813,0.01273,0.28745,0.1479,-0.00623,0.3164,0.60116
4094,1597.4,44127142,2706156,0.549,0.298,12775,10819,14480,0.0067651,0,0,0.0728,0.1456,0.2861,0.0442,0.01183,0.28553,0.16386,-0.00507,0.34604,0.605
4095,1598.6,44137961,2706799,0.874,0.322,9050,10819,14458,0.00676186,0,0,0.0946,0.2621,0.4047,0.1125,0.01305,0.30768,0.15646,-0.00319,0.32748,0.60547
4096,1599.7,44148776,2707449,0.769,0.311,10021,10815,14501,0.00675861,0,0,0.1009,0.2125,0.3879,0.0674,0.01461,0.29512,0.14896,-0.0053,0.31688,0.61849
4097,1600.6,44159603,2708101,0.621,0.3,11753,10827,14505,0.00675537,0,0,0.079,0.166,0.3033,0.0726,0.01087,0.28852,0.16058,-0.0071,0.34361,0.6107
4098,1601.5,44170431,2708757,0.556,0.303,12614,10828,14470,0.00675212,0,0,0.0755,0.1483,0.2888,0.043,0.01293,0.28927,0.14184,-0.00548,0.3031,0.62593
4099,1602.3,44181275,2709393,0.571,0.299,12475,10844,14464,0.00674887,0,0,0.0742,0.1507,0.287,0.0588,0.0113,0.28674,0.15387,-0.00587,0.32787,0.62137
4100,1603.2,44192120,2710030,0.537,0.3,12965,10845,14472,0.00674562,0,0,0.0717,0.1386,0.2806,0.0455,0.01373,0.2856,0.15365,-0.00798,0.33173,0.62729
4101,1604.0,44202958,2710674,0.549,0.302,12728,10838,14461,0.00674236,0,0,0.0699,0.1277,0.2745,0.0769,0.01217,0.28957,0.14594,-0.00831,0.31659,0.59967
4102,1604.9,44213823,2711329,0.527,0.309,12986,10865,14487,0.00673911,0,0,0.0675,0.1266,0.2817,0.0517,0.01141,0.29711,0.15584,-0.00641,0.33269,0.60718
4103,1605.8,44224666,2711954,0.579,0.304,12277,10843,14461,0.00673585,0,0,0.0762,0.1612,0.2957,0.0457,0.01182,0.29202,0.1483,-0.00707,0.31902,0.61507
4104,1606.6,44235483,2712611,0.526,0.298,13130,10817,14455,0.0067326,0,0,0.0714,0.1341,0.2709,0.0497,0.01256,0.2845,0.14171,-0.00761,0.30728,0.64074
4105,1607.5,44246310,2713252,0.525,0.301,13095,10827,14481,0.00672936,0,0,0.0679,0.1397,0.2792,0.0387,0.01038,0.29021,0.15932,-0.00641,0.33999,0.6327
4106,1608.3,44257158,2713902,0.573,0.297,12468,10848,14474,0.00672611,0,0,0.081,0.1511,0.3012,0.0395,0.01268,0.28372,0.13969,-0.00566,0.29885,0.60599
4107,1609.3,44267984,2714561,0.657,0.296,11352,10826,14446,0.00672285,0,0,0.0815,0.1937,0.3312,0.0509,0.01123,0.28435,0.1447,-0.0085,0.31479,0.62417
4108,1610.2,44278796,2715198,0.627,0.299,11680,10812,14473,0.0067196,0,0,0.0895,0.1792,0.3131,0.0453,0.01144,0.28638,0.1405,-0.00807,0.30567,0.63343
4109,1611.2,44289571,2715846,0.693,0.307,10773,10775,14421,0.00671636,0,0,0.0909,0.1841,0.3188,0.0994,0.01204,0.29406,0.12693,-0.01011,0.2824,0.6196
4110,1612.1,44300388,2716490,0.592,0.306,12041,10817,14442,0.00671313,0,0,0.0816,0.1614,0.3036,0.0455,0.01199,0.29327,0.14308,-0.00809,0.31069,0.62326
4111,1613.1,44311177,2717148,0.646,0.304,11352,10789,14422,0.00670988,0,0,0.0848,0.1931,0.3221,0.0465,0.01118,0.29199,0.13169,-0.00844,0.28841,0.60715
4112,1614.0,44321958,2717787,0.605,0.305,11845,10781,14404,0.00670665,0,0,0.0845,0.165,0.303,0.0524,0.01187,0.29269,0.1337,-0.00463,0.2844,0.57698
4113,1615.0,44332751,2718433,0.676,0.297,11096,10793,14423,0.00670341,0,0,0.0944,0.178,0.3254,0.0783,0.01226,0.28347,0.14166,-0.00697,0.30526,0.59599
4114,1616.0,44343533,2719074,0.702,0.304,10720,10782,14410,0.00670017,0,0,0.0904,0.1995,0.3302,0.0821,0.01279,0.28994,0.1243,-0.00702,0.27037,0.57626
4115,1616.9,44354400,2719735,0.674,0.3,11154,10867,14502,0.00669694,0,0,0.0846,0.1799,0.3163,0.0931,0.01069,0.28834,0.1377,-0.00729,0.29767,0.57318
4116,1617.8,44365233,2720370,0.602,0.298,12036,10833,14482,0.00669368,0,0,0.0841,0.1697,0.3058,0.0422,0.01147,0.28599,0.14078,-0.00745,0.30424,0.58018
4117,1618.8,44376068,2721014,0.683,0.311,10902,10835,14474,0.00669043,0,0,0.0834,0.1826,0.3238,0.0934,0.01115,0.29848,0.12981,-0.00861,0.2848,0.59515
4118,1619.8,44386912,2721661,0.711,0.299,10733,10844,14491,0.00668718,0,0,0.0989,0.2014,0.3521,0.059,0.0117,0.28648,0.12127,-0.00876,0.26797,0.59095
4119,1620.9,44397781,2722307,0.807,0.298,9839,10869,14488,0.00668393,0,0,0.1008,0.2247,0.3655,0.116,0.01201,0.28493,0.13507,-0.0069,0.29181,0.58899
4120,1621.9,44408625,2722947,0.65,0.298,11449,10844,14483,0.00668067,0,0,0.0809,0.189,0.3326,0.047,0.01248,0.28401,0.13604,-0.0054,0.29067,0.58415
4121,1622.9,44419457,2723595,0.681,0.302,11029,10832,14489,0.00667741,0,0,0.0921,0.1909,0.3394,0.0581,0.01174,0.28919,0.12978,-0.0055,0.27845,0.59065
4122,1623.8,44430281,2724217,0.655,0.306,11272,10824,14458,0.00667416,0,0,0.0812,0.1668,0.3374,0.0692,0.01153,0.29331,0.12838,-0.00495,0.27457,0.59205
4123,1624.8,44441116,2724863,0.613,0.302,11839,10835,14508,0.00667092,0,0,0.0842,0.1628,0.3129,0.0535,0.01164,0.28953,0.12637,-0.00709,0.27483,0.59284
4124,1625.6,44451921,2725506,0.569,0.303,12397,10805,14445,0.00666767,0,0,0.0775,0.1523,0.2902,0.0487,0.01136,0.29062,0.12788,-0.00606,0.27579,0.59399
4125,1626.6,44462739,2726145,0.636,0.306,11488,10818,14479,0.00666442,0,0,0.0812,0.1697,0.3008,0.0839,0.01147,0.29351,0.11807,-0.00582,0.25578,0.59992
4126,1627.5,44473603,2726787,0.6,0.32,11810,10864,14520,0.00666118,0,0,0.0815,0.1678,0.2941,0.0566,0.01134,0.30772,0.12496,-0.00679,0.27157,0.60625
4127,1628.5,44484442,2727448,0.697,0.3,10875,10839,14481,0.00665792,0,0,0.0818,0.195,0.3152,0.1048,0.01166,0.28737,0.13183,-0.00769,0.28684,0.58588
4128,1629.4,44495263,2728080,0.594,0.308,12006,10821,14452,0.00665467,0,0,0.0846,0.1613,0.301,0.0467,0.0138,0.29297,0.12942,-0.0056,0.27801,0.59825
4129,1630.3,44506037,2728745,0.606,0.298,11917,10774,14441,0.00665142,0,0,0.0838,0.1681,0.3084,0.0455,0.01107,0.28633,0.11936,-0.00583,0.25862,0.61826
4130,1631.2,44516806,2729389,0.608,0.311,11722,10769,14432,0.00664819,0,0,0.0847,0.1665,0.3054,0.0513,0.01236,0.29759,0.13062,-0.0062,0.28149,0.5904
4131,1632.1,44527643,2730050,0.582,0.323,11971,10837,14499,0.00664496,0,0,0.0796,0.1515,0.3055,0.0455,0.01259,0.30975,0.13295,-0.00632,0.28666,0.61035
4132,1633.2,44538475,2730681,0.792,0.296,9956,10832,14500,0.00664171,0,0,0.0822,0.1582,0.4911,0.0605,0.01158,0.28359,0.11674,-0.00702,0.25557,0.60713
4133,1634.1,44549235,2731328,0.607,0.296,11917,10760,14425,0.00663846,0,0,0.0851,0.1608,0.2975,0.0632,0.01152,0.28407,0.12784,-0.00788,0.27936,0.59579
4134,1634.9,44560121,2731982,0.511,0.297,13460,10886,14562,0.00663523,0,0,0.0726,0.1303,0.2679,0.0404,0.01254,0.28406,0.13457,-0.00545,0.28811,0.60801
4135,1635.8,44570893,2732631,0.618,0.295,11800,10772,14439,0.00663196,0,0,0.0791,0.1596,0.2921,0.0874,0.01073,0.2833,0.13142,-0.00589,0.28253,0.59626
4136,1636.7,44581641,2733272,0.587,0.305,12050,10748,14430,0.00662873,0,0,0.0822,0.1642,0.2965,0.0441,0.01267,0.29098,0.13219,-0.00416,0.28043,0.58334
4137,1637.7,44592440,2733922,0.689,0.296,10963,10799,14442,0.00662551,0,0,0.088,0.1885,0.3187,0.094,0.01087,0.2841,0.13764,-0.00678,0.29667,0.5905
4138,1638.7,44603247,2734581,0.673,0.298,11132,10807,14465,0.00662227,0,0,0.0921,0.1839,0.349,0.0478,0.01201,0.28519,0.12372,-0.00757,0.2704,0.58976
4139,1639.7,44614028,2735212,0.674,0.308,10980,10781,14460,0.00661903,0,0,0.0941,0.1894,0.3298,0.0608,0.01267,0.29426,0.12686,-0.00477,0.27125,0.60297
4140,1640.6,44624825,2735853,0.67,0.299,11139,10797,14463,0.00661579,0,0,0.0839,0.1825,0.3264,0.0774,0.01158,0.2866,0.12991,-0.00701,0.28171,0.59485
4141,1641.6,44635646,2736500,0.62,0.313,11600,10821,14504,0.00661255,0,0,0.0864,0.1615,0.306,0.0663,0.01128,0.30065,0.12938,-0.00675,0.28024,0.60253
4142,1642.5,44646440,2737140,0.656,0.305,11234,10794,14483,0.00660931,0,0,0.0851,0.1834,0.3423,0.045,0.01125,0.29289,0.13528,-0.00592,0.29038,0.60477
4143,1643.6,44657220,2737774,0.747,0.311,10190,10780,14418,0.00660607,0,0,0.096,0.1856,0.3629,0.1024,0.01195,0.2984,0.13884,-0.00466,0.29473,0.58514
4144,1644.5,44668023,2738402,0.633,0.31,11454,10803,14458,0.00660283,0,0,0.0898,0.1729,0.3245,0.0461,0.0119,0.29711,0.13986,-0.00656,0.30088,0.6087
4145,1645.4,44678818,2739021,0.599,0.301,11988,10795,14417,0.00659959,0,0,0.0786,0.1676,0.3019,0.051,0.01132,0.28932,0.13791,-0.0061,0.29583,0.59235
4146,1646.4,44689626,2739665,0.672,0.314,10960,10808,14486,0.00659635,0,0,0.0813,0.1939,0.3388,0.0578,0.01229,0.30121,0.14752,-0.00606,0.31521,0.6112
4147,1647.5,44700423,2740292,0.746,0.306,10262,10797,14413,0.00659311,0,0,0.1049,0.1997,0.3847,0.0565,0.01161,0.2937,0.14533,-0.00551,0.30946,0.59044
4148,1648.5,44711203,2740920,0.759,0.3,10179,10780,14442,0.00658987,0,0,0.0906,0.2129,0.3798,0.0757,0.01177,0.28734,0.13775,-0.00748,0.29828,0.59426
4149,1649.6,44722028,2741543,0.809,0.312,9661,10825,14471,0.00658664,0,0,0.0994,0.2436,0.3722,0.0933,0.01169,0.29945,0.1387,-0.00754,0.30039,0.60006
4150,1650.8,44732814,2742176,0.868,0.315,9118,10786,14460,0.00658339,0,0,0.0973,0.1988,0.4506,0.1211,0.01224,0.30179,0.12478,-0.00703,0.27173,0.61477
4151,1652.0,44743640,2742806,0.86,0.307,9272,10826,14472,0.00658016,0,0,0.1144,0.2379,0.3789,0.129,0.01185,0.29448,0.12995,-0.0072,0.28241,0.61647
4152,1653.3,44754442,2743435,0.86,0.312,9214,10802,14441,0.00657691,0,0,0.1053,0.2313,0.4202,0.1034,0.01331,0.29797,0.14326,-0.00807,0.31062,0.60579
4153,1654.4,44765293,2744058,0.787,0.31,9891,10851,14477,0.00657367,0,0,0.0998,0.2162,0.3592,0.1122,0.01291,0.29592,0.13283,-0.00758,0.28881,0.60858
4154,1655.5,44776126,2744679,0.769,0.313,10013,10833,14492,0.00657041,0,0,0.0926,0.229,0.3919,0.0551,0.01177,0.30062,0.13583,-0.00659,0.29284,0.60795
4155,1656.5,44786996,2745293,0.67,0.306,11139,10870,14509,0.00656716,0,0,0.0881,0.2007,0.3228,0.0582,0.01142,0.29387,0.13615,-0.00796,0.29629,0.61454
4156,1657.4,44797850,2745913,0.646,0.298,11500,10854,14521,0.0065639,0,0,0.09,0.1751,0.3256,0.0549,0.01177,0.2855,0.13973,-0.0089,0.30524,0.60752
4157,1658.4,44808704,2746545,0.708,0.299,10778,10854,14500,0.00656065,0,0,0.0826,0.1789,0.3498,0.0968,0.01163,0.28658,0.15192,-0.00816,0.32813,0.60769
4158,1659.3,44819572,2747175,0.562,0.314,12402,10868,14535,0.00655739,0,0,0.076,0.1505,0.2897,0.0457,0.01292,0.30045,0.14443,-0.00969,0.31591,0.58475
4159,1660.2,44830432,2747801,0.611,0.305,11855,10860,14506,0.00655413,0,0,0.0804,0.1729,0.3111,0.0469,0.01217,0.29175,0.15201,-0.00766,0.32726,0.60392
4160,1661.1,44841357,2748423,0.612,0.297,12017,10925,14581,0.00655087,0,0,0.0874,0.157,0.3044,0.0637,0.01102,0.28472,0.13809,-0.00674,0.29756,0.60309
4161,1662.0,44852291,2749038,0.614,0.301,11941,10934,14579,0.00654759,0,0,0.0823,0.177,0.3117,0.0432,0.01052,0.28994,0.14404,-0.00722,0.31015,0.58242
4162,1662.9,44863208,2749659,0.532,0.302,13095,10917,14570,0.00654431,0,0,0.0724,0.1452,0.2759,0.0385,0.01189,0.28904,0.14642,-0.00653,0.31368,0.59536
4163,1663.7,44874099,2750291,0.554,0.302,12722,10891,14565,0.00654104,0,0,0.0745,0.142,0.2795,0.0581,0.01133,0.28999,0.14444,-0.00702,0.311,0.61653
4164,1664.6,44884940,2750916,0.556,0.301,12643,10841,14467,0.00653777,0,0,0.0768,0.1477,0.2848,0.0471,0.01293,0.28712,0.14558,-0.00786,0.31483,0.60729
4165,1665.5,44895820,2751548,0.651,0.304,11391,10880,14544,0.00653452,0,0,0.0836,0.1715,0.3123,0.0834,0.01183,0.29168,0.14183,-0.00818,0.3081,0.61851
4166,1666.5,44906678,2752158,0.702,0.315,10674,10858,14503,0.00653125,0,0,0.0915,0.1981,0.3611,0.0512,0.01087,0.30355,0.15165,-0.0063,0.32382,0.60748
4167,1667.5,44917520,2752779,0.661,0.296,11329,10842,14489,0.006528,0,0,0.0828,0.1675,0.3093,0.1014,0.01097,0.28427,0.13669,-0.0058,0.293,0.61563
4168,1668.3,44928344,2753399,0.521,0.313,12977,10824,14521,0.00652474,0,0,0.0709,0.1322,0.2717,0.0461,0.01247,0.29993,0.14927,-0.0035,0.31349,0.60964
4169,1669.4,44939152,2754007,0.722,0.3,10577,10808,14442,0.0065215,0,0,0.0896,0.2191,0.3646,0.0482,0.01077,0.28869,0.14804,-0.00566,0.31531,0.60631
4170,1670.3,44950029,2754639,0.586,0.306,12190,10877,14522,0.00651825,0,0,0.0803,0.1652,0.2999,0.0407,0.01202,0.29365,0.14626,-0.00219,0.30476,0.60193
4171,1671.1,44960833,2755268,0.553,0.3,12665,10804,14443,0.00651499,0,0,0.0745,0.1421,0.2894,0.0465,0.0112,0.28868,0.148,-0.00664,0.31712,0.60172
4172,1671.9,44971619,2755903,0.495,0.297,13614,10786,14425,0.00651175,0,0,0.0675,0.1272,0.2671,0.0333,0.01089,0.28539,0.14883,-0.00762,0.32084,0.6096
4173,1672.8,44982449,2756532,0.558,0.299,12639,10830,14481,0.00650851,0,0,0.068,0.1346,0.2755,0.0798,0.01189,0.28634,0.15439,-0.00281,0.32243,0.61695
4174,1673.6,44993300,2757174,0.517,0.297,13331,10851,14517,0.00650527,0,0,0.0662,0.1287,0.2686,0.0535,0.01214,0.28426,0.14752,-0.0058,0.31485,0.63019
4175,1674.5,45004107,2757812,0.589,0.298,12178,10807,14467,0.00650201,0,0,0.0779,0.1632,0.3001,0.0481,0.01151,0.28572,0.14939,-0.00782,0.3223,0.60574
4176,1675.4,45014940,2758451,0.606,0.306,11879,10833,14494,0.00649877,0,0,0.0794,0.1523,0.2994,0.0743,0.01163,0.29421,0.1375,-0.00606,0.29489,0.59727
4177,1676.2,45025786,2759074,0.544,0.297,12891,10846,14470,0.00649552,0,0,0.0723,0.1429,0.2864,0.0426,0.01125,0.28513,0.12851,-0.00814,0.28105,0.59717
4178,1677.1,45036636,2759696,0.576,0.298,12412,10850,14495,0.00649226,0,0,0.0784,0.1594,0.3014,0.0373,0.01217,0.28465,0.14525,-0.00569,0.30963,0.59648
4179,1678.1,45047444,2760333,0.663,0.305,11167,10808,14465,0.00648901,0,0,0.0826,0.1756,0.3352,0.0697,0.01137,0.29253,0.13632,-0.00641,0.29317,0.59322
4180,1679.0,45058264,2760971,0.629,0.307,11568,10820,14462,0.00648577,0,0,0.0866,0.1765,0.32,0.0454,0.01116,0.2947,0.1356,-0.00632,0.29148,0.58874
4181,1680.0,45069141,2761608,0.72,0.307,10595,10877,14558,0.00648252,0,0,0.0945,0.205,0.3346,0.0859,0.01183,0.29397,0.13959,-0.00651,0.29979,0.58572
4182,1681.0,45080011,2762248,0.703,0.306,10775,10870,14532,0.00647926,0,0,0.0957,0.1964,0.3352,0.0755,0.01243,0.29261,0.13075,-0.00675,0.28252,0.58134
4183,1681.9,45090881,2762877,0.575,0.306,12339,10870,14523,0.006476,0,0,0.073,0.1608,0.2952,0.0461,0.01179,0.29283,0.13931,-0.00747,0.30107,0.58045
4184,1682.8,45101716,2763510,0.619,0.306,11714,10835,14477,0.00647274,0,0,0.079,0.1581,0.3065,0.0757,0.01268,0.29233,0.14021,-0.00753,0.30283,0.56795
4185,1683.8,45112526,2764140,0.636,0.302,11515,10810,14466,0.00646949,0,0,0.0807,0.1546,0.3013,0.0999,0.01121,0.2902,0.14032,-0.00679,0.30152,0.56407
4186,1684.6,45123322,2764772,0.544,0.305,12712,10796,14466,0.00646624,0,0,0.0715,0.1329,0.2795,0.0603,0.01191,0.29212,0.14028,-0.00786,0.30367,0.57108
4187,1685.5,45134176,2765411,0.56,0.306,12526,10854,14513,0.006463,0,0,0.0745,0.1365,0.286,0.0635,0.01137,0.29381,0.13771,-0.00303,0.28876,0.5619
4188,1686.4,45145046,2766044,0.564,0.305,12516,10870,14532,0.00645975,0,0,0.0745,0.1468,0.2997,0.0426,0.01182,0.29248,0.13028,-0.0073,0.28251,0.56918
4189,1687.3,45155873,2766671,0.604,0.305,11915,10827,14485,0.00645649,0,0,0.0736,0.1484,0.2984,0.0837,0.01145,0.2923,0.14465,-0.00766,0.31214,0.58212
4190,1688.2,45166728,2767308,0.604,0.307,11921,10855,14489,0.00645324,0,0,0.0777,0.1491,0.2972,0.0796,0.01355,0.29247,0.13204,-0.00619,0.28394,0.58004
4191,1689.0,45177557,2767931,0.566,0.303,12474,10829,14472,0.00644998,0,0,0.0717,0.1552,0.2932,0.0454,0.01123,0.29069,0.14204,-0.00562,0.30273,0.57533
4192,1689.9,45188377,2768564,0.554,0.305,12593,10820,14463,0.00644673,0,0,0.0716,0.1476,0.2898,0.0449,0.01122,0.29294,0.14919,-0.0066,0.31902,0.57844
4193,1690.8,45199188,2769185,0.55,0.304,12660,10811,14488,0.00644349,0,0,0.0688,0.1379,0.2824,0.0611,0.01167,0.2914,0.14657,-0.0057,0.312,0.57932
4194,1691.6,45210042,2769812,0.542,0.305,12810,10854,14496,0.00644024,0,0,0.0715,0.1414,0.2841,0.0449,0.0113,0.29347,0.14945,-0.00772,0.32189,0.58481
4195,1692.5,45220818,2770417,0.571,0.304,12313,10776,14416,0.00643699,0,0,0.0727,0.1491,0.2897,0.0599,0.01191,0.29108,0.14326,-0.00624,0.30637,0.57389
4196,1693.3,45231629,2771046,0.543,0.306,12736,10811,14459,0.00643375,0,0,0.072,0.1402,0.2897,0.0408,0.01123,0.29425,0.1538,-0.00593,0.32697,0.58349
4197,1694.4,45242445,2771656,0.79,0.308,9847,10816,14464,0.00643051,0,0,0.0914,0.2145,0.3638,0.1206,0.01201,0.29521,0.14576,-0.0066,0.312,0.56548
4198,1695.3,45253234,2772299,0.578,0.303,12251,10789,14435,0.00642727,0,0,0.0764,0.1573,0.3027,0.0414,0.01165,0.29043,0.14304,-0.00454,0.30249,0.57028
4199,1696.2,45264016,2772928,0.603,0.305,11874,10782,14438,0.00642403,0,0,0.0804,0.1635,0.299,0.0603,0.0126,0.29153,0.14987,-0.00615,0.31936,0.56997
4200,1697.1,45274782,2773564,0.556,0.304,12523,10766,14422,0.0064208,0,0,0.0722,0.1332,0.2767,0.0735,0.01136,0.29196,0.15038,-0.00189,0.31148,0.54113
4201,1698.4,45285516,2774196,0.533,0.303,12848,10734,14365,0.00641757,0,0,0.0709,0.1407,0.2783,0.0427,0.01187,0.29025,0.14546,-0.00461,0.30741,0.56638
4202,1699.3,45296211,2774848,0.543,0.303,12644,10695,14359,0.00641435,0,0,0.0691,0.1355,0.2748,0.0636,0.01166,0.29056,0.14083,-0.00546,0.29982,0.56453
4203,1700.1,45306975,2775486,0.489,0.302,13612,10764,14379,0.00641114,0,0,0.0648,0.1215,0.2631,0.0393,0.01038,0.29119,0.14713,-0.00602,0.3134,0.55429
4204,1700.9,45317740,2776121,0.499,0.304,13406,10765,14415,0.00640791,0,0,0.0681,0.1271,0.2681,0.0353,0.01193,0.29164,0.14944,-0.00751,0.32099,0.55431
4205,1701.7,45328502,2776746,0.499,0.303,13411,10762,14414,0.00640468,0,0,0.0655,0.1216,0.256,0.0562,0.01125,0.29068,0.15337,-0.00506,0.32418,0.57114
4206,1702.5,45339313,2777379,0.488,0.304,13649,10811,14456,0.00640145,0,0,0.0661,0.1235,0.2612,0.0375,0.01203,0.29092,0.14677,-0.0072,0.31533,0.57712
4207,1703.3,45350123,2778008,0.54,0.302,12841,10810,14447,0.00639821,0,0,0.0723,0.1439,0.2765,0.0475,0.01111,0.28996,0.14896,-0.00587,0.31701,0.57451
4208,1704.3,45360915,2778632,0.642,0.304,11399,10792,14424,0.00639496,0,0,0.0781,0.1811,0.3081,0.075,0.01217,0.29147,0.14389,-0.00787,0.31085,0.57327
4209,1705.2,45371673,2779258,0.595,0.307,11936,10758,14378,0.00639173,0,0,0.0772,0.1587,0.311,0.0479,0.01264,0.2931,0.12871,-0.00716,0.2792,0.58361
4210,1706.2,45382439,2779896,0.731,0.31,10336,10766,14390,0.0063885,0,0,0.0937,0.1949,0.3634,0.0794,0.01424,0.29507,0.15446,-0.00637,0.3291,0.58192
4211,1707.4,45393203,2780519,0.845,0.308,9339,10764,14427,0.00638527,0,0,0.1054,0.2461,0.4423,0.0512,0.01216,0.29462,0.14952,-0.00631,0.31911,0.58442
4212,1708.4,45403973,2781139,0.711,0.308,10579,10770,14429,0.00638204,0,0,0.0861,0.1789,0.3722,0.0733,0.01229,0.2941,0.14357,-0.00394,0.3024,0.57742
4213,1709.3,45414741,2781762,0.631,0.308,11469,10768,14406,0.00637881,0,0,0.0817,0.1669,0.313,0.0696,0.01311,0.29356,0.14205,-0.00678,0.30508,0.58197
4214,1710.3,45425482,2782379,0.677,0.311,10878,10741,14390,0.00637558,0,0,0.0885,0.1774,0.3478,0.0632,0.01356,0.29586,0.16714,-0.00519,0.35193,0.57073
4215,1711.3,45436304,2783007,0.648,0.308,11323,10822,14475,0.00637236,0,0,0.0796,0.1776,0.3112,0.0791,0.01222,0.29507,0.15216,-0.00736,0.32626,0.56616
4216,1712.2,45447123,2783620,0.619,0.306,11699,10819,14467,0.00636911,0,0,0.078,0.1696,0.3217,0.0497,0.01162,0.29348,0.15075,-0.00804,0.32485,0.56964
4217,1713.1,45457910,2784263,0.627,0.311,11491,10787,14426,0.00636586,0,0,0.0789,0.1765,0.3171,0.0549,0.01178,0.29872,0.14423,-0.00701,0.30963,0.56164
4218,1714.0,45468673,2784874,0.61,0.309,11714,10763,14413,0.00636263,0,0,0.0851,0.1706,0.3075,0.0467,0.01317,0.29492,0.14967,-0.0061,0.31869,0.56153
4219,1715.1,45479476,2785521,0.757,0.307,10151,10803,14433,0.0063594,0,0,0.0882,0.2096,0.3669,0.0927,0.01179,0.29414,0.13492,-0.00941,0.29584,0.5645
4220,1716.1,45490206,2786139,0.641,0.307,11323,10730,14385,0.00635616,0,0,0.0858,0.1717,0.3182,0.0654,0.01162,0.29434,0.14359,-0.00869,0.31228,0.60626
4221,1717.1,45500966,2786768,0.678,0.338,10592,10760,14398,0.00635294,0,0,0.0831,0.1699,0.3196,0.1053,0.01282,0.32413,0.14198,-0.00909,0.30988,0.60965
4222,1718.0,45511695,2787395,0.597,0.318,11714,10729,14366,0.00634971,0,0,0.0746,0.161,0.3097,0.0521,0.01172,0.30607,0.13511,-0.00663,0.29119,0.60657
4223,1718.9,45522396,2788027,0.606,0.33,11437,10701,14333,0.00634649,0,0,0.0751,0.1621,0.309,0.0599,0.01329,0.31542,0.13156,-0.00432,0.27952,0.61183
4224,1719.9,45533075,2788646,0.655,0.316,11001,10679,14324,0.00634328,0,0,0.0817,0.1628,0.3274,0.083,0.01118,0.30375,0.13232,-0.00457,0.28146,0.60453
4225,1720.9,45543771,2789282,0.661,0.328,10820,10696,14346,0.00634008,0,0,0.0839,0.1845,0.3444,0.0482,0.0121,0.31446,0.13173,-0.00577,0.28272,0.60816
4226,1722.0,45554479,2789909,0.759,0.328,9851,10708,14344,0.00633687,0,0,0.0986,0.2228,0.3853,0.0527,0.01245,0.31367,0.13142,-0.00485,0.28007,0.59357
4227,1723.0,45565190,2790550,0.65,0.325,10991,10711,14390,0.00633366,0,0,0.0849,0.1812,0.3175,0.0661,0.01162,0.31213,0.14104,-0.00708,0.30388,0.60258
4228,1723.9,45575928,2791186,0.596,0.317,11761,10738,14389,0.00633044,0,0,0.0796,0.1576,0.31,0.0489,0.01149,0.30445,0.13554,-0.00577,0.29022,0.60061
4229,1724.9,45586759,2791829,0.667,0.321,10968,10831,14466,0.00632722,0,0,0.0772,0.165,0.3243,0.1005,0.01317,0.30655,0.14472,-0.00798,0.31269,0.57589
4230,1725.8,45597536,2792460,0.589,0.318,11880,10777,14417,0.00632397,0,0,0.0749,0.1514,0.2943,0.0685,0.0116,0.30551,0.14267,-0.00795,0.30868,0.58911
4231,1726.7,45608381,2793081,0.629,0.308,11575,10845,14447,0.00632074,0,0,0.0795,0.1702,0.3174,0.0615,0.01259,0.2946,0.15665,-0.00515,0.33076,0.5672
4232,1727.7,45619209,2793717,0.701,0.312,10696,10828,14477,0.00631749,0,0,0.0903,0.1795,0.3481,0.0826,0.01392,0.29688,0.14208,-0.00709,0.30581,0.59159
4233,1728.7,45630026,2794351,0.627,0.326,11357,10817,14444,0.00631424,0,0,0.0825,0.1614,0.3244,0.0586,0.01317,0.31164,0.14251,-0.00705,0.30631,0.56898
4234,1729.6,45640833,2794982,0.613,0.325,11528,10807,14441,0.00631099,0,0,0.0809,0.164,0.3173,0.0504,0.0131,0.31073,0.13734,-0.00735,0.29691,0.59612
4235,1730.6,45651598,2795614,0.652,0.312,11168,10765,14419,0.00630775,0,0,0.0866,0.1649,0.3121,0.0883,0.01238,0.29893,0.14588,-0.00369,0.3065,0.58325
4236,1731.5,45662443,2796259,0.578,0.313,12174,10845,14484,0.00630452,0,0,0.0801,0.1475,0.3039,0.0465,0.01324,0.29868,0.13158,-0.00818,0.28692,0.58709
4237,1732.4,45673197,2796903,0.594,0.312,11863,10754,14394,0.00630127,0,0,0.0744,0.1605,0.2999,0.0595,0.01058,0.30083,0.14248,-0.00728,0.30648,0.55123
4238,1733.3,45683959,2797550,0.611,0.309,11709,10762,14387,0.00629804,0,0,0.077,0.1571,0.3037,0.0727,0.01234,0.29549,0.13797,-0.00555,0.29423,0.57087
4239,1734.2,45694694,2798181,0.596,0.319,11731,10735,14400,0.00629481,0,0,0.0735,0.1567,0.3124,0.0532,0.01237,0.30602,0.14537,-0.00947,0.31677,0.56416
4240,1735.2,45705496,2798824,0.687,0.309,10850,10802,14456,0.00629159,0,0,0.0881,0.1741,0.3392,0.0856,0.01233,0.29528,0.14578,-0.00692,0.3125,0.56319
4241,1736.2,45716299,2799481,0.683,0.321,10760,10803,14436,0.00628835,0,0,0.0766,0.1685,0.3034,0.1346,0.01266,0.30739,0.13626,-0.00539,0.29051,0.57346
4242,1737.1,45727004,2800117,0.601,0.318,11653,10705,14351,0.00628511,0,0,0.0715,0.1401,0.2932,0.0962,0.01257,0.30418,0.14237,-0.00486,0.3015,0.55947
4243,1738.0,45737793,2800763,0.536,0.307,12811,10789,14411,0.0062819,0,0,0.0708,0.1363,0.2798,0.0487,0.01186,0.2941,0.13899,-0.00539,0.29597,0.57339
4244,1738.8,45748524,2801401,0.578,0.306,12128,10731,14381,0.00627866,0,0,0.0761,0.156,0.2963,0.0501,0.01254,0.29282,0.14529,-0.00473,0.30718,0.56827
4245,1739.8,45759257,2802037,0.619,0.308,11589,10733,14372,0.00627544,0,0,0.0765,0.146,0.3045,0.0916,0.0132,0.29344,0.15458,-0.00587,0.32826,0.58556
4246,1740.6,45769971,2802668,0.542,0.308,12611,10714,14332,0.00627222,0,0,0.0707,0.1346,0.2948,0.0415,0.01263,0.2942,0.15138,-0.00476,0.31945,0.5718
4247,1741.8,45780688,2803315,0.891,0.308,8939,10717,14365,0.00626901,0,0,0.0938,0.2634,0.4094,0.1241,0.01298,0.29373,0.14878,-0.00625,0.3173,0.57663
4248,1742.9,45791447,2803970,0.738,0.309,10279,10759,14368,0.00626579,0,0,0.0876,0.1967,0.3679,0.0858,0.01271,0.29505,0.14633,-0.00637,0.31256,0.56983
4249,1743.9,45802190,2804605,0.753,0.309,10120,10743,14419,0.00626257,0,0,0.1026,0.2189,0.3722,0.0592,0.01246,0.29535,0.13745,-0.00683,0.29557,0.559
4250,1745.1,45812958,2805244,0.816,0.323,9453,10768,14411,0.00625934,0,0,0.1091,0.2177,0.4021,0.0872,0.01216,0.30992,0.13659,-0.00624,0.29281,0.57182
4251,1746.2,45823697,2805890,0.785,0.308,9822,10739,14404,0.00625611,0,0,0.0938,0.2172,0.4027,0.0715,0.01324,0.29375,0.14459,-0.00298,0.30239,0.57944
4252,1747.5,45834471,2806537,0.856,0.315,9204,10774,14412,0.00625289,0,0,0.1006,0.2237,0.4411,0.0904,0.01244,0.30128,0.142,-0.0051,0.30129,0.56649
4253,1748.6,45845286,2807176,0.867,0.31,9189,10815,14429,0.00624966,0,0,0.0959,0.2301,0.4102,0.1311,0.01257,0.2961,0.13247,-0.00447,0.28077,0.5512
4254,1749.8,45856100,2807826,0.829,0.308,9515,10814,14426,0.00624641,0,0,0.0964,0.2407,0.4184,0.0732,0.01235,0.29441,0.14926,-0.00495,0.31532,0.55084
4255,1750.8,45866880,2808457,0.757,0.308,10113,10780,14406,0.00624317,0,0,0.1005,0.1999,0.3464,0.1107,0.01165,0.29593,0.15571,-0.00613,0.3306,0.55521
4256,1751.8,45877641,2809092,0.674,0.307,10960,10761,14392,0.00623994,0,0,0.0936,0.1846,0.3412,0.0551,0.01177,0.29465,0.14444,-0.00678,0.3095,0.56405
4257,1752.8,45888419,2809737,0.667,0.309,11039,10778,14395,0.00623671,0,0,0.0848,0.1885,0.3377,0.0565,0.01242,0.29563,0.12842,-0.00735,0.27863,0.56833
4258,1753.7,45899250,2810369,0.623,0.309,11623,10831,14453,0.00623347,0,0,0.0869,0.1814,0.317,0.0379,0.01202,0.29571,0.13856,-0.00658,0.29725,0.5593
4259,1754.8,45910047,2811004,0.787,0.312,9823,10797,14411,0.00623023,0,0,0.1077,0.2081,0.3795,0.092,0.01219,0.29852,0.14266,-0.00769,0.30783,0.571
4260,1755.8,45920801,2811641,0.673,0.307,10963,10754,14370,0.00622699,0,0,0.0838,0.1863,0.3342,0.0692,0.01175,0.29468,0.13857,-0.0064,0.29709,0.57397
4261,1756.7,45931569,2812271,0.615,0.308,11669,10768,14400,0.00622376,0,0,0.076,0.1543,0.3003,0.0845,0.01146,0.29526,0.13165,-0.00548,0.28157,0.58685
4262,1757.6,45942344,2812900,0.561,0.308,12398,10775,14364,0.00622053,0,0,0.0763,0.1405,0.2931,0.0508,0.01161,0.29601,0.12518,-0.00497,0.26752,0.57946
4263,1758.6,45953061,2813542,0.674,0.307,10924,10717,14344,0.0062173,0,0,0.0828,0.1722,0.3099,0.1092,0.01179,0.29428,0.14287,-0.00701,0.30704,0.58452
4264,1759.4,45963783,2814193,0.508,0.299,13278,10722,14356,0.00621408,0,0,0.0698,0.1298,0.2689,0.0399,0.01086,0.28764,0.13389,-0.00524,0.28562,0.59258
4265,1760.2,45974562,2814820,0.479,0.302,13805,10779,14426,0.00621087,0,0,0.0686,0.1189,0.2552,0.036,0.01204,0.28948,0.1427,-0.00582,0.30429,0.5839
4266,1761.0,45985296,2815448,0.501,0.299,13405,10734,14378,0.00620763,0,0,0.0685,0.1257,0.2726,0.0346,0.01109,0.28743,0.13368,-0.00566,0.28584,0.57691
4267,1761.7,45996039,2816071,0.471,0.302,13907,10743,14378,0.00620441,0,0,0.0639,0.1123,0.2575,0.0371,0.01142,0.289,0.13802,-0.00752,0.29809,0.56591
4268,1762.6,46006807,2816710,0.521,0.302,13085,10768,14419,0.00620119,0,0,0.0717,0.1318,0.2688,0.0487,0.01105,0.29021,0.1239,-0.00658,0.26803,0.56977
4269,1763.4,46017527,2817335,0.567,0.302,12344,10720,14304,0.00619796,0,0,0.0732,0.1375,0.2815,0.0744,0.01133,0.28966,0.13213,-0.00728,0.28574,0.55897
4270,1764.3,46028311,2817956,0.556,0.331,12157,10784,14404,0.00619474,0,0,0.0777,0.1368,0.295,0.0462,0.01162,0.31898,0.14874,-0.0047,0.31372,0.55328
4271,1765.2,46039020,2818597,0.524,0.312,12812,10709,14355,0.00619151,0,0,0.0681,0.1371,0.263,0.0554,0.0117,0.29992,0.14473,-0.00693,0.31044,0.5738
4272,1766.0,46049789,2819218,0.531,0.306,12866,10769,14393,0.00618829,0,0,0.068,0.1263,0.2857,0.0512,0.01095,0.2941,0.15094,-0.0069,0.32292,0.58531
4273,1766.8,46060576,2819865,0.495,0.3,13579,10787,14412,0.00618506,0,0,0.0653,0.1216,0.2592,0.0487,0.01096,0.28766,0.13114,-0.00822,0.286,0.58914
4274,1767.6,46071361,2820497,0.47,0.308,13875,10785,14433,0.00618183,0,0,0.0644,0.114,0.254,0.0373,0.01208,0.29484,0.13437,-0.00663,0.28928,0.58789
4275,1768.4,46082199,2821150,0.535,0.321,12664,10838,14475,0.00617859,0,0,0.0661,0.1215,0.2594,0.0876,0.01189,0.30861,0.15025,-0.00693,0.32153,0.58032
4276,1769.2,46093051,2821789,0.495,0.308,13514,10852,14486,0.00617534,0,0,0.0663,0.1232,0.2669,0.0385,0.01327,0.29431,0.13522,-0.00534,0.28826,0.579
4277,1770.1,46103918,2822421,0.58,0.315,12153,10867,14512,0.00617208,0,0,0.0733,0.1332,0.2809,0.0923,0.01199,0.30195,0.1322,-0.009,0.28945,0.57177
4278,1771.0,46114759,2823056,0.525,0.305,13062,10841,14500,0.00616882,0,0,0.0653,0.1144,0.2577,0.0876,0.0115,0.29287,0.14354,-0.00481,0.30389,0.5822
4279,1771.8,46125682,2823699,0.518,0.322,12998,10923,14544,0.00616557,0,0,0.0676,0.1262,0.2618,0.0628,0.0115,0.30933,0.13977,-0.00584,0.29844,0.58686
4280,1772.7,46136575,2824348,0.515,0.337,12782,10893,14521,0.0061623,0,0,0.0762,0.1386,0.2679,0.0324,0.01229,0.32418,0.12577,-0.00713,0.27309,0.59126
4281,1773.5,46147482,2824984,0.561,0.325,12317,10907,14541,0.00615903,0,0,0.0733,0.1403,0.2811,0.0662,0.01207,0.31206,0.12334,-0.00764,0.26916,0.58432
4282,1774.3,46158339,2825630,0.474,0.309,13868,10857,14493,0.00615576,0,0,0.0642,0.121,0.259,0.0302,0.01123,0.29669,0.12286,-0.0058,0.26474,0.60304
4283,1775.1,46169183,2826253,0.504,0.305,13393,10844,14436,0.0061525,0,0,0.0673,0.1211,0.2679,0.0481,0.01314,0.29151,0.13069,-0.00503,0.27885,0.60189
4284,1775.9,46180008,2826887,0.462,0.333,13616,10825,14457,0.00614925,0,0,0.0623,0.1063,0.2505,0.0426,0.01123,0.32144,0.12705,-0.00782,0.27734,0.61836
4285,1776.7,46190823,2827535,0.484,0.322,13426,10815,14449,0.006146,0,0,0.0649,0.1139,0.254,0.0513,0.01224,0.30832,0.13608,-0.00683,0.29342,0.61855
4286,1777.5,46201627,2828176,0.469,0.338,13381,10804,14433,0.00614275,0,0,0.0637,0.1111,0.2511,0.0434,0.01134,0.32592,0.1315,-0.00896,0.28881,0.64223
4287,1778.4,46212408,2828814,0.516,0.311,13025,10781,14407,0.00613951,0,0,0.0661,0.1249,0.2582,0.0672,0.01186,0.29878,0.1231,-0.0088,0.27174,0.64687
4288,1779.2,46223200,2829442,0.477,0.337,13254,10792,14420,0.00613628,0,0,0.0654,0.1189,0.2515,0.0414,0.01131,0.32496,0.13647,-0.00656,0.29363,0.61743
4289,1780.1,46233918,2830070,0.53,0.363,12010,10718,14344,0.00613304,0,0,0.0708,0.1328,0.2853,0.0407,0.01274,0.34943,0.13433,-0.00677,0.28999,0.63563
4290,1780.9,46244665,2830717,0.522,0.316,12814,10747,14374,0.00612982,0,0,0.0762,0.1364,0.2776,0.0322,0.01165,0.30379,0.13563,-0.00864,0.29624,0.62791
4291,1781.7,46255399,2831353,0.519,0.312,12917,10734,14370,0.0061266,0,0,0.0721,0.1412,0.2693,0.0369,0.01203,0.29842,0.14253,-0.00904,0.31099,0.64016
4292,1782.5,46266105,2831991,0.487,0.31,13433,10706,14310,0.00612338,0,0,0.0656,0.1251,0.2597,0.0366,0.01142,0.29784,0.13285,-0.00623,0.28591,0.63431
4293,1783.4,46276903,2832643,0.506,0.311,13213,10798,14402,0.00612017,0,0,0.0657,0.1176,0.2717,0.0513,0.01134,0.29895,0.12767,-0.00774,0.27836,0.61659
4294,1784.1,46287634,2833280,0.438,0.305,14431,10731,14360,0.00611693,0,0,0.058,0.1031,0.2422,0.0352,0.01076,0.29378,0.14454,-0.00858,0.31363,0.60422
4295,1785.0,46298378,2833947,0.538,0.32,12525,10744,14378,0.00611371,0,0,0.0662,0.1344,0.2789,0.0586,0.01158,0.30769,0.12781,-0.00746,0.27793,0.60548
4296,1785.7,46309082,2834603,0.427,0.316,14424,10704,14331,0.00611049,0,0,0.0561,0.101,0.2331,0.0363,0.01089,0.30412,0.13052,-0.00534,0.27897,0.5924
4297,1786.5,46319797,2835258,0.441,0.312,14226,10715,14323,0.00610728,0,0,0.0551,0.1092,0.232,0.0445,0.01169,0.30015,0.13156,-0.00611,0.28279,0.60921
4298,1787.2,46330556,2835923,0.451,0.319,13984,10759,14399,0.00610406,0,0,0.0607,0.1109,0.2489,0.0301,0.01135,0.30678,0.12944,-0.00563,0.27756,0.60781
4299,1788.0,46341326,2836583,0.434,0.301,14654,10770,14425,0.00610083,0,0,0.0572,0.0998,0.2394,0.0375,0.01067,0.28992,0.14298,-0.00623,0.30577,0.60142
4300,1788.7,46352111,2837240,0.423,0.301,14891,10785,14424,0.0060976,0,0,0.0558,0.0991,0.2361,0.0319,0.01133,0.28923,0.12462,-0.00699,0.27061,0.6054
4301,1789.4,46362862,2837884,0.449,0.303,14303,10751,14357,0.00609437,0,0,0.0567,0.0964,0.237,0.0591,0.01151,0.29032,0.13624,-0.00866,0.29707,0.59569
4302,1790.3,46373594,2838553,0.437,0.315,14265,10732,14386,0.00609114,0,0,0.0572,0.1025,0.2437,0.0339,0.01107,0.3034,0.14305,-0.00631,0.30635,0.62639
4303,1791.0,46384256,2839225,0.436,0.302,14455,10662,14362,0.00608792,0,0,0.0562,0.1077,0.2354,0.0367,0.01144,0.28948,0.13042,-0.00771,0.28383,0.6223
4304,1791.7,46394909,2839891,0.439,0.294,14542,10653,14361,0.00608472,0,0,0.055,0.0969,0.2361,0.051,0.01116,0.28157,0.12892,-0.00703,0.27947,0.62303
4305,1792.4,46405629,2840523,0.396,0.294,15522,10720,14382,0.00608153,0,0,0.0505,0.0928,0.2155,0.0375,0.01151,0.28207,0.13829,-0.007,0.29827,0.63285
4306,1793.2,46416379,2841183,0.423,0.309,14689,10750,14412,0.00607831,0,0,0.0564,0.1019,0.2352,0.0299,0.01083,0.29718,0.13132,-0.00833,0.28693,0.62706
4307,1793.9,46427098,2841851,0.453,0.293,14370,10719,14389,0.00607509,0,0,0.0572,0.1015,0.2363,0.0575,0.01062,0.28216,0.13219,-0.00841,0.28877,0.6234
4308,1794.7,46437802,2842499,0.472,0.294,13989,10704,14377,0.00607187,0,0,0.0621,0.1151,0.2528,0.0416,0.01045,0.28255,0.13191,-0.00865,0.28877,0.63022
4309,1795.4,46448501,2843159,0.418,0.293,15055,10699,14350,0.00606866,0,0,0.0544,0.0973,0.2281,0.0379,0.01122,0.28125,0.13255,-0.00756,0.2877,0.61685
4310,1796.1,46459148,2843829,0.448,0.293,14369,10647,14319,0.00606545,0,0,0.0552,0.0978,0.2381,0.0571,0.01027,0.28195,0.12855,-0.00868,0.28188,0.6125
4311,1796.9,46469811,2844485,0.456,0.298,14142,10663,14358,0.00606226,0,0,0.0607,0.1082,0.2435,0.0435,0.01147,0.28574,0.13431,-0.00737,0.29076,0.60983
4312,1797.6,46480479,2845132,0.435,0.293,14651,10668,14333,0.00605906,0,0,0.0571,0.1036,0.2396,0.0352,0.01134,0.28081,0.13655,-0.00752,0.29522,0.58435
4313,1798.4,46491182,2845784,0.455,0.293,14312,10703,14328,0.00605586,0,0,0.0563,0.1051,0.239,0.0544,0.01112,0.28135,0.13273,-0.00595,0.28419,0.56488
4314,1799.1,46501760,2846447,0.43,0.3,14488,10578,14256,0.00605265,0,0,0.0587,0.1039,0.24,0.0275,0.01136,0.28825,0.14675,-0.00912,0.31874,0.57768
4315,1799.8,46512446,2847117,0.446,0.294,14440,10686,14348,0.00604947,0,0,0.0604,0.1095,0.2409,0.0351,0.0105,0.28306,0.12966,-0.00718,0.28074,0.584
4316,1800.5,46523080,2847780,0.42,0.295,14874,10634,14297,0.00604627,0,0,0.0558,0.0974,0.2361,0.0307,0.01113,0.28335,0.13373,-0.00785,0.29032,0.59178
4317,1801.3,46533729,2848446,0.445,0.31,14105,10649,14330,0.00604308,0,0,0.0557,0.1003,0.2374,0.0513,0.01087,0.29869,0.14152,-0.00709,0.30447,0.60037
4318,1802.0,46544352,2849085,0.432,0.297,14575,10623,14282,0.00603988,0,0,0.0571,0.1014,0.2404,0.0332,0.01117,0.28499,0.13172,-0.00606,0.28261,0.58351
4319,1802.9,46554970,2849734,0.451,0.295,14244,10618,14275,0.00603669,0,0,0.0555,0.1074,0.2324,0.0552,0.01058,0.28338,0.15469,-0.00718,0.33081,0.58424
4320,1803.6,46565580,2850402,0.435,0.308,14284,10610,14297,0.00603351,0,0,0.0565,0.1018,0.2387,0.0378,0.01111,0.2963,0.12852,-0.00626,0.27654,0.57918
4321,1804.4,46576253,2851076,0.453,0.317,13865,10673,14323,0.00603033,0,0,0.0588,0.1072,0.2435,0.043,0.01051,0.30595,0.13611,-0.00531,0.2899,0.58557
4322,1805.1,46586920,2851729,0.438,0.328,13917,10667,14347,0.00602712,0,0,0.0578,0.1004,0.2356,0.0444,0.0108,0.31691,0.13905,-0.00739,0.30003,0.59439
4323,1805.9,46597572,2852371,0.422,0.297,14817,10652,14314,0.00602392,0,0,0.0558,0.1003,0.2329,0.0328,0.01105,0.28537,0.15815,-0.00715,0.33786,0.60226
4324,1806.6,46608215,2853019,0.42,0.293,14931,10643,14301,0.00602073,0,0,0.0558,0.1012,0.2315,0.0311,0.0103,0.28237,0.14178,-0.00843,0.30766,0.60126
4325,1807.3,46618888,2853674,0.448,0.303,14213,10673,14331,0.00601754,0,0,0.0551,0.097,0.2297,0.0664,0.01126,0.29086,0.15092,-0.00734,0.32384,0.6073
4326,1808.1,46629518,2854327,0.449,0.307,14067,10630,14322,0.00601433,0,0,0.0599,0.1082,0.247,0.0339,0.01069,0.29538,0.13795,-0.00868,0.30069,0.61788
4327,1808.9,46640174,2854979,0.459,0.319,13696,10656,14333,0.00601114,0,0,0.0589,0.1137,0.2461,0.04,0.01107,0.30774,0.14082,-0.00933,0.30779,0.62191
4328,1809.6,46650817,2855635,0.452,0.313,13924,10643,14302,0.00600795,0,0,0.0564,0.1028,0.2379,0.0546,0.01165,0.30023,0.13573,-0.01036,0.29973,0.6291
4329,1810.4,46661465,2856273,0.436,0.299,14502,10648,14294,0.00600475,0,0,0.0579,0.1041,0.2374,0.0363,0.01027,0.28765,0.12922,-0.00987,0.28578,0.63391
4330,1811.1,46672127,2856927,0.428,0.3,14643,10662,14319,0.00600156,0,0,0.0565,0.1016,0.2337,0.0366,0.0111,0.28806,0.14716,-0.00696,0.31587,0.63503
4331,1811.8,46682713,2857558,0.455,0.299,14035,10586,14255,0.00599836,0,0,0.0573,0.101,0.2358,0.061,0.01056,0.28763,0.14341,-0.00808,0.31058,0.63416
4332,1812.6,46693315,2858205,0.413,0.3,14878,10602,14282,0.00599519,0,0,0.0551,0.0972,0.2262,0.0345,0.01158,0.28742,0.13387,-0.00794,0.29119,0.63151
4333,1813.3,46704018,2858863,0.42,0.301,14837,10703,14374,0.00599201,0,0,0.0561,0.0962,0.23,0.0378,0.01105,0.28968,0.13904,-0.01032,0.30608,0.61334
4334,1814.0,46714667,2859508,0.446,0.3,14273,10649,14331,0.00598879,0,0,0.0551,0.0958,0.2313,0.0642,0.01066,0.28857,0.13435,-0.00832,0.29272,0.61762
4335,1814.8,46725283,2860137,0.446,0.301,14203,10616,14296,0.0059856,0,0,0.0589,0.1114,0.2381,0.0378,0.01153,0.28897,0.14031,-0.00835,0.30479,0.62445
4336,1815.5,46735944,2860783,0.434,0.297,14578,10661,14335,0.00598242,0,0,0.0597,0.1039,0.2379,0.0325,0.01098,0.28567,0.1371,-0.00584,0.29324,0.61701
4337,1816.3,46746598,2861427,0.47,0.298,13874,10654,14315,0.00597922,0,0,0.0566,0.1026,0.2366,0.0742,0.0112,0.28601,0.13972,-0.00639,0.2996,0.61748
4338,1817.0,46757246,2862076,0.422,0.297,14793,10648,14315,0.00597602,0,0,0.0575,0.1008,0.2349,0.0291,0.01123,0.28554,0.14736,-0.00388,0.30997,0.62731
4339,1817.7,46767865,2862714,0.433,0.298,14527,10619,14288,0.00597283,0,0,0.0581,0.1023,0.2384,0.0342,0.01069,0.28671,0.13743,-0.00716,0.29693,0.64744
4340,1818.4,46778467,2863345,0.417,0.298,14839,10602,14282,0.00596964,0,0,0.0553,0.0969,0.2266,0.0381,0.01176,0.28516,0.14193,-0.00847,0.30831,0.62901
4341,1819.2,46789058,2863986,0.432,0.296,14541,10591,14259,0.00596646,0,0,0.0567,0.0975,0.2289,0.0489,0.01087,0.28479,0.14628,-0.00648,0.3131,0.63583
4342,1819.9,46799628,2864636,0.415,0.296,14858,10570,14258,0.00596328,0,0,0.056,0.0942,0.2274,0.0374,0.01051,0.28528,0.14776,-0.00582,0.31473,0.63363
4343,1820.6,46810206,2865274,0.462,0.297,13936,10578,14236,0.00596011,0,0,0.0544,0.1049,0.2314,0.0711,0.01147,0.28523,0.14515,-0.006,0.30967,0.61883
4344,1821.3,46820762,2865916,0.405,0.296,15057,10556,14250,0.00595694,0,0,0.0541,0.0966,0.2238,0.0301,0.01094,0.28473,0.13399,-0.01047,0.29641,0.62853
4345,1822.1,46831268,2866561,0.446,0.296,14173,10506,14194,0.00595377,0,0,0.0569,0.103,0.2338,0.052,0.01015,0.2848,0.14453,-0.00539,0.3074,0.63447
4346,1822.8,46841863,2867220,0.428,0.302,14515,10595,14286,0.00595062,0,0,0.0562,0.1011,0.2326,0.0378,0.01095,0.29075,0.14645,-0.0078,0.31609,0.6372
4347,1823.5,46852435,2867859,0.437,0.288,14583,10572,14260,0.00594744,0,0,0.0561,0.1011,0.2388,0.0412,0.01113,0.27612,0.14623,-0.00852,0.31705,0.63582
4348,1824.2,46862954,2868491,0.403,0.286,15268,10519,14191,0.00594427,0,0,0.0533,0.0936,0.2276,0.0288,0.01056,0.27452,0.14227,-0.00894,0.30984,0.62356
4349,1824.9,46873590,2869127,0.433,0.287,14766,10636,14296,0.00594111,0,0,0.0531,0.0917,0.222,0.0667,0.01156,0.27469,0.15446,-0.00643,0.32922,0.62583
4350,1825.6,46884213,2869772,0.406,0.284,15399,10623,14317,0.00593792,0,0,0.0521,0.0937,0.2233,0.0367,0.01053,0.27279,0.14933,-0.00524,0.31649,0.61903
4351,1826.3,46894886,2870417,0.414,0.285,15272,10673,14352,0.00593474,0,0,0.0531,0.1001,0.2252,0.0355,0.01074,0.27356,0.13991,-0.00707,0.30143,0.62854
4352,1827.1,46905431,2871072,0.426,0.31,14317,10545,14279,0.00593153,0,0,0.0534,0.095,0.2274,0.0506,0.01032,0.2992,0.13948,-0.00673,0.30029,0.66264
4353,1827.9,46916005,2871715,0.42,0.293,14833,10574,14316,0.00592837,0,0,0.0536,0.0975,0.2261,0.0427,0.01028,0.28214,0.13753,-0.00794,0.29883,0.66462
4354,1828.6,46926553,2872373,0.429,0.305,14365,10548,14247,0.0059252,0,0,0.0573,0.1041,0.2376,0.0302,0.01094,0.29362,0.12902,-0.00762,0.2812,0.66793
4355,1829.4,46937159,2873030,0.505,0.289,13348,10606,14338,0.00592203,0,0,0.0614,0.12,0.2594,0.0644,0.01129,0.27748,0.13298,-0.00596,0.28589,0.67559
4356,1830.1,46947733,2873673,0.467,0.292,13932,10574,14313,0.00591885,0,0,0.0627,0.1098,0.252,0.0423,0.01104,0.28058,0.12508,-0.00668,0.27132,0.65905
4357,1830.9,46958299,2874319,0.43,0.29,14669,10566,14308,0.00591568,0,0,0.0563,0.1016,0.235,0.0373,0.011,0.27854,0.13191,-0.00847,0.28845,0.65113
4358,1831.6,46968935,2874960,0.428,0.29,14797,10636,14328,0.00591251,0,0,0.0535,0.0982,0.2265,0.0502,0.01112,0.2787,0.13135,-0.00762,0.28578,0.66366
4359,1832.3,46979510,2875613,0.424,0.289,14825,10575,14318,0.00590932,0,0,0.0536,0.1018,0.2317,0.0369,0.0118,0.27687,0.13625,-0.00945,0.29915,0.65463
4360,1833.0,46990112,2876273,0.408,0.289,15202,10602,14351,0.00590615,0,0,0.0544,0.0948,0.2267,0.0323,0.01154,0.27709,0.12871,-0.00776,0.28071,0.65778
4361,1833.8,47000688,2876929,0.445,0.308,14044,10576,14339,0.00590297,0,0,0.0526,0.0932,0.2266,0.0724,0.01072,0.29692,0.13879,-0.00818,0.3018,0.66534
4362,1834.5,47011242,2877580,0.435,0.301,14343,10554,14278,0.00589979,0,0,0.0588,0.1025,0.2458,0.0283,0.01106,0.28884,0.13324,-0.00829,0.2907,0.64788
4363,1835.2,47021906,2878232,0.425,0.287,14978,10664,14417,0.00589663,0,0,0.0586,0.1017,0.2324,0.0321,0.01039,0.27621,0.13727,-0.00818,0.29872,0.66228
4364,1835.9,47032541,2878885,0.4,0.302,15140,10635,14372,0.00589343,0,0,0.0501,0.0859,0.2136,0.0508,0.01127,0.29019,0.12847,-0.00697,0.27863,0.65723
4365,1836.6,47043128,2879551,0.452,0.293,14209,10587,14293,0.00589024,0,0,0.0621,0.1111,0.2387,0.0403,0.01111,0.28124,0.13679,-0.00835,0.29807,0.6631
4366,1837.3,47053684,2880202,0.409,0.29,15111,10556,14299,0.00588706,0,0,0.055,0.0948,0.2273,0.0319,0.01067,0.27843,0.13792,-0.00655,0.29671,0.65855
4367,1838.1,47064355,2880860,0.447,0.282,14648,10671,14429,0.00588389,0,0,0.0544,0.1011,0.2241,0.0673,0.01131,0.2697,0.14099,-0.00905,0.30804,0.67673
4368,1838.8,47074956,2881510,0.414,0.298,14889,10601,14317,0.00588069,0,0,0.0547,0.0955,0.2252,0.0383,0.01041,0.28741,0.12363,-0.00968,0.27445,0.66536
4369,1839.5,47085579,2882181,0.401,0.294,15274,10623,14399,0.00587751,0,0,0.053,0.0949,0.2206,0.0327,0.01055,0.28323,0.13605,-0.00756,0.29525,0.68425
4370,1840.2,47096154,2882834,0.382,0.294,15639,10575,14294,0.00587433,0,0,0.05,0.0884,0.2161,0.0277,0.01102,0.28237,0.13077,-0.00661,0.28257,0.66507
4371,1840.8,47106803,2883488,0.382,0.294,15751,10649,14395,0.00587115,0,0,0.0482,0.0862,0.2109,0.0371,0.01048,0.28272,0.13823,-0.00833,0.30103,0.67406
4372,1841.5,47117405,2884133,0.38,0.293,15741,10602,14342,0.00586796,0,0,0.0487,0.0859,0.2101,0.0354,0.01107,0.28177,0.13508,-0.00787,0.29357,0.65294
4373,1842.2,47128030,2884787,0.387,0.295,15579,10625,14374,0.00586478,0,0,0.0479,0.0862,0.2117,0.0415,0.01136,0.28271,0.13344,-0.00594,0.28647,0.65866
4374,1842.9,47138698,2885418,0.379,0.296,15790,10668,14387,0.00586159,0,0,0.0484,0.086,0.2152,0.0298,0.01139,0.28426,0.13769,-0.00822,0.2992,0.62846
4375,1843.6,47149330,2886085,0.406,0.297,15130,10632,14352,0.00585839,0,0,0.0513,0.0974,0.2226,0.0342,0.01112,0.2852,0.13029,-0.00902,0.28604,0.63377
4376,1844.3,47159894,2886733,0.453,0.301,14014,10564,14299,0.0058552,0,0,0.0569,0.105,0.2391,0.0522,0.0099,0.29016,0.13543,-0.00833,0.29504,0.6427
4377,1845.0,47170492,2887405,0.388,0.3,15398,10598,14334,0.00585203,0,0,0.0495,0.0892,0.2149,0.0343,0.01042,0.28938,0.14511,-0.00839,0.31444,0.63605
4378,1845.7,47181095,2888066,0.383,0.294,15667,10603,14327,0.00584885,0,0,0.0498,0.0891,0.217,0.0267,0.01035,0.28325,0.14512,-0.00903,0.31576,0.63766
4379,1846.4,47191715,2888736,0.398,0.295,15324,10620,14373,0.00584567,0,0,0.0512,0.089,0.2161,0.0421,0.01022,0.28387,0.13926,-0.00877,0.30397,0.67558
4380,1847.1,47202300,2889387,0.386,0.299,15463,10585,14319,0.00584249,0,0,0.0492,0.0885,0.2179,0.0299,0.01115,0.28722,0.14328,-0.00744,0.30906,0.65107
4381,1847.8,47212916,2890044,0.404,0.295,15177,10616,14339,0.00583931,0,0,0.0499,0.0879,0.222,0.0444,0.01166,0.28312,0.14295,-0.00556,0.3046,0.64813
4382,1848.5,47223507,2890703,0.409,0.293,15076,10591,14301,0.00583613,0,0,0.0507,0.0897,0.2221,0.0468,0.01029,0.28204,0.14777,-0.00893,0.32088,0.64116
4383,1849.2,47234167,2891365,0.464,0.296,14025,10660,14381,0.00583295,0,0,0.0596,0.1136,0.2561,0.0346,0.01159,0.28405,0.13699,-0.00999,0.30133,0.63177
4384,1849.9,47244781,2892044,0.416,0.295,14923,10614,14374,0.00582975,0,0,0.0556,0.0997,0.2322,0.0286,0.01062,0.28391,0.14175,-0.00672,0.30437,0.63636
4385,1850.7,47255430,2892715,0.434,0.296,14581,10649,14408,0.00582657,0,0,0.051,0.0938,0.2264,0.063,0.01073,0.28485,0.13597,-0.00745,0.29434,0.64344
4386,1851.5,47266074,2893380,0.541,0.305,12588,10644,14384,0.00582337,0,0,0.0658,0.1393,0.269,0.0669,0.01278,0.29124,0.14249,-0.00719,0.30674,0.63451
4387,1852.3,47276688,2894053,0.466,0.303,13794,10614,14391,0.00582018,0,0,0.06,0.1112,0.2356,0.0594,0.01165,0.29114,0.14707,-0.00525,0.31222,0.65075
4388,1853.1,47287314,2894712,0.467,0.299,13863,10626,14363,0.00581699,0,0,0.059,0.1081,0.2455,0.0549,0.01115,0.2873,0.14185,-0.00748,0.30655,0.67813
4389,1853.8,47297862,2895377,0.461,0.304,13788,10548,14293,0.00581381,0,0,0.0577,0.1042,0.2392,0.0596,0.01182,0.29194,0.12379,-0.01089,0.2771,0.66611
4390,1854.7,47308418,2896042,0.567,0.295,12246,10556,14266,0.00581064,0,0,0.0779,0.1497,0.3032,0.0357,0.01078,0.28399,0.13797,-0.00707,0.29802,0.68332
4391,1855.5,47318961,2896711,0.552,0.29,12528,10543,14271,0.00580747,0,0,0.0678,0.1333,0.268,0.0827,0.01148,0.27765,0.1368,-0.0053,0.2921,0.68043
4392,1856.3,47329503,2897382,0.465,0.297,13826,10542,14292,0.00580431,0,0,0.0631,0.1066,0.2499,0.0454,0.01242,0.28424,0.13864,-0.00926,0.30378,0.68637
4393,1857.1,47340065,2898051,0.489,0.295,13468,10562,14311,0.00580115,0,0,0.0662,0.1204,0.265,0.038,0.01155,0.28242,0.14512,-0.00815,0.31481,0.7124
4394,1857.8,47350633,2898705,0.468,0.29,13940,10568,14290,0.00579798,0,0,0.0614,0.1082,0.2535,0.0445,0.01167,0.2781,0.13434,-0.01069,0.29806,0.69076
4395,1858.6,47361246,2899364,0.47,0.293,13907,10613,14339,0.00579481,0,0,0.0614,0.1153,0.259,0.0344,0.01067,0.28174,0.13403,-0.00711,0.29049,0.70738
4396,1859.4,47371810,2900004,0.472,0.29,13867,10564,14272,0.00579163,0,0,0.0625,0.1132,0.2611,0.0348,0.01062,0.2787,0.15297,-0.00915,0.33203,0.67338
4397,1860.2,47382365,2900668,0.519,0.289,13061,10555,14302,0.00578846,0,0,0.0703,0.1193,0.2538,0.0756,0.01162,0.2769,0.1479,-0.00932,0.32253,0.69815
4398,1860.9,47392974,2901334,0.456,0.291,14204,10609,14322,0.00578529,0,0,0.0616,0.1055,0.253,0.0356,0.01061,0.27994,0.13985,-0.00849,0.30472,0.69421
4399,1861.7,47403570,2901985,0.483,0.292,13671,10596,14325,0.00578211,0,0,0.0627,0.1244,0.2588,0.0374,0.0108,0.2805,0.1489,-0.00701,0.31985,0.69427
4400,1862.5,47414166,2902621,0.477,0.299,13668,10596,14305,0.00577893,0,0,0.0645,0.1065,0.2557,0.0499,0.01095,0.28702,0.14105,-0.00853,0.30728,0.70298
4401,1863.6,47424735,2903285,0.472,0.302,13644,10569,14324,0.00577575,0,0,0.0643,0.1168,0.2529,0.0384,0.01029,0.2914,0.13735,-0.00839,0.29992,0.73119
4402,1864.5,47435367,2903943,0.538,0.296,12748,10632,14356,0.00577258,0,0,0.0709,0.1298,0.2714,0.0659,0.01115,0.28427,0.14605,-0.00795,0.31636,0.72361
4403,1865.3,47446054,2904602,0.489,0.302,13511,10687,14405,0.00576939,0,0,0.0625,0.1065,0.2364,0.084,0.01147,0.28952,0.13051,-0.01105,0.29142,0.71989
4404,1866.1,47456704,2905244,0.501,0.299,13311,10650,14348,0.00576618,0,0,0.0668,0.12,0.2754,0.0385,0.01148,0.28709,0.15363,-0.00899,0.33332,0.70027
4405,1866.9,47467371,2905890,0.52,0.296,13061,10667,14402,0.00576299,0,0,0.0651,0.1257,0.2622,0.0672,0.01135,0.28416,0.13976,-0.00798,0.30382,0.72369
4406,1867.7,47478080,2906535,0.467,0.299,13993,10709,14440,0.00575979,0,0,0.0638,0.111,0.2521,0.0396,0.01179,0.2864,0.13154,-0.00721,0.2859,0.73086
4407,1868.4,47488729,2907180,0.452,0.296,14238,10649,14382,0.00575658,0,0,0.0617,0.1101,0.2407,0.0392,0.01138,0.28426,0.13846,-0.00791,0.30134,0.7473
4408,1869.2,47499425,2907824,0.462,0.3,14044,10696,14440,0.00575338,0,0,0.0618,0.1083,0.2335,0.0579,0.0111,0.28828,0.14107,-0.00764,0.30599,0.74411
4409,1869.9,47510075,2908474,0.45,0.296,14269,10650,14378,0.00575017,0,0,0.063,0.108,0.2419,0.0373,0.01125,0.28417,0.14599,-0.00605,0.31244,0.72634
4410,1870.7,47520718,2909136,0.483,0.297,13653,10643,14419,0.00574698,0,0,0.0662,0.1231,0.2582,0.0355,0.01112,0.28476,0.14093,-0.00937,0.30909,0.73892
4411,1871.6,47531404,2909809,0.573,0.297,12292,10686,14422,0.00574378,0,0,0.0683,0.1353,0.2729,0.0961,0.01194,0.28426,0.14469,-0.00756,0.31283,0.72603
4412,1872.4,47542054,2910460,0.551,0.298,12543,10650,14352,0.00574058,0,0,0.0717,0.1456,0.2779,0.0558,0.01122,0.28627,0.14116,-0.01028,0.31101,0.70941
4413,1873.3,47552726,2911149,0.537,0.296,12809,10672,14416,0.00573738,0,0,0.0711,0.1305,0.2731,0.0624,0.0114,0.28411,0.1281,-0.00975,0.28415,0.73569
4414,1874.1,47563365,2911815,0.56,0.295,12440,10639,14375,0.00573418,0,0,0.072,0.1385,0.2735,0.0765,0.01101,0.28317,0.14036,-0.00854,0.3057,0.68947
4415,1874.9,47574050,2912502,0.438,0.302,14424,10685,14410,0.00573099,0,0,0.0585,0.1078,0.2355,0.0366,0.01106,0.29071,0.14766,-0.00899,0.32135,0.70127
4416,1875.6,47584667,2913167,0.422,0.294,14825,10617,14342,0.00572779,0,0,0.0562,0.1009,0.234,0.031,0.01065,0.28274,0.13763,-0.01003,0.30342,0.70736
4417,1876.3,47595306,2913831,0.464,0.295,14016,10639,14372,0.0057246,0,0,0.0567,0.0995,0.2343,0.0734,0.01053,0.28416,0.1383,-0.00827,0.30114,0.69776
4418,1877.1,47605934,2914507,0.424,0.294,14811,10628,14355,0.00572141,0,0,0.0548,0.0977,0.2276,0.0436,0.01111,0.28211,0.13212,-0.01003,0.29223,0.69287
4419,1877.7,47616603,2915187,0.389,0.293,15623,10669,14433,0.00571822,0,0,0.051,0.0902,0.2183,0.03,0.01053,0.28232,0.14353,-0.00857,0.31236,0.71532
4420,1878.5,47627237,2915864,0.419,0.297,14842,10634,14377,0.00571502,0,0,0.0528,0.096,0.2241,0.0464,0.01159,0.28509,0.14225,-0.00856,0.30971,0.70727
4421,1879.3,47637880,2916524,0.515,0.297,13105,10643,14366,0.00571183,0,0,0.0632,0.1161,0.2526,0.0831,0.01119,0.28526,0.13629,-0.00707,0.29491,0.71667
4422,1880.0,47648529,2917200,0.445,0.297,14344,10649,14377,0.00570864,0,0,0.0571,0.1019,0.2334,0.0531,0.01105,0.28512,0.137,-0.00593,0.29404,0.71736
4423,1880.9,47659171,2917886,0.561,0.295,12432,10642,14390,0.00570544,0,0,0.0677,0.1314,0.2708,0.0914,0.01209,0.28204,0.13852,-0.00609,0.29721,0.69924
4424,1881.7,47669831,2918548,0.482,0.298,13674,10660,14390,0.00570225,0,0,0.0626,0.1135,0.2557,0.0502,0.0118,0.2851,0.12645,-0.00778,0.27653,0.70678
4425,1882.4,47680488,2919250,0.473,0.297,13833,10657,14410,0.00569905,0,0,0.0636,0.1136,0.2576,0.0385,0.01107,0.28545,0.13428,-0.00916,0.29497,0.71016
4426,1883.2,47691112,2919940,0.465,0.296,13951,10624,14369,0.00569585,0,0,0.0629,0.1109,0.2549,0.0367,0.01166,0.28383,0.135,-0.00796,0.29393,0.70301
4427,1883.9,47701697,2920600,0.453,0.295,14161,10585,14352,0.00569267,0,0,0.0605,0.1069,0.2472,0.0382,0.01103,0.28302,0.14253,-0.00811,0.30924,0.69936
4428,1884.7,47712321,2921272,0.46,0.296,14045,10624,14346,0.00568949,0,0,0.0626,0.1106,0.2524,0.0345,0.01167,0.28383,0.15049,-0.00775,0.32418,0.67597
4429,1885.5,47722890,2921952,0.483,0.293,13619,10569,14345,0.0056863,0,0,0.0608,0.1062,0.2408,0.075,0.01115,0.28141,0.13947,-0.00706,0.30094,0.69304
4430,1886.2,47733507,2922631,0.46,0.298,14018,10617,14370,0.00568313,0,0,0.0617,0.111,0.2491,0.038,0.01094,0.28591,0.14169,-0.00776,0.30673,0.68971
4431,1887.1,47744130,2923308,0.537,0.298,12716,10623,14362,0.00567995,0,0,0.0703,0.1484,0.2738,0.0448,0.01174,0.28577,0.13226,-0.00683,0.28617,0.70281
4432,1887.9,47754718,2923971,0.52,0.294,13011,10588,14345,0.00567676,0,0,0.0652,0.1177,0.2713,0.0658,0.01151,0.28145,0.13197,-0.00759,0.28693,0.68762
4433,1888.7,47765310,2924649,0.534,0.292,12836,10592,14358,0.00567358,0,0,0.0659,0.1242,0.2564,0.0872,0.01096,0.2801,0.12167,-0.00884,0.26893,0.69749
4434,1889.5,47775997,2925306,0.471,0.293,13988,10687,14408,0.00567041,0,0,0.0623,0.1139,0.254,0.0406,0.0111,0.28141,0.12333,-0.00922,0.27293,0.69146
4435,1890.3,47786637,2925983,0.504,0.291,13372,10640,14392,0.0056672,0,0,0.0622,0.1102,0.2599,0.0722,0.01112,0.27952,0.14678,-0.00747,0.31634,0.6904
4436,1891.0,47797270,2926658,0.464,0.291,14076,10633,14390,0.00566401,0,0,0.0636,0.111,0.2534,0.0364,0.01096,0.27939,0.13935,-0.00609,0.29873,0.69292
4437,1891.8,47807903,2927320,0.48,0.291,13786,10633,14404,0.00566082,0,0,0.0635,0.1141,0.2528,0.0496,0.01147,0.27895,0.12387,-0.00732,0.27036,0.70528
4438,1892.5,47818537,2927994,0.47,0.29,13992,10634,14399,0.00565763,0,0,0.0594,0.1044,0.2403,0.066,0.01196,0.27725,0.13156,-0.00657,0.28408,0.69182
4439,1893.3,47829154,2928688,0.446,0.289,14453,10617,14409,0.00565444,0,0,0.0591,0.1121,0.2409,0.034,0.0112,0.27678,0.12797,-0.00806,0.27983,0.68824
4440,1894.0,47839827,2929370,0.439,0.287,14697,10673,14421,0.00565125,0,0,0.0594,0.1054,0.2398,0.0341,0.01036,0.27656,0.12396,-0.00706,0.26971,0.67919
4441,1894.8,47850497,2930067,0.516,0.299,13090,10670,14427,0.00564805,0,0,0.0648,0.1164,0.2582,0.0771,0.01122,0.2868,0.12721,-0.00789,0.27795,0.68538
4442,1895.6,47861169,2930737,0.433,0.296,14657,10672,14424,0.00564485,0,0,0.0599,0.1024,0.238,0.0322,0.01123,0.28377,0.13099,-0.009,0.28757,0.67227
4443,1896.3,47871796,2931405,0.449,0.296,14268,10627,14373,0.00564165,0,0,0.0609,0.1081,0.2476,0.032,0.01059,0.28502,0.13802,-0.00722,0.29798,0.66515
4444,1897.1,47882474,2932069,0.465,0.298,13986,10678,14444,0.00563846,0,0,0.0626,0.1071,0.2462,0.0493,0.01084,0.28671,0.12862,-0.00677,0.27829,0.66599
4445,1897.8,47893169,2932738,0.455,0.294,14286,10695,14457,0.00563526,0,0,0.0586,0.1024,0.2399,0.0538,0.01053,0.28283,0.12978,-0.00793,0.28295,0.66664
4446,1898.6,47903812,2933401,0.445,0.297,14349,10643,14396,0.00563205,0,0,0.0602,0.1029,0.2378,0.0436,0.01156,0.28506,0.13554,-0.00449,0.28794,0.70026
4447,1899.4,47914498,2934064,0.504,0.294,13403,10686,14400,0.00562886,0,0,0.0621,0.1156,0.2447,0.0811,0.01085,0.28213,0.13393,-0.006,0.28759,0.68655
4448,1900.1,47925214,2934717,0.442,0.294,14557,10716,14427,0.00562565,0,0,0.0612,0.1056,0.2384,0.0367,0.01075,0.28289,0.13793,-0.00811,0.29967,0.67575
4449,1900.8,47935881,2935384,0.433,0.296,14628,10667,14431,0.00562244,0,0,0.0598,0.1036,0.2343,0.0356,0.01072,0.28454,0.1305,-0.00516,0.27911,0.69152
4450,1901.6,47946535,2936063,0.449,0.296,14294,10654,14408,0.00561924,0,0,0.0605,0.0998,0.2305,0.0581,0.01141,0.28449,0.1328,-0.00831,0.29018,0.70785
4451,1902.3,47957190,2936755,0.459,0.296,14113,10655,14446,0.00561604,0,0,0.0622,0.1094,0.2506,0.0369,0.01075,0.28414,0.12395,-0.00647,0.26914,0.73899
4452,1903.1,47967835,2937421,0.453,0.296,14214,10645,14400,0.00561284,0,0,0.0617,0.1091,0.2483,0.0337,0.01098,0.28446,0.14695,-0.00322,0.30814,0.69539
4453,1903.9,47978495,2938076,0.502,0.294,13389,10660,14427,0.00560965,0,0,0.0612,0.1069,0.25,0.0842,0.01046,0.28284,0.14889,-0.00829,0.32198,0.68038
4454,1904.7,47989179,2938745,0.441,0.294,14538,10684,14426,0.00560645,0,0,0.0618,0.1029,0.243,0.0331,0.01083,0.28278,0.12626,-0.00782,0.27582,0.68378
4455,1905.4,47999772,2939400,0.46,0.294,14047,10593,14374,0.00560325,0,0,0.0623,0.1157,0.2445,0.0379,0.01149,0.2816,0.13621,-0.00473,0.28963,0.69263
4456,1906.2,48010452,2940077,0.467,0.294,14047,10680,14419,0.00560007,0,0,0.0608,0.1082,0.244,0.0536,0.01092,0.28225,0.12111,-0.0071,0.26405,0.68104
4457,1906.9,48021091,2940735,0.446,0.295,14361,10639,14392,0.00559686,0,0,0.0597,0.105,0.2447,0.037,0.01134,0.28203,0.12443,-0.00898,0.27445,0.68192
4458,1907.6,48031728,2941382,0.427,0.294,14764,10637,14367,0.00559367,0,0,0.0586,0.0994,0.2382,0.0307,0.01131,0.28167,0.12834,-0.00717,0.27859,0.67737
4459,1908.4,48042397,2942028,0.456,0.294,14222,10669,14407,0.00559048,0,0,0.0598,0.1021,0.2402,0.0542,0.01095,0.28237,0.12593,-0.00852,0.27665,0.69283
4460,1909.2,48053053,2942680,0.468,0.31,13688,10656,14398,0.00558728,0,0,0.0635,0.1111,0.2541,0.0397,0.01239,0.29709,0.12768,-0.00859,0.28026,0.69012
4461,1910.0,48063728,2943328,0.489,0.301,13507,10675,14408,0.00558408,0,0,0.0635,0.1111,0.2629,0.0516,0.01142,0.28927,0.12304,-0.00745,0.26875,0.69571
4462,1910.7,48074336,2943984,0.48,0.297,13653,10608,14385,0.00558088,0,0,0.0643,0.1196,0.2563,0.0393,0.01125,0.28559,0.1148,-0.00612,0.24942,0.67946
4463,1911.6,48084939,2944664,0.55,0.295,12545,10603,14366,0.0055777,0,0,0.0674,0.1262,0.2734,0.0831,0.01132,0.28318,0.11906,-0.0073,0.26043,0.69078
4464,1912.3,48095563,2945339,0.453,0.297,14176,10624,14415,0.00557452,0,0,0.0619,0.108,0.245,0.0376,0.01219,0.28411,0.11095,-0.00695,0.24376,0.71246
4465,1913.1,48106206,2946002,0.474,0.305,13663,10643,14405,0.00557133,0,0,0.0658,0.1167,0.2542,0.0373,0.01088,0.29351,0.12072,-0.00912,0.26758,0.70794
4466,1913.9,48116801,2946677,0.48,0.296,13661,10595,14337,0.00556814,0,0,0.0663,0.1099,0.2528,0.0509,0.01165,0.28343,0.13078,-0.00641,0.28204,0.68692
4467,1914.6,48127463,2947360,0.452,0.299,14200,10662,14425,0.00556496,0,0,0.0619,0.1051,0.2483,0.0368,0.01104,0.28678,0.13685,-0.00508,0.29159,0.69385
4468,1915.4,48138103,2948049,0.444,0.299,14313,10640,14403,0.00556176,0,0,0.061,0.1034,0.2463,0.0337,0.0105,0.28762,0.12262,-0.00638,0.26591,0.71063
4469,1916.2,48148761,2948744,0.521,0.294,13072,10658,14426,0.00555857,0,0,0.0639,0.1196,0.2644,0.073,0.01125,0.28246,0.11598,-0.00772,0.25512,0.6943
4470,1917.0,48159447,2949428,0.476,0.3,13773,10686,14449,0.00555537,0,0,0.0647,0.1173,0.2581,0.0355,0.01115,0.28821,0.1208,-0.00679,0.26281,0.68594
4471,1917.9,48170127,2950108,0.583,0.297,12130,10680,14441,0.00555217,0,0,0.0795,0.1664,0.2944,0.043,0.01131,0.28528,0.12133,-0.00795,0.26661,0.72424
4472,1918.7,48180823,2950777,0.517,0.295,13176,10696,14447,0.00554896,0,0,0.0695,0.1232,0.2633,0.0608,0.01134,0.28295,0.11544,-0.00755,0.2539,0.71483
4473,1919.4,48191493,2951469,0.458,0.29,14267,10670,14473,0.00554575,0,0,0.0651,0.1079,0.2497,0.0353,0.01047,0.27883,0.11979,-0.00651,0.26053,0.7134
4474,1920.2,48202181,2952152,0.453,0.288,14432,10688,14439,0.00554255,0,0,0.0598,0.1072,0.2503,0.0357,0.01141,0.27539,0.1248,-0.0078,0.27288,0.69389
4475,1921.0,48212833,2952827,0.524,0.286,13155,10652,14393,0.00553935,0,0,0.0677,0.1263,0.2534,0.0767,0.01034,0.27471,0.12104,-0.00823,0.26615,0.68678
4476,1921.7,48223475,2953496,0.467,0.289,14077,10642,14400,0.00553615,0,0,0.0587,0.1094,0.2445,0.0548,0.0114,0.27629,0.11933,-0.00667,0.25954,0.68046
4477,1922.5,48234109,2954172,0.464,0.288,14144,10634,14408,0.00553296,0,0,0.0612,0.1091,0.2446,0.0495,0.01159,0.2754,0.11879,-0.00765,0.26064,0.70073
4478,1923.3,48244769,2954865,0.487,0.289,13737,10660,14426,0.00552977,0,0,0.062,0.1102,0.2511,0.0639,0.01035,0.27769,0.12566,-0.00858,0.27645,0.72182
4479,1924.0,48255436,2955555,0.471,0.291,13988,10667,14441,0.00552657,0,0,0.0629,0.1141,0.2482,0.0461,0.01178,0.27899,0.12469,-0.00816,0.27357,0.71202
4480,1924.8,48266020,2956241,0.453,0.288,14288,10584,14350,0.00552337,0,0,0.0618,0.1051,0.2502,0.0358,0.01132,0.27585,0.12678,-0.00766,0.27674,0.71111
4481,1925.6,48276624,2956906,0.534,0.291,12855,10604,14377,0.00552019,0,0,0.0676,0.1137,0.2653,0.0873,0.01185,0.27846,0.12493,-0.00779,0.27333,0.71569
4482,1926.3,48287236,2957565,0.459,0.299,14002,10612,14374,0.00551701,0,0,0.0625,0.1087,0.2526,0.0348,0.01187,0.28675,0.1265,-0.00889,0.27868,0.71564
4483,1927.2,48297896,2958239,0.532,0.301,12804,10660,14408,0.00551383,0,0,0.0746,0.1312,0.2821,0.0439,0.01064,0.2896,0.13441,-0.00898,0.29473,0.71995
4484,1927.9,48308470,2958900,0.464,0.302,13805,10574,14334,0.00551063,0,0,0.0652,0.1075,0.2575,0.0343,0.01097,0.28987,0.13714,-0.00582,0.29382,0.71785
4485,1928.7,48318998,2959589,0.477,0.304,13483,10528,14293,0.00550746,0,0,0.0647,0.111,0.2541,0.0475,0.01173,0.29117,0.14611,-0.00617,0.31256,0.72639
4486,1929.5,48329576,2960262,0.511,0.3,13039,10578,14304,0.0055043,0,0,0.0688,0.1293,0.2756,0.0374,0.01169,0.28791,0.13406,-0.00631,0.28873,0.72567
4487,1930.3,48340157,2960929,0.505,0.296,13204,10581,14344,0.00550113,0,0,0.0654,0.1164,0.2437,0.0795,0.0117,0.28407,0.14187,-0.00838,0.30846,0.72389
4488,1931.1,48350784,2961601,0.446,0.295,14330,10627,14402,0.00549795,0,0,0.0627,0.1032,0.2413,0.0389,0.01065,0.28418,0.14159,-0.00916,0.3095,0.72776
4489,1931.8,48361366,2962287,0.45,0.297,14171,10582,14362,0.00549476,0,0,0.0631,0.1059,0.2425,0.0379,0.01099,0.28529,0.1262,-0.00563,0.27161,0.72415
4490,1932.6,48371940,2962957,0.465,0.304,13765,10574,14337,0.00549159,0,0,0.0639,0.1143,0.2469,0.0395,0.01179,0.29121,0.12971,-0.00763,0.28264,0.72508
4491,1933.4,48382501,2963644,0.513,0.301,12980,10561,14343,0.00548842,0,0,0.0684,0.123,0.2723,0.0493,0.01151,0.28848,0.12403,-0.00731,0.27054,0.71677
4492,1934.2,48393090,2964335,0.476,0.302,13611,10589,14350,0.00548525,0,0,0.0655,0.1167,0.2565,0.0371,0.01137,0.29015,0.12653,-0.00888,0.27883,0.72885
4493,1935.1,48403661,2964997,0.57,0.3,12159,10571,14324,0.00548207,0,0,0.0707,0.1228,0.2863,0.0901,0.01194,0.2867,0.12848,-0.00921,0.28316,0.70906
4494,1935.8,48414234,2965688,0.476,0.297,13688,10573,14331,0.0054789,0,0,0.0666,0.1127,0.2604,0.0358,0.01194,0.28439,0.13495,-0.00831,0.29451,0.72826
4495,1936.6,48424826,2966347,0.516,0.303,12935,10592,14332,0.00547573,0,0,0.0672,0.1382,0.2683,0.0422,0.0113,0.29099,0.12648,-0.00927,0.2794,0.71975
4496,1937.4,48435413,2967017,0.483,0.298,13567,10587,14330,0.00547255,0,0,0.066,0.1126,0.2531,0.0509,0.01206,0.28514,0.12448,-0.00806,0.27284,0.70935
4497,1938.2,48446008,2967689,0.449,0.296,14228,10595,14333,0.00546938,0,0,0.0627,0.1062,0.2429,0.0369,0.01141,0.28405,0.12519,-0.00718,0.27238,0.69938
4498,1938.9,48456567,2968362,0.445,0.3,14171,10559,14319,0.0054662,0,0,0.061,0.1047,0.248,0.0316,0.01184,0.28718,0.12765,-0.00876,0.28055,0.70671
4499,1939.7,48467120,2969019,0.488,0.299,13424,10553,14323,0.00546303,0,0,0.0627,0.1065,0.2465,0.0719,0.01155,0.28642,0.12354,-0.00905,0.2729,0.70546
4500,1940.5,48477706,2969694,0.461,0.302,13886,10586,14372,0.00545986,0,0,0.0626,0.106,0.247,0.0452,0.01193,0.28895,0.1196,-0.00721,0.26134,0.70796
4501,1941.2,48488361,2970359,0.479,0.295,13767,10655,14384,0.00545669,0,0,0.0635,0.1093,0.2462,0.0602,0.01159,0.28256,0.12413,-0.00692,0.26959,0.68595
4502,1942.1,48499017,2971012,0.513,0.295,13188,10656,14372,0.00545349,0,0,0.0642,0.1161,0.2578,0.0748,0.01071,0.28396,0.13352,-0.00982,0.2939,0.66303
4503,1942.9,48509687,2971654,0.457,0.295,14199,10670,14372,0.00545029,0,0,0.0594,0.1119,0.25,0.0356,0.01104,0.28292,0.14125,-0.00745,0.30465,0.6651
4504,1943.6,48520297,2972311,0.436,0.294,14521,10610,14327,0.00544709,0,0,0.0589,0.1033,0.2414,0.0328,0.01105,0.28249,0.13504,-0.00767,0.29274,0.673
4505,1944.4,48530910,2972954,0.461,0.297,13995,10613,14317,0.00544391,0,0,0.0603,0.1044,0.2401,0.0566,0.01134,0.28476,0.13209,-0.00627,0.28411,0.67994
4506,1945.1,48541539,2973584,0.442,0.296,14398,10629,14349,0.00544073,0,0,0.0616,0.1057,0.2432,0.0317,0.01188,0.28362,0.13435,-0.00892,0.29397,0.6819
4507,1945.9,48552190,2974238,0.473,0.298,13820,10651,14378,0.00543754,0,0,0.065,0.111,0.2621,0.035,0.01103,0.28595,0.1341,-0.01005,0.29561,0.67142
4508,1946.6,48562785,2974885,0.458,0.299,13983,10595,14317,0.00543434,0,0,0.0621,0.1081,0.2535,0.0346,0.01168,0.28688,0.12887,-0.00742,0.27974,0.65924
4509,1947.5,48573449,2975539,0.558,0.293,12529,10664,14369,0.00543116,0,0,0.069,0.1415,0.2676,0.0797,0.01084,0.28191,0.13517,-0.00871,0.29485,0.6534
4510,1948.3,48584051,2976189,0.499,0.293,13372,10602,14303,0.00542797,0,0,0.0584,0.1037,0.2397,0.0976,0.0116,0.28129,0.14992,-0.00767,0.3222,0.64545
4511,1949.0,48594702,2976823,0.459,0.294,14134,10651,14345,0.00542478,0,0,0.0541,0.1092,0.2262,0.0698,0.01131,0.28236,0.13995,-0.00666,0.30013,0.63741
4512,1949.7,48605300,2977470,0.42,0.296,14798,10598,14343,0.00542159,0,0,0.0542,0.1001,0.2302,0.0354,0.01203,0.28365,0.14601,-0.00919,0.31738,0.64303
4513,1950.5,48615964,2978114,0.431,0.294,14706,10664,14372,0.00541841,0,0,0.0549,0.1042,0.2353,0.0364,0.0112,0.28254,0.14185,-0.00951,0.30969,0.64166
4514,1951.2,48626618,2978759,0.415,0.293,15039,10654,14380,0.00541521,0,0,0.054,0.0968,0.2253,0.0393,0.01103,0.28137,0.14658,-0.00723,0.31466,0.65039
4515,1951.9,48637247,2979391,0.413,0.291,15115,10629,14340,0.00541201,0,0,0.053,0.0967,0.2299,0.0331,0.01077,0.2785,0.13946,-0.00836,0.30264,0.64672
4516,1952.6,48647892,2980023,0.409,0.293,15173,10645,14330,0.00540883,0,0,0.0546,0.0946,0.229,0.0305,0.01062,0.28176,0.13901,-0.00612,0.29709,0.63164
4517,1953.3,48658557,2980673,0.451,0.289,14403,10665,14363,0.00540563,0,0,0.0547,0.0956,0.2337,0.0671,0.01138,0.27748,0.15555,-0.00745,0.33274,0.62363
4518,1954.0,48669243,2981304,0.422,0.286,15098,10686,14370,0.00540243,0,0,0.0557,0.099,0.2357,0.0314,0.01136,0.27402,0.14936,-0.00635,0.31818,0.62457
4519,1954.7,48679897,2981936,0.422,0.285,15080,10654,14357,0.00539923,0,0,0.0545,0.1009,0.2319,0.0343,0.01075,0.27365,0.13629,-0.00829,0.29603,0.63617
4520,1955.4,48690534,2982585,0.419,0.284,15143,10637,14331,0.00539603,0,0,0.0521,0.0926,0.224,0.05,0.01051,0.27272,0.145,-0.00666,0.31021,0.63833
4521,1956.1,48701132,2983235,0.39,0.286,15684,10598,14328,0.00539284,0,0,0.0507,0.0905,0.2169,0.0318,0.01109,0.27421,0.14219,-0.0076,0.30629,0.622
4522,1956.8,48711799,2983883,0.373,0.286,16187,10667,14381,0.00538966,0,0,0.0485,0.0876,0.2111,0.0262,0.01137,0.27336,0.13764,-0.00752,0.29697,0.61661
4523,1957.5,48722399,2984528,0.398,0.287,15472,10600,14301,0.00538646,0,0,0.0501,0.0894,0.2138,0.0447,0.0108,0.27588,0.1386,-0.00817,0.30032,0.62881
4524,1958.2,48733001,2985173,0.391,0.299,15352,10602,14306,0.00538328,0,0,0.0506,0.0907,0.2194,0.0304,0.01018,0.28863,0.13764,-0.00643,0.29489,0.62669
4525,1958.9,48743607,2985823,0.408,0.298,15020,10606,14303,0.0053801,0,0,0.0519,0.0919,0.2176,0.0469,0.01164,0.28565,0.13921,-0.00754,0.3001,0.61357
4526,1959.5,48754215,2986476,0.38,0.295,15732,10608,14297,0.00537692,0,0,0.0491,0.0869,0.2119,0.0318,0.01104,0.2829,0.15736,-0.00558,0.33249,0.61484
4527,1960.3,48764804,2987119,0.447,0.297,14232,10589,14286,0.00537374,0,0,0.0523,0.0987,0.2251,0.0709,0.01137,0.28487,0.14163,-0.00635,0.30251,0.61081
4528,1961.0,48775342,2987774,0.391,0.301,15216,10538,14274,0.00537056,0,0,0.0505,0.0908,0.2166,0.0334,0.01072,0.29,0.14892,-0.00624,0.31703,0.62455
4529,1961.6,48786006,2988427,0.384,0.292,15792,10664,14383,0.0053674,0,0,0.049,0.0891,0.2146,0.031,0.01037,0.2806,0.14743,-0.00647,0.3146,0.63141
4530,1962.4,48796654,2989095,0.432,0.297,14593,10648,14364,0.0053642,0,0,0.0565,0.1,0.2369,0.0388,0.01129,0.28552,0.15175,-0.00536,0.32099,0.63013
4531,1963.1,48807279,2989743,0.388,0.297,15504,10625,14342,0.005361,0,0,0.0503,0.0878,0.2179,0.0324,0.01052,0.28582,0.14966,-0.0051,0.31624,0.6278
4532,1963.8,48817934,2990388,0.421,0.296,14873,10655,14354,0.00535782,0,0,0.0564,0.0969,0.2321,0.0354,0.01054,0.28451,0.15981,-0.00769,0.34155,0.61135
4533,1964.5,48828558,2991022,0.461,0.299,13976,10624,14331,0.00535462,0,0,0.0563,0.0966,0.2375,0.0708,0.01145,0.28695,0.14878,-0.00654,0.31716,0.60779
4534,1965.2,48839288,2991680,0.401,0.293,15456,10730,14406,0.00535143,0,0,0.0504,0.093,0.2266,0.0309,0.01077,0.28188,0.14911,-0.00695,0.31852,0.59857
4535,1965.9,48849873,2992337,0.402,0.298,15118,10585,14310,0.00534821,0,0,0.0492,0.0975,0.2218,0.0339,0.01108,0.28621,0.14553,-0.00664,0.3109,0.61444
4536,1966.7,48860572,2992993,0.435,0.297,14619,10699,14393,0.00534504,0,0,0.0536,0.0956,0.2285,0.0573,0.01099,0.28522,0.16212,-0.00594,0.34249,0.59614
4537,1967.4,48871196,2993644,0.425,0.306,14528,10624,14328,0.00534183,0,0,0.0554,0.1012,0.2305,0.038,0.01239,0.29314,0.15344,-0.00546,0.32415,0.59461
4538,1968.2,48881824,2994286,0.449,0.301,14161,10628,14329,0.00533864,0,0,0.0614,0.1062,0.2501,0.0317,0.01163,0.28846,0.13803,-0.00747,0.29734,0.5941
4539,1969.0,48892448,2994931,0.558,0.299,12393,10624,14352,0.00533545,0,0,0.0661,0.1257,0.27,0.0964,0.0112,0.28704,0.14184,-0.00656,0.30318,0.59838
4540,1969.8,48903058,2995587,0.487,0.299,13499,10610,14319,0.00533227,0,0,0.0587,0.1134,0.2432,0.072,0.01071,0.28712,0.14495,-0.00706,0.31034,0.59139
4541,1970.5,48913664,2996222,0.441,0.296,14396,10606,14329,0.00532908,0,0,0.0514,0.0955,0.2236,0.0706,0.01067,0.28433,0.14383,-0.00599,0.30586,0.58431
4542,1971.2,48924317,2996845,0.417,0.297,14926,10653,14343,0.0053259,0,0,0.0547,0.0998,0.2306,0.0316,0.01032,0.28626,0.13718,-0.00744,0.29533,0.57107
4543,1972.0,48934955,2997493,0.446,0.296,14339,10638,14345,0.0053227,0,0,0.0529,0.1008,0.2244,0.0682,0.01085,0.28397,0.15231,-0.00481,0.32022,0.56196
4544,1972.7,48945576,2998129,0.43,0.303,14481,10621,14311,0.00531951,0,0,0.0572,0.099,0.2338,0.0402,0.01126,0.29122,0.15601,-0.00566,0.3294,0.57085
4545,1973.4,48956226,2998769,0.404,0.302,15078,10650,14340,0.00531633,0,0,0.0518,0.0947,0.2256,0.0321,0.01043,0.29115,0.14796,-0.00613,0.31434,0.57896
4546,1974.1,48966805,2999403,0.414,0.3,14820,10579,14283,0.00531313,0,0,0.0538,0.0994,0.2307,0.0298,0.01094,0.28869,0.13971,-0.00464,0.29491,0.58562
4547,1974.8,48977396,3000056,0.405,0.297,15078,10591,14296,0.00530996,0,0,0.0527,0.094,0.2276,0.0308,0.01039,0.28646,0.13801,-0.00708,0.29635,0.58217
4548,1975.5,48988033,3000693,0.404,0.296,15194,10637,14349,0.00530678,0,0,0.0528,0.0948,0.225,0.031,0.01107,0.28481,0.13993,-0.00737,0.30083,0.58897
4549,1976.3,48998676,3001334,0.46,0.303,13946,10643,14365,0.00530359,0,0,0.0544,0.0967,0.2368,0.072,0.01198,0.29068,0.14997,-0.00824,0.32263,0.58475
4550,1977.1,49009368,3001986,0.496,0.302,13398,10692,14403,0.0053004,0,0,0.0634,0.1225,0.2626,0.0475,0.01138,0.28997,0.15069,-0.00575,0.31899,0.5775
4551,1977.8,49020041,3002607,0.439,0.296,14520,10673,14315,0.00529719,0,0,0.0541,0.1114,0.2384,0.0351,0.01128,0.28406,0.14784,-0.00736,0.31623,0.55163
4552,1978.7,49030730,3003219,0.44,0.296,14509,10689,14342,0.00529399,0,0,0.0553,0.0995,0.2303,0.0551,0.01045,0.28535,0.15757,-0.00679,0.33445,0.54227
4553,1979.4,49041414,3003855,0.408,0.301,15086,10684,14321,0.00529078,0,0,0.0536,0.0974,0.2251,0.0314,0.01037,0.28976,0.15471,-0.00578,0.32664,0.53443
4554,1980.1,49052045,3004489,0.433,0.298,14555,10631,14285,0.00528758,0,0,0.0575,0.1039,0.2415,0.0297,0.01156,0.28562,0.14401,-0.00644,0.30659,0.53758
4555,1980.8,49062727,3005104,0.426,0.292,14870,10682,14326,0.00528439,0,0,0.0517,0.0916,0.2259,0.057,0.0109,0.28072,0.15344,-0.0063,0.32523,0.54455
4556,1981.5,49073385,3005736,0.383,0.292,15788,10658,14311,0.00528118,0,0,0.048,0.0852,0.2179,0.0316,0.0113,0.28047,0.14822,-0.00607,0.31416,0.52738
4557,1982.2,49084004,3006354,0.397,0.293,15383,10619,14258,0.00527798,0,0,0.0492,0.0859,0.2174,0.0448,0.01136,0.281,0.15209,-0.007,0.32383,0.53546
4558,1982.9,49094626,3006980,0.443,0.292,14448,10622,14251,0.0052748,0,0,0.0531,0.0946,0.2316,0.0637,0.01068,0.28086,0.15175,-0.00295,0.31515,0.54458
4559,1983.6,49105272,3007614,0.434,0.289,14737,10646,14303,0.00527161,0,0,0.0549,0.1008,0.2319,0.0462,0.01113,0.27673,0.14478,-0.00697,0.30931,0.55021
4560,1984.4,49115953,3008238,0.427,0.294,14818,10681,14331,0.00526842,0,0,0.0487,0.0897,0.2152,0.0729,0.01049,0.28327,0.14126,-0.00761,0.30352,0.5479
4561,1985.1,49126551,3008881,0.498,0.293,13391,10598,14226,0.00526521,0,0,0.0611,0.1134,0.2518,0.072,0.01141,0.28122,0.14362,-0.00793,0.30884,0.54541
4562,1985.9,49137166,3009521,0.422,0.286,14996,10615,14292,0.00526203,0,0,0.0544,0.1004,0.2372,0.0296,0.01099,0.27473,0.14386,-0.00691,0.30726,0.54419
4563,1986.5,49147805,3010156,0.404,0.284,15466,10639,14271,0.00525885,0,0,0.0514,0.0899,0.2193,0.043,0.01073,0.27295,0.15269,-0.0078,0.32669,0.54269
4564,1987.2,49158462,3010810,0.393,0.286,15702,10657,14311,0.00525566,0,0,0.0479,0.0862,0.2161,0.0425,0.01096,0.27445,0.14535,-0.00621,0.30917,0.57616
4565,1987.9,49169096,3011463,0.389,0.29,15643,10634,14279,0.00525246,0,0,0.0499,0.0883,0.215,0.0362,0.01094,0.27887,0.14326,-0.00798,0.30857,0.57888
4566,1988.6,49179774,3012109,0.387,0.285,15901,10678,14331,0.00524927,0,0,0.0504,0.0881,0.2188,0.0294,0.01055,0.27384,0.14789,-0.0071,0.31579,0.55266
4567,1989.3,49190428,3012757,0.433,0.291,14709,10654,14312,0.00524607,0,0,0.0496,0.0938,0.2187,0.0708,0.01086,0.28001,0.14503,-0.0083,0.31241,0.54794
4568,1990.0,49201151,3013410,0.422,0.3,14858,10723,14353,0.00524287,0,0,0.0547,0.0974,0.2327,0.0368,0.01088,0.28866,0.15757,-0.00505,0.33091,0.54183
4569,1990.7,49211842,3014044,0.432,0.297,14665,10691,14340,0.00523965,0,0,0.057,0.1051,0.2363,0.0337,0.01154,0.28486,0.15023,-0.00574,0.31768,0.54772
4570,1991.5,49222483,3014702,0.405,0.298,15128,10641,14291,0.00523645,0,0,0.0524,0.0921,0.2227,0.0382,0.01094,0.28643,0.15517,-0.0053,0.32685,0.5642
4571,1992.1,49233098,3015323,0.394,0.295,15393,10615,14280,0.00523326,0,0,0.0519,0.0908,0.2199,0.0316,0.01057,0.28425,0.14773,-0.00834,0.31769,0.53064
4572,1992.8,49243756,3015991,0.408,0.296,15131,10658,14296,0.00523007,0,0,0.0533,0.0922,0.2274,0.035,0.01136,0.28457,0.15047,-0.00703,0.32075,0.55063
4573,1993.6,49254420,3016651,0.447,0.304,14197,10664,14330,0.00522687,0,0,0.0554,0.0953,0.2305,0.0658,0.01135,0.29216,0.16027,-0.00794,0.34219,0.55164
4574,1994.3,49265107,3017281,0.411,0.298,15077,10687,14340,0.00522367,0,0,0.0552,0.0952,0.2285,0.0316,0.01042,0.28732,0.14659,-0.00773,0.31457,0.568
4575,1995.0,49275839,3017940,0.441,0.293,14612,10732,14360,0.00522047,0,0,0.0579,0.1026,0.237,0.044,0.01071,0.28172,0.1484,-0.00798,0.31874,0.57212
4576,1995.8,49286553,3018577,0.442,0.294,14568,10714,14344,0.00521725,0,0,0.0577,0.1019,0.2329,0.0491,0.01037,0.28275,0.14345,-0.00734,0.30747,0.56488
4577,1996.5,49297268,3019241,0.416,0.294,15089,10715,14398,0.00521403,0,0,0.0568,0.0979,0.2277,0.0336,0.01068,0.28269,0.14398,-0.00584,0.30574,0.58371
4578,1997.2,49307990,3019877,0.41,0.295,15208,10722,14351,0.00521082,0,0,0.0556,0.0942,0.2269,0.0333,0.01136,0.28309,0.14864,-0.00762,0.31848,0.57131
4579,1997.9,49318689,3020522,0.427,0.295,14811,10699,14349,0.0052076,0,0,0.0574,0.0971,0.2293,0.0436,0.01198,0.28233,0.14522,-0.00597,0.30828,0.56622
4580,1998.6,49329369,3021178,0.433,0.298,14613,10680,14350,0.00520439,0,0,0.0585,0.1054,0.237,0.0321,0.01177,0.2853,0.14354,-0.00912,0.31124,0.5686
4581,1999.4,49340042,3021830,0.444,0.297,14399,10673,14287,0.00520119,0,0,0.0579,0.1005,0.2371,0.0482,0.01103,0.28586,0.13939,-0.00785,0.30031,0.56055
4582,2000.1,49350766,3022483,0.42,0.3,14884,10724,14353,0.00519799,0,0,0.0561,0.0993,0.2305,0.0343,0.0107,0.28904,0.1482,-0.00654,0.31532,0.56119
4583,2000.9,49361440,3023126,0.45,0.295,14336,10674,14326,0.00519477,0,0,0.0565,0.1071,0.2299,0.0561,0.0108,0.28335,0.14786,-0.00789,0.31752,0.57781
4584,2001.6,49372120,3023759,0.455,0.294,14249,10680,14337,0.00519157,0,0,0.0593,0.1109,0.238,0.0473,0.01052,0.2828,0.14491,-0.00545,0.30687,0.5912
4585,2002.4,49382867,3024408,0.492,0.299,13576,10747,14384,0.00518836,0,0,0.0582,0.1238,0.2326,0.0778,0.01213,0.28654,0.14572,-0.00538,0.30844,0.60117
4586,2003.1,49393601,3025045,0.417,0.294,15092,10734,14357,0.00518514,0,0,0.0562,0.101,0.2298,0.0304,0.0109,0.28231,0.1431,-0.00507,0.30269,0.61282
4587,2003.8,49404336,3025694,0.409,0.294,15280,10735,14372,0.00518192,0,0,0.0556,0.096,0.2245,0.0327,0.01116,0.28195,0.14164,-0.008,0.30563,0.61275
4588,2004.5,49415042,3026337,0.418,0.298,14959,10706,14357,0.0051787,0,0,0.0568,0.1012,0.2286,0.0316,0.01115,0.28583,0.13851,-0.00916,0.30175,0.61824
4589,2005.3,49425780,3026973,0.452,0.297,14352,10738,14369,0.00517549,0,0,0.058,0.1012,0.2357,0.0567,0.01058,0.2854,0.13992,-0.00721,0.30044,0.59756
4590,2006.0,49436438,3027626,0.421,0.294,14903,10658,14313,0.00517227,0,0,0.0568,0.0983,0.231,0.0347,0.011,0.28265,0.12635,-0.00873,0.27664,0.62795
4591,2006.7,49447173,3028279,0.433,0.301,14620,10735,14397,0.00516907,0,0,0.0581,0.1073,0.2297,0.0382,0.01143,0.28913,0.1453,-0.00833,0.31359,0.61171
4592,2007.5,49457850,3028926,0.441,0.292,14557,10677,14327,0.00516585,0,0,0.0556,0.0982,0.233,0.0545,0.01022,0.28131,0.13666,-0.0061,0.29183,0.60958
4593,2008.2,49468529,3029577,0.414,0.292,15130,10679,14300,0.00516265,0,0,0.0551,0.1,0.2269,0.032,0.01057,0.28068,0.13695,-0.00885,0.29787,0.60862
4594,2008.9,49479221,3030225,0.404,0.292,15347,10692,14339,0.00515944,0,0,0.0539,0.0944,0.223,0.0329,0.01111,0.28078,0.13563,-0.00684,0.29112,0.59898
4595,2009.6,49489867,3030859,0.449,0.293,14342,10646,14295,0.00515623,0,0,0.0554,0.0973,0.2337,0.0624,0.0115,0.28119,0.12995,-0.00829,0.28267,0.60114
4596,2010.3,49500573,3031529,0.408,0.292,15279,10706,14352,0.00515304,0,0,0.0555,0.0941,0.2278,0.031,0.01042,0.28131,0.13099,-0.008,0.28429,0.61062
4597,2011.0,49511242,3032196,0.423,0.292,14932,10669,14326,0.00514983,0,0,0.0548,0.0947,0.2262,0.0472,0.01097,0.28006,0.13501,-0.00573,0.28781,0.61465
4598,2011.8,49521916,3032863,0.445,0.292,14484,10674,14327,0.00514663,0,0,0.0549,0.0962,0.2297,0.0643,0.01048,0.28043,0.14128,-0.00797,0.30476,0.60916
4599,2012.5,49532615,3033525,0.432,0.294,14743,10699,14373,0.00514343,0,0,0.0581,0.1103,0.2286,0.0345,0.0121,0.28138,0.13491,-0.0072,0.29055,0.61628
4600,2013.2,49543317,3034181,0.401,0.297,15331,10702,14387,0.00514022,0,0,0.0548,0.0945,0.222,0.0298,0.01088,0.28556,0.13704,-0.00917,0.29866,0.60895
